time,solar_cf,onshore_wind_cf,offshore_wind_cf,combined_cf,cf_ma,is_drought
1981-01-01 00:00:00,0.0,0.70071137,0.6111882,0.29156665670871734,0.2945962166177966,False
1981-01-01 01:00:00,0.0,0.72141033,0.6271985,0.3000691332221031,0.29273338962783296,False
1981-01-01 02:00:00,0.0,0.7304856,0.6240653,0.30324871820211413,0.2905983430265375,False
1981-01-01 03:00:00,0.0,0.7592731,0.6549981,0.31554167693853374,0.28823155631003156,False
1981-01-01 04:00:00,0.0,0.788896,0.67866874,0.32775074476003646,0.28576294846897204,False
1981-01-01 05:00:00,0.0,0.7984007,0.6748293,0.3310506407618523,0.2830075461777784,False
1981-01-01 06:00:00,0.0,0.7727702,0.63771427,0.31958878380060196,0.27987851578061657,False
1981-01-01 07:00:00,1.0949036e-06,0.7349753,0.5961137,0.3033966482975259,0.2765040355927237,False
1981-01-01 08:00:00,0.0054660467,0.7185576,0.5807428,0.2996617718962953,0.27290936416369543,False
1981-01-01 09:00:00,0.044249754,0.7415235,0.61204934,0.3322049457840621,0.269153384079831,False
1981-01-01 10:00:00,0.0965344,0.61038256,0.50371736,0.3081322505772114,0.26562506777628664,False
1981-01-01 11:00:00,0.1367609,0.6078253,0.49625817,0.32999651159346105,0.26270707065401006,False
1981-01-01 12:00:00,0.16279404,0.66805685,0.5615384,0.3707682098597288,0.2602700802440758,False
1981-01-01 13:00:00,0.149985,0.69414085,0.5899757,0.3745380080789327,0.25808568090889633,False
1981-01-01 14:00:00,0.105748564,0.76700485,0.66713536,0.38006701949238775,0.2554730637047753,False
1981-01-01 15:00:00,0.044623204,0.68588805,0.5741512,0.3098444454148412,0.2524872897410768,False
1981-01-01 16:00:00,0.0033086834,0.6165263,0.51565164,0.25725250585353937,0.24921069870359913,False
1981-01-01 17:00:00,0.0,0.6337129,0.5387726,0.2629337750673294,0.24594149926160683,False
1981-01-01 18:00:00,0.0,0.63488245,0.54280365,0.2635830209255219,0.24297128096823803,False
1981-01-01 19:00:00,0.0,0.6110635,0.521711,0.25365481781959537,0.2404222309910249,False
1981-01-01 20:00:00,0.0,0.58599234,0.4993208,0.2431944955587387,0.23834329504561833,False
1981-01-01 21:00:00,0.0,0.55492336,0.4744445,0.2303867216706276,0.23670424735215714,False
1981-01-01 22:00:00,0.0,0.53718793,0.4558198,0.22283661603927613,0.23554882255238704,False
1981-01-01 23:00:00,0.0,0.51109636,0.4288141,0.211750518321991,0.23424661571947147,False
1981-01-02 00:00:00,0.0,0.4883956,0.40616637,0.2021509611904621,0.23365017596301843,False
1981-01-02 01:00:00,0.0,0.45736837,0.37621278,0.18908441984653473,0.23376361933392695,False
1981-01-02 02:00:00,0.0,0.4307727,0.35195872,0.17796089431643486,0.23416482387897777,False
1981-01-02 03:00:00,0.0,0.41911873,0.34108645,0.1730734803378582,0.23465915050772237,False
1981-01-02 04:00:00,0.0,0.38572642,0.31433883,0.15930734673142433,0.23489861052897978,False
1981-01-02 05:00:00,0.0,0.34199843,0.28103292,0.14137319764494893,0.2349141736332815,False
1981-01-02 06:00:00,0.0,0.31324285,0.25935176,0.12959160768985747,0.23479167465535214,False
1981-01-02 07:00:00,8.355844e-07,0.28799587,0.2361383,0.11902242811536302,0.234909464221869,False
1981-01-02 08:00:00,0.005302273,0.26259628,0.20966989,0.11127961268322542,0.23544800377045463,False
1981-01-02 09:00:00,0.036014494,0.24589917,0.19796884,0.12220747413858771,0.23626578505969856,False
1981-01-02 10:00:00,0.07299916,0.26515913,0.21367708,0.15150279483944176,0.23676996725072094,False
1981-01-02 11:00:00,0.08953903,0.29828694,0.23813361,0.17459111703187227,0.23794414849917034,False
1981-01-02 12:00:00,0.08786521,0.3300747,0.26332775,0.18671548862010237,0.2391159594468394,False
1981-01-02 13:00:00,0.067907535,0.307947,0.24714698,0.16616103091090917,0.23978001821440895,False
1981-01-02 14:00:00,0.043675043,0.2985476,0.23861007,0.1482495064511895,0.24055009057306934,False
1981-01-02 15:00:00,0.013492268,0.30753052,0.24123122,0.13429028690978884,0.24105683626905952,False
1981-01-02 16:00:00,0.0009895624,0.32635662,0.25275025,0.13464508349308743,0.2426602871085449,False
1981-01-02 17:00:00,0.0,0.3628357,0.27981117,0.14899617862701417,0.2450025346335882,False
1981-01-02 18:00:00,0.0,0.41190737,0.31885993,0.16921225780248642,0.24709982073874415,False
1981-01-02 19:00:00,0.0,0.4662126,0.36565337,0.19177773132920264,0.2489329930749649,False
1981-01-02 20:00:00,0.0,0.5171429,0.4086415,0.21289236742258072,0.25054262079120815,False
1981-01-02 21:00:00,0.0,0.5735995,0.45274156,0.23610626631975173,0.2518721850161368,False
1981-01-02 22:00:00,0.0,0.5566393,0.43816337,0.2290607287287712,0.2530404697229081,False
1981-01-02 23:00:00,0.0,0.6382196,0.5080466,0.26293754839897154,0.25351489389137566,False
1981-01-03 00:00:00,0.0,0.7199188,0.58077604,0.29701193851232527,0.2538265794982129,False
1981-01-03 01:00:00,0.0,0.77273285,0.6331209,0.31932695138454437,0.25398764018723013,False
1981-01-03 02:00:00,0.0,0.7895654,0.659755,0.32697639638185505,0.25409195956596375,False
1981-01-03 03:00:00,0.0,0.78955966,0.6608934,0.327035757958889,0.2538985477481896,False
1981-01-03 04:00:00,0.0,0.7930596,0.6640516,0.3284977737665177,0.25333593400576354,False
1981-01-03 05:00:00,0.0,0.78484523,0.65857035,0.3251706898212433,0.25249837830485045,False
1981-01-03 06:00:00,0.0,0.78480893,0.6601516,0.325242682993412,0.2515324607641363,False
1981-01-03 07:00:00,7.491446e-07,0.7939564,0.67178154,0.3292465466296355,0.25043363014710335,False
1981-01-03 08:00:00,0.0027436558,0.8126641,0.6936877,0.33891527378000313,0.2492723177869863,False
1981-01-03 09:00:00,0.017055258,0.8340259,0.7186897,0.35640569095313546,0.24827307480022046,False
1981-01-03 10:00:00,0.035515014,0.82997406,0.6988956,0.3644929505027831,0.24760510416266243,False
1981-01-03 11:00:00,0.052819937,0.8556271,0.7414801,0.3862434370815754,0.24699911520132842,False
1981-01-03 12:00:00,0.05648291,0.8870992,0.7909775,0.40264303070306773,0.24657459692097625,False
1981-01-03 13:00:00,0.056037545,0.90717125,0.8226227,0.41150148129463193,0.24614643317538046,False
1981-01-03 14:00:00,0.044100847,0.9052779,0.83142734,0.40439081289991735,0.24630358473614522,False
1981-01-03 15:00:00,0.019884344,0.8966573,0.8235237,0.3868100857101381,0.2465983054574211,False
1981-01-03 16:00:00,0.0014125985,0.88366234,0.7924799,0.3696803870556178,0.2462314256996945,False
1981-01-03 17:00:00,0.0,0.87259066,0.77069545,0.3636035081148148,0.2454465644602257,False
1981-01-03 18:00:00,0.0,0.8449068,0.7371237,0.3515752930641174,0.24457896434707224,False
1981-01-03 19:00:00,0.0,0.79674304,0.6836809,0.33091694819927214,0.2435655793175626,False
1981-01-03 20:00:00,0.0,0.74128443,0.61999303,0.3070135783553124,0.24225799677898766,False
1981-01-03 21:00:00,0.0,0.6937311,0.5644,0.2864643875956535,0.24053783346345306,False
1981-01-03 22:00:00,0.0,0.59696954,0.46902248,0.24560897612571714,0.2384361952450651,False
1981-01-03 23:00:00,0.0,0.5524665,0.42317194,0.22671142745018005,0.23631422093143342,False
1981-01-04 00:00:00,0.0,0.51186275,0.38897255,0.20988187426328658,0.23399740117048504,False
1981-01-04 01:00:00,0.0,0.4732573,0.36036676,0.1940917500257492,0.23126856795889916,False
1981-01-04 02:00:00,0.0,0.41120225,0.31376845,0.1686771270632744,0.22837665877496482,False
1981-01-04 03:00:00,0.0,0.35589308,0.27302733,0.14606802070140837,0.22538970955466509,False
1981-01-04 04:00:00,0.0,0.29009554,0.22332259,0.1191046730875969,0.22226808446278454,False
1981-01-04 05:00:00,0.0,0.23084936,0.18195821,0.09500915569067,0.21877751204376697,False
1981-01-04 06:00:00,0.0,0.18636127,0.1496376,0.07684773807227613,0.21499321625200687,False
1981-01-04 07:00:00,1.6423555e-06,0.15299432,0.12636265,0.06327943482974388,0.21112864373257043,False
1981-01-04 08:00:00,0.0062540895,0.14421068,0.12025182,0.06331594931846485,0.20700094688699222,False
1981-01-04 09:00:00,0.040042154,0.16200039,0.13448921,0.09014488353580236,0.20250580308685265,False
1981-01-04 10:00:00,0.084946714,0.1774544,0.14667404,0.12241532469540836,0.19776483946811596,False
1981-01-04 11:00:00,0.118966766,0.20732224,0.16793536,0.1542142395749688,0.19408607236231865,False
1981-01-04 12:00:00,0.1319609,0.21829624,0.1753866,0.16616362883150576,0.19053449354194604,False
1981-01-04 13:00:00,0.12876317,0.24117216,0.1928783,0.17370430582761762,0.18667377877637,False
1981-01-04 14:00:00,0.09886484,0.25617918,0.20038834,0.1623961010724306,0.18196487540408224,False
1981-01-04 15:00:00,0.045847476,0.21968037,0.16970387,0.11668005853891372,0.17657205005678844,False
1981-01-04 16:00:00,0.003941653,0.23017189,0.1808145,0.09697174399858341,0.1706268379339594,False
1981-01-04 17:00:00,0.0,0.2600047,0.21128961,0.10735137319564819,0.16423367312632714,False
1981-01-04 18:00:00,0.0,0.29221582,0.2359655,0.12056977638602256,0.15777472166054163,False
1981-01-04 19:00:00,0.0,0.31337824,0.24772587,0.12901376947760582,0.1514962695495992,False
1981-01-04 20:00:00,0.0,0.316963,0.24750344,0.13032452827692032,0.14560445354169446,False
1981-01-04 21:00:00,0.0,0.32867816,0.25824797,0.1352276318371296,0.14019110664807474,False
1981-01-04 22:00:00,0.0,0.30880725,0.24548306,0.12720596167445183,0.13521978012228597,False
1981-01-04 23:00:00,0.0,0.36850417,0.2917067,0.1517301998734474,0.13077179527132052,False
1981-01-05 00:00:00,0.0,0.40294996,0.32110018,0.16602794435620308,0.12666558199551167,False
1981-01-05 01:00:00,0.0,0.4387006,0.34508878,0.18051531055569647,0.12283797808492768,False
1981-01-05 02:00:00,0.0,0.4469657,0.3457869,0.18360283380746842,0.11929991196620489,False
1981-01-05 03:00:00,0.0,0.43093526,0.33671558,0.17719775354862213,0.11621062906727407,False
1981-01-05 04:00:00,0.0,0.39119434,0.30739972,0.16095029765367508,0.11352102139464791,False
1981-01-05 05:00:00,0.0,0.3487496,0.27473864,0.1435244918167591,0.11136274914665358,False
1981-01-05 06:00:00,0.0,0.3399215,0.26504013,0.13974320206046104,0.10974178812432313,False
1981-01-05 07:00:00,1.2965965e-06,0.3189009,0.24892431,0.13111709804188182,0.10857755275339098,False
1981-01-05 08:00:00,0.0067787217,0.28984466,0.22748831,0.12314837137330323,0.10776999943697178,False
1981-01-05 09:00:00,0.05155564,0.24062735,0.19074705,0.12883943725377323,0.10706746326543676,False
1981-01-05 10:00:00,0.11468684,0.29527363,0.23670098,0.18791212942451238,0.10631153914978081,False
1981-01-05 11:00:00,0.15905613,0.30083063,0.24047713,0.21576765370368955,0.1055177984202899,False
1981-01-05 12:00:00,0.18044199,0.27493745,0.21781063,0.21732872195541858,0.1045283274806723,False
1981-01-05 13:00:00,0.15560552,0.23225203,0.18497652,0.18547411942481995,0.10347383682687432,False
1981-01-05 14:00:00,0.115215465,0.19167408,0.15422474,0.14553519622981548,0.10211157891520584,False
1981-01-05 15:00:00,0.050612006,0.17503367,0.14165464,0.10143990381434559,0.10055391507201493,False
1981-01-05 16:00:00,0.00464729,0.14541148,0.11981769,0.06280847628926858,0.0992682823372847,False
1981-01-05 17:00:00,0.0,0.12952848,0.10699684,0.053573837757110596,0.09788798482696266,False
1981-01-05 18:00:00,0.0,0.121335976,0.10067809,0.05020959173887968,0.09620002615525129,False
1981-01-05 19:00:00,0.0,0.11643562,0.095278464,0.04810977981984615,0.09419720044083635,False
1981-01-05 20:00:00,0.0,0.114364155,0.09208434,0.04717292746156454,0.09201282218334939,False
1981-01-05 21:00:00,0.0,0.11663123,0.08895907,0.04784071435779333,0.08979922514854673,False
1981-01-05 22:00:00,0.0,0.07861929,0.05731827,0.03210570327937603,0.08752031081801954,False
1981-01-05 23:00:00,0.0,0.0725086,0.052916955,0.029613190211355684,0.08535623765460891,False
1981-01-06 00:00:00,0.0,0.06401576,0.046945754,0.02615688655525446,0.08278170307775704,False
1981-01-06 01:00:00,0.0,0.05934758,0.0438022,0.024264576327055695,0.07994452346352604,False
1981-01-06 02:00:00,0.0,0.049874123,0.03681475,0.02039154791459441,0.0768314930089165,False
1981-01-06 03:00:00,0.0,0.041531663,0.03040127,0.01696685241535306,0.07373131586335344,False
1981-01-06 04:00:00,0.0,0.03797477,0.027683605,0.0155076051838696,0.07082122270906088,False
1981-01-06 05:00:00,0.0,0.04212649,0.030710207,0.017203026618808508,0.06826016167135653,False
1981-01-06 06:00:00,0.0,0.051176194,0.038526382,0.020964440267533063,0.06603510754791764,False
1981-01-06 07:00:00,1.699982e-06,0.059836622,0.045114465,0.02451687564162239,0.06390891787040723,False
1981-01-06 08:00:00,0.006462553,0.06321591,0.047012012,0.029594213084783407,0.06203848986853641,False
1981-01-06 09:00:00,0.042401616,0.071854554,0.053341914,0.053860525984317065,0.06048383437694855,False
1981-01-06 10:00:00,0.0927195,0.07533071,0.05591822,0.08431576967984437,0.05945056335566128,True
1981-01-06 11:00:00,0.12924126,0.078689046,0.05761427,0.10671963447332382,0.057853333527068895,True
1981-01-06 12:00:00,0.14531294,0.0776326,0.056594167,0.11554807744920254,0.05624198322417399,True
1981-01-06 13:00:00,0.13341214,0.07671282,0.056112837,0.1083159260675311,0.05480974306228445,True
1981-01-06 14:00:00,0.096495725,0.07821303,0.057214733,0.08762823659926652,0.05378721174070175,True
1981-01-06 15:00:00,0.04466037,0.071497366,0.052187506,0.05496968727186322,0.053043962921483424,True
1981-01-06 16:00:00,0.004623721,0.068623304,0.05051069,0.030717463503126055,0.05239223726365589,True
1981-01-06 17:00:00,0.0,0.06424934,0.04854355,0.026329356953501703,0.05184778615602593,True
1981-01-06 18:00:00,0.0,0.059420604,0.046443317,0.02443414209410548,0.051326911354934085,True
1981-01-06 19:00:00,0.0,0.058895446,0.0450221,0.024163613118231297,0.05076696662631187,True
1981-01-06 20:00:00,0.0,0.058775138,0.04414527,0.02407187060639262,0.05011005415072034,True
1981-01-06 21:00:00,0.0,0.06314861,0.046998274,0.025839743971824647,0.049374686627679715,True
1981-01-06 22:00:00,0.0,0.056970563,0.04274652,0.023330449830740688,0.04852619300692643,True
1981-01-06 23:00:00,0.0,0.068590336,0.05264271,0.028152540184557436,0.047929448663288,True
1981-01-07 00:00:00,0.0,0.072355345,0.058225937,0.029843322873115537,0.04736622011830516,True
1981-01-07 01:00:00,0.0,0.07510247,0.06253772,0.03108984873443842,0.04689246546168763,True
1981-01-07 02:00:00,0.0,0.08379595,0.0717338,0.03479433082044125,0.04648841103131601,True
1981-01-07 03:00:00,0.0,0.09026431,0.07788427,0.037513282142579554,0.04619586927205275,True
1981-01-07 04:00:00,0.0,0.09128995,0.08024769,0.03801936784386635,0.04607150480657767,True
1981-01-07 05:00:00,0.0,0.08824363,0.07703691,0.03672189389169216,0.0461027118963557,True
1981-01-07 06:00:00,0.0,0.090627305,0.07860411,0.037686097539961334,0.046147544540175674,True
1981-01-07 07:00:00,1.8440484e-06,0.09938445,0.086344965,0.04133655395208245,0.04615689735202069,True
1981-01-07 08:00:00,0.008850941,0.104023084,0.09321105,0.048524907777085895,0.046179184970541694,True
1981-01-07 09:00:00,0.059424277,0.10779349,0.095904134,0.07924242823198438,0.046338345574398136,True
1981-01-07 10:00:00,0.127605,0.09090488,0.07542796,0.11124509765207768,0.04677150850877779,True
1981-01-07 11:00:00,0.17635077,0.08878717,0.07233293,0.13842283916473389,0.04742375809430447,True
1981-01-07 12:00:00,0.1897678,0.0943648,0.07897346,0.14858119418472052,0.04816271017176402,True
1981-01-07 13:00:00,0.1732721,0.08779347,0.074422635,0.13639261598885058,0.048901136766914204,True
1981-01-07 14:00:00,0.124064304,0.09208311,0.07954595,0.10985925290733575,0.04953670390752447,True
1981-01-07 15:00:00,0.05549586,0.09170147,0.079594806,0.07015707223862408,0.05011596619270734,True
1981-01-07 16:00:00,0.0059589846,0.079999276,0.06882882,0.036674823123030366,0.05068135334344573,True
1981-01-07 17:00:00,0.0,0.06909202,0.056979477,0.028571847304701806,0.05128563097859415,True
1981-01-07 18:00:00,0.0,0.056797702,0.043960977,0.023332244765013457,0.051967381058211054,True
1981-01-07 19:00:00,0.0,0.040488783,0.030326296,0.016577980991452933,0.05274530259770955,True
1981-01-07 20:00:00,0.0,0.02907826,0.021211267,0.011875286355614662,0.053591502453383615,True
1981-01-07 21:00:00,0.0,0.017418249,0.012697904,0.007113020561635494,0.05448967331829164,True
1981-01-07 22:00:00,0.0,0.008477627,0.006180191,0.003461974784731865,0.05540040160058681,True
1981-01-07 23:00:00,0.0,0.0063135033,0.0046025435,0.002578220052178949,0.056422233242258986,True
1981-01-08 00:00:00,0.0,0.008366669,0.0060993023,0.003416663037613034,0.05733325678687226,True
1981-01-08 01:00:00,0.0,0.011925488,0.008693679,0.0048699636692181225,0.058192213816751354,True
1981-01-08 02:00:00,0.0,0.015548659,0.0113349715,0.006349543469958007,0.05903009316390064,True
1981-01-08 03:00:00,0.0,0.026916906,0.019722586,0.010997358072549104,0.05979631492374149,True
1981-01-08 04:00:00,0.0,0.041231897,0.033166215,0.017005545493215323,0.06052574243507963,False
1981-01-08 05:00:00,0.0,0.04676924,0.038836006,0.019354993522167206,0.061257736017179314,False
1981-01-08 06:00:00,0.0,0.051575556,0.044111017,0.021413375236094,0.062064194508080005,False
1981-01-08 07:00:00,2.4491267e-06,0.06141085,0.054160442,0.025586681330630426,0.06290648903669473,False
1981-01-08 08:00:00,0.009608788,0.076086126,0.06692353,0.03723392206989229,0.06369687979540177,False
1981-01-08 09:00:00,0.0607879,0.095209256,0.0823243,0.07465234683454036,0.06448075526849766,False
1981-01-08 10:00:00,0.12025243,0.1108871,0.09853253,0.11562374978512524,0.06514815293747088,False
1981-01-08 11:00:00,0.16185799,0.11678661,0.105611384,0.1421893341913819,0.06558231076363251,False
1981-01-08 12:00:00,0.17247963,0.12288996,0.11343358,0.1509925540164113,0.06585290996076316,False
1981-01-08 13:00:00,0.14813623,0.1272896,0.1181238,0.13882314881682395,0.06602259490341966,False
1981-01-08 14:00:00,0.10722289,0.12788276,0.11808292,0.11543282628804445,0.06626005455337242,False
1981-01-08 15:00:00,0.048310723,0.12952267,0.11924295,0.08210827050730585,0.06656594475837822,False
1981-01-08 16:00:00,0.005689638,0.13476197,0.124309264,0.05972278999025002,0.06705956639362896,False
1981-01-08 17:00:00,0.0,0.14094292,0.13047083,0.059053360775113105,0.06767888783283076,False
1981-01-08 18:00:00,0.0,0.14740042,0.1367337,0.06177437599003315,0.06825935673612646,False
1981-01-08 19:00:00,0.0,0.15463689,0.14296655,0.0647812061905861,0.06881241250426053,False
1981-01-08 20:00:00,0.0,0.16055118,0.14704978,0.0671840721219778,0.06938839396221108,False
1981-01-08 21:00:00,0.0,0.16631688,0.15155134,0.06955470152199268,0.06994627591494015,False
1981-01-08 22:00:00,0.0,0.17325868,0.15640587,0.07237836863100529,0.07049675391327134,False
1981-01-08 23:00:00,0.0,0.17203945,0.15553914,0.07188167032599449,0.07101013598443486,False
1981-01-09 00:00:00,0.0,0.17018068,0.15327018,0.07107326030731201,0.07146369795397284,False
1981-01-09 01:00:00,0.0,0.1708062,0.15334389,0.07130805739760399,0.07182098520967072,False
1981-01-09 02:00:00,0.0,0.17142664,0.1540101,0.07157297529280186,0.07207543524477758,False
1981-01-09 03:00:00,0.0,0.17372309,0.15596266,0.0725258026868105,0.0722456304901362,False
1981-01-09 04:00:00,0.0,0.17525798,0.15712713,0.0731550597846508,0.07228433163488178,False
1981-01-09 05:00:00,0.0,0.180828,0.16122903,0.07543190145492554,0.07220116229705406,False
1981-01-09 06:00:00,0.0,0.18731989,0.1665777,0.07811623491346836,0.0721020972183988,False
1981-01-09 07:00:00,3.4575905e-06,0.19013464,0.16877095,0.07927531037002063,0.07198380115931748,False
1981-01-09 08:00:00,0.0098963445,0.19303031,0.17060286,0.08615093048568814,0.07179640368724599,False
1981-01-09 09:00:00,0.05233354,0.19461459,0.17163481,0.11127751634269953,0.07148771170675414,False
1981-01-09 10:00:00,0.09377856,0.18705507,0.16576159,0.13208467330783605,0.07087432372322897,False
1981-01-09 11:00:00,0.12384414,0.19185017,0.1696448,0.1514116006270051,0.06997582482532257,False
1981-01-09 12:00:00,0.13291638,0.19203562,0.16985519,0.15672607143223286,0.0690037227459373,False
1981-01-09 13:00:00,0.118994415,0.18987969,0.16787589,0.14779067918658256,0.06796758025590921,False
1981-01-09 14:00:00,0.08175861,0.18593894,0.16214436,0.12454198274761437,0.06709828520256995,False
1981-01-09 15:00:00,0.038353927,0.17275834,0.14764568,0.09385091073065996,0.06636203569376811,False
1981-01-09 16:00:00,0.004634209,0.15394276,0.12821174,0.0664022522047162,0.06582546654756151,False
1981-01-09 17:00:00,0.0,0.13646573,0.11256483,0.0564343546628952,0.0654075600068633,False
1981-01-09 18:00:00,0.0,0.12068988,0.09896958,0.04987892163544893,0.06505079633757364,False
1981-01-09 19:00:00,0.0,0.107006066,0.08777505,0.0442250909730792,0.0646860990097363,False
1981-01-09 20:00:00,0.0,0.093559526,0.07648435,0.038653620086610316,0.06427375041428847,False
1981-01-09 21:00:00,0.0,0.08128404,0.06559545,0.03353596448153257,0.06376551929782968,False
1981-01-09 22:00:00,0.0,0.06829868,0.0537426,0.02810431420058012,0.06310067393831802,False
1981-01-09 23:00:00,0.0,0.05933154,0.04547882,0.024349194590002295,0.06224830132923912,False
1981-01-10 00:00:00,0.0,0.05028201,0.03726648,0.02056645131111145,0.06137954012691867,False
1981-01-10 01:00:00,0.0,0.041833956,0.030496957,0.017083565354347227,0.060477103716376095,False
1981-01-10 02:00:00,0.0,0.035553683,0.025918636,0.014518915247172116,0.05954414083497491,True
1981-01-10 03:00:00,0.0,0.031479146,0.022948297,0.012855013020336627,0.05863622276034098,True
1981-01-10 04:00:00,0.0,0.031858325,0.023290655,0.013013417277485131,0.057691843036710135,True
1981-01-10 05:00:00,0.0,0.03568919,0.026491826,0.01459986974671483,0.05667964794967215,True
1981-01-10 06:00:00,0.0,0.038380824,0.02912297,0.015735164400190117,0.055546904248799045,True
1981-01-10 07:00:00,4.0338555e-06,0.040250927,0.032160796,0.016591602671199326,0.0542927808642004,True
1981-01-10 08:00:00,0.007867546,0.043163326,0.036108628,0.022416707006283107,0.052953539472652654,True
1981-01-10 09:00:00,0.042839028,0.049341884,0.04230462,0.04520972362533212,0.051542734764630026,True
1981-01-10 10:00:00,0.08566215,0.055491567,0.048006568,0.0724958026856184,0.05015052608675825,True
1981-01-10 11:00:00,0.11829166,0.065731026,0.055914763,0.09552843438088893,0.049124637877837496,True
1981-01-10 12:00:00,0.12541318,0.06970337,0.05877345,0.10125771449506282,0.0482407035293263,True
1981-01-10 13:00:00,0.112295315,0.07791423,0.0657822,0.09709698625653983,0.04742578489779376,True
1981-01-10 14:00:00,0.08187327,0.07901394,0.06844128,0.08009284986555576,0.04661929015011718,True
1981-01-10 15:00:00,0.037378453,0.08350572,0.07355507,0.05635295148938894,0.04572450559066024,True
1981-01-10 16:00:00,0.0043471134,0.08936877,0.07736882,0.03966327603673562,0.044693936607099194,True
1981-01-10 17:00:00,0.0,0.10113396,0.08537545,0.041928704649209975,0.043668026088365564,True
1981-01-10 18:00:00,0.0,0.10691534,0.08920637,0.044268904253840446,0.04286316502825471,True
1981-01-10 19:00:00,0.0,0.108887464,0.089055546,0.04498847360908985,0.0422934656369977,True
1981-01-10 20:00:00,0.0,0.10408974,0.08110862,0.04278897853195667,0.04192070635859969,True
1981-01-10 21:00:00,0.0,0.091839716,0.06950498,0.037642124265432356,0.04175494503122868,True
1981-01-10 22:00:00,0.0,0.07691446,0.05709348,0.03146448339521885,0.04182286204197558,True
1981-01-10 23:00:00,0.0,0.07378978,0.05467968,0.03018113261461258,0.04208895012908729,True
1981-01-11 00:00:00,0.0,0.067888334,0.05010217,0.027756312601268294,0.04250691620688999,True
1981-01-11 01:00:00,0.0,0.064698294,0.049114235,0.02652583909034729,0.043070716361609494,True
1981-01-11 02:00:00,0.0,0.068075605,0.05320388,0.027992907710373403,0.043778546854482236,True
1981-01-11 03:00:00,0.0,0.06637139,0.050083954,0.027195575952529905,0.04460391201390998,True
1981-01-11 04:00:00,0.0,0.06015537,0.043932673,0.024569695606827736,0.04554496395574065,True
1981-01-11 05:00:00,0.0,0.051571883,0.037595905,0.021060203813016414,0.046571454171185585,True
1981-01-11 06:00:00,0.0,0.04387807,0.031987116,0.017918312452733516,0.04766540397456961,True
1981-01-11 07:00:00,4.4084277e-06,0.03670526,0.026758134,0.014991723575728883,0.04884047592813262,True
1981-01-11 08:00:00,0.008098426,0.03369407,0.024562977,0.018432304500602185,0.050108683623412066,True
1981-01-11 09:00:00,0.05666138,0.028792515,0.020989744,0.04445149980485439,0.051460692316429295,True
1981-01-11 10:00:00,0.11909322,0.03458969,0.025215885,0.08284203927963972,0.05301160218456038,True
1981-01-11 11:00:00,0.16589098,0.03247983,0.023677796,0.10898275189846754,0.05469746789380806,True
1981-01-11 12:00:00,0.18304461,0.02936884,0.021409884,0.11760997711867092,0.05644769853180794,True
1981-01-11 13:00:00,0.16969627,0.027338669,0.019929888,0.10907893129810689,0.05839322443444181,True
1981-01-11 14:00:00,0.12272205,0.02640205,0.019247096,0.08159232389368117,0.06001879447572453,False
1981-01-11 15:00:00,0.05821542,0.026430462,0.019267805,0.04438359951972961,0.061428750183724096,False
1981-01-11 16:00:00,0.0070171217,0.03210274,0.0234029,0.017158547305501995,0.0628641230910044,False
1981-01-11 17:00:00,0.0,0.04357161,0.031909253,0.0178010237775743,0.06417619589609459,False
1981-01-11 18:00:00,0.0,0.05509095,0.040829457,0.022533350855112076,0.0653425783884292,False
1981-01-11 19:00:00,0.0,0.0641357,0.049380966,0.02633264560997486,0.06627139206571034,False
1981-01-11 20:00:00,0.0,0.07465917,0.05829339,0.030697076372802258,0.0669804881295701,False
1981-01-11 21:00:00,0.0,0.08909436,0.072595574,0.03679598099738359,0.06752709154286883,False
1981-01-11 22:00:00,0.0,0.09828753,0.08534155,0.04087654238194227,0.06805753429201893,False
1981-01-11 23:00:00,0.0,0.1064086,0.095310956,0.044411566324532026,0.06858778074258468,False
1981-01-12 00:00:00,0.0,0.11394111,0.10341831,0.04762885873764753,0.06903132155412338,False
1981-01-12 01:00:00,0.0,0.12189808,0.112574786,0.05105942901223898,0.06944867342492095,False
1981-01-12 02:00:00,0.0,0.1291186,0.12021624,0.05413644289970398,0.06978869974813885,False
1981-01-12 03:00:00,0.0,0.13848594,0.12822583,0.05802550622820854,0.07004314484089143,False
1981-01-12 04:00:00,0.0,0.14872621,0.13712919,0.062284947618842124,0.07029492995902425,False
1981-01-12 05:00:00,0.0,0.1602525,0.14770906,0.06710946030914784,0.07060935746659985,False
1981-01-12 06:00:00,0.0,0.17239639,0.15785833,0.07213861817121506,0.07100559408278666,False
1981-01-12 07:00:00,6.079597e-06,0.18519014,0.1690167,0.07746557204461305,0.07149381150552532,False
1981-01-12 08:00:00,0.009967687,0.19508338,0.17733337,0.0873131242711097,0.07211722512120813,False
1981-01-12 09:00:00,0.060472045,0.20280191,0.18383558,0.11965339729562402,0.07284286775851899,False
1981-01-12 10:00:00,0.117103145,0.20585163,0.18314058,0.15341735672950743,0.07365959827509365,False
1981-01-12 11:00:00,0.15152153,0.22106749,0.19514216,0.1795395050048828,0.07467563694778176,False
1981-01-12 12:00:00,0.16199781,0.24345627,0.20990475,0.19464295782148835,0.07587050670215206,False
1981-01-12 13:00:00,0.13454369,0.23522799,0.19802803,0.17512434823811052,0.07709564619791351,False
1981-01-12 14:00:00,0.09511702,0.22424568,0.18780644,0.14777072384953496,0.07829453701658452,False
1981-01-12 15:00:00,0.043070573,0.24268924,0.2008667,0.1252508510388434,0.0794234804267821,False
1981-01-12 16:00:00,0.005720872,0.23996876,0.19987693,0.10264277068106457,0.0804526435845047,False
1981-01-12 17:00:00,5.762651e-08,0.23689218,0.1944781,0.0979150642812713,0.08136629698827752,False
1981-01-12 18:00:00,0.0,0.21521713,0.1747563,0.08885196076333524,0.0821724841843138,False
1981-01-12 19:00:00,0.0,0.19118288,0.15701114,0.07902508467435837,0.08288463032494882,False
1981-01-12 20:00:00,0.0,0.16673245,0.13891982,0.06902594237029552,0.08351532774109044,False
1981-01-12 21:00:00,0.0,0.15213837,0.12896886,0.06310337622463703,0.08403983496145927,False
1981-01-12 22:00:00,0.0,0.13670923,0.11982607,0.056916313022375105,0.08444639947794026,False
1981-01-12 23:00:00,0.0,0.1233982,0.10994733,0.051471091568470004,0.0847734385059925,False
1981-01-13 00:00:00,0.0,0.11460865,0.1018261,0.04778920239955187,0.08503564812585361,False
1981-01-13 01:00:00,0.0,0.102663554,0.091930576,0.042847102604806425,0.08526615416088722,False
1981-01-13 02:00:00,0.0,0.096365444,0.08606339,0.040206272162497045,0.08547006818622,False
1981-01-13 03:00:00,0.0,0.09409286,0.08446289,0.03928126162290573,0.08567963193140572,False
1981-01-13 04:00:00,0.0,0.095152505,0.0842767,0.0396622159704566,0.08595741812947787,False
1981-01-13 05:00:00,0.0,0.09624212,0.0845596,0.0400795613899827,0.08631854633118606,False
1981-01-13 06:00:00,0.0,0.099278815,0.08738641,0.04135274874418974,0.08682370214134104,False
1981-01-13 07:00:00,7.43382e-06,0.107881516,0.094500154,0.04491557712850363,0.08748047984081901,False
1981-01-13 08:00:00,0.009315756,0.115101784,0.10028521,0.053263151091523464,0.08836445198320438,False
1981-01-13 09:00:00,0.05632576,0.12304419,0.106505446,0.08365456460043788,0.08957285489710244,False
1981-01-13 10:00:00,0.11712674,0.15440989,0.1306022,0.13161189556866884,0.09109011983360982,False
1981-01-13 11:00:00,0.16446386,0.17230748,0.1455443,0.16633650010824205,0.09247382296980555,False
1981-01-13 12:00:00,0.18658581,0.16528133,0.14384906,0.17641667291522026,0.09423480806672212,False
1981-01-13 13:00:00,0.17334862,0.15969104,0.14217675,0.1666256905943155,0.09611703241540626,False
1981-01-13 14:00:00,0.12926324,0.14634436,0.13325277,0.13578160758316515,0.09823422971229885,False
1981-01-13 15:00:00,0.06477266,0.13482174,0.12334045,0.09378343109041452,0.10086060876401026,False
1981-01-13 16:00:00,0.009398019,0.13288635,0.121410936,0.06101391068659723,0.10411449827247805,False
1981-01-13 17:00:00,4.033856e-07,0.13509308,0.123119086,0.05649800918731595,0.10756061046151251,False
1981-01-13 18:00:00,0.0,0.13575923,0.122614965,0.056716365605592726,0.1112652523701098,False
1981-01-13 19:00:00,0.0,0.135643,0.12136764,0.056606121584773066,0.1154927634286713,False
1981-01-13 20:00:00,0.0,0.13402842,0.11883215,0.05587342295050621,0.12025996849937552,False
1981-01-13 21:00:00,0.0,0.13499907,0.120304115,0.05631107778847218,0.12543270751619898,False
1981-01-13 22:00:00,0.0,0.13552393,0.121594176,0.056574415728449824,0.1307956381465327,False
1981-01-13 23:00:00,0.0,0.13645823,0.12304704,0.05699762807786465,0.13582655120706372,False
1981-01-14 00:00:00,0.0,0.14039193,0.1275653,0.05869314841926098,0.14089968448942713,False
1981-01-14 01:00:00,0.0,0.1456266,0.13168676,0.06084730222821236,0.14589036455303617,False
1981-01-14 02:00:00,0.0,0.15386397,0.13740183,0.06419550266861915,0.15061451048655622,False
1981-01-14 03:00:00,0.0,0.17110185,0.15227148,0.07135924373567104,0.15513531786129064,False
1981-01-14 04:00:00,0.0,0.1911091,0.16851558,0.0796191013008356,0.15939877176955528,False
1981-01-14 05:00:00,0.0,0.21964109,0.19091439,0.0913569391965866,0.16340605181334725,False
1981-01-14 06:00:00,0.0,0.24964662,0.21378417,0.10366394774615764,0.16694781261980718,False
1981-01-14 07:00:00,8.24059e-06,0.28903162,0.24516316,0.11989623487911104,0.1700366557545047,False
1981-01-14 08:00:00,0.010605467,0.33593446,0.2821721,0.14531646413821728,0.17279863823382866,False
1981-01-14 09:00:00,0.05506625,0.38794205,0.3251532,0.19248211424797773,0.17549996024163653,False
1981-01-14 10:00:00,0.10406414,0.3858883,0.3221725,0.21983510726690292,0.17821998157844163,False
1981-01-14 11:00:00,0.13360232,0.4516301,0.37642127,0.2640667896568775,0.18035313668252495,False
1981-01-14 12:00:00,0.14531274,0.48596072,0.40416238,0.28498972655832766,0.18273597417177226,False
1981-01-14 13:00:00,0.12144084,0.49890128,0.41822,0.2767498184889555,0.18556220925811895,False
1981-01-14 14:00:00,0.08209125,0.5465665,0.45902285,0.27383691833168267,0.18827796977815747,False
1981-01-14 15:00:00,0.038848996,0.62441945,0.52983147,0.28143754744529725,0.1912775474159193,False
1981-01-14 16:00:00,0.005478783,0.6392416,0.5373103,0.2680561557547189,0.19376310448824954,False
1981-01-14 17:00:00,2.8813255e-07,0.66508543,0.5615034,0.2757378758939404,0.1956340766790197,False
1981-01-14 18:00:00,0.0,0.70304966,0.5990216,0.2917724915742874,0.19714341461818882,False
1981-01-14 19:00:00,0.0,0.741354,0.6350242,0.307850928068161,0.19831024225402838,False
1981-01-14 20:00:00,0.0,0.764211,0.65413994,0.31731741517782214,0.19956204395622232,False
1981-01-14 21:00:00,0.0,0.7715629,0.6632842,0.3205240464806557,0.2008669693253211,False
1981-01-14 22:00:00,0.0,0.71899533,0.61279374,0.29840013992786407,0.20220887576017746,False
1981-01-14 23:00:00,0.0,0.70949167,0.6144271,0.2949814891219139,0.203581494125279,False
1981-01-15 00:00:00,0.0,0.69095355,0.59962934,0.28734184545278546,0.20481937035706113,False
1981-01-15 01:00:00,0.0,0.6485614,0.56086934,0.2696061074137688,0.20607549665749292,False
1981-01-15 02:00:00,0.0,0.6186526,0.5355967,0.25720502614974977,0.20743407134779016,False
1981-01-15 03:00:00,0.0,0.5871126,0.50523144,0.2439270492196083,0.20882777641035835,False
1981-01-15 04:00:00,0.0,0.5585886,0.47948992,0.23201165807247162,0.2102634097502775,False
1981-01-15 05:00:00,0.0,0.5068407,0.42703444,0.2100840801000595,0.2117119985117785,False
1981-01-15 06:00:00,0.0,0.45806772,0.3813006,0.189617219209671,0.21303558263436176,False
1981-01-15 07:00:00,8.24059e-06,0.42941973,0.3524093,0.17749073613605376,0.2141835802548773,False
1981-01-15 08:00:00,0.0073238974,0.43263543,0.3529305,0.1829266074663028,0.21495004969154366,False
1981-01-15 09:00:00,0.058730114,0.43680558,0.3545751,0.21421558876708152,0.2152891663735511,False
1981-01-15 10:00:00,0.124404214,0.39253384,0.32179856,0.23400334056466818,0.21545363022499678,False
1981-01-15 11:00:00,0.18604442,0.41979244,0.3418825,0.2807126995921135,0.21558120071131384,False
1981-01-15 12:00:00,0.21369877,0.45758215,0.36896208,0.31207595705986024,0.21605060918338245,False
1981-01-15 13:00:00,0.1986973,0.441559,0.3592331,0.2969821955561638,0.21642698369070534,False
1981-01-15 14:00:00,0.1481163,0.47085625,0.3805976,0.279761334195733,0.21634982507198697,False
1981-01-15 15:00:00,0.07161996,0.41610405,0.3374641,0.21309017056226728,0.21541314219439048,False
1981-01-15 16:00:00,0.011263619,0.34906924,0.2873133,0.15082057584356517,0.21285980850663924,False
1981-01-15 17:00:00,2.47794e-06,0.3114549,0.25959158,0.1289462302674326,0.20942014334559514,False
1981-01-15 18:00:00,0.0,0.27207673,0.22829223,0.11272409212589263,0.20544636068689112,False
1981-01-15 19:00:00,0.0,0.28118265,0.23955938,0.11669260329008102,0.20097389796013418,False
1981-01-15 20:00:00,0.0,0.28536394,0.24463974,0.11850984066724776,0.19615147710228742,False
1981-01-15 21:00:00,0.0,0.29068938,0.24922603,0.12072258666157723,0.19116779856952312,False
1981-01-15 22:00:00,0.0,0.2948966,0.2526528,0.1224600972533226,0.18624103586106033,False
1981-01-15 23:00:00,0.0,0.28042522,0.23960705,0.11641568720340728,0.18179228836307706,False
1981-01-16 00:00:00,0.0,0.28663683,0.24478187,0.1189872108399868,0.17762315748641674,False
1981-01-16 01:00:00,0.0,0.30374193,0.25885397,0.12605888736248017,0.1736948433901224,False
1981-01-16 02:00:00,0.0,0.3160521,0.26796514,0.13109334567189215,0.1701593870838213,False
1981-01-16 03:00:00,0.0,0.33847997,0.28463957,0.14026964405179024,0.16685980170416118,False
1981-01-16 04:00:00,0.0,0.35981706,0.30331236,0.1491513618528843,0.16374682508232477,False
1981-01-16 05:00:00,0.0,0.37355104,0.3157156,0.15488897708058355,0.16074591680532727,False
1981-01-16 06:00:00,0.0,0.38302523,0.322806,0.15876783353090287,0.15806567284940215,False
1981-01-16 07:00:00,1.2591391e-05,0.37852442,0.31488872,0.15668676783909632,0.15575397804668578,False
1981-01-16 08:00:00,0.01162125,0.37464395,0.30824047,0.16159406487457456,0.15363990130966082,False
1981-01-16 09:00:00,0.070363864,0.38675427,0.3160019,0.20037637911736966,0.1515697610494085,False
1981-01-16 10:00:00,0.1493108,0.33815,0.27831134,0.22595849061012266,0.14953551205932414,False
1981-01-16 11:00:00,0.21168683,0.3978643,0.3267252,0.28659839631617073,0.14762080407144443,False
1981-01-16 12:00:00,0.23398675,0.40684327,0.33185518,0.30305570290982725,0.1451562096032805,False
1981-01-16 13:00:00,0.20497753,0.37473384,0.30550715,0.2730462047904729,0.14219795760048495,False
1981-01-16 14:00:00,0.15736443,0.3338559,0.27563035,0.22887614020705221,0.13930748533645584,False
1981-01-16 15:00:00,0.07848001,0.2739466,0.2316345,0.15887753043323757,0.13605650896922314,False
1981-01-16 16:00:00,0.012373045,0.23096296,0.19606756,0.10295222802460194,0.13324145385795524,False
1981-01-16 17:00:00,4.091482e-06,0.20562796,0.16883758,0.08499630827614602,0.13098934396391132,False
1981-01-16 18:00:00,0.0,0.18687415,0.1506985,0.07709428068995476,0.12907156121932659,False
1981-01-16 19:00:00,0.0,0.18511805,0.14937346,0.07637472689151763,0.12752506164476962,False
1981-01-16 20:00:00,0.0,0.18920103,0.15343827,0.07810084560513497,0.12592714455785917,False
1981-01-16 21:00:00,0.0,0.20331322,0.16697888,0.08403943647444248,0.12434637150277139,False
1981-01-16 22:00:00,0.0,0.20516045,0.16955653,0.08486026002466679,0.1227876457238266,False
1981-01-16 23:00:00,0.0,0.22950545,0.18843882,0.09486320704221726,0.12129715427213104,False
1981-01-17 00:00:00,0.0,0.23962598,0.19186637,0.098782768830657,0.11994341467289941,False
1981-01-17 01:00:00,0.0,0.24309702,0.18891488,0.09990420471131801,0.11852631222192885,False
1981-01-17 02:00:00,0.0,0.24080664,0.18457922,0.09882492792606352,0.11694758630419837,False
1981-01-17 03:00:00,0.0,0.23065156,0.17395827,0.09450417137145996,0.11523090810716839,False
1981-01-17 04:00:00,0.0,0.21498509,0.1599734,0.0879680607765913,0.11324180402994842,False
1981-01-17 05:00:00,0.0,0.19899586,0.14820182,0.08143237021565437,0.11099389994160026,False
1981-01-17 06:00:00,0.0,0.19226423,0.1427846,0.07865586867928505,0.10856378163925128,False
1981-01-17 07:00:00,1.452188e-05,0.18573993,0.13830811,0.07601505275885574,0.10603301511860208,False
1981-01-17 08:00:00,0.0104680285,0.18939444,0.1413569,0.08355987497419119,0.10348255542087853,False
1981-01-17 09:00:00,0.063371986,0.19544432,0.14605646,0.11657163724303246,0.10085720683349393,False
1981-01-17 10:00:00,0.12436714,0.17141777,0.13119183,0.1420973571464419,0.0978379998615549,False
1981-01-17 11:00:00,0.1590291,0.17228211,0.13111623,0.16241216512024403,0.09485366752420028,False
1981-01-17 12:00:00,0.1752952,0.16816032,0.12746982,0.17007986092567443,0.09102023513035325,False
1981-01-17 13:00:00,0.1622054,0.15769604,0.119577296,0.15823952688276768,0.08681587937197123,False
1981-01-17 14:00:00,0.11811878,0.13540997,0.10358623,0.12371446856856345,0.08318210757110829,False
1981-01-17 15:00:00,0.058321573,0.1077856,0.08413134,0.0779675252214074,0.07994466672902091,False
1981-01-17 16:00:00,0.009500537,0.09028588,0.07262964,0.04271930092945695,0.07749571943956678,False
1981-01-17 17:00:00,2.2474337e-06,0.08933723,0.072702296,0.03689265852736526,0.0755869783957056,False
1981-01-17 18:00:00,0.0,0.09295751,0.07760724,0.038492112547159195,0.07389867326318005,False
1981-01-17 19:00:00,0.0,0.09650532,0.08115036,0.03999258311837912,0.07236222198312121,False
1981-01-17 20:00:00,0.0,0.10264491,0.08808817,0.04263273402303457,0.07086268729382379,False
1981-01-17 21:00:00,0.0,0.11051664,0.09487241,0.04590374927222728,0.06939458541913142,False
1981-01-17 22:00:00,0.0,0.12236188,0.10675875,0.05091650757193565,0.06791750163460335,False
1981-01-17 23:00:00,0.0,0.123679705,0.10737732,0.051436186440289015,0.06652068674416466,False
1981-01-18 00:00:00,0.0,0.12252041,0.106597446,0.0509662931933999,0.06498493838674572,False
1981-01-18 01:00:00,0.0,0.1208149,0.10554345,0.050280043311417104,0.06345572609073667,False
1981-01-18 02:00:00,0.0,0.11726942,0.10037734,0.04869279221445322,0.061995476989924886,False
1981-01-18 03:00:00,0.0,0.10832484,0.08927374,0.04479264834523201,0.06065840612250564,False
1981-01-18 04:00:00,0.0,0.10014874,0.07957558,0.04125196561217308,0.059534790596377084,True
1981-01-18 05:00:00,0.0,0.09290304,0.07337179,0.03824329856783151,0.058651822234421946,True
1981-01-18 06:00:00,0.0,0.090647444,0.07115062,0.03729104053974152,0.05800221492900697,True
1981-01-18 07:00:00,2.0515035e-05,0.083540164,0.06345453,0.034264702348365976,0.057498730990022395,True
1981-01-18 08:00:00,0.010159005,0.072658606,0.053788166,0.03557733268011361,0.05717040699246955,True
1981-01-18 09:00:00,0.05452461,0.058755487,0.042832755,0.05545444446429611,0.05699912531058842,True
1981-01-18 10:00:00,0.1034896,0.056314774,0.041053474,0.08271053841710091,0.056757650575658715,True
1981-01-18 11:00:00,0.14601487,0.04491819,0.03274536,0.10259364141151309,0.05647009172141159,True
1981-01-18 12:00:00,0.15064488,0.035077672,0.025571622,0.10124662650749086,0.05634103957165881,True
1981-01-18 13:00:00,0.15075214,0.028506713,0.020781394,0.09862515834905207,0.05635650857279926,True
1981-01-18 14:00:00,0.11198165,0.021709854,0.015826484,0.07347897978685795,0.05678929772140687,True
1981-01-18 15:00:00,0.05909279,0.01770843,0.012909446,0.04132806053943932,0.05764041127285838,True
1981-01-18 16:00:00,0.010353351,0.013122479,0.009566287,0.01133265791926533,0.0588436775313651,True
1981-01-18 17:00:00,1.0199892e-05,0.009677046,0.007054567,0.0039576619149192995,0.06018384422978847,False
1981-01-18 18:00:00,0.0,0.008190249,0.0059706913,0.0033446192471310496,0.06147983457408713,False
1981-01-18 19:00:00,0.0,0.010767453,0.007849473,0.00439706180524081,0.06272468036953228,False
1981-01-18 20:00:00,0.0,0.018689008,0.013624287,0.0076319556199014186,0.06389898062432053,False
1981-01-18 21:00:00,0.0,0.032150626,0.023626551,0.013139414817094802,0.06487201601713764,False
1981-01-18 22:00:00,0.0,0.043106038,0.035315134,0.01781314528360963,0.06563035118002314,False
1981-01-18 23:00:00,0.0,0.050998688,0.043125372,0.021147285886108876,0.06611505459882189,False
1981-01-19 00:00:00,0.0,0.061056115,0.05279393,0.02538057862222195,0.06652283029472325,False
1981-01-19 01:00:00,0.0,0.07151364,0.06340214,0.0298122478723526,0.0668761751435684,False
1981-01-19 02:00:00,0.0,0.083178714,0.07319594,0.03464552628993988,0.06715722955604884,False
1981-01-19 03:00:00,0.0,0.09741979,0.08560599,0.040570626117289066,0.06739726382288952,False
1981-01-19 04:00:00,0.0,0.10966032,0.09483188,0.04558557940274477,0.06764349226448556,False
1981-01-19 05:00:00,0.0,0.12105428,0.103373915,0.05025121955573558,0.06787202428169418,False
1981-01-19 06:00:00,0.0,0.13142237,0.110996015,0.05448863960802555,0.06810717259468381,False
1981-01-19 07:00:00,2.754547e-05,0.14570472,0.119899385,0.06025550087631928,0.06835403101034333,False
1981-01-19 08:00:00,0.010197415,0.1682238,0.13666415,0.0753383542438969,0.06868894733564558,False
1981-01-19 09:00:00,0.042821825,0.1946641,0.15632597,0.1049808499664068,0.069199986438212,False
1981-01-19 10:00:00,0.07450462,0.20710354,0.1645215,0.12829453214257955,0.06992091409515064,False
1981-01-19 11:00:00,0.09951268,0.24001074,0.18953486,0.15621766193211076,0.07097382056847311,False
1981-01-19 12:00:00,0.11396263,0.2553582,0.20071787,0.17082237298041583,0.07222807236064631,False
1981-01-19 13:00:00,0.11219037,0.27801245,0.21653639,0.17901340601593257,0.07379644601289899,False
1981-01-19 14:00:00,0.08374878,0.2827909,0.22027835,0.16456791903823612,0.07498844924233794,False
1981-01-19 15:00:00,0.047306955,0.26363456,0.20642665,0.1357243056297302,0.07606964208335401,False
1981-01-19 16:00:00,0.009643911,0.24636349,0.19582662,0.10704730245377868,0.07696374639564445,False
1981-01-19 17:00:00,1.2620205e-05,0.2405036,0.19161272,0.0991001950537011,0.07774356021990475,False
1981-01-19 18:00:00,0.0,0.23863198,0.18869464,0.09824471072852611,0.07846900223670017,False
1981-01-19 19:00:00,0.0,0.23448604,0.18210454,0.0963589953482151,0.07918402843366565,False
1981-01-19 20:00:00,0.0,0.21784905,0.16578028,0.08933843287825585,0.0798217714186474,False
1981-01-19 21:00:00,0.0,0.20084539,0.15170163,0.08230383709073066,0.08029546129118606,False
1981-01-19 22:00:00,0.0,0.18121503,0.13544305,0.0741822716742754,0.08053818528979971,False
1981-01-19 23:00:00,0.0,0.17325138,0.13110486,0.0710094198435545,0.08052166827602267,False
1981-01-20 00:00:00,0.0,0.16546425,0.12723216,0.0679268459379673,0.08037466401417694,False
1981-01-20 01:00:00,0.0,0.1551383,0.12082635,0.0637706551104784,0.08009700970919291,False
1981-01-20 02:00:00,0.0,0.1462711,0.11556302,0.06021443702280522,0.07971753674707795,False
1981-01-20 03:00:00,0.0,0.13738473,0.109567575,0.05661161354184151,0.07922809783168556,False
1981-01-20 04:00:00,0.0,0.12664893,0.10163049,0.0522215024381876,0.07863133151698347,False
1981-01-20 05:00:00,0.0,0.11999695,0.0972508,0.049530417591333385,0.07796899835564616,False
1981-01-20 06:00:00,0.0,0.11887094,0.097719796,0.04914024449139834,0.07720304134869437,False
1981-01-20 07:00:00,3.6160636e-05,0.121549435,0.10126074,0.05034068596287398,0.0763970645860252,False
1981-01-20 08:00:00,0.012637551,0.12744063,0.10721759,0.06010720960330218,0.07553818969040464,False
1981-01-20 09:00:00,0.06034824,0.13333352,0.11181425,0.09005897199735045,0.07455112906869399,False
1981-01-20 10:00:00,0.11793587,0.15778975,0.12919688,0.13325004913657906,0.07356271738828679,False
1981-01-20 11:00:00,0.16009098,0.17062786,0.13821387,0.16279772743582724,0.07276841984012063,False
1981-01-20 12:00:00,0.18387063,0.170721,0.13776226,0.17652856181561946,0.07190765266591892,False
1981-01-20 13:00:00,0.16407515,0.1480957,0.12078961,0.15584131336212156,0.07100970731526202,False
1981-01-20 14:00:00,0.12512152,0.1287024,0.105369136,0.12537623615562915,0.06983871531112018,False
1981-01-20 15:00:00,0.06631826,0.11124731,0.09128103,0.08424506752938032,0.06846151531089927,False
1981-01-20 16:00:00,0.014077234,0.098280355,0.0810316,0.04876372148375958,0.06700921327028943,False
1981-01-20 17:00:00,3.163695e-05,0.093702346,0.07748997,0.03877887872109932,0.06548913586799342,False
1981-01-20 18:00:00,0.0,0.091034964,0.07544398,0.037665876701474185,0.06395695239232792,False
1981-01-20 19:00:00,0.0,0.08461412,0.070113234,0.035008725084364416,0.06246944767257138,False
1981-01-20 20:00:00,0.0,0.07348861,0.06021802,0.03036906950175762,0.061049617835524816,False
1981-01-20 21:00:00,0.0,0.059978187,0.049226217,0.02479016675055027,0.059772863256483656,True
1981-01-20 22:00:00,0.0,0.04149023,0.031674694,0.017020328622311353,0.05864189876822693,True
1981-01-20 23:00:00,0.0,0.034490008,0.02526423,0.01409108131751418,0.05769923841601177,True
1981-01-21 00:00:00,0.0,0.029515611,0.02151688,0.012053171982988714,0.05677413225147812,True
1981-01-21 01:00:00,0.0,0.028399881,0.020703511,0.011597545690834522,0.055889205211279304,True
1981-01-21 02:00:00,0.0,0.027309958,0.01990896,0.011152458351105453,0.055028453615232696,True
1981-01-21 03:00:00,0.0,0.02920381,0.021289578,0.011925843011587858,0.05421670741748003,True
1981-01-21 04:00:00,0.0,0.033777513,0.024623806,0.013793587658554315,0.053522254076059296,True
1981-01-21 05:00:00,0.0,0.03302254,0.024073433,0.013485283222049475,0.052975404944475134,True
1981-01-21 06:00:00,0.0,0.038679563,0.028314749,0.015801754999905826,0.05253695780711187,True
1981-01-21 07:00:00,2.8208176e-05,0.046015423,0.037658125,0.019029505886532207,0.05214807091580642,True
1981-01-21 08:00:00,0.0119252,0.050704148,0.043866176,0.02795944440178573,0.05175508562342689,True
1981-01-21 09:00:00,0.060163688,0.054830573,0.04796592,0.05753708930686116,0.051358648673836514,True
1981-01-21 10:00:00,0.11439979,0.058199562,0.049702447,0.09016824983060359,0.05111416199490154,True
1981-01-21 11:00:00,0.1598805,0.05476582,0.04520739,0.11490083757042883,0.050694525652071824,True
1981-01-21 12:00:00,0.18077765,0.056543946,0.04717729,0.1277209961488843,0.05030285216306372,True
1981-01-21 13:00:00,0.17130509,0.05767413,0.049648136,0.1228057898171246,0.04986665275177954,True
1981-01-21 14:00:00,0.12888877,0.05790339,0.050502725,0.09846231902763247,0.04963217215803798,True
1981-01-21 15:00:00,0.071057834,0.060036313,0.05296367,0.06601380768045784,0.04942628092936897,True
1981-01-21 16:00:00,0.015435144,0.060359236,0.053795386,0.03408358714357018,0.049208047283708166,True
1981-01-21 17:00:00,4.379615e-05,0.0612665,0.05412554,0.025555388221757312,0.048873363185471745,True
1981-01-21 18:00:00,0.0,0.06444544,0.05674288,0.02684448418021202,0.04851329751248303,True
1981-01-21 19:00:00,0.0,0.06772382,0.05957545,0.028207163169980048,0.04817321226029488,True
1981-01-21 20:00:00,0.0,0.0674851,0.05837427,0.02805421308428049,0.04787497698590922,True
1981-01-21 21:00:00,0.0,0.06747942,0.057734016,0.02801754165440798,0.047622425361590635,True
1981-01-21 22:00:00,0.0,0.06975855,0.05914204,0.028934574767947197,0.047460854572996675,True
1981-01-21 23:00:00,0.0,0.06430485,0.053256184,0.02660432394593954,0.04745630499539729,True
1981-01-22 00:00:00,0.0,0.061758976,0.04928307,0.025450348008424044,0.04749685385665688,True
1981-01-22 01:00:00,0.0,0.054937515,0.040419172,0.022454578500241042,0.04755612975771836,True
1981-01-22 02:00:00,0.0,0.052007593,0.03814477,0.021250619530677795,0.04760569963947236,True
1981-01-22 03:00:00,0.0,0.05690202,0.042240877,0.023277853153645993,0.04762952567910141,True
1981-01-22 04:00:00,0.0,0.0634812,0.047188565,0.025972744122147562,0.04759189943101554,True
1981-01-22 05:00:00,0.0,0.06959136,0.05195822,0.028484954997897147,0.04749044539749919,True
1981-01-22 06:00:00,0.0,0.07446434,0.05548761,0.0304736737087369,0.04739322396489623,True
1981-01-22 07:00:00,4.647578e-05,0.07693945,0.056665163,0.031477391928656284,0.047274799398317184,True
1981-01-22 08:00:00,0.017264815,0.07600685,0.056850173,0.041078236022964114,0.047123031752300946,True
1981-01-22 09:00:00,0.08376019,0.073219195,0.055112973,0.07832361140847205,0.047052790459595185,True
1981-01-22 10:00:00,0.15126736,0.062816866,0.049015034,0.11310750468075274,0.047076512029899466,True
1981-01-22 11:00:00,0.2044101,0.063325,0.04973783,0.1439973999634385,0.04715216984681369,True
1981-01-22 12:00:00,0.22461218,0.063081734,0.050233416,0.15559099007397886,0.04723100638517694,True
1981-01-22 13:00:00,0.20836215,0.059101377,0.047275517,0.14458624486252666,0.04728027006374566,True
1981-01-22 14:00:00,0.16043952,0.05544178,0.04558958,0.11549345717951655,0.04732338113434817,True
1981-01-22 15:00:00,0.08941637,0.053561162,0.044676635,0.07376985253766179,0.04734706333283539,True
1981-01-22 16:00:00,0.020078516,0.05093263,0.0429526,0.03269888476841151,0.047244920317472135,True
1981-01-22 17:00:00,8.02161e-05,0.051676665,0.04408801,0.021495726417640977,0.04703342226912161,True
1981-01-22 18:00:00,0.0,0.05141867,0.043857325,0.021341784596443175,0.04674165578133401,True
1981-01-22 19:00:00,0.0,0.04997398,0.04172284,0.02069343191385269,0.04642436388337959,True
1981-01-22 20:00:00,0.0,0.044142555,0.036259048,0.01824659153446555,0.046077994572049676,True
1981-01-22 21:00:00,0.0,0.041213226,0.033834975,0.017034768898040054,0.04575367178109448,True
1981-01-22 22:00:00,0.0,0.04073035,0.032823145,0.01680194889754057,0.04545328075385626,True
1981-01-22 23:00:00,0.0,0.039001916,0.030476293,0.01603742665797472,0.045238884535552665,True
1981-01-23 00:00:00,0.0,0.036271628,0.028040454,0.014898415233939886,0.045050166794499115,True
1981-01-23 01:00:00,0.0,0.034060303,0.026086077,0.013976900015026331,0.044901554949283336,True
1981-01-23 02:00:00,0.0,0.030015726,0.02259825,0.01229610825330019,0.044840025304984044,True
1981-01-23 03:00:00,0.0,0.024776746,0.01809563,0.010119783103466033,0.04483557755074438,True
1981-01-23 04:00:00,0.0,0.021852441,0.015930431,0.00892379404976964,0.044822297310158354,True
1981-01-23 05:00:00,0.0,0.021594977,0.01574274,0.008818654457107186,0.044800749583570026,True
1981-01-23 06:00:00,0.0,0.024775265,0.018061168,0.010117375804111362,0.04479199557838004,True
1981-01-23 07:00:00,8.5200794e-05,0.028639745,0.020878373,0.011744658877752952,0.04481753269343611,True
1981-01-23 08:00:00,0.0193957,0.032805238,0.023915015,0.024587862351909278,0.04488940928886991,True
1981-01-23 09:00:00,0.077639416,0.033983685,0.02477411,0.05867572468146681,0.04504747376112614,True
1981-01-23 10:00:00,0.1387299,0.03367732,0.024550764,0.09379982504248617,0.045200473367264855,True
1981-01-23 11:00:00,0.18292037,0.03217687,0.023456937,0.11868499141186474,0.0453921983181782,True
1981-01-23 12:00:00,0.20212296,0.03296236,0.024029559,0.13008565272018313,0.0455662302368914,True
1981-01-23 13:00:00,0.19255991,0.03371498,0.024578221,0.12487512120604514,0.045793084571476766,True
1981-01-23 14:00:00,0.14961098,0.032504,0.023695415,0.09959906455501913,0.04609675756511004,True
1981-01-23 15:00:00,0.08486419,0.029738775,0.021679565,0.06111094294302165,0.04656897648597483,True
1981-01-23 16:00:00,0.020869324,0.029116236,0.02122574,0.023931680822744966,0.04714541923405018,True
1981-01-23 17:00:00,0.00011531064,0.028121985,0.020500924,0.011550596807952389,0.04784989837835424,True
1981-01-23 18:00:00,0.0,0.028441332,0.02073373,0.011614473078399896,0.048541559366574755,True
1981-01-23 19:00:00,0.0,0.028360432,0.020674756,0.011581436226144434,0.04918937475240814,True
1981-01-23 20:00:00,0.0,0.030577274,0.022290833,0.012486719118431211,0.049815392786702384,True
1981-01-23 21:00:00,0.0,0.033300452,0.02427603,0.013598772346973419,0.05048273348977814,True
1981-01-23 22:00:00,0.0,0.045654036,0.033281796,0.01864355628937483,0.05120287505869778,True
1981-01-23 23:00:00,0.0,0.042966045,0.031322252,0.017545872375369073,0.051929644439434874,True
1981-01-24 00:00:00,0.0,0.04485432,0.0326988,0.01831697943806648,0.05262320636405634,True
1981-01-24 01:00:00,0.0,0.047754113,0.03481274,0.01950115557387471,0.05327737356100256,True
1981-01-24 02:00:00,0.0,0.051515374,0.037554707,0.021037127327173947,0.053948056905595836,True
1981-01-24 03:00:00,0.0,0.05544055,0.040422946,0.022640401605516672,0.05469159347477393,True
1981-01-24 04:00:00,0.0,0.061045278,0.044680476,0.024938453245908022,0.055568891265494996,True
1981-01-24 05:00:00,0.0,0.0686531,0.050588317,0.028064762748777866,0.056507917100861914,True
1981-01-24 06:00:00,0.0,0.077231355,0.059279356,0.03169945523142814,0.05750623200037075,True
1981-01-24 07:00:00,0.00010243111,0.0844548,0.068602696,0.03492746850947879,0.05856827814394632,True
1981-01-24 08:00:00,0.017999439,0.09232375,0.07800353,0.04866533069126308,0.05968884028028024,True
1981-01-24 09:00:00,0.07575454,0.10099188,0.08687443,0.08566759250313043,0.06082465716245067,False
1981-01-24 10:00:00,0.13680494,0.10443395,0.08958753,0.12231030232459307,0.061866654336174116,False
1981-01-24 11:00:00,0.18396436,0.11116028,0.0960251,0.1523509320616722,0.06263165628245825,False
1981-01-24 12:00:00,0.20248905,0.119324856,0.10394344,0.16647999813407657,0.06337092246304679,False
1981-01-24 13:00:00,0.18516973,0.12560925,0.110551916,0.15916254855692386,0.06418863594822379,False
1981-01-24 14:00:00,0.14792566,0.12658094,0.11293506,0.13815996538102626,0.06524627475389382,False
1981-01-24 15:00:00,0.083151825,0.1279925,0.1153939,0.10143910444527865,0.06655271144261066,False
1981-01-24 16:00:00,0.021136597,0.13008246,0.11699334,0.06651388369500637,0.06807166098236055,False
1981-01-24 17:00:00,0.00015484243,0.13099194,0.116112694,0.054695453852225906,0.06975919079770204,False
1981-01-24 18:00:00,0.0,0.12647602,0.10680133,0.052436923116445544,0.07154807021593564,False
1981-01-24 19:00:00,0.0,0.12242721,0.10308624,0.05074229755997657,0.07333213837313354,False
1981-01-24 20:00:00,0.0,0.12116015,0.10316389,0.05027894528210163,0.07509139669101107,False
1981-01-24 21:00:00,0.0,0.1241302,0.10736151,0.051601564206182955,0.07681657781576626,False
1981-01-24 22:00:00,0.0,0.12429303,0.10782873,0.051686879172921175,0.07850010942326746,False
1981-01-24 23:00:00,0.0,0.118846945,0.10136808,0.04932839903980493,0.07989285970464237,False
1981-01-25 00:00:00,0.0,0.11165578,0.09439737,0.046298440687358375,0.08129151143118626,False
1981-01-25 01:00:00,0.0,0.11133165,0.094228186,0.04616970055550337,0.08263297757305092,False
1981-01-25 02:00:00,0.0,0.115732275,0.09778989,0.0479858635738492,0.08395626627475843,False
1981-01-25 03:00:00,0.0,0.12573898,0.1080073,0.052230077058076856,0.08518370810229219,False
1981-01-25 04:00:00,0.0,0.12923007,0.11687295,0.05399703414738178,0.08635345847354158,False
1981-01-25 05:00:00,0.0,0.13567175,0.12360915,0.05673776963353157,0.08739686551535387,False
1981-01-25 06:00:00,0.0,0.14598958,0.13380435,0.06109559069573879,0.08826378002654646,False
1981-01-25 07:00:00,9.761931e-05,0.1565244,0.1429224,0.06553164142178139,0.08894032255824541,False
1981-01-25 08:00:00,0.014420226,0.16949666,0.15263586,0.07910707269608976,0.08935302802993578,False
1981-01-25 09:00:00,0.0534058,0.1868733,0.16518879,0.10869158902019263,0.08961973777948384,False
1981-01-25 10:00:00,0.0953226,0.18138728,0.15901616,0.1305199184641242,0.08984890671655972,False
1981-01-25 11:00:00,0.12111743,0.20266387,0.17596379,0.15416976808011532,0.0901917290174508,False
1981-01-25 12:00:00,0.13466837,0.22061647,0.18934767,0.16933590000867843,0.09060058612725203,False
1981-01-25 13:00:00,0.13139957,0.24071093,0.20373885,0.1756417838782072,0.09087841880903084,False
1981-01-25 14:00:00,0.10684733,0.2427088,0.20551051,0.16230802561342716,0.09098370161768486,False
1981-01-25 15:00:00,0.06141375,0.23775944,0.20095469,0.13402052085101604,0.090623498732452,False
1981-01-25 16:00:00,0.014647045,0.23249064,0.19801332,0.10493311195913703,0.09000897332683953,False
1981-01-25 17:00:00,6.390779e-05,0.23462762,0.20004338,0.09741680888316477,0.08910251226725803,False
1981-01-25 18:00:00,0.0,0.2342791,0.20001404,0.09724974462389946,0.0881233724675093,False
1981-01-25 19:00:00,0.0,0.23127908,0.1978492,0.09602583548426628,0.08717683848440165,False
1981-01-25 20:00:00,0.0,0.22948158,0.19660576,0.09529541310667991,0.0862699128777439,False
1981-01-25 21:00:00,0.0,0.22735314,0.19472186,0.09440828950703144,0.08541983423560841,False
1981-01-25 22:00:00,0.0,0.20556122,0.17858295,0.0854955697953701,0.0846320027894525,False
1981-01-25 23:00:00,0.0,0.2037832,0.17565101,0.08468115524947643,0.083859857479967,False
1981-01-26 00:00:00,0.0,0.19912541,0.17092738,0.08270735424757003,0.08312554822109623,False
1981-01-26 01:00:00,0.0,0.1998949,0.17144062,0.08301901325583458,0.08245319188704697,False
1981-01-26 02:00:00,0.0,0.19274811,0.16352372,0.07995433504879475,0.08178223460230029,False
1981-01-26 03:00:00,0.0,0.18997422,0.16088764,0.0787884194254875,0.08105844438115119,False
1981-01-26 04:00:00,0.0,0.18089315,0.15319292,0.07502199125289917,0.08018510015115125,False
1981-01-26 05:00:00,0.0,0.1681535,0.14125963,0.06967665928602218,0.07928209140854404,False
1981-01-26 06:00:00,0.0,0.15523198,0.12764621,0.06417349675297737,0.07838864786438161,False
1981-01-26 07:00:00,0.000119402124,0.13233545,0.108086176,0.05473733115061623,0.07743515053418913,False
1981-01-26 08:00:00,0.021214623,0.119050495,0.09809127,0.061467398669570676,0.07633859035654456,False
1981-01-26 09:00:00,0.09055443,0.10738431,0.088758975,0.09666770148277283,0.07521423058109354,False
1981-01-26 10:00:00,0.16918804,0.09963716,0.08107711,0.138765772767365,0.07434835293188997,False
1981-01-26 11:00:00,0.22629674,0.10070149,0.07859271,0.17197607333213089,0.07375909111567693,False
1981-01-26 12:00:00,0.25066215,0.08590515,0.06453532,0.17981596685945986,0.07327107227793891,False
1981-01-26 13:00:00,0.24031205,0.06253747,0.045921143,0.16421612337231634,0.07268933656804338,False
1981-01-26 14:00:00,0.1823122,0.03838734,0.027984371,0.12087022688984869,0.07175629727777556,False
1981-01-26 15:00:00,0.10598866,0.02641363,0.019255538,0.07194188497588037,0.07051875790952082,False
1981-01-26 16:00:00,0.025675548,0.020052996,0.014618632,0.023003752835094926,0.0689581924497072,False
1981-01-26 17:00:00,0.00021598414,0.018542485,0.013517473,0.007696743464286555,0.06714443284989488,False
1981-01-26 18:00:00,0.0,0.017149547,0.012502019,0.007003291927278042,0.06521212331865983,False
1981-01-26 19:00:00,0.0,0.017655408,0.012870794,0.0072098684404045335,0.06330584674482535,False
1981-01-26 20:00:00,0.0,0.023202643,0.016914727,0.009475170459598302,0.06145133938188966,False
1981-01-26 21:00:00,0.0,0.03372378,0.02484408,0.013785654790699483,0.05965133196083199,True
1981-01-26 22:00:00,0.0,0.03573148,0.026647933,0.014623904317617417,0.057898104631484704,True
1981-01-26 23:00:00,0.0,0.03430137,0.026376832,0.014081554614007473,0.056323672514435125,True
1981-01-27 00:00:00,0.0,0.034218032,0.025905238,0.014025336652994155,0.0548016648798047,True
1981-01-27 01:00:00,0.0,0.03398004,0.026391027,0.013963750887662172,0.05335844711961992,True
1981-01-27 02:00:00,0.0,0.03236516,0.024096103,0.013243932958692313,0.051912950201219166,True
1981-01-27 03:00:00,0.0,0.025245868,0.018404238,0.010309554018080234,0.050530349708188545,True
1981-01-27 04:00:00,0.0,0.026085949,0.019016657,0.010652614502236247,0.049174281902637555,True
1981-01-27 05:00:00,0.0,0.033921726,0.024728937,0.01385247951373458,0.047890202960957064,True
1981-01-27 06:00:00,0.0,0.037529096,0.027397823,0.015327718846499921,0.046709085800711286,True
1981-01-27 07:00:00,0.00019518098,0.031305578,0.022821765,0.012896752894841485,0.0456454149345199,True
1981-01-27 08:00:00,0.025029726,0.026191337,0.019093482,0.025137803474441167,0.04477649360201735,True
1981-01-27 09:00:00,0.098311424,0.025476582,0.01857243,0.06712946185842156,0.04399709929918974,True
1981-01-27 10:00:00,0.16737625,0.013858291,0.010102695,0.10223535128589718,0.043043463521105656,True
1981-01-27 11:00:00,0.21855186,0.0113634365,0.008283945,0.130744863868691,0.0417270187685618,True
1981-01-27 12:00:00,0.23692483,0.0115263285,0.008402694,0.14141258593369274,0.040141159597873795,True
1981-01-27 13:00:00,0.21849209,0.011719785,0.008543723,0.13085589794535188,0.03863265220461207,True
1981-01-27 14:00:00,0.16924675,0.012857981,0.009373468,0.10290613593719898,0.03742098413071388,True
1981-01-27 15:00:00,0.09349477,0.012652608,0.009223752,0.05911337877996266,0.03671711320450633,True
1981-01-27 16:00:00,0.02319242,0.010996568,0.008016498,0.01787265116814524,0.036433327608171646,True
1981-01-27 17:00:00,0.00021857733,0.011117067,0.008104342,0.004665951383882203,0.036481557582439345,True
1981-01-27 18:00:00,0.0,0.014076757,0.010261957,0.005748469079844653,0.03655039983036849,True
1981-01-27 19:00:00,0.0,0.017164705,0.01251307,0.0070094820633530616,0.036628685488634884,True
1981-01-27 20:00:00,0.0,0.02178207,0.015879128,0.008895056895911694,0.03671825401942633,True
1981-01-27 21:00:00,0.0,0.025108304,0.018303955,0.010253377698361873,0.03678186883117459,True
1981-01-27 22:00:00,0.0,0.02429886,0.017713869,0.009922828176990152,0.03679554654370449,True
1981-01-27 23:00:00,0.0,0.028392088,0.021261267,0.01162478878721595,0.036831292564667904,True
1981-01-28 00:00:00,0.0,0.032661285,0.02557199,0.01343290175870061,0.03689454438832044,True
1981-01-28 01:00:00,0.0,0.033113115,0.026230035,0.0136351611725986,0.036970077611193204,True
1981-01-28 02:00:00,0.0,0.033082243,0.025595624,0.013589511383324862,0.03705518751327335,True
1981-01-28 03:00:00,0.0,0.033460572,0.025003955,0.013697164759039877,0.03714925602140292,True
1981-01-28 04:00:00,0.0,0.032776173,0.023922114,0.013386202052235603,0.03729145220146902,True
1981-01-28 05:00:00,0.0,0.031772006,0.023317875,0.01298303559422493,0.0373864629322562,True
1981-01-28 06:00:00,0.0,0.032068435,0.023778567,0.013117295175790786,0.03734965902465783,True
1981-01-28 07:00:00,0.00024776516,0.031538136,0.023121748,0.013029107190493959,0.03725524169943683,True
1981-01-28 08:00:00,0.019578405,0.031229746,0.022888083,0.024056472133845094,0.037211234529373326,True
1981-01-28 09:00:00,0.066139616,0.031095566,0.023265958,0.05089318413473665,0.037234092926050316,True
1981-01-28 10:00:00,0.112849504,0.025619814,0.018676843,0.07557642464525997,0.03722004710462512,True
1981-01-28 11:00:00,0.14785103,0.0258219,0.018824164,0.09585483313910663,0.037392254580672454,True
1981-01-28 12:00:00,0.1643381,0.030816792,0.022465443,0.10740761198289692,0.03767827166840691,True
1981-01-28 13:00:00,0.1593181,0.034600113,0.025223482,0.10605605582520365,0.03802319322554264,True
1981-01-28 14:00:00,0.12366109,0.038512394,0.028164782,0.08708442243188619,0.03847851487515596,True
1981-01-28 15:00:00,0.07676133,0.034339845,0.025138656,0.05832017635181546,0.03894870582516562,True
1981-01-28 16:00:00,0.023195937,0.029225586,0.021305455,0.025318791599944233,0.039466776624270186,True
1981-01-28 17:00:00,0.0003924365,0.026384996,0.019234665,0.011001171364885522,0.039926857542873916,True
1981-01-28 18:00:00,0.0,0.02635137,0.019210149,0.010761003524065019,0.04026986645491867,True
1981-01-28 19:00:00,0.0,0.028183438,0.020545729,0.011509157918393612,0.0405955123870897,True
1981-01-28 20:00:00,0.0,0.03068003,0.022365743,0.01252868142351508,0.04094223714035776,True
1981-01-28 21:00:00,0.0,0.035365786,0.025781663,0.014442184992134571,0.04129830024459239,True
1981-01-28 22:00:00,0.0,0.040012423,0.02916906,0.01633971332386136,0.04169728024092343,True
1981-01-28 23:00:00,0.0,0.041917402,0.03055779,0.017117642149329187,0.04221686463509992,True
1981-01-29 00:00:00,0.0,0.04321292,0.03158081,0.01765093135088682,0.04271582807610117,True
1981-01-29 01:00:00,0.0,0.044175874,0.03237275,0.0180490261875093,0.0431733714820382,True
1981-01-29 02:00:00,0.0,0.043473754,0.031803817,0.017759221348911523,0.04362855361504786,True
1981-01-29 03:00:00,0.0,0.041959837,0.030588718,0.017134970661252736,0.0440756023780939,True
1981-01-29 04:00:00,0.0,0.037253663,0.027157925,0.015213129580020905,0.04453286723452926,True
1981-01-29 05:00:00,0.0,0.029595735,0.021575294,0.012085891949012875,0.044972055422936835,True
1981-01-29 06:00:00,0.0,0.026436303,0.019272065,0.010795687235891818,0.04540017365278051,True
1981-01-29 07:00:00,0.00031904917,0.025957884,0.018923298,0.01078440873179352,0.04585537366927908,True
1981-01-29 08:00:00,0.025771353,0.02783027,0.020288264,0.026235006514936685,0.04634840708178894,True
1981-01-29 09:00:00,0.092743956,0.03169216,0.023103585,0.06645526243001222,0.04700449795065873,True
1981-01-29 10:00:00,0.1635259,0.03954019,0.028824795,0.11050131013616919,0.048084817201864194,True
1981-01-29 11:00:00,0.21809565,0.045626953,0.033262055,0.14447368407994507,0.04947477123202871,True
1981-01-29 12:00:00,0.23766924,0.051017143,0.0371915,0.15796882067620752,0.05114315486904505,True
1981-01-29 13:00:00,0.22843021,0.051196977,0.0373226,0.15271133712679147,0.052821688235887544,True
1981-01-29 14:00:00,0.18167117,0.050569918,0.03686547,0.12547530153766273,0.054275370123092616,True
1981-01-29 15:00:00,0.11035027,0.049731538,0.036254294,0.08398077713698147,0.055522478214071976,True
1981-01-29 16:00:00,0.033258446,0.05085245,0.037071437,0.03995653526112437,0.05642557161394002,True
1981-01-29 17:00:00,0.0005904988,0.05086818,0.0373945,0.021130379162030293,0.05708958042385328,True
1981-01-29 18:00:00,0.0,0.05229186,0.03858848,0.021379473824054,0.05765691198218984,True
1981-01-29 19:00:00,0.0,0.057885267,0.04245568,0.023652270220220088,0.05822899217900259,True
1981-01-29 20:00:00,0.0,0.063567065,0.04684887,0.025986085899174213,0.05883251332488281,True
1981-01-29 21:00:00,0.0,0.07178167,0.054018155,0.029404417522251605,0.059488666381886206,True
1981-01-29 22:00:00,0.0,0.0846414,0.06722599,0.0348628790974617,0.06017619654509609,False
1981-01-29 23:00:00,0.0,0.08634726,0.06875732,0.03557503395527602,0.06084619886145365,False
1981-01-30 00:00:00,0.0,0.085878834,0.06862399,0.035394985243678095,0.06154312475255128,False
1981-01-30 01:00:00,0.0,0.08602722,0.069256656,0.03548390355706215,0.06225210783394423,False
1981-01-30 02:00:00,0.0,0.084966496,0.06842991,0.03504785200953483,0.06298142026664127,False
1981-01-30 03:00:00,0.0,0.08642994,0.06950427,0.03564587786793709,0.06372068106985089,False
1981-01-30 04:00:00,0.0,0.08342057,0.06824159,0.03446723509579897,0.0644923357062172,False
1981-01-30 05:00:00,0.0,0.08112541,0.066619165,0.03353271062672138,0.06528718826194664,False
1981-01-30 06:00:00,0.0,0.08458957,0.06950638,0.03496689596772194,0.06610481856236139,False
1981-01-30 07:00:00,0.000422143,0.088124104,0.07283963,0.036694710990966994,0.06692974382763633,False
1981-01-30 08:00:00,0.03134948,0.090492375,0.07534254,0.05554883383959531,0.06774626966724322,False
1981-01-30 09:00:00,0.11077824,0.09379523,0.07813003,0.10274850819259881,0.0685765144914559,False
1981-01-30 10:00:00,0.18736923,0.08255486,0.06887833,0.1422942180931568,0.06960334460432792,False
1981-01-30 11:00:00,0.23951721,0.09115342,0.07592971,0.17593724771589042,0.0706740295174857,False
1981-01-30 12:00:00,0.2578072,0.09484251,0.078251414,0.1879772135913372,0.07182144089403401,False
1981-01-30 13:00:00,0.23821561,0.09277864,0.07679744,0.175832786411047,0.07294942728898948,False
1981-01-30 14:00:00,0.18994862,0.09015248,0.07553691,0.14694561079889537,0.07399988260247584,False
1981-01-30 15:00:00,0.11248773,0.08868339,0.07479753,0.1016686595454812,0.07484198622928771,False
1981-01-30 16:00:00,0.034958947,0.08940911,0.074591465,0.057191214475780724,0.07549536333476962,False
1981-01-30 17:00:00,0.0007267855,0.09152998,0.07479941,0.03823308616504073,0.07593113981469994,False
1981-01-30 18:00:00,0.0,0.092597485,0.075044096,0.03822085297107696,0.07629043387601248,False
1981-01-30 19:00:00,0.0,0.09795832,0.08021395,0.04047817292064429,0.07666375564507304,False
1981-01-30 20:00:00,0.0,0.10621872,0.089431874,0.04402402815967798,0.07705687349199412,False
1981-01-30 21:00:00,0.0,0.114142075,0.098614946,0.04744363282620907,0.07749488272241413,False
1981-01-30 22:00:00,0.0,0.11662501,0.10120732,0.04849982450902462,0.07796315413390383,False
1981-01-30 23:00:00,0.0,0.12152178,0.106084235,0.050570084922015666,0.07832131627344623,False
1981-01-31 00:00:00,0.0,0.12426821,0.10791017,0.05168211925774813,0.07864900599003866,False
1981-01-31 01:00:00,0.0,0.12736566,0.11218691,0.053056022956967354,0.07892473535009756,False
1981-01-31 02:00:00,0.0,0.12785687,0.1123066,0.053243739902973174,0.07914843940504922,False
1981-01-31 03:00:00,0.0,0.13018733,0.113616064,0.054174393206834794,0.07937657742531135,False
1981-01-31 04:00:00,0.0,0.12869819,0.10882263,0.05336605225503444,0.07964374849482535,False
1981-01-31 05:00:00,0.0,0.12389035,0.10401126,0.051332146368920806,0.08004139117946013,False
1981-01-31 06:00:00,0.0,0.12158003,0.102390185,0.050392099969089034,0.08054855350826963,False
1981-01-31 07:00:00,0.00042666667,0.12000372,0.10092757,0.049977649032924086,0.08107691591934398,False
1981-01-31 08:00:00,0.031262614,0.11591961,0.097664684,0.06608675807714462,0.08163277468994824,False
1981-01-31 09:00:00,0.11533114,0.118889906,0.09864191,0.11574310784786938,0.08229200234141455,False
1981-01-31 10:00:00,0.1975255,0.11581046,0.096072435,0.16189418596774338,0.08318542363139124,False
1981-01-31 11:00:00,0.25741443,0.123360224,0.10187743,0.19954943015426396,0.08447011157732091,False
1981-01-31 12:00:00,0.28266463,0.11844318,0.09831747,0.2121121676340699,0.08587099018570289,False
1981-01-31 13:00:00,0.27195555,0.111630775,0.093020074,0.2031331921741366,0.08730524138983593,False
1981-01-31 14:00:00,0.21629277,0.099175945,0.083322674,0.16589627562463283,0.08869905062518026,False
1981-01-31 15:00:00,0.133843,0.091994904,0.07721009,0.11534287820011377,0.0898822546106292,False
1981-01-31 16:00:00,0.042113855,0.08827858,0.07406142,0.06087380629777909,0.09080151343036696,False
1981-01-31 17:00:00,0.0009502611,0.09134894,0.076304354,0.03837649410503218,0.09146825171915447,False
1981-01-31 18:00:00,0.0,0.09491804,0.07915113,0.039298918738961214,0.09204107490516657,False
1981-01-31 19:00:00,0.0,0.10273761,0.085402735,0.04252192687243223,0.09261013678423519,False
1981-01-31 20:00:00,0.0,0.113623895,0.0941354,0.04701052895933389,0.09311368204662035,False
1981-01-31 21:00:00,0.0,0.12515551,0.1055382,0.05188144527375698,0.09349991936664487,False
1981-01-31 22:00:00,0.0,0.12566468,0.10526656,0.05205466179549694,0.09377513006291742,False
1981-01-31 23:00:00,0.0,0.123903506,0.10340272,0.051304140351712706,0.09405462326630408,False
1981-02-01 00:00:00,0.0,0.11749086,0.09770126,0.048629994526505474,0.09415783034832605,False
1981-02-01 01:00:00,0.0,0.11155401,0.09367163,0.0462216981947422,0.09416252488046341,False
1981-02-01 02:00:00,0.0,0.110994026,0.09336447,0.0459984769821167,0.09410511961448394,False
1981-02-01 03:00:00,0.0,0.1169899,0.09816324,0.04847008920460939,0.09408226031213456,False
1981-02-01 04:00:00,0.0,0.12918043,0.10900935,0.05355408395826816,0.09407261928785049,False
1981-02-01 05:00:00,0.0,0.13947053,0.11873844,0.05787650240957737,0.09411041476167194,False
1981-02-01 06:00:00,0.0,0.14541112,0.12354794,0.06032829169929028,0.0942183211102096,False
1981-02-01 07:00:00,0.0006274375,0.15174484,0.130001,0.06337593197997193,0.09438234814218632,False
1981-02-01 08:00:00,0.03844345,0.15642637,0.13497333,0.08719176110997796,0.09461467684995516,False
1981-02-01 09:00:00,0.13166362,0.16748871,0.14554606,0.14563273011147976,0.09506679182751858,False
1981-02-01 10:00:00,0.2234691,0.18004927,0.15887763,0.20395923949778078,0.0957530821234684,False
1981-02-01 11:00:00,0.28570586,0.18837023,0.16330598,0.2431794209182262,0.09686349626261874,False
1981-02-01 12:00:00,0.30837533,0.1900776,0.16203836,0.2568212713897228,0.09819314622060217,False
1981-02-01 13:00:00,0.2897207,0.1821867,0.15444237,0.24273562970757484,0.09968506205892942,False
1981-02-01 14:00:00,0.22847243,0.17323527,0.14790738,0.20373940210044383,0.10107231673462448,False
1981-02-01 15:00:00,0.14009474,0.15637322,0.13438332,0.14579308289289472,0.1027004953640278,False
1981-02-01 16:00:00,0.044879068,0.15216953,0.13238658,0.08919465233758091,0.104294405298967,False
1981-02-01 17:00:00,0.0011618657,0.15634893,0.13639718,0.0657285990936216,0.10577409994582777,False
1981-02-01 18:00:00,0.0,0.15754384,0.1370768,0.0655358231663704,0.1071973822322383,False
1981-02-01 19:00:00,0.0,0.15559913,0.13393085,0.06464834551513195,0.10866147059115465,False
1981-02-01 20:00:00,0.0,0.15099448,0.12678623,0.06256341952085495,0.11009410714224795,False
1981-02-01 21:00:00,0.0,0.14658925,0.12152432,0.060653746247291564,0.11139864566276664,False
1981-02-01 22:00:00,0.0,0.149546,0.12468565,0.061915498271584504,0.11263629093400085,False
1981-02-01 23:00:00,0.0,0.13414808,0.11154416,0.05552402485907078,0.11381731218012864,False
1981-02-02 00:00:00,0.0,0.12537116,0.104546286,0.05190745680034161,0.11509550433100084,False
1981-02-02 01:00:00,0.0,0.12149708,0.101261996,0.05030057018995285,0.11673110526573727,False
1981-02-02 02:00:00,0.0,0.12604977,0.104335696,0.05214649339020252,0.1188236854407645,False
1981-02-02 03:00:00,0.0,0.1296732,0.10855952,0.05371162404119968,0.12140482647863099,False
1981-02-02 04:00:00,0.0,0.13254368,0.116141036,0.05518023499846458,0.12434644898592377,False
1981-02-02 05:00:00,0.0,0.13542734,0.121091895,0.05651165109872818,0.12757607600378687,False
1981-02-02 06:00:00,0.0,0.139524,0.12557486,0.058265397503972055,0.1311222400740429,False
1981-02-02 07:00:00,0.0007400972,0.14523531,0.13167703,0.061129427005827894,0.13501548609795863,False
1981-02-02 08:00:00,0.040100098,0.15470827,0.14005871,0.08778827700018883,0.13915904344486238,False
1981-02-02 09:00:00,0.14034827,0.1620975,0.1461132,0.1486850420534611,0.1436895337000785,False
1981-02-02 10:00:00,0.24191265,0.18116657,0.16222224,0.21519406464695928,0.14785190482887603,False
1981-02-02 11:00:00,0.3146696,0.19639678,0.17292316,0.26337262813746926,0.15119043779078103,False
1981-02-02 12:00:00,0.34167823,0.20788987,0.18267456,0.2837241278737783,0.15362701986217725,False
1981-02-02 13:00:00,0.3188391,0.2059644,0.18056278,0.26972141660749915,0.1556645000407768,False
1981-02-02 14:00:00,0.2498537,0.24029298,0.20768805,0.24404884983599187,0.15762047456344444,False
1981-02-02 15:00:00,0.15007244,0.25273457,0.22221667,0.19185055507719517,0.15952570566565893,False
1981-02-02 16:00:00,0.04811128,0.2502132,0.21870868,0.13189914934709668,0.16136198141146305,False
1981-02-02 17:00:00,0.0014199171,0.25454214,0.22127225,0.1066940438527381,0.16320646780767953,False
1981-02-02 18:00:00,0.0,0.26370552,0.2271819,0.10957515996694565,0.16489102245905546,False
1981-02-02 19:00:00,0.0,0.26803,0.22935955,0.1112884813249111,0.16635739547611325,False
1981-02-02 20:00:00,0.0,0.2641226,0.22531734,0.10962837794423103,0.1676336061632365,False
1981-02-02 21:00:00,0.0,0.26831388,0.22741842,0.11128841829299926,0.16879697083254455,False
1981-02-02 22:00:00,0.0,0.2622415,0.22178821,0.10874368160963059,0.16985629821327627,False
1981-02-02 23:00:00,0.0,0.27175266,0.229271,0.11265736359357834,0.17066019698270707,False
1981-02-03 00:00:00,0.0,0.3068249,0.25778618,0.12713883939385412,0.1714888778379291,False
1981-02-03 01:00:00,0.0,0.35380477,0.29836273,0.14666554659605024,0.1722959330700442,False
1981-02-03 02:00:00,0.0,0.40891245,0.35193616,0.1698932467997074,0.1730646642850816,False
1981-02-03 03:00:00,0.0,0.4551541,0.40215018,0.1896679695546627,0.17368998810780345,False
1981-02-03 04:00:00,0.0,0.5002439,0.44418854,0.2085761808156967,0.17411376981196103,False
1981-02-03 05:00:00,0.0,0.5463699,0.4904052,0.22809237778186797,0.17434065838662086,False
1981-02-03 06:00:00,0.0,0.59067976,0.541542,0.24720410084724426,0.17445119683855323,False
1981-02-03 07:00:00,0.0008818009,0.62383777,0.5844768,0.2622666846313514,0.17451223608703462,False
1981-02-03 08:00:00,0.024884537,0.6919212,0.6477408,0.3046552933603525,0.17455043737988887,False
1981-02-03 09:00:00,0.067033514,0.73186886,0.67941844,0.34542654429376124,0.17424730172298197,False
1981-02-03 10:00:00,0.10506119,0.7254797,0.6645648,0.3642088216692209,0.1733308292308633,False
1981-02-03 11:00:00,0.12469803,0.69050467,0.61830324,0.3601353603452444,0.17137096130315185,False
1981-02-03 12:00:00,0.13729668,0.6614444,0.5801323,0.35462031996250154,0.1690226052871716,False
1981-02-03 13:00:00,0.13417949,0.6240955,0.535363,0.3366224067956209,0.16670275490353478,False
1981-02-03 14:00:00,0.10905927,0.5613297,0.46541908,0.2951904950067401,0.1648628264329828,False
1981-02-03 15:00:00,0.06388065,0.4772246,0.38850573,0.23393431869149206,0.16315772406317267,False
1981-02-03 16:00:00,0.020209156,0.40227643,0.3264688,0.17772999935597183,0.16197336577277602,False
1981-02-03 17:00:00,0.0004500631,0.35414407,0.28978473,0.1465872223596671,0.1609649627009528,False
1981-02-03 18:00:00,0.0,0.32878843,0.2703481,0.13592172798514365,0.16000056765677292,False
1981-02-03 19:00:00,0.0,0.30433023,0.25201118,0.12590645849704743,0.1590213927671488,False
1981-02-03 20:00:00,0.0,0.28598705,0.23843893,0.11840492364764213,0.15806969093141962,False
1981-02-03 21:00:00,0.0,0.26911438,0.22589363,0.11150146052241326,0.15718841796165214,False
1981-02-03 22:00:00,0.0,0.24224538,0.20581658,0.10050263920426368,0.15628387676162528,False
1981-02-03 23:00:00,0.0,0.22965291,0.19553299,0.095300705909729,0.15547709794232506,False
1981-02-04 00:00:00,0.0,0.21834794,0.1865874,0.09064610794186592,0.1544992927478801,False
1981-02-04 01:00:00,0.0,0.20997845,0.17995596,0.0871996685117483,0.15322886062303442,False
1981-02-04 02:00:00,0.0,0.19782381,0.16972318,0.08216203688085079,0.151594314215536,False
1981-02-04 03:00:00,0.0,0.1788479,0.14922728,0.07405314584076406,0.1495081494989048,False
1981-02-04 04:00:00,0.0,0.1599069,0.13083783,0.06607088658213615,0.14710594177322348,False
1981-02-04 05:00:00,0.0,0.14966697,0.1220442,0.06181749679148198,0.14434970480652412,False
1981-02-04 06:00:00,0.0,0.14805575,0.12153168,0.061195281431078906,0.14126382375957328,False
1981-02-04 07:00:00,0.00044888165,0.15173855,0.12430663,0.0629630890628323,0.13780334475340206,False
1981-02-04 08:00:00,0.014694385,0.15707628,0.12588808,0.07323776546865701,0.1340429625788551,False
1981-02-04 09:00:00,0.052862957,0.18005972,0.14352594,0.10469436243176461,0.1298822674069789,False
1981-02-04 10:00:00,0.10035927,0.15297256,0.12530056,0.12112040411680935,0.12588383862328895,False
1981-02-04 11:00:00,0.13878518,0.17091109,0.1390055,0.15065153937041756,0.12259013769511001,False
1981-02-04 12:00:00,0.16833872,0.18231404,0.14751834,0.17237130945920942,0.11999809451384959,False
1981-02-04 13:00:00,0.1760842,0.19331813,0.15684952,0.18140485002100468,0.11764900772071002,False
1981-02-04 14:00:00,0.14610109,0.18853052,0.15436754,0.16220393608510494,0.11556007250195859,False
1981-02-04 15:00:00,0.100240126,0.18671007,0.15308864,0.1350013571381569,0.1135169877769971,False
1981-02-04 16:00:00,0.03733391,0.14948538,0.12581539,0.08349580189958215,0.11177109148197366,False
1981-02-04 17:00:00,0.001523616,0.14344323,0.122100085,0.060403081732103604,0.10963381461829436,False
1981-02-04 18:00:00,0.0,0.15072402,0.12884445,0.06257476526498795,0.10735068103750721,False
1981-02-04 19:00:00,0.0,0.15775703,0.13693425,0.06560679320991039,0.10510170697826444,False
1981-02-04 20:00:00,0.0,0.16180432,0.14113855,0.06732727539539336,0.10301185130035058,False
1981-02-04 21:00:00,0.0,0.16296211,0.1432856,0.06787044069170951,0.10102214616942705,False
1981-02-04 22:00:00,0.0,0.16800515,0.14859994,0.07001829828321934,0.09914740109243915,False
1981-02-04 23:00:00,0.0,0.15754454,0.14053296,0.06572271426022053,0.09741399089769015,False
1981-02-05 00:00:00,0.0,0.15856741,0.14160596,0.06615809740126133,0.09576020120792578,False
1981-02-05 01:00:00,0.0,0.16356562,0.14540009,0.06820731903612615,0.09415391074712876,False
1981-02-05 02:00:00,0.0,0.16712451,0.14978512,0.06975734040141106,0.09253400919840693,False
1981-02-05 03:00:00,0.0,0.17836814,0.15822512,0.07436199872195721,0.09097384295866846,False
1981-02-05 04:00:00,0.0,0.18313843,0.16108751,0.07627680641412735,0.08955181089268786,False
1981-02-05 05:00:00,0.0,0.1921646,0.16780278,0.07997008752822876,0.08828548117405059,False
1981-02-05 06:00:00,0.0,0.1949254,0.16988216,0.08110110855102538,0.08714799560913139,False
1981-02-05 07:00:00,0.0008867279,0.19529365,0.17024706,0.08176834025309654,0.08613261325486725,False
1981-02-05 08:00:00,0.030846866,0.20968544,0.18091397,0.10494192511029542,0.08527585923673277,False
1981-02-05 09:00:00,0.10389979,0.22544748,0.19188267,0.15350196267664432,0.08480576677373614,False
1981-02-05 10:00:00,0.19241433,0.22894137,0.19645825,0.20611117711663246,0.08458766663339923,False
1981-02-05 11:00:00,0.24643087,0.22533391,0.19219369,0.2357172876447439,0.08482219590791502,False
1981-02-05 12:00:00,0.25847048,0.22371641,0.18843213,0.24186415389180183,0.0850548227586318,False
1981-02-05 13:00:00,0.25012732,0.22255723,0.18345253,0.23635351629555224,0.08494462142777631,False
1981-02-05 14:00:00,0.19616355,0.20412709,0.15950304,0.19712242820858955,0.08439002402438783,False
1981-02-05 15:00:00,0.12636203,0.18865289,0.14087948,0.15013129653036594,0.08387152298960526,False
1981-02-05 16:00:00,0.044883735,0.120434776,0.08893263,0.0751407098993659,0.08358696274313455,False
1981-02-05 17:00:00,0.001841628,0.08787563,0.06496453,0.03699681048188358,0.0841927676497687,False
1981-02-05 18:00:00,0.0,0.0683787,0.05072652,0.027970973141491412,0.08537108295966973,False
1981-02-05 19:00:00,0.0,0.06259698,0.046205584,0.025593385957181455,0.08671676852365127,False
1981-02-05 20:00:00,0.0,0.056074888,0.04087859,0.022899077363312245,0.08819521038324675,False
1981-02-05 21:00:00,0.0,0.05267691,0.038442917,0.02151369682699442,0.08978300539867125,False
1981-02-05 22:00:00,0.0,0.042361386,0.030881451,0.017298949856311086,0.0914846819517865,False
1981-02-05 23:00:00,0.0,0.03898137,0.028419908,0.015918800801038743,0.09294961079766145,False
1981-02-06 00:00:00,0.0,0.033166733,0.024178546,0.013544165823608637,0.09448612712600372,False
1981-02-06 01:00:00,0.0,0.023127278,0.016859787,0.00944439417310059,0.09592167674747398,False
1981-02-06 02:00:00,0.0,0.017812593,0.012985381,0.007274057373404503,0.09726007378564318,False
1981-02-06 03:00:00,0.0,0.014192187,0.010346103,0.005795606673695147,0.09846462589779038,False
1981-02-06 04:00:00,0.0,0.012946866,0.009438266,0.005287060087546706,0.09948514055457998,False
1981-02-06 05:00:00,0.0,0.017675785,0.012885646,0.007218189675360918,0.10032560497147132,False
1981-02-06 06:00:00,0.0,0.030445686,0.022638341,0.012456928426399826,0.10092290300686946,False
1981-02-06 07:00:00,0.0011879129,0.051540658,0.03953644,0.021838896192377433,0.10138151595831951,False
1981-02-06 08:00:00,0.030089565,0.08068955,0.06550379,0.05067332724481821,0.101714773135057,False
1981-02-06 09:00:00,0.081712484,0.11352972,0.096018255,0.09422555569559335,0.1017582995132456,False
1981-02-06 10:00:00,0.11766555,0.15523718,0.13337529,0.13237780929356815,0.10138943742292371,False
1981-02-06 11:00:00,0.14243889,0.19184801,0.16367544,0.1618176282048225,0.10052078415763001,False
1981-02-06 12:00:00,0.13334693,0.21721138,0.18499014,0.167081645578146,0.09999083448542029,False
1981-02-06 13:00:00,0.108745135,0.22153422,0.19059451,0.1547841746583581,0.09909786145543427,False
1981-02-06 14:00:00,0.08210265,0.21634836,0.18722428,0.13731588641554116,0.09775454267812018,False
1981-02-06 15:00:00,0.046493035,0.22738235,0.19651663,0.12134246530756354,0.09649638597604256,False
1981-02-06 16:00:00,0.015496948,0.24937645,0.21505167,0.11257443741802127,0.09555542372709509,False
1981-02-06 17:00:00,0.0005533873,0.28108448,0.23931,0.11696221660735318,0.09576003407490112,False
1981-02-06 18:00:00,0.0,0.30684346,0.25819325,0.12716767233610152,0.0966722736525672,False
1981-02-06 19:00:00,0.0,0.32984763,0.27515233,0.1365720024704933,0.09790889983944095,False
1981-02-06 20:00:00,0.0,0.34686244,0.2879481,0.1435414361357689,0.09943299035535626,False
1981-02-06 21:00:00,0.0,0.3615936,0.29857177,0.14955091524124145,0.10121833201352008,False
1981-02-06 22:00:00,0.0,0.33919558,0.28095767,0.14033488288521767,0.103222198883942,False
1981-02-06 23:00:00,0.0,0.33728355,0.27810866,0.13947549802064896,0.10536571952997209,False
1981-02-07 00:00:00,0.0,0.32658917,0.26950142,0.1350644792318344,0.10771684960572482,False
1981-02-07 01:00:00,0.0,0.3201611,0.2650172,0.13245037686824798,0.11038856562826284,False
1981-02-07 02:00:00,0.0,0.30821663,0.2563686,0.12757584178447723,0.11354900381254,False
1981-02-07 03:00:00,0.0,0.29776904,0.24944308,0.12334670224785806,0.11700106196483566,False
1981-02-07 04:00:00,0.0,0.28121454,0.23798028,0.1166190984249115,0.12073716199339568,False
1981-02-07 05:00:00,0.0,0.26162544,0.2240853,0.10864039322733879,0.12452411995758038,False
1981-02-07 06:00:00,0.0,0.24811117,0.21410199,0.10311453022062779,0.1282427868242349,False
1981-02-07 07:00:00,0.0005126742,0.23444158,0.20296165,0.09776468473649584,0.13183129842171645,False
1981-02-07 08:00:00,0.017552573,0.23316617,0.20120442,0.10703119126334787,0.13517390802492302,False
1981-02-07 09:00:00,0.061222687,0.24189694,0.20761333,0.13579658234119416,0.13810661033092136,False
1981-02-07 10:00:00,0.104491405,0.25089863,0.21375343,0.16441582038253544,0.14056545153106323,False
1981-02-07 11:00:00,0.13052848,0.3257065,0.27368644,0.21027970337867735,0.14227868251907397,False
1981-02-07 12:00:00,0.13475806,0.29374322,0.23805188,0.1990014484524727,0.14388328114292964,False
1981-02-07 13:00:00,0.11584533,0.25499535,0.20255883,0.17187421498447655,0.14573517160165503,False
1981-02-07 14:00:00,0.08386066,0.21436769,0.1711413,0.13673090650886294,0.14776151761289755,False
1981-02-07 15:00:00,0.043679826,0.19342102,0.15536097,0.10496510858088733,0.14939105209042078,False
1981-02-07 16:00:00,0.014462928,0.18561779,0.1504432,0.0849620065940544,0.15050273691033703,False
1981-02-07 17:00:00,0.00062858994,0.19436675,0.16111633,0.08078431020985591,0.15063318870052997,False
1981-02-07 18:00:00,0.0,0.2111833,0.17411841,0.08732903011143207,0.14996756884241016,False
1981-02-07 19:00:00,0.0,0.23938157,0.19292468,0.09874973072111606,0.14881955828861806,False
1981-02-07 20:00:00,0.0,0.26362395,0.209597,0.1085954769551754,0.14731019363523934,False
1981-02-07 21:00:00,0.0,0.28572503,0.22716244,0.1176993066072464,0.1455152657969809,False
1981-02-07 22:00:00,0.0,0.29137018,0.23467302,0.12018794086575507,0.1434708307582839,False
1981-02-07 23:00:00,0.0,0.31189469,0.25340566,0.12877304443717003,0.14141973271145958,False
1981-02-08 00:00:00,0.0,0.3432541,0.28010696,0.14178653490543366,0.1392927496071859,False
1981-02-08 01:00:00,0.0,0.38989362,0.3199015,0.161145427018404,0.13718207836821217,False
1981-02-08 02:00:00,0.0,0.41816536,0.34573764,0.17297284868359566,0.13505149735295688,False
1981-02-08 03:00:00,0.0,0.44759247,0.36975533,0.18512840804457664,0.13295140482875992,False
1981-02-08 04:00:00,0.0,0.4521504,0.37439895,0.187061042368412,0.13086348206591333,False
1981-02-08 05:00:00,0.0,0.44862565,0.3735432,0.18571419927477836,0.1288535353673576,False
1981-02-08 06:00:00,0.0,0.44601965,0.372671,0.18470548510551452,0.12695612131310166,False
1981-02-08 07:00:00,0.0007349109,0.43909818,0.36727566,0.18228415714629229,0.12514275917964526,False
1981-02-08 08:00:00,0.015809631,0.4401752,0.3684487,0.19144303793273865,0.1234396144657049,False
1981-02-08 09:00:00,0.04609832,0.44823965,0.37501425,0.2122499333024025,0.12188960644456504,False
1981-02-08 10:00:00,0.07854075,0.40895262,0.34058085,0.2146128967180848,0.12039323075850285,False
1981-02-08 11:00:00,0.11241474,0.42022017,0.35025585,0.23883836214989423,0.11907174614942269,False
1981-02-08 12:00:00,0.14284785,0.41898766,0.3507913,0.25597238759696483,0.11732218489649653,False
1981-02-08 13:00:00,0.15273274,0.3955887,0.33240297,0.252048783197999,0.11620324534175087,False
1981-02-08 14:00:00,0.12770616,0.3421112,0.2890381,0.2155335413366556,0.11555590035045776,False
1981-02-08 15:00:00,0.08547766,0.3025669,0.254362,0.17470333666354415,0.11508692809323572,False
1981-02-08 16:00:00,0.032228082,0.2416921,0.20474327,0.11883612334728241,0.11450664302067622,False
1981-02-08 17:00:00,0.0018054962,0.2023685,0.17216142,0.0850124634176027,0.11355508934286601,False
1981-02-08 18:00:00,0.0,0.17379615,0.14689606,0.07206316575407982,0.11219472516055586,False
1981-02-08 19:00:00,0.0,0.15484536,0.12934375,0.06412249910831451,0.11068877573108667,False
1981-02-08 20:00:00,0.0,0.13857435,0.11575863,0.05738489989936352,0.108975940277636,False
1981-02-08 21:00:00,0.0,0.12420281,0.1034666,0.05141803338378668,0.10709661678441236,False
1981-02-08 22:00:00,0.0,0.10111071,0.08467267,0.04188217663764954,0.10507337900327886,False
1981-02-08 23:00:00,0.0,0.090203986,0.07583404,0.03738030901551246,0.1029861834326982,False
1981-02-09 00:00:00,0.0,0.081422225,0.068656646,0.03375225976109505,0.10073966570973764,False
1981-02-09 01:00:00,0.0,0.072815865,0.061359886,0.03018248813599348,0.0982399592030085,False
1981-02-09 02:00:00,0.0,0.064511925,0.05493519,0.02677140062302351,0.09536998437002668,False
1981-02-09 03:00:00,0.0,0.05562884,0.04813644,0.023126409631222485,0.0923174312159642,False
1981-02-09 04:00:00,0.0,0.048469026,0.041788638,0.020141656894236803,0.08915571944166341,False
1981-02-09 05:00:00,0.0,0.04222086,0.03675965,0.017564518623054026,0.0860682171111218,False
1981-02-09 06:00:00,0.0,0.038584087,0.033992957,0.01607314781472087,0.08312291515229636,False
1981-02-09 07:00:00,0.0014741151,0.03640287,0.032046575,0.01601373846735805,0.08033859338129305,False
1981-02-09 08:00:00,0.03183095,0.034608778,0.027661264,0.03263080624863505,0.07777196947302799,False
1981-02-09 09:00:00,0.09190603,0.026791574,0.019531058,0.06397054941020905,0.07543941064566968,False
1981-02-09 10:00:00,0.16172361,0.018782254,0.013692263,0.10098455914668737,0.07333708066695034,False
1981-02-09 11:00:00,0.20860451,0.014535878,0.010596655,0.1263007632382214,0.07212640542661124,False
1981-02-09 12:00:00,0.24140164,0.014701523,0.01071741,0.14529234982468187,0.0713420266535441,False
1981-02-09 13:00:00,0.23216447,0.016756427,0.012215435,0.14080165540240702,0.07074071772070575,False
1981-02-09 14:00:00,0.18477517,0.018590638,0.013796618,0.11422023816220461,0.07040068906871576,False
1981-02-09 15:00:00,0.11881277,0.020836752,0.016068436,0.07711142509803175,0.07065377731885113,False
1981-02-09 16:00:00,0.04950405,0.026005358,0.020881793,0.03928743005916476,0.07135413210606176,False
1981-02-09 17:00:00,0.003647297,0.032360993,0.02668764,0.015486829458968714,0.07276791431382272,False
1981-02-09 18:00:00,0.0,0.036402542,0.029831842,0.015043457496911288,0.07449326220158131,False
1981-02-09 19:00:00,0.0,0.03996419,0.03308967,0.016533628955483437,0.07680281032066436,False
1981-02-09 20:00:00,0.0,0.044453554,0.036751628,0.018387949280440807,0.07953405048515291,False
1981-02-09 21:00:00,0.0,0.049788557,0.0409614,0.02058389311283827,0.08262219666041078,False
1981-02-09 22:00:00,0.0,0.04839667,0.039707083,0.020002553477883336,0.08589825307255254,False
1981-02-09 23:00:00,0.0,0.050589487,0.042086538,0.020940193735063076,0.08917827463758753,False
1981-02-10 00:00:00,0.0,0.052688338,0.043678258,0.021800622582435605,0.09243866336023078,False
1981-02-10 01:00:00,0.0,0.056636088,0.04607257,0.02338663503527641,0.09557243519326315,False
1981-02-10 02:00:00,0.0,0.0641554,0.05142509,0.02645029728859663,0.09868064079809578,False
1981-02-10 03:00:00,0.0,0.08106787,0.063929625,0.03336624287813902,0.10173403679163771,False
1981-02-10 04:00:00,0.0,0.09376164,0.078942336,0.0388609305024147,0.10467607732609491,False
1981-02-10 05:00:00,0.0,0.106865995,0.09085469,0.04433970525115728,0.10735423714065569,False
1981-02-10 06:00:00,0.0,0.12338962,0.10235688,0.051058040097355845,0.10984222194835187,False
1981-02-10 07:00:00,0.0015358618,0.14077602,0.115808606,0.0590862095495686,0.11210059418229962,False
1981-02-10 08:00:00,0.02286179,0.16048509,0.13092525,0.07948021421954035,0.11412923049925276,False
1981-02-10 09:00:00,0.06090027,0.1840589,0.15335004,0.11133809432387352,0.11634796873199203,False
1981-02-10 10:00:00,0.10417423,0.23233646,0.19740374,0.15650048518180845,0.11957885539332319,False
1981-02-10 11:00:00,0.13647306,0.29511398,0.25085494,0.2011881810426712,0.12300551969921286,False
1981-02-10 12:00:00,0.16447663,0.31887364,0.2692994,0.22710955882072448,0.12672433387564255,False
1981-02-10 13:00:00,0.16628689,0.33720073,0.2843112,0.23572740790247917,0.13029460564498704,False
1981-02-10 14:00:00,0.14077,0.35405737,0.29278362,0.22768177734315395,0.13371051949338744,False
1981-02-10 15:00:00,0.09942839,0.36468312,0.30337244,0.2083203664496541,0.13675786435777235,False
1981-02-10 16:00:00,0.044881426,0.3874978,0.32989618,0.1866976693198085,0.13895139550226032,False
1981-02-10 17:00:00,0.0039589987,0.39944506,0.3361036,0.1678291620300151,0.14046185601691316,False
1981-02-10 18:00:00,0.0,0.44125658,0.37218142,0.18292147547006607,0.1414390409795254,False
1981-02-10 19:00:00,0.0,0.47120154,0.39534554,0.1952220270037651,0.14230706652944566,False
1981-02-10 20:00:00,0.0,0.49558747,0.4211878,0.2056159163117409,0.14312602691949936,False
1981-02-10 21:00:00,0.0,0.50289553,0.42778313,0.20866874116659165,0.14385299766149032,False
1981-02-10 22:00:00,0.0,0.48027125,0.40931705,0.19932321175932885,0.1444581440332498,False
1981-02-10 23:00:00,0.0,0.46695238,0.39950997,0.19387896770238877,0.1450625916113298,False
1981-02-11 00:00:00,0.0,0.44334415,0.38109848,0.18417330774664878,0.14557081205483188,False
1981-02-11 01:00:00,0.0,0.4318497,0.37081152,0.1793763571679592,0.14596601877400314,False
1981-02-11 02:00:00,0.0,0.41702625,0.36021706,0.17333440831303595,0.14623412518847395,False
1981-02-11 03:00:00,0.0,0.3948847,0.34503517,0.1643443552851677,0.14636585557965223,False
1981-02-11 04:00:00,0.0,0.3569332,0.31453657,0.14869332799315454,0.14631872170177881,False
1981-02-11 05:00:00,0.0,0.32928205,0.28671694,0.1369877893924713,0.1461275045735914,False
1981-02-11 06:00:00,0.0,0.29943877,0.2589279,0.12447501504421235,0.14579258772723036,False
1981-02-11 07:00:00,0.0029394706,0.2685954,0.23297232,0.11338828168110922,0.1452978211226094,False
1981-02-11 08:00:00,0.055602755,0.25736788,0.2236797,0.13913024142011998,0.14465469190553965,False
1981-02-11 09:00:00,0.15599243,0.310431,0.2684525,0.21905310915410517,0.14436223847409294,False
1981-02-11 10:00:00,0.2533573,0.28720373,0.24627987,0.2654644458293915,0.14482043827610294,False
1981-02-11 11:00:00,0.3214298,0.2874806,0.24552809,0.3048038437068462,0.14567428987354863,False
1981-02-11 12:00:00,0.34638172,0.28141516,0.24001749,0.3166653947532177,0.14611309040126283,False
1981-02-11 13:00:00,0.3352175,0.26828024,0.22869651,0.30476552012562746,0.14596198690300388,False
1981-02-11 14:00:00,0.26536065,0.25875527,0.22035187,0.2604927916526794,0.1452850556402115,False
1981-02-11 15:00:00,0.1673428,0.20637242,0.17949447,0.18240092003345487,0.14400432205586275,False
1981-02-11 16:00:00,0.07343905,0.16641411,0.14830366,0.11178953476250171,0.1420084008194775,False
1981-02-11 17:00:00,0.0061006304,0.14078125,0.1282104,0.06239170766435563,0.13935735747379144,False
1981-02-11 18:00:00,0.0,0.1355422,0.123955786,0.056708683893084526,0.13630443757934427,False
1981-02-11 19:00:00,0.0,0.13373096,0.12031486,0.055843727678060534,0.13284485630294238,False
1981-02-11 20:00:00,0.0,0.1279079,0.112676464,0.05328254489600658,0.1291194116254237,False
1981-02-11 21:00:00,0.0,0.11945369,0.1028242,0.04963091895729303,0.1251564372398325,False
1981-02-11 22:00:00,0.0,0.11807373,0.10086723,0.049016037225723265,0.12111665130242638,False
1981-02-11 23:00:00,0.0,0.109266244,0.092880204,0.04533477502316236,0.11727694724289633,False
1981-02-12 00:00:00,0.0,0.09821845,0.0838507,0.04077054510265589,0.11355162951488912,False
1981-02-12 01:00:00,0.0,0.08723845,0.075273216,0.03625574292987585,0.1100302340767712,False
1981-02-12 02:00:00,0.0,0.0787783,0.06859564,0.03277335606515408,0.1065992436676652,False
1981-02-12 03:00:00,0.0,0.0746795,0.06568668,0.031103816740214826,0.10328811454934932,False
1981-02-12 04:00:00,0.0,0.07126729,0.06268292,0.02968250834941864,0.10015882208290443,False
1981-02-12 05:00:00,0.0,0.06790334,0.059395634,0.02826369662582874,0.09735419942903266,False
1981-02-12 06:00:00,0.0,0.06566777,0.056996956,0.0273092430755496,0.09479591526206516,False
1981-02-12 07:00:00,0.0037566144,0.06261477,0.054510944,0.02821600713022053,0.09249335427651113,False
1981-02-12 08:00:00,0.06367605,0.06913272,0.059099868,0.0654424495100975,0.09046444444999574,False
1981-02-12 09:00:00,0.16844553,0.087425984,0.071822725,0.13333168482035399,0.0885749384656565,False
1981-02-12 10:00:00,0.25922516,0.115955114,0.094907545,0.19748536185920237,0.0861693081149227,False
1981-02-12 11:00:00,0.31777045,0.09423879,0.0763508,0.22225060637295244,0.08389359567552039,False
1981-02-12 12:00:00,0.32706475,0.07557776,0.060222887,0.21985659090429543,0.08139235667182919,False
1981-02-12 13:00:00,0.30301064,0.06896545,0.054616954,0.20323470728844403,0.07876728057617798,False
1981-02-12 14:00:00,0.24571261,0.059337024,0.046944976,0.16620656529441474,0.07616714830220221,False
1981-02-12 15:00:00,0.15882456,0.050648082,0.04046726,0.11251614710316062,0.07396361381270466,False
1981-02-12 16:00:00,0.07232686,0.042920135,0.034767777,0.059447588726878164,0.07233931349847475,False
1981-02-12 17:00:00,0.00678702,0.042092156,0.03409058,0.021289007096551356,0.07105711980448269,False
1981-02-12 18:00:00,0.0,0.040870965,0.03296645,0.016861574202775956,0.07000169295832136,False
1981-02-12 19:00:00,0.0,0.039698306,0.03244458,0.016400682482868432,0.06896690724839542,False
1981-02-12 20:00:00,0.0,0.037174225,0.031034386,0.01539314580336213,0.06793845056722027,False
1981-02-12 21:00:00,0.0,0.035562105,0.030307394,0.014759016171097754,0.06693575436415238,False
1981-02-12 22:00:00,0.0,0.03634341,0.029753674,0.015017416901886464,0.0659850229198634,False
1981-02-12 23:00:00,0.0,0.036331747,0.030690782,0.015063716758042574,0.06501791018122428,False
1981-02-13 00:00:00,0.0,0.03656015,0.030659828,0.015146326716989279,0.0641272220207026,False
1981-02-13 01:00:00,0.0,0.035517476,0.029312383,0.014688817530870438,0.06331618757671063,False
1981-02-13 02:00:00,0.0,0.03489047,0.028252361,0.01440021063387394,0.06258593555405938,False
1981-02-13 03:00:00,0.0,0.03428726,0.027524414,0.014138316895812748,0.06192280122177878,False
1981-02-13 04:00:00,0.0,0.034074567,0.027739357,0.014071440607309341,0.06129189553839357,False
1981-02-13 05:00:00,0.0,0.03437045,0.027915813,0.014190149378031492,0.06069255808480345,False
1981-02-13 06:00:00,0.0,0.03382627,0.027225822,0.013952087737619877,0.06012903262399747,False
1981-02-13 07:00:00,0.0038241814,0.033402935,0.02719212,0.01600061000837013,0.05958953546377568,True
1981-02-13 08:00:00,0.0568769,0.037834436,0.030649541,0.04843395417183638,0.059096155795899,True
1981-02-13 09:00:00,0.14587109,0.047200225,0.03700651,0.10358285231888292,0.058550698610720854,True
1981-02-13 10:00:00,0.23377988,0.05178458,0.041310184,0.15623024873808025,0.05770477766314647,True
1981-02-13 11:00:00,0.28564754,0.04855677,0.037190586,0.18474437152966858,0.056514393094402905,True
1981-02-13 12:00:00,0.29998964,0.042977903,0.0316458,0.19066174216195939,0.055362733519655205,True
1981-02-13 13:00:00,0.28392527,0.039509393,0.02880235,0.17995917097479103,0.05434198705469772,True
1981-02-13 14:00:00,0.24376646,0.03445412,0.025117053,0.1547231361567974,0.05341408944904077,True
1981-02-13 15:00:00,0.1626272,0.025953697,0.018920247,0.10443450495041906,0.052726398284333315,True
1981-02-13 16:00:00,0.07425498,0.018118827,0.013208624,0.05024423745088279,0.05246745084398785,True
1981-02-13 17:00:00,0.0075761573,0.0180225,0.013138403,0.01173121904861182,0.05244578040284464,True
1981-02-13 18:00:00,0.0,0.017236914,0.012565711,0.0070389698166400195,0.05250313073324864,True
1981-02-13 19:00:00,0.0,0.015862748,0.011563944,0.006477806981652975,0.05255837622725298,True
1981-02-13 20:00:00,0.0,0.012618894,0.009199173,0.005153127148747444,0.05262052977432389,True
1981-02-13 21:00:00,0.0,0.009784874,0.007133172,0.003995809631422162,0.052722259545213396,True
1981-02-13 22:00:00,0.0,0.0063536773,0.004631831,0.0025946257710456845,0.052868487590438544,True
1981-02-13 23:00:00,0.0,0.006322131,0.0046088328,0.0025817433181218805,0.05301706415622388,True
1981-02-14 00:00:00,0.0,0.004507946,0.003286292,0.0018408917910419404,0.05320902695388426,True
1981-02-14 01:00:00,0.0,0.0029474683,0.0021487044,0.001203645842615515,0.053404640330913335,True
1981-02-14 02:00:00,0.0,0.002308978,0.0016832451,0.0009429081156849861,0.053609728054589446,True
1981-02-14 03:00:00,0.0,0.0020088449,0.0014644478,0.0008203439377248286,0.053823865778491686,True
1981-02-14 04:00:00,0.0,0.0022389488,0.0016321937,0.0009143105770926923,0.05404889473503347,True
1981-02-14 05:00:00,0.0,0.0029739854,0.0021680351,0.0012144745071418581,0.05428497359713431,True
1981-02-14 06:00:00,0.0,0.0034610603,0.0025231133,0.0014133793849032373,0.054520968851147995,True
1981-02-14 07:00:00,0.0045959735,0.0046083815,0.0033595103,0.004533783072140068,0.05475725506337251,True
1981-02-14 08:00:00,0.06282969,0.0073653893,0.0053693685,0.03926050462154671,0.055019976617768106,True
1981-02-14 09:00:00,0.15335988,0.010379981,0.007567006,0.09272747933678328,0.0553683121992893,True
1981-02-14 10:00:00,0.23523308,0.011307047,0.008242837,0.14034690255951135,0.05570880358417799,True
1981-02-14 11:00:00,0.27846292,0.015422057,0.01124268,0.16697094678506252,0.05594610767741658,True
1981-02-14 12:00:00,0.28166944,0.020416722,0.014883789,0.17086076058633623,0.05608932357731556,True
1981-02-14 13:00:00,0.2590894,0.022531338,0.016425347,0.15869562221691014,0.05611125127629658,True
1981-02-14 14:00:00,0.21049754,0.028749472,0.02095837,0.13319738938845693,0.056174515814132076,True
1981-02-14 15:00:00,0.14639612,0.038180303,0.028288512,0.10008666996657847,0.0561664755337403,True
1981-02-14 16:00:00,0.068339154,0.045982517,0.037188273,0.058407407552003854,0.05641006801568408,True
1981-02-14 17:00:00,0.008119748,0.04667136,0.039536968,0.02404182295594364,0.05658305374455299,True
1981-02-14 18:00:00,0.0,0.04703501,0.039952587,0.019513357914984226,0.056722371853907154,True
1981-02-14 19:00:00,0.0,0.046712127,0.039764408,0.019384052742272617,0.056801524212486604,True
1981-02-14 20:00:00,0.0,0.048815988,0.0419088,0.02027617480605841,0.05686993491139312,True
1981-02-14 21:00:00,0.0,0.052424513,0.045061428,0.021777962341904638,0.056950152977621675,True
1981-02-14 22:00:00,0.0,0.05349304,0.044632588,0.022149092059582473,0.057059325841158186,True
1981-02-14 23:00:00,0.0,0.058547195,0.049518816,0.024277931045740844,0.05715967984173496,True
1981-02-15 00:00:00,0.0,0.059147865,0.050189015,0.024535768814384934,0.057265432144970894,True
1981-02-15 01:00:00,0.0,0.059147246,0.05014249,0.02453302826732397,0.05737338227716557,True
1981-02-15 02:00:00,0.0,0.05961479,0.049647488,0.024678821381181475,0.05747866554726081,True
1981-02-15 03:00:00,0.0,0.060298562,0.04980625,0.024939706809818746,0.05757683844496662,True
1981-02-15 04:00:00,0.0,0.061553404,0.049815185,0.02540322598814964,0.057662689264853746,True
1981-02-15 05:00:00,0.0,0.061698023,0.050950944,0.025517921570688485,0.057744910652782915,True
1981-02-15 06:00:00,0.0,0.061123617,0.050726134,0.025293825924396517,0.05781965591799692,True
1981-02-15 07:00:00,0.005818606,0.061082356,0.050268885,0.02861124461935833,0.05789621758122396,True
1981-02-15 08:00:00,0.06810384,0.06271959,0.050270665,0.06515406208485365,0.0579850421032555,True
1981-02-15 09:00:00,0.15928891,0.06806188,0.053738926,0.11992643879353998,0.05811652495769251,True
1981-02-15 10:00:00,0.2428206,0.06705459,0.05130021,0.16762084521353246,0.058278643721898664,True
1981-02-15 11:00:00,0.2866631,0.064072326,0.047619376,0.19161873472481966,0.05847057853845735,True
1981-02-15 12:00:00,0.2913195,0.057847437,0.04217078,0.19171427171304817,0.058816235744132146,True
1981-02-15 13:00:00,0.277696,0.055730555,0.040753596,0.18299586879089474,0.059299279088668326,True
1981-02-15 14:00:00,0.22831017,0.055347987,0.040348683,0.1543372026979923,0.05973285364310113,True
1981-02-15 15:00:00,0.16623004,0.049495336,0.0360821,0.11612694408372044,0.06003055308830004,False
1981-02-15 16:00:00,0.07395711,0.03887273,0.028338218,0.0585475524365902,0.06007461295809452,False
1981-02-15 17:00:00,0.0089890435,0.03240184,0.02362094,0.018418488297611474,0.05991805411142773,True
1981-02-15 18:00:00,0.0,0.026540611,0.019348104,0.010838283028453587,0.059671784399261345,True
1981-02-15 19:00:00,0.0,0.023903852,0.017425908,0.009761520529165865,0.059390629513606075,True
1981-02-15 20:00:00,0.0,0.022047855,0.016072886,0.00900359432771802,0.059106807410668226,True
1981-02-15 21:00:00,0.0,0.022617228,0.01648796,0.00923610708117485,0.05882785455400368,True
1981-02-15 22:00:00,0.0,0.018149449,0.01323095,0.007411617798730731,0.05853296856554003,True
1981-02-15 23:00:00,0.0,0.018752428,0.013670519,0.007657853873446583,0.05826082386956328,True
1981-02-16 00:00:00,0.0,0.017196579,0.012536306,0.007022498136386275,0.05791456784140097,True
1981-02-16 01:00:00,0.0,0.015322634,0.011170201,0.00625724280718714,0.05755583881593553,True
1981-02-16 02:00:00,0.0,0.013848379,0.010095468,0.005655207205563784,0.057200371578752636,True
1981-02-16 03:00:00,0.0,0.012099889,0.008820819,0.00494118329230696,0.05687573270099016,True
1981-02-16 04:00:00,0.0,0.011903384,0.008677566,0.004860937197692692,0.05659167373140586,True
1981-02-16 05:00:00,0.0,0.011759665,0.0085727945,0.004802247237414121,0.05636324520765116,True
1981-02-16 06:00:00,0.0,0.012460242,0.009083517,0.005088339219801129,0.056223211165352366,True
1981-02-16 07:00:00,0.0058809007,0.013233424,0.009647165,0.008797360129654408,0.05616874283791764,True
1981-02-16 08:00:00,0.06852919,0.014766998,0.010765142,0.04557168163452297,0.05613863436566289,True
1981-02-16 09:00:00,0.16278477,0.016118795,0.0117506,0.1005091800186783,0.05603270968064289,True
1981-02-16 10:00:00,0.24686262,0.017435443,0.012710437,0.1495597737543285,0.055678485413071965,True
1981-02-16 11:00:00,0.30462188,0.019089911,0.013916545,0.1835624926574528,0.05535760684030996,True
1981-02-16 12:00:00,0.32190093,0.020349398,0.0148347085,0.19404684112407264,0.05506787375421818,True
1981-02-16 13:00:00,0.29361305,0.024714284,0.01801671,0.17950720082968472,0.05485745944213677,True
1981-02-16 14:00:00,0.23651133,0.026985407,0.01967236,0.14748696275800466,0.05454581353005266,True
1981-02-16 15:00:00,0.15998188,0.02422337,0.017658837,0.10220154371671378,0.05438631392750512,True
1981-02-16 16:00:00,0.07562851,0.017765759,0.012951237,0.05089258291199803,0.05423286187562404,True
1981-02-16 17:00:00,0.0099658705,0.015845025,0.011551023,0.012220876771956681,0.054445989485742474,True
1981-02-16 18:00:00,0.0,0.014736593,0.010742975,0.006017923403531312,0.054874745594405215,True
1981-02-16 19:00:00,0.0,0.014106443,0.010283598,0.005760591801255942,0.05541217946058383,True
1981-02-16 20:00:00,0.0,0.016863396,0.012293415,0.006886437686160206,0.05598338014534452,True
1981-02-16 21:00:00,0.0,0.018668143,0.013609076,0.007623434895649553,0.05654291872884856,True
1981-02-16 22:00:00,0.0,0.022250008,0.016220255,0.009086146652698517,0.05706370368012936,True
1981-02-16 23:00:00,0.0,0.018751908,0.013670141,0.0076576416939496995,0.05746458877303881,True
1981-02-17 00:00:00,0.0,0.0179172,0.013061638,0.007316775592043996,0.057881263423429447,True
1981-02-17 01:00:00,0.0,0.018293886,0.013336243,0.007470600882545113,0.05838264564664347,True
1981-02-17 02:00:00,0.0,0.022274517,0.016238123,0.009096155248582363,0.05898350627011165,True
1981-02-17 03:00:00,0.0,0.027683197,0.02018105,0.011304876269772649,0.05965316093027138,True
1981-02-17 04:00:00,0.0,0.035357147,0.02577536,0.014438656847923993,0.060400227880056605,False
1981-02-17 05:00:00,0.0,0.046023328,0.03358666,0.018796287540346384,0.061236794870356215,False
1981-02-17 06:00:00,0.0,0.05547985,0.04087558,0.022679346207529306,0.06215804356360819,False
1981-02-17 07:00:00,0.005902194,0.058128852,0.042794917,0.027166037951130418,0.06314561452129634,False
1981-02-17 08:00:00,0.057973877,0.06516516,0.047644548,0.060069677203893654,0.0642274363182657,False
1981-02-17 09:00:00,0.12948525,0.069081865,0.05036068,0.1029236739501357,0.06535169695429283,False
1981-02-17 10:00:00,0.20791116,0.078944534,0.057840727,0.15221867372095585,0.0664568216847156,False
1981-02-17 11:00:00,0.25558114,0.074025966,0.054178648,0.1777115465924144,0.06747599078286994,False
1981-02-17 12:00:00,0.26290202,0.07326271,0.05344407,0.18161438473314045,0.06813675858110434,False
1981-02-17 13:00:00,0.23523256,0.07911451,0.057674482,0.16803686501085754,0.06865716844404206,False
1981-02-17 14:00:00,0.18872681,0.092504255,0.06762557,0.14668122177571058,0.06918062502171934,False
1981-02-17 15:00:00,0.120249,0.09618884,0.071923845,0.1087612455934286,0.06995227583229012,False
1981-02-17 16:00:00,0.05752287,0.08640821,0.06856205,0.06877767772227526,0.07090824374384803,False
1981-02-17 17:00:00,0.007664498,0.08380686,0.067622885,0.038998781513422724,0.07198393551616243,False
1981-02-17 18:00:00,0.0,0.08885124,0.071277775,0.036635108605027195,0.07320126385551191,False
1981-02-17 19:00:00,0.0,0.09013805,0.07255951,0.037179153397679326,0.07445317765099242,False
1981-02-17 20:00:00,0.0,0.086977765,0.0697528,0.035861446335911755,0.07570164237573988,False
1981-02-17 21:00:00,0.0,0.08317394,0.06560373,0.03423378474265337,0.07689645823365789,False
1981-02-17 22:00:00,0.0,0.06520582,0.048021384,0.026654102258384226,0.07803471987235606,False
1981-02-17 23:00:00,0.0,0.06766515,0.049811035,0.027658237092196943,0.07907716328936874,False
1981-02-18 00:00:00,0.0,0.076061435,0.05596621,0.03108884485065937,0.08013892231608986,False
1981-02-18 01:00:00,0.0,0.0857352,0.064115986,0.03509855273365974,0.08120481614367817,False
1981-02-18 02:00:00,0.0,0.09202571,0.07113228,0.03779863089323044,0.08227138175705694,False
1981-02-18 03:00:00,0.0,0.09912043,0.07823996,0.04080039688199758,0.08331897526264437,False
1981-02-18 04:00:00,0.0,0.108720504,0.090709016,0.04501615273207426,0.08431873563951593,False
1981-02-18 05:00:00,0.0,0.117635764,0.10397384,0.04902218451350927,0.08525048862462643,False
1981-02-18 06:00:00,0.0,0.12560077,0.113797426,0.05249174518883229,0.08606368167786639,False
1981-02-18 07:00:00,0.006982834,0.13548458,0.124109305,0.06072480638418347,0.08676115980576504,False
1981-02-18 08:00:00,0.06074822,0.154395,0.13912435,0.09953619216382503,0.08744224722770716,False
1981-02-18 09:00:00,0.13864335,0.17652357,0.15593992,0.15355516707897185,0.08810604827558054,False
1981-02-18 10:00:00,0.20401186,0.19426125,0.16819715,0.19847989046573636,0.08885119300430692,False
1981-02-18 11:00:00,0.23555382,0.19075029,0.16625814,0.21527934697270393,0.08928903658038057,False
1981-02-18 12:00:00,0.2422924,0.19036092,0.16630775,0.21902651454508304,0.08935169196674031,False
1981-02-18 13:00:00,0.22338133,0.1818864,0.1597409,0.20463311655819413,0.0892841224552634,False
1981-02-18 14:00:00,0.18673925,0.18426447,0.16266789,0.18452620166540146,0.0892430336180645,False
1981-02-18 15:00:00,0.13303424,0.17096695,0.15260072,0.1480880034714937,0.08925078963009071,False
1981-02-18 16:00:00,0.06101123,0.16139752,0.1438264,0.10252578798308969,0.08937570821262948,False
1981-02-18 17:00:00,0.009897988,0.1556753,0.13883907,0.07065263706073165,0.08964601874803556,False
1981-02-18 18:00:00,0.0,0.1584484,0.14152457,0.06610978558659554,0.08998679723573123,False
1981-02-18 19:00:00,0.0,0.15748876,0.14025083,0.06568689858913422,0.09025808249396479,False
1981-02-18 20:00:00,0.0,0.15398803,0.1373336,0.0642375988662243,0.09049599526479117,False
1981-02-18 21:00:00,0.0,0.14908284,0.1342301,0.06225999355316162,0.09073117285157761,False
1981-02-18 22:00:00,0.0,0.14146686,0.12818816,0.05912343066930771,0.09097668408165893,False
1981-02-18 23:00:00,0.0,0.1403027,0.12685885,0.05862207497656345,0.09137894159351682,False
1981-02-19 00:00:00,0.0,0.1399366,0.12672362,0.05847967931628227,0.09177367718546858,False
1981-02-19 01:00:00,0.0,0.14036182,0.12726371,0.0586657503247261,0.09210349364374971,False
1981-02-19 02:00:00,0.0,0.1420159,0.12919953,0.05938064351677895,0.09233750333246983,False
1981-02-19 03:00:00,0.0,0.1417681,0.12927678,0.059293374359607694,0.09252571690484158,False
1981-02-19 04:00:00,0.0,0.14149496,0.12872519,0.0591628001332283,0.09265386540285521,False
1981-02-19 05:00:00,0.0,0.13840689,0.12513727,0.057829554095864294,0.09270342604286247,False
1981-02-19 06:00:00,0.0,0.13440055,0.121564716,0.05615829634666442,0.09267465796397277,False
1981-02-19 07:00:00,0.007469721,0.13299775,0.1198525,0.05985823420435191,0.09256994830706367,False
1981-02-19 08:00:00,0.059535097,0.13795014,0.123643994,0.09193212750181556,0.09237599284095123,False
1981-02-19 09:00:00,0.1262838,0.15801576,0.13920476,0.13869062092900275,0.09203195199869008,False
1981-02-19 10:00:00,0.17177564,0.17807229,0.1557768,0.17323516537249087,0.0915787879314155,False
1981-02-19 11:00:00,0.19383572,0.16543178,0.14502716,0.18071900513768197,0.0909929777542321,False
1981-02-19 12:00:00,0.19518071,0.15796208,0.13821791,0.17837104818224905,0.09066887350102942,False
1981-02-19 13:00:00,0.17653447,0.15410909,0.13588805,0.16606460082530977,0.09039854302212652,False
1981-02-19 14:00:00,0.14852296,0.1470601,0.13130718,0.14705351035296915,0.0899228101124558,False
1981-02-19 15:00:00,0.09673102,0.14111513,0.12726028,0.11475733755528926,0.08938106360024518,False
1981-02-19 16:00:00,0.049919628,0.12646778,0.11633977,0.08175258342176675,0.08875400365332198,False
1981-02-19 17:00:00,0.008141415,0.120908,0.111916676,0.055356148922815915,0.0881853877143971,False
1981-02-19 18:00:00,0.0,0.11842796,0.11031265,0.04965680100023746,0.08751776175105845,False
1981-02-19 19:00:00,0.0,0.11596168,0.10757606,0.04859896639734507,0.08677792577099051,False
1981-02-19 20:00:00,0.0,0.112732425,0.10280936,0.0471499705016613,0.08593832769154568,False
1981-02-19 21:00:00,0.0,0.11048769,0.09719195,0.04601832378655672,0.08500288226085712,False
1981-02-19 22:00:00,0.0,0.11030665,0.09739461,0.045962462827563284,0.08399085788035761,False
1981-02-19 23:00:00,0.0,0.11153069,0.10093927,0.04660554550588131,0.08299835108200083,False
1981-02-20 00:00:00,0.0,0.11199031,0.103622414,0.046920034848153595,0.08195665086773686,False
1981-02-20 01:00:00,0.0,0.110582545,0.10233442,0.046331017792224885,0.08086159822172946,False
1981-02-20 02:00:00,0.0,0.11173374,0.103761695,0.04683288236707449,0.07972534806516948,False
1981-02-20 03:00:00,0.0,0.111961626,0.10440157,0.046951524786651135,0.0785525129745644,False
1981-02-20 04:00:00,0.0,0.113039546,0.105249465,0.04739506345242262,0.07736429542302964,False
1981-02-20 05:00:00,0.0,0.11358851,0.10605844,0.04764131672680378,0.07617299630879885,False
1981-02-20 06:00:00,0.0,0.11312343,0.10598399,0.047465681657195086,0.07500025640566188,False
1981-02-20 07:00:00,0.008205007,0.11124433,0.104287,0.05141494401078671,0.07385762147414668,False
1981-02-20 08:00:00,0.06268453,0.11185753,0.10329313,0.08302223173528911,0.07278287058838638,False
1981-02-20 09:00:00,0.14404856,0.11659252,0.10490065,0.131803291849792,0.071957358674162,False
1981-02-20 10:00:00,0.21284398,0.11464547,0.097145244,0.1703610019609332,0.07146477536430879,False
1981-02-20 11:00:00,0.26346412,0.11540069,0.0948276,0.19972234281897544,0.07134873735028305,False
1981-02-20 12:00:00,0.27674556,0.1125483,0.08959523,0.20605065155774352,0.07164180642138308,False
1981-02-20 13:00:00,0.24365437,0.10051186,0.076305375,0.18179793689399956,0.0720189842392756,False
1981-02-20 14:00:00,0.205907,0.09702953,0.07240986,0.15852236907929182,0.07211663007695825,False
1981-02-20 15:00:00,0.14375804,0.08568791,0.063368425,0.11798912601917981,0.07202254212795743,False
1981-02-20 16:00:00,0.074327685,0.07901814,0.059026957,0.07523222291469574,0.07154920262765398,False
1981-02-20 17:00:00,0.012357255,0.07688477,0.05751805,0.03860659082047641,0.07082519840945922,False
1981-02-20 18:00:00,5.762651e-08,0.07469252,0.05622382,0.030597658543334794,0.06989169984115992,False
1981-02-20 19:00:00,0.0,0.062002037,0.04643406,0.02538619077578187,0.06893338415250748,False
1981-02-20 20:00:00,0.0,0.04726687,0.03508783,0.01933621819317341,0.06801384675505671,False
1981-02-20 21:00:00,0.0,0.033475645,0.024635376,0.01368282328918576,0.06713488569282329,False
1981-02-20 22:00:00,0.0,0.028081838,0.02075752,0.011483104348182678,0.06627810835486146,False
1981-02-20 23:00:00,0.0,0.021108232,0.015398647,0.008620464691892265,0.0654134545126288,False
1981-02-21 00:00:00,0.0,0.014489826,0.010563085,0.005917152307927609,0.06451469905485267,False
1981-02-21 01:00:00,0.0,0.010103052,0.0073651257,0.004125742809846998,0.06360493802392723,False
1981-02-21 02:00:00,0.0,0.007553418,0.005506442,0.0030845591677352785,0.06272641520042073,False
1981-02-21 03:00:00,0.0,0.0055316356,0.004032562,0.0022589318859390912,0.06188632029484128,False
1981-02-21 04:00:00,0.0,0.0048496756,0.003535414,0.001980442650150508,0.061115271861461075,False
1981-02-21 05:00:00,0.0,0.0037663241,0.0027456507,0.0015380387452896683,0.060398537853296,False
1981-02-21 06:00:00,0.0,0.0032123625,0.0023418122,0.0013118196339346466,0.059754069164424294,True
1981-02-21 07:00:00,0.012732866,0.0022610303,0.001648291,0.008270191687857732,0.0591764539359427,True
1981-02-21 08:00:00,0.08939367,0.0017812679,0.0012985442,0.052307555619045154,0.05871243742728242,True
1981-02-21 09:00:00,0.19825895,0.0015946655,0.0011625111,0.11504662205604835,0.058534547493628,True
1981-02-21 10:00:00,0.2895672,0.0014326975,0.0010444365,0.16766534069925546,0.05863875275911399,True
1981-02-21 11:00:00,0.33662727,0.0013526665,0.0009860939,0.19478632055048364,0.05911737081003943,True
1981-02-21 12:00:00,0.33946005,0.0014867482,0.0010838393,0.1964755834410898,0.059600283906474795,True
1981-02-21 13:00:00,0.2950579,0.0012322203,0.0008982887,0.17075160103407688,0.06017151728752637,False
1981-02-21 14:00:00,0.24619336,0.0011845198,0.0008635148,0.14253728880092967,0.06086803302028163,False
1981-02-21 15:00:00,0.15835999,0.0016243458,0.001184148,0.09203704154072327,0.06132173572122687,False
1981-02-21 16:00:00,0.079238296,0.00313416,0.0022848027,0.04700038094841875,0.06183770080546175,False
1981-02-21 17:00:00,0.0142028015,0.0057624807,0.0042008483,0.010548217644449322,0.06226931089689592,False
1981-02-21 18:00:00,6.338916e-07,0.008955893,0.006528845,0.0036576479449205975,0.06260635177320593,False
1981-02-21 19:00:00,0.0,0.010924444,0.007963919,0.0044611713197082285,0.06290058637940475,False
1981-02-21 20:00:00,0.0,0.012145574,0.008854123,0.00495983951445669,0.06329637423198821,False
1981-02-21 21:00:00,0.0,0.011981927,0.008734825,0.004893011564388872,0.0638089336822197,False
1981-02-21 22:00:00,0.0,0.010919319,0.007960183,0.004459078400395811,0.06440213332389631,False
1981-02-21 23:00:00,0.0,0.00848573,0.006186097,0.003465283532626927,0.06498371970391982,False
1981-02-22 00:00:00,0.0,0.007962233,0.0058044675,0.003251505363732576,0.06556001530058367,False
1981-02-22 01:00:00,0.0,0.010191647,0.007429711,0.004161922263912856,0.06612407590897439,False
1981-02-22 02:00:00,0.0,0.015937485,0.011618426,0.006508326899260283,0.0666830807346307,False
1981-02-22 03:00:00,0.0,0.024343848,0.017746666,0.009941199984401464,0.06722709693608724,False
1981-02-22 04:00:00,0.0,0.031814184,0.02319254,0.012991831060498952,0.06775705178451992,False
1981-02-22 05:00:00,0.0,0.040911388,0.0298244,0.016706819660961627,0.06826882519602462,False
1981-02-22 06:00:00,0.0,0.048330717,0.035298448,0.019740150690078735,0.0687601783380271,False
1981-02-22 07:00:00,0.011240167,0.055431303,0.040785644,0.02914215159509331,0.06919444071792236,False
1981-02-22 08:00:00,0.08327004,0.064602666,0.04811697,0.07448351491987705,0.06958946764480976,False
1981-02-22 09:00:00,0.18370646,0.07523119,0.056411255,0.13680514459311963,0.06988563560955852,False
1981-02-22 10:00:00,0.26939568,0.09209732,0.07239723,0.193334668405354,0.06989378648723209,False
1981-02-22 11:00:00,0.32524675,0.08574681,0.06655969,0.2229021714478731,0.06981187069709456,False
1981-02-22 12:00:00,0.3473683,0.08067037,0.06057366,0.23346985384821892,0.06972840409363265,False
1981-02-22 13:00:00,0.31526977,0.08150513,0.060085997,0.2152306920662522,0.06990230243954958,False
1981-02-22 14:00:00,0.24753393,0.0916012,0.068003275,0.18030009872466324,0.07028332304214024,False
1981-02-22 15:00:00,0.17501931,0.101703726,0.07853026,0.14275545006245374,0.07052755058805578,False
1981-02-22 16:00:00,0.092545174,0.10259259,0.08693106,0.09594950730353594,0.0708458847422875,False
1981-02-22 17:00:00,0.01845679,0.10595148,0.09331275,0.05478455288335681,0.0709853526911169,False
1981-02-22 18:00:00,2.593193e-06,0.10712208,0.0961366,0.044720919640878265,0.07103552182022584,False
1981-02-22 19:00:00,0.0,0.10631711,0.095425814,0.04438400769978762,0.07103246120650258,False
1981-02-22 20:00:00,0.0,0.10535474,0.09376245,0.043939071804285044,0.07101507959452395,False
1981-02-22 21:00:00,0.0,0.101172894,0.089326076,0.042156406089663506,0.0709877481415326,False
1981-02-22 22:00:00,0.0,0.09482188,0.08166625,0.03939925058931112,0.07095628628730012,False
1981-02-22 23:00:00,0.0,0.087316185,0.07524039,0.03628265333175659,0.0709456506342551,False
1981-02-23 00:00:00,0.0,0.079358265,0.068682626,0.032992061510682104,0.07098755675264805,False
1981-02-23 01:00:00,0.0,0.07439711,0.064915575,0.030957974441349505,0.07106811061782467,False
1981-02-23 02:00:00,0.0,0.07033658,0.060058124,0.029197336837649343,0.07116916683835846,False
1981-02-23 03:00:00,0.0,0.06689119,0.055813227,0.02769676461070776,0.07124771499617895,False
1981-02-23 04:00:00,0.0,0.06437281,0.05170371,0.0265455664023757,0.07125425292605472,False
1981-02-23 05:00:00,0.0,0.061055336,0.048029084,0.025122989561408758,0.07124305925653719,False
1981-02-23 06:00:00,1.1525302e-07,0.053879786,0.04212419,0.022156413868906877,0.07120328441863352,False
1981-02-23 07:00:00,0.012896985,0.048079234,0.037938643,0.027231484178453683,0.07112008236568883,False
1981-02-23 08:00:00,0.08451377,0.043261435,0.033253778,0.06652361792698502,0.0710214077070029,False
1981-02-23 09:00:00,0.17147283,0.040356077,0.029752728,0.11543786418437958,0.07075697656708299,False
1981-02-23 10:00:00,0.25482354,0.04073974,0.030874781,0.16373338277265426,0.07021537246775343,False
1981-02-23 11:00:00,0.3090321,0.030532401,0.022258125,0.19077992358431217,0.06947013789899487,False
1981-02-23 12:00:00,0.3376233,0.02452227,0.017876735,0.20482270404510197,0.06874085431052211,False
1981-02-23 13:00:00,0.31466237,0.018317891,0.013353745,0.18904058995842934,0.06808235969816484,False
1981-02-23 14:00:00,0.25758606,0.013794129,0.010055921,0.1542602110048756,0.06736239667146617,False
1981-02-23 15:00:00,0.17860481,0.010436973,0.007608553,0.1073170809438452,0.06684942727616516,False
1981-02-23 16:00:00,0.08704504,0.008496918,0.006194252,0.05369484249223023,0.06626534626077078,False
1981-02-23 17:00:00,0.017098533,0.0075679226,0.005517016,0.01295633584167808,0.0658756620618809,False
1981-02-23 18:00:00,4.4948674e-06,0.008590688,0.0062626125,0.0035107384862049004,0.06567476944634142,False
1981-02-23 19:00:00,0.0,0.008881381,0.0064745266,0.003626853944733739,0.06548592072430472,False
1981-02-23 20:00:00,0.0,0.008932991,0.00651215,0.0036479297708719967,0.06528024530348772,False
1981-02-23 21:00:00,0.0,0.00828385,0.0060389256,0.0033828425612300633,0.0650107110695302,False
1981-02-23 22:00:00,0.0,0.009669187,0.0070488374,0.003948567054234445,0.06470039767663399,False
1981-02-23 23:00:00,0.0,0.013411443,0.0097769415,0.005476777215488255,0.06438121606813217,False
1981-02-24 00:00:00,0.0,0.017430665,0.012706954,0.007118090892210603,0.06402277144378456,False
1981-02-24 01:00:00,0.0,0.022069959,0.016089,0.009012620849534869,0.06366359726766528,False
1981-02-24 02:00:00,0.0,0.025170162,0.018349048,0.01027863847464323,0.0633340827255364,False
1981-02-24 03:00:00,0.0,0.025112327,0.018306887,0.01025502061843872,0.06304030236144023,False
1981-02-24 04:00:00,0.0,0.030498462,0.02223338,0.012454534923657775,0.06278222023656996,False
1981-02-24 05:00:00,0.0,0.036221612,0.026515787,0.014797627441585063,0.06254786319619449,False
1981-02-24 06:00:00,6.0507836e-07,0.038501274,0.028502462,0.01574645214873334,0.06235509718869286,False
1981-02-24 07:00:00,0.011088119,0.044027083,0.03262833,0.024405767978169023,0.06220635442379003,False
1981-02-24 08:00:00,0.071068004,0.050838865,0.037500754,0.06179082020372152,0.06209048617192228,False
1981-02-24 09:00:00,0.15155572,0.057164043,0.041980874,0.11080814782530068,0.061927048698877864,False
1981-02-24 10:00:00,0.22384866,0.06950875,0.051000085,0.15756340910494326,0.06176428588386154,False
1981-02-24 11:00:00,0.27815494,0.06707644,0.04907322,0.18789655920118092,0.06142171663829276,False
1981-02-24 12:00:00,0.30125207,0.06856693,0.050712433,0.20186211245507002,0.06126508177502076,False
1981-02-24 13:00:00,0.26154137,0.07255702,0.055362202,0.18067246678471566,0.061053543709989895,False
1981-02-24 14:00:00,0.21372662,0.07867226,0.06161558,0.1556775677502155,0.06098941311860607,False
1981-02-24 15:00:00,0.1379905,0.08503154,0.068933375,0.11471956132352353,0.06104810770746082,False
1981-02-24 16:00:00,0.0712306,0.08747808,0.07157777,0.07724466575682162,0.061151918975049575,False
1981-02-24 17:00:00,0.014914288,0.0883965,0.07255288,0.04514170733746141,0.06131289405066748,False
1981-02-24 18:00:00,1.0776157e-05,0.08637737,0.06993916,0.035656180983116424,0.06149428709526075,False
1981-02-24 19:00:00,0.0,0.083769545,0.06667825,0.034511587500572205,0.06171090859508536,False
1981-02-24 20:00:00,0.0,0.07533589,0.05930528,0.031001428574323652,0.06196100935126583,False
1981-02-24 21:00:00,0.0,0.066475585,0.05059023,0.02726136323064566,0.06221633745551503,False
1981-02-24 22:00:00,0.0,0.05896312,0.042984113,0.024078533381223677,0.062443920657699215,False
1981-02-24 23:00:00,0.0,0.04671621,0.034056112,0.019077311363071205,0.06261860600441856,False
1981-02-25 00:00:00,0.0,0.03857251,0.028119357,0.015751701056957244,0.06271464235133886,False
1981-02-25 01:00:00,0.0,0.03707771,0.027029656,0.01514127641916275,0.06276193981846724,False
1981-02-25 02:00:00,0.0,0.036966544,0.026948607,0.01509587936103344,0.06277055964091256,False
1981-02-25 03:00:00,0.0,0.037487995,0.02732875,0.015308822616934777,0.06275939086390123,False
1981-02-25 04:00:00,0.0,0.037457645,0.02730662,0.015296428464353085,0.06275066388930123,False
1981-02-25 05:00:00,0.0,0.03886274,0.028330937,0.01587022120133042,0.06270266993072278,False
1981-02-25 06:00:00,3.5728433e-06,0.03676775,0.026803695,0.01501676115357145,0.06264798660537622,False
1981-02-25 07:00:00,0.014209832,0.032986917,0.024047459,0.021669808088801798,0.06261581041478244,False
1981-02-25 08:00:00,0.07917833,0.031816363,0.023194127,0.058678619220852844,0.06276173670662337,False
1981-02-25 09:00:00,0.16476288,0.030749535,0.022416413,0.10762524906359613,0.0633769266259492,False
1981-02-25 10:00:00,0.23638132,0.026686933,0.019454775,0.1472900589853525,0.06443880445993895,False
1981-02-25 11:00:00,0.30249277,0.021361042,0.0155722005,0.18326145014725626,0.06582761058508808,False
1981-02-25 12:00:00,0.32199833,0.021735016,0.015844828,0.1946688769236207,0.06755143396434764,False
1981-02-25 13:00:00,0.30622813,0.022697017,0.016546126,0.18596232157200573,0.06943640532448037,False
1981-02-25 14:00:00,0.25426233,0.02538945,0.018508907,0.15707755126990375,0.07157730344134462,False
1981-02-25 15:00:00,0.17567825,0.026774192,0.019518385,0.11230002178810536,0.07344155918615329,False
1981-02-25 16:00:00,0.08996253,0.023295935,0.016982738,0.06142164612188935,0.07480862572613252,False
1981-02-25 17:00:00,0.018120684,0.027444908,0.020007338,0.021663201982155444,0.07536501053249854,False
1981-02-25 18:00:00,2.4721772e-05,0.03402415,0.02480361,0.01390857047778627,0.07526787785386979,False
1981-02-25 19:00:00,0.0,0.03827863,0.02790512,0.015631690241396427,0.0750930932581149,False
1981-02-25 20:00:00,0.0,0.03894467,0.028390665,0.015903678774833677,0.07497297506897747,False
1981-02-25 21:00:00,0.0,0.035034347,0.025540039,0.014306836266070605,0.0749425458156228,False
1981-02-25 22:00:00,0.0,0.030201985,0.022017248,0.01233346369676292,0.07498569511693941,False
1981-02-25 23:00:00,0.0,0.02469971,0.018006088,0.010086521867662668,0.07501701734193639,False
1981-02-26 00:00:00,0.0,0.022990085,0.016759776,0.00938836931437254,0.07512438826567532,False
1981-02-26 01:00:00,0.0,0.023083147,0.016827615,0.009426372326910494,0.07529863874336742,False
1981-02-26 02:00:00,0.0,0.023857366,0.017392019,0.009742537178099154,0.07551145641880148,False
1981-02-26 03:00:00,0.0,0.024086544,0.017559092,0.009836125837638973,0.07577781713150479,False
1981-02-26 04:00:00,0.0,0.024857175,0.01812088,0.010150824911892413,0.07608681054089257,False
1981-02-26 05:00:00,0.0,0.029808622,0.021730488,0.012172827824950218,0.0764460645504486,False
1981-02-26 06:00:00,1.3801548e-05,0.034758113,0.02533866,0.014201995000231364,0.07688361969894768,False
1981-02-26 07:00:00,0.0237803,0.04331653,0.031577747,0.031410229986533526,0.07746830963167821,False
1981-02-26 08:00:00,0.12012862,0.05388726,0.039283812,0.09131993633136153,0.07843498279011724,False
1981-02-26 09:00:00,0.2393971,0.057904333,0.04221226,0.16177828385680912,0.08025098582338767,False
1981-02-26 10:00:00,0.35108876,0.053010993,0.038645018,0.22422610311210153,0.08294130257549144,False
1981-02-26 11:00:00,0.4355737,0.04729595,0.03447875,0.27064008140563967,0.08643864812299368,False
1981-02-26 12:00:00,0.47339565,0.04699571,0.03425987,0.29234073774144054,0.09019983975671765,False
1981-02-26 13:00:00,0.45882803,0.04577218,0.033367917,0.28343557639420036,0.09417120475451064,False
1981-02-26 14:00:00,0.39013535,0.04910729,0.035799213,0.24516184350103137,0.09812382613950012,False
1981-02-26 15:00:00,0.28042933,0.045378484,0.033080913,0.18033875524252652,0.10180101555866257,False
1981-02-26 16:00:00,0.14822058,0.045125842,0.03289674,0.1039511364623904,0.10488885397888013,False
1981-02-26 17:00:00,0.030649522,0.055818956,0.040692028,0.0404793387632817,0.10731435331994271,False
1981-02-26 18:00:00,4.1663967e-05,0.06671094,0.048632275,0.02726652038688189,0.10919861881847252,False
1981-02-26 19:00:00,0.0,0.07029228,0.052001175,0.028745914421975615,0.11110232120672199,False
1981-02-26 20:00:00,0.0,0.07205612,0.054668803,0.029540824413299558,0.11312805864740122,False
1981-02-26 21:00:00,0.0,0.071470164,0.054815542,0.029332529693841935,0.11523593483459164,False
1981-02-26 22:00:00,0.0,0.06256718,0.046198335,0.02558200018107891,0.11734090770025697,False
1981-02-26 23:00:00,0.0,0.059328374,0.043313812,0.024231115702539684,0.11950723060524517,False
1981-02-27 00:00:00,0.0,0.05904456,0.04311633,0.024115723986178634,0.12158047081205488,False
1981-02-27 01:00:00,0.0,0.06198691,0.045988068,0.025356524839997292,0.12359957268835471,False
1981-02-27 02:00:00,0.0,0.067851864,0.052663997,0.027881193570792676,0.12560038217577577,False
1981-02-27 03:00:00,0.0,0.07307774,0.05879298,0.030140506267547607,0.12767439809349793,False
1981-02-27 04:00:00,0.0,0.078769326,0.06434703,0.032540620923042295,0.12977571297682783,False
1981-02-27 05:00:00,0.0,0.08916533,0.073534474,0.03687286832928657,0.1319376857645247,False
1981-02-27 06:00:00,3.0253916e-05,0.10402317,0.08666427,0.0430818779246365,0.13412169446809177,False
1981-02-27 07:00:00,0.030536287,0.12191587,0.10118012,0.0680701196938753,0.13630290865549125,False
1981-02-27 08:00:00,0.15242156,0.13986608,0.116461806,0.1458467648178339,0.13852090697631012,False
1981-02-27 09:00:00,0.29364082,0.16257602,0.13591014,0.23676045316457747,0.14098787068944504,False
1981-02-27 10:00:00,0.4122735,0.1867318,0.15512599,0.31516264526546,0.14364703528874326,False
1981-02-27 11:00:00,0.48918244,0.19721335,0.16238245,0.3637986485660076,0.14616101476437804,False
1981-02-27 12:00:00,0.51636344,0.21139917,0.17308144,0.3852943968176842,0.14849092647879777,False
1981-02-27 13:00:00,0.49077538,0.22371364,0.1844523,0.3756881480515003,0.15052354503163218,False
1981-02-27 14:00:00,0.41504073,0.22732311,0.18929467,0.3335826433897018,0.1523004018492477,False
1981-02-27 15:00:00,0.29760605,0.21401674,0.18195184,0.2605162659585476,0.1538723651056279,False
1981-02-27 16:00:00,0.15657185,0.21064581,0.18102506,0.1778456144928932,0.15526734862868755,False
1981-02-27 17:00:00,0.03320814,0.22394274,0.19096255,0.11210794591158628,0.15693212237973778,False
1981-02-27 18:00:00,7.191788e-05,0.25398272,0.21342896,0.10528628511376155,0.15893396250019085,False
1981-02-27 19:00:00,0.0,0.27255824,0.22764993,0.1128670873939991,0.1610413447759729,False
1981-02-27 20:00:00,0.0,0.2826937,0.23643991,0.11708173575997352,0.16304341227809527,False
1981-02-27 21:00:00,0.0,0.27846375,0.23319277,0.11534553381800652,0.16488034596542456,False
1981-02-27 22:00:00,0.0,0.28078625,0.23531182,0.11631696313619613,0.1665339578973744,False
1981-02-27 23:00:00,0.0,0.2644915,0.22230905,0.10960205179452895,0.16798269479225017,False
1981-02-28 00:00:00,0.0,0.2564809,0.21599641,0.1063052593767643,0.1694189132218398,False
1981-02-28 01:00:00,0.0,0.25441328,0.21456905,0.10546522772312164,0.1707403314292114,False
1981-02-28 02:00:00,0.0,0.26369303,0.22208466,0.10929530122876167,0.17192958966937474,False
1981-02-28 03:00:00,0.0,0.26700452,0.22545505,0.11069924023747445,0.17294548807820864,False
1981-02-28 04:00:00,0.0,0.2747718,0.23212446,0.11392551872134209,0.17383868733948657,False
1981-02-28 05:00:00,0.0,0.28220686,0.23835024,0.11700524559617041,0.1746198052416239,False
1981-02-28 06:00:00,5.6618042e-05,0.28669012,0.24220286,0.11890027599540554,0.17526564262403735,False
1981-02-28 07:00:00,0.029561851,0.29142433,0.24595152,0.1378741493858397,0.17571411425435424,False
1981-02-28 08:00:00,0.13126494,0.32341936,0.27134407,0.2097341945618391,0.17580025389171025,False
1981-02-28 09:00:00,0.24432175,0.3589583,0.29609114,0.2894181846231222,0.17484310292593644,False
1981-02-28 10:00:00,0.34147432,0.3574142,0.295937,0.3448971179425716,0.1728248164580962,False
1981-02-28 11:00:00,0.40188658,0.3639287,0.30180728,0.3824758436977863,0.1700102686964423,False
1981-02-28 12:00:00,0.4108758,0.36937422,0.3061483,0.3899064282774925,0.16659067572421835,False
1981-02-28 13:00:00,0.3719982,0.37266323,0.30683362,0.36872470363974574,0.16248248140034086,False
1981-02-28 14:00:00,0.29590723,0.36246046,0.2986981,0.3206160798072815,0.15836514528547233,False
1981-02-28 15:00:00,0.19955568,0.3191329,0.2665611,0.24729796434938905,0.1543755885831528,False
1981-02-28 16:00:00,0.097104006,0.30869555,0.25782603,0.18386027651280165,0.1511091888783792,False
1981-02-28 17:00:00,0.018287312,0.30444708,0.2532391,0.1365676645450294,0.14874517283326147,False
1981-02-28 18:00:00,2.9303079e-05,0.31018916,0.25822523,0.12842086962442045,0.1470143799451317,False
1981-02-28 19:00:00,0.0,0.30147535,0.25186577,0.12484515452384948,0.1451126993485851,False
1981-02-28 20:00:00,0.0,0.2841277,0.23834288,0.11771364140510558,0.1430176468201572,False
1981-02-28 21:00:00,0.0,0.26215973,0.22164741,0.10870590242743491,0.14082009521439984,False
1981-02-28 22:00:00,0.0,0.2289909,0.19673574,0.09512137113511562,0.13862918611463473,False
1981-02-28 23:00:00,0.0,0.22421865,0.19320218,0.09316960032284259,0.1364219428785037,False
1981-03-01 00:00:00,0.0,0.2104286,0.1832527,0.0875437979400158,0.13432129247019847,False
1981-03-01 01:00:00,0.0,0.19790147,0.17435698,0.08244092036783696,0.13228647953817935,False
1981-03-01 02:00:00,0.0,0.18379311,0.1634196,0.07664431719481944,0.130269581810444,False
1981-03-01 03:00:00,0.0,0.17494604,0.15664782,0.07301407080888749,0.12819662884901126,False
1981-03-01 04:00:00,0.0,0.16775306,0.15061857,0.07003428022563457,0.1261112415696153,False
1981-03-01 05:00:00,0.0,0.16256975,0.1460153,0.06787306268513202,0.12398577364276943,False
1981-03-01 06:00:00,7.649919e-05,0.15470189,0.13850702,0.06460851617984735,0.12182619309913216,False
1981-03-01 07:00:00,0.017125994,0.14931463,0.1338153,0.07220482228696345,0.11965780872619143,False
1981-03-01 08:00:00,0.069772966,0.14290126,0.12803617,0.09990351846069098,0.11743612685900856,False
1981-03-01 09:00:00,0.12987715,0.15598032,0.13679351,0.1398827027082443,0.11461719135063443,False
1981-03-01 10:00:00,0.18727969,0.17346582,0.14805716,0.1800643527060747,0.11118172113985808,False
1981-03-01 11:00:00,0.23761585,0.15087423,0.12743053,0.19965818589925766,0.1076474129710538,False
1981-03-01 12:00:00,0.23429225,0.12779117,0.10665738,0.18810106927156447,0.10399834862320738,False
1981-03-01 13:00:00,0.23315246,0.10540998,0.08575482,0.17805601453781128,0.10034358455955104,False
1981-03-01 14:00:00,0.18808065,0.08160228,0.06389152,0.14208392167836426,0.09680541581653111,False
1981-03-01 15:00:00,0.13771453,0.059271734,0.044380065,0.10372908012941479,0.09351228801037237,False
1981-03-01 16:00:00,0.07992641,0.044691604,0.032668605,0.06437284432724118,0.09086864641371235,False
1981-03-01 17:00:00,0.022974912,0.038613174,0.028242625,0.02902988728135824,0.08865569921164206,False
1981-03-01 18:00:00,0.00015011706,0.03407379,0.024921684,0.01400561647952418,0.08655115862947786,False
1981-03-01 19:00:00,0.0,0.03013122,0.021965658,0.012304566029459238,0.08433140142108632,False
1981-03-01 20:00:00,0.0,0.028404076,0.02070657,0.011599258683621883,0.08222096953573955,False
1981-03-01 21:00:00,0.0,0.024933264,0.018176347,0.010181897029280663,0.0802906845517954,False
1981-03-01 22:00:00,0.0,0.025392143,0.01851087,0.010369287801906466,0.07855331064723751,False
1981-03-01 23:00:00,0.0,0.02147787,0.015657369,0.008770832195878028,0.07711893518371826,False
1981-03-02 00:00:00,0.0,0.021143382,0.015413528,0.008634238639846444,0.07571022343831456,False
1981-03-02 01:00:00,0.0,0.02119211,0.015449046,0.008654136791825294,0.07443593849344497,False
1981-03-02 02:00:00,0.0,0.023959922,0.017636074,0.00979355907998979,0.07327027158076262,False
1981-03-02 03:00:00,0.0,0.025917424,0.019205952,0.010600650826469063,0.07227231277209094,False
1981-03-02 04:00:00,0.0,0.029052349,0.02190262,0.011903058232739568,0.07138264154466188,False
1981-03-02 05:00:00,0.0,0.0324839,0.025163328,0.013345379501581192,0.07061154516889101,False
1981-03-02 06:00:00,0.0001328291,0.035806358,0.028308105,0.01481782609425136,0.06994446902312657,False
1981-03-02 07:00:00,0.025348373,0.040313616,0.032068226,0.03123341976106167,0.06939832250785039,False
1981-03-02 08:00:00,0.09722983,0.04444304,0.03563325,0.07442529015988111,0.06895790017849722,False
1981-03-02 09:00:00,0.18254977,0.04652476,0.037347376,0.12451561450585723,0.06859436987157556,False
1981-03-02 10:00:00,0.26302972,0.057071675,0.044865314,0.17525032583996655,0.0682243699011109,False
1981-03-02 11:00:00,0.31787622,0.05807482,0.045862358,0.20732075500115751,0.06772721081618487,False
1981-03-02 12:00:00,0.33134553,0.056550853,0.044891085,0.21447775322198867,0.06720653369405262,False
1981-03-02 13:00:00,0.3054195,0.054909978,0.04451422,0.19889260397478936,0.06709051929262423,False
1981-03-02 14:00:00,0.24562417,0.050391305,0.04122977,0.16254594511166215,0.06700340952448193,False
1981-03-02 15:00:00,0.1743992,0.04793311,0.03865766,0.1204031677097082,0.06715920657745518,False
1981-03-02 16:00:00,0.1020345,0.045435943,0.037019268,0.07763881081342697,0.06754866143917,False
1981-03-02 17:00:00,0.025896577,0.049960006,0.040224988,0.03554971660114825,0.06799049306384865,False
1981-03-02 18:00:00,0.00015521699,0.052834477,0.042352617,0.021872523621626894,0.06854973641778608,False
1981-03-02 19:00:00,0.0,0.056995764,0.046536796,0.02354442402720451,0.06919082443498221,False
1981-03-02 20:00:00,0.0,0.06068919,0.04936392,0.025059962175786495,0.06985761174664978,False
1981-03-02 21:00:00,0.0,0.061327953,0.049665563,0.025311955008655785,0.07050264263072197,False
1981-03-02 22:00:00,0.0,0.06357075,0.052106317,0.026271348886191846,0.0710610388062257,False
1981-03-02 23:00:00,0.0,0.06189678,0.05021343,0.02555143654346466,0.07144483341090993,False
1981-03-03 00:00:00,0.0,0.06388477,0.05193777,0.026378120586276053,0.07184755023010687,False
1981-03-03 01:00:00,0.0,0.0641308,0.052308224,0.026488908559083937,0.07220042902522866,False
1981-03-03 02:00:00,0.0,0.06951364,0.05725483,0.028742294378578663,0.07250618103251939,False
1981-03-03 03:00:00,0.0,0.07318099,0.061223466,0.0303098518922925,0.07272334318073147,False
1981-03-03 04:00:00,0.0,0.079647094,0.06725697,0.03302165418863297,0.07289373893326295,False
1981-03-03 05:00:00,0.0,0.086419515,0.07341864,0.03585340768843889,0.07299504148518347,False
1981-03-03 06:00:00,0.00017581848,0.092276834,0.078553416,0.038393483446590826,0.07307858297532106,False
1981-03-03 07:00:00,0.01870424,0.097004324,0.08291868,0.05106455047801137,0.07309006323403393,False
1981-03-03 08:00:00,0.06921105,0.10242547,0.087486826,0.08245406372845172,0.07291706838949608,False
1981-03-03 09:00:00,0.13165998,0.11122411,0.09468884,0.1221227041259408,0.07249202468581832,False
1981-03-03 10:00:00,0.1851431,0.11897567,0.10131717,0.15620071662962434,0.07185002348224657,False
1981-03-03 11:00:00,0.22081041,0.11388097,0.09696292,0.17466568403691052,0.07068517521409808,False
1981-03-03 12:00:00,0.23746803,0.109770864,0.0927384,0.1825323780030012,0.06934675870240069,False
1981-03-03 13:00:00,0.22520247,0.10597803,0.089389406,0.17387474566698072,0.06803936108871077,False
1981-03-03 14:00:00,0.18564142,0.10239196,0.08637864,0.14956218022108075,0.0670393009302395,False
1981-03-03 15:00:00,0.14042434,0.09986651,0.084209755,0.12242291349172592,0.06654275449181,False
1981-03-03 16:00:00,0.073979676,0.10347383,0.08727124,0.08558076231181622,0.06612402529667157,False
1981-03-03 17:00:00,0.018877666,0.10856212,0.0911432,0.05587356827035546,0.06576768090139323,False
1981-03-03 18:00:00,0.00018051504,0.10794813,0.08964488,0.04477784130493819,0.06558810691781833,False
1981-03-03 19:00:00,0.0,0.10731207,0.08726303,0.044310356989502905,0.06539386786587367,False
1981-03-03 20:00:00,0.0,0.10346072,0.081180274,0.04256074111908675,0.06517065257576125,False
1981-03-03 21:00:00,0.0,0.09032996,0.06765108,0.036984913453459736,0.06494094446438195,False
1981-03-03 22:00:00,0.0,0.07036505,0.052346773,0.028791428826749323,0.06475040182025933,False
1981-03-03 23:00:00,0.0,0.068782225,0.05038145,0.028101239517331122,0.06451298048320989,False
1981-03-04 00:00:00,0.0,0.0626137,0.045703042,0.02557242080569267,0.06436504338888283,False
1981-03-04 01:00:00,0.0,0.057130694,0.041648276,0.0233302331417799,0.06425434059576894,False
1981-03-04 02:00:00,0.0,0.049507897,0.03609126,0.02021734219416976,0.0642034177232703,False
1981-03-04 03:00:00,0.0,0.045987293,0.033524737,0.018779646947979928,0.06417035631622951,False
1981-03-04 04:00:00,0.0,0.04105528,0.029929299,0.016765580724924803,0.06415342158471997,False
1981-03-04 05:00:00,0.0,0.04249955,0.03098217,0.017355371028184893,0.06410816424593162,False
1981-03-04 06:00:00,0.00018875563,0.037368357,0.027241532,0.015368878512468653,0.06398722889667209,False
1981-03-04 07:00:00,0.017888796,0.030873854,0.02250704,0.022929667223244903,0.06381196320795009,False
1981-03-04 08:00:00,0.070949785,0.03204274,0.023359157,0.05402319238334895,0.06371333706635847,False
1981-03-04 09:00:00,0.14107208,0.030122407,0.021959236,0.0936995567344129,0.06389126280020788,False
1981-03-04 10:00:00,0.18975857,0.024112964,0.01757835,0.11933760896883903,0.0642736484862478,False
1981-03-04 11:00:00,0.23184407,0.022780387,0.016606903,0.1430767624396831,0.06482341487559044,False
1981-03-04 12:00:00,0.24248414,0.028918471,0.021081567,0.1517226677648723,0.06564515476201216,False
1981-03-04 13:00:00,0.2364268,0.035437457,0.025833903,0.15088971636816856,0.06636761198961973,False
1981-03-04 14:00:00,0.21526259,0.0355201,0.025894148,0.13871171606704594,0.06710609018469717,False
1981-03-04 15:00:00,0.15166193,0.031332754,0.022841578,0.1003041663430631,0.06776229192356135,False
1981-03-04 16:00:00,0.08390993,0.029674975,0.021633057,0.06053427984006702,0.06804639857069146,False
1981-03-04 17:00:00,0.024558863,0.03124575,0.02277815,0.026930165389552712,0.06812213931210205,False
1981-03-04 18:00:00,0.0002697785,0.030348724,0.02212422,0.012549049128283514,0.06785753362906032,False
1981-03-04 19:00:00,0.0,0.031418115,0.02290381,0.012830090101808309,0.0674608519766696,False
1981-03-04 20:00:00,0.0,0.034366164,0.02505293,0.014033972829580308,0.0670902680005163,False
1981-03-04 21:00:00,0.0,0.039586812,0.028858785,0.016165908090770245,0.06676892195271628,False
1981-03-04 22:00:00,0.0,0.036425963,0.026554525,0.014875124707818032,0.06655338905753867,False
1981-03-04 23:00:00,0.0,0.04516846,0.033023972,0.018450456015765667,0.0665216428744823,False
1981-03-05 00:00:00,0.0,0.05138222,0.038969386,0.02106438651680946,0.0665067165992439,False
1981-03-05 01:00:00,0.0,0.05837649,0.046364546,0.024044610679149626,0.06648951407570693,False
1981-03-05 02:00:00,0.0,0.06571286,0.053838905,0.02715534684062004,0.06647993424141148,False
1981-03-05 03:00:00,0.0,0.071608886,0.05691307,0.029496984779834746,0.06648408337638083,False
1981-03-05 04:00:00,0.0,0.0751589,0.057697542,0.030849301926791667,0.06645479701787534,False
1981-03-05 05:00:00,0.0,0.073398136,0.05489998,0.030048510923981666,0.06643539807668257,False
1981-03-05 06:00:00,0.00042678192,0.07269969,0.053857263,0.029980730387935185,0.06638619969275149,False
1981-03-05 07:00:00,0.028400417,0.07317528,0.054477334,0.04633049568161369,0.06643940890010809,False
1981-03-05 08:00:00,0.09815258,0.08391003,0.06291962,0.09099449895322323,0.06686668022928502,False
1981-03-05 09:00:00,0.1685936,0.10549932,0.079064086,0.14047721705585714,0.0678438102157947,False
1981-03-05 10:00:00,0.24369481,0.102446854,0.0773094,0.18258950331807133,0.06917754036557604,False
1981-03-05 11:00:00,0.2958951,0.105894685,0.079677545,0.21410919858515262,0.07093439753478602,False
1981-03-05 12:00:00,0.3009768,0.1064374,0.07909821,0.21721032492816444,0.07279486353024893,False
1981-03-05 13:00:00,0.286663,0.10735267,0.07970401,0.20932169903069733,0.07452152344014859,False
1981-03-05 14:00:00,0.24519554,0.096543565,0.07328635,0.18105986368656157,0.07583863943982923,False
1981-03-05 15:00:00,0.18105958,0.076938145,0.059231058,0.13606003255397078,0.07650431005770082,False
1981-03-05 16:00:00,0.109189406,0.06392357,0.048633967,0.08921631789952517,0.07697953573797571,False
1981-03-05 17:00:00,0.032338846,0.05979762,0.045327034,0.04317249548435211,0.07742470038535591,False
1981-03-05 18:00:00,0.00043110386,0.062238812,0.046708394,0.02573712199018337,0.07799074679501407,False
1981-03-05 19:00:00,0.0,0.06451233,0.05031995,0.02652232613414526,0.07872468025994699,False
1981-03-05 20:00:00,0.0,0.06588963,0.05227516,0.027136130824685096,0.07944352269254835,False
1981-03-05 21:00:00,0.0,0.06459716,0.051907085,0.026639334484934805,0.08014304993383797,False
1981-03-05 22:00:00,0.0,0.0660256,0.053780846,0.027267612040042875,0.08078874040523755,False
1981-03-05 23:00:00,0.0,0.06610775,0.055389233,0.027384778305888174,0.08139383062802466,False
1981-03-06 00:00:00,0.0,0.05966285,0.050576083,0.024746699675917624,0.08202289755165788,False
1981-03-06 01:00:00,0.0,0.055057514,0.047299597,0.022870401095598937,0.0826408461182213,False
1981-03-06 02:00:00,0.0,0.049112827,0.04247903,0.02041650067269802,0.0831236759316011,False
1981-03-06 03:00:00,0.0,0.041945904,0.035108574,0.017373901739716528,0.08350130681682588,False
1981-03-06 04:00:00,0.0,0.038273867,0.03169212,0.015834431547671557,0.08379919582640961,False
1981-03-06 05:00:00,0.0,0.036528017,0.028055744,0.014993848599493502,0.08407410273457155,False
1981-03-06 06:00:00,0.00066959125,0.04292956,0.031399235,0.017922920465585777,0.08441822463589,False
1981-03-06 07:00:00,0.037590954,0.052998386,0.040598255,0.043438691023737194,0.08487452165064686,False
1981-03-06 08:00:00,0.12982014,0.06321179,0.04989002,0.10092543173581361,0.08546855851926505,False
1981-03-06 09:00:00,0.22231275,0.07132622,0.057866175,0.15771860392391682,0.0860069640702193,False
1981-03-06 10:00:00,0.2945338,0.081517585,0.06742163,0.20366675309091806,0.08670236396289095,False
1981-03-06 11:00:00,0.33953473,0.08804988,0.073651575,0.23237913022190332,0.08780990181393898,False
1981-03-06 12:00:00,0.33665776,0.0974977,0.08100301,0.23460234344005584,0.08908393068235343,False
1981-03-06 13:00:00,0.29696813,0.10339304,0.08534519,0.21411128435283897,0.09039989499775047,False
1981-03-06 14:00:00,0.22356406,0.10064772,0.08385993,0.17066390572488307,0.09176711749762893,False
1981-03-06 15:00:00,0.14125067,0.10043575,0.08430687,0.12311499899625777,0.09305049964145422,False
1981-03-06 16:00:00,0.06935661,0.100950375,0.085791275,0.08190218291431664,0.09454870197561234,False
1981-03-06 17:00:00,0.016091626,0.10808042,0.09136761,0.054100393053144215,0.0964341196960705,False
1981-03-06 18:00:00,0.00018244552,0.115201496,0.09561542,0.04777785544506333,0.09880273169628474,False
1981-03-06 19:00:00,0.0,0.11460477,0.09343271,0.04733452686667442,0.10138469442700937,False
1981-03-06 20:00:00,0.0,0.11539541,0.09315506,0.047611280411481854,0.10400147234577656,False
1981-03-06 21:00:00,0.0,0.11452602,0.090721294,0.04715905071794987,0.10660118297882348,False
1981-03-06 22:00:00,0.0,0.10723715,0.08053604,0.0439194554015994,0.10917331084165692,False
1981-03-06 23:00:00,0.0,0.11862054,0.09027204,0.048645668350160126,0.1117416923821342,False
1981-03-07 00:00:00,0.0,0.12319197,0.09755707,0.050725917711853974,0.11405241288639574,False
1981-03-07 01:00:00,0.0,0.11477027,0.09018911,0.047220441721379756,0.1162690567646545,False
1981-03-07 02:00:00,0.0,0.109951295,0.08721484,0.04528162933140993,0.11839046160410127,False
1981-03-07 03:00:00,0.0,0.10626704,0.084872566,0.04379565723985433,0.1203743748385363,False
1981-03-07 04:00:00,0.0,0.10713067,0.08358549,0.044044833518564704,0.12220821308064245,False
1981-03-07 05:00:00,0.0,0.11301291,0.090085156,0.04656636218726635,0.12387731137987196,False
1981-03-07 06:00:00,0.00043899874,0.124778256,0.10345386,0.051882987096265425,0.12542317032137854,False
1981-03-07 07:00:00,0.021634806,0.15072905,0.1248512,0.07484426537528632,0.12685122828186657,False
1981-03-07 08:00:00,0.07341038,0.18028502,0.1473149,0.11683796539902686,0.12804016073084137,False
1981-03-07 09:00:00,0.13821931,0.22807069,0.18418118,0.1738564119040966,0.12871099770089625,False
1981-03-07 10:00:00,0.19162609,0.30377862,0.2423844,0.23575132016837594,0.12883667841915675,False
1981-03-07 11:00:00,0.21521783,0.36678654,0.29143822,0.27526258426904676,0.12871669601343586,False
1981-03-07 12:00:00,0.22042441,0.37166625,0.2971644,0.28037661206722253,0.12837073959213383,False
1981-03-07 13:00:00,0.20078029,0.38560668,0.31128314,0.2749483790248632,0.128085697863456,False
1981-03-07 14:00:00,0.16367158,0.35857,0.294655,0.24266220659017562,0.12797022596161825,False
1981-03-07 15:00:00,0.11440345,0.3429066,0.28574854,0.20797374459356066,0.12839798475449918,False
1981-03-07 16:00:00,0.06711505,0.34028184,0.28568485,0.17971636848151684,0.1296176682577656,False
1981-03-07 17:00:00,0.01919297,0.3516685,0.29677498,0.15686587149463593,0.13151656896587163,False
1981-03-07 18:00:00,0.00047550508,0.3605265,0.30301273,0.14967133306496544,0.13379739113517894,False
1981-03-07 19:00:00,0.0,0.36708295,0.30877882,0.15212766623497007,0.13612901995860474,False
1981-03-07 20:00:00,0.0,0.36662173,0.30812633,0.1519222412109375,0.13867439608060259,False
1981-03-07 21:00:00,0.0,0.36219925,0.3046287,0.15010147190093995,0.14137785871856348,False
1981-03-07 22:00:00,0.0,0.36299163,0.30751878,0.15054992598295214,0.14425074918818162,False
1981-03-07 23:00:00,0.0,0.3335739,0.2816776,0.13829936251044272,0.14713409235345634,False
1981-03-08 00:00:00,0.0,0.31632993,0.2670345,0.13114560583233834,0.14974380759679215,False
1981-03-08 01:00:00,0.0,0.30077496,0.25392357,0.1246978333890438,0.15214690027263447,False
1981-03-08 02:00:00,0.0,0.2787998,0.2364298,0.11564433592557906,0.1545567460676512,False
1981-03-08 03:00:00,0.0,0.25393164,0.21661781,0.10539813736081123,0.15677026918594228,False
1981-03-08 04:00:00,0.0,0.23126093,0.19659016,0.0959511499106884,0.15883111319149348,False
1981-03-08 05:00:00,0.0,0.21508364,0.18202247,0.08919507779181003,0.16053021491196443,False
1981-03-08 06:00:00,0.0006467711,0.20779108,0.17447424,0.08646970256901114,0.16194189771235426,False
1981-03-08 07:00:00,0.023607766,0.20986639,0.1749087,0.10050744857452809,0.16308486414949686,False
1981-03-08 08:00:00,0.07418649,0.21817969,0.1816981,0.13312560629844664,0.1641472627035944,False
1981-03-08 09:00:00,0.123749375,0.2231848,0.18505,0.16375127840042114,0.16496645443681437,False
1981-03-08 10:00:00,0.17069604,0.24027202,0.199178,0.19790759761631488,0.16595898422548977,False
1981-03-08 11:00:00,0.19190276,0.25408158,0.2090598,0.2157732219994068,0.16643167226525454,False
1981-03-08 12:00:00,0.18764542,0.2729073,0.22122489,0.22092034046351908,0.16649280252568233,False
1981-03-08 13:00:00,0.15739603,0.2855424,0.22936994,0.20856863306462764,0.1671047549084431,False
1981-03-08 14:00:00,0.11911515,0.29749316,0.23503536,0.19119632778316734,0.16743462627796887,False
1981-03-08 15:00:00,0.0834418,0.32436115,0.25601158,0.1816598071530461,0.1676671982486403,False
1981-03-08 16:00:00,0.051405612,0.3480699,0.27686265,0.1730494169034064,0.16749813970175073,False
1981-03-08 17:00:00,0.018625924,0.37095624,0.2953675,0.16357985717989507,0.1667374112248712,False
1981-03-08 18:00:00,0.0005131929,0.38656217,0.31034234,0.15969603896950138,0.16551859434842098,False
1981-03-08 19:00:00,0.0,0.4108053,0.3319522,0.16951258072257042,0.16402638893350963,False
1981-03-08 20:00:00,0.0,0.42974105,0.3482044,0.17737748703360556,0.16242446837164465,False
1981-03-08 21:00:00,0.0,0.4489571,0.35912275,0.18505779325962066,0.16078940424472096,False
1981-03-08 22:00:00,0.0,0.44228923,0.3539852,0.18231992733478547,0.1591928657168523,False
1981-03-08 23:00:00,0.0,0.4218383,0.3380308,0.17391200003027915,0.157362754345499,False
1981-03-09 00:00:00,0.0,0.40253592,0.32478914,0.16607436615228652,0.15580075412299488,False
1981-03-09 01:00:00,0.0,0.39456517,0.32034248,0.16289303988218307,0.154365037746355,False
1981-03-09 02:00:00,0.0,0.36673993,0.30006862,0.15153073900938036,0.1529833248207346,False
1981-03-09 03:00:00,0.0,0.34523448,0.28378972,0.1427161695063114,0.15174566129930323,False
1981-03-09 04:00:00,0.0,0.30349737,0.25205898,0.12560171610116957,0.15067234459761536,False
1981-03-09 05:00:00,0.0,0.2760984,0.2304968,0.11432713660597801,0.14967386760851373,False
1981-03-09 06:00:00,0.0008096236,0.25662908,0.2144832,0.10674537607911043,0.1486637943066657,False
1981-03-09 07:00:00,0.027164819,0.26614606,0.2214333,0.12583939597196875,0.1475878525531793,False
1981-03-09 08:00:00,0.07667207,0.27056324,0.22373235,0.1561591685935855,0.14637899315518835,False
1981-03-09 09:00:00,0.13680573,0.34518716,0.28123844,0.22149784176051615,0.14494666005506687,False
1981-03-09 10:00:00,0.18443929,0.36810002,0.29981428,0.25844034607708455,0.14346342704265266,False
1981-03-09 11:00:00,0.20083132,0.39349148,0.31701496,0.27819683676958085,0.14175937489465387,False
1981-03-09 12:00:00,0.21783893,0.44684452,0.35503033,0.30975032643973827,0.14002058118083713,False
1981-03-09 13:00:00,0.213362,0.407331,0.3216148,0.29078220476210115,0.13822334712168088,False
1981-03-09 14:00:00,0.18390465,0.35889745,0.2829541,0.2538256611824036,0.1364308464961612,False
1981-03-09 15:00:00,0.13565046,0.29512483,0.2349548,0.19985893434286114,0.13458655729624638,False
1981-03-09 16:00:00,0.07921216,0.23627144,0.1909597,0.14320140159130096,0.1325086222723922,False
1981-03-09 17:00:00,0.024555374,0.20397432,0.16532752,0.09836266142502427,0.13013873624505362,False
1981-03-09 18:00:00,0.00055753643,0.1884184,0.1518034,0.07804547314922092,0.12761900904503615,False
1981-03-09 19:00:00,0.0,0.18239388,0.14689144,0.07523547926545143,0.12511933018803068,False
1981-03-09 20:00:00,0.0,0.17805862,0.14325057,0.07343916311860084,0.1225168682972475,False
1981-03-09 21:00:00,0.0,0.17810519,0.1434594,0.07346762256324291,0.11992447183025472,False
1981-03-09 22:00:00,0.0,0.15163067,0.12505302,0.06270458015799522,0.11736902175308607,False
1981-03-09 23:00:00,0.0,0.15320256,0.12577048,0.06332335183024407,0.11485298209381693,False
1981-03-10 00:00:00,0.0,0.1507074,0.12259614,0.06223121975362301,0.11273826240399325,False
1981-03-10 01:00:00,0.0,0.14145112,0.11444721,0.05837561295926571,0.11098426940315807,False
1981-03-10 02:00:00,0.0,0.13635974,0.10962489,0.05623648689687252,0.10948865456902825,False
1981-03-10 03:00:00,0.0,0.13063972,0.105053335,0.053878935679793356,0.10831457632990026,False
1981-03-10 04:00:00,0.0,0.116533674,0.093024604,0.048024254433810705,0.10733938850486123,False
1981-03-10 05:00:00,0.0,0.098935,0.07786193,0.040711559303104876,0.10681270416197769,False
1981-03-10 06:00:00,0.00091839366,0.08367929,0.06327644,0.03482449840166373,0.10666063089599304,False
1981-03-10 07:00:00,0.023351528,0.071035214,0.051784668,0.042482197470963004,0.10683566412536107,False
1981-03-10 08:00:00,0.07221337,0.05559557,0.040587775,0.06437361749261618,0.10691276564556552,False
1981-03-10 09:00:00,0.12278708,0.05311487,0.03904744,0.09255609380453823,0.10697185959107001,False
1981-03-10 10:00:00,0.15797421,0.060709257,0.04741218,0.11611309451237321,0.10631521762332018,False
1981-03-10 11:00:00,0.18298699,0.065012634,0.050703127,0.13231112373620268,0.10521589964425261,False
1981-03-10 12:00:00,0.18081328,0.07365228,0.058262024,0.13465310562402008,0.10440844402026456,False
1981-03-10 13:00:00,0.15970834,0.07375742,0.05852604,0.12252860303968191,0.10353564471501929,False
1981-03-10 14:00:00,0.12803303,0.06978918,0.056355234,0.10267044618725776,0.10328929824287764,False
1981-03-10 15:00:00,0.08921583,0.07349834,0.061490837,0.08191892600804566,0.10368627942197095,False
1981-03-10 16:00:00,0.045326646,0.079685174,0.06921451,0.05929488759115338,0.10530857618602063,False
1981-03-10 17:00:00,0.011952891,0.08590148,0.07478683,0.04263295157905668,0.10780727595625206,False
1981-03-10 18:00:00,0.0003752062,0.09491094,0.08283004,0.03971145383323892,0.11029417192135388,False
1981-03-10 19:00:00,0.0,0.107353754,0.09223842,0.04459440996497869,0.11266889529115282,False
1981-03-10 20:00:00,0.0,0.12786919,0.10664307,0.05294245661795139,0.11506497057339869,False
1981-03-10 21:00:00,0.0,0.1510329,0.12342688,0.062396189555525776,0.1174428003076347,False
1981-03-10 22:00:00,0.0,0.14930567,0.11955983,0.06155002368986606,0.11970412149558536,False
1981-03-10 23:00:00,0.0,0.17572759,0.14003655,0.07240545491874217,0.12142762688266806,False
1981-03-11 00:00:00,0.0,0.19885647,0.15749377,0.08188270211219788,0.1235654904069262,False
1981-03-11 01:00:00,0.0,0.22112656,0.1760709,0.09110352784395218,0.125817872244853,False
1981-03-11 02:00:00,0.0,0.23088202,0.1848059,0.09517498353123666,0.12797130829187803,False
1981-03-11 03:00:00,0.0,0.23310095,0.18320191,0.09590715390443802,0.12987443487158737,False
1981-03-11 04:00:00,0.0,0.24421652,0.18898098,0.10032086764276027,0.13151785511615446,False
1981-03-11 05:00:00,0.0,0.260601,0.20121937,0.1070276198387146,0.13296434468448856,False
1981-03-11 06:00:00,0.00073750404,0.2795931,0.21391803,0.1151469710887759,0.13428395252021721,False
1981-03-11 07:00:00,0.011178448,0.2998964,0.23015809,0.12954026894178242,0.1355507675568774,False
1981-03-11 08:00:00,0.036228776,0.33641902,0.25838995,0.15899567797780034,0.1368662616838669,False
1981-03-11 09:00:00,0.071176,0.36236116,0.28146678,0.18997902730852365,0.13833282949713047,False
1981-03-11 10:00:00,0.09554838,0.3670173,0.27985716,0.20567308308184146,0.1399227450764706,False
1981-03-11 11:00:00,0.114920594,0.42177537,0.3239754,0.23943896681815385,0.1414606214650719,False
1981-03-11 12:00:00,0.1375023,0.45836887,0.35887077,0.26785595978796484,0.14274038139567388,False
1981-03-11 13:00:00,0.12816608,0.49762586,0.39595935,0.2789575740993023,0.14394459146796404,False
1981-03-11 14:00:00,0.09887841,0.52302647,0.42279902,0.272880757778883,0.144970570974592,False
1981-03-11 15:00:00,0.08090346,0.55997556,0.45216477,0.27772917901724575,0.1459031555789956,False
1981-03-11 16:00:00,0.058404785,0.5577779,0.43739614,0.26313899056240914,0.14663857880366332,False
1981-03-11 17:00:00,0.021851916,0.50007105,0.38146102,0.21773366774991154,0.1469660202497584,False
1981-03-11 18:00:00,0.0008949397,0.4671094,0.35467485,0.19203219489956974,0.1469897621324603,False
1981-03-11 19:00:00,0.0,0.46368822,0.3545581,0.1902470928132534,0.14675646043706345,False
1981-03-11 20:00:00,0.0,0.45718953,0.34948248,0.18757499036192893,0.14637474642086434,False
1981-03-11 21:00:00,0.0,0.44371244,0.33853978,0.1820110395848751,0.1457899191996328,False
1981-03-11 22:00:00,0.0,0.35430205,0.27213672,0.14543283873796464,0.14497835213083435,False
1981-03-11 23:00:00,0.0,0.40417662,0.3111042,0.16594080099463462,0.1440840503440484,False
1981-03-12 00:00:00,0.0,0.41491324,0.31930673,0.17034554797410964,0.14290001504516822,False
1981-03-12 01:00:00,0.0,0.39393172,0.3033285,0.16174054321646691,0.1414821998174082,False
1981-03-12 02:00:00,0.0,0.3593844,0.27729118,0.1475865627229214,0.13986076440590095,False
1981-03-12 03:00:00,0.0,0.32337743,0.24883029,0.13276310741901398,0.1381431557215763,False
1981-03-12 04:00:00,0.0,0.28597268,0.22095987,0.1174557537138462,0.1363955786184886,False
1981-03-12 05:00:00,0.0,0.25319585,0.19673085,0.10405273541808127,0.13454292872510978,False
1981-03-12 06:00:00,0.0014112444,0.23049942,0.18079717,0.09563162016135175,0.13254378892397636,False
1981-03-12 07:00:00,0.026588121,0.21932098,0.17324309,0.1056259155664593,0.13037889085184098,False
1981-03-12 08:00:00,0.074490264,0.22305058,0.17559864,0.13476887252926825,0.12825550957602153,False
1981-03-12 09:00:00,0.13346769,0.22331162,0.17517033,0.16887204161286354,0.12621373724731633,False
1981-03-12 10:00:00,0.1803017,0.20945242,0.1594285,0.1899311611652374,0.12440935450485613,False
1981-03-12 11:00:00,0.20957361,0.17762047,0.13469765,0.193739600405097,0.1227926367771565,False
1981-03-12 12:00:00,0.22170874,0.15737583,0.1195845,0.1924551890939474,0.121141009506186,False
1981-03-12 13:00:00,0.20475824,0.13072376,0.09987123,0.17177561935782432,0.11922354855446471,False
1981-03-12 14:00:00,0.17435825,0.11410884,0.08747475,0.14743450719863174,0.11719349767636213,False
1981-03-12 15:00:00,0.13324548,0.0981634,0.07619076,0.11721924079209566,0.11508795309737961,False
1981-03-12 16:00:00,0.07169498,0.08178776,0.064155415,0.07501207700371743,0.11234684617208023,False
1981-03-12 17:00:00,0.025117148,0.071094565,0.056408763,0.043772561948746444,0.10895158448974307,False
1981-03-12 18:00:00,0.0010048622,0.067802444,0.053964168,0.028512972454191182,0.10519437535056549,False
1981-03-12 19:00:00,0.0,0.063791126,0.05061503,0.026272137187421322,0.10134392388633551,False
1981-03-12 20:00:00,0.0,0.060455453,0.047457185,0.02487074999883771,0.09751677964106766,False
1981-03-12 21:00:00,0.0,0.05707537,0.044077013,0.02344097025319934,0.09379892426627322,False
1981-03-12 22:00:00,0.0,0.04554641,0.03364654,0.01862353792414069,0.09024818557224334,False
1981-03-12 23:00:00,0.0,0.038082,0.028138937,0.015571760572493076,0.08747728734233513,False
1981-03-13 00:00:00,0.0,0.033857465,0.02470679,0.01382757117971778,0.08426249164741584,False
1981-03-13 01:00:00,0.0,0.032506693,0.023697376,0.013274628091603517,0.08099896086289644,False
1981-03-13 02:00:00,0.0,0.031172445,0.022724712,0.012729766683652995,0.07796431940144956,False
1981-03-13 03:00:00,0.0,0.029442836,0.021463826,0.012023452956229448,0.07530987333625652,False
1981-03-13 04:00:00,0.0,0.02790064,0.020339567,0.011393672760576009,0.07306429747238853,False
1981-03-13 05:00:00,0.0,0.027105365,0.01975981,0.011068909384310247,0.07124553095109858,False
1981-03-13 06:00:00,0.0013838718,0.025549065,0.018625269,0.011231863626278937,0.06978479719467558,False
1981-03-13 07:00:00,0.026414467,0.030308155,0.022094646,0.027617967702448367,0.06862122832033231,False
1981-03-13 08:00:00,0.07437975,0.04425807,0.032264132,0.06099060619994998,0.06792246476708513,False
1981-03-13 09:00:00,0.14128314,0.05350172,0.039002758,0.10336865567043423,0.06782684967923201,False
1981-03-13 10:00:00,0.19694923,0.03533822,0.025761561,0.12807063215225933,0.06865205112045543,False
1981-03-13 11:00:00,0.2484416,0.04116418,0.030008683,0.1601608578115702,0.06958034468357054,False
1981-03-13 12:00:00,0.2719595,0.046275143,0.03373458,0.17581783410534263,0.07131581300380863,False
1981-03-13 13:00:00,0.2781052,0.051543057,0.037574887,0.1815151319503784,0.07377227898881372,False
1981-03-13 14:00:00,0.25509098,0.060306493,0.043963436,0.17181461798772216,0.07634994964216436,False
1981-03-13 15:00:00,0.21345884,0.056298267,0.041041438,0.14615604660287498,0.07852646519888104,False
1981-03-13 16:00:00,0.14747034,0.03691797,0.0269132,0.10016642981022596,0.08019828763798412,False
1981-03-13 17:00:00,0.052014206,0.018060839,0.01316635,0.037387629069387904,0.08108723747132879,False
1981-03-13 18:00:00,0.0023050893,0.0144000435,0.010497631,0.007210524616530165,0.0813476109368128,False
1981-03-13 19:00:00,0.0,0.016025255,0.01168241,0.006544169040396809,0.08123613915086976,False
1981-03-13 20:00:00,0.0,0.022327844,0.016276998,0.009117932371795177,0.08117032235727897,False
1981-03-13 21:00:00,0.0,0.028346097,0.020664304,0.011575582271441818,0.08116669032077557,False
1981-03-13 22:00:00,0.0,0.030437704,0.02218909,0.012429723702371121,0.08121243420250034,False
1981-03-13 23:00:00,0.0,0.028480843,0.020762531,0.011630607638508081,0.08139302762255324,False
1981-03-14 00:00:00,0.0,0.033538714,0.02444972,0.013696070317178965,0.08162568133587268,False
1981-03-14 01:00:00,0.0,0.03937094,0.028701417,0.0160777530670166,0.08188778041030531,False
1981-03-14 02:00:00,0.0,0.049399685,0.036012366,0.020173151593655347,0.08215201317781833,False
1981-03-14 03:00:00,0.0,0.061159514,0.044585284,0.024975465953350064,0.08241967390379654,False
1981-03-14 04:00:00,0.0,0.0738163,0.05401382,0.030154960691928863,0.08268279129983643,False
1981-03-14 05:00:00,0.0,0.08303637,0.061057303,0.03393751510977745,0.08295190354757727,False
1981-03-14 06:00:00,0.0033811487,0.09257384,0.0679564,0.03978031419287436,0.08323469006148883,False
1981-03-14 07:00:00,0.048064716,0.10859006,0.07929985,0.07208526501059533,0.08358878731840114,False
1981-03-14 08:00:00,0.12136509,0.1472062,0.108011134,0.1301793483123183,0.08425936126891348,False
1981-03-14 09:00:00,0.21424566,0.20762654,0.15273651,0.20848171079158784,0.0853292635724645,False
1981-03-14 10:00:00,0.28565872,0.17046548,0.12522979,0.23448925219476224,0.08679368952735461,False
1981-03-14 11:00:00,0.3355919,0.2039456,0.15091884,0.27704207977652545,0.08847454307146814,False
1981-03-14 12:00:00,0.37118107,0.2352313,0.17395797,0.3103655563741922,0.08979855622518011,False
1981-03-14 13:00:00,0.35216346,0.22601818,0.16490343,0.29550381071865556,0.09104275202289358,False
1981-03-14 14:00:00,0.29565093,0.19912693,0.14516354,0.2519072539210319,0.09194817404577021,False
1981-03-14 15:00:00,0.23556128,0.1507174,0.109872974,0.19746671786904335,0.09242851902913125,False
1981-03-14 16:00:00,0.13456053,0.0980499,0.071478374,0.1176816690042615,0.09245221043754503,False
1981-03-14 17:00:00,0.05521807,0.05977398,0.043575227,0.05627048829197884,0.09230749936366899,False
1981-03-14 18:00:00,0.0027017612,0.05288062,0.038712263,0.023162326728925108,0.09248266579214616,False
1981-03-14 19:00:00,0.0,0.05628004,0.043436974,0.023112931095063686,0.09267022708006918,False
1981-03-14 20:00:00,0.0,0.05997513,0.047510922,0.0246964122466743,0.09287353888975707,False
1981-03-14 21:00:00,0.0,0.062024016,0.050922494,0.025636676575988532,0.09304515340488655,False
1981-03-14 22:00:00,0.0,0.06612433,0.053558245,0.027292022086679933,0.09316973261926108,False
1981-03-14 23:00:00,0.0,0.064548545,0.054087516,0.026739138811826706,0.09325402463059657,False
1981-03-15 00:00:00,0.0,0.06375331,0.05339549,0.026408326752483842,0.09338172083692409,False
1981-03-15 01:00:00,0.0,0.062645264,0.052624047,0.025957800932228565,0.09347530721588776,False
1981-03-15 02:00:00,0.0,0.061661273,0.05230503,0.025577481530606745,0.09351201018895738,False
1981-03-15 03:00:00,0.0,0.059286676,0.051413044,0.024653087966144085,0.09344818555791647,False
1981-03-15 04:00:00,0.0,0.058454633,0.050764836,0.024311060652136802,0.09326981725306034,False
1981-03-15 05:00:00,0.0,0.059244912,0.05150536,0.024642662052065133,0.09298077541002787,False
1981-03-15 06:00:00,0.0041814945,0.06208494,0.053823464,0.028228531958069653,0.0926147712470942,False
1981-03-15 07:00:00,0.056604702,0.06529465,0.056497727,0.059805517327040425,0.09217945590178207,False
1981-03-15 08:00:00,0.14272231,0.07229863,0.061424997,0.11234591677039861,0.09163893576476138,False
1981-03-15 09:00:00,0.23708005,0.08920543,0.07313163,0.17366110150516031,0.09077309883662847,False
1981-03-15 10:00:00,0.30273458,0.0824812,0.067373805,0.20875160226970912,0.08915185157517629,False
1981-03-15 11:00:00,0.33510676,0.07386778,0.05740142,0.223713489189744,0.0878579531516635,False
1981-03-15 12:00:00,0.358229,0.07024772,0.054068245,0.23553923239558933,0.08614977067264144,False
1981-03-15 13:00:00,0.34480715,0.06338219,0.048771024,0.22497538904845713,0.08404508815427814,False
1981-03-15 14:00:00,0.2986335,0.055011123,0.04186206,0.19487117718905206,0.08212482549488272,False
1981-03-15 15:00:00,0.2210841,0.048232682,0.03573791,0.14729323420673607,0.08066912331534432,False
1981-03-15 16:00:00,0.13439074,0.03838919,0.02798572,0.09322029826417563,0.07941320298411765,False
1981-03-15 17:00:00,0.054798715,0.034715816,0.025307832,0.04579561763629317,0.07873597159614514,False
1981-03-15 18:00:00,0.003184383,0.035203904,0.025663646,0.016213466436835005,0.07835051737474935,False
1981-03-15 19:00:00,0.0,0.039869916,0.0294655,0.01630313590541482,0.07803509566402721,False
1981-03-15 20:00:00,0.0,0.04235834,0.031948186,0.017355429098010064,0.07768230416939552,False
1981-03-15 21:00:00,0.0,0.042901218,0.03194139,0.017555384561419488,0.07729489907161989,False
1981-03-15 22:00:00,0.0,0.040249933,0.030065095,0.016475740246474743,0.0768799259713218,False
1981-03-15 23:00:00,0.0,0.043383304,0.032436784,0.017760025542229413,0.07639943478680873,False
1981-03-16 00:00:00,0.0,0.04442311,0.0332609,0.018188216507434844,0.07592906381928553,False
1981-03-16 01:00:00,0.0,0.043546613,0.03279251,0.017839495774358508,0.07545433606212684,False
1981-03-16 02:00:00,0.0,0.04175251,0.03153506,0.01710956930369139,0.07497283658678718,False
1981-03-16 03:00:00,0.0,0.039969187,0.030836245,0.016413787320256234,0.07448450442522374,False
1981-03-16 04:00:00,0.0,0.039560292,0.031170454,0.016280952226370573,0.07400366816919489,False
1981-03-16 05:00:00,0.0,0.03977938,0.031309705,0.016369315288960934,0.07352012523117667,False
1981-03-16 06:00:00,0.0046255644,0.039408136,0.031011568,0.018885177617892622,0.07302287551688134,False
1981-03-16 07:00:00,0.051621914,0.039671406,0.03177232,0.04614029843360186,0.07251774648305075,False
1981-03-16 08:00:00,0.12667553,0.037601702,0.030599374,0.08861917576193808,0.07196140961102333,False
1981-03-16 09:00:00,0.20063221,0.036080096,0.029324057,0.13066184224188326,0.07135069378455933,False
1981-03-16 10:00:00,0.2748837,0.033568755,0.02569203,0.17238212786614893,0.07037917569184333,False
1981-03-16 11:00:00,0.314214,0.033464827,0.02591346,0.19504932078346607,0.0695174232077671,False
1981-03-16 12:00:00,0.34111246,0.030494208,0.02345446,0.2093407954927534,0.06879262133004257,False
1981-03-16 13:00:00,0.33414137,0.025782341,0.018850863,0.20333120306767521,0.0682268918075713,False
1981-03-16 14:00:00,0.30015448,0.021658061,0.015788728,0.1820335493031889,0.06775380773531872,False
1981-03-16 15:00:00,0.2245661,0.018630104,0.013581346,0.13718254197016358,0.0674475453419822,False
1981-03-16 16:00:00,0.13591117,0.016538642,0.01205667,0.08517456238158047,0.0671824942899206,False
1981-03-16 17:00:00,0.05516237,0.01454577,0.010603867,0.0377686856649816,0.06696600358409319,False
1981-03-16 18:00:00,0.0037301062,0.014373903,0.010478576,0.008022084614261986,0.06672324354964539,False
1981-03-16 19:00:00,0.0,0.015130886,0.011030416,0.006178939352743327,0.06646143671100897,False
1981-03-16 20:00:00,0.0,0.01493995,0.010891223,0.006100967553444206,0.06614105888897491,False
1981-03-16 21:00:00,0.0,0.014002066,0.010207507,0.005717967761680484,0.06579429150593667,False
1981-03-16 22:00:00,0.0,0.010354548,0.007548465,0.004228445230051875,0.06544193252405701,False
1981-03-16 23:00:00,0.0,0.010190203,0.0074286577,0.004161332370713353,0.06511420278064642,False
1981-03-17 00:00:00,0.0,0.008868012,0.00646478,0.0036213944088667634,0.06475722253585726,False
1981-03-17 01:00:00,0.0,0.0069688126,0.0050802645,0.002845826115924865,0.0643910766472737,False
1981-03-17 02:00:00,0.0,0.0052343677,0.0038158537,0.0021375377755612135,0.06403051573502043,False
1981-03-17 03:00:00,0.0,0.0038518086,0.0028079685,0.0015729476767592132,0.06368629333418092,False
1981-03-17 04:00:00,0.0,0.00269611,0.001965464,0.001100999627262354,0.06336539891113815,False
1981-03-17 05:00:00,0.0,0.0018970134,0.0013829226,0.0007746757658896968,0.0630686917590693,False
1981-03-17 06:00:00,0.0052923034,0.0022741347,0.0016578442,0.003982338334200903,0.06281072358372793,False
1981-03-17 07:00:00,0.05482943,0.0035868962,0.0026148472,0.033101347469724714,0.06262619911826892,False
1981-03-17 08:00:00,0.1412487,0.0037492237,0.002733184,0.08303155710012651,0.06254994486247088,False
1981-03-17 09:00:00,0.21852668,0.0022977937,0.0016750915,0.1270282330547925,0.06261500162117083,False
1981-03-17 10:00:00,0.28938404,0.001011087,0.0007370823,0.16738748303405007,0.06301641870148379,False
1981-03-17 11:00:00,0.32652503,0.0012686054,0.0009248133,0.18892299905896653,0.0636712012092076,False
1981-03-17 12:00:00,0.3596768,0.002083173,0.0015186331,0.20838421531696802,0.0643968195096238,False
1981-03-17 13:00:00,0.34845543,0.002959529,0.0021574968,0.20226735358033326,0.0651660529885167,False
1981-03-17 14:00:00,0.30939746,0.004036204,0.0029423924,0.1801705823088996,0.06583507514393787,False
1981-03-17 15:00:00,0.22997513,0.004591791,0.0033474157,0.1345707837077789,0.06652760952185273,False
1981-03-17 16:00:00,0.14073186,0.003982857,0.002903503,0.08282874438446015,0.0671876620558127,False
1981-03-17 17:00:00,0.056744248,0.0034324725,0.0025022728,0.03414313598279841,0.06791758949377473,False
1981-03-17 18:00:00,0.0044197226,0.002685234,0.0019575355,0.0036467381822876633,0.0688558114377275,False
1981-03-17 19:00:00,0.0,0.002265126,0.0016512771,0.0009250004477798939,0.06988498690922255,False
1981-03-17 20:00:00,0.0,0.0017400928,0.0012685275,0.0007105947121744976,0.07109120654739648,False
1981-03-17 21:00:00,0.0,0.0015724949,0.0011463487,0.0006421534311957657,0.072476560436771,False
1981-03-17 22:00:00,0.0,0.00182364,0.0013294336,0.0007447125627659261,0.07406792007200395,False
1981-03-17 23:00:00,0.0,0.0015304256,0.0011156803,0.0006249737923499196,0.07591306216863425,False
1981-03-18 00:00:00,0.0,0.0015016281,0.0010946869,0.0006132138554239646,0.07786560234986221,False
1981-03-18 01:00:00,0.0,0.0013041536,0.000950728,0.0005325719862012192,0.08000037731078895,False
1981-03-18 02:00:00,0.0,0.0014371766,0.0010477018,0.000586894063395448,0.08233266519362199,False
1981-03-18 03:00:00,0.0,0.0024753653,0.0018045411,0.0010108550142031163,0.08483799936916304,False
1981-03-18 04:00:00,0.0,0.004993092,0.003639964,0.002039008927065879,0.08753045275178713,False
1981-03-18 05:00:00,0.0,0.009762916,0.0071171657,0.0039868428725749255,0.09036266799317648,False
1981-03-18 06:00:00,0.004935768,0.017534522,0.013144934,0.010028003275860101,0.09333758451879087,False
1981-03-18 07:00:00,0.05152487,0.030863022,0.025218312,0.04248009415529668,0.09646333527197058,False
1981-03-18 08:00:00,0.12744059,0.043962914,0.03678456,0.09174190017953515,0.09973416064620179,False
1981-03-18 09:00:00,0.21813904,0.057979085,0.049432505,0.1499298620969057,0.1030814536732139,False
1981-03-18 10:00:00,0.2981341,0.07626013,0.06756171,0.20381168823689222,0.10718885168424193,False
1981-03-18 11:00:00,0.3352218,0.087422684,0.07772318,0.2298789992034435,0.11208295527270556,False
1981-03-18 12:00:00,0.35709724,0.09667244,0.08419938,0.24626400247961283,0.11668812919692308,False
1981-03-18 13:00:00,0.33094648,0.10711704,0.09188818,0.23544426652789113,0.12059046380336781,False
1981-03-18 14:00:00,0.29192725,0.11272474,0.09699536,0.21527519944310186,0.12396137575825052,False
1981-03-18 15:00:00,0.21112886,0.11318234,0.09776715,0.16886506360024212,0.12695084040725949,False
1981-03-18 16:00:00,0.13074715,0.107576415,0.09396804,0.12021107940375804,0.12949950910280533,False
1981-03-18 17:00:00,0.060004234,0.115734726,0.10138485,0.08280333897471429,0.1317166111926439,False
1981-03-18 18:00:00,0.0048560994,0.13126269,0.11452973,0.057422507246024906,0.13369666866168436,False
1981-03-18 19:00:00,0.0,0.15401256,0.13420087,0.06407748198509217,0.13556306266467413,False
1981-03-18 20:00:00,0.0,0.17452303,0.15183255,0.07259795424342155,0.13738332115006027,False
1981-03-18 21:00:00,0.0,0.19759245,0.1702151,0.08210323025286197,0.13917872909476114,False
1981-03-18 22:00:00,0.0,0.22305696,0.19420831,0.09279526586830615,0.14093217952374085,False
1981-03-18 23:00:00,0.0,0.23527385,0.20494832,0.09788326106965542,0.14255065170590367,False
1981-03-19 00:00:00,0.0,0.25498,0.22227728,0.10609059253334999,0.14403132146318218,False
1981-03-19 01:00:00,0.0,0.2756761,0.24205858,0.11479564449191093,0.14542550057849418,False
1981-03-19 02:00:00,0.0,0.29359457,0.2603182,0.12239357820153236,0.1467547801524413,False
1981-03-19 03:00:00,0.0,0.3139349,0.2771988,0.13081071004271505,0.14804897910416162,False
1981-03-19 04:00:00,0.0,0.32896358,0.28999576,0.1370473312139511,0.14929466267279326,False
1981-03-19 05:00:00,0.0,0.34496742,0.3014387,0.1435706689953804,0.15050804119292274,False
1981-03-19 06:00:00,0.008814349,0.3584974,0.30827686,0.15401837448682634,0.15170116599908193,False
1981-03-19 07:00:00,0.06796574,0.36355263,0.30988544,0.1901009654328227,0.15294676075334407,False
1981-03-19 08:00:00,0.14792004,0.38232094,0.31991354,0.2437016223967075,0.15427828754971637,False
1981-03-19 09:00:00,0.23243542,0.45945787,0.38015082,0.32418333758413787,0.15566765943369418,False
1981-03-19 10:00:00,0.30746186,0.54218704,0.45985088,0.40230445528030395,0.15736949731764596,False
1981-03-19 11:00:00,0.32717386,0.5338589,0.44811293,0.4099713474214076,0.15953221489238764,False
1981-03-19 12:00:00,0.32284743,0.5061421,0.41938674,0.3956962764263152,0.16223900484571135,False
1981-03-19 13:00:00,0.3120957,0.44578892,0.36103326,0.3640711274147034,0.1648723436256985,False
1981-03-19 14:00:00,0.2795378,0.39294583,0.32175124,0.32366488546133043,0.16729051359352867,False
1981-03-19 15:00:00,0.2150876,0.3215158,0.26225945,0.25690688109397886,0.16921023540212365,False
1981-03-19 16:00:00,0.13627416,0.26758474,0.2200127,0.1892496446967125,0.17066649332081804,False
1981-03-19 17:00:00,0.05759389,0.23187312,0.19246365,0.1291858944967389,0.171644550637012,False
1981-03-19 18:00:00,0.004897504,0.21836114,0.18208389,0.0932336503257975,0.1719433318123336,False
1981-03-19 19:00:00,0.0,0.21321875,0.1781424,0.088297407746315,0.1718534966300065,False
1981-03-19 20:00:00,0.0,0.20988098,0.17489065,0.08689017605781556,0.17154415563985803,False
1981-03-19 21:00:00,0.0,0.2050633,0.16924846,0.08480777402222157,0.1710617224497544,False
1981-03-19 22:00:00,0.0,0.18958123,0.15696117,0.07843137730658054,0.17037573199885062,False
1981-03-19 23:00:00,0.0,0.17349906,0.14214756,0.07169712214171886,0.16952508685112097,False
1981-03-20 00:00:00,0.0,0.1635609,0.13296,0.06753381139039993,0.16851351354483612,False
1981-03-20 01:00:00,0.0,0.1557999,0.12681167,0.06433799153566361,0.1672663938969197,False
1981-03-20 02:00:00,0.0,0.1516967,0.12467338,0.06270844374597072,0.16579766732666737,False
1981-03-20 03:00:00,0.0,0.14695214,0.12182088,0.06080366630852222,0.16414373520182543,False
1981-03-20 04:00:00,0.0,0.14541134,0.122673936,0.06028117789328098,0.16227809233524002,False
1981-03-20 05:00:00,0.0,0.14777382,0.124598056,0.06125683356821537,0.16029121624332018,False
1981-03-20 06:00:00,0.00964855,0.15495543,0.13094044,0.06981655148044229,0.15815757705716513,False
1981-03-20 07:00:00,0.06907142,0.16011754,0.13807037,0.10639338038116693,0.15602781265196955,False
1981-03-20 08:00:00,0.15947357,0.15960015,0.13931565,0.15843175061047077,0.1543900292632071,False
1981-03-20 09:00:00,0.2645424,0.19011539,0.16341732,0.23161808052659033,0.1532417961920823,False
1981-03-20 10:00:00,0.37506503,0.21942964,0.18963097,0.3076221318244934,0.1522522950389634,False
1981-03-20 11:00:00,0.45168003,0.23890974,0.20421934,0.3598049169629812,0.1511285923399553,False
1981-03-20 12:00:00,0.47126052,0.24252139,0.20845467,0.3726642639189958,0.15073588308287414,False
1981-03-20 13:00:00,0.4389357,0.23687065,0.20083813,0.35151642498373986,0.15112695841738585,False
1981-03-20 14:00:00,0.38083977,0.21140547,0.17904969,0.30742184625566005,0.15158643655105433,False
1981-03-20 15:00:00,0.28537023,0.17837872,0.1534273,0.23876544369757174,0.1518021413994233,False
1981-03-20 16:00:00,0.18602465,0.14363566,0.12629719,0.16715783058106898,0.15184790671150142,False
1981-03-20 17:00:00,0.07728196,0.12602909,0.11200761,0.09714483539015054,0.15172956933111204,False
1981-03-20 18:00:00,0.006932642,0.117887095,0.10388789,0.05311041849432513,0.15156181941723704,False
1981-03-20 19:00:00,0.0,0.11827721,0.10342269,0.04922911445796489,0.1513373507730622,False
1981-03-20 20:00:00,0.0,0.118497334,0.10584527,0.049441161118447784,0.15127582858446578,False
1981-03-20 21:00:00,0.0,0.118088186,0.103724964,0.04917568860948086,0.15133891542292724,False
1981-03-20 22:00:00,0.0,0.124870054,0.109023124,0.05196429877728224,0.15150664539113232,False
1981-03-20 23:00:00,0.0,0.118930504,0.100784935,0.04932774236798287,0.1518153307683725,False
1981-03-21 00:00:00,0.0,0.11171944,0.09267365,0.04622884943336249,0.1522234366456006,False
1981-03-21 01:00:00,0.0,0.107194625,0.087813936,0.044296769119799136,0.15261219511497356,False
1981-03-21 02:00:00,0.0,0.10432286,0.08351299,0.043004836209118366,0.15300555653161893,False
1981-03-21 03:00:00,0.0,0.100423045,0.0778472,0.041259852446615695,0.15335130985583703,False
1981-03-21 04:00:00,0.0,0.10153836,0.077956,0.04167727880179882,0.1536756103023846,False
1981-03-21 05:00:00,0.0,0.1003586,0.076364174,0.04115598805993795,0.15409468862730602,False
1981-03-21 06:00:00,0.013461092,0.10722415,0.08253558,0.051789683037437494,0.15468557113445888,False
1981-03-21 07:00:00,0.107787594,0.11992921,0.09333412,0.11148736277222633,0.15554976468069537,False
1981-03-21 08:00:00,0.2382746,0.12382162,0.10021869,0.18858643498271702,0.15725320303845589,False
1981-03-21 09:00:00,0.36689138,0.15736523,0.12820709,0.2766872822344303,0.15947116514483525,False
1981-03-21 10:00:00,0.47313964,0.18290405,0.14580661,0.3483667257279157,0.16224959664669567,False
1981-03-21 11:00:00,0.5308493,0.20592582,0.16360447,0.3911213030815124,0.1651208240042322,False
1981-03-21 12:00:00,0.5523181,0.23263292,0.18405192,0.41446789248287674,0.168407493561215,False
1981-03-21 13:00:00,0.49284974,0.24728164,0.19453433,0.38612607783079145,0.17207214431404502,False
1981-03-21 14:00:00,0.39890233,0.25208044,0.20063691,0.3340187181830406,0.17591162704429955,False
1981-03-21 15:00:00,0.28937006,0.22325952,0.18063569,0.2591036160737276,0.17980767625292818,False
1981-03-21 16:00:00,0.1790504,0.1939327,0.16104081,0.1835694504380226,0.18333357116830282,False
1981-03-21 17:00:00,0.07615225,0.18625659,0.1567661,0.12113389863073826,0.18635763694099516,False
1981-03-21 18:00:00,0.0072399923,0.18875882,0.1598088,0.08245915540540591,0.1889782096680135,False
1981-03-21 19:00:00,0.0,0.20544986,0.17654338,0.08534434269368649,0.19144210425155062,False
1981-03-21 20:00:00,0.0,0.21611367,0.18837777,0.08991834430396557,0.19393009597291996,False
1981-03-21 21:00:00,0.0,0.22318758,0.1944925,0.09285881249606609,0.19629029859412286,False
1981-03-21 22:00:00,0.0,0.22398038,0.1962873,0.09324827541410924,0.19846276870831672,False
1981-03-21 23:00:00,0.0,0.21933553,0.1916925,0.09128620424866676,0.20033295720672062,False
1981-03-22 00:00:00,0.0,0.20695448,0.18200028,0.08619421792030335,0.20201543575381686,False
1981-03-22 01:00:00,0.0,0.1996942,0.17652184,0.08321933953464031,0.203560148620939,False
1981-03-22 02:00:00,0.0,0.19034284,0.16792767,0.07930460330843926,0.20489461174277412,False
1981-03-22 03:00:00,0.0,0.18344286,0.16073467,0.07637008774280549,0.20591839564215217,False
1981-03-22 04:00:00,0.0,0.19341695,0.16714966,0.08039693748950957,0.20663200717834582,False
1981-03-22 05:00:00,0.0,0.21592566,0.18412267,0.08961919391155243,0.20708029479296705,False
1981-03-22 06:00:00,0.017576518,0.24405435,0.20555809,0.11129784169979394,0.207319912400989,False
1981-03-22 07:00:00,0.12284548,0.28317904,0.23673172,0.18815842155367138,0.20736446045178047,False
1981-03-22 08:00:00,0.26655006,0.2681,0.22528976,0.2648939317166806,0.20712930193289245,False
1981-03-22 09:00:00,0.40420014,0.31898534,0.2602541,0.36498279261589045,0.20681960778817285,False
1981-03-22 10:00:00,0.5100719,0.36523008,0.3029569,0.445441044986248,0.20608482123269137,False
1981-03-22 11:00:00,0.5707618,0.45264378,0.3927767,0.5175650556981563,0.2049308865782221,False
1981-03-22 12:00:00,0.57382625,0.5225655,0.4563535,0.5485675000548362,0.2035665789663518,False
1981-03-22 13:00:00,0.5346727,0.54632235,0.4761577,0.5358115960359573,0.2018024380596081,False
1981-03-22 14:00:00,0.46612152,0.54201704,0.47177407,0.4944322082698345,0.20003473045779763,False
1981-03-22 15:00:00,0.34383473,0.50491774,0.43150213,0.40800839963555335,0.19845458351116377,False
1981-03-22 16:00:00,0.21193285,0.45699278,0.3962481,0.31231298767030236,0.1972173776205356,False
1981-03-22 17:00:00,0.08463138,0.41829845,0.36570165,0.2229323262870312,0.19636585718185703,False
1981-03-22 18:00:00,0.0066023846,0.4023373,0.3538021,0.17137735850410535,0.1961792887541813,False
1981-03-22 19:00:00,0.0,0.40481052,0.35699326,0.16865271708369253,0.1967433935560401,False
1981-03-22 20:00:00,0.0,0.39067405,0.3439289,0.16273088693618773,0.1975922739094238,False
1981-03-22 21:00:00,0.0,0.36909783,0.31957695,0.153454254090786,0.19863498594128745,False
1981-03-22 22:00:00,0.0,0.34018993,0.3000604,0.14173334670066834,0.19995344509725677,False
1981-03-22 23:00:00,0.0,0.31217238,0.27583525,0.130086712628603,0.2012062404014285,False
1981-03-23 00:00:00,0.0,0.28877485,0.2558731,0.12037506705522538,0.20289611125068027,False
1981-03-23 01:00:00,0.0,0.26001287,0.2297454,0.10835099896788597,0.2050639946784939,False
1981-03-23 02:00:00,0.0,0.22113629,0.19531803,0.09214646337926387,0.20758442749996886,False
1981-03-23 03:00:00,0.0,0.1809639,0.16180603,0.07551320618391037,0.21049783128109978,False
1981-03-23 04:00:00,0.0,0.15136868,0.13592671,0.06319508430361748,0.2136592508105676,False
1981-03-23 05:00:00,0.0,0.12640767,0.111355625,0.0526576332449913,0.21652431459707425,False
1981-03-23 06:00:00,0.014773823,0.109518126,0.092431575,0.05392798947542905,0.2189389385337125,False
1981-03-23 07:00:00,0.09529181,0.10915753,0.091430575,0.10019975386559962,0.22101021373638632,False
1981-03-23 08:00:00,0.20594199,0.13292304,0.108221985,0.17372111603617668,0.22237949485791597,False
1981-03-23 09:00:00,0.3134316,0.14650762,0.120484956,0.2414175275713205,0.22302244232837484,False
1981-03-23 10:00:00,0.38653,0.16966434,0.13599823,0.2929778623133898,0.2236490357520717,False
1981-03-23 11:00:00,0.43456447,0.18186732,0.14410737,0.3256345377117395,0.22421092585437374,False
1981-03-23 12:00:00,0.43660465,0.18919137,0.14919686,0.3297891289591789,0.22357411482831216,False
1981-03-23 13:00:00,0.39463758,0.17869458,0.141332,0.3012761129438877,0.22249576056773837,False
1981-03-23 14:00:00,0.322501,0.17484885,0.1401733,0.2581716647446155,0.22119549948064365,False
1981-03-23 15:00:00,0.2170701,0.18047199,0.14581706,0.19971773332357406,0.2191338565665645,False
1981-03-23 16:00:00,0.118021786,0.18062465,0.14717413,0.1426964693814516,0.2165696656517101,False
1981-03-23 17:00:00,0.041636072,0.2134645,0.17381853,0.11217861410230398,0.2139719040599689,False
1981-03-23 18:00:00,0.0029161316,0.2612714,0.211934,0.10953618589462712,0.21177170076603444,False
1981-03-23 19:00:00,0.0,0.30563864,0.24648039,0.12609059965610503,0.20973973200742801,False
1981-03-23 20:00:00,0.0,0.33917123,0.2743396,0.1399685218334198,0.20745229187321565,False
1981-03-23 21:00:00,0.0,0.37797713,0.3087276,0.15614485198259354,0.20509794207376142,False
1981-03-23 22:00:00,0.0,0.37128124,0.3033273,0.1533824500143528,0.202798734975445,False
1981-03-23 23:00:00,0.0,0.41701266,0.34300616,0.17240000501275063,0.20052297452318193,False
1981-03-24 00:00:00,0.0,0.46009424,0.37921938,0.1902526224553585,0.19834626253594356,False
1981-03-24 01:00:00,0.0,0.49325186,0.41092923,0.20420011496543883,0.19629569481003742,False
1981-03-24 02:00:00,0.0,0.5287477,0.44518688,0.2191479848027229,0.19444274920521018,False
1981-03-24 03:00:00,0.0,0.5527434,0.44733185,0.22811822515726088,0.1928441639374261,False
1981-03-24 04:00:00,0.0,0.5291832,0.41947028,0.21791999924182892,0.1915426784762432,False
1981-03-24 05:00:00,0.0,0.498978,0.39626417,0.20552114287018777,0.19054509398171393,False
1981-03-24 06:00:00,0.010440685,0.49657837,0.3973585,0.2107190514281392,0.1898511249875685,False
1981-03-24 07:00:00,0.05480226,0.5393786,0.43022802,0.25388391538709404,0.18938472959971564,False
1981-03-24 08:00:00,0.12049429,0.54908097,0.43739495,0.2957554102987051,0.18859044592375443,False
1981-03-24 09:00:00,0.21151318,0.66211736,0.53138644,0.3950592769533396,0.18702340514909363,False
1981-03-24 10:00:00,0.26329216,0.77223307,0.6581146,0.4724117698967457,0.18479665423042957,False
1981-03-24 11:00:00,0.2822733,0.7815419,0.6618052,0.48699812644720075,0.1821234884123741,False
1981-03-24 12:00:00,0.28793287,0.79758203,0.67336035,0.4968064955472946,0.17965142589479569,False
1981-03-24 13:00:00,0.28118482,0.7526299,0.6191666,0.4733990638554096,0.17733257094628993,False
1981-03-24 14:00:00,0.2338657,0.631013,0.5127603,0.39547334839403625,0.17560502024505173,False
1981-03-24 15:00:00,0.16123387,0.46567127,0.3715295,0.2849272357225418,0.174572464741281,False
1981-03-24 16:00:00,0.107569985,0.30409476,0.24706635,0.18762043126672506,0.17415248593484245,False
1981-03-24 17:00:00,0.04429087,0.22212699,0.18151623,0.11732256817817689,0.17412401662470034,False
1981-03-24 18:00:00,0.0051331967,0.17151028,0.14062427,0.07384285809099674,0.1738288322983422,False
1981-03-24 19:00:00,0.0,0.14237335,0.117033765,0.05885559064149856,0.17268870744059636,False
1981-03-24 20:00:00,0.0,0.12035589,0.09834766,0.04972209656238556,0.17093812411275533,False
1981-03-24 21:00:00,0.0,0.104391135,0.08466638,0.043092313371598724,0.168798025076248,False
1981-03-24 22:00:00,0.0,0.078593,0.064741254,0.032496844992041585,0.16625694730595525,False
1981-03-24 23:00:00,0.0,0.061934955,0.0509359,0.02560453724116087,0.16375415369259963,False
1981-03-25 00:00:00,0.0,0.053218108,0.042783972,0.02194781621173024,0.16079562040368864,False
1981-03-25 01:00:00,0.0,0.04722435,0.036737494,0.01940960993617773,0.15740437704927127,False
1981-03-25 02:00:00,0.0,0.03774646,0.027517168,0.01541437052562833,0.15361405679534026,False
1981-03-25 03:00:00,0.0,0.031936802,0.023281928,0.013041904047131538,0.14941577509624723,False
1981-03-25 04:00:00,0.0,0.037493397,0.02733269,0.01531102856621146,0.14492827849226844,False
1981-03-25 05:00:00,1.6135422e-06,0.047374636,0.03453611,0.019347121526010938,0.14063055031836805,False
1981-03-25 06:00:00,0.006274374,0.06806163,0.051962156,0.031541010858491064,0.13661088199048718,False
1981-03-25 07:00:00,0.037587233,0.09786611,0.079142764,0.0620741374194622,0.1327458900550321,False
1981-03-25 08:00:00,0.07719356,0.13057445,0.107046366,0.098503158852458,0.12872900196221684,False
1981-03-25 09:00:00,0.11881873,0.15958458,0.13126603,0.1345334834754467,0.12461846005631949,False
1981-03-25 10:00:00,0.15491821,0.18213227,0.14946829,0.16466590304672715,0.11928581064810073,False
1981-03-25 11:00:00,0.19355392,0.23102947,0.18601944,0.20697553686797618,0.11286869758005282,False
1981-03-25 12:00:00,0.2164488,0.22635458,0.18644987,0.21848409143090247,0.10689595011725118,False
1981-03-25 13:00:00,0.22444427,0.21488477,0.17697878,0.2183536792844534,0.10132285812724721,False
1981-03-25 14:00:00,0.22634917,0.1883677,0.15736754,0.20860900056362153,0.0965966478667939,False
1981-03-25 15:00:00,0.18918628,0.16997422,0.14218114,0.17955875061452387,0.09309346757342758,False
1981-03-25 16:00:00,0.13845244,0.14788425,0.12728882,0.14132994249463082,0.09117017121499123,False
1981-03-25 17:00:00,0.074241586,0.13228643,0.11775331,0.09800976643711327,0.0906154627557319,False
1981-03-25 18:00:00,0.010623533,0.11649592,0.10543368,0.054810192722827195,0.09080922372199313,False
1981-03-25 19:00:00,0.0,0.10083572,0.08989296,0.04206259991973639,0.09134377096609474,False
1981-03-25 20:00:00,0.0,0.089540064,0.0778423,0.03724376808106899,0.09219488279165029,False
1981-03-25 21:00:00,0.0,0.082541764,0.06880015,0.03417311900854111,0.093389495704484,False
1981-03-25 22:00:00,0.0,0.08084605,0.063262306,0.03324835657328367,0.0948823825378649,False
1981-03-25 23:00:00,0.0,0.07435078,0.054721642,0.03039040714502335,0.09658163159403281,False
1981-03-26 00:00:00,0.0,0.067273006,0.0490593,0.02747294144332409,0.09868623551556172,False
1981-03-26 01:00:00,0.0,0.05452154,0.039746206,0.022264742776751518,0.10111660988854505,False
1981-03-26 02:00:00,0.0,0.04317319,0.03147326,0.01763046324625611,0.10377537467137239,False
1981-03-26 03:00:00,0.0,0.031144582,0.022704398,0.012718388166278601,0.106413651138705,False
1981-03-26 04:00:00,0.0,0.02847702,0.020759746,0.011629046894609928,0.108731694699426,False
1981-03-26 05:00:00,1.115073e-05,0.030782752,0.022440625,0.01257706313190738,0.1106483046914663,False
1981-03-26 06:00:00,0.014490071,0.041234255,0.030059772,0.025199438526295127,0.11220298165086652,False
1981-03-26 07:00:00,0.06557355,0.05690324,0.04148246,0.06107328693196177,0.11354255054235145,False
1981-03-26 08:00:00,0.12127937,0.06971982,0.05082575,0.09844939881563186,0.11515532254501243,False
1981-03-26 09:00:00,0.17565426,0.09241611,0.06737134,0.13909210535883904,0.11794650980313925,False
1981-03-26 10:00:00,0.21026923,0.1053536,0.07758369,0.16439034263044597,0.12139500027223486,False
1981-03-26 11:00:00,0.24371949,0.14571004,0.10950185,0.20030624823272228,0.12524908840140012,False
1981-03-26 12:00:00,0.27675858,0.16996893,0.12758967,0.22929808002710342,0.12881648642891702,False
1981-03-26 13:00:00,0.2871848,0.19761099,0.14660896,0.24654097135365008,0.13218129259359396,False
1981-03-26 14:00:00,0.24586375,0.20925206,0.15265371,0.22732069431245322,0.13497014412574773,False
1981-03-26 15:00:00,0.1930218,0.19890416,0.1451814,0.19260901051759718,0.13673654027868987,False
1981-03-26 16:00:00,0.13316403,0.20565662,0.15317567,0.1609944252222776,0.13781526621465875,False
1981-03-26 17:00:00,0.06404106,0.21833967,0.16859378,0.12662309455871582,0.13809462910331624,False
1981-03-26 18:00:00,0.009181718,0.22839974,0.18377353,0.0995011258078739,0.13765297853298478,False
1981-03-26 19:00:00,0.0,0.24128276,0.19769666,0.09970895826816559,0.1369395283947993,False
1981-03-26 20:00:00,0.0,0.2591278,0.2119511,0.10706351637840271,0.13642478542247002,False
1981-03-26 21:00:00,0.0,0.27794316,0.22573803,0.11475088137388229,0.13614289305785818,False
1981-03-26 22:00:00,0.0,0.2765617,0.2223987,0.1140607996881008,0.13600828689716904,False
1981-03-26 23:00:00,0.0,0.30760044,0.24298081,0.12662552547454833,0.1358671881855294,False
1981-03-27 00:00:00,0.0,0.3368378,0.26504886,0.1386057861149311,0.13586586655637398,False
1981-03-27 01:00:00,0.0,0.35691327,0.28387636,0.1470303195118904,0.13602337761696576,False
1981-03-27 02:00:00,0.0,0.3446034,0.27579612,0.1420516409575939,0.13636158293679504,False
1981-03-27 03:00:00,0.0,0.3017186,0.24025619,0.12430799496173858,0.13686723088969624,False
1981-03-27 04:00:00,0.0,0.26037148,0.2079858,0.10730830818414688,0.13756229991752802,False
1981-03-27 05:00:00,1.3743923e-05,0.22808456,0.18149039,0.0939716155772212,0.13834507770331725,False
1981-03-27 06:00:00,0.023138313,0.20010565,0.16019492,0.0958403176497668,0.1391673429173961,False
1981-03-27 07:00:00,0.11979794,0.17053196,0.13773131,0.13948719354718922,0.14010227191696956,False
1981-03-27 08:00:00,0.24207345,0.2251026,0.18038718,0.2324801472425461,0.1414706594485363,False
1981-03-27 09:00:00,0.3592131,0.22507726,0.1803991,0.3000610259920359,0.143550703196247,False
1981-03-27 10:00:00,0.4539194,0.2128501,0.17053609,0.3496621332466602,0.14635955234563058,False
1981-03-27 11:00:00,0.5149557,0.19710684,0.15460704,0.3782106421887874,0.14993834652464919,False
1981-03-27 12:00:00,0.54133904,0.16475576,0.12680158,0.37999478733539577,0.15377428682420483,False
1981-03-27 13:00:00,0.5227202,0.12368739,0.092006326,0.3522185528278351,0.1572993568457547,False
1981-03-27 14:00:00,0.45373848,0.07730438,0.056733277,0.2933960159048438,0.16019526903137646,False
1981-03-27 15:00:00,0.36652872,0.04860964,0.035436425,0.23133759554103014,0.1626613313877839,False
1981-03-27 16:00:00,0.2516978,0.02328726,0.016976414,0.1547393611501902,0.1646715823870657,False
1981-03-27 17:00:00,0.1208893,0.01728208,0.012598635,0.0768105390612036,0.16564307407530726,False
1981-03-27 18:00:00,0.017595563,0.025496604,0.018587025,0.020564586089923977,0.16568045074066226,False
1981-03-27 19:00:00,0.0,0.04248551,0.031070082,0.017354937247931954,0.16516223146850245,False
1981-03-27 20:00:00,0.0,0.057837833,0.043903228,0.023712934579700234,0.1644870444581844,False
1981-03-27 21:00:00,0.0,0.067518644,0.051808216,0.02771202329546213,0.16365920802382752,False
1981-03-27 22:00:00,0.0,0.06455782,0.049144123,0.02647561841458082,0.16266878049345687,False
1981-03-27 23:00:00,0.0,0.0737773,0.05746563,0.03032696894556284,0.1614918814980425,False
1981-03-28 00:00:00,0.0,0.084927194,0.06843218,0.03503347235172987,0.1600428985216655,False
1981-03-28 01:00:00,0.0,0.09313789,0.07649475,0.0384985981285572,0.15833915293486792,False
1981-03-28 02:00:00,0.0,0.10128537,0.083838224,0.04190156498551369,0.15646736408947037,False
1981-03-28 03:00:00,0.0,0.11127907,0.09295786,0.04608170150220394,0.15469231182793156,False
1981-03-28 04:00:00,0.0,0.11846359,0.10165399,0.04920238061249256,0.1533194029069506,False
1981-03-28 05:00:00,6.385017e-05,0.124813914,0.11023366,0.05204579340769123,0.15231971265552566,False
1981-03-28 06:00:00,0.029269023,0.12775613,0.11195909,0.0700760305058211,0.1516936638172879,False
1981-03-28 07:00:00,0.12608418,0.12968917,0.11388913,0.1267558884471655,0.15148425204648405,False
1981-03-28 08:00:00,0.247336,0.13347912,0.11712652,0.19829149870574475,0.1515907644261614,False
1981-03-28 09:00:00,0.37172464,0.14288343,0.12421782,0.273916864529252,0.15158182293751046,False
1981-03-28 10:00:00,0.4763224,0.14776711,0.12608087,0.33617246322333816,0.15169964554859405,False
1981-03-28 11:00:00,0.5518328,0.15916695,0.13502327,0.38443138261139387,0.15191505507488504,False
1981-03-28 12:00:00,0.5716335,0.16557035,0.14024894,0.3985014410614967,0.15231777708558444,False
1981-03-28 13:00:00,0.5479198,0.1673075,0.14182518,0.38554475626349444,0.1528325625892426,False
1981-03-28 14:00:00,0.47594264,0.17133804,0.14535274,0.3456916874200105,0.1536553828534678,False
1981-03-28 15:00:00,0.37549573,0.17469606,0.14772548,0.2891010584831238,0.15483872975967902,False
1981-03-28 16:00:00,0.24928921,0.15368448,0.1310477,0.20762602625787258,0.15598479897955822,False
1981-03-28 17:00:00,0.11434061,0.15008155,0.130788,0.12841717449575663,0.15703901092735353,False
1981-03-28 18:00:00,0.016785624,0.15623194,0.13503167,0.07462660074420273,0.15817305089805042,False
1981-03-28 19:00:00,0.0,0.16207007,0.13881718,0.06729998177289963,0.15930804983223867,False
1981-03-28 20:00:00,0.0,0.16218828,0.13851655,0.06732736752927303,0.16025612301216538,False
1981-03-28 21:00:00,0.0,0.16192318,0.1381612,0.06721035991609096,0.1609990796940409,False
1981-03-28 22:00:00,0.0,0.13878018,0.117773384,0.05756964790821075,0.16154649760061954,False
1981-03-28 23:00:00,0.0,0.13763125,0.116452046,0.057074342608451845,0.16194080492761062,False
1981-03-29 00:00:00,0.0,0.13702194,0.11601668,0.05682599794864654,0.1621093175951399,False
1981-03-29 01:00:00,0.0,0.13773422,0.117787555,0.057184454932808874,0.16200582610396744,False
1981-03-29 02:00:00,0.0,0.13663311,0.119102105,0.05684913240373135,0.1617708685896367,False
1981-03-29 03:00:00,0.0,0.14026786,0.12313935,0.05840836675465107,0.1614393570171677,False
1981-03-29 04:00:00,0.0,0.14260344,0.12412048,0.05932317611575127,0.16097096722107457,False
1981-03-29 05:00:00,0.00013896632,0.15352722,0.13313973,0.0639212713418092,0.1603663714160219,False
1981-03-29 06:00:00,0.030486727,0.16421475,0.14078648,0.08578855265118182,0.15967120175365682,False
1981-03-29 07:00:00,0.13141185,0.16545883,0.14297856,0.14459978777170182,0.15900858335619342,False
1981-03-29 08:00:00,0.25985402,0.19804393,0.16735144,0.23205095578730103,0.15833021295935396,False
1981-03-29 09:00:00,0.38312006,0.20468591,0.16902103,0.30571651132404803,0.15755613042836558,False
1981-03-29 10:00:00,0.47880033,0.2028033,0.16480713,0.36000179050862785,0.1565687252201933,False
1981-03-29 11:00:00,0.54237634,0.20524637,0.16396739,0.3975412987023592,0.15510727157668225,False
1981-03-29 12:00:00,0.54969084,0.21206556,0.1718645,0.4047044915109873,0.15320386704844594,False
1981-03-29 13:00:00,0.5188382,0.2234042,0.18348369,0.3917139255106449,0.15095323507607464,False
1981-03-29 14:00:00,0.44877487,0.2206184,0.18232179,0.3501966674029827,0.1485415216915171,False
1981-03-29 15:00:00,0.35356745,0.19886418,0.16591884,0.28634891809523105,0.14599425942434632,False
1981-03-29 16:00:00,0.23113118,0.17342792,0.14785072,0.2053415346443653,0.14344725870476274,False
1981-03-29 17:00:00,0.110135205,0.16288675,0.14057837,0.13124445765465498,0.14140621761131114,False
1981-03-29 18:00:00,0.017917002,0.15589117,0.13301083,0.07504453493095933,0.13988487589867024,False
1981-03-29 19:00:00,0.0,0.15161863,0.1280588,0.06286244988441467,0.13869913480356508,False
1981-03-29 20:00:00,0.0,0.14341636,0.119522564,0.059374855309724806,0.13747506807140086,False
1981-03-29 21:00:00,0.0,0.13059105,0.10740714,0.053988082811236376,0.1362373205238349,False
1981-03-29 22:00:00,0.0,0.1099547,0.089427516,0.045402370110154154,0.1349944499919751,False
1981-03-29 23:00:00,0.0,0.093498565,0.07249271,0.038415576986968514,0.13393380797434143,False
1981-03-30 00:00:00,0.0,0.07346369,0.054773666,0.030065880775451657,0.1328908242748679,False
1981-03-30 01:00:00,0.0,0.06635493,0.05066052,0.02722063744068146,0.13189137083386082,False
1981-03-30 02:00:00,0.0,0.06336871,0.04825845,0.025989009507000446,0.1309920453128965,False
1981-03-30 03:00:00,0.0,0.057578936,0.043562293,0.02359899128973484,0.13025384575711577,False
1981-03-30 04:00:00,0.0,0.049394235,0.03620943,0.020181781969964504,0.12958627805463982,False
1981-03-30 05:00:00,0.00020736898,0.045427635,0.03324445,0.018677649614168335,0.12886571088480778,False
1981-03-30 06:00:00,0.03417425,0.04542936,0.033118002,0.038270347427576776,0.1280253800222897,False
1981-03-30 07:00:00,0.13241544,0.043564837,0.031758767,0.09419410939887166,0.12706550801759725,False
1981-03-30 08:00:00,0.2477985,0.04445963,0.032411072,0.16113553721830248,0.12586945963562604,False
1981-03-30 09:00:00,0.36687708,0.03632364,0.026479937,0.22652141453698277,0.12412885236054177,False
1981-03-30 10:00:00,0.44075713,0.028665038,0.020896813,0.2660226883348077,0.1221056425372463,False
1981-03-30 11:00:00,0.49227276,0.022104142,0.01611392,0.2930679652560502,0.12024896465238943,False
1981-03-30 12:00:00,0.48936772,0.01984967,0.014470408,0.2904711063876748,0.11838420068842187,False
1981-03-30 13:00:00,0.45325428,0.020214202,0.014736154,0.2697825138047337,0.11659492125188449,False
1981-03-30 14:00:00,0.3699262,0.024428265,0.017808206,0.22342309859581289,0.11474087614563122,False
1981-03-30 15:00:00,0.26964718,0.027569877,0.020098442,0.16684502394311126,0.11317865816081703,False
1981-03-30 16:00:00,0.17132752,0.026447052,0.0192799,0.10965605377219617,0.11184429086307203,False
1981-03-30 17:00:00,0.07776311,0.025769671,0.01878609,0.055392772288993,0.11100984248050318,False
1981-03-30 18:00:00,0.013130259,0.024818102,0.018092394,0.017711028179153796,0.11057210096900182,False
1981-03-30 19:00:00,4.898253e-07,0.020923622,0.015253324,0.008544778629017515,0.11043586122924602,False
1981-03-30 20:00:00,0.0,0.019383311,0.014130433,0.007915485246106982,0.11044551459173335,False
1981-03-30 21:00:00,0.0,0.01849462,0.013482579,0.007552574386820197,0.11055245799231006,False
1981-03-30 22:00:00,0.0,0.016306037,0.0118871,0.006658831061795353,0.11072312913401645,False
1981-03-30 23:00:00,0.0,0.017168729,0.012516003,0.007011125033721328,0.11098558709150774,False
1981-03-31 00:00:00,0.0,0.021677203,0.01580268,0.008852232780307532,0.11140370555580258,False
1981-03-31 01:00:00,0.0,0.034324184,0.025022333,0.014016829926520587,0.11198914351393131,False
1981-03-31 02:00:00,0.0,0.05244206,0.03823026,0.021415553726255893,0.1126337061709225,False
1981-03-31 03:00:00,0.0,0.06454263,0.04720161,0.02636511703580618,0.11329362889877183,False
1981-03-31 04:00:00,0.0,0.060510207,0.04458677,0.024735951963812113,0.11401871502990497,False
1981-03-31 05:00:00,0.00029836124,0.057278596,0.042174697,0.02358538994094124,0.1148371120457038,False
1981-03-31 06:00:00,0.030585784,0.054036573,0.039392658,0.039714696425944565,0.11573392479787135,False
1981-03-31 07:00:00,0.11368591,0.052875835,0.038546484,0.08718946543708445,0.11669422962623203,False
1981-03-31 08:00:00,0.21819772,0.05534673,0.040347766,0.14850180658325554,0.11752354627263596,False
1981-03-31 09:00:00,0.3154608,0.065033995,0.047852103,0.2086024398058653,0.11838683778650923,False
1981-03-31 10:00:00,0.40791818,0.086349145,0.06758565,0.2708812520354986,0.11934113838218947,False
1981-03-31 11:00:00,0.47300932,0.085811496,0.06373722,0.3080326284319162,0.12070408405916473,False
1981-03-31 12:00:00,0.494491,0.081889376,0.060751583,0.31881907855719327,0.12213460953865374,False
1981-03-31 13:00:00,0.46062264,0.09028549,0.067132466,0.30271976041048765,0.123734839981169,False
1981-03-31 14:00:00,0.40478978,0.10158799,0.07704696,0.2752102041319012,0.125383566922721,False
1981-03-31 15:00:00,0.30459163,0.11284255,0.090944774,0.22229928780347105,0.12712577918872256,False
1981-03-31 16:00:00,0.20321509,0.11632386,0.09461852,0.1652880122810602,0.12876951547857549,False
1981-03-31 17:00:00,0.097672634,0.12995413,0.10967929,0.11023286510258912,0.13001985550029532,False
1981-03-31 18:00:00,0.01750941,0.14057223,0.12094339,0.06850502742268146,0.13113494569627743,False
1981-03-31 19:00:00,2.593193e-06,0.15251985,0.13045351,0.06332581128380639,0.1320447553518649,False
1981-03-31 20:00:00,0.0,0.15486163,0.13637403,0.06450813853740692,0.1329462095190676,False
1981-03-31 21:00:00,0.0,0.14906064,0.13290597,0.06218029761314392,0.1338375904665001,False
1981-03-31 22:00:00,0.0,0.1388673,0.12515402,0.05800035206973552,0.1346843600279091,False
1981-03-31 23:00:00,0.0,0.13978608,0.12785555,0.058485263273119925,0.1354054220866084,False
1981-04-01 00:00:00,0.0,0.13896583,0.12756503,0.058166902765631676,0.1360380613497829,False
1981-04-01 01:00:00,0.0,0.13895534,0.1275023,0.05815964497625828,0.13658119849757275,False
1981-04-01 02:00:00,0.0,0.13772957,0.12672387,0.057665300443768504,0.13696614091064763,False
1981-04-01 03:00:00,0.0,0.13947111,0.12848675,0.05840312558412552,0.137175716978628,False
1981-04-01 04:00:00,0.0,0.1420563,0.13048266,0.059464838728308676,0.13727693244082834,False
1981-04-01 05:00:00,0.0004730272,0.1469125,0.13409282,0.06172466171820998,0.13743155523239617,False
1981-04-01 06:00:00,0.03422424,0.15463354,0.1399596,0.08436497918888926,0.1376293015981323,False
1981-04-01 07:00:00,0.12389216,0.1494837,0.13622314,0.13400130842626093,0.13794952997098803,False
1981-04-01 08:00:00,0.23236118,0.16414082,0.14691046,0.20257352988421917,0.1382689026326326,False
1981-04-01 09:00:00,0.3491609,0.17003864,0.15032852,0.2723278431296349,0.13857483381606453,False
1981-04-01 10:00:00,0.4469378,0.176727,0.15460572,0.3314440808296203,0.13882849478425893,False
1981-04-01 11:00:00,0.501902,0.1732747,0.15180334,0.3617331882715225,0.1389193783254903,False
1981-04-01 12:00:00,0.5125557,0.17205934,0.14903001,0.3672821676284075,0.13897887988465343,False
1981-04-01 13:00:00,0.48595005,0.16487919,0.14236678,0.3489214069992304,0.13899393834545404,False
1981-04-01 14:00:00,0.42011824,0.15560524,0.13375421,0.3070492873638868,0.13914617757669157,False
1981-04-01 15:00:00,0.3218034,0.1444595,0.12515284,0.24574436585605144,0.1390957963975687,False
1981-04-01 16:00:00,0.20050466,0.12956694,0.11427751,0.16967237481474873,0.1389413062781015,False
1981-04-01 17:00:00,0.09633541,0.12788737,0.11372464,0.10891710169613361,0.13856149001806792,False
1981-04-01 18:00:00,0.016013743,0.12495492,0.11173329,0.06138189164735377,0.137977151306338,False
1981-04-01 19:00:00,3.1694578e-06,0.124320105,0.10997465,0.05181457865474636,0.13728563154794557,False
1981-04-01 20:00:00,0.0,0.121772125,0.10681216,0.05070177072286606,0.13650045852831577,False
1981-04-01 21:00:00,0.0,0.115977235,0.10003544,0.0481975133344531,0.13567601430954424,False
1981-04-01 22:00:00,0.0,0.099415235,0.0849183,0.04126980987936258,0.13485040396757436,False
1981-04-01 23:00:00,0.0,0.09003582,0.0769369,0.03737780966609716,0.1339674711406977,False
1981-04-02 00:00:00,0.0,0.084059015,0.072315544,0.034922815874218936,0.13301042146494624,False
1981-04-02 01:00:00,0.0,0.078143544,0.06776107,0.032494065754115585,0.13203470042199375,False
1981-04-02 02:00:00,0.0,0.075667515,0.06581281,0.03147520498931408,0.1310506619714714,False
1981-04-02 03:00:00,0.0,0.07507571,0.06519487,0.031223459221422674,0.13008818275135023,False
1981-04-02 04:00:00,0.0,0.07739453,0.06665304,0.032157845959067344,0.12913320168809048,False
1981-04-02 05:00:00,0.00072733295,0.07868355,0.06709843,0.03307721549627604,0.12819397898067733,False
1981-04-02 06:00:00,0.040010806,0.07717897,0.06519228,0.05508565832301974,0.12725445986798348,False
1981-04-02 07:00:00,0.12012782,0.080184825,0.06698891,0.1025193531960249,0.12637922198716556,False
1981-04-02 08:00:00,0.22187501,0.085055314,0.06998538,0.1631865033879876,0.12580436152409147,False
1981-04-02 09:00:00,0.32281098,0.08367717,0.06739547,0.22077816627919672,0.12524388932183703,False
1981-04-02 10:00:00,0.42206582,0.07709685,0.060424887,0.2752436620146036,0.12465403294356857,False
1981-04-02 11:00:00,0.48681244,0.07302751,0.056495816,0.3108887032717466,0.12400654136842744,False
1981-04-02 12:00:00,0.501576,0.07325884,0.057407726,0.31954188467562195,0.12337448064543625,False
1981-04-02 13:00:00,0.4839852,0.074700736,0.05931889,0.31002724350988864,0.12269006309591551,False
1981-04-02 14:00:00,0.41817683,0.07631198,0.061939906,0.2727919075340033,0.12193881095576418,False
1981-04-02 15:00:00,0.31854212,0.07511827,0.062339153,0.2148837620690465,0.12110409599530207,False
1981-04-02 16:00:00,0.20881915,0.06401278,0.054582696,0.1470568317994475,0.12026874021599077,False
1981-04-02 17:00:00,0.09868793,0.060807683,0.051919173,0.08218460693955422,0.11961093636605274,False
1981-04-02 18:00:00,0.017612275,0.06069744,0.05097113,0.03531207901984453,0.1188304164230669,False
1981-04-02 19:00:00,8.096525e-06,0.062072907,0.05051726,0.02563750634157532,0.11801840117441031,False
1981-04-02 20:00:00,0.0,0.060721505,0.046825565,0.024934816036373375,0.11720431620111564,False
1981-04-02 21:00:00,0.0,0.05513996,0.040821414,0.022551001198589802,0.1164387642517301,False
1981-04-02 22:00:00,0.0,0.038248964,0.027883496,0.015619576379656792,0.1157309600172645,False
1981-04-02 23:00:00,0.0,0.030724593,0.022398226,0.012546878837049007,0.11520289410483898,False
1981-04-03 00:00:00,0.0,0.027750334,0.020229992,0.01133229270391166,0.11474524277980315,False
1981-04-03 01:00:00,0.0,0.02675492,0.019504335,0.01092579935118556,0.11433785826522734,False
1981-04-03 02:00:00,0.0,0.028078483,0.020469213,0.011466297877952456,0.11399890147425111,False
1981-04-03 03:00:00,0.0,0.030766603,0.022428855,0.012564034547656774,0.11369544716524767,False
1981-04-03 04:00:00,0.0,0.03521877,0.025674483,0.014382148772478103,0.11341522038398187,False
1981-04-03 05:00:00,0.0010250316,0.039266955,0.028644346,0.016627744308905675,0.11309912280105862,False
1981-04-03 06:00:00,0.04582261,0.038969737,0.028408937,0.04235356090962887,0.11275368176336786,False
1981-04-03 07:00:00,0.15456583,0.042176686,0.030746803,0.10640800619870425,0.11235907027139093,False
1981-04-03 08:00:00,0.2747766,0.041934837,0.030570496,0.1756708641760051,0.1119528146485309,False
1981-04-03 09:00:00,0.3966233,0.037131116,0.027068581,0.24401473697274922,0.11127196330831461,False
1981-04-03 10:00:00,0.49459222,0.03669447,0.026750274,0.30036448522284626,0.11029414997418796,False
1981-04-03 11:00:00,0.55046153,0.03373927,0.02459593,0.33139427356794476,0.10899485067579039,False
1981-04-03 12:00:00,0.5571374,0.031740714,0.02313898,0.3344301252514124,0.10730568985033855,False
1981-04-03 13:00:00,0.52068913,0.030422896,0.02217829,0.3128613042719662,0.10536698981395996,False
1981-04-03 14:00:00,0.44123784,0.030337337,0.022115922,0.26698296926170584,0.10338234563806477,False
1981-04-03 15:00:00,0.33561343,0.029381339,0.021418994,0.2056472884491086,0.10142542052305997,False
1981-04-03 16:00:00,0.22055182,0.026543323,0.019350084,0.13809779001772404,0.09984667733108077,False
1981-04-03 17:00:00,0.10520054,0.026327938,0.01919307,0.07145214443281292,0.09883892536293477,False
1981-04-03 18:00:00,0.018904954,0.02815367,0.020524023,0.022405159711837767,0.09832622227226147,False
1981-04-03 19:00:00,1.9016747e-05,0.031166961,0.022720713,0.012738499936602239,0.09815052725250674,False
1981-04-03 20:00:00,0.0,0.034173455,0.024912449,0.013955277152359485,0.09801174877908088,False
1981-04-03 21:00:00,0.0,0.03482883,0.025390215,0.014222910080105067,0.097888264831137,False
1981-04-03 22:00:00,0.0,0.038991116,0.028424524,0.015922646082937718,0.09779851479896352,False
1981-04-03 23:00:00,0.0,0.037737094,0.027510341,0.015410546064376831,0.09785336531394169,False
1981-04-04 00:00:00,0.0,0.037633788,0.027435027,0.015368359174579382,0.09795510532821537,False
1981-04-04 01:00:00,0.0,0.03972941,0.028962739,0.016224139787256717,0.09807218671646444,False
1981-04-04 02:00:00,0.0,0.04140746,0.030186037,0.016909398157149553,0.09819562292737428,False
1981-04-04 03:00:00,0.0,0.043498207,0.03188399,0.017772573720663785,0.09833370636844085,False
1981-04-04 04:00:00,0.0,0.04159044,0.03033869,0.016985161978751422,0.09847165046700286,False
1981-04-04 05:00:00,0.001038228,0.038928285,0.02837872,0.016496045687119477,0.09861805195056844,False
1981-04-04 06:00:00,0.03788185,0.034984495,0.025503699,0.03614430670812726,0.0987710705966489,False
1981-04-04 07:00:00,0.12028712,0.033336308,0.024302172,0.08301908329874276,0.09870856650127428,False
1981-04-04 08:00:00,0.20320068,0.032468043,0.023669204,0.13050563905760643,0.09796379983130553,False
1981-04-04 09:00:00,0.27884293,0.031713605,0.023119217,0.1738431262411177,0.09660398766685918,False
1981-04-04 10:00:00,0.33896896,0.04234487,0.030869408,0.21287729569151997,0.09470298529207105,False
1981-04-04 11:00:00,0.36938703,0.040827755,0.029763434,0.2298089836500585,0.09237404226814727,False
1981-04-04 12:00:00,0.362418,0.042533167,0.03100668,0.22648428292945025,0.09006034639128814,False
1981-04-04 13:00:00,0.34050217,0.044799443,0.032658793,0.21476432306692003,0.08771398221981112,False
1981-04-04 14:00:00,0.27566335,0.04848062,0.03541487,0.1788595020137727,0.08569568301403917,False
1981-04-04 15:00:00,0.20428425,0.051934112,0.0383035,0.13910408885404466,0.08399915331881824,False
1981-04-04 16:00:00,0.13175854,0.055290487,0.0418124,0.09868473732843995,0.08283559720668653,False
1981-04-04 17:00:00,0.062102243,0.053059254,0.040055547,0.05757485858723521,0.08214029826429849,False
1981-04-04 18:00:00,0.013096777,0.047131646,0.035746302,0.026878718071617184,0.08179981221833287,False
1981-04-04 19:00:00,2.777598e-05,0.046272323,0.034918997,0.01897613961713432,0.08172439557675137,False
1981-04-04 20:00:00,0.0,0.046393182,0.034972265,0.019007586535066366,0.08160702228724162,False
1981-04-04 21:00:00,0.0,0.044585463,0.033166,0.018242999654263257,0.08144363939282388,False
1981-04-04 22:00:00,0.0,0.04467825,0.032706063,0.018252401098608973,0.0812340470794928,False
1981-04-04 23:00:00,0.0,0.042683277,0.031116115,0.017430399522185325,0.08100377746826175,False
1981-04-05 00:00:00,0.0,0.04151227,0.030262442,0.01695219933986664,0.08074761134875494,False
1981-04-05 01:00:00,0.0,0.04126381,0.030081317,0.01685073747485876,0.08046723267011598,False
1981-04-05 02:00:00,0.0,0.04430812,0.032307543,0.01809430304914713,0.08015581832672374,False
1981-04-05 03:00:00,0.0,0.04691835,0.03467555,0.01918535127863288,0.07982400804413678,False
1981-04-05 04:00:00,0.0,0.052161813,0.040031686,0.02140941998362541,0.0794746374400614,False
1981-04-05 05:00:00,0.0006127715,0.05738435,0.0452638,0.023972639320767486,0.07914547199001148,False
1981-04-05 06:00:00,0.024073532,0.06187515,0.048722338,0.03935336433164775,0.07885098194085731,False
1981-04-05 07:00:00,0.07709012,0.06378057,0.048947703,0.07065920604020358,0.07866022274476564,False
1981-04-05 08:00:00,0.14738925,0.06176188,0.047521316,0.11039988028258084,0.07853777458601448,False
1981-04-05 09:00:00,0.2254326,0.055236198,0.042775057,0.1527666229829192,0.0788369680727216,False
1981-04-05 10:00:00,0.289325,0.052812073,0.039760012,0.18857522007450458,0.07935192589415481,False
1981-04-05 11:00:00,0.34886625,0.046439286,0.03527678,0.22033687147870656,0.08031219291908444,False
1981-04-05 12:00:00,0.35435027,0.042417403,0.031342927,0.22180464502051472,0.08145455554640164,False
1981-04-05 13:00:00,0.34750482,0.037868932,0.027759682,0.21598294239491223,0.08274577260248529,False
1981-04-05 14:00:00,0.29685807,0.03489942,0.025639812,0.18554954389110206,0.08369402123264202,False
1981-04-05 15:00:00,0.23662134,0.03247065,0.023785453,0.1497965950667858,0.08469430669882422,False
1981-04-05 16:00:00,0.16300194,0.026131758,0.01905005,0.10472344078309832,0.08544193657544141,False
1981-04-05 17:00:00,0.0820705,0.018988201,0.0138424,0.05510881422646343,0.08593864742214646,False
1981-04-05 18:00:00,0.020524113,0.017001288,0.012393939,0.018785160915926098,0.08618282292123818,False
1981-04-05 19:00:00,8.897533e-05,0.017271867,0.012591192,0.007104582040134119,0.08604812948177036,False
1981-04-05 20:00:00,0.0,0.014969165,0.010912522,0.006112898220308125,0.08574619467176316,False
1981-04-05 21:00:00,0.0,0.010193011,0.007430705,0.0041624790402129295,0.08543764558584016,False
1981-04-05 22:00:00,0.0,0.011924854,0.008693218,0.004869704743847251,0.0851362229556945,False
1981-04-05 23:00:00,0.0,0.007626914,0.00556002,0.0031145723280496898,0.08482502144096006,False
1981-04-06 00:00:00,0.0,0.004677624,0.003409988,0.0019101825999096034,0.08453261073869008,False
1981-04-06 01:00:00,0.0,0.0031252634,0.002278317,0.0012762513044290245,0.08425705506406311,False
1981-04-06 02:00:00,0.0,0.0024059413,0.0017539309,0.0009825045929756015,0.08398711325080886,False
1981-04-06 03:00:00,0.0,0.0024556029,0.0017901346,0.0010027847250457852,0.08369073038226281,False
1981-04-06 04:00:00,0.0,0.0029023483,0.0021158122,0.0011852203763555735,0.08337235915798748,False
1981-04-06 05:00:00,0.001665089,0.0034277264,0.0024988127,0.00236052332771942,0.08299517458465937,False
1981-04-06 06:00:00,0.044164725,0.0036849766,0.0026863483,0.026987865295726804,0.08259312805959185,False
1981-04-06 07:00:00,0.13036124,0.004709339,0.003433108,0.07714157167868689,0.08263839128244713,False
1981-04-06 08:00:00,0.24687082,0.0059320945,0.004324497,0.14486692641954868,0.08361111090966622,False
1981-04-06 09:00:00,0.33905092,0.0071718055,0.005228246,0.19856110166991128,0.08556414182799331,False
1981-04-06 10:00:00,0.44143257,0.010440445,0.0076110847,0.2589701128881425,0.08838553047019022,False
1981-04-06 11:00:00,0.48622593,0.01001559,0.007301366,0.2846423897612839,0.09185068960049232,False
1981-04-06 12:00:00,0.49342033,0.0092053935,0.006710731,0.28846270162146537,0.09531215535558184,False
1981-04-06 13:00:00,0.4437564,0.010365245,0.007556264,0.26028025731444354,0.09887828857462237,False
1981-04-06 14:00:00,0.38528767,0.011171884,0.008144302,0.22687320439051833,0.10188701445663546,False
1981-04-06 15:00:00,0.29404533,0.013042633,0.00950808,0.17499032293166963,0.10418672749264209,False
1981-04-06 16:00:00,0.20350163,0.012504516,0.009115793,0.12252685797028243,0.10563518587571535,False
1981-04-06 17:00:00,0.11167147,0.0119031565,0.008677399,0.06929528254363686,0.10647372874287137,False
1981-04-06 18:00:00,0.027529076,0.011090924,0.008085283,0.020413432977162298,0.10684767659935347,False
1981-04-06 19:00:00,0.00012271565,0.010805164,0.007876965,0.004483268736788887,0.10683330157079408,False
1981-04-06 20:00:00,0.0,0.010278109,0.007492741,0.0041972304107621315,0.10672034111902738,False
1981-04-06 21:00:00,0.0,0.009243457,0.0067384797,0.0037747134072706103,0.10663476898790375,False
1981-04-06 22:00:00,0.0,0.008117053,0.005917332,0.003314728391356766,0.10659563729954223,False
1981-04-06 23:00:00,0.0,0.008312851,0.006060069,0.003394685813225806,0.10653882984853387,False
1981-04-07 00:00:00,0.0,0.00912301,0.006650674,0.003725526957772672,0.10653301217865353,False
1981-04-07 01:00:00,0.0,0.009534414,0.006950587,0.003893530438654125,0.1065610506998344,False
1981-04-07 02:00:00,0.0,0.009471713,0.0069048777,0.00386792535893619,0.10660292431678663,False
1981-04-07 03:00:00,0.0,0.009558907,0.006968443,0.0039035325134173034,0.10665052518126304,False
1981-04-07 04:00:00,0.0,0.008092154,0.0058991797,0.003304560463875532,0.10669654752015757,False
1981-04-07 05:00:00,0.002845885,0.0074255215,0.0054132044,0.004674406117526814,0.10674142906945762,False
1981-04-07 06:00:00,0.06700684,0.007010994,0.005111015,0.041525999028701334,0.10680707752151143,False
1981-04-07 07:00:00,0.19875637,0.0065317005,0.0047616097,0.11734974814672022,0.10701415722192886,False
1981-04-07 08:00:00,0.3495249,0.0060472847,0.004408471,0.20414536436228078,0.10734475992085916,False
1981-04-07 09:00:00,0.4952523,0.005957142,0.0043427562,0.28819327780837184,0.10766391675119404,False
1981-04-07 10:00:00,0.6112286,0.0054460084,0.0039701397,0.3549028583290055,0.10820376823643145,False
1981-04-07 11:00:00,0.66565585,0.00588639,0.004291178,0.3864872277230024,0.10853026551487932,False
1981-04-07 12:00:00,0.67630893,0.0067311847,0.004907034,0.39297903953446073,0.10905148325113967,False
1981-04-07 13:00:00,0.61966276,0.0069946353,0.005099089,0.3604017847315408,0.10959853061459802,False
1981-04-07 14:00:00,0.508814,0.0057548983,0.00419532,0.2959357696194202,0.11025173626621332,False
1981-04-07 15:00:00,0.3768674,0.00457947,0.0033384336,0.219322597454302,0.11081516647834098,False
1981-04-07 16:00:00,0.24857298,0.003788003,0.0027614536,0.14497349840658716,0.1112167373329137,False
1981-04-07 17:00:00,0.12412736,0.0035184752,0.0025649685,0.07305831133760511,0.11132147847683012,False
1981-04-07 18:00:00,0.028925885,0.0034403554,0.002508019,0.018095159545075148,0.11130625153704,False
1981-04-07 19:00:00,0.00013147488,0.0039342633,0.002868078,0.0016824803553317906,0.11132462347609766,False
1981-04-07 20:00:00,0.0,0.004910879,0.0035800303,0.0020054359263740476,0.11133951374500439,False
1981-04-07 21:00:00,0.0,0.005593409,0.004077595,0.002284157998859882,0.11137393705816621,False
1981-04-07 22:00:00,0.0,0.005247614,0.0038255106,0.0021429470954462885,0.1114338203878925,False
1981-04-07 23:00:00,0.0,0.0069430955,0.0050615175,0.0028353241737931966,0.11159649356631242,False
1981-04-08 00:00:00,0.0,0.007973317,0.0058125486,0.003256031616590917,0.11176132896003227,False
1981-04-08 01:00:00,0.0,0.008047156,0.0058663767,0.0032861849181354047,0.11192579369167478,False
1981-04-08 02:00:00,0.0,0.008001024,0.0058327457,0.0032673460878431797,0.11208476808779788,False
1981-04-08 03:00:00,0.0,0.007865143,0.0057336893,0.00321185699198395,0.11223390658056277,False
1981-04-08 04:00:00,0.0,0.008177798,0.0059616147,0.0033395347427576778,0.11237930899033936,False
1981-04-08 05:00:00,0.0032098254,0.008961519,0.006532948,0.00551164902630262,0.112526660512338,False
1981-04-08 06:00:00,0.056406297,0.010728752,0.007821261,0.036927690915763374,0.11268943963474955,False
1981-04-08 07:00:00,0.15219648,0.012716855,0.009270588,0.09301050122734159,0.11280605903351847,False
1981-04-08 08:00:00,0.26614425,0.016213946,0.011819969,0.16018645427562297,0.11262375047822883,False
1981-04-08 09:00:00,0.37594205,0.018501563,0.01348764,0.22447397296130656,0.11205281416064412,False
1981-04-08 10:00:00,0.46364915,0.017426575,0.012703973,0.2746419822536409,0.11123079826112926,False
1981-04-08 11:00:00,0.5251303,0.01631055,0.011890392,0.3096608411017805,0.11012509830197642,False
1981-04-08 12:00:00,0.53611827,0.013176253,0.009605491,0.31472097506746644,0.10932383471481515,False
1981-04-08 13:00:00,0.49700353,0.011908666,0.008681417,0.291634128591977,0.1085035235768841,False
1981-04-08 14:00:00,0.43070832,0.013221362,0.009638372,0.2539178545726463,0.10789045839584599,False
1981-04-08 15:00:00,0.32666692,0.014151301,0.010316299,0.1942657239511609,0.1077027577515941,False
1981-04-08 16:00:00,0.21166545,0.013280898,0.009681775,0.12755443287827073,0.10773308024466748,False
1981-04-08 17:00:00,0.111037835,0.01100865,0.008025305,0.06856438943371178,0.10792942435025733,False
1981-04-08 18:00:00,0.029319558,0.010720532,0.007815268,0.021295286051928996,0.10821803264687645,False
1981-04-08 19:00:00,0.0002863749,0.012324149,0.008984304,0.00519800164431217,0.10848121463488081,False
1981-04-08 20:00:00,0.0,0.014324281,0.0104424,0.005849549442529678,0.10864050257520626,False
1981-04-08 21:00:00,0.0,0.01628224,0.011869754,0.006649113234132528,0.10875493661521228,False
1981-04-08 22:00:00,0.0,0.027237922,0.01985644,0.011123040955513716,0.10883089401355006,False
1981-04-08 23:00:00,0.0,0.02768787,0.020184457,0.011306784711778163,0.10890748069723828,False
1981-04-09 00:00:00,0.0,0.02845446,0.020743301,0.011619834076613189,0.10893890123654616,False
1981-04-09 01:00:00,0.0,0.028220521,0.020572761,0.011524301452562212,0.10894181285964784,False
1981-04-09 02:00:00,0.0,0.027001692,0.019684235,0.011026573011651636,0.10892391447478783,False
1981-04-09 03:00:00,0.0,0.026649741,0.019427659,0.010882848182693123,0.10889364371134778,False
1981-04-09 04:00:00,0.0,0.02541209,0.018525412,0.01037743351981044,0.10885480926496145,False
1981-04-09 05:00:00,0.0032266523,0.026020838,0.018969193,0.012487803993280975,0.10881122436067724,False
1981-04-09 06:00:00,0.06262365,0.02691185,0.019618738,0.04712373016960919,0.10877729824134297,False
1981-04-09 07:00:00,0.17045678,0.025088705,0.018289668,0.10859893749281764,0.10896864255501086,False
1981-04-09 08:00:00,0.29029992,0.022620311,0.016490208,0.17674042111821472,0.10962957948034312,False
1981-04-09 09:00:00,0.4140533,0.024066072,0.017544169,0.24873651463165877,0.11076157620624244,False
1981-04-09 10:00:00,0.5046022,0.026137814,0.019054465,0.301829260289669,0.1123352720277554,False
1981-04-09 11:00:00,0.58204794,0.029819395,0.021880697,0.3480265755392611,0.11421740974873297,False
1981-04-09 12:00:00,0.58997375,0.032168075,0.024430234,0.3536041049137711,0.11614931254941963,False
1981-04-09 13:00:00,0.55152535,0.030970313,0.024379281,0.3309746560417115,0.11813943938191468,False
1981-04-09 14:00:00,0.4752271,0.030856654,0.024703773,0.2869261386953294,0.11994034258169851,False
1981-04-09 15:00:00,0.36120445,0.029965721,0.02418076,0.220778077121824,0.12140095144322406,False
1981-04-09 16:00:00,0.24664019,0.029262172,0.023868224,0.1543980154749006,0.12275450757716659,False
1981-04-09 17:00:00,0.13061193,0.027978303,0.02267471,0.08691150957532226,0.12391594296901752,False
1981-04-09 18:00:00,0.03515214,0.02545726,0.019470017,0.030727894969284533,0.12458077006135478,False
1981-04-09 19:00:00,0.00037143167,0.022313593,0.01630129,0.00932830149095389,0.12474637527955301,False
1981-04-09 20:00:00,0.0,0.018361641,0.013385635,0.007498269846662879,0.12474109226893576,False
1981-04-09 21:00:00,0.0,0.014521564,0.01058622,0.005930113119073212,0.12474990980179224,False
1981-04-09 22:00:00,0.0,0.014249736,0.010388059,0.005819107912480831,0.1247665427362424,False
1981-04-09 23:00:00,0.0,0.010636317,0.0077538746,0.004343510060571134,0.12468380430681804,False
1981-04-10 00:00:00,0.0,0.008315554,0.0060620396,0.0033957895254716278,0.12460467460591985,False
1981-04-10 01:00:00,0.0,0.005943351,0.0043327026,0.0024270624448545276,0.12453982502074155,False
1981-04-10 02:00:00,0.0,0.0044429493,0.00323891,0.001814349442720413,0.12448283404604239,False
1981-04-10 03:00:00,0.0,0.0033004794,0.0024060495,0.0013478035654406993,0.12444987894144083,False
1981-04-10 04:00:00,0.0,0.003054758,0.0022269187,0.0012474593371152877,0.12441832553168002,False
1981-04-10 05:00:00,0.0044694254,0.0031940388,0.0023284543,0.003883195298258215,0.12442175228489737,False
1981-04-10 06:00:00,0.07753154,0.0033707998,0.0024573128,0.046112217971822245,0.12452369263278805,False
1981-04-10 07:00:00,0.21399307,0.0030890692,0.0022519312,0.12473547364328988,0.12497284734004195,False
1981-04-10 08:00:00,0.3700248,0.0024928309,0.0018172733,0.21452229711879045,0.1258687198480624,False
1981-04-10 09:00:00,0.5179355,0.0028469083,0.0020753962,0.3000113723939285,0.12715512381097785,False
1981-04-10 10:00:00,0.6296562,0.0040967367,0.0029865212,0.3649845928605646,0.1286280049051424,False
1981-04-10 11:00:00,0.6928186,0.0064546354,0.00470543,0.40239217553474005,0.13027615189458727,False
1981-04-10 12:00:00,0.70581865,0.007321129,0.005337103,0.4102470630272292,0.1320220215831994,False
1981-04-10 13:00:00,0.6493721,0.008300838,0.0060513103,0.3780774821816012,0.13386638639983275,False
1981-04-10 14:00:00,0.5546862,0.009729383,0.00709272,0.3240270799258724,0.13581344641418683,False
1981-04-10 15:00:00,0.44089413,0.011853355,0.008641096,0.259236418380402,0.13773464787199957,False
1981-04-10 16:00:00,0.31117794,0.009191903,0.0067008976,0.1833033316871151,0.1394643910005644,False
1981-04-10 17:00:00,0.16998073,0.005870239,0.004279405,0.10047608986590056,0.14065549232332986,False
1981-04-10 18:00:00,0.04556931,0.0072259777,0.0052677374,0.02924433652544394,0.14141286056953967,False
1981-04-10 19:00:00,0.00054704846,0.011334857,0.00826311,0.004944417134684046,0.14187473527714164,False
1981-04-10 20:00:00,0.0,0.015360708,0.011197956,0.0062727910196408625,0.14229595486283605,False
1981-04-10 21:00:00,0.0,0.018237302,0.013294993,0.007447494087740779,0.14277848311524674,False
1981-04-10 22:00:00,0.0,0.017512713,0.012766766,0.007151596343144774,0.14326820641027835,False
1981-04-10 23:00:00,0.0,0.018386837,0.013404003,0.0075085590686649085,0.14365117038128036,False
1981-04-11 00:00:00,0.0,0.020831935,0.01518648,0.008507053988054396,0.14397478589868942,False
1981-04-11 01:00:00,0.0,0.02152171,0.015689328,0.008788734667003154,0.1442538234040195,False
1981-04-11 02:00:00,0.0,0.023128096,0.01686038,0.009444727990776301,0.14450442610235142,False
1981-04-11 03:00:00,0.0,0.022940902,0.01672392,0.009368284514173866,0.14472549325561804,False
1981-04-11 04:00:00,0.0,0.025814876,0.018819045,0.010541917674243449,0.14492178615305704,False
1981-04-11 05:00:00,0.006026955,0.03404639,0.024819817,0.01738094069203362,0.14510665105033796,False
1981-04-11 06:00:00,0.086926565,0.045264825,0.03377422,0.0686831561177969,0.14532108471559915,False
1981-04-11 07:00:00,0.22592282,0.051752623,0.039752427,0.15160081787779928,0.14561996074857456,False
1981-04-11 08:00:00,0.3711858,0.059178118,0.045868035,0.23848781133815644,0.14586491535460278,False
1981-04-11 09:00:00,0.5073523,0.06518883,0.04884917,0.319434807151556,0.14602560383246213,False
1981-04-11 10:00:00,0.6096623,0.07133643,0.05263015,0.3809403157830238,0.14594609540654202,False
1981-04-11 11:00:00,0.69133395,0.08038147,0.06051611,0.43182832059264187,0.1458375553634042,False
1981-04-11 12:00:00,0.7022223,0.08987015,0.0701717,0.44213361611217256,0.1456126977226799,False
1981-04-11 13:00:00,0.66895837,0.09339554,0.07373344,0.4244335367307067,0.1452679051099971,False
1981-04-11 14:00:00,0.5925664,0.09062559,0.07022536,0.3791438086703419,0.14516179058847145,False
1981-04-11 15:00:00,0.47017682,0.079199195,0.06091151,0.30380574729293586,0.14498994499498175,False
1981-04-11 16:00:00,0.3217791,0.06295735,0.04950141,0.21157087896764276,0.1447340462148408,False
1981-04-11 17:00:00,0.16930932,0.06199217,0.04997405,0.12326518539339304,0.1444268661749457,False
1981-04-11 18:00:00,0.044608302,0.065689296,0.054065563,0.052897880934178826,0.14419191088523417,False
1981-04-11 19:00:00,0.0005754583,0.070656195,0.05819752,0.029546841604285872,0.14409156999689343,False
1981-04-11 20:00:00,0.0,0.074218705,0.0606097,0.030659625962376594,0.14405879054069715,False
1981-04-11 21:00:00,0.0,0.07137213,0.057416957,0.029436831280589104,0.14403153616524264,False
1981-04-11 22:00:00,0.0,0.05897207,0.045197852,0.024201378520578146,0.14404550104491842,False
1981-04-11 23:00:00,0.0,0.048661087,0.035576183,0.019877054896205663,0.1441598107934367,False
1981-04-12 00:00:00,0.0,0.041114073,0.029972162,0.016789589781314136,0.14439597833362838,False
1981-04-12 01:00:00,0.0,0.035399597,0.025806308,0.014455991964787245,0.14473752624852548,False
1981-04-12 02:00:00,0.0,0.03042754,0.022181679,0.012425572799518704,0.14517631363388117,False
1981-04-12 03:00:00,0.0,0.026373064,0.019225962,0.010769862642511726,0.14574989158947918,False
1981-04-12 04:00:00,0.0,0.024784077,0.018067593,0.0101209744066,0.1464463026784031,False
1981-04-12 05:00:00,0.0073433463,0.024338217,0.01774256,0.014176011230796575,0.14715900692247288,False
1981-04-12 06:00:00,0.087821655,0.023961771,0.01746813,0.06045826755464077,0.14780184836653262,False
1981-04-12 07:00:00,0.22127144,0.021597473,0.015744558,0.13649329473264515,0.14813972909157366,False
1981-04-12 08:00:00,0.37089008,0.020157818,0.014695048,0.22223534405604004,0.14813290539405818,False
1981-04-12 09:00:00,0.5001619,0.018614575,0.013570025,0.29619496794976297,0.14775882014599828,False
1981-04-12 10:00:00,0.6133612,0.014362778,0.010470465,0.3597746707899495,0.14715634981696693,False
1981-04-12 11:00:00,0.6694432,0.013052722,0.009515435,0.3915990087799728,0.14636630649987498,False
1981-04-12 12:00:00,0.6745325,0.010999399,0.008018562,0.393697017618455,0.14527494264020163,False
1981-04-12 13:00:00,0.63931,0.010045189,0.007322943,0.3729839851483703,0.1443299104029488,False
1981-04-12 14:00:00,0.5416122,0.008003231,0.0058343555,0.3157784914383664,0.1435226140360523,False
1981-04-12 15:00:00,0.42326465,0.0066841324,0.0048727333,0.2469532769336365,0.14278175472653049,False
1981-04-12 16:00:00,0.28858277,0.005011265,0.0036532125,0.16855868977215138,0.1422464091532418,False
1981-04-12 17:00:00,0.15163499,0.004174799,0.0030434288,0.08919823595974595,0.14204938382685073,False
1981-04-12 18:00:00,0.03890809,0.004843708,0.003531063,0.024427973885089157,0.14208773024782426,False
1981-04-12 19:00:00,0.000690452,0.0072792848,0.005306599,0.0033710032372619024,0.14220483772990802,False
1981-04-12 20:00:00,0.0,0.012157185,0.008862588,0.004964580997824669,0.14229902922926077,False
1981-04-12 21:00:00,0.0,0.019878756,0.014491616,0.008117808312177658,0.14232422988773863,False
1981-04-12 22:00:00,0.0,0.030924458,0.022728505,0.012638464272022247,0.1423618496265782,False
1981-04-12 23:00:00,0.0,0.045781918,0.036130987,0.0188446009978652,0.14255871079937163,False
1981-04-13 00:00:00,0.0,0.060328566,0.048890986,0.024901353903114796,0.14283419805304687,False
1981-04-13 01:00:00,0.0,0.07183887,0.061888628,0.02985052916407585,0.14308047982100938,False
1981-04-13 02:00:00,0.0,0.088890225,0.07733291,0.03697646985948086,0.14321512450143303,False
1981-04-13 03:00:00,0.0,0.1027094,0.09067128,0.042796016782522206,0.14329803868888952,False
1981-04-13 04:00:00,0.0,0.107691325,0.09284486,0.044751721389591693,0.14343363954364863,False
1981-04-13 05:00:00,0.0066118636,0.10743899,0.08846848,0.048237330006901176,0.14361001504404078,False
1981-04-13 06:00:00,0.07029546,0.1077204,0.085039325,0.08490143091976643,0.14375358143291045,False
1981-04-13 07:00:00,0.1839418,0.10983558,0.08536176,0.1512732803970575,0.14390232363200975,False
1981-04-13 08:00:00,0.30566296,0.10768002,0.08204191,0.22053171943128108,0.1440842072621585,False
1981-04-13 09:00:00,0.43387103,0.09805952,0.07386451,0.29051623135805127,0.14421514628145918,False
1981-04-13 10:00:00,0.5237908,0.099380404,0.07628869,0.34301823656260966,0.14435194062520515,False
1981-04-13 11:00:00,0.5886069,0.09671578,0.07645473,0.3794428553283214,0.14453769604205305,False
1981-04-13 12:00:00,0.61944205,0.09508738,0.079014175,0.39677206872403614,0.14485398798237395,False
1981-04-13 13:00:00,0.5961997,0.100385755,0.0858101,0.3856833111196756,0.14549000001009318,False
1981-04-13 14:00:00,0.5225558,0.10187625,0.082879856,0.3435825618132949,0.14619813434524845,False
1981-04-13 15:00:00,0.41357052,0.09620977,0.073658556,0.2781091597750783,0.1472537432100251,False
1981-04-13 16:00:00,0.28553346,0.09089652,0.07074154,0.20211366330087185,0.14829966901503075,False
1981-04-13 17:00:00,0.15825294,0.08206897,0.06500772,0.1251058136001229,0.1492717608363053,False
1981-04-13 18:00:00,0.044769634,0.079343565,0.063133076,0.05851904007419944,0.1500056363860723,False
1981-04-13 19:00:00,0.0010293247,0.08125991,0.06461496,0.03406803357321769,0.1504928377110468,False
1981-04-13 20:00:00,0.0,0.0775329,0.06036327,0.031869257569313046,0.1507858748438155,False
1981-04-13 21:00:00,0.0,0.07623901,0.05759969,0.031242578744888304,0.15101239435140432,False
1981-04-13 22:00:00,0.0,0.081734,0.06464571,0.03365071481466293,0.15113575288512202,False
1981-04-13 23:00:00,0.0,0.08033965,0.063983575,0.03310044307261705,0.15109339178549983,False
1981-04-14 00:00:00,0.0,0.06984342,0.052572094,0.028611114643514155,0.15091445125859157,False
1981-04-14 01:00:00,0.0,0.051224,0.037357043,0.020918936625123025,0.15059456548011788,False
1981-04-14 02:00:00,0.0,0.040173408,0.029286414,0.0164054537974298,0.15016051676041373,False
1981-04-14 03:00:00,0.0,0.042306732,0.03087999,0.017278703670948744,0.14957572898721247,False
1981-04-14 04:00:00,0.0,0.045440592,0.033692963,0.018586998425424096,0.14885497584809473,False
1981-04-14 05:00:00,0.009440057,0.038153127,0.028551504,0.021067197896540164,0.14806768354725483,False
1981-04-14 06:00:00,0.09403643,0.03257868,0.02439518,0.06759789311140775,0.14732980167343324,False
1981-04-14 07:00:00,0.22916351,0.03179418,0.02341315,0.14522370897978543,0.14702241409555897,False
1981-04-14 08:00:00,0.37512103,0.029570494,0.02155689,0.2285204169824719,0.14721527572668355,False
1981-04-14 09:00:00,0.5082823,0.023219874,0.016927289,0.30276109644956883,0.14794574989026765,False
1981-04-14 10:00:00,0.6211535,0.025186662,0.018361079,0.3686909307986498,0.14899965178238425,False
1981-04-14 11:00:00,0.6849633,0.028301097,0.0206315,0.4067810219153762,0.15033158970835195,False
1981-04-14 12:00:00,0.7119242,0.032924715,0.024002116,0.42422559494897716,0.1517057340153016,False
1981-04-14 13:00:00,0.67834806,0.038121685,0.027790707,0.40697443323582405,0.15288243304303115,False
1981-04-14 14:00:00,0.6056096,0.04165621,0.030367376,0.3664477169476449,0.1538155442183826,False
1981-04-14 15:00:00,0.48265836,0.045703717,0.03331801,0.29715771557390686,0.15461950540722544,False
1981-04-14 16:00:00,0.34087938,0.04538011,0.033082098,0.21521909719333052,0.155391101243144,False
1981-04-14 17:00:00,0.18939255,0.03708624,0.027035872,0.12442426234856246,0.15594369189970392,False
1981-04-14 18:00:00,0.05640229,0.037391745,0.02725858,0.047813637483865024,0.15625956840581767,False
1981-04-14 19:00:00,0.0014560202,0.040629137,0.029713154,0.01743678561015986,0.15641747744957182,False
1981-04-14 20:00:00,0.0,0.038768083,0.028372126,0.015837517362087963,0.1564884712646306,False
1981-04-14 21:00:00,0.0,0.034374382,0.0250902,0.01403901793062687,0.1565793295792826,False
1981-04-14 22:00:00,0.0,0.025958674,0.019007051,0.010605131490156055,0.15662864970057835,False
1981-04-14 23:00:00,0.0,0.025113393,0.018307664,0.010255455706268549,0.1564985142598451,False
1981-04-15 00:00:00,0.0,0.023378137,0.017042663,0.009546836536377667,0.15630028634858883,False
1981-04-15 01:00:00,0.0,0.0220787,0.016095374,0.009016190618276595,0.15613123463807263,False
1981-04-15 02:00:00,0.0,0.021810476,0.015899837,0.008906656745821237,0.15608732872680395,False
1981-04-15 03:00:00,0.0,0.020079698,0.0146381,0.008199866104871034,0.15616255732686826,False
1981-04-15 04:00:00,0.0,0.017047675,0.012427755,0.00696169094927609,0.1562563038162478,False
1981-04-15 05:00:00,0.011791853,0.0147296805,0.010737938,0.012819000063464045,0.15634954681099028,False
1981-04-15 06:00:00,0.11151372,0.014211299,0.010360038,0.0701468271818012,0.1565712103573701,False
1981-04-15 07:00:00,0.2679806,0.0144620985,0.010542871,0.16053063869103787,0.15703392267492003,False
1981-04-15 08:00:00,0.43061736,0.0174066,0.013059741,0.25559447928331797,0.1576762262739647,False
1981-04-15 09:00:00,0.57402706,0.024099091,0.018469317,0.3411035221796483,0.15852221258761695,False
1981-04-15 10:00:00,0.68253845,0.03186155,0.025364058,0.40695125700905915,0.15952634698677368,False
1981-04-15 11:00:00,0.7455455,0.037082236,0.028494067,0.44540178206190467,0.1601463538530611,False
1981-04-15 12:00:00,0.75826806,0.038433805,0.02871997,0.45325362205505365,0.16060265773500806,False
1981-04-15 13:00:00,0.7161977,0.0420811,0.031456154,0.43047264753654596,0.16100057038700696,False
1981-04-15 14:00:00,0.62655336,0.050377153,0.03818968,0.38217269887775174,0.16150474844644955,False
1981-04-15 15:00:00,0.50367826,0.059764545,0.045746025,0.3151457598991692,0.1620585059616422,False
1981-04-15 16:00:00,0.35088405,0.06372382,0.04933017,0.22863801481574775,0.16277349004394864,False
1981-04-15 17:00:00,0.19313544,0.06995583,0.05583397,0.1402678858935833,0.16350101662680375,False
1981-04-15 18:00:00,0.05887614,0.07782766,0.063124724,0.06609867417439817,0.1641323354428652,False
1981-04-15 19:00:00,0.0016679128,0.08828656,0.0728817,0.03747573669604026,0.16465431111900627,False
1981-04-15 20:00:00,0.0,0.08765922,0.07192973,0.03623045667260885,0.1651135238005371,False
1981-04-15 21:00:00,0.0,0.08157638,0.0649678,0.03360994456708431,0.16559642020464513,False
1981-04-15 22:00:00,0.0,0.067001335,0.04964298,0.027404213659465312,0.16604126575720132,False
1981-04-15 23:00:00,0.0,0.057658598,0.04276816,0.023585503332316876,0.16651370102053611,False
1981-04-16 00:00:00,0.0,0.05007769,0.03736971,0.020496632538735866,0.1670109384656242,False
1981-04-16 01:00:00,0.0,0.045923296,0.034551047,0.018811452884227038,0.1674892993953834,False
1981-04-16 02:00:00,0.0,0.048833095,0.036981754,0.020016426600515842,0.1678963752233247,False
1981-04-16 03:00:00,0.0,0.05318998,0.03984133,0.021778535161167383,0.16823108513306928,False
1981-04-16 04:00:00,0.0,0.056412052,0.04160398,0.023062662173062562,0.16853796473474345,False
1981-04-16 05:00:00,0.012564366,0.059852354,0.043923896,0.031707048122771087,0.16883769068685975,False
1981-04-16 06:00:00,0.1068756,0.0688469,0.05067332,0.08980808435380458,0.1691806256316237,False
1981-04-16 07:00:00,0.24874346,0.07946281,0.05939867,0.1760542817339301,0.16960209595741313,False
1981-04-16 08:00:00,0.3985943,0.09560323,0.07150488,0.2691277600377798,0.17011497909198744,False
1981-04-16 09:00:00,0.529086,0.111617744,0.08314781,0.35095954760909076,0.17034222773912125,False
1981-04-16 10:00:00,0.62567765,0.091589876,0.06738139,0.3984512603804468,0.17030938178940594,False
1981-04-16 11:00:00,0.6732819,0.09832138,0.07258072,0.4286836082488298,0.16992130293894478,False
1981-04-16 12:00:00,0.691141,0.10894494,0.080302924,0.4433254022449255,0.16938877935571203,False
1981-04-16 13:00:00,0.6604101,0.12264679,0.09003115,0.43117498008906835,0.1690018994965303,False
1981-04-16 14:00:00,0.5842656,0.13680157,0.10050098,0.39302807767689224,0.16861916919405182,False
1981-04-16 15:00:00,0.46779743,0.15061387,0.11076511,0.33147695152461526,0.16860140722364728,False
1981-04-16 16:00:00,0.33253884,0.14254917,0.104904,0.2501403731703758,0.16892120882763448,False
1981-04-16 17:00:00,0.19010809,0.110140316,0.08135964,0.1547275655195117,0.16954176405385987,False
1981-04-16 18:00:00,0.06131821,0.0916309,0.068075195,0.07286846993863583,0.1700901217659648,False
1981-04-16 19:00:00,0.0021014947,0.09350693,0.06967359,0.0394789943236392,0.170326598157053,False
1981-04-16 20:00:00,0.0,0.09539017,0.07069577,0.03901654475927353,0.17035405983494942,False
1981-04-16 21:00:00,0.0,0.08661085,0.06355925,0.03539160445332527,0.17027880145747562,False
1981-04-16 22:00:00,0.0,0.08150048,0.059413847,0.03328202413022518,0.17015447535038342,False
1981-04-16 23:00:00,0.0,0.083555445,0.06094248,0.03412285307049751,0.170068534019388,False
1981-04-17 00:00:00,0.0,0.07959378,0.05811217,0.03250816116482019,0.17002137255597274,False
1981-04-17 01:00:00,0.0,0.06992705,0.05097682,0.028555830359458922,0.1699918616546632,False
1981-04-17 02:00:00,0.0,0.06115282,0.044580407,0.024972732413560152,0.16992816734615132,False
1981-04-17 03:00:00,0.0,0.056150824,0.040933944,0.022930086985230448,0.16977895738019957,False
1981-04-17 04:00:00,2.8813256e-08,0.052264772,0.038200352,0.02134853665085951,0.16955981261013894,False
1981-04-17 05:00:00,0.013000685,0.05328808,0.039170016,0.029279877412132917,0.16929661206040933,False
1981-04-17 06:00:00,0.10694858,0.07009791,0.051887885,0.09037740281969309,0.16907404422400454,False
1981-04-17 07:00:00,0.23630384,0.11922659,0.089020446,0.1851490291506052,0.1690256470433026,False
1981-04-17 08:00:00,0.37040597,0.12886417,0.09680167,0.2665024143457413,0.1689892606251463,False
1981-04-17 09:00:00,0.4846118,0.14629096,0.10971369,0.3395269165933132,0.16875626787408812,False
1981-04-17 10:00:00,0.56120783,0.15754844,0.11798479,0.38832347218692304,0.16811169469858456,False
1981-04-17 11:00:00,0.6069239,0.17009313,0.12742974,0.4198406500667333,0.1674991593572522,False
1981-04-17 12:00:00,0.6227915,0.18401761,0.13759588,0.43468338881433005,0.16673058196798832,False
1981-04-17 13:00:00,0.57794034,0.19222087,0.14260212,0.4121015930175781,0.1653037869105016,False
1981-04-17 14:00:00,0.5159287,0.20459244,0.15064192,0.3813201242983341,0.16374844248846418,False
1981-04-17 15:00:00,0.42599073,0.20728007,0.15209703,0.3304962368905544,0.16210820532610884,False
1981-04-17 16:00:00,0.30806625,0.19737901,0.14514048,0.2584246656745672,0.16062239476127796,False
1981-04-17 17:00:00,0.17926104,0.15450783,0.11374156,0.1665890560746193,0.1594461060452486,False
1981-04-17 18:00:00,0.06007169,0.10468454,0.077029295,0.07744954094663262,0.15888503144050262,False
1981-04-17 19:00:00,0.002394439,0.09156562,0.0671221,0.03879389723506756,0.15874123111116326,False
1981-04-17 20:00:00,0.0,0.07987456,0.058228552,0.032618054553866384,0.15869294476282447,False
1981-04-17 21:00:00,0.0,0.06768999,0.049346004,0.02764229142665863,0.15866237593820914,False
1981-04-17 22:00:00,0.0,0.05700531,0.04155687,0.0232790297716856,0.1587395872376546,False
1981-04-17 23:00:00,0.0,0.05221236,0.03806281,0.021321753088384864,0.15877785548853351,False
1981-04-18 00:00:00,0.0,0.04672306,0.03406111,0.019080109275877475,0.1588368570265047,False
1981-04-18 01:00:00,0.0,0.038578447,0.028123688,0.015754126075655222,0.15897926588409245,False
1981-04-18 02:00:00,0.0,0.03147752,0.02294711,0.012854348234832287,0.15924830517924055,False
1981-04-18 03:00:00,0.0,0.027572291,0.0201002,0.011259586198255421,0.15961753019673414,False
1981-04-18 04:00:00,3.169458e-07,0.025538005,0.018617205,0.010429035786040543,0.16004691326973622,False
1981-04-18 05:00:00,0.015266904,0.029911375,0.021805394,0.021023791975341734,0.16051183707055924,False
1981-04-18 06:00:00,0.1144106,0.052575637,0.03832764,0.08748501968011259,0.16096352806495637,False
1981-04-18 07:00:00,0.24704397,0.07778161,0.056702785,0.17430773366242647,0.16103121216558675,False
1981-04-18 08:00:00,0.3867154,0.08524048,0.062140312,0.25794410798698664,0.16035840765443454,False
1981-04-18 09:00:00,0.48959365,0.091889374,0.06698736,0.32002003518491984,0.15939307701582223,False
1981-04-18 10:00:00,0.575225,0.09095944,0.06630943,0.3690495639964938,0.15811514021450787,False
1981-04-18 11:00:00,0.603418,0.10680369,0.07794721,0.3917918935641646,0.1564064317438206,False
1981-04-18 12:00:00,0.5662198,0.117842875,0.08604426,0.3748392394855618,0.15464884610748053,False
1981-04-18 13:00:00,0.5312722,0.12224083,0.09013961,0.35651844783127307,0.15296689763752877,False
1981-04-18 14:00:00,0.45661658,0.12404921,0.09360683,0.31429669388383624,0.15159549917399398,False
1981-04-18 15:00:00,0.36355186,0.12245932,0.0963173,0.26015804441273216,0.1504376233498952,False
1981-04-18 16:00:00,0.24851543,0.12168149,0.09971563,0.19367851480096576,0.1493803520835391,False
1981-04-18 17:00:00,0.14702891,0.103512704,0.08822438,0.12779598449170587,0.1485651076364096,False
1981-04-18 18:00:00,0.05111601,0.087377414,0.078330584,0.06596605413034558,0.14829391018916677,False
1981-04-18 19:00:00,0.002235505,0.08583043,0.07777658,0.037161249603377654,0.14844768435463754,False
1981-04-18 20:00:00,0.0,0.08991716,0.08092239,0.03754924117773772,0.14864739040748468,False
1981-04-18 21:00:00,0.0,0.0936918,0.083805025,0.039097746826708316,0.14885577468757769,False
1981-04-18 22:00:00,0.0,0.084031604,0.07613404,0.03511890017241239,0.14906672594367779,False
1981-04-18 23:00:00,0.0,0.08852443,0.07943355,0.036954926893115046,0.14925777509154073,False
1981-04-19 00:00:00,0.0,0.09420949,0.08482377,0.039343786329030996,0.1494296255104455,False
1981-04-19 01:00:00,0.0,0.0994068,0.088677905,0.04146971652656794,0.14956885510098442,False
1981-04-19 02:00:00,0.0,0.10245415,0.09055468,0.0426955332532525,0.14972275821117004,False
1981-04-19 03:00:00,0.0,0.10456608,0.09177019,0.043540474489331245,0.1498867635731331,False
1981-04-19 04:00:00,9.2202424e-07,0.10483949,0.092195846,0.043664879090364025,0.15001129462229804,False
1981-04-19 05:00:00,0.011182626,0.10689285,0.09380018,0.050961045143194494,0.1500862539903126,False
1981-04-19 06:00:00,0.076161474,0.11943393,0.10388793,0.09362623964995144,0.15010853254270248,False
1981-04-19 07:00:00,0.16506606,0.13869233,0.119144864,0.1528544126152992,0.1498948759569225,False
1981-04-19 08:00:00,0.27235037,0.15181735,0.1296255,0.22016654369235036,0.14946921205899963,False
1981-04-19 09:00:00,0.37378034,0.15036246,0.1302027,0.27818595013022424,0.14905421880961525,False
1981-04-19 10:00:00,0.41702014,0.1577171,0.13865252,0.306305465593934,0.14890826472751614,False
1981-04-19 11:00:00,0.4595355,0.16899675,0.14749536,0.3354765395224094,0.14880701232137908,False
1981-04-19 12:00:00,0.48671475,0.1759751,0.15149333,0.35394986225664615,0.14855316955940615,False
1981-04-19 13:00:00,0.4747163,0.17445956,0.14791815,0.34627446676790713,0.14828857690735228,False
1981-04-19 14:00:00,0.44278353,0.16956994,0.14230885,0.32574208474159233,0.1479475942341282,False
1981-04-19 15:00:00,0.36569467,0.16593993,0.13906588,0.2797472161054611,0.1476156572395607,False
1981-04-19 16:00:00,0.26569295,0.15918618,0.1342296,0.21929293221235271,0.14731968388150574,False
1981-04-19 17:00:00,0.16140474,0.14565659,0.12395854,0.15357157860696316,0.1470500104792398,False
1981-04-19 18:00:00,0.057310775,0.1247682,0.10597998,0.08483070088922977,0.14687480874921324,False
1981-04-19 19:00:00,0.002800389,0.11275375,0.09551537,0.04837978777172976,0.14682666884319054,False
1981-04-19 20:00:00,0.0,0.10303521,0.08519457,0.04262049999833106,0.14680610335267566,False
1981-04-19 21:00:00,0.0,0.09147664,0.07431613,0.03776795171946287,0.14682192837608465,False
1981-04-19 22:00:00,0.0,0.07842656,0.06499977,0.03244938886910677,0.1468737840230898,False
1981-04-19 23:00:00,0.0,0.071731776,0.05743607,0.02957057319581509,0.14707141347204752,False
1981-04-20 00:00:00,0.0,0.06279306,0.048009075,0.025763129621744155,0.14725091711267316,False
1981-04-20 01:00:00,0.0,0.056488506,0.042541046,0.023141475364565848,0.14743335135582322,False
1981-04-20 02:00:00,0.0,0.050674878,0.037547696,0.020726605609059333,0.14761322290053078,False
1981-04-20 03:00:00,0.0,0.04220987,0.030771002,0.017237076558172703,0.14781247427708888,False
1981-04-20 04:00:00,5.445705e-06,0.034341604,0.02503503,0.01402708545073983,0.1480565964414128,False
1981-04-20 05:00:00,0.018686317,0.027698578,0.020192264,0.02209316249005496,0.14836265585915978,False
1981-04-20 06:00:00,0.117139705,0.023606015,0.017208785,0.07722950356267393,0.14880951791533206,False
1981-04-20 07:00:00,0.24932104,0.024530996,0.017883094,0.15387586656212807,0.14959548505315184,False
1981-04-20 08:00:00,0.3957562,0.02368732,0.017268056,0.23802443201653656,0.1510373745838205,False
1981-04-20 09:00:00,0.5227029,0.027952086,0.020377072,0.313014239244163,0.15275488303459187,False
1981-04-20 10:00:00,0.6004764,0.04337916,0.031623412,0.3641894485019147,0.15470591619964938,False
1981-04-20 11:00:00,0.6338859,0.033928547,0.024733912,0.3796074409894645,0.15645943478352328,False
1981-04-20 12:00:00,0.6044568,0.03273345,0.023862688,0.3621387921869754,0.15806250024568538,False
1981-04-20 13:00:00,0.5646635,0.035116594,0.025599996,0.34015127951651813,0.15950398912697036,False
1981-04-20 14:00:00,0.48752072,0.04178668,0.03046249,0.29836371814459556,0.160877964524058,False
1981-04-20 15:00:00,0.38845548,0.05341412,0.038938895,0.24595132322609423,0.16225806204925228,False
1981-04-20 16:00:00,0.2694804,0.061817087,0.045064654,0.18073419149219988,0.16354986716819556,False
1981-04-20 17:00:00,0.16202015,0.063354306,0.04672107,0.11938630145043133,0.164693677442275,False
1981-04-20 18:00:00,0.060804952,0.06953994,0.053900793,0.0636553386412561,0.16555144033531596,False
1981-04-20 19:00:00,0.0035303729,0.08258804,0.06781656,0.03617410605866462,0.16645456930332445,False
1981-04-20 20:00:00,0.0,0.09247367,0.07751959,0.03830884230136872,0.16748638298521648,False
1981-04-20 21:00:00,0.0,0.10003569,0.08654904,0.04158681788295507,0.16863634025278398,False
1981-04-20 22:00:00,0.0,0.10718324,0.093601815,0.044605113722383974,0.16991682385672713,False
1981-04-20 23:00:00,0.0,0.10949629,0.095684655,0.04557110164314508,0.1712342397688971,False
1981-04-21 00:00:00,0.0,0.11548361,0.10161439,0.04810063000023365,0.17263833658649486,False
1981-04-21 01:00:00,0.0,0.12010433,0.107130624,0.050103550672531125,0.17413674477088162,False
1981-04-21 02:00:00,0.0,0.12494326,0.11399144,0.05225959932804108,0.1756339277417482,False
1981-04-21 03:00:00,0.0,0.13203245,0.12108079,0.05525833837687969,0.1770914516707034,False
1981-04-21 04:00:00,1.0920223e-05,0.1396631,0.12618048,0.058355731142219154,0.17856587739308263,False
1981-04-21 05:00:00,0.018376747,0.1481921,0.13192886,0.07241042383946479,0.17999417812076435,False
1981-04-21 06:00:00,0.110045895,0.16295429,0.14307499,0.13135266226530073,0.1813887530172356,False
1981-04-21 07:00:00,0.23032486,0.21489361,0.18281336,0.22206511008739468,0.18278831238906867,False
1981-04-21 08:00:00,0.35459962,0.23703697,0.19511709,0.30260694932937626,0.1843846137233579,False
1981-04-21 09:00:00,0.45698002,0.2622728,0.21072973,0.37183554205298425,0.18539957781622998,False
1981-04-21 10:00:00,0.5187895,0.22091798,0.1780382,0.39047435761988164,0.1859847069743357,False
1981-04-21 11:00:00,0.54978323,0.23095909,0.18471953,0.41242368170619004,0.18598609284138812,False
1981-04-21 12:00:00,0.55714136,0.24668165,0.19713397,0.4231413285583257,0.18622756541200178,False
1981-04-21 13:00:00,0.52876747,0.25996557,0.2073919,0.4122252858281135,0.18721422359896397,False
1981-04-21 14:00:00,0.48100778,0.27765128,0.22207318,0.39198676595091814,0.18828270614742804,False
1981-04-21 15:00:00,0.3873564,0.28661776,0.23124568,0.34175386181473727,0.18924747767786376,False
1981-04-21 16:00:00,0.28083178,0.27134028,0.22280227,0.27419582536816595,0.18994234653645695,False
1981-04-21 17:00:00,0.15866685,0.24923782,0.20786425,0.19474419747292993,0.19043516151178197,False
1981-04-21 18:00:00,0.057441328,0.22909005,0.19450031,0.12818089135363697,0.19052070686366598,False
1981-04-21 19:00:00,0.002827963,0.23166028,0.19986051,0.09790684450254776,0.19033809963402218,False
1981-04-21 20:00:00,0.0,0.23520294,0.20423268,0.0978184488415718,0.18993488273203993,False
1981-04-21 21:00:00,0.0,0.23851733,0.20774575,0.09923116470873355,0.18936686960542728,False
1981-04-21 22:00:00,0.0,0.22976151,0.20191398,0.095685352653265,0.1886829640296536,False
1981-04-21 23:00:00,0.0,0.23284669,0.2045702,0.09696722044050693,0.18797142188756413,False
1981-04-22 00:00:00,0.0,0.23473577,0.2049856,0.09768672247231007,0.18720954626954778,False
1981-04-22 01:00:00,0.0,0.2282656,0.19956023,0.09500625796616077,0.1863637965143906,False
1981-04-22 02:00:00,0.0,0.21785645,0.1907171,0.0906877541989088,0.18543016793612774,False
1981-04-22 03:00:00,0.0,0.21138316,0.18535414,0.08800951123237609,0.18442147060558348,False
1981-04-22 04:00:00,2.4462452e-05,0.19814776,0.17509042,0.08258552037946174,0.18333073102405328,False
1981-04-22 05:00:00,0.018252477,0.18840085,0.16631787,0.08903275752067566,0.18216898572975174,False
1981-04-22 06:00:00,0.10378442,0.20335369,0.17568949,0.14440835341066122,0.1809764764784155,False
1981-04-22 07:00:00,0.23144078,0.23422049,0.1949933,0.23049833060801028,0.17971494988185768,False
1981-04-22 08:00:00,0.34104756,0.21753427,0.17940967,0.28674270847439765,0.1779764231789992,False
1981-04-22 09:00:00,0.44541913,0.20372814,0.16514659,0.34110043883323665,0.17624639384699392,False
1981-04-22 10:00:00,0.52260876,0.15193649,0.12307692,0.36425597012043,0.17432420991233655,False
1981-04-22 11:00:00,0.57377684,0.14652066,0.1122734,0.39119812437891954,0.17316204657103507,False
1981-04-22 12:00:00,0.60276115,0.15017915,0.11646475,0.40949838516116144,0.17208905146267683,False
1981-04-22 13:00:00,0.57138336,0.15035172,0.116119646,0.39143844184279436,0.17091405261211515,False
1981-04-22 14:00:00,0.49743128,0.14053522,0.1073594,0.3446727516055107,0.16949505147000885,False
1981-04-22 15:00:00,0.39704537,0.12249611,0.09275522,0.2793050284385681,0.16769445193159813,False
1981-04-22 16:00:00,0.2838228,0.09923489,0.07418294,0.20438931030780075,0.16574730964754505,False
1981-04-22 17:00:00,0.16459903,0.069830835,0.050949246,0.12349247834086417,0.16400997731947756,False
1981-04-22 18:00:00,0.061471175,0.04755862,0.03467023,0.05489019161835312,0.1624385199393591,False
1981-04-22 19:00:00,0.0042271637,0.03521503,0.025671754,0.016819694763515147,0.16094831616521296,False
1981-04-22 20:00:00,0.0,0.027044887,0.019715723,0.011044212223961949,0.15927109023227326,False
1981-04-22 21:00:00,0.0,0.021449754,0.01563687,0.008759350245818497,0.1574780505916287,False
1981-04-22 22:00:00,0.0,0.025592461,0.018656902,0.010451090902090072,0.15558928141577139,False
1981-04-22 23:00:00,0.0,0.022041678,0.016068382,0.009001071978360415,0.15377854764563467,False
1981-04-23 00:00:00,0.0,0.018377244,0.01339701,0.007504641752690076,0.15189451426637327,False
1981-04-23 01:00:00,0.0,0.012952545,0.009442406,0.005289378915913403,0.14995069984157539,False
1981-04-23 02:00:00,0.0,0.009408539,0.0068588243,0.0038421274619176984,0.14803623091004642,False
1981-04-23 03:00:00,0.0,0.0071084234,0.0051820413,0.0029028384634293613,0.14619438390588124,False
1981-04-23 04:00:00,4.736899e-05,0.006280212,0.004578274,0.0025919570157457196,0.14439940870524237,False
1981-04-23 05:00:00,0.022057815,0.00598145,0.004360477,0.015169979775324463,0.14271693097298838,False
1981-04-23 06:00:00,0.118073836,0.006540168,0.0047677825,0.07079938563052564,0.14120699404946827,False
1981-04-23 07:00:00,0.2344168,0.00822139,0.0059933932,0.13861582835018632,0.13984437862694796,False
1981-04-23 08:00:00,0.37331155,0.010198639,0.0074348086,0.21956554139312356,0.1383051501352688,False
1981-04-23 09:00:00,0.47626814,0.011665993,0.008504508,0.27957071318943055,0.1374471081323028,False
1981-04-23 10:00:00,0.5652892,0.02086033,0.01520718,0.3346905172374099,0.13684614725632505,False
1981-04-23 11:00:00,0.6053805,0.028443558,0.020735355,0.36091991650499405,0.1368510697354833,False
1981-04-23 12:00:00,0.6107621,0.03509509,0.025584321,0.36674138373136517,0.13679270806982716,False
1981-04-23 13:00:00,0.56876004,0.039030403,0.028453162,0.34411323100700975,0.136483010328689,False
1981-04-23 14:00:00,0.49997106,0.04181221,0.0304811,0.30555798810720436,0.1358966896376455,False
1981-04-23 15:00:00,0.39870775,0.04465764,0.03255542,0.24829103218019008,0.1355251986427503,False
1981-04-23 16:00:00,0.29809576,0.046043545,0.03356575,0.19080387362092732,0.13512570082291872,False
1981-04-23 17:00:00,0.17455015,0.04554446,0.03320191,0.11931424322724343,0.13494411126831146,False
1981-04-23 18:00:00,0.069234505,0.040901545,0.02981723,0.05665111019462347,0.13484854610986452,False
1981-04-23 19:00:00,0.0052807205,0.03514745,0.025622493,0.01739999972144142,0.13481986029473664,False
1981-04-23 20:00:00,0.0,0.028779443,0.020980213,0.011752546090632676,0.1348454470650893,False
1981-04-23 21:00:00,0.0,0.020986674,0.015299286,0.008570244267582893,0.13500345647138492,False
1981-04-23 22:00:00,0.0,0.021476155,0.01565612,0.00877013168670237,0.13525138966461125,False
1981-04-23 23:00:00,0.0,0.015999418,0.011663576,0.006533618235960603,0.1355162928307098,False
1981-04-24 00:00:00,0.0,0.010734562,0.007825496,0.004383630082011223,0.13583664368816134,False
1981-04-24 01:00:00,0.0,0.0076200007,0.005554981,0.003111749252770096,0.13620509647672477,False
1981-04-24 02:00:00,0.0,0.005581018,0.004068562,0.0022790979989804326,0.13661985555018943,False
1981-04-24 03:00:00,0.0,0.004531968,0.0033038044,0.0018507016017101706,0.13704703914387098,False
1981-04-24 04:00:00,8.04466e-05,0.004359255,0.0031778966,0.0018265892312701907,0.13749344662942056,False
1981-04-24 05:00:00,0.025380155,0.0046806927,0.0034122244,0.016555785191711036,0.1379786115387733,False
1981-04-24 06:00:00,0.13211957,0.0067826984,0.004944587,0.07900281312968581,0.13850172467409935,False
1981-04-24 07:00:00,0.26449224,0.00980331,0.0071466127,0.15661536300741133,0.1388929349892081,False
1981-04-24 08:00:00,0.41560262,0.014090247,0.010271791,0.24555669233202934,0.1394762135672933,False
1981-04-24 09:00:00,0.52960867,0.016333671,0.011907246,0.3122543167863041,0.14010740230873217,False
1981-04-24 10:00:00,0.62189215,0.013861282,0.010104873,0.3644922491200268,0.141146697356312,False
1981-04-24 11:00:00,0.6614178,0.016550604,0.01206539,0.38839676442742344,0.14220962356898692,False
1981-04-24 12:00:00,0.6711873,0.018017739,0.013134933,0.39463289358653125,0.14342730230227338,False
1981-04-24 13:00:00,0.615559,0.019878041,0.014491092,0.3632950486727058,0.14428827200964317,False
1981-04-24 14:00:00,0.5501751,0.02299449,0.016762983,0.32684118385054167,0.1445009328240458,False
1981-04-24 15:00:00,0.43134654,0.027529672,0.020069132,0.2601291330866516,0.1439960105999923,False
1981-04-24 16:00:00,0.31614256,0.032467823,0.023669042,0.19567301168665285,0.14343983184269232,False
1981-04-24 17:00:00,0.1865253,0.027531097,0.020764405,0.11890535073541104,0.1429856273119267,False
1981-04-24 18:00:00,0.07270091,0.028098619,0.022156611,0.05351327249221503,0.14305931882065945,False
1981-04-24 19:00:00,0.005513762,0.036158074,0.028223885,0.01804785974044353,0.14355200367314655,False
1981-04-24 20:00:00,0.0,0.04532733,0.03523851,0.01862866372615099,0.14432010271172688,False
1981-04-24 21:00:00,0.0,0.05023819,0.039300963,0.02066014352068305,0.1451615496881371,False
1981-04-24 22:00:00,0.0,0.056168716,0.04518864,0.02316644287481904,0.14603792991471196,False
1981-04-24 23:00:00,0.0,0.059048597,0.04794409,0.0243779131360352,0.14687931467260418,False
1981-04-25 00:00:00,0.0,0.0609586,0.049937993,0.025190375603735445,0.14773481290001142,False
1981-04-25 01:00:00,0.0,0.061005726,0.04975373,0.025197814442217352,0.1485983894593613,False
1981-04-25 02:00:00,0.0,0.058953613,0.04801957,0.02434693995863199,0.1494827652709449,False
1981-04-25 03:00:00,0.0,0.058783107,0.04887836,0.02433039776980877,0.15035535763052243,False
1981-04-25 04:00:00,0.00011902755,0.062104892,0.05360164,0.02587987266467826,0.15122373526761143,False
1981-04-25 05:00:00,0.022219053,0.066008724,0.0574407,0.040279410270974036,0.15211852226793252,False
1981-04-25 06:00:00,0.10742578,0.06640093,0.057238203,0.08957748075574636,0.15304469868218518,False
1981-04-25 07:00:00,0.23446397,0.07545647,0.06451943,0.16661320009827613,0.15365202657496005,False
1981-04-25 08:00:00,0.3747979,0.08092432,0.06931729,0.24986260098218915,0.15434142927136496,False
1981-04-25 09:00:00,0.51147133,0.08275439,0.07039904,0.32945687547326086,0.1547805917721885,False
1981-04-25 10:00:00,0.608734,0.083071835,0.07070266,0.385710975445807,0.15531058040763632,False
1981-04-25 11:00:00,0.6655689,0.085198075,0.07216959,0.41936849570274354,0.15605288164563855,False
1981-04-25 12:00:00,0.64195424,0.090890035,0.07633164,0.40806792968511574,0.1571258079052382,False
1981-04-25 13:00:00,0.5426294,0.09960496,0.08276936,0.35432095009833575,0.15816389564030717,False
1981-04-25 14:00:00,0.41144398,0.106111474,0.08821133,0.2813217213526368,0.15935283960465876,False
1981-04-25 15:00:00,0.30347925,0.112070665,0.09505272,0.22159445182979107,0.16040837195994714,False
1981-04-25 16:00:00,0.21163988,0.112709455,0.09807511,0.1690020561441779,0.16152829132902197,False
1981-04-25 17:00:00,0.12892957,0.11632532,0.10250057,0.12285143564641476,0.16227215231642508,False
1981-04-25 18:00:00,0.052676275,0.119837895,0.105288684,0.08029998311400414,0.16313431398991413,False
1981-04-25 19:00:00,0.004154727,0.12472069,0.108324826,0.05426875357329845,0.1642408265962521,False
1981-04-25 20:00:00,0.0,0.12548593,0.10810544,0.05214200095832348,0.16550992604581635,False
1981-04-25 21:00:00,0.0,0.12187362,0.10490982,0.05063649514317513,0.16668580574173475,False
1981-04-25 22:00:00,0.0,0.11820812,0.10255194,0.04915660006552935,0.16772895109075117,False
1981-04-25 23:00:00,0.0,0.11446008,0.09929191,0.047597533151507374,0.1685312928343564,False
1981-04-26 00:00:00,0.0,0.11014405,0.09615094,0.04583530493080616,0.16923661716402505,False
1981-04-26 01:00:00,0.0,0.10949319,0.09553336,0.04556178820878267,0.16988771441559303,False
1981-04-26 02:00:00,0.0,0.10608126,0.092954546,0.044163531258702274,0.17049412595042024,False
1981-04-26 03:00:00,0.0,0.1045187,0.09195239,0.04353282818198204,0.17107594773340037,False
1981-04-26 04:00:00,0.00018817937,0.10718864,0.0947255,0.04477636524668196,0.1716035893343296,False
1981-04-26 05:00:00,0.02502074,0.11171793,0.09909942,0.06101225307583809,0.17207839259954982,False
1981-04-26 06:00:00,0.1060152,0.11265843,0.10023742,0.10815455198287963,0.17254400228467962,False
1981-04-26 07:00:00,0.2417093,0.12056292,0.10653158,0.18970669243484733,0.17275216705483576,False
1981-04-26 08:00:00,0.36799604,0.13034555,0.114912406,0.2666364923715591,0.1722526091381399,False
1981-04-26 09:00:00,0.48103923,0.14444722,0.12653913,0.33769377128779887,0.17091842077152064,False
1981-04-26 10:00:00,0.5731741,0.16692807,0.14453305,0.40012270854413506,0.16897397326747457,False
1981-04-26 11:00:00,0.62803894,0.186731,0.15953736,0.4398972248882055,0.1667852577578699,False
1981-04-26 12:00:00,0.6252809,0.2017029,0.17121571,0.44446110486984247,0.16420488357008003,False
1981-04-26 13:00:00,0.57632196,0.211613,0.18039614,0.4203643589615822,0.16222618915411835,False
1981-04-26 14:00:00,0.49388397,0.22314042,0.18883099,0.3775067369043827,0.16108177984978886,False
1981-04-26 15:00:00,0.37997782,0.22853644,0.19089097,0.3138852628022432,0.16090074097605303,False
1981-04-26 16:00:00,0.25311676,0.20580098,0.17387794,0.23137833908200262,0.1611851075545376,False
1981-04-26 17:00:00,0.14219174,0.18848278,0.16100618,0.16028911106288435,0.16164667662302534,False
1981-04-26 18:00:00,0.05289433,0.18321544,0.1573954,0.10662587759643793,0.1619638581222346,False
1981-04-26 19:00:00,0.0053640194,0.18272437,0.15637594,0.07896463331952691,0.1623053790332396,False
1981-04-26 20:00:00,0.0,0.1810369,0.15311614,0.07507088913023471,0.16262406381015468,False
1981-04-26 21:00:00,0.0,0.17083521,0.14246161,0.07073112027347088,0.16297666958887866,False
1981-04-26 22:00:00,0.0,0.14890191,0.12470448,0.061678846567869185,0.16344559956510354,False
1981-04-26 23:00:00,0.0,0.1406727,0.117134355,0.05823348096013069,0.16389299255545056,False
1981-04-27 00:00:00,0.0,0.13628013,0.113993965,0.05644304367899895,0.16452446431695286,False
1981-04-27 01:00:00,0.0,0.1310261,0.110313624,0.05430556811392307,0.16527544815680748,False
1981-04-27 02:00:00,0.0,0.12617326,0.10586025,0.05227438554167747,0.16603724463638653,False
1981-04-27 03:00:00,0.0,0.11990844,0.10020336,0.0496571946144104,0.16679762798436723,False
1981-04-27 04:00:00,0.00026035655,0.11707161,0.09853293,0.048670429395249806,0.16747951154579213,False
1981-04-27 05:00:00,0.023385616,0.11856445,0.09972024,0.06262867515720427,0.1679718053594876,False
1981-04-27 06:00:00,0.08899382,0.11638131,0.09768988,0.09956938972324132,0.16821950883125192,False
1981-04-27 07:00:00,0.15495151,0.12868191,0.106366135,0.14263442009687421,0.16847542217266984,False
1981-04-27 08:00:00,0.22454515,0.13612005,0.111679785,0.1858215593844652,0.1681401310432881,False
1981-04-27 09:00:00,0.2979183,0.15558337,0.12619036,0.23612339527904985,0.16751686516685335,False
1981-04-27 10:00:00,0.36066052,0.1759007,0.14155836,0.2806526309847831,0.16659419610228934,False
1981-04-27 11:00:00,0.3763041,0.19016553,0.15207393,0.2955105346888304,0.1656080580655043,False
1981-04-27 12:00:00,0.38379148,0.22241026,0.17728758,0.31309059771895403,0.16422043861015934,False
1981-04-27 13:00:00,0.34461278,0.24381848,0.1959021,0.29938930349051956,0.16281652670138128,False
1981-04-27 14:00:00,0.2991027,0.24250056,0.19568324,0.2726318554133177,0.1617868740074515,False
1981-04-27 15:00:00,0.23902991,0.23596855,0.18984063,0.23524404759705064,0.16096964890263277,False
1981-04-27 16:00:00,0.17913204,0.21280187,0.17174612,0.1911573714315891,0.16019466736107366,False
1981-04-27 17:00:00,0.10897092,0.18203719,0.14867046,0.138076147608459,0.15968349636130577,False
1981-04-27 18:00:00,0.048212584,0.16657335,0.13719928,0.09669298684224487,0.1588558909739546,False
1981-04-27 19:00:00,0.005286022,0.16081502,0.13286754,0.0695656228652224,0.15768864824997184,False
1981-04-27 20:00:00,0.0,0.16709633,0.13719504,0.06906707833707332,0.15626333813600982,False
1981-04-27 21:00:00,0.0,0.17698133,0.1451671,0.07314513400197029,0.1548041768574509,False
1981-04-27 22:00:00,0.0,0.17077889,0.14100102,0.07063146360218524,0.15342355940187155,False
1981-04-27 23:00:00,0.0,0.18838102,0.15547375,0.077908177703619,0.15219435566214418,False
1981-04-28 00:00:00,0.0,0.19796695,0.16356899,0.08188252924382687,0.15103348763996075,False
1981-04-28 01:00:00,0.0,0.19853054,0.16426389,0.08212801922857761,0.14991697259487738,False
1981-04-28 02:00:00,0.0,0.19504964,0.16090025,0.08066193196177482,0.1488499454065055,False
1981-04-28 03:00:00,0.0,0.18451966,0.15139784,0.07626323913037777,0.14783370695346423,False
1981-04-28 04:00:00,0.00023318567,0.16558188,0.13281862,0.0684064683040633,0.14688001861192207,False
1981-04-28 05:00:00,0.022312295,0.14594114,0.11436196,0.07290201972052456,0.14595118320870243,False
1981-04-28 06:00:00,0.09561482,0.15880731,0.123495266,0.12043839237093924,0.14500435374616208,False
1981-04-28 07:00:00,0.17508402,0.17678392,0.13622166,0.17361271822452545,0.14401770588617024,False
1981-04-28 08:00:00,0.27971417,0.1837173,0.13949952,0.23671973030269144,0.14299461822437928,False
1981-04-28 09:00:00,0.3857199,0.17294052,0.13018933,0.2934056561887264,0.14199093287074502,False
1981-04-28 10:00:00,0.4649869,0.20626259,0.15518059,0.35278808277845386,0.14082104649783916,False
1981-04-28 11:00:00,0.5190944,0.18026519,0.1343734,0.37329149103164666,0.13984113343169785,False
1981-04-28 12:00:00,0.53843,0.16248699,0.119287774,0.37707333324849607,0.13919081912035616,False
1981-04-28 13:00:00,0.54650426,0.13611406,0.099666364,0.3709410296529531,0.13823109028287725,False
1981-04-28 14:00:00,0.4933947,0.13123323,0.09566901,0.3382799318730831,0.1371048951506105,False
1981-04-28 15:00:00,0.39828417,0.114789635,0.08368165,0.27668614880740644,0.13578917557607587,False
1981-04-28 16:00:00,0.29679543,0.087155074,0.063536055,0.2068421310931444,0.134535479472806,False
1981-04-28 17:00:00,0.17650986,0.045836,0.03341445,0.1205640524700284,0.13295627718202638,False
1981-04-28 18:00:00,0.070685714,0.02402886,0.017517041,0.05059822684526443,0.13161377478485176,False
1981-04-28 19:00:00,0.006760108,0.016282368,0.011869846,0.010549747849348931,0.1305589852964927,False
1981-04-28 20:00:00,0.0,0.0123201925,0.008981421,0.005031147759407759,0.12984396584344257,False
1981-04-28 21:00:00,0.0,0.010925205,0.007964474,0.004461482405662537,0.12922288949147961,False
1981-04-28 22:00:00,0.0,0.006555558,0.0047790017,0.0026770670609548687,0.12865171319211996,False
1981-04-28 23:00:00,0.0,0.006150894,0.004484001,0.0025118158953264355,0.12819926441799082,False
1981-04-29 00:00:00,0.0,0.006979821,0.0050882897,0.002850321514997631,0.12781546303129918,False
1981-04-29 01:00:00,0.0,0.0075624883,0.0055130534,0.0030882630720734596,0.1275562487837223,False
1981-04-29 02:00:00,0.0,0.008558352,0.0062390384,0.003494939795695245,0.12750915941934265,False
1981-04-29 03:00:00,0.0,0.009501658,0.006926709,0.0038801542203873397,0.12763792996353635,False
1981-04-29 04:00:00,0.00041528547,0.009419762,0.0068670055,0.004086330040707253,0.1279874432111455,False
1981-04-29 05:00:00,0.022284776,0.010584978,0.007716448,0.017180860955268145,0.12858551233680443,False
1981-04-29 06:00:00,0.07903159,0.016184175,0.0117982635,0.05221029244363308,0.1292277900479046,False
1981-04-29 07:00:00,0.13721995,0.035140783,0.025617631,0.09352621233090758,0.12918954358116522,False
1981-04-29 08:00:00,0.20554039,0.046644084,0.034003537,0.13764466241002082,0.12865549313663613,False
1981-04-29 09:00:00,0.27095044,0.057865854,0.042184208,0.17996884937956928,0.12728042877060466,False
1981-04-29 10:00:00,0.33890182,0.09298472,0.06961283,0.23361680381000038,0.1253107165290519,False
1981-04-29 11:00:00,0.38861492,0.098025836,0.072094515,0.2642954477444291,0.12267108605552261,False
1981-04-29 12:00:00,0.39220914,0.09971187,0.07268995,0.26702361351996656,0.12041244290519303,False
1981-04-29 13:00:00,0.35683373,0.09657728,0.070404835,0.24533193714171647,0.11797969833418524,False
1981-04-29 14:00:00,0.2946364,0.09665867,0.070464164,0.2094773158356547,0.11541333108735378,False
1981-04-29 15:00:00,0.23632362,0.09478091,0.06914349,0.17506663464009758,0.11316672161251103,False
1981-04-29 16:00:00,0.14552899,0.076856144,0.056028128,0.11535566147416829,0.11153737475535319,False
1981-04-29 17:00:00,0.08181647,0.06470918,0.047226686,0.07363603254407644,0.11065741061309149,False
1981-04-29 18:00:00,0.031880137,0.06769125,0.049818162,0.046063091401010746,0.11078096167586542,False
1981-04-29 19:00:00,0.0025443255,0.081739575,0.06693908,0.035244689118815585,0.11180486583863493,False
1981-04-29 20:00:00,0.0,0.09419666,0.08327491,0.039255413442850114,0.11329590598478789,False
1981-04-29 21:00:00,0.0,0.10996074,0.09542885,0.04572867163270712,0.11481475359433253,False
1981-04-29 22:00:00,0.0,0.11775704,0.10114029,0.048913922443985944,0.11636832032025714,False
1981-04-29 23:00:00,0.0,0.143477,0.121161126,0.05948571114242077,0.11785249285125328,False
1981-04-30 00:00:00,0.0,0.16752174,0.14119855,0.06944024536013603,0.11937231350747324,False
1981-04-30 01:00:00,0.0,0.1925721,0.16312267,0.07986772973835468,0.12088270604298022,False
1981-04-30 02:00:00,0.0,0.20924003,0.17839529,0.08684291808307171,0.12232822835645212,False
1981-04-30 03:00:00,0.0,0.22433846,0.18998119,0.0930398750156164,0.12373009316840479,False
1981-04-30 04:00:00,8.033135e-05,0.23436102,0.1960781,0.09711378633569256,0.12506641868660964,False
1981-04-30 05:00:00,0.0065922714,0.24166113,0.19916022,0.10373134985333309,0.126385281073396,False
1981-04-30 06:00:00,0.025694506,0.25136864,0.20410746,0.11860256196744738,0.12776618279190818,False
1981-04-30 07:00:00,0.057405394,0.2786887,0.2225788,0.14797829688712955,0.1292337805220555,False
1981-04-30 08:00:00,0.08791613,0.2915168,0.22998762,0.17071664073318243,0.13100007165153593,False
1981-04-30 09:00:00,0.13196124,0.2982481,0.23452368,0.19885946859419343,0.13298303123524804,False
1981-04-30 10:00:00,0.17892548,0.29885206,0.23276679,0.22608582004904745,0.13500305045442737,False
1981-04-30 11:00:00,0.21642241,0.34055474,0.265485,0.2648766198158264,0.1368010257800739,False
1981-04-30 12:00:00,0.21966597,0.32481876,0.2536334,0.2603015938401222,0.13891551960446022,False
1981-04-30 13:00:00,0.21414675,0.30189487,0.23691703,0.2477554018050432,0.14162914600269952,False
1981-04-30 14:00:00,0.19018441,0.29316056,0.23203748,0.23044267708063124,0.14487657839587662,False
1981-04-30 15:00:00,0.15922847,0.258606,0.20698261,0.1984774996638298,0.1486378339744802,False
1981-04-30 16:00:00,0.116445385,0.23593011,0.19178987,0.16460385226458307,0.15245498981590774,False
1981-04-30 17:00:00,0.06667197,0.21288617,0.17536633,0.12649450348317623,0.1561430535617603,False
1981-04-30 18:00:00,0.029542029,0.19974309,0.16656806,0.09974562665820122,0.15902215948002493,False
1981-04-30 19:00:00,0.003932375,0.19265057,0.162271,0.08211967486469075,0.1609311406512287,False
1981-04-30 20:00:00,2.8813256e-08,0.18779369,0.159999,0.0779358330175511,0.1620004851285929,False
1981-04-30 21:00:00,0.0,0.19018334,0.16398208,0.07903268525004387,0.16275288944576471,False
1981-04-30 22:00:00,0.0,0.1777227,0.15440129,0.07391734854876995,0.16336544933846756,False
1981-04-30 23:00:00,0.0,0.18129984,0.1585846,0.07546320739388465,0.1638725123501064,False
1981-05-01 00:00:00,0.0,0.1809289,0.15900739,0.07534916321933269,0.16412241210161313,False
1981-05-01 01:00:00,0.0,0.1737632,0.15471691,0.07247333411872386,0.16415972694872483,False
1981-05-01 02:00:00,0.0,0.16950566,0.15253451,0.07078445076942444,0.16396458991176052,False
1981-05-01 03:00:00,0.0,0.16269645,0.14794053,0.06802377909421921,0.16365485630767956,False
1981-05-01 04:00:00,0.0006252764,0.1602529,0.14625223,0.06739172460645204,0.16320417477960303,False
1981-05-01 05:00:00,0.023424167,0.16730231,0.15210827,0.08346414344385265,0.16265652161442506,False
1981-05-01 06:00:00,0.0809181,0.1819511,0.16343111,0.12265498349070549,0.1623635134319653,False
1981-05-01 07:00:00,0.13906631,0.23568402,0.2055467,0.17830818654596803,0.1632845259328484,False
1981-05-01 08:00:00,0.22734475,0.2442471,0.2133634,0.23282672242820263,0.1649895571850817,False
1981-05-01 09:00:00,0.2977679,0.2525821,0.22064617,0.276929771900177,0.16746681978835595,False
1981-05-01 10:00:00,0.37679207,0.24615422,0.21629049,0.3199196194410324,0.1706660825691142,False
1981-05-01 11:00:00,0.43625888,0.27425995,0.23829357,0.3657911513149738,0.17407274394298775,False
1981-05-01 12:00:00,0.4700058,0.3034225,0.2615078,0.39727768063545227,0.17710580994874417,False
1981-05-01 13:00:00,0.4559614,0.33260328,0.28496948,0.4012086920142173,0.18046533465450187,False
1981-05-01 14:00:00,0.42141852,0.35372248,0.3025093,0.3900175836086273,0.18372520472701817,False
1981-05-01 15:00:00,0.36576018,0.354621,0.30354345,0.3582901150286198,0.18655352943796844,False
1981-05-01 16:00:00,0.26714486,0.33273062,0.2863433,0.2923827212750912,0.18876931252022763,False
1981-05-01 17:00:00,0.16470313,0.28106302,0.24235474,0.21183311662077903,0.19033465946452868,False
1981-05-01 18:00:00,0.07276108,0.23002018,0.20062217,0.13769418761879204,0.19110158808050856,False
1981-05-01 19:00:00,0.009503389,0.19445008,0.17292017,0.08657322403229772,0.19096377449671606,False
1981-05-01 20:00:00,3.169458e-07,0.18050031,0.16233374,0.0753708206670959,0.19016718126726476,False
1981-05-01 21:00:00,0.0,0.17997847,0.16147202,0.0751315464824438,0.18927016173729025,False
1981-05-01 22:00:00,0.0,0.17536518,0.15820733,0.07325294700264931,0.18832924724190778,False
1981-05-01 23:00:00,0.0,0.17108753,0.15462221,0.07148089921474456,0.18755274625408744,False
1981-05-02 00:00:00,0.0,0.17062655,0.15315112,0.07123135802149773,0.18672197670542914,False
1981-05-02 01:00:00,0.0,0.16904454,0.1504392,0.0705011519640684,0.18587789192662854,False
1981-05-02 02:00:00,0.0,0.17273483,0.15252878,0.0719757050871849,0.18507853128022797,False
1981-05-02 03:00:00,0.0,0.1714532,0.15075803,0.071407161667943,0.18429574158934225,False
1981-05-02 04:00:00,0.00086027733,0.16890557,0.14822035,0.07082643440715038,0.18351646992850398,False
1981-05-02 05:00:00,0.035685733,0.16580486,0.14619064,0.08966695709526538,0.18270240133770502,False
1981-05-02 06:00:00,0.13018897,0.21130176,0.1800329,0.16281116200983523,0.1820671216588878,False
1981-05-02 07:00:00,0.23273826,0.23046608,0.19421923,0.22981979699432847,0.181911375456748,False
1981-05-02 08:00:00,0.34801692,0.21406847,0.18200403,0.28962524569034576,0.18197757918817062,False
1981-05-02 09:00:00,0.46641463,0.20059264,0.17192884,0.35242408207058906,0.18229550215464776,False
1981-05-02 10:00:00,0.5526716,0.16992012,0.14839858,0.3896055659949779,0.18300222984269332,False
1981-05-02 11:00:00,0.58856905,0.17032269,0.14834033,0.41046378809213635,0.18347270065502022,False
1981-05-02 12:00:00,0.6037672,0.17612454,0.15176184,0.4215587797164917,0.18310255859003163,False
1981-05-02 13:00:00,0.5679435,0.184326,0.15758272,0.4042291652858257,0.18214302523017623,False
1981-05-02 14:00:00,0.5031551,0.18280765,0.1560322,0.3662022632062435,0.18065256363652718,False
1981-05-02 15:00:00,0.39986676,0.17861788,0.15188833,0.3048350876122713,0.1787577402439845,False
1981-05-02 16:00:00,0.29594356,0.16617243,0.14191566,0.23974050559103485,0.17640542894402592,False
1981-05-02 17:00:00,0.18690409,0.13338937,0.11560632,0.16330707705020905,0.17424484572888113,False
1981-05-02 18:00:00,0.08555796,0.10492794,0.09343002,0.09313057463616131,0.17246283867942244,False
1981-05-02 19:00:00,0.011704895,0.08887834,0.08024755,0.04388319985102862,0.17103428927873646,False
1981-05-02 20:00:00,1.2677832e-06,0.08342636,0.075811826,0.034878895578773494,0.16991052253954342,False
1981-05-02 21:00:00,0.0,0.081007145,0.07365098,0.03386878947168589,0.1689045430307696,False
1981-05-02 22:00:00,0.0,0.08770506,0.07929877,0.03664530113339424,0.1679777603850188,False
1981-05-02 23:00:00,0.0,0.08517317,0.07698834,0.03558626905828714,0.16716187689802145,False
1981-05-03 00:00:00,0.0,0.083468586,0.07468862,0.03483309383690357,0.16642950593609832,False
1981-05-03 01:00:00,0.0,0.08197903,0.07136595,0.03410402309149504,0.16574582512978933,False
1981-05-03 02:00:00,0.0,0.08024325,0.06668121,0.03321054560691118,0.165115965458327,False
1981-05-03 03:00:00,0.0,0.07424835,0.05964996,0.030618739373981952,0.16451720358919822,False
1981-05-03 04:00:00,0.001203011,0.06713009,0.052801706,0.0283164322481025,0.16400102582084483,False
1981-05-03 05:00:00,0.041926824,0.07029493,0.052594665,0.052970718860626216,0.16356534120940122,False
1981-05-03 06:00:00,0.14487141,0.07718077,0.057567682,0.11517916578799485,0.16320187335371178,False
1981-05-03 07:00:00,0.26237154,0.073626,0.054251745,0.18148596565425396,0.1622293411383388,False
1981-05-03 08:00:00,0.3866806,0.061147984,0.044605754,0.24808702481910583,0.16112857916845458,False
1981-05-03 09:00:00,0.49664134,0.059482545,0.043362778,0.31085270092636347,0.1599771030857521,False
1981-05-03 10:00:00,0.54116136,0.07397989,0.054695085,0.3425022184327245,0.1584296728265765,False
1981-05-03 11:00:00,0.54559386,0.080875814,0.06247224,0.34802433219552037,0.15671569146234368,False
1981-05-03 12:00:00,0.54447,0.08991723,0.07187825,0.3512200793623924,0.1545907189885137,False
1981-05-03 13:00:00,0.5013378,0.09777532,0.07991699,0.3296665355190634,0.15197293060415562,False
1981-05-03 14:00:00,0.44733542,0.09876181,0.08352618,0.2990660607665777,0.14931575475651598,False
1981-05-03 15:00:00,0.35598552,0.09617568,0.08308706,0.24537917263060807,0.14701520042760746,False
1981-05-03 16:00:00,0.26170734,0.09055306,0.078805834,0.18867472694814202,0.1450646559156305,False
1981-05-03 17:00:00,0.15937538,0.082610235,0.07137046,0.12629677824676036,0.14328218984265328,False
1981-05-03 18:00:00,0.07029353,0.06877301,0.059022386,0.06912381638586519,0.1419111188115302,False
1981-05-03 19:00:00,0.010999892,0.06322686,0.054718018,0.03263242055103183,0.14097767247829104,False
1981-05-03 20:00:00,2.8236989e-06,0.06482392,0.05855832,0.027083804245952477,0.14037058010005685,False
1981-05-03 21:00:00,0.0,0.07336954,0.06615961,0.03064597948640585,0.1398076318278181,False
1981-05-03 22:00:00,0.0,0.08175946,0.072616644,0.034090539626777175,0.1392566137167596,False
1981-05-03 23:00:00,0.0,0.08718907,0.07693196,0.03632709304243326,0.13862675985430542,False
1981-05-04 00:00:00,0.0,0.09224187,0.08106352,0.03841467931866646,0.13799601193178387,False
1981-05-04 01:00:00,0.0,0.09676879,0.08444823,0.040267887733876705,0.13736886961325948,False
1981-05-04 02:00:00,0.0,0.10396927,0.09019399,0.04323513536900282,0.1367474454643525,False
1981-05-04 03:00:00,0.0,0.11225293,0.096468486,0.046630628786981106,0.13615099493523306,False
1981-05-04 04:00:00,0.001386465,0.11831541,0.10102213,0.04991357305785641,0.1356147362637421,False
1981-05-04 05:00:00,0.034494996,0.12616388,0.106711365,0.07222050002217292,0.13513984672319931,False
1981-05-04 06:00:00,0.10882621,0.12870519,0.10823475,0.11612961567193268,0.13452937671978968,False
1981-05-04 07:00:00,0.19861974,0.15079777,0.12472697,0.17698322243988512,0.13353414873777122,False
1981-05-04 08:00:00,0.2889996,0.16366655,0.133494,0.23435439372062683,0.13240498665470177,False
1981-05-04 09:00:00,0.35710067,0.17481221,0.14064147,0.27814742963016026,0.1311127506870762,False
1981-05-04 10:00:00,0.41400993,0.16669463,0.1285262,0.3073344605118036,0.12989259970652106,False
1981-05-04 11:00:00,0.4469273,0.12379283,0.09089813,0.3084651093482971,0.12889518890539817,False
1981-05-04 12:00:00,0.44918612,0.089930475,0.06555931,0.29590493726730344,0.1288668402677698,False
1981-05-04 13:00:00,0.42854396,0.07202539,0.05254619,0.276684724599123,0.12891932009965967,False
1981-05-04 14:00:00,0.40367773,0.05594854,0.040899865,0.2557756554186344,0.12916964876813047,False
1981-05-04 15:00:00,0.33688048,0.041181058,0.030242713,0.2112089510373771,0.12932801372587224,False
1981-05-04 16:00:00,0.2450926,0.031238917,0.022898946,0.15418213408812878,0.12969051295703443,False
1981-05-04 17:00:00,0.1522404,0.023617877,0.017369682,0.09749566755630075,0.13008908366394706,False
1981-05-04 18:00:00,0.069789015,0.019729579,0.014382862,0.04832515064068138,0.13019173028054504,False
1981-05-04 19:00:00,0.011695846,0.01957622,0.014271064,0.014742765695787965,0.13005953419226232,False
1981-05-04 20:00:00,5.6185845e-06,0.019233081,0.014020917,0.007857378511313982,0.12966338396117258,False
1981-05-04 21:00:00,0.0,0.01816978,0.01324577,0.007419920140877365,0.12918156832680242,False
1981-05-04 22:00:00,0.0,0.015702374,0.01144703,0.006412315735593438,0.1286286565555739,False
1981-05-04 23:00:00,0.0,0.013003944,0.009479876,0.005310368777252734,0.12798432330323986,False
1981-05-05 00:00:00,0.0,0.01158339,0.008444292,0.0047302625477314,0.12730095274225015,False
1981-05-05 01:00:00,0.0,0.010470176,0.0076327585,0.004275663943961263,0.12658734908941105,False
1981-05-05 02:00:00,0.0,0.011217683,0.008177691,0.004580920209176839,0.12584463779194185,False
1981-05-05 03:00:00,0.0,0.011945958,0.008708603,0.004878323142416775,0.12505394577284015,False
1981-05-05 04:00:00,0.001201138,0.011824387,0.008619978,0.005521734302048571,0.12421282704188624,False
1981-05-05 05:00:00,0.030569883,0.01476454,0.010763351,0.02366815869696438,0.12332120495981304,False
1981-05-05 06:00:00,0.098737895,0.025556626,0.018630778,0.0674082226511091,0.12242389768099181,False
1981-05-05 07:00:00,0.1970051,0.033338346,0.024303656,0.12728618566691874,0.12173509775545527,False
1981-05-05 08:00:00,0.2983413,0.03407915,0.0248437,0.18605969837307929,0.120891325079458,False
1981-05-05 09:00:00,0.41415775,0.032609064,0.023772009,0.2522854538597166,0.11982518722537054,False
1981-05-05 10:00:00,0.49848348,0.017145239,0.012498879,0.29462649997882545,0.11874657503493209,False
1981-05-05 11:00:00,0.5847906,0.022625363,0.016493887,0.34666359758935866,0.11747847601927586,False
1981-05-05 12:00:00,0.5909841,0.031200644,0.02274527,0.35373911129310726,0.11639387722912013,False
1981-05-05 13:00:00,0.5625913,0.041793693,0.030467603,0.3416823116056621,0.1152276063133132,False
1981-05-05 14:00:00,0.49416283,0.052736092,0.038444612,0.30666757873818273,0.11412708280593546,False
1981-05-05 15:00:00,0.40873218,0.06597187,0.048093498,0.2627791357263923,0.1128213516624823,False
1981-05-05 16:00:00,0.31168106,0.06848305,0.049924143,0.20780612087994813,0.11159305889156572,False
1981-05-05 17:00:00,0.1936547,0.04771468,0.034784004,0.13122381584346293,0.11076183979117236,False
1981-05-05 18:00:00,0.091437705,0.024533993,0.01788528,0.06277840414829552,0.11026032468025652,False
1981-05-05 19:00:00,0.014552913,0.012783089,0.009318872,0.013617209458723665,0.11000844166697588,False
1981-05-05 20:00:00,1.0372771e-05,0.009674333,0.007052589,0.003956653796185492,0.10986544517451008,False
1981-05-05 21:00:00,0.0,0.010055231,0.007330264,0.0041062144674360755,0.10975066221146379,False
1981-05-05 22:00:00,0.0,0.007744385,0.005645657,0.0031625435147434474,0.10964310490982142,False
1981-05-05 23:00:00,0.0,0.008632712,0.0062932475,0.003525306114926934,0.10955446140324464,False
1981-05-06 00:00:00,0.0,0.010191113,0.0074293218,0.004161703982390463,0.10947977280903841,False
1981-05-06 01:00:00,0.0,0.01130786,0.0082434295,0.0046177454553544516,0.10940923691110627,False
1981-05-06 02:00:00,0.0,0.012934276,0.009429086,0.005281918452121317,0.10934021419618918,False
1981-05-06 03:00:00,0.0,0.015321868,0.01116964,0.0062569297011941674,0.10926222044389987,False
1981-05-06 04:00:00,0.0016790924,0.015052372,0.010973179,0.007115713118342682,0.10917741395671736,False
1981-05-06 05:00:00,0.03800621,0.01768063,0.0128891785,0.029149750638753174,0.10909911690307655,False
1981-05-06 06:00:00,0.120930836,0.032544646,0.023725048,0.08306721924617887,0.10902862486688703,False
1981-05-06 07:00:00,0.20962074,0.038031973,0.02772531,0.1364821339920163,0.10903327769239134,False
1981-05-06 08:00:00,0.29092446,0.03750646,0.02734221,0.1831797767244279,0.1091889288446805,False
1981-05-06 09:00:00,0.36180043,0.043135803,0.031445995,0.22637404448911547,0.10968298809092736,False
1981-05-06 10:00:00,0.39315328,0.04803599,0.035018235,0.2464657077603042,0.11029117628241435,False
1981-05-06 11:00:00,0.41200683,0.045734536,0.033340473,0.2564043674208224,0.111094871568534,False
1981-05-06 12:00:00,0.38485992,0.04373469,0.031882588,0.23992393330857156,0.11138957617210854,False
1981-05-06 13:00:00,0.36312467,0.035107385,0.025593283,0.2238595962449908,0.11142104130731284,False
1981-05-06 14:00:00,0.31326422,0.03023539,0.0220416,0.1931005605328828,0.11111210333334913,False
1981-05-06 15:00:00,0.24805684,0.022338048,0.016284436,0.15225089803338052,0.11107773122102342,False
1981-05-06 16:00:00,0.18492672,0.018563986,0.013533147,0.11428361726924777,0.11114197645852662,False
1981-05-06 17:00:00,0.11940994,0.011076843,0.008075018,0.07342294223234057,0.11133233762458906,False
1981-05-06 18:00:00,0.057334855,0.007719924,0.0056278245,0.036234766003210093,0.11177871883633556,False
1981-05-06 19:00:00,0.009399603,0.006012653,0.004383224,0.007878934057429432,0.11244180129142643,False
1981-05-06 20:00:00,1.6596434e-05,0.0057257954,0.0041741044,0.0023477962850920447,0.11330595843117693,False
1981-05-06 21:00:00,0.0,0.0055273203,0.004029416,0.002257169662043452,0.11425364051278535,False
1981-05-06 22:00:00,0.0,0.005283073,0.0038513604,0.0021574274199083446,0.11520443709808255,False
1981-05-06 23:00:00,0.0,0.0042249262,0.0030799718,0.001725316255353391,0.11606067479375137,False
1981-05-07 00:00:00,0.0,0.0032924863,0.0024002222,0.0013445394469890743,0.11697613284675257,False
1981-05-07 01:00:00,0.0,0.0023571346,0.0017183512,0.0009625736279413104,0.11791655253726142,False
1981-05-07 02:00:00,0.0,0.002050171,0.0014945747,0.0008372200992889702,0.1188880391646185,False
1981-05-07 03:00:00,0.0,0.0019776665,0.0014417188,0.0008076117576565593,0.1198478824698491,False
1981-05-07 04:00:00,0.0014444373,0.0022774555,0.001660265,0.0017634757272899152,0.12077006460641361,False
1981-05-07 05:00:00,0.032697685,0.0034723182,0.0025313199,0.020284540959866714,0.12172682017679702,False
1981-05-07 06:00:00,0.11353649,0.005193876,0.0037863355,0.0676315582753159,0.12288693431502894,False
1981-05-07 07:00:00,0.22917724,0.006176262,0.0045024953,0.1347574409767985,0.1240893957474617,False
1981-05-07 08:00:00,0.35770407,0.008275155,0.0060325884,0.2097745421929285,0.1256926219933083,False
1981-05-07 09:00:00,0.47760084,0.014454682,0.010537463,0.2814784870510921,0.12788228758628234,False
1981-05-07 10:00:00,0.56382465,0.019289188,0.014061818,0.33320387371256943,0.1304955607440981,False
1981-05-07 11:00:00,0.6053659,0.028193606,0.02055314,0.360809418560937,0.1336050599267278,False
1981-05-07 12:00:00,0.5880454,0.03905132,0.028468411,0.3552494377829134,0.13707402455894027,False
1981-05-07 13:00:00,0.52685183,0.05597866,0.040808443,0.32685328885540366,0.14092115780154305,False
1981-05-07 14:00:00,0.4734258,0.07799628,0.05685929,0.305017717346549,0.1445705787876503,False
1981-05-07 15:00:00,0.39895535,0.087331966,0.063706994,0.2658629071265459,0.14793930728871282,False
1981-05-07 16:00:00,0.31490698,0.08614365,0.0639837,0.21694345685094593,0.1508693583279963,False
1981-05-07 17:00:00,0.2052958,0.08339258,0.063380994,0.15265011400729417,0.15308132429737195,False
1981-05-07 18:00:00,0.096555434,0.094725505,0.072966024,0.09460636199265718,0.15457678841083528,False
1981-05-07 19:00:00,0.017005123,0.110202126,0.08555947,0.055096752166748045,0.15561980559479935,False
1981-05-07 20:00:00,3.0397985e-05,0.11971849,0.09725427,0.04944539371338942,0.15639960949007445,False
1981-05-07 21:00:00,0.0,0.120338045,0.098883554,0.04974445056170225,0.15705790607867529,False
1981-05-07 22:00:00,0.0,0.107202455,0.08711568,0.044261952906847,0.15764568260071102,False
1981-05-07 23:00:00,0.0,0.11487482,0.09404602,0.04746729265898466,0.15811262584987562,False
1981-05-08 00:00:00,0.0,0.11918424,0.09857156,0.049301849126815796,0.15854827655261614,False
1981-05-08 01:00:00,0.0,0.12378324,0.103205346,0.051249103568494325,0.15888640058470482,False
1981-05-08 02:00:00,0.0,0.12393123,0.104143955,0.051354397103190425,0.15916194392536126,False
1981-05-08 03:00:00,0.0,0.121807046,0.103238374,0.05052167225629091,0.1593776236804755,False
1981-05-08 04:00:00,0.0029780227,0.12367995,0.10525481,0.053039980496745555,0.15957131924143178,False
1981-05-08 05:00:00,0.05378757,0.12972486,0.1098394,0.08483522927388548,0.15979859621152573,False
1981-05-08 06:00:00,0.15504657,0.1235734,0.10601693,0.14078536800295113,0.16033564909883813,False
1981-05-08 07:00:00,0.27552718,0.13116953,0.11215288,0.21343699379265307,0.16134549786823335,False
1981-05-08 08:00:00,0.40032336,0.1382228,0.1165358,0.28828372518718237,0.16278321685282668,False
1981-05-08 09:00:00,0.50419307,0.14714904,0.122106664,0.3518111560642719,0.1644280713934723,False
1981-05-08 10:00:00,0.577281,0.1514761,0.12473799,0.3957216685265303,0.16622083001600887,False
1981-05-08 11:00:00,0.6187656,0.1594098,0.13082786,0.4229146697670221,0.16827302133068442,False
1981-05-08 12:00:00,0.62555337,0.15387174,0.12709928,0.42458632895350457,0.1703906375555244,False
1981-05-08 13:00:00,0.5853213,0.14790039,0.124558635,0.39903180357813833,0.17269112932524489,False
1981-05-08 14:00:00,0.5134032,0.14107282,0.12055598,0.3547995285838842,0.17491092737195238,False
1981-05-08 15:00:00,0.4144357,0.12951626,0.11060076,0.29289334791898725,0.1766924318809916,False
1981-05-08 16:00:00,0.30313173,0.109577455,0.09475732,0.22045798379927872,0.1779263354939331,False
1981-05-08 17:00:00,0.18265653,0.09568801,0.083398685,0.14520521967858074,0.17870396173300687,False
1981-05-08 18:00:00,0.084398374,0.090355285,0.07890054,0.08629959083348512,0.1791033101999744,False
1981-05-08 19:00:00,0.01665559,0.085876346,0.07427544,0.04530952103063464,0.17924923530428205,False
1981-05-08 20:00:00,3.817756e-05,0.08178715,0.06934346,0.033946032537933206,0.17921039044520973,False
1981-05-08 21:00:00,0.0,0.073747754,0.06032447,0.03047044271975756,0.1790502866221699,False
1981-05-08 22:00:00,0.0,0.059735835,0.046818156,0.024570703379809856,0.17878166635512516,False
1981-05-08 23:00:00,0.0,0.05521807,0.041871887,0.0226365499868989,0.17843756353660625,False
1981-05-09 00:00:00,0.0,0.042989094,0.031694766,0.017574492987245324,0.1779816540031801,False
1981-05-09 01:00:00,0.0,0.034744944,0.025329065,0.014188653979450464,0.17743991142805807,False
1981-05-09 02:00:00,0.0,0.027401518,0.019975707,0.011189848344773053,0.1768519870810318,False
1981-05-09 03:00:00,0.0,0.024744956,0.018039074,0.010104998683556913,0.17625065765684614,False
1981-05-09 04:00:00,0.0031766037,0.026544496,0.01935094,0.01267277029179968,0.17568543093014652,False
1981-05-09 05:00:00,0.057578534,0.031443033,0.022921966,0.04606307955086232,0.1751737482550574,False
1981-05-09 06:00:00,0.17505994,0.036963683,0.026946526,0.11610429920628666,0.17479976515709625,False
1981-05-09 07:00:00,0.32428804,0.04078144,0.02972967,0.2037679522372782,0.17482726707500607,False
1981-05-09 08:00:00,0.47115776,0.041309837,0.03011487,0.28872756014391776,0.17538428497210656,False
1981-05-09 09:00:00,0.6059503,0.043827303,0.0319501,0.3675309009328484,0.17638044203232864,False
1981-05-09 10:00:00,0.711028,0.0525164,0.038284454,0.4317090568169951,0.17795178789712382,False
1981-05-09 11:00:00,0.75677454,0.06316903,0.046050224,0.46245499735325574,0.18006377246421965,False
1981-05-09 12:00:00,0.75618446,0.07188309,0.052402776,0.465673042729497,0.18271769036667931,False
1981-05-09 13:00:00,0.69168365,0.08399341,0.061269626,0.433403595097363,0.18563072992990304,False
1981-05-09 14:00:00,0.6124159,0.09094247,0.06681818,0.3905299337804317,0.1887491223061322,False
1981-05-09 15:00:00,0.4960024,0.095033824,0.07091502,0.32509028054773803,0.19172502034131325,False
1981-05-09 16:00:00,0.378391,0.08766892,0.066445924,0.25426951632648703,0.19429332935225108,False
1981-05-09 17:00:00,0.23581555,0.08725973,0.06582267,0.17181884042173623,0.19635269515702392,False
1981-05-09 18:00:00,0.108738594,0.094849244,0.07165236,0.1016107669994235,0.19804615707545123,False
1981-05-09 19:00:00,0.021145903,0.10017222,0.075323395,0.0532321989312768,0.199211202986587,False
1981-05-09 20:00:00,7.4972086e-05,0.1020361,0.07529313,0.04176041020747653,0.20011242705980362,False
1981-05-09 21:00:00,0.0,0.09022699,0.06586884,0.03685067774355411,0.20100629702279207,False
1981-05-09 22:00:00,0.0,0.06794155,0.04952939,0.0277450176179409,0.2019232991638021,False
1981-05-09 23:00:00,0.0,0.06264879,0.045670968,0.025583635054528715,0.20286059844376383,False
1981-05-10 00:00:00,0.0,0.057052266,0.0415911,0.02329820552095771,0.20377764356717332,False
1981-05-10 01:00:00,0.0,0.05639239,0.041110054,0.023028734911233185,0.20477496747950888,False
1981-05-10 02:00:00,0.0,0.055074576,0.040149372,0.022490584742277858,0.20582636722758277,False
1981-05-10 03:00:00,0.0,0.057278983,0.04175638,0.02339078937470913,0.20696293979509597,False
1981-05-10 04:00:00,0.003808709,0.06435792,0.046916924,0.028479212092468512,0.2081639438773166,False
1981-05-10 05:00:00,0.06395984,0.07341261,0.053517792,0.06688404057174921,0.20943130754200587,False
1981-05-10 06:00:00,0.18992727,0.07962815,0.058048923,0.142105460062623,0.210905591720428,False
1981-05-10 07:00:00,0.34654918,0.09847777,0.07179029,0.24017385285347698,0.21214899243657323,False
1981-05-10 08:00:00,0.49838293,0.11884514,0.086638115,0.33609926407784224,0.2134719654236532,False
1981-05-10 09:00:00,0.6330312,0.15174282,0.11080856,0.42723575757443905,0.21498336097095938,False
1981-05-10 10:00:00,0.7297346,0.1859936,0.13719308,0.4970969277471303,0.21645217797325458,False
1981-05-10 11:00:00,0.79095006,0.22976027,0.16931488,0.5503027290850877,0.2179880667210324,False
1981-05-10 12:00:00,0.79934996,0.25225198,0.18715402,0.5644122279882431,0.2197149139494713,False
1981-05-10 13:00:00,0.76427186,0.2630101,0.19776009,0.5487146376371383,0.2216879399901023,False
1981-05-10 14:00:00,0.67907006,0.25782472,0.1978128,0.4976426342725753,0.2237975087497461,False
1981-05-10 15:00:00,0.55043614,0.23982236,0.18659404,0.4161721804440021,0.22546721110146029,False
1981-05-10 16:00:00,0.41211945,0.19765578,0.15888217,0.3193075424283743,0.2267620783391797,False
1981-05-10 17:00:00,0.26093146,0.1835403,0.151992,0.22649139176309108,0.22747704437664554,False
1981-05-10 18:00:00,0.1190244,0.17755161,0.1486698,0.1422217945680022,0.2281223483662509,False
1981-05-10 19:00:00,0.023235729,0.18158165,0.15106729,0.08856827654503285,0.228785608355212,False
1981-05-10 20:00:00,0.00010767513,0.18570575,0.15304148,0.07685179076137864,0.2294249752043824,False
1981-05-10 21:00:00,0.0,0.18025593,0.14763159,0.07448654548823833,0.22997234326639962,False
1981-05-10 22:00:00,0.0,0.16837673,0.13759363,0.06956106881797314,0.23053430593332094,False
1981-05-10 23:00:00,0.0,0.16135047,0.13178502,0.06665471591055393,0.2311633775731717,False
1981-05-11 00:00:00,0.0,0.15833086,0.13003619,0.06544604077935219,0.23182169224127946,False
1981-05-11 01:00:00,0.0,0.15631616,0.12916997,0.06465584188699722,0.2324962379556783,False
1981-05-11 02:00:00,0.0,0.15890926,0.13162619,0.06574533158540725,0.2331187038057652,False
1981-05-11 03:00:00,0.0,0.1638318,0.13517149,0.06775319463014602,0.2336904352378734,False
1981-05-11 04:00:00,0.0042437315,0.1719069,0.14118418,0.07350622619688511,0.23417673495101562,False
1981-05-11 05:00:00,0.06347992,0.19391382,0.16012233,0.11682872011512518,0.23455636439214997,False
1981-05-11 06:00:00,0.17637037,0.17846219,0.15128301,0.17578753358125687,0.23472934397557044,False
1981-05-11 07:00:00,0.29814044,0.23017497,0.19090849,0.2672706556171179,0.23449171501645114,False
1981-05-11 08:00:00,0.4303029,0.27358213,0.22292544,0.36127454641461365,0.23373583530710926,False
1981-05-11 09:00:00,0.5414776,0.30440113,0.24587987,0.43803411704301837,0.23248177287524482,False
1981-05-11 10:00:00,0.63061196,0.34322903,0.27624273,0.505431716710329,0.23056575984661695,False
1981-05-11 11:00:00,0.68250084,0.3674437,0.29544353,0.5453436643183232,0.22806463816271702,False
1981-05-11 12:00:00,0.68013465,0.40696466,0.3290859,0.5603782926797867,0.2249542358234237,False
1981-05-11 13:00:00,0.62842935,0.41711807,0.3359739,0.5346628955602646,0.22144456076628447,False
1981-05-11 14:00:00,0.54403883,0.3799162,0.30696604,0.47067564666271205,0.21756655192831756,False
1981-05-11 15:00:00,0.43204185,0.33400756,0.27235126,0.3872439079582691,0.21386489540469125,False
1981-05-11 16:00:00,0.3149424,0.25791907,0.21655536,0.2885878861248493,0.21078616161744024,False
1981-05-11 17:00:00,0.19508591,0.2172168,0.18658999,0.2027934319227934,0.20843350649305534,False
1981-05-11 18:00:00,0.09307433,0.1915999,0.16746284,0.13344724646955727,0.20672223478655247,False
1981-05-11 19:00:00,0.019562185,0.17435773,0.15363751,0.08392180769145488,0.20556785137383493,False
1981-05-11 20:00:00,0.00013196471,0.16306329,0.14421445,0.06803407718430389,0.20472799446118137,False
1981-05-11 21:00:00,0.0,0.15304345,0.13614543,0.06382488575577736,0.20395426273673087,False
1981-05-11 22:00:00,0.0,0.13891168,0.123741604,0.05794045633077621,0.20323946497543957,False
1981-05-11 23:00:00,0.0,0.13699973,0.12277482,0.057182739123702045,0.2025334994741833,False
1981-05-12 00:00:00,0.0,0.13335119,0.1198113,0.05567639981210232,0.20185703124805598,False
1981-05-12 01:00:00,0.0,0.12681092,0.11321972,0.05290709571540356,0.2012048924262753,False
1981-05-12 02:00:00,0.0,0.11988516,0.10548276,0.04993369348347187,0.20052617727034971,False
1981-05-12 03:00:00,0.0,0.11244245,0.097072445,0.046733175605535505,0.19979052773677988,False
1981-05-12 04:00:00,0.0043267137,0.106716186,0.0893822,0.04670142526691779,0.19902407829231827,False
1981-05-12 05:00:00,0.05764437,0.101657026,0.081755854,0.07518706057593226,0.19822580962576916,False
1981-05-12 06:00:00,0.16252162,0.08974542,0.07052294,0.13069927002489568,0.19719160739040634,False
1981-05-12 07:00:00,0.2963336,0.08013793,0.061782163,0.20389162680506706,0.1961405307685026,False
1981-05-12 08:00:00,0.43089792,0.06664558,0.049702752,0.2759042673483491,0.19466856138457866,False
1981-05-12 09:00:00,0.53801954,0.060699895,0.045029584,0.33526713220030063,0.1926509299135768,False
1981-05-12 10:00:00,0.6110671,0.059757423,0.0445717,0.37704308691993355,0.19027963577400284,False
1981-05-12 11:00:00,0.64796996,0.066046655,0.05099136,0.4010034167990088,0.1874438914812171,False
1981-05-12 12:00:00,0.63349074,0.07397797,0.057885125,0.3959478252455592,0.18444020974934108,False
1981-05-12 13:00:00,0.5726009,0.077920504,0.06345977,0.3625702134147286,0.1809134572359734,False
1981-05-12 14:00:00,0.49929294,0.076937206,0.064467885,0.3199631211385131,0.17744536928090585,False
1981-05-12 15:00:00,0.40943334,0.07753143,0.06557088,0.2683929586559534,0.17440022180279105,False
1981-05-12 16:00:00,0.3048648,0.0733693,0.06295996,0.20638009645789862,0.17197225157516086,False
1981-05-12 17:00:00,0.19586433,0.07540234,0.065058604,0.1443503498509526,0.17024217834776897,False
1981-05-12 18:00:00,0.09262663,0.08031711,0.069052055,0.08681139075756072,0.16897560770378148,False
1981-05-12 19:00:00,0.019611828,0.088895395,0.07660591,0.048255144737660884,0.16802652737175436,False
1981-05-12 20:00:00,0.00016028814,0.09527256,0.082677886,0.03971266798775469,0.1673542650351224,False
1981-05-12 21:00:00,0.0,0.096770644,0.082738616,0.040176252946257596,0.16676598855416058,False
1981-05-12 22:00:00,0.0,0.086694345,0.068231694,0.035674724757671354,0.16619302150030388,False
1981-05-12 23:00:00,0.0,0.083177984,0.06465861,0.03418424105644226,0.16552754903892755,False
1981-05-13 00:00:00,0.0,0.08304496,0.064810865,0.03414337733387947,0.1648358777915663,False
1981-05-13 01:00:00,0.0,0.07784229,0.062105745,0.03207751440256834,0.1641145308784279,False
1981-05-13 02:00:00,0.0,0.0737875,0.05938084,0.030434153974056244,0.16337619383987736,False
1981-05-13 03:00:00,0.0,0.07505428,0.060529478,0.03096362129598856,0.16261694551893277,False
1981-05-13 04:00:00,0.004780148,0.07854939,0.06382331,0.03518933020252735,0.16189356846065026,False
1981-05-13 05:00:00,0.056601707,0.08344836,0.069173776,0.06718701281771063,0.16122348121030294,False
1981-05-13 06:00:00,0.15578215,0.085603155,0.07151837,0.12533585572987796,0.16053669392329678,False
1981-05-13 07:00:00,0.2789814,0.08621783,0.07091641,0.1966161251887679,0.15975890156320643,False
1981-05-13 08:00:00,0.39805785,0.08424481,0.06782449,0.26442823580652475,0.1586122975695618,False
1981-05-13 09:00:00,0.5018545,0.08416057,0.066420645,0.3242119983434677,0.15712181713211384,False
1981-05-13 10:00:00,0.5788855,0.0858915,0.06676104,0.3693159906566143,0.15551367247861844,False
1981-05-13 11:00:00,0.62423486,0.09943467,0.07948218,0.4011669411882758,0.15374935281766147,False
1981-05-13 12:00:00,0.5989739,0.110037185,0.09041718,0.3910941720381379,0.15214079132032463,False
1981-05-13 13:00:00,0.56024,0.10850875,0.090675585,0.3681946737170219,0.1505437406199879,False
1981-05-13 14:00:00,0.48344943,0.10992742,0.092500515,0.324508567713201,0.14916426850716152,False
1981-05-13 15:00:00,0.3916782,0.10776929,0.09141,0.27070133703202004,0.14813256811444217,False
1981-05-13 16:00:00,0.27920878,0.10691344,0.09240456,0.20554437121003866,0.14706873565974835,False
1981-05-13 17:00:00,0.17144832,0.10353317,0.09015963,0.14199804101139304,0.14613646579534315,False
1981-05-13 18:00:00,0.079952255,0.10012624,0.08911774,0.08789139053225517,0.1455088106583233,False
1981-05-13 19:00:00,0.018169781,0.09854908,0.08897482,0.05165321553312242,0.14508355042866622,False
1981-05-13 20:00:00,0.00019693858,0.095228955,0.08414237,0.03979680609813658,0.14468310481419047,False
1981-05-13 21:00:00,0.0,0.0875014,0.07471205,0.03632246717065572,0.1442314815247384,False
1981-05-13 22:00:00,0.0,0.0630372,0.050686125,0.025997778184711932,0.14372278123334506,False
1981-05-13 23:00:00,0.0,0.058158163,0.046706613,0.023982519250363113,0.143258172179195,False
1981-05-14 00:00:00,0.0,0.051095102,0.04069732,0.021051747981458903,0.1427964218157296,False
1981-05-14 01:00:00,0.0,0.042503454,0.033021174,0.017466917864978313,0.14231169271547803,False
1981-05-14 02:00:00,0.0,0.03298028,0.024445372,0.013489774078130724,0.1418354493261733,False
1981-05-14 03:00:00,0.0,0.029404037,0.021499764,0.01201107680797577,0.14135896612363394,False
1981-05-14 04:00:00,0.005019269,0.028449873,0.021168817,0.014537237250246107,0.14085406577817156,False
1981-05-14 05:00:00,0.050961513,0.031353816,0.023091102,0.042221270799636834,0.14032340991696024,False
1981-05-14 06:00:00,0.1387134,0.032636415,0.023791946,0.09336523674055933,0.13964987509244733,False
1981-05-14 07:00:00,0.23697245,0.029683007,0.021638911,0.14885463511012492,0.1387786597117191,False
1981-05-14 08:00:00,0.33634466,0.025198812,0.018369934,0.20436120635084806,0.1375639138749598,False
1981-05-14 09:00:00,0.42986527,0.024595406,0.017930051,0.2580761888325214,0.13618072829183184,False
1981-05-14 10:00:00,0.4886959,0.025414003,0.01852681,0.29235574319399893,0.13451240962096792,False
1981-05-14 11:00:00,0.5404889,0.029214896,0.02129766,0.32379246492683883,0.13276701878701094,False
1981-05-14 12:00:00,0.52869326,0.034845654,0.025469167,0.31928939162939785,0.13094238856476645,False
1981-05-14 13:00:00,0.48446926,0.0411356,0.03032869,0.29635555199906227,0.12931239001428776,False
1981-05-14 14:00:00,0.4346314,0.048087083,0.03546383,0.27044150228798386,0.12824921842578246,False
1981-05-14 15:00:00,0.3360071,0.0572815,0.04288957,0.21732900083065032,0.12739401724227462,False
1981-05-14 16:00:00,0.23531048,0.06303208,0.048114024,0.16163114296644923,0.12687563972135454,False
1981-05-14 17:00:00,0.15362412,0.062249653,0.048364177,0.11422290327399968,0.12639678072299879,False
1981-05-14 18:00:00,0.07512007,0.056132756,0.04336357,0.06639889973402023,0.1260057437228108,False
1981-05-14 19:00:00,0.015861206,0.048491225,0.03682551,0.029033755242824553,0.12556561114498485,False
1981-05-14 20:00:00,0.00014202052,0.043874837,0.03264795,0.018034750094055196,0.1250949096882164,False
1981-05-14 21:00:00,0.0,0.03858897,0.028135346,0.015758638959378003,0.12459991165101734,False
1981-05-14 22:00:00,0.0,0.032748785,0.023873862,0.013373490158468485,0.1241359828183448,False
1981-05-14 23:00:00,0.0,0.029434927,0.021458067,0.01202022361010313,0.12376776001837775,False
1981-05-15 00:00:00,0.0,0.026633903,0.019416114,0.010876380521804094,0.12341182973308228,False
1981-05-15 01:00:00,0.0,0.022572476,0.016455332,0.009217831715941429,0.12309572327477131,False
1981-05-15 02:00:00,0.0,0.018520053,0.013501121,0.007562960252165794,0.12283752878594882,False
1981-05-15 03:00:00,0.0,0.016476408,0.012011302,0.006728404713794589,0.12265483754910733,False
1981-05-15 04:00:00,0.0053589484,0.016224993,0.01182802,0.009717848864383996,0.12250380125332411,False
1981-05-15 05:00:00,0.048608936,0.01667618,0.012156935,0.03485734124109149,0.12239423855606642,False
1981-05-15 06:00:00,0.13228671,0.017602064,0.012831904,0.0835175174549222,0.12240787286741213,False
1981-05-15 07:00:00,0.22781493,0.01679648,0.012244635,0.13830832502432164,0.12263304647670459,False
1981-05-15 08:00:00,0.3325157,0.015118243,0.011021201,0.19803532781638203,0.12326853446153169,False
1981-05-15 09:00:00,0.4124735,0.015024494,0.010952858,0.2441327021420002,0.12442160460767203,False
1981-05-15 10:00:00,0.48412532,0.015174924,0.011062521,0.2855372306266799,0.12603029982445937,False
1981-05-15 11:00:00,0.5291328,0.020263867,0.014772359,0.3135846905205399,0.12794751751612118,False
1981-05-15 12:00:00,0.5234616,0.026488272,0.01930995,0.3128542416151613,0.12980861137530944,False
1981-05-15 13:00:00,0.527273,0.031652775,0.02307487,0.3171624374687671,0.1318737142839145,False
1981-05-15 14:00:00,0.46677572,0.03459802,0.025234336,0.2834589109048247,0.1335155011222529,False
1981-05-15 15:00:00,0.39824197,0.039239,0.028785368,0.24581921602785586,0.1349912701420938,False
1981-05-15 16:00:00,0.28660142,0.04192555,0.031844255,0.1825591392889619,0.13598264818106023,False
1981-05-15 17:00:00,0.18369617,0.042016,0.03206803,0.12322826500236987,0.13665995134346362,False
1981-05-15 18:00:00,0.08758074,0.03960631,0.029929833,0.06676502679660916,0.13679227201558206,False
1981-05-15 19:00:00,0.022908295,0.03859778,0.029608859,0.029059545608237383,0.1367433171355618,False
1981-05-15 20:00:00,0.00028767152,0.038628355,0.029945388,0.016036900312581565,0.1366929223749618,False
1981-05-15 21:00:00,0.0,0.034304384,0.025843805,0.01405388320237398,0.13657173808292797,False
1981-05-15 22:00:00,0.0,0.020381432,0.014858062,0.008323083786293864,0.13640731715842927,False
1981-05-15 23:00:00,0.0,0.01689138,0.012313816,0.006897865556180477,0.1362440769969959,False
1981-05-16 00:00:00,0.0,0.014395513,0.01049433,0.005878637982532382,0.13613069589908777,False
1981-05-16 01:00:00,0.0,0.012424106,0.0090571735,0.005073582401499153,0.13600884465926869,False
1981-05-16 02:00:00,0.0,0.0115597155,0.008427031,0.0047205947097390885,0.13591229155544501,False
1981-05-16 03:00:00,2.8813256e-08,0.011659438,0.00849973,0.004761334610380923,0.1358200821612096,False
1981-05-16 04:00:00,0.0061925445,0.013970628,0.010184588,0.00927822778187692,0.13572383212934097,False
1981-05-16 05:00:00,0.06217202,0.017147513,0.012500535,0.04287571774423122,0.13563442753228713,False
1981-05-16 06:00:00,0.16658881,0.019717177,0.014373822,0.1041735699865967,0.13554133853241146,False
1981-05-16 07:00:00,0.29564852,0.021473054,0.015653856,0.17935805838182567,0.13528135857430873,False
1981-05-16 08:00:00,0.43284395,0.024384039,0.017775964,0.25970857336558406,0.13479546521431887,False
1981-05-16 09:00:00,0.56341064,0.024991356,0.0182187,0.33529355923831466,0.13388546611662144,False
1981-05-16 10:00:00,0.6472129,0.026790516,0.019530287,0.38438219239376487,0.13303133943791934,False
1981-05-16 11:00:00,0.69023895,0.03638181,0.026522338,0.41312497016787525,0.1319317268844512,False
1981-05-16 12:00:00,0.69129705,0.04783927,0.034874827,0.4184143312424421,0.1306767582158648,False
1981-05-16 13:00:00,0.6102116,0.05649153,0.041182328,0.3751613202393055,0.12957345465623585,False
1981-05-16 14:00:00,0.5469351,0.062926084,0.045873117,0.34127841524034735,0.1280783809174563,False
1981-05-16 15:00:00,0.4179362,0.058189057,0.042485073,0.2649151467010379,0.12694272992250166,False
1981-05-16 16:00:00,0.29857364,0.05351769,0.039197676,0.19414169476181267,0.12580671322130876,False
1981-05-16 17:00:00,0.17285164,0.050924227,0.03792336,0.12057429553568362,0.1252340990632707,False
1981-05-16 18:00:00,0.078116626,0.046316743,0.034905452,0.06404906549304723,0.1248098409944071,False
1981-05-16 19:00:00,0.018827878,0.03844694,0.028966669,0.026614806734025477,0.12464855775932206,False
1981-05-16 20:00:00,0.00024234828,0.029484512,0.022190446,0.012217904076431295,0.12440972458364098,False
1981-05-16 21:00:00,0.0,0.019263197,0.01404287,0.007866434583440423,0.1241645660923098,False
1981-05-16 22:00:00,0.0,0.013561272,0.009886167,0.005537962409667671,0.12396120965387698,False
1981-05-16 23:00:00,0.0,0.01610793,0.011742681,0.006577930910512805,0.12393168508831903,False
1981-05-17 00:00:00,0.0,0.012311311,0.008974946,0.005027521010488271,0.12392737285827778,False
1981-05-17 01:00:00,0.0,0.011223468,0.008181908,0.004583282732404768,0.12397067289764553,False
1981-05-17 02:00:00,0.0,0.0076816124,0.0055998955,0.00313690932886675,0.12406458696012877,False
1981-05-17 03:00:00,1.4406628e-07,0.0051628198,0.0037636957,0.002108403184099686,0.12418652771343502,False
1981-05-17 04:00:00,0.005769739,0.0051358067,0.003744003,0.005426428205799311,0.12427402906944497,False
1981-05-17 05:00:00,0.047114573,0.007845806,0.0057195923,0.030389069247059523,0.12432531912963475,False
1981-05-17 06:00:00,0.11628127,0.009658459,0.007041016,0.07103847946599125,0.12445010004927043,False
1981-05-17 07:00:00,0.19264115,0.00938251,0.0068398495,0.11498544374480844,0.12476844421228032,False
1981-05-17 08:00:00,0.26133218,0.008734079,0.0063671432,0.1543553711269051,0.12508954740122685,False
1981-05-17 09:00:00,0.34461358,0.010511612,0.0076629655,0.20313462156429887,0.12536395542398354,False
1981-05-17 10:00:00,0.3958738,0.010619486,0.007741605,0.23275582806020972,0.12540920998374414,False
1981-05-17 11:00:00,0.42978227,0.013129947,0.009571731,0.25334619442839174,0.12525809963766435,False
1981-05-17 12:00:00,0.4374178,0.018379584,0.013398716,0.2598956707529723,0.125114735753344,False
1981-05-17 13:00:00,0.40883797,0.023261944,0.016957957,0.24539889800734815,0.12486503233474472,False
1981-05-17 14:00:00,0.37728015,0.027566005,0.020095617,0.22894766314700243,0.12462681780451934,False
1981-05-17 15:00:00,0.31012142,0.030243352,0.022047404,0.19129041437059638,0.1241809150441265,False
1981-05-17 16:00:00,0.24806201,0.029243074,0.021318201,0.15507365970313547,0.12401711753040402,False
1981-05-17 17:00:00,0.16396001,0.020224387,0.01474358,0.10286387769691645,0.12426496396361536,False
1981-05-17 18:00:00,0.092393994,0.013987689,0.010197027,0.05902343151252716,0.1245785552379997,False
1981-05-17 19:00:00,0.02297739,0.010621843,0.007743323,0.017595553175546227,0.124715182667218,False
1981-05-17 20:00:00,0.00037794345,0.00992056,0.0072320886,0.004269292728684377,0.12458729250159441,False
1981-05-17 21:00:00,0.0,0.010512075,0.0076633026,0.004292774157598615,0.12440802886161544,False
1981-05-17 22:00:00,0.0,0.016911067,0.012328165,0.006905904639512301,0.12432202764262035,False
1981-05-17 23:00:00,0.0,0.016384514,0.011944312,0.006690878514200449,0.12430425809643053,False
1981-05-18 00:00:00,0.0,0.01948507,0.014204616,0.007957039872184395,0.12430503171780434,False
1981-05-18 01:00:00,0.0,0.023428267,0.01734124,0.009581457400694488,0.12437500908591607,False
1981-05-18 02:00:00,0.0,0.025844466,0.01920635,0.010573750868439674,0.12447431103732957,False
1981-05-18 03:00:00,2.8813255e-07,0.021944122,0.015997265,0.008961399698858343,0.12461848814810798,False
1981-05-18 04:00:00,0.0064777094,0.019596422,0.014285789,0.011740150670986623,0.12478986716405115,False
1981-05-18 05:00:00,0.070376195,0.020222392,0.014742125,0.04886520188674331,0.12500554593365149,False
1981-05-18 06:00:00,0.19080558,0.022918822,0.01670782,0.11945408981107175,0.12553284592156042,False
1981-05-18 07:00:00,0.3190907,0.026004149,0.019632408,0.19477101145125925,0.12668893640447462,False
1981-05-18 08:00:00,0.45448607,0.025780149,0.020904073,0.2728801584579051,0.12874508269354132,False
1981-05-18 09:00:00,0.56741923,0.024351874,0.019982226,0.33746577810682354,0.13178057908105562,False
1981-05-18 10:00:00,0.63875073,0.020715788,0.017140698,0.3771288957819342,0.13524274542355186,False
1981-05-18 11:00:00,0.6930826,0.01535179,0.012408328,0.40624350372049955,0.13911798506596643,False
1981-05-18 12:00:00,0.69670683,0.010767524,0.008435352,0.40642856714967635,0.14288065692580434,False
1981-05-18 13:00:00,0.6250789,0.007457489,0.0056421193,0.36372702278848734,0.14630624713922166,False
1981-05-18 14:00:00,0.55153733,0.004011207,0.00292417,0.31987508274149146,0.14934514086297532,False
1981-05-18 15:00:00,0.44387546,0.0022938359,0.0016722063,0.2570528660423588,0.15165941217006004,False
1981-05-18 16:00:00,0.35575926,0.0018738798,0.001366058,0.20603832355595658,0.15344015747513248,False
1981-05-18 17:00:00,0.23431431,0.0010464173,0.0007628382,0.13562667670613154,0.15436195424571453,False
1981-05-18 18:00:00,0.12153581,0.0011779163,0.00085870095,0.07060718209552579,0.15486384950405593,False
1981-05-18 19:00:00,0.03248386,0.0042434754,0.0030934936,0.02047607878409326,0.15494692797345308,False
1981-05-18 20:00:00,0.0006907402,0.007872086,0.0057387506,0.003613249357440509,0.15493368265372862,False
1981-05-18 21:00:00,0.0,0.009154474,0.0066736117,0.003738376071676612,0.15489257519367253,False
1981-05-18 22:00:00,0.0,0.011472611,0.008363534,0.004685024192556739,0.15485553547449976,False
1981-05-18 23:00:00,0.0,0.016198862,0.011808973,0.006615064736455679,0.15474609478357465,False
1981-05-19 00:00:00,0.0,0.020536564,0.014971157,0.008386434679850936,0.1546403138995332,False
1981-05-19 01:00:00,0.0,0.02289558,0.016690876,0.009349776400253177,0.15451006102266124,False
1981-05-19 02:00:00,0.0,0.024628423,0.01795412,0.010057410646229982,0.1543395999132002,False
1981-05-19 03:00:00,1.1525302e-06,0.025305562,0.018447753,0.010334595949371193,0.1541409014072809,False
1981-05-19 04:00:00,0.008739492,0.02629093,0.01916609,0.015779009146615865,0.15397701282857348,False
1981-05-19 05:00:00,0.07765065,0.026679603,0.01944943,0.05569946866668761,0.15387106103391748,False
1981-05-19 06:00:00,0.19913763,0.028475463,0.020758616,0.12653082264587281,0.15382468793186022,False
1981-05-19 07:00:00,0.34698898,0.032979794,0.02404227,0.21368046562001108,0.15378196004785802,False
1981-05-19 08:00:00,0.4961434,0.03375515,0.024607506,0.30005919772759077,0.15401190814371893,False
1981-05-19 09:00:00,0.6196648,0.028827138,0.021014985,0.3693186060041189,0.15442585371096978,False
1981-05-19 10:00:00,0.7095683,0.022887334,0.01668487,0.41876733089610935,0.1551267901232145,False
1981-05-19 11:00:00,0.7416383,0.014764067,0.010763006,0.43395444370061154,0.1561809904399162,False
1981-05-19 12:00:00,0.72989196,0.0077781756,0.00567029,0.4243240009970031,0.1572615595921514,False
1981-05-19 13:00:00,0.67526174,0.0040154546,0.0029272665,0.39126579674752426,0.15830181561096,False
1981-05-19 14:00:00,0.58739036,0.0027143452,0.0019787578,0.3400326858870685,0.15960024030302777,False
1981-05-19 15:00:00,0.47813547,0.002159888,0.0015745584,0.27676618901407346,0.16086825370641009,False
1981-05-19 16:00:00,0.3442341,0.0017063709,0.0012439444,0.19931990469107402,0.16225958903838558,False
1981-05-19 17:00:00,0.2188456,0.0016674638,0.0012155811,0.12695485009730326,0.16308656048166098,False
1981-05-19 18:00:00,0.1074495,0.0024802152,0.0018080766,0.0630111980435904,0.16376496421469725,False
1981-05-19 19:00:00,0.026810879,0.0036484445,0.0026597162,0.01695977782877162,0.16437166685265778,False
1981-05-19 20:00:00,0.0005734702,0.0048124534,0.0035082784,0.002296134645992424,0.16500224813042966,False
1981-05-19 21:00:00,0.0,0.006158367,0.00448945,0.0025148676373064516,0.16562430905191058,False
1981-05-19 22:00:00,0.0,0.004047231,0.0029504315,0.0016527514751069248,0.16625722992747385,False
1981-05-19 23:00:00,0.0,0.003950858,0.0028801754,0.001613396080210805,0.16684162969224917,False
1981-05-20 00:00:00,0.0,0.0041749356,0.0030435284,0.0017049017823301256,0.1673567124508677,False
1981-05-20 01:00:00,0.0,0.0034266422,0.002498022,0.00139932414656505,0.1677978850090999,False
1981-05-20 02:00:00,0.0,0.002537485,0.0018498264,0.0010362225843127816,0.1681504094962852,False
1981-05-20 03:00:00,1.9881145e-06,0.0026779918,0.001952256,0.001094747920901682,0.16841220831697637,False
1981-05-20 04:00:00,0.008985154,0.0035997867,0.0026242444,0.00665446452749893,0.16861452983150782,False
1981-05-20 05:00:00,0.07682648,0.0056577,0.0041244635,0.046639292987994845,0.16882078738002085,False
1981-05-20 06:00:00,0.19750339,0.008432868,0.0061475607,0.11740315137896687,0.16896452465963685,False
1981-05-20 07:00:00,0.3482118,0.011975322,0.008730009,0.20580852005258202,0.16890998948893024,False
1981-05-20 08:00:00,0.49480775,0.017742598,0.012934354,0.2927495456859469,0.16885852420632552,False
1981-05-20 09:00:00,0.62619764,0.023985077,0.017485121,0.37111072589457034,0.16876506908361935,False
1981-05-20 10:00:00,0.71984994,0.030308824,0.022095133,0.4277305109836161,0.16871232477932374,False
1981-05-20 11:00:00,0.7648813,0.041076645,0.029944878,0.45811082302778955,0.16879767992781924,False
1981-05-20 12:00:00,0.75784403,0.046696607,0.03432967,0.456360856052488,0.16921419407551316,False
1981-05-20 13:00:00,0.70227665,0.050785273,0.038852163,0.42605140800774094,0.1699050316311266,False
1981-05-20 14:00:00,0.6237096,0.050825983,0.038972,0.3807397261038422,0.17070705820010648,False
1981-05-20 15:00:00,0.5226012,0.054334633,0.041603655,0.3238369619771838,0.17184607175663721,False
1981-05-20 16:00:00,0.38562244,0.056550227,0.043736484,0.24573295283317564,0.17309803156283865,False
1981-05-20 17:00:00,0.24864575,0.060044393,0.0475014,0.16819005589187144,0.1744587076760734,False
1981-05-20 18:00:00,0.12548786,0.06626767,0.053141505,0.09972890871763229,0.17565252328603506,False
1981-05-20 19:00:00,0.0351981,0.07367082,0.060187854,0.0507439801171422,0.17672257935738964,False
1981-05-20 20:00:00,0.000928363,0.079626024,0.06582417,0.033472173588525035,0.17770409112370375,False
1981-05-20 21:00:00,0.0,0.08252264,0.06792083,0.03411857809871435,0.1786169743931503,False
1981-05-20 22:00:00,0.0,0.07919667,0.065048926,0.03273621290177107,0.17953999056016326,False
1981-05-20 23:00:00,0.0,0.07580366,0.062360864,0.03133903715014458,0.18044617094831192,False
1981-05-21 00:00:00,0.0,0.07153917,0.05860673,0.029562717474997044,0.18133121699093024,False
1981-05-21 01:00:00,0.0,0.06375243,0.050857518,0.02627095178514719,0.1821853149740025,False
1981-05-21 02:00:00,0.0,0.055033647,0.042895157,0.022623754039406776,0.1830570461693394,False
1981-05-21 03:00:00,4.0338555e-06,0.04877828,0.0378614,0.02004602864687968,0.1839662138485262,False
1981-05-21 04:00:00,0.009887527,0.04863778,0.03753569,0.025679371475242078,0.18483991805786948,False
1981-05-21 05:00:00,0.07418542,0.048285507,0.03660216,0.06259885808825492,0.1856593498942468,False
1981-05-21 06:00:00,0.18417373,0.043163616,0.031805854,0.12391313445195555,0.18627486884970243,False
1981-05-21 07:00:00,0.33737394,0.040516026,0.02953618,0.21121013205498457,0.18638392025544567,False
1981-05-21 08:00:00,0.48304865,0.04127249,0.030087646,0.2955733518376946,0.18575403079741581,False
1981-05-21 09:00:00,0.6013612,0.04848949,0.035348833,0.36678687939792864,0.18442782172834138,False
1981-05-21 10:00:00,0.69387674,0.055091504,0.040161707,0.42286437802389265,0.18239855068714306,False
1981-05-21 11:00:00,0.73954755,0.06667594,0.048606753,0.45394712278991933,0.1797228105357098,False
1981-05-21 12:00:00,0.74134773,0.07279392,0.05306677,0.4574842036664486,0.17644785734360988,False
1981-05-21 13:00:00,0.6885007,0.07952472,0.058398996,0.4297630720585584,0.17312431155729058,False
1981-05-21 14:00:00,0.62468165,0.08377269,0.062072247,0.394705336600542,0.16964476018796626,False
1981-05-21 15:00:00,0.51713187,0.0940603,0.06975782,0.3368602597117424,0.16671053753639833,False
1981-05-21 16:00:00,0.38968712,0.096702315,0.07592102,0.2646323581263422,0.16405347829810607,False
1981-05-21 17:00:00,0.25091898,0.095482156,0.07860796,0.18425799937546253,0.16225386151906054,False
1981-05-21 18:00:00,0.1252235,0.101509,0.08635386,0.11437388946861028,0.16110666176996766,False
1981-05-21 19:00:00,0.035100333,0.10548706,0.09064303,0.06407234261184931,0.160398260527619,False
1981-05-21 20:00:00,0.0009939997,0.10974835,0.09340469,0.04611453157942742,0.1599135925062958,False
1981-05-21 21:00:00,0.0,0.11303372,0.094633356,0.04681964365392923,0.1594491284127725,False
1981-05-21 22:00:00,0.0,0.10925413,0.089530304,0.045149410106241704,0.1589622701037587,False
1981-05-21 23:00:00,0.0,0.106898524,0.08611205,0.04409560612589121,0.15849666206016258,False
1981-05-22 00:00:00,0.0,0.10369072,0.0822172,0.042701604969799516,0.1580532974533416,False
1981-05-22 01:00:00,0.0,0.105049804,0.08294526,0.043242421522736545,0.15761997492915536,False
1981-05-22 02:00:00,0.0,0.10849413,0.08596178,0.04467627118527889,0.15723704629416163,False
1981-05-22 03:00:00,6.713489e-06,0.10437311,0.08361107,0.04303254996937812,0.1569282542694272,False
1981-05-22 04:00:00,0.010312637,0.09725656,0.07683572,0.04598719267360866,0.15669338181494585,False
1981-05-22 05:00:00,0.06762557,0.09030096,0.071170285,0.07618420284986496,0.15641209288134517,False
1981-05-22 06:00:00,0.15388946,0.08248165,0.06310499,0.1226376188546419,0.15592698017700854,False
1981-05-22 07:00:00,0.24400505,0.08500116,0.06328668,0.17557382606714964,0.15521560100833698,False
1981-05-22 08:00:00,0.3354885,0.08690591,0.063821584,0.22909151037037373,0.15377466708498352,False
1981-05-22 09:00:00,0.41161007,0.0886546,0.064688146,0.27370571591705084,0.15183599854139423,False
1981-05-22 10:00:00,0.45271918,0.093005165,0.06957611,0.2992949837148189,0.14917028733275953,False
1981-05-22 11:00:00,0.45571935,0.09285415,0.06851523,0.30091306980699295,0.14623772461063353,False
1981-05-22 12:00:00,0.45507234,0.08388043,0.06114883,0.2968306583091616,0.14268600147243712,False
1981-05-22 13:00:00,0.39684752,0.07357833,0.053731896,0.25903294228017326,0.13924711109293283,False
1981-05-22 14:00:00,0.37227556,0.06144512,0.044829454,0.23989703882858154,0.13594784674028057,False
1981-05-22 15:00:00,0.3012281,0.05506958,0.040163446,0.19629811853915452,0.1327495549766561,False
1981-05-22 16:00:00,0.23948781,0.051691733,0.038752414,0.15935134743899107,0.12984257997777127,False
1981-05-22 17:00:00,0.16401167,0.04504026,0.03462735,0.11312446793541311,0.12750732935308293,False
1981-05-22 18:00:00,0.08650471,0.03852385,0.029576473,0.06572564908489584,0.12585765002760071,False
1981-05-22 19:00:00,0.02520134,0.03168145,0.023116443,0.02747991509363055,0.12467803988744473,False
1981-05-22 20:00:00,0.0010483991,0.025890918,0.01887448,0.011177897099405526,0.12378431050932469,False
1981-05-22 21:00:00,0.0,0.026322905,0.019189395,0.010749379266053438,0.12296715470568241,False
1981-05-22 22:00:00,0.0,0.025435582,0.01854254,0.01038702680915594,0.12210339213478809,False
1981-05-22 23:00:00,0.0,0.02462873,0.017954342,0.010057536022737621,0.121294678241382,False
1981-05-23 00:00:00,0.0,0.02145927,0.015643807,0.008763236314058304,0.1205118283240773,False
1981-05-23 01:00:00,0.0,0.019321827,0.014085612,0.007890377305448056,0.11975727923262829,False
1981-05-23 02:00:00,0.0,0.019104766,0.013927376,0.0078017368521541355,0.11898870002340489,False
1981-05-23 03:00:00,8.067711e-06,0.021469701,0.015651409,0.008772150831775434,0.11818097279333241,False
1981-05-23 04:00:00,0.0061025606,0.021197468,0.015452954,0.012177502662409098,0.11740994177823487,False
1981-05-23 05:00:00,0.051631365,0.023317687,0.016998595,0.03931344828009605,0.11669541516568073,False
1981-05-23 06:00:00,0.13729239,0.025832778,0.018832095,0.08976693435572088,0.11581304705175754,False
1981-05-23 07:00:00,0.22538644,0.02937886,0.021417191,0.14204530373401938,0.11468023838966025,False
1981-05-23 08:00:00,0.32950962,0.030340953,0.022118552,0.20251726174540816,0.1135350743401193,False
1981-05-23 09:00:00,0.3898571,0.03400182,0.024787324,0.23883274138346314,0.11235904049743149,False
1981-05-23 10:00:00,0.4610981,0.039297495,0.028647875,0.28210136736184355,0.11119466930668363,False
1981-05-23 11:00:00,0.46766803,0.033352338,0.024313854,0.2834644121564925,0.11023026903635073,False
1981-05-23 12:00:00,0.4857519,0.029724857,0.02166942,0.29241746545024216,0.11002995440637253,False
1981-05-23 13:00:00,0.4512712,0.0269731,0.019663392,0.27139838313125075,0.11022303423667508,False
1981-05-23 14:00:00,0.40104312,0.023962459,0.017468633,0.2411873319465667,0.11131330298300394,False
1981-05-23 15:00:00,0.32569706,0.02301429,0.016777417,0.19732545976527033,0.11232154960109414,False
1981-05-23 16:00:00,0.24841875,0.022535447,0.01642834,0.15254032814130186,0.11335904676298174,False
1981-05-23 17:00:00,0.16809727,0.019789271,0.014426379,0.10507339175231753,0.11409409961835665,False
1981-05-23 18:00:00,0.087739095,0.017452836,0.012723118,0.05775260274112224,0.11453422473349482,False
1981-05-23 19:00:00,0.025571473,0.015717745,0.011458236,0.021173332462087274,0.11472056387475255,False
1981-05-23 20:00:00,0.000716845,0.015861833,0.011563276,0.00689105300459778,0.11478314900427154,False
1981-05-23 21:00:00,0.0,0.01312313,0.009566762,0.005359040251001716,0.11482140523464517,False
1981-05-23 22:00:00,0.0,0.0155036,0.011302125,0.006331143222749233,0.11490327629460119,False
1981-05-23 23:00:00,0.0,0.015963156,0.011637141,0.006518810095265507,0.1152087615108034,False
1981-05-24 00:00:00,0.0,0.015876073,0.011573657,0.006483248580247163,0.11555165932422136,False
1981-05-24 01:00:00,0.0,0.015551293,0.011336894,0.006350619480013847,0.11590645224323128,False
1981-05-24 02:00:00,0.0,0.0144609595,0.010542039,0.005905364141799509,0.11623651322048721,False
1981-05-24 03:00:00,7.635512e-06,0.014738386,0.010744283,0.006023061244695782,0.11648778036808694,False
1981-05-24 04:00:00,0.0077558937,0.017667398,0.012879533,0.01168991527101025,0.11664674430124106,False
1981-05-24 05:00:00,0.04257513,0.022687208,0.016538974,0.0338305333815515,0.11682293682217436,False
1981-05-24 06:00:00,0.09578701,0.031818755,0.023195872,0.06826280307397246,0.11707657316689839,False
1981-05-24 07:00:00,0.17928597,0.042016096,0.030629732,0.1206059516891837,0.11733108874322995,False
1981-05-24 08:00:00,0.2640149,0.04972326,0.036248256,0.17264188592135904,0.117626759201462,False
1981-05-24 09:00:00,0.33645597,0.057989165,0.042274103,0.2178158987611532,0.11794693199349095,False
1981-05-24 10:00:00,0.38038835,0.08207663,0.059878077,0.2530037707388401,0.11870428289843561,False
1981-05-24 11:00:00,0.43425307,0.099618986,0.07360263,0.2912979675680399,0.11929592086962572,False
1981-05-24 12:00:00,0.447649,0.11657861,0.08865758,0.3060984901636839,0.11986715257173552,False
1981-05-24 13:00:00,0.4514864,0.12418549,0.093217395,0.3113658421039581,0.12005154718351853,False
1981-05-24 14:00:00,0.41722545,0.116342366,0.085619606,0.28829287649691104,0.12004329654362822,False
1981-05-24 15:00:00,0.35774967,0.09705124,0.071565084,0.24609798230975863,0.11965620034748681,False
1981-05-24 16:00:00,0.278749,0.082718894,0.06060085,0.19463388449698685,0.11941501563428429,False
1981-05-24 17:00:00,0.18913014,0.061510965,0.044904355,0.13425047346204516,0.11904978810303062,False
1981-05-24 18:00:00,0.1021441,0.038488884,0.02834045,0.0746699278652668,0.11871809763719321,False
1981-05-24 19:00:00,0.031439956,0.030212028,0.02212793,0.030484001310542224,0.11861785680282544,False
1981-05-24 20:00:00,0.0014239511,0.02984757,0.021830058,0.01301419615733903,0.11871957223747849,False
1981-05-24 21:00:00,0.0,0.035937656,0.026262874,0.014679190143942832,0.11887318530189599,False
1981-05-24 22:00:00,0.0,0.06114998,0.04603656,0.02505031718686223,0.11903429115575066,False
1981-05-24 23:00:00,0.0,0.0647656,0.048483774,0.026516631066799162,0.11921659233339392,False
1981-05-25 00:00:00,0.0,0.062945366,0.04752697,0.02579329642653465,0.1193817185084315,False
1981-05-25 01:00:00,0.0,0.05782174,0.044390414,0.023733304213732483,0.11953040910512004,False
1981-05-25 02:00:00,0.0,0.048438594,0.036828127,0.019862559936940673,0.11967158205457758,False
1981-05-25 03:00:00,1.8843868e-05,0.040079743,0.02966892,0.016402419623173046,0.11983199700439377,False
1981-05-25 04:00:00,0.011291626,0.03457554,0.025205575,0.020634743667207658,0.12001055970105147,False
1981-05-25 05:00:00,0.06731462,0.03097089,0.022577781,0.051487992826849224,0.12022638189372682,False
1981-05-25 06:00:00,0.15471126,0.03113698,0.02269886,0.10198368201963603,0.1205128381478049,False
1981-05-25 07:00:00,0.24694814,0.033666883,0.024543157,0.1562374857291579,0.12084474328982099,False
1981-05-25 08:00:00,0.35101822,0.037584037,0.027398763,0.21788555576279758,0.1211018581364684,False
1981-05-25 09:00:00,0.4458489,0.04390856,0.03200934,0.27518558482080696,0.12127067136655018,False
1981-05-25 10:00:00,0.49916846,0.055048145,0.0401301,0.31049998997896905,0.12125307758508637,False
1981-05-25 11:00:00,0.5011056,0.053250268,0.038819443,0.3108835338577628,0.12143981946111422,False
1981-05-25 12:00:00,0.48245478,0.056057557,0.04086596,0.3012684068158269,0.1213904964899714,False
1981-05-25 13:00:00,0.4321526,0.05301691,0.038649324,0.2710023524165153,0.12099709740524722,False
1981-05-25 14:00:00,0.34946248,0.051343314,0.037429277,0.22260671453177927,0.1199864475424316,False
1981-05-25 15:00:00,0.291693,0.042711027,0.031136341,0.18574859353154896,0.11896472249561453,False
1981-05-25 16:00:00,0.20536977,0.040431987,0.02947492,0.13500940664112568,0.11777672850287363,False
1981-05-25 17:00:00,0.13033545,0.034157336,0.024900699,0.08915224939212203,0.1167593491711219,False
1981-05-25 18:00:00,0.06844568,0.03293096,0.024006667,0.05294104269146919,0.1159644493675356,False
1981-05-25 19:00:00,0.020865837,0.03431361,0.025080789,0.026055673325434327,0.11551108955008986,False
1981-05-25 20:00:00,0.0012210769,0.033172198,0.024432922,0.01426448009663727,0.11525644633665912,False
1981-05-25 21:00:00,0.0,0.03203951,0.02351005,0.013092121236026287,0.11504083187072313,False
1981-05-25 22:00:00,0.0,0.036931057,0.026926665,0.01508159974962473,0.1147720300320106,False
1981-05-25 23:00:00,0.0,0.03533329,0.026053375,0.014444866497069596,0.11428347422773726,False
1981-05-26 00:00:00,0.0,0.033329982,0.024474699,0.013620397221297025,0.11377639098183494,False
1981-05-26 01:00:00,0.0,0.032138295,0.023479445,0.01312692105397582,0.11329820528012709,False
1981-05-26 02:00:00,0.0,0.03326228,0.024657423,0.013605281732976437,0.11287866899927389,False
1981-05-26 03:00:00,1.3628668e-05,0.035558056,0.027134893,0.014594070684265718,0.11260500181196033,False
1981-05-26 04:00:00,0.00816,0.04206908,0.0336587,0.02204938051942736,0.11252227702166168,False
1981-05-26 05:00:00,0.049138416,0.046476226,0.038478523,0.04758043357729912,0.11246918133118249,False
1981-05-26 06:00:00,0.112114795,0.047035538,0.039775927,0.08419424989074467,0.11224100005952388,False
1981-05-26 07:00:00,0.19553572,0.04848789,0.04132079,0.1329474643282592,0.11159341889002573,False
1981-05-26 08:00:00,0.28054425,0.045449134,0.038891807,0.18074492096528408,0.11057992128395068,False
1981-05-26 09:00:00,0.345978,0.04179403,0.035557374,0.2169713972508907,0.10894311362267996,False
1981-05-26 10:00:00,0.4212415,0.045527857,0.03909742,0.2619673807881772,0.1068153307083581,False
1981-05-26 11:00:00,0.47304666,0.038499072,0.032896005,0.28893046495318414,0.10446063386877592,False
1981-05-26 12:00:00,0.4759268,0.030430956,0.025491768,0.28721533409692346,0.10280549030312242,False
1981-05-26 13:00:00,0.44017267,0.021564195,0.01699683,0.26285464868880803,0.10192763714534757,False
1981-05-26 14:00:00,0.4041752,0.014789377,0.01080941,0.23925007424969225,0.10199287460445332,False
1981-05-26 15:00:00,0.32012737,0.010678605,0.007784704,0.18907427065819504,0.10281874595562833,False
1981-05-26 16:00:00,0.24692668,0.008137264,0.005932066,0.145799676572904,0.10390109634891988,False
1981-05-26 17:00:00,0.16258745,0.00558892,0.0040743225,0.09609528288990257,0.10524556807952216,False
1981-05-26 18:00:00,0.08862876,0.0043340074,0.0031594913,0.05290865662787109,0.1067324166332424,False
1981-05-26 19:00:00,0.028573845,0.004344188,0.0031669133,0.018261127065867185,0.10804084508885221,False
1981-05-26 20:00:00,0.0016703331,0.004165184,0.003036419,0.002664701792411506,0.10919356296863154,False
1981-05-26 21:00:00,0.0,0.0043507586,0.0031717028,0.0017767018857412038,0.11026153696167351,False
1981-05-26 22:00:00,0.0,0.003917169,0.0028556164,0.001599638581741601,0.11137375425060347,False
1981-05-26 23:00:00,0.0,0.005330109,0.0038856487,0.0021766352634876966,0.11255508992846192,False
1981-05-27 00:00:00,0.0,0.006955483,0.0050705466,0.0028403827445581554,0.11358327416844734,False
1981-05-27 01:00:00,0.0,0.008804755,0.0064186673,0.00359556273277849,0.11452766654106857,False
1981-05-27 02:00:00,0.0,0.01647183,0.012007962,0.006726534945890307,0.11538367201576077,False
1981-05-27 03:00:00,2.241671e-05,0.030378243,0.022391178,0.012431629688837346,0.1160910816169537,False
1981-05-27 04:00:00,0.006138318,0.03551946,0.026623348,0.018086150524206458,0.11670189980571512,False
1981-05-27 05:00:00,0.0316524,0.054219354,0.041942894,0.04053529178723693,0.11723215248063949,False
1981-05-27 06:00:00,0.06886618,0.075755686,0.059447277,0.07089978588372468,0.11801371642451235,False
1981-05-27 07:00:00,0.119155,0.09424756,0.07518183,0.10758960063755511,0.11949404555078717,False
1981-05-27 08:00:00,0.16178864,0.1115012,0.08931107,0.13931878802180286,0.12076152864945243,False
1981-05-27 09:00:00,0.2000355,0.13990563,0.11122861,0.17305200493335723,0.12230106710534665,False
1981-05-27 10:00:00,0.2445473,0.13666183,0.11004703,0.19747454167902467,0.12408230855797849,False
1981-05-27 11:00:00,0.28167468,0.16747162,0.13172822,0.2314366427063942,0.1260766841597774,False
1981-05-27 12:00:00,0.3038466,0.20358148,0.16093336,0.2591314552426338,0.1280303695559731,False
1981-05-27 13:00:00,0.3200686,0.2171713,0.17255484,0.27413375045359134,0.1304684400262463,False
1981-05-27 14:00:00,0.2933318,0.2261447,0.17682768,0.26224853938817977,0.13334603749061125,False
1981-05-27 15:00:00,0.25454637,0.22083768,0.17294537,0.23770141240954396,0.13582281346656735,False
1981-05-27 16:00:00,0.20074365,0.20370996,0.1582591,0.1995440497100353,0.13796475798845023,False
1981-05-27 17:00:00,0.14243795,0.1900294,0.15210065,0.1605209799706936,0.1394458830661874,False
1981-05-27 18:00:00,0.0762259,0.17382082,0.14117372,0.11574560856074094,0.14031592516751226,False
1981-05-27 19:00:00,0.025327772,0.16143706,0.13336538,0.081386131554842,0.14069620208990105,False
1981-05-27 20:00:00,0.0013632127,0.15610097,0.13221109,0.06552723176265135,0.14082454069520234,False
1981-05-27 21:00:00,0.0,0.15999962,0.13775352,0.0664785511046648,0.14088688814749925,False
1981-05-27 22:00:00,0.0,0.1727062,0.149206,0.07178571228682994,0.14096153018066995,False
1981-05-27 23:00:00,0.0,0.15359409,0.13187945,0.06379771001636982,0.14104247958637292,False
1981-05-28 00:00:00,0.0,0.14170769,0.12335359,0.05895123110711574,0.1411156477782571,False
1981-05-28 01:00:00,0.0,0.1303625,0.1131745,0.05421518383920193,0.14118537388031124,False
1981-05-28 02:00:00,0.0,0.114445075,0.09871685,0.04756094259023666,0.14123339345154104,False
1981-05-28 03:00:00,3.5901317e-05,0.10556489,0.09146636,0.04391334374481448,0.14120971001794547,False
1981-05-28 04:00:00,0.011918718,0.09768134,0.08481468,0.04750150891579688,0.14106212457646608,False
1981-05-28 05:00:00,0.07376744,0.1025168,0.08709244,0.08509550288319588,0.14094303226215601,False
1981-05-28 06:00:00,0.17830864,0.12654787,0.104996294,0.15525004795193673,0.14092770123327297,False
1981-05-28 07:00:00,0.24747866,0.12352725,0.10018349,0.19378665306419135,0.14109367143864113,False
1981-05-28 08:00:00,0.36103913,0.11262016,0.08826572,0.2546427668482065,0.14136748069548816,False
1981-05-28 09:00:00,0.4494887,0.1051444,0.07995787,0.3024709869772195,0.14206712994981394,False
1981-05-28 10:00:00,0.5545852,0.091796875,0.0709017,0.35769740967452524,0.14311479118851314,False
1981-05-28 11:00:00,0.60871947,0.07683594,0.05784759,0.3827073639705777,0.144474831497576,False
1981-05-28 12:00:00,0.6486759,0.07289895,0.056611117,0.4042427166700363,0.14558709823924962,False
1981-05-28 13:00:00,0.6428831,0.07314514,0.056392733,0.40097932697832583,0.14652171795717045,False
1981-05-28 14:00:00,0.56776106,0.0743224,0.05763372,0.3581353210955858,0.1468611844058109,False
1981-05-28 15:00:00,0.45865655,0.06666386,0.048959516,0.2918876077085733,0.1470393868614608,False
1981-05-28 16:00:00,0.341381,0.048772022,0.035554804,0.21689368030428882,0.1467857076760148,False
1981-05-28 17:00:00,0.21585117,0.032596193,0.023762625,0.1378573037534952,0.14642701531717509,False
1981-05-28 18:00:00,0.11021736,0.018528797,0.013507494,0.07116194890253244,0.1455415870793032,False
1981-05-28 19:00:00,0.034054384,0.011685598,0.0085188,0.02442138012032956,0.14447491996907771,False
1981-05-28 20:00:00,0.0018772122,0.011201295,0.008165744,0.005657379502663389,0.14321434888228277,False
1981-05-28 21:00:00,0.0,0.013124304,0.009567617,0.005359519477933645,0.14187504400182005,False
1981-05-28 22:00:00,0.0,0.013432093,0.009791995,0.005485210055485368,0.14049084691632222,False
1981-05-28 23:00:00,0.0,0.013930417,0.010155273,0.005688708473928272,0.1389965183117904,False
1981-05-29 00:00:00,0.0,0.015151202,0.011045226,0.006187235643155873,0.1376694093636736,False
1981-05-29 01:00:00,0.0,0.014449053,0.01053336,0.005900502151809633,0.13644496348173313,False
1981-05-29 02:00:00,0.0,0.01368804,0.009978581,0.005589730133302509,0.13532246244902968,False
1981-05-29 03:00:00,5.2209616e-05,0.013021171,0.009492434,0.0053475284978267154,0.13434268772057592,False
1981-05-29 04:00:00,0.012134501,0.013145346,0.009582958,0.012369719437323512,0.1334417374886504,False
1981-05-29 05:00:00,0.0594828,0.01341401,0.009778814,0.039799402400851246,0.13261485855516458,False
1981-05-29 06:00:00,0.12770288,0.012689097,0.009250352,0.07886635574139653,0.13170910020424195,False
1981-05-29 07:00:00,0.20059158,0.012222134,0.008909936,0.1207324449662119,0.13053594520427184,False
1981-05-29 08:00:00,0.2895933,0.014219139,0.0103657525,0.17290195222944021,0.12986567976464813,False
1981-05-29 09:00:00,0.37341818,0.019290179,0.014062542,0.2233397443909198,0.12937735279829304,False
1981-05-29 10:00:00,0.44430694,0.015651088,0.011409642,0.26275647651404144,0.1293668115888695,False
1981-05-29 11:00:00,0.4845249,0.012867319,0.009380275,0.2848254463067278,0.12900817130175804,False
1981-05-29 12:00:00,0.5172964,0.01350062,0.009841951,0.30399320170283317,0.12828282746593414,False
1981-05-29 13:00:00,0.49564564,0.01087408,0.0079272045,0.290428139988333,0.12723589775827562,False
1981-05-29 14:00:00,0.46308243,0.008824666,0.0064331815,0.2708022572593763,0.12599484871095382,False
1981-05-29 15:00:00,0.38635975,0.006355169,0.0046329186,0.225524811508134,0.12472991141485879,False
1981-05-29 16:00:00,0.31352836,0.0034796074,0.0025366342,0.18232681648572907,0.12377476994399543,False
1981-05-29 17:00:00,0.20379347,0.0010568819,0.0007704669,0.1180204245528439,0.1232893681058531,False
1981-05-29 18:00:00,0.11178892,0.000106227795,7.7440054e-05,0.06454558726991673,0.12320303636305684,False
1981-05-29 19:00:00,0.03616839,2.3407734e-05,1.7064238e-05,0.020878719388685567,0.12313603728430673,False
1981-05-29 20:00:00,0.002119964,4.2555646e-05,3.1023064e-05,0.0012405975004403443,0.12310816342811298,False
1981-05-29 21:00:00,0.0,9.082784e-05,6.621349e-05,3.7091000769578385e-05,0.12302947214272565,False
1981-05-29 22:00:00,0.0,0.00014188074,0.00010343106,5.793926930346061e-05,0.12292866770694522,False
1981-05-29 23:00:00,0.0,0.00023625989,0.00017223347,9.648050676332787e-05,0.12282416065746506,False
1981-05-30 00:00:00,0.0,0.0004354642,0.0003174534,0.00017782877397257835,0.1227166721123343,False
1981-05-30 01:00:00,0.0,0.0008206713,0.00059826946,0.00033513426943682133,0.12260194505212563,False
1981-05-30 02:00:00,0.0,0.0013021545,0.0009492706,0.0005317556244553998,0.1224964546748946,False
1981-05-30 03:00:00,6.422475e-05,0.0015443865,0.0011258577,0.0006677326123899548,0.12239990833565968,False
1981-05-30 04:00:00,0.012343282,0.0016878155,0.0012304173,0.007811320108477957,0.12231405697447784,False
1981-05-30 05:00:00,0.07087427,0.001774512,0.0012936193,0.04161910203890875,0.12225657182009418,False
1981-05-30 06:00:00,0.17035295,0.0015793563,0.0011513508,0.0989386079533724,0.12247507280237539,False
1981-05-30 07:00:00,0.27923715,0.0012098846,0.00088200584,0.16161391196225303,0.12321414510785555,False
1981-05-30 08:00:00,0.40010738,0.0008353096,0.0006089408,0.23120307246316224,0.12459987954696516,False
1981-05-30 09:00:00,0.52272606,0.0008621504,0.0006285076,0.3019650089248898,0.12658315658321093,False
1981-05-30 10:00:00,0.5896517,0.0006211163,0.00045279373,0.34048267589317394,0.12892862638804084,False
1981-05-30 11:00:00,0.6024458,0.00068478787,0.0004992103,0.3478908598510315,0.13153504037228522,False
1981-05-30 12:00:00,0.61294985,0.00077878253,0.00056773244,0.35399009070242754,0.13415008735697592,False
1981-05-30 13:00:00,0.59130216,0.0005574128,0.00040635394,0.3414089727068786,0.13623158021983411,False
1981-05-30 14:00:00,0.5151853,0.00038302597,0.00027922593,0.2974183308830252,0.1379292591299756,False
1981-05-30 15:00:00,0.42605808,0.00050274207,0.000366499,0.24604081710713216,0.13927706558078948,False
1981-05-30 16:00:00,0.33502126,0.0007031108,0.00051256776,0.1935943920734571,0.14055054593342467,False
1981-05-30 17:00:00,0.23121595,0.00073898106,0.0005387172,0.13371338009927422,0.14131371265321033,False
1981-05-30 18:00:00,0.11726254,0.00069914304,0.00050967524,0.0679459931225283,0.14201812811494516,False
1981-05-30 19:00:00,0.03942068,0.0008269619,0.00060285523,0.023083435023028866,0.14239985884593295,False
1981-05-30 20:00:00,0.0024218117,0.0011823033,0.00086189894,0.0018801978040719402,0.14269770664850537,False
1981-05-30 21:00:00,0.0,0.0012755875,0.00092990336,0.0005209065604722127,0.142933994146363,False
1981-05-30 22:00:00,0.0,0.0011481653,0.00083701254,0.0004688716804375872,0.14311894909902853,False
1981-05-30 23:00:00,0.0,0.0012960391,0.00094481267,0.0005292583076516166,0.14328333185162806,False
1981-05-31 00:00:00,0.0,0.0016659976,0.0012145122,0.0006803367531392723,0.14342407238868723,False
1981-05-31 01:00:00,0.0,0.002049544,0.0014941175,0.0008369640447199345,0.14353248005359306,False
1981-05-31 02:00:00,0.0,0.0023398271,0.0017057341,0.000955505850026384,0.14360763801818063,False
1981-05-31 03:00:00,6.376373e-05,0.002913738,0.002124115,0.0012266631610982587,0.1436607269167547,False
1981-05-31 04:00:00,0.013950685,0.003822274,0.0027864377,0.009610432026907803,0.14370057454079357,False
1981-05-31 05:00:00,0.08319735,0.0055895443,0.004074778,0.05028744955034926,0.14375568821681464,False
1981-05-31 06:00:00,0.19252734,0.007967245,0.005808121,0.11434182640444486,0.143909394697583,False
1981-05-31 07:00:00,0.3169456,0.01070138,0.0078013064,0.18724769804347305,0.14416848980925323,False
1981-05-31 08:00:00,0.45503667,0.013573832,0.009895323,0.26809924996923656,0.1444671344871904,False
1981-05-31 09:00:00,0.5698543,0.017426409,0.012703853,0.33592229502275583,0.14500731160838135,False
1981-05-31 10:00:00,0.65735644,0.020985296,0.015298279,0.38786434775777157,0.14559629940639543,False
1981-05-31 11:00:00,0.69455206,0.023486678,0.01712179,0.4103477015718818,0.14642047804132655,False
1981-05-31 12:00:00,0.68082607,0.027103672,0.019758575,0.4039048591200262,0.1475550613231514,False
1981-05-31 13:00:00,0.6240948,0.028930021,0.021089986,0.37191672767512496,0.14867357701213135,False
1981-05-31 14:00:00,0.56247836,0.026806716,0.019542092,0.3354969668984413,0.1496908221772935,False
1981-05-31 15:00:00,0.47765574,0.02704561,0.019716248,0.2866518684346228,0.15072138626034912,False
1981-05-31 16:00:00,0.35885724,0.029136091,0.02124021,0.21895881903544068,0.15170829920437462,False
1981-05-31 17:00:00,0.23952307,0.03337094,0.024327412,0.15183236671611666,0.15224377410017256,False
1981-05-31 18:00:00,0.120257705,0.03300952,0.024063941,0.08286866235733031,0.15251909290384086,False
1981-05-31 19:00:00,0.03973711,0.029990504,0.021863077,0.03517541391216219,0.15272283617131296,False
1981-05-31 20:00:00,0.0025023445,0.027275886,0.01988412,0.012582397397607564,0.1528047620369286,False
1981-05-31 21:00:00,0.0,0.021830732,0.015914604,0.008914928728714586,0.15281955129989216,False
1981-05-31 22:00:00,0.0,0.019463696,0.014189032,0.00794831139408052,0.15282489896723414,False
1981-05-31 23:00:00,0.0,0.01677913,0.012231985,0.006852026285603642,0.15284127190733704,False
1981-06-01 00:00:00,0.0,0.013177876,0.009606672,0.0053813966894522315,0.152863516975331,False
1981-06-01 01:00:00,0.0,0.00965486,0.007038393,0.003942716569639742,0.1528867877536453,False
1981-06-01 02:00:00,0.0,0.0075423094,0.0054983445,0.003080022756010294,0.15290999798279367,False
1981-06-01 03:00:00,7.016027e-05,0.006219754,0.004534201,0.0025804185662564125,0.15293283977495445,False
1981-06-01 04:00:00,0.014641023,0.0049193767,0.003586225,0.010456776557490229,0.15296532698746693,False
1981-06-01 05:00:00,0.081237555,0.005198631,0.003789802,0.04899701311578974,0.1530387416342545,False
1981-06-01 06:00:00,0.18937287,0.005159658,0.0037613905,0.1113751733135432,0.15318662262630142,False
1981-06-01 07:00:00,0.30187497,0.0043270043,0.0031543863,0.175948856503237,0.15345536006810337,False
1981-06-01 08:00:00,0.4434729,0.0030553855,0.002227376,0.2571315742803271,0.15381063363008238,False
1981-06-01 09:00:00,0.57070106,0.002306534,0.0016814634,0.3302364232295658,0.15413091229136916,False
1981-06-01 10:00:00,0.6584107,0.0003434672,0.00025038762,0.3800432503698684,0.15457045500746655,False
1981-06-01 11:00:00,0.6971218,0.00027323372,0.00019918739,0.40235085737862386,0.15509943705752374,False
1981-06-01 12:00:00,0.7063135,0.0003329355,0.00024271,0.4076788437734649,0.15565622313481484,False
1981-06-01 13:00:00,0.67597264,0.0004910474,0.0003579735,0.39023674063466024,0.15624435994213173,False
1981-06-01 14:00:00,0.6003349,0.0012052412,0.00087862095,0.34688540686969643,0.15676358654231493,False
1981-06-01 15:00:00,0.50728863,0.0017315255,0.0012622821,0.29341263842035553,0.15671638711694977,False
1981-06-01 16:00:00,0.37883577,0.0017360633,0.0012655902,0.21929718707175924,0.15663401433703064,False
1981-06-01 17:00:00,0.25319454,0.002045794,0.0014913835,0.14692868267535233,0.15670603945950085,False
1981-06-01 18:00:00,0.13294098,0.002494639,0.001818592,0.07772566996118986,0.15664175440093386,False
1981-06-01 19:00:00,0.04527536,0.0021842995,0.0015923543,0.027015876572579145,0.15665528468156895,False
1981-06-01 20:00:00,0.0030608897,0.002017673,0.0014708836,0.002590082426322624,0.15669695916304094,False
1981-06-01 21:00:00,0.0,0.001904161,0.0013881334,0.0007775945928879083,0.15676026035803373,False
1981-06-01 22:00:00,0.0,0.0030726672,0.0022399744,0.0012547728053759783,0.15687383246694228,False
1981-06-01 23:00:00,0.0,0.0039107604,0.0028509442,0.0015970215713605285,0.15699194234334865,False
1981-06-02 00:00:00,0.0,0.0044012824,0.0032085353,0.001797334112226963,0.15712781473614743,False
1981-06-02 01:00:00,0.0,0.004777712,0.0034829515,0.0019510550438426434,0.15735943550126397,False
1981-06-02 02:00:00,0.0,0.0050246883,0.0036629979,0.0020519118737429383,0.15765294637791816,False
1981-06-02 03:00:00,9.485323e-05,0.0066884095,0.004875851,0.0027860493616972235,0.157885747951502,False
1981-06-02 04:00:00,0.015770676,0.009879998,0.0072025186,0.01313433507271111,0.1580749766428073,False
1981-06-02 05:00:00,0.0904939,0.0126620615,0.009230643,0.05738573716860264,0.15826212856786356,False
1981-06-02 06:00:00,0.21038759,0.014319472,0.010438897,0.1272412236109376,0.1583155911885038,False
1981-06-02 07:00:00,0.34408802,0.014109996,0.010286187,0.20430082901846616,0.1581178266222192,False
1981-06-02 08:00:00,0.48092577,0.0146399485,0.010672523,0.28347262571100146,0.15736367494496237,False
1981-06-02 09:00:00,0.60667163,0.017070016,0.012444042,0.35702034539543087,0.1560476638670876,False
1981-06-02 10:00:00,0.7060712,0.014331274,0.010447498,0.4132554861605167,0.15434580978072782,False
1981-06-02 11:00:00,0.74786335,0.0136061255,0.009918865,0.4370734332818538,0.15258319646537855,False
1981-06-02 12:00:00,0.73799306,0.015460223,0.011270502,0.4321354258712381,0.15082165742045883,False
1981-06-02 13:00:00,0.6757663,0.016951596,0.012357714,0.3968396044839173,0.14876791312396342,False
1981-06-02 14:00:00,0.56464356,0.018199505,0.013267442,0.3332313944809138,0.1465797554622643,False
1981-06-02 15:00:00,0.47516283,0.020885725,0.015225694,0.2826979749985039,0.14452724800953448,False
1981-06-02 16:00:00,0.37020048,0.02157463,0.015727904,0.22241602491401133,0.14280867863931257,False
1981-06-02 17:00:00,0.24143367,0.023115193,0.016850976,0.14874668390490114,0.14133480141956736,False
1981-06-02 18:00:00,0.12637213,0.02596053,0.018925227,0.08351811582781374,0.140366916031278,False
1981-06-02 19:00:00,0.043099415,0.030138226,0.021970766,0.037175789022818206,0.13991994431026697,False
1981-06-02 20:00:00,0.0029720585,0.03405273,0.02482444,0.01562085475726053,0.13980606857159203,False
1981-06-02 21:00:00,0.0,0.03518018,0.025646353,0.014366389956325292,0.1398856128513358,False
1981-06-02 22:00:00,0.0,0.033338383,0.024365226,0.013617585461586715,0.1400090104023762,False
1981-06-02 23:00:00,0.0,0.03274979,0.0238746,0.013373901139944792,0.14011430062469263,False
1981-06-03 00:00:00,0.0,0.040402956,0.02945375,0.01649919341504574,0.14026055664434497,False
1981-06-03 01:00:00,0.0,0.044154603,0.032188706,0.018031238649040462,0.1404703199343563,False
1981-06-03 02:00:00,0.0,0.034906182,0.02544661,0.014254498288035392,0.14078361233919676,False
1981-06-03 03:00:00,9.969386e-05,0.028420271,0.020718375,0.011663395748910262,0.14123806077174192,False
1981-06-03 04:00:00,0.014023671,0.027789803,0.020258768,0.019440068960189818,0.14179278599800993,False
1981-06-03 05:00:00,0.0718725,0.024715047,0.018017268,0.05156321890652179,0.1423399494537958,False
1981-06-03 06:00:00,0.16131374,0.021560181,0.01571737,0.10188247413188219,0.1424399724921901,False
1981-06-03 07:00:00,0.2266079,0.022031255,0.016060784,0.1397495759949088,0.14175407642011903,False
1981-06-03 08:00:00,0.3200265,0.02279269,0.016615871,0.19396304254233834,0.1403662026088792,False
1981-06-03 09:00:00,0.4144872,0.022989929,0.016759658,0.24854742708429692,0.13813889460919798,False
1981-06-03 10:00:00,0.49945143,0.017764302,0.012950175,0.29543781123310325,0.1353974446293268,False
1981-06-03 11:00:00,0.5411294,0.013628249,0.0099349925,0.3177969832224772,0.1318246040746871,False
1981-06-03 12:00:00,0.5282303,0.010554818,0.0076944623,0.3090991175416857,0.12855708734491594,False
1981-06-03 13:00:00,0.48607415,0.011608186,0.008462368,0.2852051728731021,0.12571215519594559,False
1981-06-03 14:00:00,0.42129442,0.012925092,0.0094223935,0.2483650491386652,0.12354686178796988,False
1981-06-03 15:00:00,0.35529944,0.014480956,0.010556617,0.21092130864970388,0.12209820939206893,False
1981-06-03 16:00:00,0.2466359,0.015285716,0.011143287,0.1485510805239901,0.12080155483852827,False
1981-06-03 17:00:00,0.16469677,0.013321748,0.009711554,0.10047018403746187,0.11990155450400496,False
1981-06-03 18:00:00,0.08947622,0.011370311,0.008288956,0.056271027352660895,0.11969347167638195,False
1981-06-03 19:00:00,0.02900057,0.011794598,0.0085982615,0.021549841116182505,0.11984656862633523,False
1981-06-03 20:00:00,0.0025697963,0.012061326,0.008792707,0.006408207854023203,0.12028158946516058,False
1981-06-03 21:00:00,0.0,0.016408509,0.011961803,0.00670067704282701,0.1207555118924483,False
1981-06-03 22:00:00,0.0,0.01544865,0.011262065,0.006308703476563096,0.12127362494934456,False
1981-06-03 23:00:00,0.0,0.02110193,0.015383308,0.00861731051467359,0.12187510881987505,False
1981-06-04 00:00:00,0.0,0.0290572,0.021182695,0.011865972032770514,0.1225299700356099,False
1981-06-04 01:00:00,0.0,0.041602608,0.0303283,0.016989090476185083,0.12315358362877847,False
1981-06-04 02:00:00,0.0,0.058424167,0.04272072,0.023865436635911466,0.12374269340462157,False
1981-06-04 03:00:00,0.00010133621,0.0717369,0.053397637,0.029412860222560993,0.12441571718962037,False
1981-06-04 04:00:00,0.008792307,0.08376842,0.06323098,0.039398180950433015,0.12513382329578626,False
1981-06-04 05:00:00,0.040057655,0.095194034,0.07309217,0.06218684301152825,0.12580877068739965,False
1981-06-04 06:00:00,0.08180356,0.114989504,0.086785756,0.0943182121515274,0.12639005120975857,False
1981-06-04 07:00:00,0.1378522,0.14193287,0.10683207,0.13768288607895374,0.1268675870834101,False
1981-06-04 08:00:00,0.19248857,0.15979548,0.120951995,0.1765618417263031,0.12743199304049174,False
1981-06-04 09:00:00,0.27106145,0.16853194,0.12666674,0.22543074636161325,0.12804312944591006,False
1981-06-04 10:00:00,0.32680783,0.12980568,0.098013446,0.24175913953781128,0.12857435900252584,False
1981-06-04 11:00:00,0.3878967,0.13735646,0.106142744,0.2802326302528381,0.12852539967606116,False
1981-06-04 12:00:00,0.40924075,0.14463948,0.112496324,0.2955786827206611,0.12825071826385373,False
1981-06-04 13:00:00,0.4083985,0.13947809,0.10726235,0.2929055209010839,0.1282693746329584,False
1981-06-04 14:00:00,0.36336163,0.13176842,0.10025692,0.2636960794776678,0.12848757257056695,False
1981-06-04 15:00:00,0.29968286,0.11622211,0.08621461,0.22045855642855167,0.12892240389584214,False
1981-06-04 16:00:00,0.23952332,0.100427195,0.07321143,0.1792160088568926,0.12944091302680588,False
1981-06-04 17:00:00,0.17305768,0.09526853,0.06945076,0.13875870817899702,0.13041695138624132,False
1981-06-04 18:00:00,0.09456447,0.08889154,0.06485356,0.09086676942557095,0.13143957176084978,False
1981-06-04 19:00:00,0.034977734,0.09232225,0.070513435,0.05805678928643465,0.1322445363076625,False
1981-06-04 20:00:00,0.0034402162,0.08820829,0.07102349,0.03836913126707077,0.1328571140317972,False
1981-06-04 21:00:00,0.0,0.0948576,0.078395575,0.03923581668734551,0.13323110986358155,False
1981-06-04 22:00:00,0.0,0.1023454,0.08746961,0.04248881124705076,0.13350921270865151,False
1981-06-04 23:00:00,0.0,0.1077747,0.09330326,0.044807239495217796,0.1337119794494626,False
1981-06-05 00:00:00,0.0,0.111567274,0.09748744,0.046432645887136456,0.13376099144326659,False
1981-06-05 01:00:00,0.0,0.11125845,0.097298905,0.0463085078895092,0.1336934298779503,False
1981-06-05 02:00:00,0.0,0.111901544,0.097555004,0.046559639967977996,0.13347608946726328,False
1981-06-05 03:00:00,0.0001278156,0.11072466,0.09632112,0.04613248884487257,0.13311928727195269,False
1981-06-05 04:00:00,0.010670038,0.10981983,0.09550768,0.05183754375763237,0.13267042403306215,False
1981-06-05 05:00:00,0.055768088,0.113739744,0.0984543,0.07946468397974966,0.13218763602333788,False
1981-06-05 06:00:00,0.13047071,0.11908879,0.10331173,0.1248041960671544,0.13187225390884275,False
1981-06-05 07:00:00,0.19231454,0.13451971,0.115514845,0.16684106193482875,0.13186851856677972,False
1981-06-05 08:00:00,0.2799832,0.14891766,0.12586428,0.22329759000241756,0.13225866895004976,False
1981-06-05 09:00:00,0.35915098,0.16155572,0.13337539,0.2740464458018541,0.1332513930655444,False
1981-06-05 10:00:00,0.39609304,0.15738198,0.119780146,0.2930877635627985,0.1343512101920681,False
1981-06-05 11:00:00,0.4133875,0.1612207,0.122171216,0.30461227543652053,0.13599401244869325,False
1981-06-05 12:00:00,0.42761397,0.15409629,0.11851536,0.30999462325870986,0.13728776997675987,False
1981-06-05 13:00:00,0.40810445,0.14634289,0.11484964,0.2956786738783121,0.13772122198582806,False
1981-06-05 14:00:00,0.3693739,0.13632645,0.10747705,0.26923695275187487,0.13786325245714307,False
1981-06-05 15:00:00,0.3189686,0.12585606,0.09859228,0.2358097469359636,0.13825107679165768,False
1981-06-05 16:00:00,0.2584318,0.11232366,0.08959904,0.19540092177689075,0.13877894988088427,False
1981-06-05 17:00:00,0.19015253,0.096983485,0.07501942,0.14955596201866864,0.13932096735759508,False
1981-06-05 18:00:00,0.10636439,0.081988536,0.060801886,0.0949093255996704,0.1394587568656901,False
1981-06-05 19:00:00,0.039940704,0.0682911,0.050155014,0.05095357187464833,0.13934819323778022,False
1981-06-05 20:00:00,0.0033202376,0.054927777,0.04029409,0.02436000777967274,0.13894872261109323,False
1981-06-05 21:00:00,0.0,0.049074326,0.035947915,0.02004961360618472,0.13853310757207904,False
1981-06-05 22:00:00,0.0,0.03928218,0.028636713,0.01604150703549385,0.13808945498925854,False
1981-06-05 23:00:00,0.0,0.026862878,0.019583039,0.010969886217266321,0.1376306955074727,False
1981-06-06 00:00:00,0.0,0.021115903,0.015393496,0.008623016897588967,0.13720048330499077,False
1981-06-06 01:00:00,0.0,0.016056065,0.01170487,0.006556750763207674,0.13681898469392428,False
1981-06-06 02:00:00,0.0,0.016502185,0.012030094,0.006738931261003018,0.13653373090883936,False
1981-06-06 03:00:00,0.00011943094,0.019096872,0.013921618,0.007867424755815592,0.136311927003397,False
1981-06-06 04:00:00,0.012108337,0.022621486,0.016491065,0.01622435648366809,0.13612416345667558,False
1981-06-06 05:00:00,0.061258473,0.028656555,0.020890629,0.04704850151576102,0.13600130013091954,False
1981-06-06 06:00:00,0.1417111,0.030295398,0.022085344,0.09413891573250292,0.13599697644786132,False
1981-06-06 07:00:00,0.24461162,0.037390966,0.027258014,0.15641010447591544,0.13622514976695643,False
1981-06-06 08:00:00,0.34907678,0.055820756,0.040693328,0.22421259927004575,0.13722479322625167,False
1981-06-06 09:00:00,0.43778005,0.062744886,0.045741025,0.27822196843475105,0.13868636443538432,False
1981-06-06 10:00:00,0.5040839,0.0724291,0.056128085,0.32061364785581825,0.14051752425585404,False
1981-06-06 11:00:00,0.54175115,0.07243965,0.05578426,0.3423329916000366,0.14286982320228434,False
1981-06-06 12:00:00,0.49524182,0.07445792,0.058423623,0.31638437915593387,0.14536335733031075,False
1981-06-06 13:00:00,0.46422598,0.07725571,0.062171057,0.2997229835242033,0.14787872641575053,False
1981-06-06 14:00:00,0.4355226,0.07491549,0.062431466,0.2823116475343704,0.15016016254568934,False
1981-06-06 15:00:00,0.37711352,0.068067476,0.05713082,0.24579646471142766,0.1522017777054058,False
1981-06-06 16:00:00,0.31453118,0.057359595,0.047827184,0.20523284773901102,0.15362366440902617,False
1981-06-06 17:00:00,0.21840976,0.04692677,0.037670255,0.14537260456755755,0.15451051871100904,False
1981-06-06 18:00:00,0.119862415,0.03964605,0.032772385,0.08555971528589724,0.15461006475250388,False
1981-06-06 19:00:00,0.040683538,0.037114218,0.03171577,0.038882199205458164,0.15438531044830564,False
1981-06-06 20:00:00,0.0039473292,0.03877499,0.033963505,0.018419609394390135,0.15398759898119138,False
1981-06-06 21:00:00,0.0,0.042952314,0.038723867,0.01794049271196127,0.15360490165173266,False
1981-06-06 22:00:00,0.0,0.04898766,0.044294618,0.020468356121331452,0.15324802272725274,False
1981-06-06 23:00:00,0.0,0.05784323,0.05209077,0.024157053776085378,0.1529931948366494,False
1981-06-07 00:00:00,0.0,0.06723385,0.061322607,0.028120712555944918,0.15285351466188793,False
1981-06-07 01:00:00,0.0,0.07806393,0.0705692,0.032616326205432415,0.15277835164654888,False
1981-06-07 02:00:00,0.0,0.08599792,0.0774041,0.03591305250674486,0.15277192133227718,False
1981-06-07 03:00:00,0.00013738159,0.08862503,0.08033211,0.03711983860224427,0.15279747116582357,False
1981-06-07 04:00:00,0.013729343,0.09117243,0.08103051,0.0459401041213423,0.15284783320244053,False
1981-06-07 05:00:00,0.06985915,0.09354341,0.08205372,0.07925714719295501,0.15296368847452377,False
1981-06-07 06:00:00,0.16087455,0.10333869,0.08888753,0.13575651538372038,0.15310864935212573,False
1981-06-07 07:00:00,0.2903225,0.1138643,0.097998716,0.21482394798099994,0.15311944472869973,False
1981-06-07 08:00:00,0.4198148,0.12373096,0.10302126,0.2934530080407858,0.15275071559538558,False
1981-06-07 09:00:00,0.5365407,0.12726735,0.099935,0.3619421171844005,0.15199765061822526,False
1981-06-07 10:00:00,0.6273849,0.10743168,0.080643244,0.40599811299145216,0.1513916292110097,False
1981-06-07 11:00:00,0.65404403,0.11461339,0.08566973,0.42430191358178854,0.1507162340193626,False
1981-06-07 12:00:00,0.6663024,0.11296222,0.085051924,0.4307323393598199,0.1499841949295823,False
1981-06-07 13:00:00,0.6267169,0.10640224,0.079805985,0.405187608115375,0.14980147948010009,False
1981-06-07 14:00:00,0.56639045,0.09878469,0.0736229,0.3672344804182648,0.1496491942440109,False
1981-06-07 15:00:00,0.4673806,0.084159836,0.06160584,0.3040603087097406,0.14923422844726086,False
1981-06-07 16:00:00,0.36966744,0.06041594,0.044043217,0.23796992827206848,0.14892941436034432,False
1981-06-07 17:00:00,0.24038474,0.038279817,0.027905986,0.15433417201042174,0.14828333017512027,False
1981-06-07 18:00:00,0.12845121,0.024499515,0.017860146,0.084121118998155,0.14782031986927105,False
1981-06-07 19:00:00,0.044562206,0.015062539,0.010980591,0.03186342145316303,0.1476880516799737,False
1981-06-07 20:00:00,0.0038994993,0.009159736,0.0066774474,0.005990535965654999,0.1476790722797419,False
1981-06-07 21:00:00,2.8813256e-08,0.007149,0.005211621,0.0029194252311482475,0.1477284608258941,False
1981-06-07 22:00:00,0.0,0.0093292985,0.006801058,0.003809768286533654,0.14780573081943124,False
1981-06-07 23:00:00,0.0,0.010444645,0.007614146,0.004265237828716635,0.1479425485613375,False
1981-06-08 00:00:00,0.0,0.012281121,0.008952937,0.005015192161314189,0.14802900917917408,False
1981-06-08 01:00:00,0.0,0.015300235,0.011153871,0.006248095678165555,0.1480337719022847,False
1981-06-08 02:00:00,0.0,0.019505354,0.014219403,0.007965323271229863,0.14795594520350838,False
1981-06-08 03:00:00,0.00014905096,0.024974655,0.018206524,0.010284802513429893,0.14781803565375426,False
1981-06-08 04:00:00,0.012662791,0.035310477,0.026840987,0.021785409543663262,0.14765082718329312,False
1981-06-08 05:00:00,0.058480967,0.049042244,0.040120702,0.05400662364065646,0.14743424755018789,False
1981-06-08 06:00:00,0.12308521,0.056997508,0.04823793,0.09465709380805491,0.14697242567170374,False
1981-06-08 07:00:00,0.19145213,0.06815083,0.057325356,0.13871110607683657,0.14601199000835383,False
1981-06-08 08:00:00,0.2686001,0.08009948,0.06530577,0.1880654803663492,0.1447972893826101,False
1981-06-08 09:00:00,0.3656784,0.09270857,0.07272298,0.24913294088840482,0.14291163657708678,False
1981-06-08 10:00:00,0.43607888,0.08862757,0.07173322,0.28819467865675685,0.14018036416244967,False
1981-06-08 11:00:00,0.47231448,0.08438683,0.06538742,0.30719511529058213,0.13709873557411098,False
1981-06-08 12:00:00,0.47326532,0.08419932,0.06426667,0.30761403758078815,0.13432507733343133,False
1981-06-08 13:00:00,0.4527663,0.07588345,0.058632318,0.2924132921919226,0.13151023018075117,False
1981-06-08 14:00:00,0.4026015,0.07300297,0.058409654,0.2623932892903686,0.12924638785975015,False
1981-06-08 15:00:00,0.35212925,0.067809924,0.054906458,0.23116538853943347,0.12729276756595162,False
1981-06-08 16:00:00,0.2611707,0.05692405,0.0466731,0.17422080684825778,0.12578324523795356,False
1981-06-08 17:00:00,0.17995045,0.04663234,0.039062403,0.12314810988679527,0.12437458458816593,False
1981-06-08 18:00:00,0.105792694,0.043757804,0.037441265,0.07921084219962359,0.12374485253971651,False
1981-06-08 19:00:00,0.03489925,0.044062298,0.038061723,0.03845118799433112,0.12370565798985576,False
1981-06-08 20:00:00,0.00315168,0.0456037,0.03970324,0.020790259609697388,0.1241004427064734,False
1981-06-08 21:00:00,5.762651e-08,0.052053466,0.045216482,0.02164945240174372,0.12469352855364751,False
1981-06-08 22:00:00,0.0,0.06499046,0.05655792,0.027035607732832433,0.12535337832557025,False
1981-06-08 23:00:00,0.0,0.06807302,0.059041098,0.028307163432240486,0.12609468429621531,False
1981-06-09 00:00:00,0.0,0.0681667,0.059181664,0.028349323265254498,0.12688737047258522,False
1981-06-09 01:00:00,0.0,0.069449514,0.060255073,0.02888064466416836,0.12772975334733247,False
1981-06-09 02:00:00,0.0,0.07047158,0.060914483,0.02929339411854744,0.12857490103073407,False
1981-06-09 03:00:00,0.00014060868,0.06981312,0.060215935,0.029093832020109404,0.12940530537114,False
1981-06-09 04:00:00,0.011341963,0.06972247,0.06059956,0.03554428173229098,0.1302373912356596,False
1981-06-09 05:00:00,0.048906237,0.0693805,0.060544334,0.057089697025716306,0.1310388785204885,False
1981-06-09 06:00:00,0.107022405,0.06712427,0.05805223,0.08965560354292393,0.13180237759572494,False
1981-06-09 07:00:00,0.22211488,0.06830189,0.05841923,0.15651831794530152,0.1328835410294158,False
1981-06-09 08:00:00,0.29909217,0.0732411,0.061843026,0.20294167337566613,0.13427748148997354,False
1981-06-09 09:00:00,0.34135127,0.08189042,0.06784803,0.23084104128181934,0.13616750201847133,False
1981-06-09 10:00:00,0.39848548,0.067959145,0.056979507,0.25807994075119495,0.13770026433328517,False
1981-06-09 11:00:00,0.45003852,0.07602848,0.063695945,0.29116631802916526,0.13896589182752223,False
1981-06-09 12:00:00,0.4508536,0.085649796,0.07171078,0.2956196760311723,0.14023784829878286,False
1981-06-09 13:00:00,0.44092906,0.10179188,0.08418348,0.2965231767073273,0.14198609461138995,False
1981-06-09 14:00:00,0.39405206,0.11148561,0.091749616,0.27346070631593467,0.1439017223351049,False
1981-06-09 15:00:00,0.31941247,0.11435317,0.0945541,0.2316032369658351,0.14584073243694107,False
1981-06-09 16:00:00,0.22208376,0.10187422,0.08556111,0.170354217082262,0.1473984307826842,False
1981-06-09 17:00:00,0.1517484,0.08796303,0.0757379,0.12410703368484974,0.14915618676607223,False
1981-06-09 18:00:00,0.08589603,0.07842842,0.06921639,0.08223978060483933,0.15054927739252993,False
1981-06-09 19:00:00,0.031696223,0.077973984,0.06948087,0.0508130878508091,0.1516352207938554,False
1981-06-09 20:00:00,0.003322831,0.07785225,0.07062784,0.034458656630013136,0.15251372400128319,False
1981-06-09 21:00:00,1.1525302e-07,0.08282824,0.074602365,0.034592214283439296,0.1531161410754028,False
1981-06-09 22:00:00,0.0,0.09463841,0.08279412,0.039392454877495764,0.1535629291319732,False
1981-06-09 23:00:00,0.0,0.10179861,0.08797199,0.04231417429447174,0.15379231474124608,False
1981-06-10 00:00:00,0.0,0.10927707,0.094932064,0.04544957014918327,0.1539382880185243,False
1981-06-10 01:00:00,0.0,0.112556346,0.09781283,0.04681518448144197,0.15406874567358533,False
1981-06-10 02:00:00,0.0,0.114997335,0.09982806,0.04782473161071539,0.15415971896978806,False
1981-06-10 03:00:00,0.00012493427,0.1204512,0.10567306,0.05022492401037015,0.15418370465882833,False
1981-06-10 04:00:00,0.012376705,0.12761007,0.1116171,0.060256799215450886,0.15417785390234778,False
1981-06-10 05:00:00,0.05872625,0.13653137,0.11832329,0.09065457925200462,0.1541792099914862,False
1981-06-10 06:00:00,0.14019157,0.15800726,0.13625412,0.14655293862521648,0.15446548805328777,False
1981-06-10 07:00:00,0.22429782,0.18360175,0.15650664,0.20562024818360805,0.1553182719046133,False
1981-06-10 08:00:00,0.34321588,0.1947856,0.16435216,0.27878646573424337,0.15598618697519798,False
1981-06-10 09:00:00,0.4103053,0.20757191,0.1734323,0.3227055319994688,0.15717415647881178,False
1981-06-10 10:00:00,0.48218635,0.17064491,0.14361675,0.3489447983801364,0.15942133320034865,False
1981-06-10 11:00:00,0.49956188,0.19317374,0.16149472,0.36824902591109276,0.16193301896383436,False
1981-06-10 12:00:00,0.5242751,0.21531156,0.17728055,0.3915298605859279,0.16419633064315417,False
1981-06-10 13:00:00,0.50197923,0.22905815,0.18886945,0.3843634229302406,0.16624821507485657,False
1981-06-10 14:00:00,0.45822212,0.2201519,0.18213998,0.3554657741785049,0.16801995568277386,False
1981-06-10 15:00:00,0.38424137,0.20311359,0.17182823,0.3059349091351032,0.16929910301189321,False
1981-06-10 16:00:00,0.31690815,0.18219411,0.15754561,0.2585930940508842,0.1705430210689587,False
1981-06-10 17:00:00,0.21292163,0.1611067,0.14282042,0.19001645995676517,0.17175246528447993,False
1981-06-10 18:00:00,0.12597696,0.14011149,0.12863475,0.1313361254632473,0.17255202906242337,False
1981-06-10 19:00:00,0.048484664,0.12547451,0.11747399,0.08061934195086361,0.172983402780618,False
1981-06-10 20:00:00,0.004861833,0.11209517,0.102553405,0.04970627916743979,0.17314891056814616,False
1981-06-10 21:00:00,2.5931928e-07,0.10330634,0.09213131,0.04309527911712263,0.17324672699421542,False
1981-06-10 22:00:00,0.0,0.09173608,0.07769452,0.03804611697793007,0.1733489147115532,False
1981-06-10 23:00:00,0.0,0.08535001,0.07073571,0.03531388074159622,0.17354135980252508,False
1981-06-11 00:00:00,0.0,0.08382508,0.068145104,0.03461129070818424,0.17371562524540682,False
1981-06-11 01:00:00,0.0,0.08058551,0.06502426,0.033247362881898876,0.17384080752479245,False
1981-06-11 02:00:00,0.0,0.07367308,0.06035818,0.030444707192480564,0.1739636508969623,False
1981-06-11 03:00:00,0.00021212318,0.06935103,0.057408698,0.028812995709042298,0.17405664407676416,False
1981-06-11 04:00:00,0.016106868,0.06377262,0.05154842,0.035609374010935425,0.17411744576806695,False
1981-06-11 05:00:00,0.07943342,0.060740616,0.047864333,0.07083104399219155,0.1741057422897587,False
1981-06-11 06:00:00,0.17973378,0.06557215,0.04975393,0.1305892284065485,0.174102080988306,False
1981-06-11 07:00:00,0.27790508,0.069000386,0.05121981,0.18857824133336543,0.17391539265083092,False
1981-06-11 08:00:00,0.39791203,0.0742321,0.055135656,0.25996420954912897,0.17365599840747137,False
1981-06-11 09:00:00,0.5299065,0.08056743,0.05963123,0.33870552391558884,0.17324068340371615,False
1981-06-11 10:00:00,0.6012063,0.07732422,0.059484888,0.37864085739851,0.17319587736320316,False
1981-06-11 11:00:00,0.6352146,0.08105082,0.06256826,0.3998052786365151,0.1734111198713811,False
1981-06-11 12:00:00,0.6253993,0.0808612,0.06327692,0.3941101287528872,0.1740072855073146,False
1981-06-11 13:00:00,0.60696155,0.075676285,0.063432656,0.38156672588735824,0.17472435258879582,False
1981-06-11 14:00:00,0.526239,0.07493206,0.06611032,0.33485977811366313,0.17525027315558808,False
1981-06-11 15:00:00,0.45074335,0.07470636,0.06788417,0.29131130370497704,0.17582971089449342,False
1981-06-11 16:00:00,0.34178525,0.0745727,0.06815044,0.2284075394272804,0.17654779927641717,False
1981-06-11 17:00:00,0.22551493,0.07737468,0.07060594,0.16248609502613542,0.17713731321342854,False
1981-06-11 18:00:00,0.11912869,0.081878856,0.073984586,0.10294571907818317,0.17803008669544576,False
1981-06-11 19:00:00,0.040449686,0.08485145,0.0760705,0.05875746165215969,0.1787669930615581,False
1981-06-11 20:00:00,0.0028541258,0.08992798,0.08006649,0.039153845081338665,0.1793101342444582,False
1981-06-11 21:00:00,4.0338554e-07,0.09484112,0.08334477,0.0394972247156521,0.17989587920217917,False
1981-06-11 22:00:00,0.0,0.11681788,0.10229672,0.04862981924414635,0.18055376780735086,False
1981-06-11 23:00:00,0.0,0.12171651,0.10676897,0.05067891555279493,0.18122559332245716,False
1981-06-12 00:00:00,0.0,0.123496726,0.10903755,0.051458319559693336,0.18209281878409664,False
1981-06-12 01:00:00,0.0,0.12635916,0.11268768,0.05271166634559631,0.18291253335544597,False
1981-06-12 02:00:00,0.0,0.12530477,0.1120545,0.05228840424120426,0.18366741951605062,False
1981-06-12 03:00:00,7.02179e-05,0.12734021,0.11322872,0.05314340519290272,0.18436769772138203,False
1981-06-12 04:00:00,0.011644992,0.12727995,0.111288324,0.0596950322566554,0.18498631811679414,False
1981-06-12 05:00:00,0.061777286,0.13183695,0.11454644,0.09047883678227663,0.18550341332395326,False
1981-06-12 06:00:00,0.14033256,0.13589686,0.11989012,0.13759189842641353,0.1860108218034147,False
1981-06-12 07:00:00,0.22770624,0.14825857,0.13102618,0.1931693245023489,0.18661215890689828,False
1981-06-12 08:00:00,0.32813317,0.16702558,0.14603832,0.2588513455539942,0.18685133157587064,False
1981-06-12 09:00:00,0.42084724,0.18704525,0.1612276,0.32055484205484386,0.1869405281159755,False
1981-06-12 10:00:00,0.4945192,0.17752367,0.15615968,0.35927643877267834,0.18643162436016913,False
1981-06-12 11:00:00,0.54620904,0.1963259,0.1714464,0.39686497643589974,0.18638282920817925,False
1981-06-12 12:00:00,0.5759985,0.22520247,0.1944119,0.4259490804970264,0.18679099072323882,False
1981-06-12 13:00:00,0.5363524,0.2411195,0.2066515,0.40960761013627056,0.18781170295204117,False
1981-06-12 14:00:00,0.49222004,0.23892924,0.20560981,0.3832787856459617,0.18873509175433237,False
1981-06-12 15:00:00,0.4188569,0.2374617,0.20554368,0.3404031514674425,0.18959602098518133,False
1981-06-12 16:00:00,0.32554254,0.23817721,0.2067468,0.2868897630274296,0.1898780591966934,False
1981-06-12 17:00:00,0.23466612,0.23428251,0.2040183,0.23286958709359168,0.1899749997077549,False
1981-06-12 18:00:00,0.13572624,0.21231247,0.1861164,0.16670763103663921,0.19006771475350256,False
1981-06-12 19:00:00,0.044185013,0.19483674,0.17223354,0.1066901187300682,0.19011023154771348,False
1981-06-12 20:00:00,0.004806973,0.17985168,0.16079895,0.07782203713804484,0.19014135981205624,False
1981-06-12 21:00:00,5.762651e-07,0.17897314,0.15986133,0.07467393216536419,0.190112389422992,False
1981-06-12 22:00:00,0.0,0.16823035,0.15216187,0.07029374170303344,0.19008135938917992,False
1981-06-12 23:00:00,0.0,0.18461768,0.16327366,0.07694070290029048,0.18999615839816406,False
1981-06-13 00:00:00,0.0,0.17752856,0.15647317,0.07395759013295172,0.1898974182293169,False
1981-06-13 01:00:00,0.0,0.16688214,0.14634052,0.06948189859092235,0.1897600218252629,False
1981-06-13 02:00:00,0.0,0.15386097,0.13487709,0.06405806104838849,0.18953973334835617,False
1981-06-13 03:00:00,0.00018786242,0.1403536,0.12236848,0.058506774688823496,0.1893064129244886,False
1981-06-13 04:00:00,0.015351443,0.124120615,0.10688249,0.060429943954572074,0.18908099134327275,False
1981-06-13 05:00:00,0.07830676,0.12077581,0.10069218,0.09518665100634098,0.18889091312371867,False
1981-06-13 06:00:00,0.17834719,0.1369023,0.111669146,0.1594534093737602,0.18876217053363772,False
1981-06-13 07:00:00,0.26087186,0.11985027,0.09834663,0.20005852944403885,0.18874103845126977,False
1981-06-13 08:00:00,0.38157794,0.10644185,0.088854276,0.26424564347416163,0.18900989735715143,False
1981-06-13 09:00:00,0.4747796,0.09745485,0.080916114,0.31427814363688233,0.18937707721068264,False
1981-06-13 10:00:00,0.5888485,0.08853873,0.07152465,0.3762986901029944,0.1896963475247105,False
1981-06-13 11:00:00,0.65881586,0.09531952,0.075692184,0.41939703135937456,0.18991218411486646,False
1981-06-13 12:00:00,0.6965848,0.10010599,0.07844005,0.44310431573539966,0.1898613074856381,False
1981-06-13 13:00:00,0.66538906,0.10175954,0.081678346,0.425889388397336,0.1894833306030562,False
1981-06-13 14:00:00,0.57984054,0.10054318,0.08362882,0.3761843811944127,0.18918041562784516,False
1981-06-13 15:00:00,0.46078163,0.09392603,0.07998946,0.3048491378575563,0.1887124785054356,False
1981-06-13 16:00:00,0.33645207,0.09342127,0.08250725,0.2330606839582324,0.18792421339730472,False
1981-06-13 17:00:00,0.22442923,0.08992411,0.07886577,0.166936417222023,0.18699453890694975,False
1981-06-13 18:00:00,0.12079842,0.084681794,0.074782535,0.10498652520030735,0.18594006943577332,False
1981-06-13 19:00:00,0.04357195,0.084076166,0.0756759,0.060251618340611456,0.18511298426549935,False
1981-06-13 20:00:00,0.0035841384,0.08550382,0.076746486,0.03776326640625484,0.18459141783384037,False
1981-06-13 21:00:00,1.4406628e-07,0.09096816,0.08223052,0.03800778309267257,0.1840828742044568,False
1981-06-13 22:00:00,0.0,0.10665924,0.09597985,0.044540171675384044,0.18349429814644772,False
1981-06-13 23:00:00,0.0,0.11027219,0.097202756,0.04593938744813204,0.1828809880594412,False
1981-06-14 00:00:00,0.0,0.10822474,0.09126597,0.04486329216510057,0.18213476246536395,False
1981-06-14 01:00:00,0.0,0.10159187,0.08611888,0.0421378194540739,0.18141782949805876,False
1981-06-14 02:00:00,0.0,0.09892359,0.08493001,0.0410890238955617,0.1807792315221081,False
1981-06-14 03:00:00,3.0772557e-05,0.10194944,0.08677909,0.042323169294541,0.18020715071062246,False
1981-06-14 04:00:00,0.00942349,0.10860783,0.093659915,0.050571277718059714,0.17967847889355695,False
1981-06-14 05:00:00,0.06097412,0.118257016,0.10148677,0.08429919245839118,0.17918507982468856,False
1981-06-14 06:00:00,0.14600465,0.12596272,0.108382106,0.13657755847275257,0.17846542036328158,False
1981-06-14 07:00:00,0.25110042,0.1475441,0.12492289,0.20607455198466776,0.17737097563358337,False
1981-06-14 08:00:00,0.3546371,0.17375183,0.14325841,0.27647597852349276,0.17669175643749846,False
1981-06-14 09:00:00,0.44894156,0.18602279,0.1518172,0.33587981712818143,0.17591643648529118,False
1981-06-14 10:00:00,0.51934046,0.1695362,0.1373758,0.36963659510016444,0.17504224548345745,False
1981-06-14 11:00:00,0.54451805,0.19435549,0.15775567,0.39442289823293686,0.17349158741949441,False
1981-06-14 12:00:00,0.55124843,0.21735445,0.17651953,0.40780619013309477,0.17152351469232704,False
1981-06-14 13:00:00,0.52395433,0.22463915,0.18248512,0.3950676913261413,0.1692314731532677,False
1981-06-14 14:00:00,0.46236575,0.22776029,0.18498561,0.36081780377030376,0.16727364772756584,False
1981-06-14 15:00:00,0.37346765,0.21067783,0.17287907,0.3025664262771606,0.16613006717273657,False
1981-06-14 16:00:00,0.28249738,0.191795,0.15726008,0.24226538749039173,0.1660702386203191,False
1981-06-14 17:00:00,0.19214205,0.17268793,0.14198592,0.18225505247712134,0.16618437000593483,False
1981-06-14 18:00:00,0.10742973,0.1573607,0.12878686,0.1270075428634882,0.16638994033460508,False
1981-06-14 19:00:00,0.03974405,0.1421963,0.115781106,0.08165493001043797,0.16663903448898038,False
1981-06-14 20:00:00,0.004135451,0.12352616,0.10082655,0.053411942927632475,0.16693233227478033,False
1981-06-14 21:00:00,1.1813435e-06,0.11229247,0.092327386,0.046422281380929124,0.16731502529780828,False
1981-06-14 22:00:00,0.0,0.09851069,0.083415054,0.040854857526719565,0.16775561344911707,False
1981-06-14 23:00:00,0.0,0.099066354,0.08456277,0.04112187438458204,0.1682368687499258,False
1981-06-15 00:00:00,0.0,0.095196396,0.08180255,0.03954480770230293,0.1686138621467109,False
1981-06-15 01:00:00,0.0,0.0934869,0.08023205,0.03882919574528932,0.16894123027063337,False
1981-06-15 02:00:00,0.0,0.088092506,0.075778656,0.03659818209707737,0.1693244496263507,False
1981-06-15 03:00:00,0.00012948678,0.07947786,0.069045976,0.03313052746967878,0.1697147247298564,False
1981-06-15 04:00:00,0.0100205,0.074410655,0.06495238,0.036746788648888466,0.1700710046461101,False
1981-06-15 05:00:00,0.053158265,0.07201961,0.06287858,0.06064299685880541,0.17047705074160832,False
1981-06-15 06:00:00,0.12656328,0.08182584,0.06850584,0.10692006234824657,0.17096839043057374,False
1981-06-15 07:00:00,0.22587211,0.08996233,0.072809204,0.16745600803196425,0.17162005273557115,False
1981-06-15 08:00:00,0.32820803,0.09169377,0.07072691,0.22703028576821085,0.1723651508225765,False
1981-06-15 09:00:00,0.40215927,0.09819567,0.07475688,0.2723169755488634,0.17323089630988897,False
1981-06-15 10:00:00,0.456201,0.094243206,0.07154427,0.30186710303276776,0.1743191720156636,False
1981-06-15 11:00:00,0.48504585,0.10992876,0.08322914,0.32492954045534134,0.17537902222039958,False
1981-06-15 12:00:00,0.48869935,0.124423504,0.09619492,0.3330863218605518,0.17667640903617102,False
1981-06-15 13:00:00,0.47661123,0.13820302,0.1094847,0.3319137679636478,0.17793526261262751,False
1981-06-15 14:00:00,0.4523542,0.1462221,0.117188714,0.3212925145626068,0.1797092621322737,False
1981-06-15 15:00:00,0.41809294,0.14686595,0.121189035,0.3019773673415184,0.18177953799652716,False
1981-06-15 16:00:00,0.31649932,0.13499342,0.11307981,0.2385389904677868,0.1843238624069856,False
1981-06-15 17:00:00,0.21471475,0.12722509,0.11050602,0.17680379299819468,0.18657613655422045,False
1981-06-15 18:00:00,0.11512475,0.12134171,0.106314324,0.11694304461032153,0.18830006205098246,False
1981-06-15 19:00:00,0.040359534,0.122445375,0.108520694,0.07432991205900907,0.18959272594945667,False
1981-06-15 20:00:00,0.004125568,0.12894061,0.11431468,0.05613253151159733,0.19058606074977205,False
1981-06-15 21:00:00,1.23897e-06,0.14167355,0.12736592,0.059156014355494224,0.19140307569032075,False
1981-06-15 22:00:00,0.0,0.1616684,0.14786638,0.06764042611420154,0.1921996796239556,False
1981-06-15 23:00:00,0.0,0.15305655,0.13994823,0.06403507049381732,0.193163726744374,False
1981-06-16 00:00:00,0.0,0.1445944,0.13373385,0.06057696211338043,0.19400794534444968,False
1981-06-16 01:00:00,0.0,0.14444374,0.13393722,0.06053234852850437,0.19480869180303229,False
1981-06-16 02:00:00,0.0,0.14277934,0.13216026,0.059822228863835335,0.195541377033239,False
1981-06-16 03:00:00,0.00017233207,0.14162372,0.13085216,0.05942460527471848,0.19622132675549178,False
1981-06-16 04:00:00,0.013802786,0.14836983,0.13608915,0.07006149030197412,0.19692103878337183,False
1981-06-16 05:00:00,0.067709096,0.1647933,0.14827079,0.10788349752873182,0.19762609887396987,False
1981-06-16 06:00:00,0.14600089,0.20083727,0.17603485,0.1678573491126299,0.19833636052016237,False
1981-06-16 07:00:00,0.24299827,0.24484658,0.20890497,0.241839260160923,0.19913555129627455,False
1981-06-16 08:00:00,0.3446297,0.28753138,0.24224712,0.3180317619144917,0.19960781532349756,False
1981-06-16 09:00:00,0.4377569,0.32725865,0.27357188,0.3881170510053634,0.20007452968564574,False
1981-06-16 10:00:00,0.49519038,0.3252894,0.27319938,0.4205094049274921,0.2003011415140772,False
1981-06-16 11:00:00,0.5294058,0.36541918,0.3035307,0.4566974653899669,0.2008054442459476,False
1981-06-16 12:00:00,0.51903874,0.40798154,0.33704853,0.4682311618030071,0.20140599979935903,False
1981-06-16 13:00:00,0.51617163,0.44068658,0.366209,0.48021966826915735,0.20224198491633005,False
1981-06-16 14:00:00,0.465247,0.46318424,0.3857137,0.46019104525446886,0.20293421862998426,False
1981-06-16 15:00:00,0.4115531,0.4519966,0.37853903,0.4246939979791641,0.20301002062711934,False
1981-06-16 16:00:00,0.312334,0.41111454,0.34178817,0.35037454655766487,0.20294272409234262,False
1981-06-16 17:00:00,0.21595097,0.3389939,0.28353736,0.26500347632169724,0.20281405747381417,False
1981-06-16 18:00:00,0.12483307,0.2818652,0.24108271,0.18905540999025106,0.20282553785335342,False
1981-06-16 19:00:00,0.04722573,0.24536158,0.21383947,0.12933500042557716,0.20272656532619837,False
1981-06-16 20:00:00,0.004989332,0.21535026,0.19047354,0.09262866007396951,0.20250317815095875,False
1981-06-16 21:00:00,1.5559158e-06,0.20302355,0.18042003,0.08465927019540276,0.20210287368400712,False
1981-06-16 22:00:00,0.0,0.20900476,0.18530302,0.08712911930680275,0.2015754131762392,False
1981-06-16 23:00:00,0.0,0.19576025,0.17423768,0.08164436718821526,0.20091581815705517,False
1981-06-17 00:00:00,0.0,0.18698625,0.16634649,0.07798063771426678,0.2002975657339289,False
1981-06-17 01:00:00,0.0,0.1775751,0.15690511,0.07399808679521083,0.19975061048745058,False
1981-06-17 02:00:00,0.0,0.16618365,0.14655559,0.0692357687652111,0.19920485441890426,False
1981-06-17 03:00:00,7.842968e-05,0.16006207,0.14089899,0.0667167048079209,0.19867408736553857,False
1981-06-17 04:00:00,0.010048449,0.15557222,0.13676979,0.07058967299759389,0.1981581308134657,False
1981-06-17 05:00:00,0.04924937,0.15928668,0.13966455,0.09473555587604642,0.19756778559866559,False
1981-06-17 06:00:00,0.11858928,0.18512547,0.15822047,0.14528121960163115,0.1966326019435054,False
1981-06-17 07:00:00,0.18772967,0.19718504,0.16747002,0.19012468133866783,0.19506256856584805,False
1981-06-17 08:00:00,0.28636307,0.20292951,0.17259438,0.24943257515132428,0.19279616567509753,False
1981-06-17 09:00:00,0.34776792,0.19878255,0.17002766,0.28319434331357474,0.18983001547975972,False
1981-06-17 10:00:00,0.42740571,0.19098826,0.16640499,0.3260736341625452,0.18632140872023883,False
1981-06-17 11:00:00,0.47387674,0.19327715,0.1668529,0.35375620701909066,0.18280905907307946,False
1981-06-17 12:00:00,0.5043507,0.19813283,0.16837458,0.3732136074751615,0.17922461956880872,False
1981-06-17 13:00:00,0.49130836,0.19710936,0.16523536,0.36514098621904845,0.1755453225605675,False
1981-06-17 14:00:00,0.42636326,0.19085908,0.15726684,0.32493101042509076,0.17149688076866054,False
1981-06-17 15:00:00,0.39569542,0.17041114,0.13979939,0.2987471336722373,0.16738626141770319,False
1981-06-17 16:00:00,0.29414532,0.15136181,0.12571552,0.2323629927784204,0.1634537020656455,False
1981-06-17 17:00:00,0.21272454,0.13171114,0.111321904,0.1773548512160778,0.16012767422185475,False
1981-06-17 18:00:00,0.11807896,0.105869606,0.092498474,0.11219236330688,0.15756267946354932,False
1981-06-17 19:00:00,0.043960758,0.09163238,0.082030036,0.06360732764750719,0.15557562768895686,False
1981-06-17 20:00:00,0.0044407276,0.08210904,0.075136684,0.03691791709791869,0.1540902935071092,False
1981-06-17 21:00:00,1.4406626e-06,0.08082688,0.074295565,0.03383790998263544,0.15294340070567755,False
1981-06-17 22:00:00,0.0,0.0860741,0.07812079,0.035979865193367,0.15190770456630767,False
1981-06-17 23:00:00,0.0,0.08210484,0.07522719,0.034358954183757305,0.1508122822713855,False
1981-06-18 00:00:00,0.0,0.082017064,0.075163215,0.03432311028242111,0.14983682258630202,False
1981-06-18 01:00:00,0.0,0.08207286,0.07502169,0.03433605723828077,0.14889473914232135,False
1981-06-18 02:00:00,0.0,0.08211751,0.07488978,0.03434541030228138,0.14798803209483652,False
1981-06-18 03:00:00,0.00017498288,0.08264333,0.07522846,0.03465869077522075,0.1471362676822397,False
1981-06-18 04:00:00,0.010583656,0.085224986,0.07722464,0.04172491999156772,0.14634655246510023,False
1981-06-18 05:00:00,0.043941855,0.090200774,0.080669366,0.06299468208104371,0.14554242300159614,False
1981-06-18 06:00:00,0.0888627,0.098968744,0.087083355,0.09249574698507784,0.1446055416735169,False
1981-06-18 07:00:00,0.15147905,0.10977244,0.095231116,0.13305192140489816,0.14332563275505175,False
1981-06-18 08:00:00,0.21328488,0.12676853,0.107659064,0.1756565525382757,0.14174004759448275,False
1981-06-18 09:00:00,0.28402328,0.13471049,0.11322815,0.21970392654836174,0.13969851650983411,False
1981-06-18 10:00:00,0.33905503,0.1358076,0.1142382,0.251916621863842,0.13757833134835903,False
1981-06-18 11:00:00,0.3948669,0.13717811,0.11458219,0.2846443691849708,0.1349972825538026,False
1981-06-18 12:00:00,0.4053091,0.13942926,0.11689172,0.29162490540742875,0.13201331447261702,False
1981-06-18 13:00:00,0.39434972,0.14086516,0.11806346,0.2858944622576236,0.12902582683960293,False
1981-06-18 14:00:00,0.35295147,0.14300454,0.11962307,0.262881316408515,0.12635584051940907,False
1981-06-18 15:00:00,0.30528718,0.14441359,0.120219074,0.23593114908039567,0.12423333055963436,False
1981-06-18 16:00:00,0.23828886,0.12837942,0.10852832,0.1907252100557089,0.12202079268283837,False
1981-06-18 17:00:00,0.16092257,0.118114725,0.100871675,0.14188372792303564,0.120311529345916,False
1981-06-18 18:00:00,0.08643815,0.10529357,0.09164416,0.09367692480981349,0.11887689333753354,False
1981-06-18 19:00:00,0.03280876,0.09422872,0.08033162,0.05803895969688892,0.11797269461753006,False
1981-06-18 20:00:00,0.0046564233,0.084173195,0.07094704,0.03757780560525134,0.11733000962078109,False
1981-06-18 21:00:00,1.7864218e-06,0.08409767,0.07245898,0.03494585550564761,0.11682681356058926,False
1981-06-18 22:00:00,0.0,0.08295043,0.07296558,0.03454884915053844,0.11633138344103744,False
1981-06-18 23:00:00,0.0,0.083995886,0.07088556,0.034822302304208276,0.11581859549628377,False
1981-06-19 00:00:00,0.0,0.079213746,0.06538445,0.032760632403194906,0.11537649540048832,False
1981-06-19 01:00:00,0.0,0.07378607,0.060168292,0.030476148515939713,0.11498517850674496,False
1981-06-19 02:00:00,0.0,0.068716675,0.055455998,0.02835107696056366,0.1146330026344377,False
1981-06-19 03:00:00,0.0001856438,0.06950274,0.056606416,0.02881037438522617,0.11429190778131404,False
1981-06-19 04:00:00,0.009022756,0.064866215,0.05277214,0.031991458749398585,0.11393004231063673,False
1981-06-19 05:00:00,0.04095421,0.0633263,0.051245715,0.04976525212824344,0.11356827075125518,False
1981-06-19 06:00:00,0.099810325,0.0637121,0.050838336,0.08384559151530266,0.11334311348609184,False
1981-06-19 07:00:00,0.15397315,0.061285492,0.047402613,0.11401659363135694,0.11341774235671566,False
1981-06-19 08:00:00,0.22376767,0.054643568,0.04003078,0.15143908308818935,0.11365728681679994,False
1981-06-19 09:00:00,0.27898616,0.050078712,0.036507383,0.18142545556277034,0.11419948949934473,False
1981-06-19 10:00:00,0.31164864,0.05475977,0.03991987,0.20218329202383756,0.1148417051535987,False
1981-06-19 11:00:00,0.32929736,0.050251883,0.036633622,0.21052573912218212,0.11468594003148558,False
1981-06-19 12:00:00,0.36250415,0.05056568,0.03686238,0.22981420109048487,0.11417440546449455,False
1981-06-19 13:00:00,0.37582737,0.049292177,0.035933997,0.23698164284974332,0.11319066206557858,False
1981-06-19 14:00:00,0.35523105,0.04427944,0.032279715,0.22305053235590458,0.1123114521448146,False
1981-06-19 15:00:00,0.30460823,0.041106187,0.029966414,0.19254531558603047,0.11169198801451853,False
1981-06-19 16:00:00,0.23261686,0.039403234,0.028863575,0.1503183526061475,0.11082739858505808,False
1981-06-19 17:00:00,0.16273662,0.035664774,0.026536828,0.10849232281371951,0.11027924406549765,False
1981-06-19 18:00:00,0.097321145,0.030862095,0.023118721,0.06879082474671304,0.11002896456767676,False
1981-06-19 19:00:00,0.037330944,0.027397245,0.020535363,0.032758447803556925,0.11001816164676903,False
1981-06-19 20:00:00,0.004782251,0.024445806,0.018234167,0.01276450620871037,0.1100412474659383,False
1981-06-19 21:00:00,2.3050604e-06,0.02459649,0.01814499,0.0100572642441482,0.11013695211936475,False
1981-06-19 22:00:00,0.0,0.027829463,0.020314299,0.011366043845191597,0.1102454048595161,False
1981-06-19 23:00:00,0.0,0.032172486,0.023453744,0.013138149585574865,0.11044003081971339,False
1981-06-20 00:00:00,0.0,0.03804678,0.027789578,0.015539899382740259,0.11061109152433952,False
1981-06-20 01:00:00,0.0,0.042624928,0.03153735,0.017431615367531773,0.11080044395148314,False
1981-06-20 02:00:00,0.0,0.043983053,0.032279827,0.017972857352346182,0.11100693356941944,False
1981-06-20 03:00:00,0.00015144247,0.042028226,0.031358343,0.01728914818271005,0.11123842601615495,False
1981-06-20 04:00:00,0.011342395,0.043508876,0.03260274,0.024359885141253472,0.11143285673113708,False
1981-06-20 05:00:00,0.056808352,0.047387,0.03560946,0.05218713335320354,0.11164012721757262,False
1981-06-20 06:00:00,0.12683946,0.0559187,0.041806746,0.0960779327750206,0.11188933318040502,False
1981-06-20 07:00:00,0.20513213,0.06411836,0.04683597,0.14455005548894406,0.11221035436736898,False
1981-06-20 08:00:00,0.29589948,0.07571093,0.055758294,0.20168228130042554,0.11279074294805073,False
1981-06-20 09:00:00,0.37387997,0.08497138,0.0638351,0.25053027795255184,0.11358076731622076,False
1981-06-20 10:00:00,0.35629657,0.09445146,0.07415163,0.24443989600241184,0.11483098170310736,False
1981-06-20 11:00:00,0.38745865,0.08880673,0.069581166,0.2600907099694013,0.11637688798917316,False
1981-06-20 12:00:00,0.3602066,0.08883905,0.07008155,0.24440522225946187,0.11865477102174282,False
1981-06-20 13:00:00,0.3566569,0.091998324,0.07322163,0.24369238606095314,0.12102749950650317,False
1981-06-20 14:00:00,0.33900654,0.09094427,0.073737554,0.23314703815430404,0.12316927762292805,False
1981-06-20 15:00:00,0.2684171,0.09554556,0.07959044,0.19443085646629335,0.12491534723196036,False
1981-06-20 16:00:00,0.21293347,0.10017227,0.08495587,0.16441379311680793,0.1264989718530375,False
1981-06-20 17:00:00,0.15289982,0.10017385,0.08672159,0.1298703120276332,0.1279850092671704,False
1981-06-20 18:00:00,0.09093353,0.09767011,0.08610124,0.09315838460624218,0.12933053976959094,False
1981-06-20 19:00:00,0.032794815,0.096407264,0.08611464,0.05914707901701331,0.13031761372817072,False
1981-06-20 20:00:00,0.004344578,0.094995715,0.08539609,0.04217162896972149,0.13103302983937795,False
1981-06-20 21:00:00,3.3711508e-06,0.09613112,0.086615875,0.04015158703291263,0.1315370307531954,False
1981-06-20 22:00:00,0.0,0.10501864,0.095166996,0.04389089524000883,0.13196551727453634,False
1981-06-20 23:00:00,0.0,0.10308436,0.092501596,0.043033216126263145,0.13231573419933132,False
1981-06-21 00:00:00,0.0,0.1003827,0.08904319,0.04184954890608788,0.13259007230246364,False
1981-06-21 01:00:00,0.0,0.09682368,0.086290985,0.04038765017688274,0.1327660725206036,False
1981-06-21 02:00:00,0.0,0.09453072,0.08483111,0.03946271440386772,0.13288678241133614,False
1981-06-21 03:00:00,0.0001200072,0.09113214,0.08233415,0.038143048704369,0.13296075046955533,False
1981-06-21 04:00:00,0.010383202,0.086029485,0.07786027,0.04194044209830463,0.1330220327941994,False
1981-06-21 05:00:00,0.047663603,0.08179571,0.0748634,0.06172713834419846,0.13310622249953666,False
1981-06-21 06:00:00,0.11300857,0.081345,0.07467327,0.099254608489573,0.13325690736721177,False
1981-06-21 07:00:00,0.18795562,0.07988802,0.073077284,0.14187524550408126,0.13358882504226857,False
1981-06-21 08:00:00,0.26938093,0.08125145,0.073068015,0.1893602527603507,0.13372972239428418,False
1981-06-21 09:00:00,0.3616642,0.078468725,0.07038037,0.24143574613332747,0.1336417333700871,False
1981-06-21 10:00:00,0.4221945,0.078530096,0.07042511,0.27638679375499486,0.13353839952466295,False
1981-06-21 11:00:00,0.49389505,0.083620146,0.07464527,0.31986412468552583,0.13407856760948803,False
1981-06-21 12:00:00,0.5285815,0.092846535,0.08246799,0.34370516835898157,0.134778399711345,False
1981-06-21 13:00:00,0.5143596,0.10324987,0.090783425,0.3397869924381375,0.13593829240345925,False
1981-06-21 14:00:00,0.4509383,0.1121554,0.09787266,0.3068618735894561,0.1370370543149244,False
1981-06-21 15:00:00,0.38148975,0.116371214,0.10182836,0.26855929739773265,0.1377107272399844,False
1981-06-21 16:00:00,0.2977932,0.11979332,0.10403208,0.22164814848452805,0.13847810181465683,False
1981-06-21 17:00:00,0.21920873,0.11204212,0.09723714,0.17307778692990541,0.13898949134709374,False
1981-06-21 18:00:00,0.1298431,0.0990699,0.086928,0.11617037475854158,0.13908669272502325,False
1981-06-21 19:00:00,0.05316192,0.08740042,0.07728219,0.06709842114150524,0.13884140085171504,False
1981-06-21 20:00:00,0.0065436913,0.079576954,0.07068415,0.03695655007194728,0.13842320585319368,False
1981-06-21 21:00:00,4.1202957e-06,0.07345413,0.06514198,0.03062461726851416,0.13775412078272223,False
1981-06-21 22:00:00,0.0,0.0677417,0.058884613,0.028176456235349177,0.1370225508062058,False
1981-06-21 23:00:00,0.0,0.063537754,0.052980505,0.026306378535926343,0.13619454906674852,False
1981-06-22 00:00:00,0.0,0.058183223,0.046635196,0.023987909853458406,0.13538454093327798,False
1981-06-22 01:00:00,0.0,0.05646305,0.04427452,0.023225690122693776,0.13459868599472155,False
1981-06-22 02:00:00,0.0,0.052457757,0.040118735,0.021523324146866796,0.13385537812716844,False
1981-06-22 03:00:00,0.00021416893,0.049149893,0.03649655,0.02023069976562692,0.13314784002127178,False
1981-06-22 04:00:00,0.015396622,0.047738075,0.03521834,0.02840099099744111,0.13248963155729201,False
1981-06-22 05:00:00,0.07034431,0.04609355,0.03375597,0.059420007001608606,0.13196003123597677,False
1981-06-22 06:00:00,0.15973002,0.048597977,0.035427924,0.11200998117774724,0.1317642709226329,False
1981-06-22 07:00:00,0.23098424,0.044164356,0.032195818,0.15131312838569283,0.13195216904646376,False
1981-06-22 08:00:00,0.31569198,0.0374775,0.027321097,0.19745880813896655,0.13244805475848076,False
1981-06-22 09:00:00,0.40157044,0.033950206,0.024749702,0.24557025337219235,0.13321118114605204,False
1981-06-22 10:00:00,0.45046923,0.025582984,0.018649995,0.2703679640740156,0.13402533519310536,False
1981-06-22 11:00:00,0.49248487,0.023309683,0.01699276,0.29368265085853634,0.1349165805826954,False
1981-06-22 12:00:00,0.5018548,0.025736386,0.018761825,0.30008007148094473,0.13553717025831,False
1981-06-22 13:00:00,0.4927552,0.029662618,0.02162405,0.2964329578112811,0.13596737146109622,False
1981-06-22 14:00:00,0.43390012,0.037032884,0.026996972,0.26548333855718376,0.1360164681914011,False
1981-06-22 15:00:00,0.37142357,0.041515294,0.030264651,0.23126483605057,0.13633077630505244,False
1981-06-22 16:00:00,0.29772294,0.042056285,0.030659031,0.1889604906737804,0.13630900396045578,False
1981-06-22 17:00:00,0.20922416,0.033826604,0.024659596,0.1345359781682491,0.13602782210757927,False
1981-06-22 18:00:00,0.12472658,0.023060536,0.01681113,0.08138437468744815,0.13550891956818725,False
1981-06-22 19:00:00,0.055391867,0.017417248,0.012697173,0.03907371908798814,0.13487826654949273,False
1981-06-22 20:00:00,0.007313351,0.01429047,0.010417753,0.010055545587092636,0.13420300550610223,False
1981-06-22 21:00:00,4.3219884e-06,0.012326526,0.008986039,0.0050362281601233,0.1335552548632822,False
1981-06-22 22:00:00,0.0,0.010154645,0.007402736,0.004146811746060848,0.13294423532815577,False
1981-06-22 23:00:00,0.0,0.010169372,0.0074134716,0.0041528257196769116,0.13237644351203212,False
1981-06-23 00:00:00,0.0,0.0101098325,0.0073700678,0.004128511855378747,0.13184216260138795,False
1981-06-23 01:00:00,0.0,0.01153101,0.008406106,0.004708872534334659,0.13135221686230228,False
1981-06-23 02:00:00,0.0,0.013470478,0.009819978,0.005500885320827365,0.13087465875389184,False
1981-06-23 03:00:00,0.00022266882,0.01572257,0.011461751,0.006549042433340219,0.13043324366581524,False
1981-06-23 04:00:00,0.016215034,0.01754199,0.01278811,0.016519626675173642,0.130025079009163,False
1981-06-23 05:00:00,0.075643696,0.021265803,0.015502769,0.05233064330369233,0.12961845905900415,False
1981-06-23 06:00:00,0.16618839,0.030323332,0.02210571,0.10827371843345462,0.12928251906175725,False
1981-06-23 07:00:00,0.26098827,0.0369461,0.026933704,0.16567775968089699,0.12892726604297888,False
1981-06-23 08:00:00,0.36343166,0.0398913,0.029080758,0.22599031936377284,0.12865908789771352,False
1981-06-23 09:00:00,0.45648637,0.041929305,0.030566465,0.28051514039188624,0.12864629650169182,False
1981-06-23 10:00:00,0.5253908,0.039219912,0.028591316,0.3191665724553167,0.12855484423071276,False
1981-06-23 11:00:00,0.5782382,0.039202563,0.028578667,0.34965242911502714,0.1288952477047458,False
1981-06-23 12:00:00,0.6015987,0.04219839,0.030762628,0.36435482609272,0.1288843525760638,False
1981-06-23 13:00:00,0.56332225,0.041890606,0.030538255,0.3421436354927718,0.12851855183993133,False
1981-06-23 14:00:00,0.52570677,0.04558621,0.033232342,0.32194866304472086,0.12799008894588387,False
1981-06-23 15:00:00,0.4335079,0.042560283,0.031026447,0.2675142248570919,0.12724705925639967,False
1981-06-23 16:00:00,0.33751586,0.032825377,0.0239297,0.20815141954645514,0.1265644466500366,False
1981-06-23 17:00:00,0.24468735,0.017106872,0.012470909,0.1481704650390893,0.1259222229187518,False
1981-06-23 18:00:00,0.14303498,0.008247128,0.006012156,0.0858990298612043,0.12551363243998742,False
1981-06-23 19:00:00,0.05598367,0.005836219,0.0042546038,0.034685891058761624,0.12527588221991373,False
1981-06-23 20:00:00,0.0071189483,0.004302234,0.0031363287,0.005864519216585904,0.12500504581661134,False
1981-06-23 21:00:00,4.610121e-06,0.0031663252,0.002308251,0.0012956795824443361,0.12488227363414243,False
1981-06-23 22:00:00,0.0,0.0022588782,0.0016467223,0.0009224490614142269,0.12479989026759891,False
1981-06-23 23:00:00,0.0,0.0016183885,0.0011798053,0.0006608948250068352,0.12475908416686604,False
1981-06-24 00:00:00,0.0,0.0011521879,0.000839945,0.0004705143773462623,0.12473775333162655,False
1981-06-24 01:00:00,0.0,0.0007417388,0.00054072763,0.0003029009189922363,0.12472546830740783,False
1981-06-24 02:00:00,0.0,0.00082132185,0.0005987436,0.0003353999191895127,0.1247082039289179,False
1981-06-24 03:00:00,0.00015953899,0.0013388535,0.0009760242,0.0006387962463195435,0.12467168837852104,False
1981-06-24 04:00:00,0.014378189,0.0014374808,0.0010479233,0.008883233389817178,0.12461014594453435,False
1981-06-24 05:00:00,0.07383878,0.001689446,0.0012316061,0.04329488713375758,0.1244565477218274,False
1981-06-24 06:00:00,0.16226795,0.00325499,0.0023728881,0.09495783627638593,0.12412856647874275,False
1981-06-24 07:00:00,0.23644832,0.0049218056,0.0035879964,0.13844057741295546,0.12359644972258914,False
1981-06-24 08:00:00,0.33784384,0.004674552,0.0034077489,0.19684482112992552,0.12315518533717341,False
1981-06-24 09:00:00,0.41509065,0.0040974007,0.002987005,0.2411805443651974,0.12271507718281632,False
1981-06-24 10:00:00,0.4939594,0.0041452,0.003021851,0.28670733082760125,0.12212960931988089,False
1981-06-24 11:00:00,0.5043951,0.0052004727,0.0037911448,0.29315968468179926,0.12143683932049787,False
1981-06-24 12:00:00,0.4851884,0.006288311,0.004584178,0.2825216361465864,0.12043317045356268,False
1981-06-24 13:00:00,0.4650828,0.006645917,0.004844873,0.2710667388970032,0.11931132888098835,False
1981-06-24 14:00:00,0.39333034,0.0070189727,0.0051168315,0.22981791346194222,0.11827846831684279,False
1981-06-24 15:00:00,0.33931562,0.006646774,0.0048454986,0.1984994309451431,0.11753977350405075,False
1981-06-24 16:00:00,0.2702458,0.0053920513,0.003930806,0.15813375157210974,0.11690217064999632,False
1981-06-24 17:00:00,0.196134,0.004295942,0.0031317414,0.11492363518755883,0.11658285814670659,False
1981-06-24 18:00:00,0.11910246,0.0030615744,0.0022318878,0.06997236412391067,0.11636336654657,False
1981-06-24 19:00:00,0.043343116,0.0026069605,0.0019004743,0.02607357172947377,0.11641412889388435,False
1981-06-24 20:00:00,0.005560036,0.0023369726,0.001703653,0.004162480828585103,0.11652366474993066,False
1981-06-24 21:00:00,4.523681e-06,0.0026427675,0.0019265777,0.0010818265660345787,0.11670531259158438,False
1981-06-24 22:00:00,0.0,0.00535823,0.0039061499,0.002188118910882622,0.11688755629032606,False
1981-06-24 23:00:00,0.0,0.007662111,0.0055856793,0.0031289456281810997,0.1170804930124425,False
1981-06-25 00:00:00,0.0,0.008665831,0.006317391,0.0035388306928798557,0.11728549644562668,False
1981-06-25 01:00:00,0.0,0.009501727,0.006926759,0.00388018236681819,0.11752363598923625,False
1981-06-25 02:00:00,0.0,0.009178381,0.00669104,0.0037481389017775656,0.11775490083215777,False
1981-06-25 03:00:00,7.557716e-05,0.0086966045,0.0063398243,0.00359500560197921,0.1179663331957047,False
1981-06-25 04:00:00,0.009706609,0.008683873,0.0063305437,0.009146911985240876,0.1181470003565477,False
1981-06-25 05:00:00,0.056414995,0.009883515,0.007205082,0.03658754363562911,0.11833996993310036,False
1981-06-25 06:00:00,0.13422471,0.012940487,0.009433614,0.08273211413808165,0.11853301990110965,False
1981-06-25 07:00:00,0.24029815,0.0143132275,0.0104343435,0.14449706918094304,0.11875830715107144,False
1981-06-25 08:00:00,0.34344077,0.016406368,0.011960242,0.20486512795463205,0.11922345474057942,False
1981-06-25 09:00:00,0.42490736,0.017731981,0.012926614,0.2524126829709858,0.11976249940747895,False
1981-06-25 10:00:00,0.48280877,0.017956816,0.013090517,0.2859136124849319,0.12055176618074566,False
1981-06-25 11:00:00,0.50910676,0.018908836,0.013784542,0.3014763235021382,0.12106898650595099,False
1981-06-25 12:00:00,0.52364206,0.020483978,0.01493282,0.3105064306091517,0.12157895490142202,False
1981-06-25 13:00:00,0.49194664,0.021336542,0.01555434,0.29256632841378444,0.12243697152603221,False
1981-06-25 14:00:00,0.48326954,0.018720428,0.01364719,0.2864913120307028,0.12306364951379943,False
1981-06-25 15:00:00,0.39821324,0.017484928,0.01274651,0.23690928786247967,0.12365417833330572,False
1981-06-25 16:00:00,0.3203081,0.019606559,0.014293181,0.19282441938854752,0.1241488900850255,False
1981-06-25 17:00:00,0.22169915,0.02378861,0.017341895,0.13763486823253335,0.12452047815662028,False
1981-06-25 18:00:00,0.13360274,0.027541084,0.020077452,0.08833562253229318,0.12470249682192608,False
1981-06-25 19:00:00,0.04816565,0.029757699,0.021693364,0.03994361214898526,0.1247804798084272,False
1981-06-25 20:00:00,0.005975062,0.027269667,0.019879587,0.014583615615963936,0.12489325322285678,False
1981-06-25 21:00:00,2.9677653e-06,0.024589865,0.017926013,0.010043377122045513,0.12496719906103386,False
1981-06-25 22:00:00,0.0,0.024936972,0.018179055,0.010183411723002791,0.12502434594188191,False
1981-06-25 23:00:00,0.0,0.02570315,0.01882587,0.010501059617847204,0.12504798442394197,False
1981-06-26 00:00:00,0.0,0.029084364,0.02164967,0.01190121247060597,0.1250449854626316,False
1981-06-26 01:00:00,0.0,0.027890937,0.020589953,0.011403613379225136,0.12502721273385062,False
1981-06-26 02:00:00,0.0,0.025657808,0.01882263,0.010484153369441628,0.12500072272422796,False
1981-06-26 03:00:00,0.00010614802,0.022650203,0.016511995,0.009310819966784038,0.12498632232522898,False
1981-06-26 04:00:00,0.014973298,0.02327858,0.016970085,0.018145773064345123,0.12498673857084848,False
1981-06-26 05:00:00,0.074941255,0.022823108,0.016638044,0.052561285598203535,0.12504260133940168,False
1981-06-26 06:00:00,0.16894735,0.02029797,0.01479722,0.10577162427455186,0.12519961661775506,False
1981-06-26 07:00:00,0.26463002,0.01977672,0.014417231,0.16076766170933843,0.12551748946006316,False
1981-06-26 08:00:00,0.3709965,0.02119173,0.015448771,0.22271896514110265,0.12580901306921835,False
1981-06-26 09:00:00,0.46757737,0.02270808,0.016554192,0.27906534948199985,0.12629825152128765,False
1981-06-26 10:00:00,0.5260218,0.01963763,0.014315832,0.3115339064374566,0.12710025093745117,False
1981-06-26 11:00:00,0.5380062,0.017652297,0.0128685245,0.31763816766440867,0.12815902598795856,False
1981-06-26 12:00:00,0.5520411,0.012681545,0.009244846,0.32370643412787464,0.12937405036013325,False
1981-06-26 13:00:00,0.5151909,0.009506505,0.0069302414,0.30114728230983023,0.13030390321366242,False
1981-06-26 14:00:00,0.44155118,0.008297132,0.0060486086,0.2581632967982441,0.13112218936233846,False
1981-06-26 15:00:00,0.37954614,0.007952363,0.0057972725,0.2222455950276926,0.13133937022780598,False
1981-06-26 16:00:00,0.29811212,0.009695428,0.0070679677,0.1759699790086597,0.13161031184523897,False
1981-06-26 17:00:00,0.20607767,0.011640828,0.008486163,0.12366053112223743,0.13180244800945032,False
1981-06-26 18:00:00,0.11787442,0.01396298,0.010179013,0.07371554747596383,0.13180819577898276,False
1981-06-26 19:00:00,0.044278048,0.014541519,0.010600768,0.031486695622093976,0.13169866255303989,False
1981-06-26 20:00:00,0.005035433,0.011769922,0.008580275,0.007711881061084568,0.1314884289089426,False
1981-06-26 21:00:00,3.3423375e-06,0.0093615735,0.006824587,0.0038248768467410627,0.13133526646644564,False
1981-06-26 22:00:00,0.0,0.008136735,0.00593168,0.00332276604976505,0.13119569801179634,False
1981-06-26 23:00:00,0.0,0.007309608,0.005328705,0.0029849954852834344,0.13103491427526634,False
1981-06-27 00:00:00,0.0,0.0065767956,0.004794484,0.002685739711392671,0.13085543619839765,False
1981-06-27 01:00:00,0.0,0.0063880486,0.004656888,0.0026086619049310684,0.13063366475728863,False
1981-06-27 02:00:00,0.0,0.007485735,0.005457101,0.003056919749826193,0.13041411623536142,False
1981-06-27 03:00:00,0.00014766793,0.00864367,0.0063012363,0.003614985391715891,0.13021424212722804,False
1981-06-27 04:00:00,0.012859643,0.010794999,0.007869555,0.011828324875794351,0.13004832812159464,False
1981-06-27 05:00:00,0.06752648,0.012639389,0.009214114,0.044124276996590196,0.1298814716575961,False
1981-06-27 06:00:00,0.1605552,0.013100162,0.009550019,0.09799001056887209,0.1296779103537015,False
1981-06-27 07:00:00,0.2651604,0.013450299,0.009805268,0.15849020242039114,0.12940144525197125,False
1981-06-27 08:00:00,0.38649216,0.013082861,0.009537406,0.22834857365395875,0.12903070951168216,False
1981-06-27 09:00:00,0.49429357,0.013961164,0.010177688,0.2909086549468338,0.12857712256295709,False
1981-06-27 10:00:00,0.5733403,0.014490589,0.010563639,0.33673481490928675,0.12817189284982958,False
1981-06-27 11:00:00,0.6113562,0.0172516,0.012576415,0.35979749336652456,0.12802816223204158,False
1981-06-27 12:00:00,0.6023819,0.018525098,0.013504795,0.35513936757855114,0.12842193982554623,False
1981-06-27 13:00:00,0.561398,0.019388001,0.014133854,0.33184406355023377,0.12877757867228184,False
1981-06-27 14:00:00,0.5016492,0.018278712,0.013325181,0.2969159935731441,0.12932976623163192,False
1981-06-27 15:00:00,0.42105824,0.017053042,0.012431668,0.2499144854992628,0.1302642241201094,False
1981-06-27 16:00:00,0.33815196,0.016978087,0.012377026,0.20204695527069266,0.13107346897764774,False
1981-06-27 17:00:00,0.22699721,0.016978323,0.012377199,0.1379107611700892,0.13165629038364493,False
1981-06-27 18:00:00,0.13306125,0.015431474,0.011249544,0.0830780276870355,0.13213655363196375,False
1981-06-27 19:00:00,0.042538445,0.012997444,0.009475138,0.029852397232316433,0.13269307532125021,False
1981-06-27 20:00:00,0.0050881617,0.01051985,0.0076689706,0.007231818376109003,0.13331730008506007,False
1981-06-27 21:00:00,3.947416e-06,0.008183379,0.005965683,0.0033440912988789936,0.13415109043375728,False
1981-06-27 22:00:00,0.0,0.006038192,0.0044018417,0.0024657923695631323,0.13518112903093357,False
1981-06-27 23:00:00,0.0,0.00461868,0.003367018,0.0018861119281500577,0.13608329198066282,False
1981-06-28 00:00:00,0.0,0.0030761212,0.002242492,0.0012561832973733544,0.13708767622202073,False
1981-06-28 01:00:00,0.0,0.0021188941,0.0015446739,0.0008652843267191201,0.13823313966971842,False
1981-06-28 02:00:00,0.0,0.0021798979,0.0015891457,0.0008901961790397763,0.13963592448477652,False
1981-06-28 03:00:00,0.00014611203,0.0030919348,0.0022540204,0.0013469476963800843,0.14131375009283442,False
1981-06-28 04:00:00,0.014161714,0.004812726,0.0035084775,0.010136662792414425,0.14314833397103902,False
1981-06-28 05:00:00,0.070531555,0.005126862,0.003737482,0.042790343011263755,0.1450314778556539,False
1981-06-28 06:00:00,0.15693791,0.0047705346,0.0034777194,0.09250129939150065,0.14681037045949255,False
1981-06-28 07:00:00,0.24244963,0.007539589,0.0054963604,0.14297234617546198,0.14833771199135382,False
1981-06-28 08:00:00,0.34033006,0.011206478,0.008169522,0.20094679160229859,0.14965315760895184,False
1981-06-28 09:00:00,0.43892235,0.015564787,0.011346729,0.25961432325188066,0.1506650731744396,False
1981-06-28 10:00:00,0.50709,0.029492961,0.02150037,0.3046348367836327,0.15131238588038795,False
1981-06-28 11:00:00,0.5582703,0.035305444,0.025737671,0.3365394921526313,0.15136510655010313,False
1981-06-28 12:00:00,0.563402,0.03843157,0.028016614,0.34077709877118467,0.1515486606307673,False
1981-06-28 13:00:00,0.5358909,0.045163527,0.032924213,0.32765228515863415,0.15220912214599433,False
1981-06-28 14:00:00,0.4855866,0.055877723,0.041017033,0.3030172754451632,0.15340403560283167,False
1981-06-28 15:00:00,0.40388554,0.068554774,0.050938483,0.2610893481895328,0.15493816470519678,False
1981-06-28 16:00:00,0.30590755,0.06704528,0.049945254,0.2039454064965248,0.15702482615979738,False
1981-06-28 17:00:00,0.20375773,0.070990846,0.05461728,0.14671316704154014,0.1592595321670908,False
1981-06-28 18:00:00,0.11356076,0.085019305,0.06540569,0.1004285885617137,0.16188141931032643,False
1981-06-28 19:00:00,0.037783254,0.09668932,0.07352199,0.06144948428496718,0.16466499511230076,False
1981-06-28 20:00:00,0.0034813038,0.11140371,0.08550252,0.047733817798551174,0.16786147525885178,False
1981-06-28 21:00:00,1.7864218e-06,0.12953226,0.1012647,0.05326672951120372,0.17118919291462667,False
1981-06-28 22:00:00,0.0,0.11280566,0.09261667,0.046626587636768815,0.17460452640068194,False
1981-06-28 23:00:00,0.0,0.12355113,0.10379763,0.05119543907046318,0.1776551474114234,False
1981-06-29 00:00:00,0.0,0.13942745,0.11517139,0.05766798520088196,0.18092619218761627,False
1981-06-29 01:00:00,0.0,0.1693732,0.13784486,0.06994233302772045,0.1841317268481647,False
1981-06-29 02:00:00,0.0,0.20256215,0.16383545,0.08359254893660545,0.18736180042986175,False
1981-06-29 03:00:00,0.00014910859,0.22181429,0.18036117,0.0916750115455361,0.19052122929137782,False
1981-06-29 04:00:00,0.011951074,0.23090713,0.18738392,0.10221923133730887,0.19360465838686144,False
1981-06-29 05:00:00,0.051362567,0.2418865,0.19664451,0.12951112198084594,0.19638438245942938,False
1981-06-29 06:00:00,0.107183,0.2655204,0.21260716,0.17130240409821273,0.198817784834699,False
1981-06-29 07:00:00,0.1702508,0.29982942,0.23629299,0.22163159206509592,0.20115436905916165,False
1981-06-29 08:00:00,0.23144557,0.34831703,0.2749527,0.2769205207973719,0.20352152461875547,False
1981-06-29 09:00:00,0.28682244,0.3801597,0.30007753,0.3219796648323536,0.20564487458061897,False
1981-06-29 10:00:00,0.33022863,0.3612332,0.2857118,0.33926540705561636,0.20720214464135864,False
1981-06-29 11:00:00,0.34912485,0.40575108,0.3229797,0.3686080892384052,0.20741377625440485,False
1981-06-29 12:00:00,0.35571802,0.4410407,0.3490409,0.3868415203094482,0.20716091247551693,False
1981-06-29 13:00:00,0.3466967,0.45926827,0.36455405,0.389199909478426,0.2069184504434304,False
1981-06-29 14:00:00,0.30051097,0.4785822,0.38078752,0.3705541904866695,0.2063443099003123,False
1981-06-29 15:00:00,0.2549161,0.49203822,0.3967693,0.35007423532009124,0.20598419322248793,False
1981-06-29 16:00:00,0.19160312,0.4819033,0.38769478,0.3093128436207771,0.20538649696892372,False
1981-06-29 17:00:00,0.129129,0.45840213,0.3722876,0.26376134404540064,0.20525895666428776,False
1981-06-29 18:00:00,0.06965774,0.42772695,0.34566486,0.21668966618180274,0.20555635003874326,False
1981-06-29 19:00:00,0.024322134,0.40954506,0.33569342,0.18328344426676632,0.20613885788639633,False
1981-06-29 20:00:00,0.0025124294,0.40023243,0.3301264,0.1669622658533044,0.20694299534670169,False
1981-06-29 21:00:00,2.6220061e-06,0.40448123,0.3337965,0.16728009862953175,0.20769090102853305,False
1981-06-29 22:00:00,0.0,0.3601431,0.29634812,0.1488956008851528,0.20824382275779832,False
1981-06-29 23:00:00,0.0,0.383925,0.31903592,0.15889626118540762,0.2088950339808977,False
1981-06-30 00:00:00,0.0,0.37473562,0.31193337,0.15512184700369835,0.20938783507253145,False
1981-06-30 01:00:00,0.0,0.37665883,0.31336498,0.15590881624817848,0.20966792360338482,False
1981-06-30 02:00:00,0.0,0.36877477,0.30490538,0.15254278153181075,0.2096406036617151,False
1981-06-30 03:00:00,4.659103e-05,0.36060393,0.30114466,0.14935154427959424,0.2092893039120278,False
1981-06-30 04:00:00,0.0057073003,0.33924112,0.27945063,0.14356341827567665,0.20875619830748773,False
1981-06-30 05:00:00,0.037306882,0.33414057,0.27351326,0.15959365702420472,0.20809579667859177,False
1981-06-30 06:00:00,0.09815773,0.35825366,0.29305056,0.20465734216570855,0.2073216100755653,False
1981-06-30 07:00:00,0.13918704,0.4262538,0.35180077,0.25659581303596496,0.2064116367013078,False
1981-06-30 08:00:00,0.1968286,0.45786953,0.37673387,0.3028675897717476,0.20600254702551377,False
1981-06-30 09:00:00,0.2581109,0.44872087,0.36769053,0.33436328616738314,0.20573529587017458,False
1981-06-30 10:00:00,0.27847338,0.37211558,0.31117344,0.3147931542098522,0.20581025207615855,False
1981-06-30 11:00:00,0.29906318,0.36724523,0.30239055,0.32440203076601026,0.20647588135068082,False
1981-06-30 12:00:00,0.32246536,0.34573844,0.2870171,0.32913892123103144,0.20694098554876408,False
1981-06-30 13:00:00,0.2925565,0.3173325,0.26282865,0.3000935390889644,0.2070775232968426,False
1981-06-30 14:00:00,0.2796053,0.30054185,0.24999028,0.28573167490959167,0.20691556894358953,False
1981-06-30 15:00:00,0.21068598,0.26745698,0.22486094,0.23239992801845072,0.2061031412108065,False
1981-06-30 16:00:00,0.16496885,0.24735764,0.21039775,0.19782347187399862,0.20503116569465116,False
1981-06-30 17:00:00,0.114715874,0.22833692,0.19519755,0.16098804901540276,0.2038033163123649,False
1981-06-30 18:00:00,0.06791313,0.2146963,0.18481766,0.12838896524906157,0.2023293239807905,False
1981-06-30 19:00:00,0.023627935,0.20783907,0.18003975,0.10004808237962423,0.20052735352142492,False
1981-06-30 20:00:00,0.0034689428,0.19611289,0.17159362,0.08363329052645713,0.19823490839442637,False
1981-06-30 21:00:00,2.3338737e-06,0.19157021,0.16881888,0.07980697251593777,0.19567961339456388,False
1981-06-30 22:00:00,0.0,0.18713409,0.16356015,0.0778847263455391,0.19302731931532827,False
1981-06-30 23:00:00,0.0,0.17972185,0.15800981,0.07484989146888256,0.1907358504291354,False
1981-07-01 00:00:00,0.0,0.17072582,0.15026678,0.07111223468184472,0.18822240092323259,False
1981-07-01 01:00:00,0.0,0.16480102,0.14480372,0.06863097582757473,0.18574657831431463,False
1981-07-01 02:00:00,0.0,0.1603941,0.13971736,0.06673016095161438,0.18321769399053514,False
1981-07-01 03:00:00,7.186025e-05,0.15906942,0.13607155,0.06608594252761395,0.18070603883356884,False
1981-07-01 04:00:00,0.007863138,0.15913771,0.13446495,0.07051995315030217,0.1782192418562235,False
1981-07-01 05:00:00,0.041834366,0.16417812,0.14129649,0.09235016503557561,0.17595862279690203,False
1981-07-01 06:00:00,0.09713962,0.17196542,0.15034966,0.12762368213385344,0.17396044971659494,False
1981-07-01 07:00:00,0.18746975,0.22589937,0.19385879,0.2019952876269817,0.17212262846845228,False
1981-07-01 08:00:00,0.27569956,0.25330463,0.21378542,0.26409246534109115,0.1704978503911355,False
1981-07-01 09:00:00,0.37078646,0.26955092,0.22536087,0.3255775627195835,0.16919516775389845,False
1981-07-01 10:00:00,0.4591014,0.2563138,0.21730198,0.37121561223268507,0.16866096871110944,False
1981-07-01 11:00:00,0.48013154,0.27487916,0.23086639,0.39093309074640276,0.16920756044228583,False
1981-07-01 12:00:00,0.4728586,0.29150662,0.24055506,0.39339533221721645,0.1695872405380696,False
1981-07-01 13:00:00,0.45954275,0.2810761,0.2324602,0.3814261005222797,0.16970133679869917,False
1981-07-01 14:00:00,0.40499175,0.23665865,0.19537742,0.3315576593130827,0.17001477868138526,False
1981-07-01 15:00:00,0.36135903,0.21780354,0.18047675,0.29861941054463387,0.1700277677049401,False
1981-07-01 16:00:00,0.3045129,0.18025756,0.15105736,0.25037607327103617,0.17024742267529622,False
1981-07-01 17:00:00,0.23097879,0.14376883,0.12378246,0.1930097121298313,0.17026933608499253,False
1981-07-01 18:00:00,0.13689177,0.122734375,0.109621294,0.1301950841322541,0.16979946608299934,False
1981-07-01 19:00:00,0.048537426,0.10851534,0.096256,0.07324607817083596,0.16872868957128684,False
1981-07-01 20:00:00,0.0052307583,0.099114105,0.08734914,0.04430810585990548,0.16728585578162616,False
1981-07-01 21:00:00,1.2965965e-06,0.09596534,0.08440785,0.03996998282622269,0.16563261339580607,False
1981-07-01 22:00:00,0.0,0.093658246,0.080466695,0.03890509434789419,0.16401539580252641,False
1981-07-01 23:00:00,0.0,0.092550114,0.07592024,0.03825068490207195,0.16243105012038064,False
1981-07-02 00:00:00,0.0,0.08822428,0.0690297,0.03628236177563667,0.16091581720578757,False
1981-07-02 01:00:00,0.0,0.08422629,0.06375682,0.03452236870676279,0.15949332825754461,False
1981-07-02 02:00:00,0.0,0.07809362,0.05864424,0.03198333399742841,0.15813166223439545,False
1981-07-02 03:00:00,7.523141e-05,0.07314254,0.054671895,0.029985289367017685,0.15682832157654844,False
1981-07-02 04:00:00,0.012340688,0.06828452,0.050669238,0.035053703428246076,0.15557366468923187,False
1981-07-02 05:00:00,0.06797447,0.059830483,0.044122804,0.06368134916946291,0.1544152330658874,False
1981-07-02 06:00:00,0.16222472,0.055924587,0.040779322,0.11644192225486039,0.15331855404808595,False
1981-07-02 07:00:00,0.26683867,0.060339384,0.043987412,0.17860646532475946,0.15220803403284808,False
1981-07-02 08:00:00,0.3787352,0.053404555,0.03893192,0.24033882318437097,0.15044145274593904,False
1981-07-02 09:00:00,0.5019386,0.046779532,0.034102283,0.3087217321135104,0.14840837731481007,False
1981-07-02 10:00:00,0.5614539,0.041802377,0.03047393,0.34102955730631945,0.14597905853519624,False
1981-07-02 11:00:00,0.5729521,0.029466994,0.021481438,0.34262667536363006,0.14332800216783556,False
1981-07-02 12:00:00,0.5664355,0.019057045,0.0138925845,0.33461554174125197,0.14113450966555102,False
1981-07-02 13:00:00,0.5371875,0.012688501,0.009249917,0.3151387494578958,0.13920969948557613,False
1981-07-02 14:00:00,0.49184197,0.0062745926,0.004574178,0.2863551480402239,0.1377498669769935,False
1981-07-02 15:00:00,0.41922185,0.0025770024,0.0018786347,0.2429433665955439,0.13666938705196083,False
1981-07-02 16:00:00,0.34388262,0.0011143034,0.00081232714,0.19887531553942245,0.1355515463992963,False
1981-07-02 17:00:00,0.23946525,0.0006436353,0.00046921012,0.1384342889197287,0.1344018863450125,False
1981-07-02 18:00:00,0.13286929,0.000798581,0.0005821655,0.0769916926868609,0.13338064343867304,False
1981-07-02 19:00:00,0.05221518,0.0016257496,0.0011851714,0.030792060475912875,0.13277466225062287,False
1981-07-02 20:00:00,0.004921995,0.0035205302,0.0025664666,0.004277656007092446,0.13268301756056125,False
1981-07-02 21:00:00,1.2677832e-06,0.00533785,0.0038912927,0.0021805280385145806,0.13282983024054462,False
1981-07-02 22:00:00,0.0,0.004496294,0.003277798,0.0018361336025409399,0.13302733743796183,False
1981-07-02 23:00:00,0.0,0.0051882663,0.0037822465,0.002118711568415165,0.13330239316821157,False
1981-07-03 00:00:00,0.0,0.006936829,0.005056949,0.0028327651661820713,0.13356903271470277,False
1981-07-03 01:00:00,0.0,0.008009988,0.0058392812,0.0032710067164152864,0.13381419986905588,False
1981-07-03 02:00:00,0.0,0.010210961,0.0074437913,0.004169809374958277,0.1341033401931642,False
1981-07-03 03:00:00,8.868719e-05,0.014230468,0.0103740115,0.005862411936417629,0.13447181018628238,False
1981-07-03 04:00:00,0.009623713,0.022926377,0.016713329,0.014915235229767856,0.13487856932216016,False
1981-07-03 05:00:00,0.045658004,0.03272776,0.023858536,0.03970957218110561,0.1352428515653468,False
1981-07-03 06:00:00,0.100332476,0.040225882,0.02932467,0.07431872140243649,0.13560508497197807,False
1981-07-03 07:00:00,0.16662706,0.051554162,0.037631184,0.11719938585534691,0.1362724081016953,False
1981-07-03 08:00:00,0.24535702,0.061022233,0.044752575,0.1665048446469009,0.13686973180682713,False
1981-07-03 09:00:00,0.3179085,0.062534735,0.04558782,0.20897026129812002,0.13762718984545522,False
1981-07-03 10:00:00,0.38593975,0.052104417,0.03798412,0.2439649065993726,0.13831219258740238,False
1981-07-03 11:00:00,0.44931272,0.06450749,0.04793979,0.2856454506367445,0.13925508724632987,False
1981-07-03 12:00:00,0.4615328,0.08468921,0.06388333,0.30100444357842204,0.1405465121473217,False
1981-07-03 13:00:00,0.46222746,0.1091247,0.08114593,0.3113541401103138,0.14205361509997091,False
1981-07-03 14:00:00,0.39651194,0.12451386,0.091881834,0.2796946229115128,0.14361487864336933,False
1981-07-03 15:00:00,0.33025482,0.13300641,0.09864188,0.24496305921673772,0.14494766995456035,False
1981-07-03 16:00:00,0.24564682,0.13021536,0.10008717,0.1951923906654119,0.1459720637087761,False
1981-07-03 17:00:00,0.16133916,0.123942494,0.095603235,0.1439900526255369,0.14663481327538197,False
1981-07-03 18:00:00,0.08920546,0.12082854,0.0935316,0.1011079871058464,0.14702522319060854,False
1981-07-03 19:00:00,0.0341108,0.119469576,0.09409127,0.06884713304787875,0.14761858062226357,False
1981-07-03 20:00:00,0.0048570503,0.117800556,0.09415169,0.051355114499107006,0.14804695415447566,False
1981-07-03 21:00:00,1.7576085e-06,0.11995572,0.09603063,0.04945032830224863,0.14843021238600315,False
1981-07-03 22:00:00,0.0,0.12556519,0.10692992,0.05210776939988136,0.14878004410309023,False
1981-07-03 23:00:00,0.0,0.123456314,0.1017408,0.051049383133649824,0.14908291745618574,False
1981-07-04 00:00:00,0.0,0.11640782,0.09436852,0.04805038518458605,0.14935615142448463,False
1981-07-04 01:00:00,0.0,0.117266975,0.094992414,0.04840110426396131,0.1495884560195753,False
1981-07-04 02:00:00,0.0,0.120421916,0.09692975,0.04966989366710186,0.14979429370879901,False
1981-07-04 03:00:00,3.616064e-05,0.120085016,0.09587949,0.04950972788915169,0.149956264704282,False
1981-07-04 04:00:00,0.009381798,0.11450346,0.09026255,0.05253925110120326,0.15004848087871853,False
1981-07-04 05:00:00,0.063946865,0.107329614,0.08456636,0.08106855268776417,0.15007313472241957,False
1981-07-04 06:00:00,0.16639556,0.12750757,0.10023893,0.14847343248128891,0.15026982052965573,False
1981-07-04 07:00:00,0.2545514,0.14688507,0.11483795,0.2072780031710863,0.15081797913252237,False
1981-07-04 08:00:00,0.37560534,0.14595935,0.11321344,0.27669680903851984,0.15180403413111207,False
1981-07-04 09:00:00,0.4862064,0.1489691,0.112799376,0.34160186372697354,0.15313888083339997,False
1981-07-04 10:00:00,0.57431626,0.13356857,0.10409657,0.38628850093483924,0.15482586941900914,False
1981-07-04 11:00:00,0.6049943,0.13556966,0.10200289,0.40461507061123847,0.15627811645233167,False
1981-07-04 12:00:00,0.60477954,0.14154705,0.106811576,0.4069564834684133,0.15720490299823828,False
1981-07-04 13:00:00,0.57865953,0.13732845,0.10219725,0.39007939954102033,0.15781998315781295,False
1981-07-04 14:00:00,0.5181636,0.12554274,0.093026824,0.35032913097739216,0.15780063889562598,False
1981-07-04 15:00:00,0.42589748,0.113256544,0.08481031,0.2921142667979002,0.15751420654368956,False
1981-07-04 16:00:00,0.33496583,0.0913448,0.06862558,0.23068729473650454,0.15722513712474862,False
1981-07-04 17:00:00,0.22179444,0.07127837,0.053645432,0.15717396485060453,0.1571210883301087,False
1981-07-04 18:00:00,0.14000861,0.060290642,0.0451969,0.10547284940630196,0.1567648938066933,False
1981-07-04 19:00:00,0.05181107,0.052440073,0.039048444,0.05135399002209305,0.15626139881182324,False
1981-07-04 20:00:00,0.0060372124,0.046976425,0.034375533,0.02267405112041161,0.155507440793996,False
1981-07-04 21:00:00,1.5847289e-06,0.046457015,0.033868473,0.018972450458695563,0.15457228488426442,False
1981-07-04 22:00:00,0.0,0.040096518,0.029230362,0.016374054551124572,0.15362637452231856,False
1981-07-04 23:00:00,0.0,0.03730463,0.027195076,0.015233942046761512,0.15262202209901432,False
1981-07-05 00:00:00,0.0,0.034242287,0.024962625,0.013983385730534792,0.15164391501356284,False
1981-07-05 01:00:00,0.0,0.032204483,0.023477068,0.01315121579915285,0.15075865384817724,False
1981-07-05 02:00:00,0.0,0.029249294,0.021322737,0.011944417158141731,0.14990203443120834,False
1981-07-05 03:00:00,7.269583e-05,0.025092302,0.018292286,0.01028878830937174,0.1490582469613072,False
1981-07-05 04:00:00,0.012899896,0.021195153,0.015451265,0.016098619727417825,0.14827670705448204,False
1981-07-05 05:00:00,0.07262392,0.01774508,0.012936163,0.04915049092844129,0.14759493565316611,False
1981-07-05 06:00:00,0.16327886,0.015717348,0.011457945,0.1006303343400359,0.1470411712953913,False
1981-07-05 07:00:00,0.2750993,0.014197376,0.0103498865,0.16453002578765152,0.1462518878552534,False
1981-07-05 08:00:00,0.389909,0.013713174,0.009996903,0.23057748635672032,0.14567979198948158,False
1981-07-05 09:00:00,0.49349692,0.012728748,0.009279258,0.28994571340736003,0.14506329807147994,False
1981-07-05 10:00:00,0.53805065,0.007879055,0.005743832,0.31367276419885454,0.1446591719894762,False
1981-07-05 11:00:00,0.56723106,0.006951812,0.0050678714,0.3301312048402615,0.14410224104942124,False
1981-07-05 12:00:00,0.56761867,0.0073765195,0.0053774826,0.3305282912380062,0.14327502476817608,False
1981-07-05 13:00:00,0.53286374,0.0072563333,0.0052898666,0.31042561552533876,0.14243768494442094,False
1981-07-05 14:00:00,0.45574713,0.0072968304,0.005319389,0.2659458700185641,0.14145638470892782,False
1981-07-05 15:00:00,0.3955136,0.0070436406,0.005134813,0.2310877271075733,0.14045937173718265,False
1981-07-05 16:00:00,0.32504684,0.006479539,0.0047235833,0.1901980485226959,0.13966108511378356,False
1981-07-05 17:00:00,0.21554615,0.0061772754,0.0045032334,0.126892715501599,0.13909324955002858,False
1981-07-05 18:00:00,0.12867516,0.0065986356,0.0048104054,0.07694022735208274,0.1386797783449462,False
1981-07-05 19:00:00,0.051526427,0.0071661198,0.0052241012,0.032657148192171005,0.13818827064034364,False
1981-07-05 20:00:00,0.0054255645,0.0081717875,0.0059572323,0.006467630831990392,0.1378437137645645,False
1981-07-05 21:00:00,9.796506e-07,0.0099079395,0.007222889,0.00404663092884698,0.13755720398247892,False
1981-07-05 22:00:00,0.0,0.009547448,0.00696009,0.003898853081278503,0.13729387399236304,False
1981-07-05 23:00:00,0.0,0.010040608,0.0073196036,0.004100243031978607,0.13713109364205603,False
1981-07-06 00:00:00,0.0,0.013609971,0.009921666,0.0055578492460772394,0.13698428600743512,False
1981-07-06 01:00:00,0.0,0.017835403,0.013002011,0.007283372249454259,0.13684774734658287,False
1981-07-06 02:00:00,0.0,0.022450682,0.016366547,0.009168095111846925,0.13671942959454475,False
1981-07-06 03:00:00,5.532144e-05,0.029296983,0.021357503,0.011995812361543358,0.13661779886911254,False
1981-07-06 04:00:00,0.011027322,0.032939713,0.02401305,0.01981422383803874,0.13655231863099374,False
1981-07-06 05:00:00,0.069005094,0.03592836,0.026191829,0.05448786351457238,0.1365059740991773,False
1981-07-06 06:00:00,0.16350067,0.03976753,0.029143041,0.11058782735466957,0.1364933565613867,False
1981-07-06 07:00:00,0.28011918,0.04442286,0.033270344,0.1798174016140401,0.1366532740469959,False
1981-07-06 08:00:00,0.39158192,0.05170694,0.038564272,0.24710510097444058,0.13700372216840964,False
1981-07-06 09:00:00,0.5202587,0.053871017,0.039557822,0.3222038117907941,0.13758785242040322,False
1981-07-06 10:00:00,0.587678,0.05011302,0.03655365,0.3595558158122003,0.1381544186395491,False
1981-07-06 11:00:00,0.59845674,0.047987923,0.035029747,0.3649086891114712,0.13879139518723388,False
1981-07-06 12:00:00,0.6029707,0.046152286,0.033701357,0.36676417192816735,0.13931894011520152,False
1981-07-06 13:00:00,0.56439734,0.042412262,0.030918539,0.3429769882373512,0.13928587352258573,False
1981-07-06 14:00:00,0.4978502,0.037253194,0.027157575,0.30247250833362344,0.1397322135355125,False
1981-07-06 15:00:00,0.41749433,0.0315949,0.02303268,0.25379650887474414,0.1402011174080268,False
1981-07-06 16:00:00,0.33361885,0.026772825,0.01951739,0.20343118767626583,0.14048975554759238,False
1981-07-06 17:00:00,0.22366744,0.02025446,0.014765501,0.13732734700664875,0.14082790017589678,False
1981-07-06 18:00:00,0.13031726,0.016376052,0.0119381435,0.08188047958537936,0.14116767047976247,False
1981-07-06 19:00:00,0.049869,0.014792726,0.010783897,0.034815259984694424,0.14133093469236999,False
1981-07-06 20:00:00,0.005436629,0.014165348,0.010326538,0.00892158158030361,0.1413399169123825,False
1981-07-06 21:00:00,7.7795784e-07,0.015506095,0.011303943,0.00633261093313348,0.1412809386790034,False
1981-07-06 22:00:00,0.0,0.020963052,0.015282064,0.008560597736388445,0.14119854401203555,False
1981-07-06 23:00:00,0.0,0.020048622,0.014615445,0.008187175584957003,0.14111947393774826,False
1981-07-07 00:00:00,0.0,0.018193312,0.013262924,0.007429530009627342,0.14103669816383482,False
1981-07-07 01:00:00,0.0,0.017121807,0.012481797,0.006991963701322675,0.1409241033914499,False
1981-07-07 02:00:00,0.0,0.017303454,0.01261422,0.007066142337396741,0.14077618143283724,False
1981-07-07 03:00:00,4.73978e-05,0.017431393,0.012707486,0.00714573687966913,0.1405894374926287,False
1981-07-07 04:00:00,0.011711119,0.017427422,0.012704591,0.013874082200229168,0.14034587650812255,False
1981-07-07 05:00:00,0.07235838,0.016637197,0.012128515,0.048544849114492535,0.140086310981811,False
1981-07-07 06:00:00,0.17751469,0.014399826,0.010497472,0.10830637364927678,0.13992929129851286,False
1981-07-07 07:00:00,0.3053012,0.01271592,0.009269905,0.18135153561551123,0.1400004624781304,False
1981-07-07 08:00:00,0.43997425,0.011633185,0.008480592,0.25861573845241215,0.14023221982483966,False
1981-07-07 09:00:00,0.54184043,0.011016984,0.00803138,0.31714089192636313,0.14081152313573267,False
1981-07-07 10:00:00,0.59175867,0.0068636634,0.005003611,0.3442476384877227,0.1413558370422852,False
1981-07-07 11:00:00,0.61161727,0.006244884,0.0045525203,0.35545336138270794,0.14214400144131104,False
1981-07-07 12:00:00,0.5663471,0.0052864472,0.0038538196,0.328941094792448,0.14305052273964183,False
1981-07-07 13:00:00,0.5721593,0.004197278,0.0030598154,0.3318499361458234,0.14399126674475637,False
1981-07-07 14:00:00,0.49774912,0.0030659107,0.0022350487,0.2884532558992505,0.1447723451443374,False
1981-07-07 15:00:00,0.42292023,0.0022464818,0.0016376852,0.24494235780672166,0.14588238379718857,False
1981-07-07 16:00:00,0.3568162,0.0013371385,0.00097477407,0.20642899068130643,0.14676414574895832,False
1981-07-07 17:00:00,0.24780299,0.00053718034,0.00039160447,0.1432016900871531,0.14733684410420328,False
1981-07-07 18:00:00,0.14675878,0.00023776114,0.00017332786,0.08477690955724393,0.14801251617640263,False
1981-07-07 19:00:00,0.05717261,0.00024413884,0.00017797723,0.03308829475277161,0.14842034692185005,False
1981-07-07 20:00:00,0.006142438,0.00022648543,0.00016510788,0.003636675629793899,0.1485544197300884,False
1981-07-07 21:00:00,5.762651e-07,0.00022370719,0.00016308253,9.168691438952691e-05,0.1485908115159127,False
1981-07-07 22:00:00,0.0,0.00025342344,0.00018474569,0.00010348951548803598,0.14862961109554515,False
1981-07-07 23:00:00,0.0,0.00031100994,0.00022672626,0.00012700588413281367,0.14865530173074573,False
1981-07-08 00:00:00,0.0,0.00037539896,0.00027366585,0.00015330017160158604,0.14871224320227397,False
1981-07-08 01:00:00,0.0,0.00044841695,0.00032689597,0.0001831182360474486,0.14878880648316467,False
1981-07-08 02:00:00,0.0,0.00050049706,0.00036486235,0.00020438598183682188,0.14885454589188216,False
1981-07-08 03:00:00,4.1058887e-05,0.0006885836,0.00050197745,0.0003048851052481041,0.1488899258038879,False
1981-07-08 04:00:00,0.012045985,0.0009906436,0.00072217925,0.0073550785750849165,0.14892667034944732,False
1981-07-08 05:00:00,0.080423415,0.0013385258,0.0009757854,0.0469509187162621,0.14897413157385675,False
1981-07-08 06:00:00,0.19674598,0.0011793718,0.000859762,0.11400404397631063,0.14916751617566895,False
1981-07-08 07:00:00,0.33041388,0.00071736303,0.00052295765,0.1909417542560841,0.14956746377364402,False
1981-07-08 08:00:00,0.47601822,0.00061010674,0.00044476782,0.27491165989730504,0.1500457898223654,False
1981-07-08 09:00:00,0.6031028,0.0008339623,0.0006079585,0.34833087930531464,0.15061462039068943,False
1981-07-08 10:00:00,0.68737966,0.0018846921,0.0013739404,0.39738770696544085,0.15157876840838366,False
1981-07-08 11:00:00,0.70583475,0.0028284988,0.0020619761,0.40842171143135053,0.15292150511193106,False
1981-07-08 12:00:00,0.7117273,0.0030688643,0.0022372024,0.41191988417366515,0.15454512042459273,False
1981-07-08 13:00:00,0.656962,0.0034324366,0.0025022463,0.38046875141724007,0.15649933207929695,False
1981-07-08 14:00:00,0.6131511,0.0048147845,0.0035099778,0.35575436367047947,0.1582021720966167,False
1981-07-08 15:00:00,0.5079237,0.0074665737,0.0054431316,0.29612108255969355,0.16016248929387247,False
1981-07-08 16:00:00,0.39336523,0.00967017,0.0070495536,0.23092070872802287,0.16186349079275464,False
1981-07-08 17:00:00,0.2868477,0.010403602,0.0075842254,0.16975960647221652,0.16294684429503034,False
1981-07-08 18:00:00,0.16779187,0.011363445,0.008283951,0.10145635536685585,0.16385012000598656,False
1981-07-08 19:00:00,0.062032346,0.013365685,0.009743584,0.04125075478013604,0.16460104528045386,False
1981-07-08 20:00:00,0.006329494,0.017181326,0.012525186,0.010668387299869209,0.16533344102857875,False
1981-07-08 21:00:00,3.169458e-07,0.020067312,0.014629071,0.008194990755491375,0.16611014735793098,False
1981-07-08 22:00:00,0.0,0.02398277,0.017483441,0.009793748226016759,0.16685719585824796,False
1981-07-08 23:00:00,0.0,0.026741615,0.019494638,0.010920366218313575,0.16735715113471908,False
1981-07-09 00:00:00,0.0,0.027192684,0.019823465,0.011104567492380738,0.16785304683894087,False
1981-07-09 01:00:00,0.0,0.024848923,0.018114865,0.01014745531976223,0.1682985593816384,False
1981-07-09 02:00:00,0.0,0.021462066,0.015645847,0.008764378113672137,0.16870146436957933,False
1981-07-09 03:00:00,3.6218258e-05,0.021766203,0.015867563,0.008909475066520827,0.1690429301565919,False
1981-07-09 04:00:00,0.012610985,0.021734627,0.015844543,0.016152220971882344,0.16933288932662813,False
1981-07-09 05:00:00,0.084352784,0.02242046,0.016344516,0.057827310001477596,0.16957256096820325,False
1981-07-09 06:00:00,0.2045576,0.023200082,0.016912859,0.12750385835207997,0.1697774239543343,False
1981-07-09 07:00:00,0.33735436,0.023649665,0.017240608,0.20431118595413864,0.16989976322544997,False
1981-07-09 08:00:00,0.47790152,0.024905182,0.018155877,0.2859196057319641,0.16972672365997232,False
1981-07-09 09:00:00,0.6088563,0.029654525,0.02161815,0.3634199967756867,0.16948857551643792,False
1981-07-09 10:00:00,0.684574,0.03354784,0.024456376,0.4086990002579987,0.16902640969257557,False
1981-07-09 11:00:00,0.7206304,0.043057334,0.0313888,0.4333868963904679,0.16843402491303597,False
1981-07-09 12:00:00,0.6969265,0.050485786,0.036804136,0.4227432542182505,0.16805602538809114,False
1981-07-09 13:00:00,0.67491764,0.059159625,0.04312737,0.41358625697717066,0.1673988552450836,False
1981-07-09 14:00:00,0.6152126,0.06750621,0.049277943,0.3825484813675284,0.16702998119144305,False
1981-07-09 15:00:00,0.51426935,0.07308917,0.053465016,0.32659042975306507,0.16634175327601486,False
1981-07-09 16:00:00,0.39538145,0.07414867,0.05433338,0.2584299587905407,0.16575582336946618,False
1981-07-09 17:00:00,0.26872712,0.07694067,0.057634562,0.18655892421305179,0.16533911757733666,False
1981-07-09 18:00:00,0.14928626,0.08429698,0.06625126,0.12082132273167372,0.16487252308399022,False
1981-07-09 19:00:00,0.05494068,0.0884591,0.072242826,0.0682432906627655,0.1644232497126585,False
1981-07-09 20:00:00,0.0054914895,0.09125653,0.075487606,0.04091857943870127,0.16435709685560465,False
1981-07-09 21:00:00,1.7287952e-07,0.08687081,0.072121955,0.0359500149296055,0.16439454232691625,False
1981-07-09 22:00:00,0.0,0.058902677,0.043819536,0.02410134278610349,0.1643940054641508,False
1981-07-09 23:00:00,0.0,0.05846177,0.043659378,0.023929999686777594,0.16431119399202826,False
1981-07-10 00:00:00,0.0,0.052671775,0.038926244,0.02153790222108364,0.16420249941595202,False
1981-07-10 01:00:00,0.0,0.047782604,0.035014387,0.019522557657212017,0.16407589357456265,False
1981-07-10 02:00:00,0.0,0.040636938,0.029624326,0.016594743758440018,0.16395144819124208,False
1981-07-10 03:00:00,2.780479e-05,0.03478958,0.025361603,0.014222925266987659,0.16383312995207336,False
1981-07-10 04:00:00,0.011697547,0.029654361,0.021618031,0.018859317370690406,0.1637017609021921,False
1981-07-10 05:00:00,0.08057773,0.025200412,0.018371098,0.05678434205055237,0.1635370072403907,False
1981-07-10 06:00:00,0.19294597,0.020928537,0.015256903,0.11987632898986339,0.16314236938424329,False
1981-07-10 07:00:00,0.3055978,0.015441828,0.011257092,0.18263585511315614,0.16230959059124034,False
1981-07-10 08:00:00,0.44885373,0.010999804,0.008018858,0.2634805490076542,0.16093684954769208,False
1981-07-10 09:00:00,0.558847,0.009041387,0.006591171,0.32614691975992166,0.15917116659899705,False
1981-07-10 10:00:00,0.63199556,0.01050969,0.007661564,0.36895323754753917,0.15701819214554305,False
1981-07-10 11:00:00,0.6687606,0.010781675,0.007859841,0.3902777342339977,0.15476635266296834,False
1981-07-10 12:00:00,0.65108436,0.01150938,0.008390338,0.3803757173093036,0.15244513389068148,False
1981-07-10 13:00:00,0.6176555,0.015612378,0.011381424,0.3627627968424931,0.15036681330173585,False
1981-07-10 14:00:00,0.5444509,0.020989178,0.015301109,0.3227194237299263,0.14806563087155653,False
1981-07-10 15:00:00,0.446239,0.02575275,0.018773753,0.267996447045356,0.14594303555796928,False
1981-07-10 16:00:00,0.34707862,0.026090482,0.019019967,0.21091883070580658,0.1441205254391014,False
1981-07-10 17:00:00,0.23728149,0.025593838,0.018657908,0.14736307079158723,0.14243864246503057,False
1981-07-10 18:00:00,0.12119809,0.02438973,0.017780114,0.07989123354293405,0.1411020694474829,False
1981-07-10 19:00:00,0.047900308,0.025557809,0.01863164,0.0380754176415503,0.14006334166972506,False
1981-07-10 20:00:00,0.0044916407,0.024179518,0.01762687,0.01246576992282644,0.13924021352443997,False
1981-07-10 21:00:00,2.8813256e-08,0.020004615,0.014583365,0.008169221342750584,0.1385394681386983,False
1981-07-10 22:00:00,0.0,0.0142489765,0.0103875045,0.005818797564134001,0.13790576542988034,False
1981-07-10 23:00:00,0.0,0.013965478,0.010180836,0.005703026566654444,0.13748383090754118,False
1981-07-11 00:00:00,0.0,0.012311229,0.008974885,0.005027487105689943,0.13707440536287227,False
1981-07-11 01:00:00,0.0,0.0102214115,0.007451409,0.004174076920375228,0.1367439712793411,False
1981-07-11 02:00:00,0.0,0.007554749,0.005507412,0.0030851026335731147,0.13648087738930093,False
1981-07-11 03:00:00,1.8728617e-05,0.006349584,0.004628847,0.0026037606722202327,0.1362904641453487,False
1981-07-11 04:00:00,0.009698801,0.0064839805,0.004726822,0.008244045205414293,0.13614481907283402,False
1981-07-11 05:00:00,0.062376868,0.007084919,0.005164906,0.03888469290640204,0.13598125041993933,False
1981-07-11 06:00:00,0.14711018,0.0064841416,0.0047269394,0.08753047628793864,0.13554914011286084,False
1981-07-11 07:00:00,0.23597962,0.0055327257,0.004033357,0.13841961586382237,0.13469008546625086,False
1981-07-11 08:00:00,0.3450273,0.0051083425,0.0037239818,0.20116682419460266,0.1339682835680997,False
1981-07-11 09:00:00,0.44719926,0.005003484,0.00364754,0.2600772230098955,0.13286775966188305,False
1981-07-11 10:00:00,0.51677644,0.005952253,0.0043391925,0.30061070509441196,0.13127023631807552,False
1981-07-11 11:00:00,0.5534216,0.006474884,0.0047201905,0.3219683953206986,0.12972175994323157,False
1981-07-11 12:00:00,0.5546766,0.0071883365,0.0052402965,0.3229838659488596,0.12812285324197553,False
1981-07-11 13:00:00,0.5171662,0.011569534,0.00843419,0.3031295003285631,0.12683137834430885,False
1981-07-11 14:00:00,0.47397438,0.017583959,0.012818704,0.28066390631534155,0.12563133155973452,False
1981-07-11 15:00:00,0.4002732,0.019963233,0.014553195,0.23910994404740632,0.1246158738577876,False
1981-07-11 16:00:00,0.29494599,0.018404428,0.013416829,0.17769957603514192,0.12416447094284444,False
1981-07-11 17:00:00,0.2019789,0.014353766,0.010463895,0.12240341937076299,0.12390829235815733,False
1981-07-11 18:00:00,0.11402188,0.0126645295,0.009232442,0.07096238939929753,0.12371687157770132,False
1981-07-11 19:00:00,0.041479558,0.011752778,0.008567776,0.028733139689080412,0.12376523875456592,False
1981-07-11 20:00:00,0.003649314,0.012677712,0.009242054,0.007282800923101605,0.12389573627232864,False
1981-07-11 21:00:00,2.8813256e-08,0.013547328,0.009876003,0.005532284906343316,0.12408785009219057,False
1981-07-11 22:00:00,0.0,0.009424109,0.0068701757,0.00384848571382463,0.12433305475670076,False
1981-07-11 23:00:00,0.0,0.010474852,0.0076361676,0.004277573542669415,0.12477233695548656,False
1981-07-12 00:00:00,0.0,0.013901907,0.010134491,0.00567706621158868,0.12513977116819167,False
1981-07-12 01:00:00,0.0,0.01688204,0.012307006,0.006894050935283303,0.1254928963547705,False
1981-07-12 02:00:00,0.0,0.018255457,0.013308228,0.0074549080487340685,0.12587280172215703,False
1981-07-12 03:00:00,1.0920223e-05,0.01769408,0.012898985,0.007231961786281317,0.12627809829330233,False
1981-07-12 04:00:00,0.0068429178,0.017287577,0.012602643,0.011008022031746804,0.12670373846913205,False
1981-07-12 05:00:00,0.046917487,0.021969648,0.016015874,0.036043047310784455,0.1270988099475083,False
1981-07-12 06:00:00,0.11228995,0.033916645,0.024725236,0.07864170595258473,0.1272773135704495,False
1981-07-12 07:00:00,0.2209625,0.05017815,0.036634568,0.14798936400189994,0.1271273482847961,False
1981-07-12 08:00:00,0.32219854,0.060516525,0.0447453,0.21065540150925516,0.12671323008955246,False
1981-07-12 09:00:00,0.38513017,0.06659661,0.049473017,0.24946579925715923,0.12581129674215358,False
1981-07-12 10:00:00,0.44965115,0.08552574,0.067012176,0.2946263715550303,0.12439719513662685,False
1981-07-12 11:00:00,0.4830711,0.08489741,0.06427873,0.3135302125737071,0.12305969989558431,False
1981-07-12 12:00:00,0.49218944,0.08416521,0.061752874,0.318384922221303,0.12168192453968245,False
1981-07-12 13:00:00,0.4704512,0.08254445,0.060209297,0.3051605511829257,0.12061969058442262,False
1981-07-12 14:00:00,0.42250597,0.07393247,0.05389677,0.27397745403647417,0.11995352783864775,False
1981-07-12 15:00:00,0.37563404,0.07245526,0.05281988,0.24632910712808367,0.119468741951041,False
1981-07-12 16:00:00,0.29335377,0.071889274,0.052407287,0.19862225864082572,0.11907281469665877,False
1981-07-12 17:00:00,0.19212984,0.06689087,0.048763447,0.13817487332969902,0.11918934739508764,False
1981-07-12 18:00:00,0.1010542,0.058486495,0.043019786,0.08221285803243517,0.119161833459954,False
1981-07-12 19:00:00,0.04065689,0.051095817,0.037516963,0.04433929849416017,0.11916361589907924,False
1981-07-12 20:00:00,0.0037212032,0.047837105,0.034966804,0.02168723327619955,0.11913870516298748,False
1981-07-12 21:00:00,0.0,0.04882377,0.035612483,0.019939045239239932,0.11917312911492017,False
1981-07-12 22:00:00,0.0,0.065628916,0.049764317,0.0269043431058526,0.1192291588731379,False
1981-07-12 23:00:00,0.0,0.05697678,0.04287846,0.023339868776500225,0.11942049328755017,False
1981-07-13 00:00:00,0.0,0.053720433,0.03990104,0.021977496061474085,0.11962954053252829,False
1981-07-13 01:00:00,0.0,0.054772865,0.040710136,0.022409534554928542,0.11978555937599518,False
1981-07-13 02:00:00,0.0,0.05504934,0.04122465,0.022539338048547505,0.11988451157171871,False
1981-07-13 03:00:00,1.178462e-05,0.05617753,0.0425589,0.023034489112046686,0.11996318146445915,False
1981-07-13 04:00:00,0.006950131,0.056543946,0.04319508,0.02720747616747394,0.12005637365854264,False
1981-07-13 05:00:00,0.042195715,0.056340247,0.042896073,0.04745286680757999,0.1201464857813176,False
1981-07-13 06:00:00,0.09931283,0.05622486,0.04225311,0.08033214257657527,0.12017912937757129,False
1981-07-13 07:00:00,0.16902149,0.05140423,0.037933026,0.11854194249212742,0.12011089172984664,False
1981-07-13 08:00:00,0.24050832,0.046752013,0.03424502,0.15787402351945634,0.11960480459436189,False
1981-07-13 09:00:00,0.30426902,0.040740717,0.029699985,0.19220034594461322,0.1188897915510666,False
1981-07-13 10:00:00,0.37918165,0.04315521,0.031460144,0.23641093352437018,0.11818957803353858,False
1981-07-13 11:00:00,0.41524926,0.039752964,0.02902801,0.25583517823740837,0.11749102168369298,False
1981-07-13 12:00:00,0.44434246,0.038165405,0.02829629,0.2719966360963881,0.11661157251236841,False
1981-07-13 13:00:00,0.44120118,0.040533718,0.030067883,0.271153688531369,0.11576082433855352,False
1981-07-13 14:00:00,0.41787636,0.039784152,0.029614264,0.25739418371021744,0.11525375991130439,False
1981-07-13 15:00:00,0.35556692,0.03654072,0.027033292,0.2201054358370602,0.11525515630020643,False
1981-07-13 16:00:00,0.29837853,0.027251866,0.01986661,0.18329314555972814,0.11532688764469269,False
1981-07-13 17:00:00,0.19515298,0.02076441,0.015137255,0.12108275048434734,0.11542250157863715,False
1981-07-13 18:00:00,0.11236696,0.015212361,0.01108981,0.07104794647730887,0.11577597496303611,False
1981-07-13 19:00:00,0.03739635,0.014594092,0.010639093,0.027537424356676637,0.11607862788805619,False
1981-07-13 20:00:00,0.0037212893,0.016622262,0.012117629,0.008935150615870953,0.11620357802155308,False
1981-07-13 21:00:00,0.0,0.020133197,0.014677102,0.008221713300794364,0.1163563863372073,False
1981-07-13 22:00:00,0.0,0.031913865,0.023265209,0.01303253760561347,0.11654754172080349,False
1981-07-13 23:00:00,0.0,0.035046604,0.025548974,0.014311841301620006,0.11673233369971776,False
1981-07-14 00:00:00,0.0,0.032240614,0.023503408,0.013165970697999001,0.11702799119242618,False
1981-07-14 01:00:00,0.0,0.02851304,0.020786008,0.011643756330013275,0.11739680883405883,False
1981-07-14 02:00:00,0.0,0.027502444,0.020049281,0.011231062900274993,0.11779386522622,False
1981-07-14 03:00:00,7.4626337e-06,0.028652927,0.020887984,0.011705187102289074,0.11818733423506994,False
1981-07-14 04:00:00,0.0065005873,0.028363196,0.020676771,0.01533340392494574,0.118577953232524,False
1981-07-14 05:00:00,0.046356294,0.026599566,0.019391082,0.03760993993096053,0.11895333344186067,False
1981-07-14 06:00:00,0.112243354,0.02596172,0.018926091,0.07536629886180161,0.11934818300743931,False
1981-07-14 07:00:00,0.1958992,0.026112216,0.019035807,0.12369718149863183,0.11982603390064123,False
1981-07-14 08:00:00,0.28692567,0.026394611,0.019241672,0.17633477543108164,0.120442967371854,False
1981-07-14 09:00:00,0.35429236,0.027986798,0.020402377,0.21585555041581392,0.1213104004043406,False
1981-07-14 10:00:00,0.4260739,0.037346452,0.027225563,0.2610956667624414,0.12249270660996159,False
1981-07-14 11:00:00,0.4399319,0.042794812,0.03119742,0.2713166523501277,0.12356340712905894,False
1981-07-14 12:00:00,0.44196478,0.05518416,0.040229253,0.2775490098781883,0.12456368333768132,False
1981-07-14 13:00:00,0.43883806,0.06760858,0.049339432,0.2808214586749673,0.12525713035688768,False
1981-07-14 14:00:00,0.4203006,0.077170365,0.05657719,0.27404448070377113,0.12595133347513807,False
1981-07-14 15:00:00,0.37061405,0.087823115,0.06520693,0.24977221166342495,0.1263535100775712,False
1981-07-14 16:00:00,0.28497246,0.09465353,0.071397506,0.2032117274701595,0.1268756851712959,False
1981-07-14 17:00:00,0.20792358,0.0856891,0.06574843,0.15514159578084946,0.12729115674915756,False
1981-07-14 18:00:00,0.11390493,0.07571179,0.057026003,0.09674019843339919,0.12790137061049262,False
1981-07-14 19:00:00,0.037374135,0.070304886,0.052398633,0.05033690490201115,0.1283038476421827,False
1981-07-14 20:00:00,0.0028959913,0.066862546,0.049606778,0.029022032427601513,0.12874009153799262,False
1981-07-14 21:00:00,0.0,0.071199626,0.0526267,0.029114503651857374,0.12910397604720872,False
1981-07-14 22:00:00,0.0,0.08688219,0.068793155,0.03577435809373855,0.1294142227983868,False
1981-07-14 23:00:00,0.0,0.09128776,0.071226746,0.03753142842650413,0.12962222107647192,False
1981-07-15 00:00:00,0.0,0.09664436,0.07442547,0.0396807428598404,0.1297863051410133,False
1981-07-15 01:00:00,0.0,0.10077256,0.079317905,0.04146824137866497,0.1299711636352187,False
1981-07-15 02:00:00,0.0,0.10018472,0.08254982,0.04142585047334433,0.13018411360921545,False
1981-07-15 03:00:00,3.3711508e-06,0.100766115,0.08517703,0.041784200989840876,0.13040350910539947,False
1981-07-15 04:00:00,0.004747531,0.102446385,0.086734906,0.04522572621563449,0.1305807999588738,False
1981-07-15 05:00:00,0.037803162,0.10750073,0.091212064,0.06640564595535396,0.13068986608465538,False
1981-07-15 06:00:00,0.09951735,0.110523604,0.09378265,0.10326898545026779,0.1306866352861703,False
1981-07-15 07:00:00,0.17310692,0.116455644,0.09814669,0.14815474911034107,0.13065484601260344,False
1981-07-15 08:00:00,0.2615379,0.11721322,0.09910662,0.19951080907881258,0.13066143464969496,False
1981-07-15 09:00:00,0.34579104,0.119182095,0.100952215,0.24895104381442068,0.130558791325982,False
1981-07-15 10:00:00,0.41059968,0.12287389,0.10274221,0.2878045584410429,0.13067447609928928,False
1981-07-15 11:00:00,0.43112552,0.13284782,0.11237345,0.30384843625128266,0.13074049265963206,False
1981-07-15 12:00:00,0.4242817,0.1458012,0.12353549,0.3052820930182934,0.13095638768771845,False
1981-07-15 13:00:00,0.4210732,0.14846003,0.124712065,0.3044754382073879,0.13114553801072323,False
1981-07-15 14:00:00,0.3783579,0.14106631,0.11727204,0.2766986606270075,0.131223394969567,False
1981-07-15 15:00:00,0.32783705,0.13534917,0.11229665,0.2451698403358459,0.13094178689396502,False
1981-07-15 16:00:00,0.26155454,0.12630183,0.10580442,0.20323578129708764,0.13029486907127186,False
1981-07-15 17:00:00,0.18581751,0.104020946,0.08838118,0.15037301582843063,0.1296060803904465,False
1981-07-15 18:00:00,0.097323164,0.08218683,0.071934015,0.09036684399843216,0.12889704267875787,False
1981-07-15 19:00:00,0.034874093,0.06786845,0.06132078,0.048477131355553864,0.1284379309880038,False
1981-07-15 20:00:00,0.0027220168,0.05942002,0.053796597,0.026401607058243827,0.12814767000282057,False
1981-07-15 21:00:00,0.0,0.05537859,0.049608476,0.02311355735734105,0.12801698152655105,False
1981-07-15 22:00:00,0.0,0.055063244,0.049965147,0.023016454953700305,0.12799183163726072,False
1981-07-15 23:00:00,0.0,0.053310115,0.046600815,0.022187876399606465,0.12796330683891963,False
1981-07-16 00:00:00,0.0,0.053114776,0.045181967,0.022039178419858217,0.12797926629268866,False
1981-07-16 01:00:00,0.0,0.052911006,0.043355443,0.021865355081856254,0.12811859503276016,False
1981-07-16 02:00:00,0.0,0.052675813,0.043049473,0.021762046717107297,0.12836426713112112,False
1981-07-16 03:00:00,3.1118313e-06,0.048927102,0.039986145,0.020215148069057932,0.1287346297551815,False
1981-07-16 04:00:00,0.00540649,0.04246814,0.032931276,0.020568577962461854,0.12916126659358984,False
1981-07-16 05:00:00,0.03949015,0.035908923,0.026271362,0.037454861603677274,0.1296641591707083,False
1981-07-16 06:00:00,0.104653716,0.032948922,0.024019763,0.07384041373059153,0.1302200168592073,False
1981-07-16 07:00:00,0.19063275,0.034327887,0.025025029,0.12401343607902526,0.13081962462953853,False
1981-07-16 08:00:00,0.26948613,0.03897092,0.028409803,0.1714078958928585,0.13198801582155997,False
1981-07-16 09:00:00,0.3509421,0.046318315,0.03376605,0.221408419534564,0.13324414651814476,False
1981-07-16 10:00:00,0.41166797,0.06528241,0.04894132,0.26426446165889494,0.13453876714816565,False
1981-07-16 11:00:00,0.44433832,0.06187387,0.0456471,0.2816796136982739,0.13590221896275503,False
1981-07-16 12:00:00,0.45753783,0.05537915,0.040629476,0.2866282253824174,0.1372298541677954,False
1981-07-16 13:00:00,0.4532949,0.056291677,0.041403793,0.2845585926994681,0.1387956559705076,False
1981-07-16 14:00:00,0.41499385,0.05160659,0.037648294,0.26052729307487604,0.13985296437397224,False
1981-07-16 15:00:00,0.34322777,0.05063529,0.036913127,0.21872015617415308,0.14076560360353066,False
1981-07-16 16:00:00,0.26371783,0.044040598,0.032105595,0.17014987079054117,0.14126740075993907,False
1981-07-16 17:00:00,0.18309337,0.037865326,0.027603824,0.12110778561979531,0.14155683495419347,False
1981-07-16 18:00:00,0.1026365,0.03791103,0.027637139,0.0747028372772038,0.14189887589919317,False
1981-07-16 19:00:00,0.032518268,0.04319982,0.03149267,0.03640437761321664,0.1422381728855421,False
1981-07-16 20:00:00,0.001962096,0.05280275,0.039493367,0.022748985566664486,0.14249181293134203,False
1981-07-16 21:00:00,0.0,0.068088606,0.051529877,0.0279073089659214,0.1426143830223517,False
1981-07-16 22:00:00,0.0,0.083798766,0.064507835,0.034405167773365976,0.14270750284502706,False
1981-07-16 23:00:00,0.0,0.09310791,0.072975256,0.03829748220741749,0.14280147065786136,False
1981-07-17 00:00:00,0.0,0.11266831,0.0887762,0.04636852238327265,0.1428788280559746,False
1981-07-17 01:00:00,0.0,0.12929691,0.102776684,0.05326050209999084,0.14289017639849758,False
1981-07-17 02:00:00,0.0,0.14352737,0.115586214,0.05920325642824173,0.14286052388074297,False
1981-07-17 03:00:00,8.93211e-07,0.15044196,0.124984644,0.06226276923344256,0.14283182203565215,False
1981-07-17 04:00:00,0.004054025,0.16110119,0.14035292,0.0693645699173212,0.14285000557803743,False
1981-07-17 05:00:00,0.03791905,0.17058307,0.15300688,0.09308681500330568,0.14291418264037073,False
1981-07-17 06:00:00,0.10267992,0.17435786,0.15677392,0.13205015842616558,0.14300181158600142,False
1981-07-17 07:00:00,0.21224432,0.19626738,0.17314614,0.20423752632737158,0.14304108543398245,False
1981-07-17 08:00:00,0.30568418,0.20020796,0.17682542,0.25980508251488205,0.1427332274020409,False
1981-07-17 09:00:00,0.39745498,0.19614753,0.17375691,0.31109283405542376,0.1422725532740114,False
1981-07-17 10:00:00,0.47296262,0.19269794,0.17120878,0.3532502455413341,0.14154160946870611,False
1981-07-17 11:00:00,0.5012316,0.18799,0.1665922,0.3675749260932207,0.14057322907338307,False
1981-07-17 12:00:00,0.5260433,0.1845458,0.16326292,0.3804405795484781,0.13939780424324874,False
1981-07-17 13:00:00,0.48662865,0.17861877,0.15798485,0.3552262415736913,0.13817387695795932,False
1981-07-17 14:00:00,0.42984834,0.17444229,0.15025267,0.320505343645811,0.13677965889746088,False
1981-07-17 15:00:00,0.34479988,0.16941357,0.14431424,0.2692561038434505,0.13542452908795402,False
1981-07-17 16:00:00,0.267659,0.1508174,0.13032882,0.2171286226212978,0.13448851957388608,False
1981-07-17 17:00:00,0.19575123,0.1296026,0.11146594,0.16679098118841645,0.13385700747804483,False
1981-07-17 18:00:00,0.10899784,0.105618715,0.08866744,0.10665309934318065,0.13346658033620643,False
1981-07-17 19:00:00,0.04182235,0.08827941,0.07306026,0.06065185355395079,0.1332601511421683,False
1981-07-17 20:00:00,0.003371093,0.07339281,0.060331564,0.03228497142670676,0.13326274031143712,False
1981-07-17 21:00:00,0.0,0.066724196,0.054853342,0.02758330884575844,0.13316833823992655,False
1981-07-17 22:00:00,0.0,0.066566646,0.05488551,0.027526909969747066,0.13296152979953932,False
1981-07-17 23:00:00,0.0,0.06272234,0.051046073,0.025901031509041786,0.1327131524971106,False
1981-07-18 00:00:00,0.0,0.05490419,0.043041725,0.0225838988609612,0.13245332475568883,False
1981-07-18 01:00:00,0.0,0.049842387,0.037966542,0.020442034229636193,0.13208019027815915,False
1981-07-18 02:00:00,0.0,0.049780034,0.03732455,0.020384358152747153,0.13163028600256674,False
1981-07-18 03:00:00,1.0949037e-06,0.051523317,0.038430046,0.02108795810355093,0.13112013360442376,False
1981-07-18 04:00:00,0.005784088,0.049616776,0.037093848,0.023649076954461633,0.13060558118226778,False
1981-07-18 05:00:00,0.044333454,0.03937803,0.028706582,0.04166105099394917,0.1300388264355125,False
1981-07-18 06:00:00,0.107514724,0.033522777,0.024438107,0.07572555843368171,0.1293476538536092,False
1981-07-18 07:00:00,0.17040844,0.026717648,0.019477168,0.10923625054582951,0.12852021693940738,False
1981-07-18 08:00:00,0.2412199,0.024761267,0.018050961,0.14929553774744272,0.12676888532135167,False
1981-07-18 09:00:00,0.3049948,0.025323171,0.01846059,0.18632311687991024,0.1246024439583796,False
1981-07-18 10:00:00,0.35749218,0.02818358,0.02054583,0.21778220268338916,0.12211364837896853,False
1981-07-18 11:00:00,0.3680219,0.031615224,0.023047497,0.2252592218518257,0.11919899086535751,False
1981-07-18 12:00:00,0.3703849,0.034687776,0.025330333,0.2278797156885266,0.11664565450797011,False
1981-07-18 13:00:00,0.34973386,0.038787972,0.02827643,0.21763612579554317,0.11399862508791964,False
1981-07-18 14:00:00,0.30548424,0.047049895,0.03435643,0.19548106221854686,0.11181080117734303,False
1981-07-18 15:00:00,0.26242146,0.05468169,0.040684715,0.1737916994988918,0.11005502341258804,False
1981-07-18 16:00:00,0.20105764,0.05799371,0.04495095,0.13983729019016025,0.10871961835187703,False
1981-07-18 17:00:00,0.13975975,0.052833077,0.041305598,0.10236728281155227,0.10757289005076666,False
1981-07-18 18:00:00,0.07765844,0.048520084,0.038544565,0.06479423596337437,0.10662352292198841,False
1981-07-18 19:00:00,0.031542014,0.044544898,0.035034224,0.03652865773811936,0.10616321319161137,False
1981-07-18 20:00:00,0.0027692418,0.040346794,0.032071605,0.0182176861341577,0.10598544690600752,False
1981-07-18 21:00:00,0.0,0.04351615,0.035611924,0.017980503827333454,0.10605429629620067,False
1981-07-18 22:00:00,0.0,0.054341402,0.04502,0.022483057256788015,0.10618282274819812,False
1981-07-18 23:00:00,0.0,0.062196232,0.053247053,0.02582575061917305,0.10635797635849469,False
1981-07-19 00:00:00,0.0,0.06833876,0.060019728,0.028458067461848258,0.10669495450902633,False
1981-07-19 01:00:00,0.0,0.07614563,0.066062234,0.03166509687155485,0.10712404392833724,False
1981-07-19 02:00:00,0.0,0.08340011,0.072987065,0.03471594131737947,0.1075876662082681,False
1981-07-19 03:00:00,4.033856e-07,0.09029502,0.078614056,0.03756425296995545,0.108063855651644,False
1981-07-19 04:00:00,0.0037623774,0.09622555,0.0830041,0.04216034207306803,0.10856352859707798,False
1981-07-19 05:00:00,0.031002311,0.10121912,0.086524874,0.059910531071946015,0.1090206019237323,False
1981-07-19 06:00:00,0.07826228,0.113750294,0.09633323,0.09233318654447792,0.10937599033509184,False
1981-07-19 07:00:00,0.118411124,0.12557414,0.10210244,0.12017360866069793,0.10951061995044153,False
1981-07-19 08:00:00,0.17091285,0.1394218,0.10652848,0.15581589709222315,0.10959552830508092,False
1981-07-19 09:00:00,0.23573266,0.13579744,0.10191937,0.19163064624369144,0.10967753259220585,False
1981-07-19 10:00:00,0.27682188,0.13130489,0.09572139,0.21334668488800523,0.10940408777705507,False
1981-07-19 11:00:00,0.32564506,0.1398686,0.10196421,0.24501478093862533,0.10879250585951335,False
1981-07-19 12:00:00,0.3310835,0.15255076,0.11216213,0.253383167386055,0.1079464044967895,False
1981-07-19 13:00:00,0.32119673,0.15868683,0.11712476,0.25021069386601447,0.10739246231189421,False
1981-07-19 14:00:00,0.29964146,0.15503521,0.11346102,0.2362280109375715,0.10685882004765597,False
1981-07-19 15:00:00,0.24994402,0.14922433,0.10879976,0.20515666092932222,0.10649103907879866,False
1981-07-19 16:00:00,0.1878271,0.13138534,0.096819244,0.16208566416800022,0.1061946423848854,False
1981-07-19 17:00:00,0.13169427,0.11058027,0.08203043,0.12122135900706053,0.10601294129625076,False
1981-07-19 18:00:00,0.080762915,0.092834845,0.06855504,0.08455823228508234,0.10597945229565527,False
1981-07-19 19:00:00,0.026618864,0.0899011,0.06641634,0.05211907184496522,0.10602381835524727,False
1981-07-19 20:00:00,0.0024343452,0.08359726,0.061809942,0.03558974215597845,0.10593972670131631,False
1981-07-19 21:00:00,0.0,0.08250658,0.061252773,0.03375257854163647,0.10588971635378118,False
1981-07-19 22:00:00,0.0,0.087752156,0.06580996,0.03593428326398134,0.10580334920464235,False
1981-07-19 23:00:00,0.0,0.10263386,0.07785346,0.042075982734560965,0.10558682600367035,False
1981-07-20 00:00:00,0.0,0.10547904,0.07885973,0.043180190987885,0.10527971595414133,False
1981-07-20 01:00:00,0.0,0.104469575,0.07678945,0.04269590366631746,0.10493905426450224,False
1981-07-20 02:00:00,0.0,0.10582962,0.07759856,0.04324145143479109,0.10450642724689246,False
1981-07-20 03:00:00,2.0169277e-07,0.11027257,0.08114008,0.04507225948438149,0.10397991980337688,False
1981-07-20 04:00:00,0.0033336647,0.10681704,0.07869603,0.045588596633868286,0.10337211910446144,False
1981-07-20 05:00:00,0.029822638,0.10159388,0.07451648,0.05871969473920762,0.10271259691172442,False
1981-07-20 06:00:00,0.06746344,0.105823286,0.07801076,0.0821877799704671,0.10201612914285786,False
1981-07-20 07:00:00,0.115556814,0.113917306,0.08518674,0.11331185156852007,0.1012555675593718,False
1981-07-20 08:00:00,0.17635363,0.12567316,0.094487056,0.15323174352943897,0.10062538292509358,False
1981-07-20 09:00:00,0.2143387,0.12098205,0.0904066,0.17319776575267312,0.10004054838498598,False
1981-07-20 10:00:00,0.24473901,0.11512717,0.08759141,0.1884262706413865,0.09946314246302634,False
1981-07-20 11:00:00,0.2537228,0.093395315,0.07010069,0.18464635644108054,0.09898275848526672,False
1981-07-20 12:00:00,0.29125884,0.08124955,0.060241763,0.20129049081355332,0.09835843949627295,False
1981-07-20 13:00:00,0.28087893,0.07329518,0.05385613,0.19202129711210725,0.09764482842884502,False
1981-07-20 14:00:00,0.2645305,0.061693363,0.044974457,0.17782757571339608,0.0973660010138419,False
1981-07-20 15:00:00,0.23356174,0.060728695,0.044271223,0.15956465819105506,0.09686021058573863,False
1981-07-20 16:00:00,0.187056,0.0567692,0.04141645,0.13111563793569803,0.09651032077072974,False
1981-07-20 17:00:00,0.13810182,0.05156172,0.037940517,0.100759810782969,0.0963425281649503,False
1981-07-20 18:00:00,0.08298376,0.04654748,0.034558445,0.06692380682379007,0.09619396216238081,False
1981-07-20 19:00:00,0.026202166,0.042432874,0.03177551,0.03249225834943354,0.09587899069559924,False
1981-07-20 20:00:00,0.0020422835,0.035760105,0.026728023,0.01581718945247121,0.09539356530475283,False
1981-07-20 21:00:00,0.0,0.033816457,0.025122372,0.01383488066866994,0.09486758394163759,False
1981-07-20 22:00:00,0.0,0.029547792,0.021977933,0.01208994361013174,0.09436659388567048,False
1981-07-20 23:00:00,0.0,0.027104516,0.02005374,0.011084468241780996,0.09383017798940844,False
1981-07-21 00:00:00,0.0,0.029588044,0.022005893,0.012106306359171868,0.09319712625941455,False
1981-07-21 01:00:00,0.0,0.026678,0.01953367,0.010899000026285648,0.0925553624092993,False
1981-07-21 02:00:00,0.0,0.023125295,0.01685834,0.00944358402863145,0.09190623567401625,False
1981-07-21 03:00:00,2.8813256e-08,0.020544812,0.014977169,0.008389819422014748,0.09122568230805182,False
1981-07-21 04:00:00,0.003317731,0.021032471,0.01533267,0.010503276821691544,0.09049835151856646,False
1981-07-21 05:00:00,0.029315297,0.023422988,0.01707536,0.02648007816635072,0.08979269676869656,False
1981-07-21 06:00:00,0.07226456,0.034600284,0.025223609,0.055826230537146325,0.08921722712131758,False
1981-07-21 07:00:00,0.12235877,0.04731965,0.034496024,0.08992474621534348,0.08893472544046349,False
1981-07-21 08:00:00,0.18340594,0.053673945,0.039128304,0.12774383916705845,0.08916180378769754,False
1981-07-21 09:00:00,0.24238282,0.0589184,0.04295152,0.16391516198962927,0.0898962401762907,False
1981-07-21 10:00:00,0.28041157,0.06975732,0.050931968,0.19028825395554302,0.0913604138133108,False
1981-07-21 11:00:00,0.32012025,0.074291416,0.054158438,0.21504746946692463,0.09335091459670335,False
1981-07-21 12:00:00,0.32712963,0.07438435,0.054226194,0.2191298361495137,0.09611648137646957,False
1981-07-21 13:00:00,0.35615027,0.07671616,0.055926085,0.23682697794586421,0.09894866106073913,False
1981-07-21 14:00:00,0.31604436,0.07246557,0.0528274,0.2119500703886151,0.10178704626366104,False
1981-07-21 15:00:00,0.2772686,0.06949152,0.050659318,0.18836194980889556,0.10444443933553914,False
1981-07-21 16:00:00,0.22683914,0.056678165,0.04131838,0.15403161909058688,0.1064811452523642,False
1981-07-21 17:00:00,0.16716611,0.04318514,0.031481966,0.11409019088372588,0.10802886887240765,False
1981-07-21 18:00:00,0.094637334,0.036324915,0.026480861,0.06943960187956691,0.10881754748391993,False
1981-07-21 19:00:00,0.029919945,0.028295316,0.020627286,0.02881865308433771,0.10896979638032613,False
1981-07-21 20:00:00,0.0018418297,0.02272447,0.016566139,0.01034263672644738,0.10879976846634447,False
1981-07-21 21:00:00,0.0,0.023765583,0.017325109,0.009705055855214596,0.10852629358189216,False
1981-07-21 22:00:00,0.0,0.024944095,0.018184245,0.010186320243403315,0.10828100295870019,False
1981-07-21 23:00:00,0.0,0.028625056,0.020867666,0.01168949969485402,0.10809804642763839,False
1981-07-22 00:00:00,0.0,0.030304987,0.022092333,0.012375526182353496,0.10794706226825866,False
1981-07-22 01:00:00,0.0,0.028253626,0.020596895,0.011537820372730493,0.10779551134711284,False
1981-07-22 02:00:00,0.0,0.025895618,0.018877905,0.010574889868497849,0.10771517967221944,False
1981-07-22 03:00:00,0.0,0.024880577,0.01813794,0.010160381589084864,0.10769278593010885,False
1981-07-22 04:00:00,0.003646461,0.02354055,0.017161062,0.011717168640112503,0.10770476071591127,False
1981-07-22 05:00:00,0.03629384,0.024868885,0.018129416,0.031097151665017007,0.107744855234305,False
1981-07-22 06:00:00,0.09755209,0.03021834,0.02202917,0.0686276992894709,0.10803526293643777,False
1981-07-22 07:00:00,0.18861851,0.037659187,0.027453545,0.12421161223575472,0.10867736167330942,False
1981-07-22 08:00:00,0.29269204,0.047963977,0.035234783,0.188484690181911,0.10989372941403676,False
1981-07-22 09:00:00,0.3872716,0.048946597,0.0363164,0.24347810032963751,0.11156868932724336,False
1981-07-22 10:00:00,0.46038997,0.044811077,0.033148278,0.2839703082442283,0.11345673655806136,False
1981-07-22 11:00:00,0.5155298,0.048579633,0.037166223,0.3173935618698597,0.11579593853848702,False
1981-07-22 12:00:00,0.550421,0.04787438,0.03660283,0.33723511565849185,0.11811909559681727,False
1981-07-22 13:00:00,0.53701943,0.04490079,0.033984877,0.32826378685235974,0.12033574418481309,False
1981-07-22 14:00:00,0.5006979,0.04017621,0.030643102,0.30538244316354396,0.12166061866650384,False
1981-07-22 15:00:00,0.42336112,0.031771615,0.024508305,0.25732654219865797,0.12278403020858014,False
1981-07-22 16:00:00,0.33773398,0.025670726,0.01965491,0.20540637169778347,0.12329881451350973,False
1981-07-22 17:00:00,0.22831988,0.016814454,0.012431076,0.13861638413555918,0.123242196696716,False
1981-07-22 18:00:00,0.12198005,0.009426019,0.006871568,0.07423175385128707,0.12296554065573599,False
1981-07-22 19:00:00,0.03810236,0.0057444978,0.004187739,0.024330918478313833,0.12261204670950021,False
1981-07-22 20:00:00,0.0018228705,0.004012574,0.0029251657,0.002690394998760894,0.1224657141174953,False
1981-07-22 21:00:00,0.0,0.0050467737,0.0036790974,0.002060930755455047,0.12233091440540513,False
1981-07-22 22:00:00,0.0,0.00810065,0.0059053735,0.0033080301191657784,0.12220124025834732,False
1981-07-22 23:00:00,0.0,0.009396543,0.0068500796,0.003837228591553867,0.12210528565750929,False
1981-07-23 00:00:00,0.0,0.011832185,0.008625664,0.004831862144172192,0.12198661118518568,False
1981-07-23 01:00:00,0.0,0.017246978,0.0125730485,0.0070430796314030885,0.12188779188523542,False
1981-07-23 02:00:00,0.0,0.020493098,0.01493947,0.008368684407323598,0.12184112973109361,False
1981-07-23 03:00:00,0.0,0.021952389,0.01600329,0.008964609140530228,0.12184149011870388,False
1981-07-23 04:00:00,0.0049010194,0.02350814,0.017137436,0.012427813704591244,0.12189603000523995,False
1981-07-23 05:00:00,0.05018813,0.028065745,0.020459928,0.04041964786872267,0.12202846782778959,False
1981-07-23 06:00:00,0.12644725,0.03351628,0.024433367,0.08664696990698575,0.12239054859262995,False
1981-07-23 07:00:00,0.2288145,0.039877053,0.02907037,0.1483103977702558,0.12319687530146395,False
1981-07-23 08:00:00,0.33316293,0.038952563,0.028396418,0.2081419150009751,0.124438623208594,False
1981-07-23 09:00:00,0.41694254,0.034198698,0.02493085,0.2545414290688932,0.1256466847762569,False
1981-07-23 10:00:00,0.5062604,0.025608648,0.018668706,0.302569949015975,0.12670712037838788,False
1981-07-23 11:00:00,0.5470275,0.026750818,0.019501345,0.32655900826677675,0.12762596236546006,False
1981-07-23 12:00:00,0.54616225,0.02545107,0.018553829,0.3255289683733135,0.1279006795695776,False
1981-07-23 13:00:00,0.5047008,0.022549877,0.01643886,0.30042095306701955,0.1277057627630058,False
1981-07-23 14:00:00,0.44546562,0.021647638,0.015781127,0.26587382440827784,0.12728780659889907,False
1981-07-23 15:00:00,0.3552113,0.019871105,0.014486034,0.21307159644551574,0.12655466284024944,False
1981-07-23 16:00:00,0.25045943,0.016648965,0.012137096,0.15131396388448773,0.12594792648315842,False
1981-07-23 17:00:00,0.16615635,0.012093284,0.008816004,0.10081070091668515,0.1251197933211638,False
1981-07-23 18:00:00,0.085416004,0.0078039262,0.0056890617,0.052471892460249366,0.12442880942168283,False
1981-07-23 19:00:00,0.032796513,0.007030704,0.0051253834,0.021794688668102025,0.12410987929284133,False
1981-07-23 20:00:00,0.0017638033,0.0069901412,0.0050958134,0.0038722505461191757,0.1240819589808939,False
1981-07-23 21:00:00,0.0,0.0085234735,0.0062136124,0.003480696796439588,0.12419436059861393,False
1981-07-23 22:00:00,0.0,0.013665436,0.009962103,0.005580499403178692,0.1243173738781602,False
1981-07-23 23:00:00,0.0,0.014675867,0.010698707,0.005993125023320317,0.12440884081851755,False
1981-07-24 00:00:00,0.0,0.018689606,0.013624723,0.007632199784740805,0.12446311854793522,False
1981-07-24 01:00:00,0.0,0.022768881,0.016598515,0.009298036973923444,0.12447653923970713,False
1981-07-24 02:00:00,0.0,0.025937978,0.018908788,0.010592188473790884,0.1244440443564213,False
1981-07-24 03:00:00,0.0,0.031291284,0.022811342,0.012778296142816543,0.1243851833178319,False
1981-07-24 04:00:00,0.003488536,0.039330646,0.028672043,0.018074184122495354,0.12435050949979405,False
1981-07-24 05:00:00,0.046926014,0.05240573,0.038203776,0.04847702837735414,0.12434450852091217,False
1981-07-24 06:00:00,0.13284515,0.07508794,0.055042222,0.10733138131350278,0.12417307098959056,False
1981-07-24 07:00:00,0.22544475,0.13115913,0.098818034,0.183815511777997,0.12375013707900523,False
1981-07-24 08:00:00,0.33889142,0.12417051,0.094673686,0.24647164542973038,0.1229016897889889,False
1981-07-24 09:00:00,0.43033406,0.11242989,0.0849931,0.294379009231925,0.12185628555905488,False
1981-07-24 10:00:00,0.5035263,0.09184299,0.06759266,0.32807472362369294,0.12085082290985416,False
1981-07-24 11:00:00,0.5125576,0.085249,0.062543646,0.33057998766750096,0.12015501535882035,False
1981-07-24 12:00:00,0.5123167,0.079015605,0.05769653,0.3278791089430451,0.11959754296768871,False
1981-07-24 13:00:00,0.4909667,0.061009243,0.04447574,0.30820189097523687,0.11942743711375581,False
1981-07-24 14:00:00,0.43073085,0.05304027,0.038666353,0.2701915427483618,0.12008578713265662,False
1981-07-24 15:00:00,0.36308992,0.045793023,0.033383116,0.22820319705829023,0.12110345063358806,False
1981-07-24 16:00:00,0.26673546,0.02877227,0.020974986,0.16565597992204129,0.1220147076099749,False
1981-07-24 17:00:00,0.1693963,0.018873986,0.013759135,0.10544915696047245,0.12323671659788688,False
1981-07-24 18:00:00,0.09073666,0.016083749,0.011725055,0.05892310766689479,0.1242116276124169,False
1981-07-24 19:00:00,0.028568113,0.0158884,0.011928193,0.022990743504837156,0.12506816005357801,False
1981-07-24 20:00:00,0.0016149252,0.017518258,0.012770809,0.008085672649322077,0.12565658471322258,False
1981-07-24 21:00:00,0.0,0.019505953,0.01421984,0.007965568173676729,0.12623142074512014,False
1981-07-24 22:00:00,0.0,0.018851822,0.013742979,0.007698443256318569,0.12687725557821267,False
1981-07-24 23:00:00,0.0,0.015776435,0.011501021,0.006442559603601694,0.1277036747892054,False
1981-07-25 00:00:00,0.0,0.013409675,0.009775653,0.005476055349223316,0.12858566379108397,False
1981-07-25 01:00:00,0.0,0.013427477,0.009788631,0.00548332523368299,0.12949608771704532,False
1981-07-25 02:00:00,0.0,0.013574476,0.009895792,0.005543354555033147,0.1304565360359049,False
1981-07-25 03:00:00,0.0,0.017876772,0.013032165,0.007300265874713659,0.13144107943462605,False
1981-07-25 04:00:00,0.0018035369,0.02700149,0.021029182,0.012139766718260944,0.13239118549568976,False
1981-07-25 05:00:00,0.028425455,0.03812141,0.03189553,0.03219064636528492,0.13328969441875493,False
1981-07-25 06:00:00,0.07917611,0.04988147,0.041764125,0.06634614219889044,0.13391518076265996,False
1981-07-25 07:00:00,0.14735724,0.05434102,0.046443786,0.10758492784947156,0.13414851246189471,False
1981-07-25 08:00:00,0.23394464,0.055396132,0.04694967,0.15796251196414232,0.1334867613632743,False
1981-07-25 09:00:00,0.31547633,0.058452204,0.04963921,0.206279221907258,0.13230552630410983,False
1981-07-25 10:00:00,0.42102006,0.06338392,0.05285082,0.2691711865663528,0.13101638256453121,False
1981-07-25 11:00:00,0.46823007,0.071682766,0.0589008,0.2998003334924578,0.12983912040686377,False
1981-07-25 12:00:00,0.49130678,0.08200593,0.067031205,0.31736388738453386,0.12934291474091653,False
1981-07-25 13:00:00,0.51283896,0.08767501,0.06965916,0.33202175397425887,0.12927710083209742,False
1981-07-25 14:00:00,0.47798425,0.09457045,0.074597485,0.3147216724529862,0.12978644349695015,False
1981-07-25 15:00:00,0.37390885,0.09986608,0.07807303,0.2568119313120842,0.13047302240487643,False
1981-07-25 16:00:00,0.29548585,0.096026994,0.07483512,0.20997039530426262,0.13122672276529937,False
1981-07-25 17:00:00,0.19516823,0.08511909,0.06639663,0.14760642961412668,0.1322294259950797,False
1981-07-25 18:00:00,0.10164241,0.085007764,0.066109546,0.09358544963598252,0.1333814755603406,False
1981-07-25 19:00:00,0.031705674,0.07707829,0.06116684,0.0500390723310411,0.13447831731942783,False
1981-07-25 20:00:00,0.0012039907,0.07479632,0.058700662,0.03146438007720281,0.13565095136238253,False
1981-07-25 21:00:00,0.0,0.08394471,0.06491058,0.034480768784880635,0.13690602629789425,False
1981-07-25 22:00:00,0.0,0.10997156,0.086465105,0.045248621530830854,0.13817866190424463,False
1981-07-25 23:00:00,0.0,0.11686672,0.09638475,0.04832859711349011,0.13952562959067796,False
1981-07-26 00:00:00,0.0,0.123833805,0.104405075,0.05133254823088646,0.14089923986391437,False
1981-07-26 01:00:00,0.0,0.13355304,0.11330525,0.05539955627918243,0.14232930974860716,False
1981-07-26 02:00:00,0.0,0.13909654,0.12080828,0.057850271612405774,0.1437777064768648,False
1981-07-26 03:00:00,0.0,0.14009984,0.12382494,0.05838338707387447,0.1452436627528564,False
1981-07-26 04:00:00,0.0021348891,0.14389221,0.12730657,0.06120261242962443,0.1466905082663921,False
1981-07-26 05:00:00,0.027891664,0.14965194,0.1330614,0.07850037288479507,0.14803096682772612,False
1981-07-26 06:00:00,0.083970554,0.16824526,0.14810729,0.1185313028767705,0.14913729888810262,False
1981-07-26 07:00:00,0.13744953,0.17464334,0.15369791,0.15205145904421805,0.14997218044401253,False
1981-07-26 08:00:00,0.20530176,0.17104748,0.15179123,0.1897723625898361,0.15058586481388456,False
1981-07-26 09:00:00,0.2759759,0.17558175,0.1568952,0.23250010973215102,0.15130386249507885,False
1981-07-26 10:00:00,0.33628258,0.18581909,0.16599716,0.27156614005565644,0.15202344088664074,False
1981-07-26 11:00:00,0.38799515,0.19879209,0.17656727,0.30676211570203304,0.15212425681580274,False
1981-07-26 12:00:00,0.40883815,0.21314134,0.18835692,0.32472004131972787,0.15212769018940422,False
1981-07-26 13:00:00,0.41528666,0.22344187,0.19592382,0.3326503388881683,0.15208771114722933,False
1981-07-26 14:00:00,0.3574575,0.23292516,0.20268472,0.3031473303288221,0.15200245986417352,False
1981-07-26 15:00:00,0.30234128,0.21606101,0.1889515,0.264380814358592,0.15195141456792546,False
1981-07-26 16:00:00,0.22394931,0.20302373,0.17872638,0.21378573495149614,0.15259213640808855,False
1981-07-26 17:00:00,0.14751227,0.18139888,0.16105124,0.16074753609299658,0.1530942933454282,False
1981-07-26 18:00:00,0.071253076,0.1688524,0.15096204,0.11157151210308075,0.1534864924949387,False
1981-07-26 19:00:00,0.017776856,0.1652642,0.14884149,0.07927717756666243,0.1538738858687795,False
1981-07-26 20:00:00,0.000515181,0.1629804,0.14615269,0.06832926955388392,0.15423562376903788,False
1981-07-26 21:00:00,0.0,0.16557853,0.14728889,0.06905207727849483,0.1545649504045531,False
1981-07-26 22:00:00,0.0,0.17354165,0.15400043,0.07235289220511913,0.15473641941403446,False
1981-07-26 23:00:00,0.0,0.17390452,0.151946,0.07237585271894932,0.1545919669017702,False
1981-07-27 00:00:00,0.0,0.17830734,0.15414818,0.07411940981447697,0.15435489931176824,False
1981-07-27 01:00:00,0.0,0.18062392,0.15474337,0.07500636819005012,0.15403568505575357,False
1981-07-27 02:00:00,0.0,0.18294209,0.15562266,0.07590925580263137,0.1535988541588694,False
1981-07-27 03:00:00,0.0,0.18515545,0.15604609,0.07674885052442551,0.15306767365835086,False
1981-07-27 04:00:00,0.0009810048,0.18315732,0.15427195,0.07648177766229491,0.15243635523398816,False
1981-07-27 05:00:00,0.014727032,0.18527916,0.15609403,0.08529458526335656,0.151788047472932,False
1981-07-27 06:00:00,0.043816548,0.19592471,0.1637424,0.10642045688256621,0.1510938501540661,False
1981-07-27 07:00:00,0.080335416,0.21909474,0.18226452,0.13704177760332822,0.1502463813210927,False
1981-07-27 08:00:00,0.13651386,0.27478924,0.2270495,0.1924264006614685,0.1494736704481234,False
1981-07-27 09:00:00,0.19612704,0.3093076,0.2503551,0.24081898470222948,0.14879750854314888,False
1981-07-27 10:00:00,0.24852432,0.3160433,0.25910822,0.2740103511661291,0.14829493201425573,False
1981-07-27 11:00:00,0.28785738,0.3241707,0.26393396,0.2999651354253292,0.14765064077042936,False
1981-07-27 12:00:00,0.30776328,0.33438843,0.26807684,0.3154448933601379,0.14659803423435389,False
1981-07-27 13:00:00,0.34546936,0.3122238,0.2478388,0.32792969238758085,0.14517681475242253,False
1981-07-27 14:00:00,0.3246318,0.30348054,0.24027085,0.3122714982330799,0.14356636693951946,False
1981-07-27 15:00:00,0.28870943,0.2936964,0.23346786,0.2875665796399116,0.14197617233321966,False
1981-07-27 16:00:00,0.22004673,0.25962445,0.20936191,0.234073928296566,0.14044665639081622,False
1981-07-27 17:00:00,0.1501425,0.19282433,0.16014044,0.16643198879063129,0.13903339271366247,False
1981-07-27 18:00:00,0.08492269,0.1525071,0.12786701,0.11218033158034087,0.13770094252706158,False
1981-07-27 19:00:00,0.026029263,0.12612715,0.10819791,0.06740249154344201,0.13648754765728296,False
1981-07-27 20:00:00,0.00102604,0.11221613,0.097634844,0.047272058581933375,0.13517239239736734,False
1981-07-27 21:00:00,0.0,0.10267548,0.089333855,0.04271128123998642,0.13379757993581998,False
1981-07-27 22:00:00,0.0,0.09198976,0.08093849,0.038314900942146776,0.13240461058615885,False
1981-07-27 23:00:00,0.0,0.08899223,0.0761337,0.03694935279339552,0.13094947137702084,False
1981-07-28 00:00:00,0.0,0.086817406,0.073604465,0.03601026394218206,0.1294924168191018,False
1981-07-28 01:00:00,0.0,0.08365269,0.06599686,0.03443167322874069,0.12800891092618522,False
1981-07-28 02:00:00,0.0,0.078983106,0.059422992,0.032353607587516306,0.12651859080635305,False
1981-07-28 03:00:00,0.0,0.068737224,0.05029754,0.028080102704465388,0.12500779664994743,False
1981-07-28 04:00:00,0.0017449018,0.071029544,0.053094998,0.030083839898929,0.12347138249595709,False
1981-07-28 05:00:00,0.027329747,0.07115848,0.058373284,0.045178901579231025,0.12194699090134258,False
1981-07-28 06:00:00,0.08245146,0.07331841,0.059700236,0.07785279889404773,0.12055284315446646,False
1981-07-28 07:00:00,0.14962119,0.06950748,0.055215765,0.11496133714169263,0.1195278799883286,False
1981-07-28 08:00:00,0.22648305,0.06477367,0.05063682,0.15731659115105867,0.11894746497164811,False
1981-07-28 09:00:00,0.3167643,0.062479153,0.04719686,0.20837643634527922,0.11873819598691404,False
1981-07-28 10:00:00,0.38822618,0.04073222,0.02969379,0.24064016035199162,0.11863822145829929,False
1981-07-28 11:00:00,0.41004506,0.04809106,0.03510004,0.2562370019704103,0.11871612746439274,False
1981-07-28 12:00:00,0.40597707,0.05447071,0.039871193,0.25650150618702167,0.11880756504604768,False
1981-07-28 13:00:00,0.39970466,0.060524847,0.044177473,0.25534884386882184,0.11858327057534694,False
1981-07-28 14:00:00,0.35362223,0.055778306,0.040662386,0.22681798922643065,0.11765848645160461,False
1981-07-28 15:00:00,0.2980023,0.046567835,0.033947952,0.19096404912322756,0.11659068931022214,False
1981-07-28 16:00:00,0.23103647,0.030955162,0.022566313,0.14594907844811678,0.11520699011507309,False
1981-07-28 17:00:00,0.15555412,0.017227689,0.012558985,0.09678992713615296,0.11404998498452691,False
1981-07-28 18:00:00,0.08635209,0.008579078,0.006254148,0.053328558353707194,0.11340368351980597,False
1981-07-28 19:00:00,0.024374196,0.005107707,0.0037235182,0.016149725090712306,0.11284950762890143,False
1981-07-28 20:00:00,0.0008816855,0.004480145,0.0032660253,0.002338271399610676,0.11228045345730321,False
1981-07-28 21:00:00,0.0,0.0053617307,0.0039087012,0.002189548494759947,0.11185389119640259,False
1981-07-28 22:00:00,0.0,0.0061371666,0.004473994,0.0025062101664952933,0.11159655264972042,False
1981-07-28 23:00:00,0.0,0.0059682587,0.0043508606,0.002437233938835561,0.1114262477720369,False
1981-07-29 00:00:00,0.0,0.00712872,0.0051968372,0.0029111269544810055,0.11139593937035913,False
1981-07-29 01:00:00,0.0,0.008499734,0.0061963066,0.003471002438105643,0.11150623358480895,False
1981-07-29 02:00:00,0.0,0.008304159,0.0060537327,0.003391136295162141,0.11175937310813257,False
1981-07-29 03:00:00,0.0,0.0073487293,0.0053572226,0.00300097113288939,0.11212182920446882,False
1981-07-29 04:00:00,0.0015781884,0.005877978,0.004285046,0.0033109811207978055,0.11258708632432186,False
1981-07-29 05:00:00,0.027993115,0.005444788,0.0039692502,0.018375493413303048,0.11302979371392469,False
1981-07-29 06:00:00,0.094131954,0.007121277,0.0051914114,0.057222224907949565,0.11354169026062193,False
1981-07-29 07:00:00,0.18113388,0.011429961,0.008332441,0.10918185680266469,0.1143750894302346,False
1981-07-29 08:00:00,0.30287707,0.01866321,0.013605483,0.18238148939423263,0.11571055350714972,False
1981-07-29 09:00:00,0.39062187,0.02603397,0.018978762,0.23602020732872186,0.11739674407707827,False
1981-07-29 10:00:00,0.4648975,0.023273177,0.016966144,0.27774983945861453,0.11916320345502646,False
1981-07-29 11:00:00,0.5084719,0.026852993,0.019575832,0.3043541393447667,0.12109282635725092,False
1981-07-29 12:00:00,0.50501806,0.032528028,0.023712935,0.30467875876650213,0.12331654298412602,False
1981-07-29 13:00:00,0.4666388,0.03499181,0.02550903,0.2835400544479489,0.12589289590466446,False
1981-07-29 14:00:00,0.42229632,0.042491935,0.030976618,0.2610172354467213,0.12849882100156187,False
1981-07-29 15:00:00,0.346182,0.052399553,0.03826992,0.2211490182727575,0.1314479211182177,False
1981-07-29 16:00:00,0.27057678,0.05486394,0.040186826,0.17853768203034998,0.13411011548928595,False
1981-07-29 17:00:00,0.19775108,0.05215546,0.038181167,0.1354095184840262,0.13653250093244315,False
1981-07-29 18:00:00,0.11072158,0.053079125,0.03902481,0.0855798888169229,0.1384882682948993,False
1981-07-29 19:00:00,0.028972533,0.057077974,0.04275866,0.04008789130672812,0.13983825630533964,False
1981-07-29 20:00:00,0.0008324149,0.063936986,0.050444793,0.026797070058702955,0.1408312628663687,False
1981-07-29 21:00:00,0.0,0.07333469,0.06108392,0.03035903099924326,0.14167493866403566,False
1981-07-29 22:00:00,0.0,0.07326371,0.057517722,0.030140266813337802,0.14245584905845207,False
1981-07-29 23:00:00,0.0,0.08603041,0.06943201,0.035494549512863155,0.14315035277799218,False
1981-07-30 00:00:00,0.0,0.0997025,0.083595626,0.04130438623577356,0.14379053858273874,False
1981-07-30 01:00:00,0.0,0.11206021,0.09689171,0.046582370348274706,0.14438092581336134,False
1981-07-30 02:00:00,0.0,0.11928452,0.106213205,0.04975150021165609,0.14492540839403847,False
1981-07-30 03:00:00,0.0,0.12064999,0.109122165,0.05041244445741177,0.1454443492010676,False
1981-07-30 04:00:00,0.001625298,0.120777704,0.107944906,0.05133379459986463,0.1459421913058239,False
1981-07-30 05:00:00,0.033561736,0.120721206,0.10812387,0.06974993582069874,0.14642398078592803,False
1981-07-30 06:00:00,0.109385066,0.1311551,0.117491536,0.11785595903545618,0.14705608719521007,False
1981-07-30 07:00:00,0.1970925,0.15678383,0.13866673,0.1790636128336191,0.14807230292151644,False
1981-07-30 08:00:00,0.29241982,0.16700886,0.1463191,0.23825373850762843,0.14948763224111597,False
1981-07-30 09:00:00,0.38564512,0.16967998,0.14883958,0.29316648648679255,0.15085878628047686,False
1981-07-30 10:00:00,0.4668219,0.15362582,0.13366467,0.33326205965876576,0.1521903464187406,False
1981-07-30 11:00:00,0.5186412,0.15299043,0.13455507,0.3629754000604153,0.15381440527055762,False
1981-07-30 12:00:00,0.5344087,0.17257173,0.1506234,0.3801664463728666,0.1557436938069066,False
1981-07-30 13:00:00,0.52653694,0.1842829,0.15964895,0.38043324851989746,0.15781698571663233,False
1981-07-30 14:00:00,0.50125355,0.1902868,0.16547537,0.3683747948259115,0.16005393812958343,False
1981-07-30 15:00:00,0.41940263,0.18456979,0.16014461,0.31874937893450256,0.16173374289427145,False
1981-07-30 16:00:00,0.33312535,0.16835819,0.14603849,0.26222357971966265,0.16289803355506968,False
1981-07-30 17:00:00,0.22673924,0.14385597,0.12509932,0.19066676053404807,0.16352397848694467,False
1981-07-30 18:00:00,0.114982516,0.124396205,0.10890503,0.11812798285484313,0.16347112372297987,False
1981-07-30 19:00:00,0.030700207,0.110743,0.09696025,0.06381404002010822,0.16303421905021376,False
1981-07-30 20:00:00,0.0006266595,0.10205854,0.08913939,0.04283470968762413,0.16263106028776034,False
1981-07-30 21:00:00,0.0,0.09533343,0.08324468,0.03967324742674827,0.16215121512653316,False
1981-07-30 22:00:00,0.0,0.08611919,0.07526681,0.03584238870441913,0.1615869063402923,False
1981-07-30 23:00:00,0.0,0.079776034,0.06905178,0.033166152566671374,0.16103090478476845,False
1981-07-31 00:00:00,0.0,0.075191416,0.0648904,0.031249714024364945,0.16035959138788058,False
1981-07-31 01:00:00,0.0,0.07122061,0.061588194,0.02960616631060839,0.1595560024605646,False
1981-07-31 02:00:00,0.0,0.06797447,0.059587322,0.028300295032560825,0.15865309745169254,False
1981-07-31 03:00:00,0.0,0.06446605,0.057581834,0.026897392161190508,0.1577335644378025,False
1981-07-31 04:00:00,0.0016970142,0.061041176,0.054324165,0.026436876165797003,0.15684400698004067,False
1981-07-31 05:00:00,0.041776627,0.05913245,0.051696543,0.04871660105884075,0.15597626716082733,False
1981-07-31 06:00:00,0.14008299,0.060632203,0.05184101,0.10600057977065443,0.15512799545833347,False
1981-07-31 07:00:00,0.26011863,0.06516392,0.055254202,0.17711766414344307,0.1541515432315829,False
1981-07-31 08:00:00,0.3855159,0.062269747,0.051419873,0.2481968832835555,0.15304987920647922,False
1981-07-31 09:00:00,0.4816294,0.05334143,0.043554477,0.29993509396538137,0.15187122657396335,False
1981-07-31 10:00:00,0.57833874,0.053295996,0.043277547,0.3557046643458307,0.1506488025899927,False
1981-07-31 11:00:00,0.652593,0.049442988,0.04017326,0.39695998908951874,0.14920033033733382,False
1981-07-31 12:00:00,0.66792905,0.045466553,0.03749164,0.40419677043333646,0.14780428044550245,False
1981-07-31 13:00:00,0.64844114,0.04065146,0.032645304,0.3909137702696025,0.1463307721357743,False
1981-07-31 14:00:00,0.5670581,0.03523983,0.026886126,0.341647864151746,0.14443636493499204,False
1981-07-31 15:00:00,0.4580018,0.031176781,0.023401916,0.27703496999107297,0.14224108163249802,False
1981-07-31 16:00:00,0.34270084,0.026435694,0.02018303,0.20858303876034914,0.1401946764828743,False
1981-07-31 17:00:00,0.21657175,0.019311083,0.014533357,0.13287248981371522,0.13837299462498912,False
1981-07-31 18:00:00,0.10242944,0.013481677,0.009850699,0.0646084645241499,0.13679294302584108,False
1981-07-31 19:00:00,0.02945308,0.009162965,0.0066798017,0.020736270708963275,0.13569506694638295,False
1981-07-31 20:00:00,0.0005235656,0.008478681,0.0061809593,0.003764502319798339,0.13482769223354882,False
1981-07-31 21:00:00,0.0,0.008012933,0.0058414275,0.003272209259681404,0.1340834808089283,False
1981-07-31 22:00:00,0.0,0.008453672,0.006162727,0.003452192148193717,0.1333937285392756,False
1981-07-31 23:00:00,0.0,0.008011212,0.0058401735,0.0032715064622461797,0.1327774698094443,False
1981-08-01 00:00:00,0.0,0.0066903653,0.0048772767,0.0027321177246049048,0.13224737645189524,False
1981-08-01 01:00:00,0.0,0.007941234,0.0057891593,0.003242929922416806,0.13179035782678764,False
1981-08-01 02:00:00,0.0,0.013747265,0.010021757,0.005613915544934571,0.13135641637588633,False
1981-08-01 03:00:00,0.0,0.01888915,0.01377019,0.007713686484843493,0.13091634518436404,False
1981-08-01 04:00:00,0.0016575688,0.021367759,0.015577096,0.009682283277623355,0.13045526980124195,False
1981-08-01 05:00:00,0.032386042,0.025334973,0.018473014,0.02903289410099387,0.1299866249799168,False
1981-08-01 06:00:00,0.100690685,0.031559255,0.023006698,0.07098625215142966,0.12948727022016174,False
1981-08-01 07:00:00,0.19097197,0.039163183,0.028549962,0.1261837396286428,0.12884516960129086,False
1981-08-01 08:00:00,0.2804021,0.0486975,0.035500478,0.1816784121468663,0.12803325171836402,False
1981-08-01 09:00:00,0.3653484,0.05799726,0.042280003,0.234490135256201,0.1271307998537263,False
1981-08-01 10:00:00,0.42647812,0.04323944,0.031521555,0.2637353915311396,0.12622241252731883,False
1981-08-01 11:00:00,0.472772,0.056751933,0.04137216,0.2959650052525103,0.1249418341679588,False
1981-08-01 12:00:00,0.49001327,0.06538348,0.047664557,0.30943804750591514,0.12293720718311497,False
1981-08-01 13:00:00,0.45606536,0.06453033,0.047042612,0.2895017028823495,0.12061023893637392,False
1981-08-01 14:00:00,0.41639638,0.05568653,0.04059548,0.2630011963061988,0.11812062654810457,False
1981-08-01 15:00:00,0.3483256,0.04784447,0.03487862,0.2205219317525625,0.11573027642845723,False
1981-08-01 16:00:00,0.27283022,0.042508207,0.0310053,0.17478285054117443,0.1135252073850747,False
1981-08-01 17:00:00,0.17588025,0.032670148,0.023816539,0.11482428377494215,0.11179159605378249,False
1981-08-01 18:00:00,0.09545477,0.025351107,0.018480958,0.06542993104085325,0.11081061743344688,False
1981-08-01 19:00:00,0.024587156,0.019573776,0.014269283,0.022180053804069753,0.1104365852889248,False
1981-08-01 20:00:00,0.00043643438,0.016800465,0.012247538,0.007112561305839335,0.1102969084970568,False
1981-08-01 21:00:00,0.0,0.016076604,0.011719845,0.006565138483420015,0.11027082765373365,False
1981-08-01 22:00:00,0.0,0.015334209,0.011178637,0.006261969672515988,0.11024724318553075,False
1981-08-01 23:00:00,0.0,0.01890745,0.013793006,0.007721671404317021,0.11021643842369981,False
1981-08-02 00:00:00,0.0,0.022805082,0.016624905,0.009312820019200443,0.11021404774530986,False
1981-08-02 01:00:00,0.0,0.021492917,0.015668338,0.00877697666734457,0.11021967307295148,False
1981-08-02 02:00:00,0.0,0.017574621,0.012811899,0.007176877839490771,0.1101797802561809,False
1981-08-02 03:00:00,0.0,0.011670349,0.008507684,0.004765773771330715,0.11006950745513627,False
1981-08-02 04:00:00,0.0014616388,0.007587701,0.005531434,0.003941924742190167,0.10991238392205327,False
1981-08-02 05:00:00,0.038369887,0.0063867904,0.00465597,0.024747572590596973,0.10972651352791347,False
1981-08-02 06:00:00,0.1262817,0.0056694555,0.004133033,0.07517975006485358,0.10948772346005302,False
1981-08-02 07:00:00,0.23620887,0.0045378096,0.0033080636,0.1381456057629548,0.10929176968186959,False
1981-08-02 08:00:00,0.3525353,0.003590704,0.0026176232,0.20487919378094374,0.1089152315229307,False
1981-08-02 09:00:00,0.44150823,0.0038745918,0.0028245773,0.2563325022978242,0.10875356504074574,False
1981-08-02 10:00:00,0.5061452,0.005365615,0.0039115334,0.2942369030965492,0.10887434905833904,False
1981-08-02 11:00:00,0.5173229,0.0054915976,0.0040033744,0.300737893817015,0.10947238568443339,False
1981-08-02 12:00:00,0.50354946,0.0047855554,0.00348867,0.29250229458976534,0.11014889172050858,False
1981-08-02 13:00:00,0.46770266,0.0037905765,0.0027633302,0.2714123756326735,0.11085485524121769,False
1981-08-02 14:00:00,0.39033225,0.0041368506,0.003015764,0.22691105840867384,0.11198389156209193,False
1981-08-02 15:00:00,0.2929297,0.005316833,0.0038759713,0.17119165590871124,0.11285437467597399,False
1981-08-02 16:00:00,0.2124858,0.0067718304,0.0049366644,0.12536969485832378,0.11357513743884079,False
1981-08-02 17:00:00,0.14342716,0.007415022,0.005405551,0.08578551603760569,0.11406820049309811,False
1981-08-02 18:00:00,0.07594719,0.0069383695,0.0050580716,0.04665492158709094,0.11439421322025989,False
1981-08-02 19:00:00,0.019948568,0.006174512,0.0045012194,0.01403178469929844,0.11434942729714637,False
1981-08-02 20:00:00,0.0004139024,0.0055680447,0.0040591047,0.0025126218402874655,0.1141973568221657,False
1981-08-02 21:00:00,0.0,0.005240776,0.003820526,0.002140154785942286,0.11406597086836529,False
1981-08-02 22:00:00,0.0,0.0048328303,0.0035231335,0.0019735635803081095,0.11394626250417615,False
1981-08-02 23:00:00,0.0,0.0077302074,0.0056353216,0.0031567538995295767,0.1138345711561252,False
1981-08-03 00:00:00,0.0,0.0073515754,0.0053592985,0.0030021334514021875,0.11369228899982237,False
1981-08-03 01:00:00,0.0,0.0032521677,0.0023708302,0.0013280747174285353,0.11351831720390883,False
1981-08-03 02:00:00,0.0,0.00078562147,0.00057271804,0.00032082109479233625,0.11335203354468659,False
1981-08-03 03:00:00,0.0,0.0004205955,0.0003066141,0.00017175689685973338,0.11321404742292918,False
1981-08-03 04:00:00,0.0010727174,0.0003466166,0.00025268353,0.0007605043589137494,0.113122682519681,False
1981-08-03 05:00:00,0.03027515,0.00025028948,0.00018246105,0.017570970843691608,0.11306248478627651,False
1981-08-03 06:00:00,0.10652794,0.0002787934,0.00020324039,0.06158047079862444,0.11296292393796536,False
1981-08-03 07:00:00,0.18705869,0.00043354608,0.00031605508,0.10810990799957654,0.11281025196998547,False
1981-08-03 08:00:00,0.30104652,0.0005254568,0.000383058,0.17391842100198845,0.11283772178946139,False
1981-08-03 09:00:00,0.4157883,0.0009254519,0.00067465456,0.24028776810067937,0.11305589945634176,False
1981-08-03 10:00:00,0.505788,0.0014728388,0.0010736994,0.29244114958366846,0.11361965527750677,False
1981-08-03 11:00:00,0.5682385,0.0013803361,0.001006265,0.32843729498411994,0.11446416863854464,False
1981-08-03 12:00:00,0.5941861,0.0011727252,0.00085491675,0.3433242964999517,0.1155357631060816,False
1981-08-03 13:00:00,0.5949758,0.00096578285,0.0007040557,0.34369544628431326,0.11705873940111945,False
1981-08-03 14:00:00,0.5276251,0.000844126,0.0006153678,0.30478438577253836,0.11862332266588853,False
1981-08-03 15:00:00,0.441576,0.0008061152,0.00058765797,0.2551185443701688,0.12065789784230653,False
1981-08-03 16:00:00,0.34336582,0.0008027113,0.0005851767,0.19844987714552553,0.12282223593109494,False
1981-08-03 17:00:00,0.22539116,0.0010338589,0.0007536831,0.13047289467870724,0.12471512478323783,False
1981-08-03 18:00:00,0.108786285,0.0012501539,0.00091136206,0.06328020673140416,0.12586454320135645,False
1981-08-03 19:00:00,0.024889607,0.0012718193,0.00092715624,0.014880671004997566,0.12632427463823914,False
1981-08-03 20:00:00,0.00032388978,0.0015161672,0.0011052857,0.0008060355234192684,0.12638237190729534,False
1981-08-03 21:00:00,0.0,0.0020058893,0.0014622934,0.0008191370023414492,0.1263506541384287,False
1981-08-03 22:00:00,0.0,0.0022058275,0.0016080484,0.0009007849660702049,0.12632896204499602,False
1981-08-03 23:00:00,0.0,0.0021846283,0.0015925938,0.0008921279017813503,0.1263006068705964,False
1981-08-04 00:00:00,0.0,0.0023561555,0.0017176374,0.0009621738153509795,0.12624900903401623,False
1981-08-04 01:00:00,0.0,0.0019476671,0.0014198493,0.0007953610246768222,0.12620280049539914,False
1981-08-04 02:00:00,0.0,0.0013555095,0.0009881664,0.0005535439951345324,0.1261908373755742,False
1981-08-04 03:00:00,0.0,0.0009311706,0.00067882345,0.0003802584154182114,0.12619441999429734,False
1981-08-04 04:00:00,0.0011606265,0.0009372769,0.0006832749,0.0010524335387744942,0.12619750370326807,False
1981-08-04 05:00:00,0.033827394,0.0011025536,0.0008037616,0.019968651871662586,0.12620101656448976,False
1981-08-04 06:00:00,0.11673999,0.0012060807,0.00087923283,0.0678514956018189,0.12634557058610948,False
1981-08-04 07:00:00,0.24102566,0.0009607884,0.0007004148,0.13946415709779827,0.1269002181679244,False
1981-08-04 08:00:00,0.37269506,0.0007509758,0.00054746144,0.21535172179120127,0.12814225749934252,False
1981-08-04 09:00:00,0.49060336,0.0007704961,0.00056169165,0.2833927817137446,0.1297563095512512,False
1981-08-04 10:00:00,0.5795911,0.0008558067,0.00062388304,0.33477354442636714,0.13160126913365341,False
1981-08-04 11:00:00,0.6095836,0.0010889292,0.0007938294,0.35217442825878964,0.13366465379509226,False
1981-08-04 12:00:00,0.63269234,0.0013264529,0.0009669842,0.3656051567515824,0.1357333234391724,False
1981-08-04 13:00:00,0.5995366,0.0014196957,0.0010349583,0.34651237234158905,0.137427333039091,False
1981-08-04 14:00:00,0.5614433,0.0015130205,0.001102992,0.32457066687673797,0.13867612669027954,False
1981-08-04 15:00:00,0.47562933,0.0015715337,0.0011456481,0.27507988417055457,0.13990523844844457,False
1981-08-04 16:00:00,0.37370157,0.0014755207,0.0010756546,0.2162283597611822,0.14086895650434242,False
1981-08-04 17:00:00,0.24347997,0.0011500935,0.0008384181,0.14095760010730007,0.14147737848898886,False
1981-08-04 18:00:00,0.118263714,0.001184887,0.0008637826,0.06872203055745922,0.1418148659494934,False
1981-08-04 19:00:00,0.028119028,0.0014589233,0.001063555,0.016820453613996506,0.1419622494281503,False
1981-08-04 20:00:00,0.0002715073,0.0020410838,0.0014879502,0.000990168934687972,0.1420128841098001,False
1981-08-04 21:00:00,0.0,0.0026910524,0.0019617772,0.001098934301175177,0.14204603588526946,False
1981-08-04 22:00:00,0.0,0.0014999172,0.0010934398,0.0006125152091262863,0.1420730671926983,False
1981-08-04 23:00:00,0.0,0.0016653143,0.0012140141,0.0006800577436806635,0.14209819358987144,False
1981-08-05 00:00:00,0.0,0.0019201491,0.0013997887,0.0007841235977830365,0.14212323622528922,False
1981-08-05 01:00:00,0.0,0.0018460032,0.0013457366,0.0007538449658313766,0.142141877828614,False
1981-08-05 02:00:00,0.0,0.0012067283,0.0008797048,0.0004927867935039103,0.14216164172356796,False
1981-08-05 03:00:00,0.0,0.00078305963,0.00057085045,0.0003197749274550006,0.14218531102186963,False
1981-08-05 04:00:00,0.0010802953,0.00074881676,0.00054588745,0.0009291216975543647,0.1422199929464193,False
1981-08-05 05:00:00,0.04169526,0.0011053788,0.00080582127,0.024509563881438223,0.1422575330577984,False
1981-08-05 06:00:00,0.1520677,0.0011276364,0.00082204695,0.0882035547257401,0.1423658165785134,False
1981-08-05 07:00:00,0.28983742,0.0012038333,0.00087759446,0.16772779590764544,0.14275649979599928,False
1981-08-05 08:00:00,0.4348449,0.0011935513,0.00087009894,0.25139291949360626,0.14329548002504275,False
1981-08-05 09:00:00,0.5687037,0.0017234216,0.0012563743,0.32884582805598617,0.14404352880926133,False
1981-08-05 10:00:00,0.6755634,0.0041226116,0.0030053838,0.39148361333273346,0.14494523483093333,False
1981-08-05 11:00:00,0.7383058,0.004238813,0.003090095,0.42773343789996576,0.1461747206205322,False
1981-08-05 12:00:00,0.7328541,0.0043586525,0.003177458,0.42463675729604433,0.14779089774596352,False
1981-08-05 13:00:00,0.69602674,0.004971303,0.00362408,0.40363754154136405,0.14918978906059,False
1981-08-05 14:00:00,0.62698853,0.0049205082,0.0035870504,0.36378175016446035,0.1506125524470087,False
1981-08-05 15:00:00,0.5184276,0.005495756,0.004006406,0.3013770110532641,0.1515419387621945,False
1981-08-05 16:00:00,0.3908812,0.005180828,0.0037768232,0.22765413240855556,0.15215160654434237,False
1981-08-05 17:00:00,0.251206,0.0042276406,0.0030819501,0.14667229278292504,0.15248594961313883,False
1981-08-05 18:00:00,0.11854704,0.004782409,0.0034863763,0.07035461370693519,0.15282063670847074,False
1981-08-05 19:00:00,0.026151141,0.0054410193,0.003966503,0.017311135724186896,0.1531743590365629,False
1981-08-05 20:00:00,0.00018682514,0.0056065456,0.0040871724,0.0023973207459494004,0.15348628929303176,False
1981-08-05 21:00:00,0.0,0.005183193,0.0037785477,0.002116639758925885,0.1538289728374994,False
1981-08-05 22:00:00,0.0,0.005159225,0.0037610752,0.0021068520303815603,0.15414722477611673,False
1981-08-05 23:00:00,0.0,0.00512818,0.0037384431,0.002094174401834607,0.1544542050481369,False
1981-08-06 00:00:00,0.0,0.00454732,0.0033149954,0.0018569707749411463,0.15470777608875239,False
1981-08-06 01:00:00,0.0,0.0042707473,0.0031133746,0.0017440279824659228,0.15494084728596233,False
1981-08-06 02:00:00,0.0,0.004137637,0.0030163375,0.0016896703136153519,0.15516183261794966,False
1981-08-06 03:00:00,0.0,0.00500774,0.0036506425,0.002044990793801844,0.15539157724081185,False
1981-08-06 04:00:00,0.0009159157,0.005695566,0.0041520675,0.0028543588849715886,0.15563761273747975,False
1981-08-06 05:00:00,0.039104078,0.006374693,0.004647151,0.02516626086598262,0.1559180595111597,False
1981-08-06 06:00:00,0.14480934,0.0074670846,0.005443505,0.0866042900411412,0.15618568963803994,False
1981-08-06 07:00:00,0.2798091,0.0095144175,0.00693601,0.16533520809188484,0.1563738737430841,False
1981-08-06 08:00:00,0.42711726,0.011782091,0.008589144,0.25125806343369184,0.15653155020972045,False
1981-08-06 09:00:00,0.5544949,0.016483016,0.0120161185,0.32667467075400053,0.15655626943415316,False
1981-08-06 10:00:00,0.66601783,0.023255056,0.016952937,0.39378886232711374,0.15642152188139738,False
1981-08-06 11:00:00,0.7273822,0.02461373,0.017943408,0.4297509302794933,0.15607278683362144,False
1981-08-06 12:00:00,0.73168725,0.02587972,0.018866317,0.4327519398536533,0.15565575976839174,False
1981-08-06 13:00:00,0.69866735,0.028586991,0.02083992,0.4148050148896873,0.15539954795538605,False
1981-08-06 14:00:00,0.6186557,0.0299165,0.021809129,0.36918121000565585,0.15523502354722202,False
1981-08-06 15:00:00,0.50206465,0.03588114,0.026157351,0.3043439377136528,0.15499250136358123,False
1981-08-06 16:00:00,0.37288868,0.041923314,0.030562097,0.23227682706341146,0.1545215290942734,False
1981-08-06 17:00:00,0.24114327,0.043767028,0.03209037,0.15702258068323133,0.15409043259306154,False
1981-08-06 18:00:00,0.11667926,0.044953723,0.033126786,0.08570070230588317,0.15385184206420288,False
1981-08-06 19:00:00,0.024317233,0.043325413,0.032870095,0.03179310592450201,0.1539216146872069,False
1981-08-06 20:00:00,0.00013550873,0.042124275,0.033646908,0.017438979069134802,0.15421362334891073,False
1981-08-06 21:00:00,0.0,0.039561164,0.03290663,0.01637502735480666,0.15456596492037802,False
1981-08-06 22:00:00,0.0,0.037073668,0.030877495,0.015347568266093731,0.154886290880172,False
1981-08-06 23:00:00,0.0,0.031091576,0.025531037,0.012851467693224549,0.1551381340642883,False
1981-08-07 00:00:00,0.0,0.02909114,0.022905746,0.011971541063860058,0.15539440549306613,False
1981-08-07 01:00:00,0.0,0.0276223,0.02163912,0.011361140901222824,0.1556439968326203,False
1981-08-07 02:00:00,0.0,0.028023535,0.021848965,0.011520528690889478,0.15582928432293278,False
1981-08-07 03:00:00,0.0,0.029484272,0.023144118,0.012129478767514228,0.1559619402015132,False
1981-08-07 04:00:00,0.0007556276,0.033838607,0.027187474,0.014390566834190394,0.15607343965802734,False
1981-08-07 05:00:00,0.037157197,0.038528506,0.03146461,0.037355809971690176,0.15618667365439215,False
1981-08-07 06:00:00,0.13920838,0.040907748,0.033670362,0.09723639176785946,0.1561559053523654,False
1981-08-07 07:00:00,0.27377042,0.04184032,0.035030656,0.1752962663061917,0.1557215653293954,False
1981-08-07 08:00:00,0.4068174,0.043010276,0.036574204,0.2525794422663748,0.1550592190227116,False
1981-08-07 09:00:00,0.52625966,0.04515106,0.03824779,0.322377945523709,0.15401841245440628,False
1981-08-07 10:00:00,0.61291564,0.050748795,0.043809336,0.3747443310394883,0.15261647442851814,False
1981-08-07 11:00:00,0.66808426,0.053616215,0.045317322,0.40771613876894114,0.15083990177442647,False
1981-08-07 12:00:00,0.676093,0.0537209,0.044628292,0.41233859027177094,0.1488693315434729,False
1981-08-07 13:00:00,0.646897,0.05435561,0.044880934,0.3957403699494898,0.14681855879215036,False
1981-08-07 14:00:00,0.57145166,0.05426327,0.044257928,0.3521406853497028,0.14462725588809636,False
1981-08-07 15:00:00,0.44233137,0.056896687,0.047227077,0.2787703421264887,0.14276751893272097,False
1981-08-07 16:00:00,0.3174587,0.057455722,0.047901392,0.2069615003503859,0.14096677921928094,False
1981-08-07 17:00:00,0.19288646,0.05769933,0.048766833,0.13521994739770887,0.13956470108271204,False
1981-08-07 18:00:00,0.08762523,0.05607707,0.045398224,0.07370369961112738,0.13850516922397788,False
1981-08-07 19:00:00,0.017746659,0.051281072,0.040092845,0.03132755148597062,0.13786637189330783,False
1981-08-07 20:00:00,9.21736e-05,0.046910632,0.036046457,0.01930971617637988,0.13758857036382285,False
1981-08-07 21:00:00,0.0,0.04263768,0.03257374,0.01749228582903743,0.13745851363235345,False
1981-08-07 22:00:00,0.0,0.03476128,0.025340974,0.014195324867963792,0.13738966197514166,False
1981-08-07 23:00:00,0.0,0.03525074,0.025697788,0.014395202983170747,0.13732290004618192,False
1981-08-08 00:00:00,0.0,0.03388469,0.02470194,0.013837355073541401,0.13732293110916582,False
1981-08-08 01:00:00,0.0,0.026049739,0.018990258,0.010637827517464756,0.13736447349521988,False
1981-08-08 02:00:00,0.0,0.019730223,0.014383335,0.008057152485474943,0.13743340637761362,False
1981-08-08 03:00:00,0.0,0.018113567,0.01320479,0.007396964706480502,0.13750514589348536,False
1981-08-08 04:00:00,0.0005703584,0.019493528,0.014210781,0.008289590710483026,0.1375769714331786,False
1981-08-08 05:00:00,0.028720908,0.017429018,0.0127057545,0.023689382368698716,0.13761715306764663,False
1981-08-08 06:00:00,0.104624346,0.013193364,0.009617962,0.06575596893858163,0.13741249414890425,False
1981-08-08 07:00:00,0.22451913,0.009783002,0.0071318094,0.13354258537106217,0.13658975349017458,False
1981-08-08 08:00:00,0.34332561,0.007837255,0.0057133595,0.20129934815503656,0.1348755895316139,False
1981-08-08 09:00:00,0.44560388,0.0055543515,0.0040491223,0.2593816455113701,0.13228438960729827,False
1981-08-08 10:00:00,0.53043723,0.0060021956,0.0043756003,0.3085133749307133,0.12897718059372507,False
1981-08-08 11:00:00,0.5766777,0.0059273737,0.0043210546,0.33516355919372287,0.1252435664325025,False
1981-08-08 12:00:00,0.5752733,0.005833414,0.0042525586,0.33431484779017046,0.12141882671772852,False
1981-08-08 13:00:00,0.5321407,0.006311269,0.004600914,0.30962247549509625,0.11762149843092427,False
1981-08-08 14:00:00,0.48006773,0.007137607,0.0052033155,0.27991383614763615,0.11397971800970885,False
1981-08-08 15:00:00,0.37166184,0.008471686,0.00617586,0.2179084314685315,0.11103988568057967,False
1981-08-08 16:00:00,0.27716377,0.012375122,0.009021464,0.16497707650810478,0.10891122796510698,False
1981-08-08 17:00:00,0.16931066,0.020656511,0.015750898,0.1061650514639914,0.10737168787908781,False
1981-08-08 18:00:00,0.079409786,0.022439387,0.01738612,0.05503843043372035,0.10645418301690411,False
1981-08-08 19:00:00,0.014046692,0.025204843,0.019501926,0.018458632509224113,0.10595334432033553,False
1981-08-08 20:00:00,5.6012963e-05,0.027100509,0.021552753,0.011196255958602706,0.10581700009291956,False
1981-08-08 21:00:00,0.0,0.031432714,0.02724956,0.013070147808641195,0.10581203943396796,False
1981-08-08 22:00:00,0.0,0.029463856,0.023533944,0.012142995676025748,0.10581560237564956,False
1981-08-08 23:00:00,0.0,0.031052306,0.025826994,0.012852958716452121,0.10590044165611145,False
1981-08-09 00:00:00,0.0,0.033728983,0.028140385,0.013965575594455003,0.10598755582909909,False
1981-08-09 01:00:00,0.0,0.035543814,0.02878244,0.014669919256120921,0.10606369327124086,False
1981-08-09 02:00:00,0.0,0.036392312,0.02843078,0.01496402545273304,0.10617818023973487,False
1981-08-09 03:00:00,0.0,0.037969455,0.029006958,0.015577104672789574,0.10633309223245707,False
1981-08-09 04:00:00,0.00034330992,0.03938744,0.02939316,0.01631928528865683,0.10651523913209204,False
1981-08-09 05:00:00,0.019774104,0.039456856,0.028943416,0.027532181872054935,0.1067295841450454,False
1981-08-09 06:00:00,0.070188016,0.042226393,0.030829929,0.05774484014883637,0.10679884919721712,False
1981-08-09 07:00:00,0.12921183,0.045104604,0.03365875,0.09301639629527926,0.10636418361354155,False
1981-08-09 08:00:00,0.18724541,0.049018025,0.03839983,0.12820184589922426,0.1050157018764255,False
1981-08-09 09:00:00,0.2460663,0.052451186,0.042540167,0.16363191287219522,0.10288898322038198,False
1981-08-09 10:00:00,0.3050872,0.04756492,0.036001414,0.19553085130080577,0.10008250294670967,False
1981-08-09 11:00:00,0.3520837,0.05106153,0.039530106,0.2241286324597895,0.09692985003427602,False
1981-08-09 12:00:00,0.36041164,0.053714797,0.042380627,0.2300668325051665,0.0935279561018455,False
1981-08-09 13:00:00,0.34242555,0.056637175,0.04548605,0.22093490973114965,0.09053491659627956,False
1981-08-09 14:00:00,0.3240104,0.058393344,0.046807177,0.2110287335515022,0.08809526857516031,False
1981-08-09 15:00:00,0.2633703,0.059690323,0.048229195,0.17659477178379893,0.08600801578575047,False
1981-08-09 16:00:00,0.18900652,0.058266878,0.046413608,0.13306357622146606,0.08471928230668807,False
1981-08-09 17:00:00,0.11817974,0.055717055,0.045007624,0.09117971401289104,0.0838341532108568,False
1981-08-09 18:00:00,0.048852004,0.05215994,0.041274413,0.04966344217583537,0.08338651165462797,False
1981-08-09 19:00:00,0.007419442,0.049808294,0.03931019,0.024783028570003807,0.08329918757402727,False
1981-08-09 20:00:00,1.9420133e-05,0.046321593,0.036439467,0.019071604546703383,0.08353059867173435,False
1981-08-09 21:00:00,0.0,0.04304607,0.032950144,0.017663307029753925,0.08381666376486337,False
1981-08-09 22:00:00,0.0,0.044570994,0.033720624,0.018267610330134628,0.08402830947910352,False
1981-08-09 23:00:00,0.0,0.04533721,0.034208376,0.01857668328657746,0.08426248421483123,False
1981-08-10 00:00:00,0.0,0.042775523,0.031625636,0.017491952296346425,0.08440977743091443,False
1981-08-10 01:00:00,0.0,0.039506722,0.028800398,0.016133202005177736,0.0844489245564715,False
1981-08-10 02:00:00,0.0,0.03793883,0.027657408,0.015492928136140107,0.08440046117185064,False
1981-08-10 03:00:00,0.0,0.039523408,0.028812563,0.01614001588895917,0.08432250775511292,False
1981-08-10 04:00:00,0.00025047365,0.04513997,0.03290703,0.018578151332243577,0.08424218102484392,False
1981-08-10 05:00:00,0.009888709,0.052139856,0.038309503,0.02701410487294197,0.08418612219362386,False
1981-08-10 06:00:00,0.036322393,0.058450263,0.0438121,0.04489202092215419,0.08415088208962873,False
1981-08-10 07:00:00,0.07575293,0.061327737,0.045853466,0.06881546198949216,0.08413689610622223,False
1981-08-10 08:00:00,0.12606646,0.06469524,0.048221506,0.09921685266494751,0.08418708003316405,False
1981-08-10 09:00:00,0.17248827,0.061423823,0.045916084,0.12467059237509966,0.08442261196498468,False
1981-08-10 10:00:00,0.2251623,0.06650112,0.05052735,0.15718603513389826,0.08466027999960528,False
1981-08-10 11:00:00,0.25269598,0.06365838,0.04772462,0.17187265043705702,0.08511265682037318,False
1981-08-10 12:00:00,0.2858771,0.06273858,0.047172647,0.19064895152300593,0.08501319697860338,False
1981-08-10 13:00:00,0.28610498,0.067003235,0.050233424,0.19251937048137188,0.08512976046430587,False
1981-08-10 14:00:00,0.26104757,0.07114795,0.05273445,0.17972570225596424,0.0852310982018649,False
1981-08-10 15:00:00,0.21907091,0.072464965,0.053809933,0.156049224473536,0.08522074879054155,False
1981-08-10 16:00:00,0.16784608,0.06266524,0.046670675,0.12249087990820408,0.08536016165042316,False
1981-08-10 17:00:00,0.10774981,0.054995514,0.040986486,0.08467825676500797,0.08541323948422778,False
1981-08-10 18:00:00,0.04879202,0.05544144,0.04140719,0.05084687456488609,0.08522828049915243,False
1981-08-10 19:00:00,0.008550333,0.06011454,0.0453807,0.029566365199163554,0.08502908988260298,False
1981-08-10 20:00:00,1.2735459e-05,0.06090127,0.0453234,0.02492738042879591,0.0847041454298323,False
1981-08-10 21:00:00,0.0,0.056820393,0.041896615,0.02322914209216833,0.08437595813908426,False
1981-08-10 22:00:00,0.0,0.057092756,0.042891778,0.023383382990956304,0.08407213458175117,False
1981-08-10 23:00:00,0.0,0.04874509,0.03585362,0.019923033088445664,0.08373816517613174,False
1981-08-11 00:00:00,0.0,0.03880009,0.028285263,0.015844637621194126,0.08339488544950306,False
1981-08-11 01:00:00,0.0,0.030226994,0.02203548,0.012343676794320345,0.08306965037980278,False
1981-08-11 02:00:00,0.0,0.027480891,0.020033568,0.011222261449322105,0.0827688798819801,False
1981-08-11 03:00:00,0.0,0.028703226,0.020924654,0.01172142161987722,0.08248205097314364,False
1981-08-11 04:00:00,0.00019503693,0.033097576,0.024128137,0.013628461390093435,0.08218332647081858,False
1981-08-11 05:00:00,0.015854523,0.04081114,0.03024605,0.025840656880289317,0.08183732234570304,False
1981-08-11 06:00:00,0.065084785,0.047737855,0.035265245,0.05707351294532419,0.08155102078294643,False
1981-08-11 07:00:00,0.12913664,0.05119715,0.03743773,0.09542522478848695,0.08163640254007487,False
1981-08-11 08:00:00,0.20670012,0.04956684,0.03613422,0.1395073786266148,0.08218445438337812,False
1981-08-11 09:00:00,0.2675618,0.050584093,0.036875807,0.1750399785339832,0.08323908937000775,False
1981-08-11 10:00:00,0.34469175,0.044954274,0.032771666,0.21724493869766592,0.08489398667310509,False
1981-08-11 11:00:00,0.35420826,0.03667395,0.02673531,0.21935456005483867,0.08682450087165837,False
1981-08-11 12:00:00,0.38668674,0.030716635,0.022392428,0.2356618798188865,0.08915077191171301,False
1981-08-11 13:00:00,0.37120613,0.02843817,0.020731425,0.22579912113398312,0.09105998001359313,False
1981-08-11 14:00:00,0.3449992,0.028081248,0.02047123,0.21053196180798112,0.09297461675805103,False
1981-08-11 15:00:00,0.298081,0.027644014,0.020244533,0.18328658905811607,0.09454517796700729,False
1981-08-11 16:00:00,0.21795714,0.024120625,0.017583933,0.13561131224408743,0.09563396547000454,False
1981-08-11 17:00:00,0.13031857,0.017405635,0.0126887085,0.08230168272927402,0.09653532338438386,False
1981-08-11 18:00:00,0.061302304,0.01158486,0.008445363,0.04010229258146136,0.09702447921906042,False
1981-08-11 19:00:00,0.009448903,0.00914297,0.006665225,0.009185694837011395,0.09706814142810478,False
1981-08-11 20:00:00,1.44642545e-05,0.008106132,0.0059093703,0.003318614590796642,0.09667062484461453,False
1981-08-11 21:00:00,0.0,0.007541706,0.005497904,0.003079776277765632,0.09619430674695732,False
1981-08-11 22:00:00,0.0,0.0054781223,0.003993551,0.002237078860402107,0.09574662617910044,False
1981-08-11 23:00:00,0.0,0.005140625,0.003747515,0.002099256408400834,0.09529276939602542,False
1981-08-12 00:00:00,0.0,0.0046053515,0.003357301,0.0018806689507327974,0.09490904719068467,False
1981-08-12 01:00:00,0.0,0.004153671,0.0030280265,0.0016962181096896527,0.09459916486457487,False
1981-08-12 02:00:00,0.0,0.004224496,0.0030796574,0.0017251405119895935,0.09435606427215944,False
1981-08-12 03:00:00,0.0,0.0044108466,0.003215507,0.0018012397773563863,0.09413267597729547,False
1981-08-12 04:00:00,0.00021111472,0.0045256955,0.0032992316,0.001969953326697578,0.09390087199558449,False
1981-08-12 05:00:00,0.019495914,0.0049526347,0.0036104708,0.013271629860624669,0.09363428607558329,False
1981-08-12 06:00:00,0.080900244,0.0056589046,0.004125342,0.04899034526431932,0.0933964074671678,False
1981-08-12 07:00:00,0.16061811,0.005988011,0.00436526,0.09512195046804844,0.0935748977772069,False
1981-08-12 08:00:00,0.25569814,0.0056358823,0.004108558,0.14983933202316985,0.09431862896745852,False
1981-08-12 09:00:00,0.34937328,0.0061642737,0.0044937553,0.20410566292377189,0.0957176796655066,False
1981-08-12 10:00:00,0.42728642,0.008096792,0.005902561,0.24985071666445582,0.09781886511721455,False
1981-08-12 11:00:00,0.48526624,0.00865655,0.006310625,0.28353366035968064,0.10000547736325845,False
1981-08-12 12:00:00,0.4829262,0.008919765,0.0065025087,0.28229094041325153,0.10248945482326012,False
1981-08-12 13:00:00,0.48547244,0.010540388,0.0076839426,0.2844219342153519,0.10438979783615428,False
1981-08-12 14:00:00,0.43387488,0.011672953,0.008509584,0.2551126402858645,0.10571901945787754,False
1981-08-12 15:00:00,0.35230753,0.0123163555,0.008978623,0.20831102461740372,0.10651910968202011,False
1981-08-12 16:00:00,0.27892843,0.011789317,0.008594412,0.16575605979841201,0.10708268687304147,False
1981-08-12 17:00:00,0.18033458,0.01005148,0.007327528,0.108157736829482,0.10746524322844458,False
1981-08-12 18:00:00,0.08598566,0.00815184,0.0059426916,0.052942660599015645,0.10779193824468063,False
1981-08-12 19:00:00,0.013529839,0.0065599293,0.004782188,0.01048556919163093,0.10789228762062963,False
1981-08-12 20:00:00,6.6558614e-06,0.005045159,0.0036779207,0.0020641117412496897,0.10787148735941464,False
1981-08-12 21:00:00,0.0,0.0042620464,0.0031070316,0.001740474835038185,0.10782140930169665,False
1981-08-12 22:00:00,0.0,0.0039137867,0.00285315,0.0015982574033550918,0.10777725968785928,False
1981-08-12 23:00:00,0.0,0.00368387,0.002685541,0.0015043672320898622,0.1077568906687182,False
1981-08-13 00:00:00,0.0,0.0023760204,0.0017321191,0.0009702859679237008,0.1077432274546107,False
1981-08-13 01:00:00,0.0,0.0016525576,0.0012047146,0.0006748483583796769,0.10773775810222543,False
1981-08-13 02:00:00,0.0,0.0012234694,0.0008919091,0.0004996232958510518,0.10773590627421327,False
1981-08-13 03:00:00,0.0,0.0014566112,0.0010618697,0.0005948304977500811,0.10773433469949924,False
1981-08-13 04:00:00,0.00013421214,0.001848579,0.0013476141,0.0008323372300365009,0.10772896212282178,False
1981-08-13 05:00:00,0.023357147,0.0023151038,0.0016877104,0.014422483676346017,0.10772118418394346,False
1981-08-13 06:00:00,0.11172636,0.0028771714,0.0020974576,0.06564104782720095,0.10774449072795989,False
1981-08-13 07:00:00,0.22489165,0.0033348545,0.002431109,0.1311243219205644,0.10810556838733522,False
1981-08-13 08:00:00,0.35557756,0.0036574078,0.0026662503,0.2066618121329229,0.10888236617323428,False
1981-08-13 09:00:00,0.47550294,0.0037507652,0.0027343074,0.2758968802159652,0.1100902745546415,False
1981-08-13 10:00:00,0.55504876,0.0047486564,0.0034617705,0.3222023265077732,0.11172916994479902,False
1981-08-13 11:00:00,0.5838908,0.004115154,0.0029999476,0.33858547813491896,0.1136049728905424,False
1981-08-13 12:00:00,0.5640158,0.0035292471,0.0025728212,0.3268783444378059,0.11534008107291989,False
1981-08-13 13:00:00,0.49925417,0.0037517927,0.0027350567,0.28960175897669976,0.11671436507464687,False
1981-08-13 14:00:00,0.42836398,0.004335025,0.0031602331,0.2489362925668247,0.11715309832953606,False
1981-08-13 15:00:00,0.3609659,0.005046859,0.0036791596,0.21033829422714187,0.11750186744256945,False
1981-08-13 16:00:00,0.2630446,0.005380677,0.0039225137,0.153974017303437,0.11777710287606956,False
1981-08-13 17:00:00,0.16607898,0.005278278,0.0038478645,0.09798304350860416,0.11784351119478924,False
1981-08-13 18:00:00,0.074601635,0.0045888224,0.0033452515,0.04491906262701378,0.11785443984866832,False
1981-08-13 19:00:00,0.011887311,0.0032527288,0.002371239,0.00818728229869157,0.11783673037695612,False
1981-08-13 20:00:00,2.6220061e-06,0.0022366086,0.0016304876,0.0009148678203330291,0.11787159604510633,False
1981-08-13 21:00:00,0.0,0.002352289,0.0017148185,0.0009605948135722428,0.11794862143607242,False
1981-08-13 22:00:00,0.0,0.0030839148,0.002248174,0.0012593659416306763,0.11802905639085583,False
1981-08-13 23:00:00,0.0,0.0035346285,0.0025767444,0.0014434221312403677,0.11812554445242057,False
1981-08-14 00:00:00,0.0,0.003962475,0.0028886446,0.0016181400362402201,0.1182170192402038,False
1981-08-14 01:00:00,0.0,0.0039360044,0.0028693473,0.0016073303651064634,0.11832991326379777,False
1981-08-14 02:00:00,0.0,0.0040397705,0.002944993,0.0016497049257159233,0.11845722913755814,False
1981-08-14 03:00:00,0.0,0.0037793452,0.002755143,0.0015433560968376695,0.11858437098524079,False
1981-08-14 04:00:00,0.000100443,0.0037678373,0.0027467534,0.001596612260538677,0.11869529346880077,False
1981-08-14 05:00:00,0.021741848,0.0045187343,0.0032941569,0.014390343973413109,0.11878337571008303,False
1981-08-14 06:00:00,0.11091959,0.0056847804,0.004144205,0.06632207291433588,0.1188015080839046,False
1981-08-14 07:00:00,0.22406213,0.007650968,0.005577556,0.13240824419120326,0.1186733341762825,False
1981-08-14 08:00:00,0.35266426,0.010607286,0.007732712,0.20781893433071674,0.11852751171430181,False
1981-08-14 09:00:00,0.48101658,0.012797533,0.0093294,0.28277264165133237,0.11832592602476649,False
1981-08-14 10:00:00,0.5841493,0.0069425744,0.005061137,0.33988925806013864,0.11809598590593569,False
1981-08-14 11:00:00,0.6295018,0.008806569,0.006419989,0.3668188531138003,0.11805499377232527,False
1981-08-14 12:00:00,0.59632576,0.010227619,0.007455935,0.34825657249614594,0.11826873616779045,False
1981-08-14 13:00:00,0.5216271,0.011025104,0.008037301,0.30548113045003267,0.11860262118609192,False
1981-08-14 14:00:00,0.463702,0.010523667,0.0076717525,0.2718535577114671,0.11944854389044628,False
1981-08-14 15:00:00,0.37581214,0.01145717,0.008352278,0.22152232542540876,0.12028596137324248,False
1981-08-14 16:00:00,0.28334627,0.013352884,0.009734253,0.16894365909695624,0.12088228078412451,False
1981-08-14 17:00:00,0.17830607,0.014202231,0.010353426,0.1086823122156784,0.12148890867372292,False
1981-08-14 18:00:00,0.08053696,0.01376897,0.010037578,0.05209260595683008,0.12186862084536208,False
1981-08-14 19:00:00,0.011179744,0.013978658,0.010190443,0.012159121262840926,0.12197962938270353,False
1981-08-14 20:00:00,3.7457232e-07,0.014107723,0.010284531,0.0057613305076216655,0.12206263325213897,False
1981-08-14 21:00:00,0.0,0.013716501,0.009999328,0.005601352664642036,0.12224350421699685,False
1981-08-14 22:00:00,0.0,0.015255149,0.011121004,0.006229684358462691,0.1225205844308953,False
1981-08-14 23:00:00,0.0,0.014435965,0.010523817,0.005895157045684754,0.12288285366086395,False
1981-08-15 00:00:00,0.0,0.015645767,0.011405763,0.00638919910043478,0.12327561405873032,False
1981-08-15 01:00:00,0.0,0.016617471,0.0121141365,0.006786010298877955,0.1237475319246446,False
1981-08-15 02:00:00,0.0,0.016167928,0.011786421,0.006602431984618306,0.12435882419733435,False
1981-08-15 03:00:00,0.0,0.014494619,0.010566577,0.005919109708629549,0.12507770908217983,False
1981-08-15 04:00:00,5.3765532e-05,0.012315575,0.008978054,0.005060284811585007,0.12590514721085538,False
1981-08-15 05:00:00,0.018894147,0.0107524,0.0078385,0.015292837619781492,0.1268343202414147,False
1981-08-15 06:00:00,0.09656497,0.009233658,0.0067313365,0.05948870026133954,0.12781190453324628,False
1981-08-15 07:00:00,0.2086512,0.009141558,0.006664195,0.12412484374549239,0.12876324514235027,False
1981-08-15 08:00:00,0.3351819,0.00878072,0.006401145,0.19698569903522728,0.12975429507717884,False
1981-08-15 09:00:00,0.453075,0.008412758,0.0061329007,0.26485975451208654,0.1307421117438586,False
1981-08-15 10:00:00,0.5512531,0.0052934787,0.0038589458,0.32023470409447324,0.13167910627831012,False
1981-08-15 11:00:00,0.6003057,0.006045405,0.0044071004,0.3488451131172478,0.13227895209276083,False
1981-08-15 12:00:00,0.588816,0.0077332607,0.005637547,0.34290482531627636,0.13274362908968665,False
1981-08-15 13:00:00,0.5650177,0.01026245,0.007481327,0.3302060487857088,0.13373484991666826,False
1981-08-15 14:00:00,0.493216,0.011133873,0.008116594,0.2891323317410424,0.13561142215496902,False
1981-08-15 15:00:00,0.40648234,0.0108268475,0.007892772,0.23896162594947964,0.13740505349460877,False
1981-08-15 16:00:00,0.3098809,0.010507411,0.007659904,0.18309215600416065,0.13949110933188935,False
1981-08-15 17:00:00,0.19365667,0.010944423,0.007978483,0.11620922774728387,0.14122642123246532,False
1981-08-15 18:00:00,0.07879477,0.011712263,0.008538241,0.050247472419403486,0.1428320191560721,False
1981-08-15 19:00:00,0.009721016,0.01607,0.011715032,0.012171468031592667,0.14435788716753603,False
1981-08-15 20:00:00,5.762651e-08,0.023439163,0.017547956,0.009596674133510778,0.14584191619175454,False
1981-08-15 21:00:00,0.0,0.034511145,0.028256157,0.014260445080697537,0.14728376121219058,False
1981-08-15 22:00:00,0.0,0.0449877,0.03792273,0.01864828898012638,0.14870800991681915,False
1981-08-15 23:00:00,0.0,0.04886248,0.041956782,0.020295921228826046,0.15012813902028882,False
1981-08-16 00:00:00,0.0,0.05825951,0.051341455,0.024270197600126265,0.1514806096708011,False
1981-08-16 01:00:00,0.0,0.074051626,0.06711684,0.03094935945421457,0.15274404661269672,False
1981-08-16 02:00:00,0.0,0.08655496,0.07809999,0.036156179398298266,0.15398105533077197,False
1981-08-16 03:00:00,0.0,0.09881574,0.08884034,0.041260386273264886,0.15523582878609468,False
1981-08-16 04:00:00,4.564019e-05,0.1105656,0.09947918,0.04619691772738588,0.15650049234285998,False
1981-08-16 05:00:00,0.018774688,0.120740734,0.10977896,0.06131438998132944,0.15775967257344434,False
1981-08-16 06:00:00,0.1008115,0.1286676,0.11740457,0.11198642215132713,0.1589507024993138,False
1981-08-16 07:00:00,0.20718163,0.14462975,0.13086042,0.17997864106297493,0.16035213477559038,False
1981-08-16 08:00:00,0.3278859,0.15837105,0.14083438,0.25523413433134556,0.1617008540620317,False
1981-08-16 09:00:00,0.446166,0.1690333,0.1469871,0.327748379305005,0.16263263665210181,False
1981-08-16 10:00:00,0.5137578,0.17388742,0.14961362,0.3686818571537733,0.16315345851600363,False
1981-08-16 11:00:00,0.5450051,0.17951815,0.15580036,0.38912334896624085,0.16282735800696224,False
1981-08-16 12:00:00,0.5463764,0.19362305,0.16905703,0.3958351721912622,0.16271819140210744,False
1981-08-16 13:00:00,0.5355693,0.20801294,0.18104318,0.3955565978884697,0.16308943538993168,False
1981-08-16 14:00:00,0.45695576,0.22692107,0.1953799,0.35794786201417444,0.16359062704046837,False
1981-08-16 15:00:00,0.38598603,0.23827185,0.20401397,0.3216530056148767,0.16431975024516265,False
1981-08-16 16:00:00,0.266035,0.23761159,0.2047734,0.25223863032460214,0.1651955046074259,False
1981-08-16 17:00:00,0.16255403,0.22109808,0.19207682,0.18575101254880427,0.16596862440791715,False
1981-08-16 18:00:00,0.069414645,0.20479646,0.17985417,0.12533427050709725,0.16666057509964524,False
1981-08-16 19:00:00,0.008346709,0.18836437,0.16796315,0.08339251442532986,0.16748530965630856,False
1981-08-16 20:00:00,0.0,0.17952186,0.16159862,0.07496989148855208,0.1683235840240831,False
1981-08-16 21:00:00,0.0,0.17702809,0.16003565,0.0739652904868126,0.16911755269468784,False
1981-08-16 22:00:00,0.0,0.17799693,0.16138913,0.07439588132500649,0.16981586082448272,False
1981-08-16 23:00:00,0.0,0.16928816,0.1545633,0.0708137482702732,0.17046937262156067,False
1981-08-17 00:00:00,0.0,0.16004656,0.14772205,0.06703417231142521,0.17106621874385533,False
1981-08-17 01:00:00,0.0,0.15796903,0.14577514,0.06616242876648903,0.1715561275242923,False
1981-08-17 02:00:00,0.0,0.159634,0.14678915,0.06683155784010887,0.17191244903142586,False
1981-08-17 03:00:00,0.0,0.15913768,0.1463177,0.06662296043336391,0.1721688619268222,False
1981-08-17 04:00:00,3.515217e-05,0.15634042,0.14427848,0.06550093587963421,0.1723362841674222,False
1981-08-17 05:00:00,0.01649602,0.15018141,0.13939129,0.07246227406151592,0.17241895250214676,False
1981-08-17 06:00:00,0.08963688,0.1800651,0.15912873,0.12675744952261447,0.17240978304462762,False
1981-08-17 07:00:00,0.17580715,0.21095276,0.17742735,0.18886336949467658,0.17223663915440693,False
1981-08-17 08:00:00,0.27385744,0.20231295,0.1674452,0.24171126335859297,0.17194950565070166,False
1981-08-17 09:00:00,0.37077203,0.18352665,0.15189642,0.289859203979373,0.17141740893195326,False
1981-08-17 10:00:00,0.41601187,0.15580277,0.13058904,0.30458187966048716,0.1705278113642236,False
1981-08-17 11:00:00,0.48353872,0.15584902,0.13138863,0.343605116084218,0.16950948147812492,False
1981-08-17 12:00:00,0.5068877,0.16464294,0.13883522,0.36072453673183913,0.16852584703230863,False
1981-08-17 13:00:00,0.48908603,0.17385624,0.14643803,0.35426324801146986,0.16769725108980146,False
1981-08-17 14:00:00,0.43540075,0.17547831,0.15097249,0.3241302455663681,0.16675214527139073,False
1981-08-17 15:00:00,0.36190107,0.17342475,0.15161449,0.2809978353381157,0.16599444221234824,False
1981-08-17 16:00:00,0.26443446,0.16225107,0.1435663,0.22020190642774104,0.1648231958358388,False
1981-08-17 17:00:00,0.15845633,0.13881853,0.12536153,0.14942286095023155,0.1637942579349342,False
1981-08-17 18:00:00,0.0669006,0.12256116,0.11125956,0.08983473113924265,0.16282645578274138,False
1981-08-17 19:00:00,0.0076701166,0.11478868,0.10418439,0.05240863768476993,0.16195198983174383,False
1981-08-17 20:00:00,0.0,0.11410189,0.10376989,0.04770717032253742,0.16129748459575682,False
1981-08-17 21:00:00,0.0,0.11417634,0.10459566,0.04777923531085253,0.16076880602488278,False
1981-08-17 22:00:00,0.0,0.11980811,0.107549325,0.050016855239868166,0.16028016020726396,False
1981-08-17 23:00:00,0.0,0.11711741,0.10607796,0.048944535098969934,0.15974208085421457,False
1981-08-18 00:00:00,0.0,0.11428524,0.10397345,0.047785819061100486,0.159178487508986,False
1981-08-18 01:00:00,0.0,0.114802934,0.1053798,0.04805279179662466,0.1586044543957895,False
1981-08-18 02:00:00,0.0,0.11548258,0.10835046,0.048463998377323146,0.158002456807494,False
1981-08-18 03:00:00,0.0,0.11730544,0.111313805,0.0492966538220644,0.15740104353005052,False
1981-08-18 04:00:00,1.9593013e-05,0.11933228,0.113334864,0.050164997794165174,0.1568028698931074,False
1981-08-18 05:00:00,0.015884316,0.123224825,0.11553788,0.06087425602041185,0.1562410537195736,False
1981-08-18 06:00:00,0.087190144,0.12724766,0.118748434,0.10367551542073487,0.15569399384084728,False
1981-08-18 07:00:00,0.18905741,0.1362943,0.12625016,0.16619623288512228,0.15490798949218929,False
1981-08-18 08:00:00,0.29459247,0.1423886,0.13281934,0.22969349183142182,0.15387710066249857,False
1981-08-18 09:00:00,0.38311765,0.15270448,0.14149745,0.2850476960539818,0.15301013028173038,False
1981-08-18 10:00:00,0.44376302,0.15267147,0.1373146,0.3198020226210356,0.15233919275538016,False
1981-08-18 11:00:00,0.4803642,0.15485857,0.14066549,0.3419088955670595,0.1525132999097458,False
1981-08-18 12:00:00,0.5019403,0.15905346,0.14356077,0.35606256695091726,0.15245331396350278,False
1981-08-18 13:00:00,0.49419752,0.15582228,0.13965057,0.3501915186047554,0.15225749946325037,False
1981-08-18 14:00:00,0.4526929,0.14481552,0.12847014,0.3215781151801348,0.1517639424412972,False
1981-08-18 15:00:00,0.3619823,0.13544692,0.12202753,0.2654331795424223,0.15097536541895581,False
1981-08-18 16:00:00,0.26218414,0.12326204,0.11269755,0.20284961108118296,0.14996967414845666,False
1981-08-18 17:00:00,0.15623122,0.11731171,0.10857541,0.13929650924354792,0.1488137273130468,False
1981-08-18 18:00:00,0.060887154,0.1149841,0.10738672,0.08335990485921502,0.14794326467192684,False
1981-08-18 19:00:00,0.0060192044,0.11560155,0.10826317,0.05197626309795304,0.14743245814982756,False
1981-08-18 20:00:00,0.0,0.118457094,0.10893801,0.04959332008659839,0.14721828975614384,False
1981-08-18 21:00:00,0.0,0.1209768,0.108700976,0.050510291241109374,0.14708899121351765,False
1981-08-18 22:00:00,0.0,0.11664799,0.10231416,0.048568072378635405,0.14696273322023676,False
1981-08-18 23:00:00,0.0,0.10528279,0.09096144,0.04376126769930125,0.14677015128910767,False
1981-08-19 00:00:00,0.0,0.09505941,0.08154927,0.03948058287799358,0.14653486988127457,False
1981-08-19 01:00:00,0.0,0.08974408,0.07686996,0.03726654452830553,0.14632686583504306,False
1981-08-19 02:00:00,0.0,0.091489784,0.07785167,0.03796372052282095,0.14617815976955223,False
1981-08-19 03:00:00,0.0,0.09151703,0.07668225,0.037910625860095026,0.14612926865501555,False
1981-08-19 04:00:00,5.157572e-06,0.093108274,0.07729316,0.03853375955001184,0.14613084501998727,False
1981-08-19 05:00:00,0.0131650055,0.09344613,0.07639945,0.04620339988265187,0.1462347234741883,False
1981-08-19 06:00:00,0.08254923,0.100436166,0.08032204,0.08902924078702927,0.14630048752149077,False
1981-08-19 07:00:00,0.1702095,0.10002029,0.0789322,0.1393807056695223,0.14598022254385495,False
1981-08-19 08:00:00,0.27184954,0.10517816,0.08201402,0.20009668508172035,0.1450213038593823,False
1981-08-19 09:00:00,0.36714268,0.11143561,0.08690998,0.2576542027145624,0.14339351822264934,False
1981-08-19 10:00:00,0.45439526,0.12271427,0.10132201,0.31293902307003735,0.14127242676742816,False
1981-08-19 11:00:00,0.49713263,0.13077988,0.104120165,0.3407257906645536,0.13908058515454774,False
1981-08-19 12:00:00,0.5105216,0.13793276,0.1084684,0.35132544071972366,0.13677848803050016,False
1981-08-19 13:00:00,0.47578442,0.13650165,0.10510721,0.33057251095771784,0.13429146233247416,False
1981-08-19 14:00:00,0.40460402,0.12889676,0.09739123,0.2862785484939814,0.1318873928075949,False
1981-08-19 15:00:00,0.31981978,0.11742469,0.08998022,0.23272465435415504,0.1297449028096144,False
1981-08-19 16:00:00,0.20837034,0.10816925,0.08467254,0.16471645832806825,0.1283859940666377,False
1981-08-19 17:00:00,0.112417795,0.10374252,0.08323329,0.10764065417647362,0.12784521737275464,False
1981-08-19 18:00:00,0.042210523,0.099321485,0.07983182,0.06531601807847619,0.12820980855170458,False
1981-08-19 19:00:00,0.0033576083,0.09731599,0.07928916,0.04212855478795245,0.12907969347173945,False
1981-08-19 20:00:00,0.0,0.100250155,0.083491355,0.04150084027647972,0.13013948589092192,False
1981-08-19 21:00:00,0.0,0.10082316,0.08361309,0.04171885163336992,0.13119784749759433,False
1981-08-19 22:00:00,0.0,0.09887156,0.0794318,0.04077292254567146,0.13225254257902574,False
1981-08-19 23:00:00,0.0,0.091431655,0.072458275,0.03765102752298117,0.13315865055512707,False
1981-08-20 00:00:00,0.0,0.09161974,0.073961884,0.03780162484198809,0.13409859592648296,False
1981-08-20 01:00:00,0.0,0.09902697,0.08099905,0.04091490065306425,0.13508779569244084,False
1981-08-20 02:00:00,0.0,0.11159978,0.09142418,0.04611722487956285,0.13608412717975746,False
1981-08-20 03:00:00,0.0,0.1195624,0.09729246,0.04937231934070587,0.1370308238639876,False
1981-08-20 04:00:00,1.815235e-06,0.13373224,0.107461445,0.055151163595815886,0.13794305214652863,False
1981-08-20 05:00:00,0.005402024,0.14781573,0.11796216,0.06403093029092996,0.13883344340501058,False
1981-08-20 06:00:00,0.033893924,0.16701573,0.13179995,0.08830279649421573,0.1396584252610152,False
1981-08-20 07:00:00,0.07325199,0.18923065,0.14954863,0.12016813603043555,0.1402036602473633,False
1981-08-20 08:00:00,0.11277291,0.21010952,0.1659148,0.15155978126823902,0.14112020128823832,False
1981-08-20 09:00:00,0.15291844,0.23105057,0.180439,0.1832353062033653,0.14188591845812912,False
1981-08-20 10:00:00,0.19299613,0.25170892,0.19174565,0.214593625202775,0.1425055417705453,False
1981-08-20 11:00:00,0.2142424,0.26283947,0.20004827,0.2314082336127758,0.14289055541311096,False
1981-08-20 12:00:00,0.21877162,0.26884496,0.2083392,0.23668533344566822,0.14328371935491155,False
1981-08-20 13:00:00,0.21424398,0.27037412,0.21128437,0.23479618141055106,0.14384633990903092,False
1981-08-20 14:00:00,0.18423644,0.27305335,0.21624973,0.218738595277071,0.1448609405299464,False
1981-08-20 15:00:00,0.14843109,0.2780963,0.22117202,0.2002055598795414,0.14606167475566906,False
1981-08-20 16:00:00,0.10458379,0.2827125,0.22641802,0.17689232977479696,0.14734724196898458,False
1981-08-20 17:00:00,0.068135455,0.28508008,0.2275589,0.15679688583314416,0.14866564334461482,False
1981-08-20 18:00:00,0.029191053,0.26268628,0.20999825,0.12511438102088868,0.14962455567125868,False
1981-08-20 19:00:00,0.0028905745,0.24519427,0.19818059,0.10284629921871237,0.1501813187442225,False
1981-08-20 20:00:00,0.0,0.2431226,0.19782297,0.1003946772068739,0.150498493168698,False
1981-08-20 21:00:00,0.0,0.24471866,0.20063835,0.10113565514981745,0.15062911162917442,False
1981-08-20 22:00:00,0.0,0.22229938,0.18579228,0.09206125523149966,0.15066528170389062,False
1981-08-20 23:00:00,0.0,0.21452819,0.17995822,0.0888786455243826,0.15077203294933714,False
1981-08-21 00:00:00,0.0,0.20982045,0.17663752,0.0869621716439724,0.1508807470716623,False
1981-08-21 01:00:00,0.0,0.2051698,0.17375557,0.08509045591950416,0.15087376512653133,False
1981-08-21 02:00:00,0.0,0.20073755,0.17283343,0.08340516136586666,0.15072171980720883,False
1981-08-21 03:00:00,0.0,0.19636117,0.17111689,0.08169758342206478,0.15040580129316947,False
1981-08-21 04:00:00,2.4203132e-06,0.19535393,0.17010269,0.08127253995714499,0.1499795077896764,False
1981-08-21 05:00:00,0.00795845,0.19500928,0.17133482,0.08580252897087484,0.14940824899487942,False
1981-08-21 06:00:00,0.052086297,0.20469481,0.17804338,0.115200520131737,0.14877817059258977,False
1981-08-21 07:00:00,0.12882078,0.26298216,0.22230871,0.1833746756315231,0.14852675298684012,False
1981-08-21 08:00:00,0.21575117,0.27112275,0.22811829,0.23685110923647879,0.14865158102976825,False
1981-08-21 09:00:00,0.3040492,0.27046093,0.22517875,0.28739612171053885,0.1493445083733839,False
1981-08-21 10:00:00,0.39664325,0.24827734,0.20263305,0.33141967791318894,0.15060025048276454,False
1981-08-21 11:00:00,0.4453593,0.24850468,0.2023541,0.35959765987098213,0.1517306030810691,False
1981-08-21 12:00:00,0.47705513,0.24949451,0.20383227,0.3783312273174524,0.15266524005003318,False
1981-08-21 13:00:00,0.47761384,0.2512067,0.203609,0.3792733407616615,0.15328648944731846,False
1981-08-21 14:00:00,0.4159227,0.2518149,0.20382766,0.34391379132866856,0.1531290425809291,False
1981-08-21 15:00:00,0.33370057,0.24686354,0.19988899,0.2944318805932999,0.15298524987609483,False
1981-08-21 16:00:00,0.24054292,0.21593714,0.17640105,0.22799972435832022,0.15260980316955022,False
1981-08-21 17:00:00,0.13717186,0.18032461,0.14778699,0.1536684458553791,0.1519703631210642,False
1981-08-21 18:00:00,0.052027922,0.1501963,0.12218704,0.09204064558073877,0.15081146341800114,False
1981-08-21 19:00:00,0.004189476,0.13335262,0.106083,0.05735292716277764,0.14949380947510912,False
1981-08-21 20:00:00,0.0,0.11609462,0.09132615,0.047770526379346846,0.148110822339636,False
1981-08-21 21:00:00,0.0,0.1057109,0.08236468,0.04345501521974802,0.14669692455567485,False
1981-08-21 22:00:00,0.0,0.111336336,0.089145824,0.04589698232710361,0.1452782873586758,False
1981-08-21 23:00:00,0.0,0.103948854,0.08355886,0.042869305394589906,0.14410380506012652,False
1981-08-22 00:00:00,0.0,0.090860516,0.072943725,0.03746649147570133,0.14302974045658548,False
1981-08-22 01:00:00,0.0,0.08149727,0.06563396,0.03361672532558441,0.1420053203037015,False
1981-08-22 02:00:00,0.0,0.075080626,0.060155284,0.030953136205673217,0.14104043034240668,False
1981-08-22 03:00:00,0.0,0.07008682,0.056448035,0.02891023117303848,0.1401112697521231,False
1981-08-22 04:00:00,1.6135424e-06,0.067297354,0.053649753,0.02773074144556142,0.13923372190827568,False
1981-08-22 05:00:00,0.011444798,0.06615563,0.05133504,0.03378716698102653,0.13835771862190518,False
1981-08-22 06:00:00,0.079286866,0.07449113,0.0555371,0.07623475141823291,0.13753776499522374,False
1981-08-22 07:00:00,0.15782423,0.085822545,0.0634589,0.12615988209098578,0.13672816604214866,False
1981-08-22 08:00:00,0.24997623,0.09922493,0.073518656,0.1848202937617898,0.13544272911760172,False
1981-08-22 09:00:00,0.33570048,0.12189011,0.08952403,0.24351092745363712,0.13418417838427385,False
1981-08-22 10:00:00,0.38150963,0.119255215,0.087302186,0.26885054992139334,0.1330654722318099,False
1981-08-22 11:00:00,0.39097232,0.12410382,0.09047169,0.2762708081230521,0.13200543393219968,False
1981-08-22 12:00:00,0.3793802,0.11656928,0.08497901,0.26650530451536175,0.13094797799637378,False
1981-08-22 13:00:00,0.31117526,0.116783984,0.08513553,0.2272387318238616,0.12984117719897836,False
1981-08-22 14:00:00,0.29394653,0.103410654,0.07538637,0.21183654544502495,0.12879151196523717,False
1981-08-22 15:00:00,0.24120213,0.10532338,0.07678075,0.1821841179654002,0.1279612563261187,False
1981-08-22 16:00:00,0.18404457,0.09786274,0.07211368,0.14619920744746923,0.1272747749154812,False
1981-08-22 17:00:00,0.10445554,0.099623166,0.076627895,0.10116970008611678,0.12692705568355034,False
1981-08-22 18:00:00,0.039023895,0.09561433,0.07534291,0.061866991762071846,0.12657525395596236,False
1981-08-22 19:00:00,0.0027198559,0.084810756,0.06663687,0.03646291671600193,0.12636242046465312,False
1981-08-22 20:00:00,0.0,0.07902845,0.062334917,0.032527583576738836,0.1261745930155649,False
1981-08-22 21:00:00,0.0,0.08018557,0.063936934,0.03304106969386339,0.1260738709429189,False
1981-08-22 22:00:00,0.0,0.0861113,0.07242658,0.03568610490113497,0.12604640047484109,False
1981-08-22 23:00:00,0.0,0.090164416,0.075053245,0.03732354455441236,0.12613563121248997,False
1981-08-23 00:00:00,0.0,0.09152926,0.07436497,0.03779000430554151,0.12627597484736733,False
1981-08-23 01:00:00,0.0,0.09384307,0.07680822,0.03877573777735233,0.1264685656730927,False
1981-08-23 02:00:00,0.0,0.09370518,0.07830079,0.038805453032255174,0.12667194830532216,False
1981-08-23 03:00:00,0.0,0.09555324,0.07992853,0.039575286917388444,0.1268852558610871,False
1981-08-23 04:00:00,1.1525302e-07,0.09473095,0.07904805,0.03922438221136011,0.1270880978242404,False
1981-08-23 05:00:00,0.006494536,0.10322561,0.08531772,0.04644475489016622,0.127244272586668,False
1981-08-23 06:00:00,0.050768435,0.11397237,0.092418104,0.07633977038413287,0.1273697814226438,False
1981-08-23 07:00:00,0.1214785,0.125292,0.09903446,0.12167370325326919,0.12729227576923016,False
1981-08-23 08:00:00,0.20846437,0.13668667,0.10591394,0.17644067403674124,0.12705689720691263,False
1981-08-23 09:00:00,0.3049791,0.1406858,0.10763398,0.23369822639226911,0.12664854043650522,False
1981-08-23 10:00:00,0.37619385,0.1544625,0.11995045,0.2805378395318985,0.1260855647700195,False
1981-08-23 11:00:00,0.41926116,0.16231702,0.13020566,0.30883977495133874,0.1258215564811269,False
1981-08-23 12:00:00,0.4427308,0.16877902,0.1383269,0.32520478904247285,0.12602211717739473,False
1981-08-23 13:00:00,0.44436908,0.17531714,0.14437829,0.3288894095420837,0.12672481214478384,False
1981-08-23 14:00:00,0.39983734,0.17746042,0.14578664,0.30406152065098285,0.12834989781031778,False
1981-08-23 15:00:00,0.32040092,0.18530157,0.15246592,0.2614807728827,0.12942763395473753,False
1981-08-23 16:00:00,0.23766118,0.17942397,0.14761579,0.21130920122563837,0.13019775169860964,False
1981-08-23 17:00:00,0.12886843,0.15063006,0.12671088,0.13678196293115613,0.1305753174548946,False
1981-08-23 18:00:00,0.04915518,0.12900308,0.10851785,0.08182463799789548,0.13058416420537752,False
1981-08-23 19:00:00,0.002938347,0.1129174,0.09213449,0.04833720960654318,0.1302806921908454,False
1981-08-23 20:00:00,0.0,0.104076415,0.08391981,0.0429358668923378,0.13000507742004183,False
1981-08-23 21:00:00,0.0,0.10219227,0.08199048,0.04213643275201321,0.12979091059067932,False
1981-08-23 22:00:00,0.0,0.12139776,0.099708945,0.05018005773425102,0.12959293387248827,False
1981-08-23 23:00:00,0.0,0.11992164,0.09916139,0.049605799868702886,0.12945545317163407,False
1981-08-24 00:00:00,0.0,0.112979956,0.09298606,0.04671085111051798,0.12937149890349894,False
1981-08-24 01:00:00,0.0,0.104948975,0.08616518,0.04337909167259932,0.12936559038120968,False
1981-08-24 02:00:00,0.0,0.099607766,0.08215988,0.04119189888238907,0.1293655771350087,False
1981-08-24 03:00:00,0.0,0.09350524,0.07672614,0.03864664540439844,0.12942635243735923,False
1981-08-24 04:00:00,8.643977e-08,0.08521661,0.07003982,0.035227130042086656,0.12948764590616985,False
1981-08-24 05:00:00,0.0076078516,0.08576581,0.06989402,0.039811591107863926,0.12952676424165713,False
1981-08-24 06:00:00,0.059994757,0.09195426,0.073451534,0.07251448005437852,0.12947953758434227,False
1981-08-24 07:00:00,0.12967466,0.09746015,0.07549329,0.11486171109974384,0.12949170437485125,False
1981-08-24 08:00:00,0.22051087,0.09251395,0.071236104,0.16521916878223417,0.12958379565985398,False
1981-08-24 09:00:00,0.31448117,0.085281596,0.06599171,0.21648809546232223,0.1297237305045018,False
1981-08-24 10:00:00,0.3979577,0.06472624,0.04949202,0.25617815205454825,0.12985800510286807,False
1981-08-24 11:00:00,0.44493136,0.0711899,0.05376396,0.28589772154390813,0.13000634879074516,False
1981-08-24 12:00:00,0.4640451,0.07941408,0.0588304,0.30023466295003887,0.12942545172928047,False
1981-08-24 13:00:00,0.47385815,0.07786193,0.05732669,0.3052428437694907,0.12847344806230462,False
1981-08-24 14:00:00,0.3968882,0.08457214,0.062153198,0.26356788037717344,0.12718960509137706,False
1981-08-24 15:00:00,0.31681857,0.0889978,0.06491237,0.2191497696712613,0.12588273842119446,False
1981-08-24 16:00:00,0.22655912,0.0822642,0.060041912,0.16432236374914647,0.12469922029582929,False
1981-08-24 17:00:00,0.13105485,0.06348431,0.04722196,0.1015943441092968,0.12349488116644468,False
1981-08-24 18:00:00,0.044979565,0.052061237,0.039565362,0.04730033506453037,0.1227823551394867,False
1981-08-24 19:00:00,0.0024642537,0.053258516,0.039984092,0.02323340771743096,0.12228284019153089,False
1981-08-24 20:00:00,0.0,0.05428286,0.041059274,0.022247575767338275,0.12193831432075113,False
1981-08-24 21:00:00,0.0,0.05742068,0.04351772,0.023538187220692636,0.12163861460494681,False
1981-08-24 22:00:00,0.0,0.07101359,0.05338918,0.02908703126013279,0.12136783712101042,False
1981-08-24 23:00:00,0.0,0.081100374,0.062364843,0.033293739683926106,0.12097373641072645,False
1981-08-25 00:00:00,0.0,0.09123239,0.07114155,0.03750639523565769,0.1205466544690995,False
1981-08-25 01:00:00,0.0,0.09414962,0.07470171,0.038775101959705356,0.12015251237316861,False
1981-08-25 02:00:00,0.0,0.10103431,0.08224085,0.04172266754508018,0.11988060563872442,False
1981-08-25 03:00:00,0.0,0.10271377,0.08548133,0.0425173734202981,0.11969295529252723,False
1981-08-25 04:00:00,0.0,0.09949498,0.08126695,0.041102062314748763,0.1195956196750036,False
1981-08-25 05:00:00,0.008416063,0.09529253,0.07701598,0.04417787533905357,0.11960109644015048,False
1981-08-25 06:00:00,0.068428025,0.091032684,0.07129159,0.07692377632856369,0.11962050877492603,False
1981-08-25 07:00:00,0.14909865,0.097434774,0.076124676,0.12609408493340013,0.11967225324925694,False
1981-08-25 08:00:00,0.24740519,0.09842183,0.075687036,0.1831575465798378,0.11988666229032018,False
1981-08-25 09:00:00,0.34520474,0.09993189,0.07565565,0.2401434071138501,0.1204190879587212,False
1981-08-25 10:00:00,0.42246652,0.10701212,0.08162376,0.28765833654999734,0.1211338895269487,False
1981-08-25 11:00:00,0.4117451,0.105923325,0.07952011,0.2809567160010338,0.12218067944721667,False
1981-08-25 12:00:00,0.41134748,0.103121825,0.07609564,0.2795086130276322,0.12295156341842102,False
1981-08-25 13:00:00,0.38352132,0.11246571,0.08283888,0.26726494693756103,0.12341877777242449,False
1981-08-25 14:00:00,0.3353688,0.11680672,0.0874525,0.24133192048221827,0.12320262474384817,False
1981-08-25 15:00:00,0.2808967,0.103955954,0.07842155,0.20467190286517142,0.12341460596867564,False
1981-08-25 16:00:00,0.1969376,0.09727859,0.07355788,0.15350092301517726,0.12371451838520703,False
1981-08-25 17:00:00,0.113484606,0.09039945,0.06930923,0.10258071363717317,0.1243620314221336,False
1981-08-25 18:00:00,0.04122338,0.08303608,0.06336512,0.05784792049601674,0.12513815597542288,False
1981-08-25 19:00:00,0.0021750838,0.07448257,0.056682907,0.03179996780911461,0.12606456197220559,False
1981-08-25 20:00:00,0.0,0.06960484,0.05307585,0.028550280533730984,0.12702363644889333,False
1981-08-25 21:00:00,0.0,0.07082044,0.055673517,0.029139113523066043,0.12794480125815386,False
1981-08-25 22:00:00,0.0,0.075763315,0.0612326,0.03126322364062071,0.1288612219172042,False
1981-08-25 23:00:00,0.0,0.07052381,0.057084806,0.02910586667060852,0.1296124217419397,False
1981-08-26 00:00:00,0.0,0.0674817,0.053542305,0.02779203050583601,0.13029380061360785,False
1981-08-26 01:00:00,0.0,0.07350434,0.059341956,0.030327568419277667,0.13087619993905314,False
1981-08-26 02:00:00,0.0,0.07768756,0.06514763,0.03218468226492405,0.13144054136494884,False
1981-08-26 03:00:00,0.0,0.08187145,0.06970316,0.0339745357632637,0.1319590633853782,False
1981-08-26 04:00:00,0.0,0.08559232,0.07234163,0.0354900147691369,0.1324893808823522,False
1981-08-26 05:00:00,0.006330416,0.08949766,0.07529806,0.040743383177090434,0.13306226607714558,False
1981-08-26 06:00:00,0.05676018,0.10202762,0.08517407,0.07499821482226252,0.13366954737534756,False
1981-08-26 07:00:00,0.12465503,0.12841548,0.10818667,0.12515334507077933,0.13419662713389233,False
1981-08-26 08:00:00,0.21679379,0.15838435,0.13410662,0.19077560086548329,0.13466383646387617,False
1981-08-26 09:00:00,0.30404222,0.18164714,0.15441512,0.25079857073724265,0.1353482500198857,False
1981-08-26 10:00:00,0.39867294,0.18385975,0.15825064,0.3064240682274103,0.13611049754426516,False
1981-08-26 11:00:00,0.42005768,0.19378679,0.1670286,0.32290015216171736,0.13621029525193706,False
1981-08-26 12:00:00,0.41675118,0.1979087,0.1697632,0.3226609519422054,0.13722032080844676,False
1981-08-26 13:00:00,0.37173507,0.19332105,0.16742404,0.2948674983978271,0.1387643948382637,False
1981-08-26 14:00:00,0.33342507,0.19546482,0.17092949,0.2737429791688919,0.14054755188763152,False
1981-08-26 15:00:00,0.26116616,0.19875097,0.1761775,0.2335455656647682,0.14252754273302243,False
1981-08-26 16:00:00,0.20358333,0.18681453,0.16668233,0.19540298952162266,0.14380604330983646,False
1981-08-26 17:00:00,0.1126133,0.1768871,0.15924281,0.1388483226671815,0.14493710273121804,False
1981-08-26 18:00:00,0.0370452,0.1685378,0.15189438,0.09176782291010022,0.1457610362166478,False
1981-08-26 19:00:00,0.0015544462,0.16354883,0.14856574,0.06926898259844165,0.14630683598835964,False
1981-08-26 20:00:00,0.0,0.15895665,0.14460155,0.0664634866118431,0.14687879736950488,False
1981-08-26 21:00:00,0.0,0.16159134,0.14628103,0.06752637885510922,0.1474337334101634,False
1981-08-26 22:00:00,0.0,0.15590759,0.1410134,0.06514462284743786,0.14795160117694975,False
1981-08-26 23:00:00,0.0,0.15800095,0.14254771,0.06599992552399635,0.14827808963689817,False
1981-08-27 00:00:00,0.0,0.1568314,0.14056994,0.06546156285703182,0.14864151804238424,False
1981-08-27 01:00:00,0.0,0.15773198,0.14185907,0.06586349040269851,0.1490175420078063,False
1981-08-27 02:00:00,0.0,0.15949696,0.14365454,0.06661172452569009,0.14931812856249377,False
1981-08-27 03:00:00,0.0,0.16281131,0.14620815,0.06797261327505111,0.14953232587264717,False
1981-08-27 04:00:00,0.0,0.16432151,0.14751692,0.06860055166482926,0.1496242356565395,False
1981-08-27 05:00:00,0.004945075,0.16884643,0.15129143,0.07332737765274942,0.14957542819339648,False
1981-08-27 06:00:00,0.04581979,0.18179849,0.16114712,0.1022236047387123,0.1494270838632949,False
1981-08-27 07:00:00,0.10418945,0.21267262,0.18382637,0.1485201327726245,0.14915852004440988,False
1981-08-27 08:00:00,0.19060382,0.25591263,0.21480057,0.21600939726829527,0.14887834550871068,False
1981-08-27 09:00:00,0.2830797,0.27414557,0.22656624,0.2767312882840633,0.14850193151486282,False
1981-08-27 10:00:00,0.32921106,0.2478055,0.20469658,0.2924486265182495,0.1480305795504636,False
1981-08-27 11:00:00,0.3807484,0.26607892,0.21412963,0.329437942713499,0.14726638677650306,False
1981-08-27 12:00:00,0.40305546,0.29411417,0.23209327,0.3536241664588451,0.14685369111531588,False
1981-08-27 13:00:00,0.39216736,0.30783612,0.24045171,0.35285648530721664,0.14646279140107818,False
1981-08-27 14:00:00,0.3544248,0.32077697,0.25003088,0.33637148106098175,0.1461110412155202,False
1981-08-27 15:00:00,0.26540512,0.27403012,0.2182234,0.2660399305522442,0.14573961816677686,False
1981-08-27 16:00:00,0.19451462,0.23152262,0.1874999,0.20779177524149414,0.14529930820343256,False
1981-08-27 17:00:00,0.108368516,0.19235085,0.15969303,0.1421295209378004,0.1445550305942308,False
1981-08-27 18:00:00,0.03304673,0.15653872,0.13362142,0.08404630953818559,0.14374379747279473,False
1981-08-27 19:00:00,0.0010829173,0.1409829,0.122344114,0.0592541141040856,0.14283003544368952,False
1981-08-27 20:00:00,0.0,0.13272278,0.11504638,0.055187210485339165,0.14188380589923344,False
1981-08-27 21:00:00,0.0,0.13021009,0.11017119,0.053996766328811646,0.14096254730904928,False
1981-08-27 22:00:00,0.0,0.11372051,0.09207042,0.04693466971814632,0.1400059146762871,False
1981-08-27 23:00:00,0.0,0.11287457,0.09073546,0.04655043013393879,0.1391717392921493,False
1981-08-28 00:00:00,0.0,0.1110709,0.089926265,0.045841180846095085,0.13830100332112505,False
1981-08-28 01:00:00,0.0,0.108486995,0.087481886,0.04475572304427623,0.13744101133784734,False
1981-08-28 02:00:00,0.0,0.10295292,0.082898624,0.04246615315228701,0.136571949183992,False
1981-08-28 03:00:00,0.0,0.093033984,0.07512343,0.038386205390095705,0.1356863500820984,False
1981-08-28 04:00:00,0.0,0.08029564,0.06515123,0.033147256538271906,0.13475219859653606,False
1981-08-28 05:00:00,0.006058995,0.07282541,0.060263686,0.03362285533221439,0.13379559481498307,False
1981-08-28 06:00:00,0.056981407,0.07057722,0.058997884,0.06210715151578188,0.13283408857881313,False
1981-08-28 07:00:00,0.13937663,0.07549361,0.06347244,0.11170496735721827,0.13197382892411422,False
1981-08-28 08:00:00,0.23766512,0.08594841,0.07148138,0.17270772916078564,0.1311850490642175,False
1981-08-28 09:00:00,0.3361572,0.08262029,0.06896449,0.22817367644608016,0.13023314229607805,False
1981-08-28 10:00:00,0.4115378,0.07790932,0.065499395,0.2697428150773048,0.12936277859432224,False
1981-08-28 11:00:00,0.4697887,0.07746521,0.06366702,0.30309076042473315,0.1288825269783,False
1981-08-28 12:00:00,0.4654994,0.08548593,0.06963526,0.30389776565879584,0.12792392705077527,False
1981-08-28 13:00:00,0.4156104,0.09213155,0.0774027,0.27798348949104545,0.1261732161899492,False
1981-08-28 14:00:00,0.37893683,0.08981236,0.07643264,0.25591467282921077,0.12398822541293598,False
1981-08-28 15:00:00,0.30281484,0.09080509,0.07739714,0.21241068742424246,0.12136480331249445,False
1981-08-28 16:00:00,0.21967651,0.0791747,0.0686825,0.15967766427993774,0.11939136001824002,False
1981-08-28 17:00:00,0.12482374,0.06699087,0.058633406,0.0999091328382492,0.1176148904770697,False
1981-08-28 18:00:00,0.04075335,0.058532547,0.05174172,0.04790724551305175,0.11617023892921152,False
1981-08-28 19:00:00,0.001043933,0.055766776,0.04943842,0.023849964464548973,0.11498356144447723,False
1981-08-28 20:00:00,0.0,0.053344734,0.047386434,0.02224307428300381,0.11390592361544884,False
1981-08-28 21:00:00,0.0,0.05185149,0.045829874,0.021608012482523916,0.11288153856405449,False
1981-08-28 22:00:00,0.0,0.06037704,0.05231624,0.025104204408824445,0.11187509605067941,False
1981-08-28 23:00:00,0.0,0.058212344,0.050448965,0.024204598914831874,0.11103569383780165,False
1981-08-29 00:00:00,0.0,0.05815463,0.050423864,0.02418194765970111,0.11024920603028192,False
1981-08-29 01:00:00,0.0,0.058016907,0.050745707,0.02414850701764226,0.10947381095600472,False
1981-08-29 02:00:00,0.0,0.05791287,0.0506133,0.024102967634797096,0.10869781341532403,False
1981-08-29 03:00:00,0.0,0.055527523,0.048957147,0.02313334196805954,0.10795411158539979,False
1981-08-29 04:00:00,0.0,0.054438833,0.04806742,0.022683570150285957,0.1072932335500435,False
1981-08-29 05:00:00,0.0064170575,0.0563995,0.049278148,0.02717507831659168,0.10672363827739069,False
1981-08-29 06:00:00,0.06259944,0.05962519,0.052029032,0.06093114131316542,0.10617689254730206,False
1981-08-29 07:00:00,0.14295374,0.067874216,0.057940867,0.11065869949758052,0.10563872063728091,False
1981-08-29 08:00:00,0.24066395,0.076027654,0.062973544,0.1703178723976016,0.10495908386966178,False
1981-08-29 09:00:00,0.35032123,0.0796836,0.063245,0.2349538305997848,0.10411510050940602,False
1981-08-29 10:00:00,0.40644738,0.08485187,0.06603835,0.26939654894918197,0.10329366620432258,False
1981-08-29 11:00:00,0.43860388,0.07384853,0.057418533,0.28342514619231224,0.10235936704900224,False
1981-08-29 12:00:00,0.42075223,0.06536754,0.049914572,0.26959004513919355,0.10091596154055167,False
1981-08-29 13:00:00,0.39008948,0.05600582,0.041280538,0.2479769280105829,0.09941549105798687,False
1981-08-29 14:00:00,0.33498657,0.04202095,0.030634075,0.2104472202397883,0.09836760897831863,False
1981-08-29 15:00:00,0.27067694,0.037060034,0.027016765,0.17131465242803096,0.09730115251897482,False
1981-08-29 16:00:00,0.1934671,0.026669025,0.019441718,0.12252123726531862,0.09638042277852843,False
1981-08-29 17:00:00,0.110473014,0.022145128,0.016143799,0.0727862466406077,0.09552382895545834,False
1981-08-29 18:00:00,0.03399036,0.018300623,0.013341154,0.027085790270939467,0.0948557167114573,False
1981-08-29 19:00:00,0.00079590856,0.017308637,0.012617997,0.007527498310722876,0.094277421642933,False
1981-08-29 20:00:00,0.0,0.014733666,0.010740841,0.006016728018410503,0.09379632521063973,False
1981-08-29 21:00:00,0.0,0.01392752,0.010153161,0.0056875256868079305,0.0933385137832534,False
1981-08-29 22:00:00,0.0,0.01626816,0.011859489,0.006643363500013947,0.09289231377412903,False
1981-08-29 23:00:00,0.0,0.021546885,0.01570768,0.008799015372991562,0.09237573716383808,False
1981-08-30 00:00:00,0.0,0.021113945,0.015392065,0.00862221728079021,0.09188093420954424,False
1981-08-30 01:00:00,0.0,0.018385079,0.013402723,0.007507841091603041,0.09138746091955141,False
1981-08-30 02:00:00,0.0,0.016574508,0.012082815,0.0067684653159230945,0.09089274710158092,False
1981-08-30 03:00:00,0.0,0.01631884,0.011896433,0.0066640596929937596,0.09040184275509415,False
1981-08-30 04:00:00,0.0,0.014219312,0.010365876,0.005806683450937271,0.08994330131136263,False
1981-08-30 05:00:00,0.005174716,0.010758117,0.007842667,0.007379060287959874,0.08950727496201905,False
1981-08-30 06:00:00,0.056747008,0.008648801,0.006304976,0.03627489983476698,0.0890476917909966,False
1981-08-30 07:00:00,0.13180634,0.0074201627,0.0054092985,0.07908240251149982,0.08863679822428418,False
1981-08-30 08:00:00,0.22530296,0.0053792857,0.0039214995,0.13219652786850927,0.08850476072206544,False
1981-08-30 09:00:00,0.32477278,0.0033081563,0.0024116456,0.18874482980207538,0.08861741521234541,False
1981-08-30 10:00:00,0.3886091,0.0016382324,0.0011942713,0.22489645562192886,0.0888180422958766,False
1981-08-30 11:00:00,0.40454444,0.0009431551,0.00068756007,0.2338072960191057,0.08947243224235557,False
1981-08-30 12:00:00,0.40147156,0.00055365806,0.00040361672,0.23187518249568528,0.09027009341381524,False
1981-08-30 13:00:00,0.39424923,0.0004979445,0.00036300157,0.22768514966696965,0.09110036129821514,False
1981-08-30 14:00:00,0.354416,0.0005551966,0.00040473833,0.20472476278070825,0.09194558200147812,False
1981-08-30 15:00:00,0.29089412,0.0009054429,0.0006600679,0.16821565988281506,0.09274713188926721,False
1981-08-30 16:00:00,0.20455374,0.0013068027,0.0009526593,0.1185611607725732,0.09313986145829971,False
1981-08-30 17:00:00,0.11675643,0.0011540726,0.00084131886,0.06783974512619897,0.09331018462900183,False
1981-08-30 18:00:00,0.034235794,0.00096734066,0.0007051912,0.02014908222388476,0.09331109925036274,False
1981-08-30 19:00:00,0.00073995313,0.0008090359,0.0005897872,0.0007573357144719921,0.09321407799614666,False
1981-08-30 20:00:00,0.0,0.000656582,0.0004786483,0.0002681257684598677,0.0931193991608818,False
1981-08-30 21:00:00,0.0,0.0004662779,0.0003399166,0.0001904120445542503,0.09304348248078188,False
1981-08-30 22:00:00,0.0,0.0007555162,0.00055077125,0.00030852711485931646,0.0929637408820929,False
1981-08-30 23:00:00,0.0,0.0011118876,0.0008105662,0.0004540571087272838,0.09286987759918724,False
1981-08-31 00:00:00,0.0,0.0012127105,0.0008840659,0.0004952297400450334,0.09272908709562784,False
1981-08-31 01:00:00,0.0,0.000985008,0.00071807066,0.00040224375505931676,0.09258489800964186,False
1981-08-31 02:00:00,0.0,0.0013212633,0.0009632011,0.0005395590034313499,0.09245986032411042,False
1981-08-31 03:00:00,0.0,0.0027508477,0.0020053678,0.001123352668946609,0.09235243703251057,False
1981-08-31 04:00:00,0.0,0.0042959144,0.0031317214,0.0017543053817935287,0.09225039574408606,False
1981-08-31 05:00:00,0.0049777776,0.0054923976,0.004003958,0.005115086107514799,0.09218227121793483,False
1981-08-31 06:00:00,0.066669285,0.006709845,0.004891477,0.041208250110968944,0.09216271641894878,False
1981-08-31 07:00:00,0.17613325,0.006592167,0.0048056897,0.10432089939108118,0.09217127924410329,False
1981-08-31 08:00:00,0.30000514,0.0064215027,0.004681275,0.17572528793103992,0.09232727514451616,False
1981-08-31 09:00:00,0.42047885,0.0048183096,0.0035125478,0.2445839306092821,0.09264381794247091,False
1981-08-31 10:00:00,0.5178908,0.004859044,0.0035422433,0.30080726638017224,0.09282755362777266,False
1981-08-31 11:00:00,0.55468297,0.0040669614,0.0029648142,0.3217128824223764,0.09317762421535274,False
1981-08-31 12:00:00,0.5331625,0.0044277823,0.0032278532,0.3094429035903886,0.09366205726410552,False
1981-08-31 13:00:00,0.49597168,0.0058081783,0.0042341626,0.28854752176720644,0.09419595804066823,False
1981-08-31 14:00:00,0.42653692,0.006880625,0.0050159753,0.2489216148536652,0.09453796246377315,False
1981-08-31 15:00:00,0.32439858,0.007316213,0.0053335195,0.19016567174158988,0.09479466467731884,False
1981-08-31 16:00:00,0.22126563,0.0074111987,0.005402764,0.13069674945902077,0.09482498456482451,False
1981-08-31 17:00:00,0.12062251,0.007911925,0.005767793,0.07283014846593142,0.09487531969676904,False
1981-08-31 18:00:00,0.033732656,0.0072607105,0.0052930587,0.022428770068567243,0.09492358323531054,False
1981-08-31 19:00:00,0.00046758147,0.0066438434,0.004843361,0.002982914218009682,0.09500530882320429,False
1981-08-31 20:00:00,0.0,0.005810296,0.0042357054,0.0023727273736149075,0.09514423240496726,False
1981-08-31 21:00:00,0.0,0.0045545637,0.003320277,0.0018599289497360587,0.09527130562351487,False
1981-08-31 22:00:00,0.0,0.005235318,0.003816547,0.0021379259205423296,0.09537425519011013,False
1981-08-31 23:00:00,0.0,0.004998142,0.0036436452,0.0020410712021403017,0.09545148228567779,False
1981-09-01 00:00:00,0.0,0.0041657267,0.0030368147,0.0017011411534622312,0.09551316785605524,False
1981-09-01 01:00:00,0.0,0.003687947,0.0026885134,0.0015060321860946714,0.0955550878210248,False
1981-09-01 02:00:00,0.0,0.0039478,0.0028779465,0.0016121473191305995,0.09559350835139559,False
1981-09-01 03:00:00,0.0,0.0043247426,0.0031527376,0.0017660778486169875,0.0956250308327195,False
1981-09-01 04:00:00,0.0,0.0062118447,0.004528435,0.002536706195678562,0.09563950309077845,False
1981-09-01 05:00:00,0.0042105387,0.009821947,0.0071601993,0.0064404299366287885,0.09563264801264959,False
1981-09-01 06:00:00,0.053032584,0.014903577,0.010864709,0.03668591544218361,0.09560231327706935,False
1981-09-01 07:00:00,0.1360067,0.01982129,0.014449722,0.0865702057313174,0.09550835642953971,False
1981-09-01 08:00:00,0.23790984,0.024773378,0.018059794,0.1473905821703374,0.09522575267581877,False
1981-09-01 09:00:00,0.32512596,0.02440571,0.017791763,0.1975641426965594,0.09480979811226305,False
1981-09-01 10:00:00,0.40540272,0.019057596,0.01389299,0.2416998438257724,0.0943193989316038,False
1981-09-01 11:00:00,0.43473068,0.015232611,0.011104575,0.25706008235923944,0.09358213512992153,False
1981-09-01 12:00:00,0.43755198,0.0123294545,0.008988173,0.25750241977069527,0.09303845057300618,False
1981-09-01 13:00:00,0.4143516,0.012294074,0.00896238,0.24410136197600513,0.09276043047822678,False
1981-09-01 14:00:00,0.36704445,0.012885064,0.009393212,0.21704646903090177,0.09247950425725406,False
1981-09-01 15:00:00,0.2837487,0.01456542,0.010618192,0.16967101448308675,0.09223470498325358,False
1981-09-01 16:00:00,0.19901519,0.015048964,0.010970695,0.12097724710591136,0.0922282068138668,False
1981-09-01 17:00:00,0.11087245,0.015140812,0.011037651,0.07015639497619122,0.09208426422250122,False
1981-09-01 18:00:00,0.02961493,0.017102541,0.012467751,0.024071910442784426,0.09200188141782589,False
1981-09-01 19:00:00,0.00035956057,0.017675813,0.012885668,0.007425667639094171,0.09201430274877713,False
1981-09-01 20:00:00,0.0,0.015592974,0.011367277,0.006367640258744358,0.09212614683606894,False
1981-09-01 21:00:00,0.0,0.012567136,0.0091614425,0.0051319912411272525,0.09225643217282137,False
1981-09-01 22:00:00,0.0,0.009832914,0.0071681933,0.0040154277021065355,0.09237643205087166,False
1981-09-01 23:00:00,0.0,0.008362509,0.0060962695,0.003414964486844838,0.09241850849730777,False
1981-09-02 00:00:00,0.0,0.006140051,0.0044760974,0.0025073880585841837,0.09244384431476006,False
1981-09-02 01:00:00,0.0,0.0055010193,0.0040102424,0.0022464292128570374,0.09247081884160523,False
1981-09-02 02:00:00,0.0,0.0050264667,0.0036642945,0.0020526381069794295,0.09250082801684854,False
1981-09-02 03:00:00,0.0,0.0044519403,0.0032454645,0.0018180210557766257,0.09252673453617259,False
1981-09-02 04:00:00,0.0,0.0034901574,0.0025443248,0.0014252616316080093,0.09254868360312772,False
1981-09-02 05:00:00,0.004473834,0.0026388501,0.0019237219,0.0036590187996625896,0.092549128617401,False
1981-09-02 06:00:00,0.062099595,0.0021227412,0.0015474784,0.03669832142954692,0.09251861341636046,False
1981-09-02 07:00:00,0.15596248,0.0018747081,0.0013666621,0.09075591921247542,0.09255087415055062,False
1981-09-02 08:00:00,0.26869035,0.0017757068,0.0012944903,0.15575946888036557,0.0928817473960598,False
1981-09-02 09:00:00,0.3819394,0.001630228,0.0011884363,0.22104476993763816,0.09348829743467736,False
1981-09-02 10:00:00,0.45775408,0.0031699562,0.0023108982,0.26541860389942307,0.09457661509835781,False
1981-09-02 11:00:00,0.508823,0.0049591926,0.0036152515,0.2956160236904397,0.09589217490892855,False
1981-09-02 12:00:00,0.50825775,0.006937941,0.005057758,0.2960979390409775,0.09727588830079027,False
1981-09-02 13:00:00,0.4700862,0.009362516,0.006825274,0.27506306316051626,0.09884354845552625,False
1981-09-02 14:00:00,0.4018247,0.013023588,0.009494195,0.23717124970164147,0.10003738395283616,False
1981-09-02 15:00:00,0.31694087,0.017089756,0.0124584325,0.18985375961102544,0.10085857854562187,False
1981-09-02 16:00:00,0.20213452,0.01752322,0.0127744265,0.12378750507347284,0.10156674927711562,False
1981-09-02 17:00:00,0.107642435,0.016568689,0.012078574,0.06887577384151518,0.1018771409368282,False
1981-09-02 18:00:00,0.02707112,0.01813314,0.013219059,0.023024993954226376,0.10197370088210872,False
1981-09-02 19:00:00,0.00023546192,0.02011815,0.014666134,0.008351430408016312,0.10191303665070484,False
1981-09-02 20:00:00,0.0,0.021124246,0.015399572,0.00862642353773117,0.10183438057877746,False
1981-09-02 21:00:00,0.0,0.018659543,0.013602808,0.00761992309615016,0.1017696404636993,False
1981-09-02 22:00:00,0.0,0.010181052,0.0074219867,0.004157595349475742,0.1017190281036931,False
1981-09-02 23:00:00,0.0,0.007976155,0.005814617,0.0032571904398500918,0.10169886993914068,False
1981-09-03 00:00:00,0.0,0.007336356,0.0053482037,0.0029959184420295056,0.10168914270060875,False
1981-09-03 01:00:00,0.0,0.007215274,0.005259935,0.002946472597774118,0.10169683071980058,False
1981-09-03 02:00:00,0.0,0.006992894,0.00509782,0.0028556602466851475,0.1017090933533366,False
1981-09-03 03:00:00,0.0,0.0069046714,0.0050335056,0.0028196330624632535,0.10172635676074811,False
1981-09-03 04:00:00,0.0,0.0062641525,0.004566567,0.002558066880796105,0.10175528431992666,False
1981-09-03 05:00:00,0.004009134,0.006519715,0.0047528725,0.004975700286682695,0.1018004179418242,False
1981-09-03 06:00:00,0.061634168,0.006541964,0.004769092,0.038234430683311074,0.1018551635467486,False
1981-09-03 07:00:00,0.17283858,0.0066711204,0.0048632473,0.10245212151575833,0.10202071113061197,False
1981-09-03 08:00:00,0.30023593,0.008004717,0.005835438,0.1765049840239808,0.10245273686339496,False
1981-09-03 09:00:00,0.42552555,0.010468919,0.007631841,0.2498033905532211,0.10320591963930104,False
1981-09-03 10:00:00,0.5193965,0.012623342,0.009202415,0.3048467147331685,0.10415768599212023,False
1981-09-03 11:00:00,0.5510702,0.013494787,0.009837699,0.3234783251686022,0.10545901294385984,False
1981-09-03 12:00:00,0.56652355,0.014364609,0.010471799,0.3327501071980223,0.10685196145575075,False
1981-09-03 13:00:00,0.5104154,0.016886309,0.012310118,0.3014054658468812,0.10805803699089687,False
1981-09-03 14:00:00,0.43056688,0.019655704,0.014329008,0.2564638094846159,0.10896963228994133,False
1981-09-03 15:00:00,0.33826315,0.020778835,0.015147772,0.20366320959478615,0.10929416946209819,False
1981-09-03 16:00:00,0.22484958,0.015030238,0.010957044,0.13587604677211493,0.1093879823424761,False
1981-09-03 17:00:00,0.122538686,0.010006834,0.007294981,0.07479127234965562,0.10954926194922539,False
1981-09-03 18:00:00,0.030803386,0.008292741,0.0060454085,0.0211600273353979,0.1095898948756381,False
1981-09-03 19:00:00,0.00017541507,0.008690639,0.006335477,0.0036501761865802107,0.10952357825424064,False
1981-09-03 20:00:00,0.0,0.007983316,0.0058198376,0.003260114734992385,0.10942655486081192,False
1981-09-03 21:00:00,0.0,0.006618078,0.0048245783,0.002702597960829735,0.10931887437941902,False
1981-09-03 22:00:00,0.0,0.0074634906,0.0054408847,0.003047835803590715,0.109226460892739,False
1981-09-03 23:00:00,0.0,0.007219154,0.0052627637,0.0029480570373125376,0.1091951012869859,False
1981-09-04 00:00:00,0.0,0.0070437132,0.0051348666,0.0028764129797928034,0.10918293654962603,False
1981-09-04 01:00:00,0.0,0.006942389,0.005061001,0.0028350356225855648,0.10917516344032178,False
1981-09-04 02:00:00,0.0,0.0070556356,0.005143558,0.0028812816627323628,0.10916166674634137,False
1981-09-04 03:00:00,0.0,0.007852132,0.0057242042,0.0032065438963472842,0.109143960348275,False
1981-09-04 04:00:00,0.0,0.008795236,0.006411728,0.0035916754826903342,0.10912224904028976,False
1981-09-04 05:00:00,0.0040185554,0.009717022,0.007083708,0.006286807836033403,0.10910559196237868,False
1981-09-04 06:00:00,0.06874802,0.012187592,0.008884755,0.04464460545498878,0.1090876946270416,False
1981-09-04 07:00:00,0.17907304,0.020001696,0.014581237,0.11149315438605845,0.109174435396536,False
1981-09-04 08:00:00,0.31111124,0.030367503,0.02213791,0.19191224212385713,0.10945983283698331,False
1981-09-04 09:00:00,0.43686196,0.035899665,0.026170857,0.2667295548729598,0.10996993285211197,False
1981-09-04 10:00:00,0.53591293,0.045695618,0.0333121,0.3278822975829243,0.11059302756647506,False
1981-09-04 11:00:00,0.5919658,0.05121212,0.037333634,0.36247755226120354,0.11136323080962063,False
1981-09-04 12:00:00,0.575757,0.053329024,0.038876858,0.35398956472799176,0.11227494016642144,False
1981-09-04 13:00:00,0.5162055,0.051348716,0.03743322,0.3188196375146508,0.11284329644428881,False
1981-09-04 14:00:00,0.4061934,0.044997476,0.032803155,0.2527490339651704,0.11343624739726543,False
1981-09-04 15:00:00,0.3116954,0.03552826,0.025900101,0.19435677786916492,0.1140660806796056,False
1981-09-04 16:00:00,0.213093,0.020996524,0.015306466,0.13152892619743942,0.11452950819706198,False
1981-09-04 17:00:00,0.11424761,0.012011974,0.008756729,0.07082615430932492,0.11485492045594616,False
1981-09-04 18:00:00,0.027798163,0.009310903,0.006787648,0.01984179612714797,0.11490116399837312,False
1981-09-04 19:00:00,0.00011286152,0.008887093,0.00647869,0.0036943075234376014,0.11482892119450148,False
1981-09-04 20:00:00,0.0,0.008467307,0.0061726673,0.0034577604308724404,0.11478421677919248,False
1981-09-04 21:00:00,0.0,0.0077971127,0.0056840954,0.0031840757355093958,0.11474850196671758,False
1981-09-04 22:00:00,0.0,0.006494993,0.00473485,0.0026523342733271423,0.1147325131957579,False
1981-09-04 23:00:00,0.0,0.006546292,0.0047722463,0.0026732830465771257,0.11471791006619896,False
1981-09-05 00:00:00,0.0,0.0064226924,0.0046821423,0.0026228091954253615,0.11471018789275984,False
1981-09-05 01:00:00,0.0,0.005628851,0.0041034324,0.002298631286714226,0.11470568811553966,False
1981-09-05 02:00:00,0.0,0.0049116556,0.003580597,0.002005753139499575,0.1147044812880733,False
1981-09-05 03:00:00,0.0,0.0043526893,0.00317311,0.0017774902791716158,0.11470931627375393,False
1981-09-05 04:00:00,0.0,0.0043062526,0.0031392581,0.0017585271410644056,0.11471472325840586,False
1981-09-05 05:00:00,0.0034486298,0.005207997,0.0037966296,0.004116628190502524,0.11471328977397495,False
1981-09-05 06:00:00,0.068478934,0.007066314,0.005151343,0.0423979876190424,0.11469865612360734,False
1981-09-05 07:00:00,0.19509655,0.00876784,0.006391756,0.11615119865722955,0.11467318551786639,False
1981-09-05 08:00:00,0.3407873,0.01066572,0.00777531,0.20098978475015608,0.11478278677636067,False
1981-09-05 09:00:00,0.47714368,0.010774737,0.007854783,0.2797119368426501,0.11493631489626373,False
1981-09-05 10:00:00,0.5831698,0.0130458595,0.009510431,0.3418164704041555,0.11514557810018157,False
1981-09-05 11:00:00,0.62770355,0.012379648,0.0090247635,0.3672403742950409,0.11530796356540957,False
1981-09-05 12:00:00,0.6157796,0.011573911,0.008437381,0.36003120853565634,0.11548183917348358,False
1981-09-05 13:00:00,0.5645566,0.010083979,0.0073512206,0.32986711158975957,0.11590555501978618,False
1981-09-05 14:00:00,0.49076983,0.008623669,0.006286655,0.2866958070369437,0.11660656694994198,False
1981-09-05 15:00:00,0.38633677,0.007325321,0.0053401594,0.2259077304326929,0.11778576348932544,False
1981-09-05 16:00:00,0.25885043,0.0052382904,0.0038187136,0.15149583519855514,0.11881651314789436,False
1981-09-05 17:00:00,0.13074826,0.0038426756,0.0028013107,0.0770109623861499,0.11947967021422468,False
1981-09-05 18:00:00,0.028206214,0.0034708744,0.0025302675,0.01769237274955958,0.11968825342821508,False
1981-09-05 19:00:00,6.197731e-05,0.0035962919,0.002621697,0.001504364251748484,0.1196301000481767,False
1981-09-05 20:00:00,0.0,0.003785339,0.0027595123,0.0015458037361968308,0.11958896902334297,False
1981-09-05 21:00:00,0.0,0.004738732,0.0034545357,0.001935136954765767,0.11954950787576442,False
1981-09-05 22:00:00,0.0,0.005747015,0.004189574,0.0023468855847604574,0.11951189350094998,False
1981-09-05 23:00:00,0.0,0.006311477,0.0046010674,0.0025773927122354507,0.11948293447981766,False
1981-09-06 00:00:00,0.0,0.006514802,0.0047492906,0.002660423673223704,0.1194482136831334,False
1981-09-06 01:00:00,0.0,0.0068005365,0.004957591,0.002777107904199511,0.11941174844965051,False
1981-09-06 02:00:00,0.0,0.0076239477,0.005557857,0.0031133609754033387,0.11938156304716309,False
1981-09-06 03:00:00,0.0,0.008487678,0.006187517,0.0034660791596397757,0.11935741612370245,False
1981-09-06 04:00:00,0.0,0.008626742,0.006288895,0.0035228682300075887,0.11934298584046833,False
1981-09-06 05:00:00,0.0031576445,0.009213381,0.006716555,0.005584392618387938,0.11934960658284895,False
1981-09-06 06:00:00,0.068128444,0.0100691635,0.0073404205,0.04342201637942344,0.11937892071847223,False
1981-09-06 07:00:00,0.19386981,0.011977324,0.008731469,0.11675401479378342,0.11943230972620232,False
1981-09-06 08:00:00,0.3363503,0.012751976,0.00929619,0.1992815918792039,0.11949826216517985,False
1981-09-06 09:00:00,0.4707275,0.012646546,0.009219332,0.2767741886610165,0.11955154446501555,False
1981-09-06 10:00:00,0.5742685,0.010588207,0.0077188048,0.3356767999138683,0.1195954068212378,False
1981-09-06 11:00:00,0.6355179,0.010112879,0.007372289,0.37082358144875616,0.11957963034777164,False
1981-09-06 12:00:00,0.64227414,0.009148033,0.006668917,0.374327925350517,0.1197558293982754,False
1981-09-06 13:00:00,0.605677,0.0073281717,0.005342237,0.3524682101621292,0.12013660521051261,False
1981-09-06 14:00:00,0.53210986,0.005688722,0.004147079,0.3093504678555764,0.12063466449561876,False
1981-09-06 15:00:00,0.4192376,0.0047326623,0.0034501108,0.24383276148047298,0.12101643384691131,False
1981-09-06 16:00:00,0.28017214,0.0041657262,0.003036814,0.16336046538129448,0.1211605571363253,False
1981-09-06 17:00:00,0.13709873,0.004241738,0.0030922273,0.08083814858086406,0.12111602305945668,False
1981-09-06 18:00:00,0.02652433,0.004275321,0.0031167087,0.017050433885306117,0.12102611436556869,False
1981-09-06 19:00:00,2.8294618e-05,0.004171974,0.003041369,0.0017200183314180321,0.12108360757818211,False
1981-09-06 20:00:00,0.0,0.0038289803,0.0027913265,0.0015636253471020608,0.12127473525030479,False
1981-09-06 21:00:00,0.0,0.0033758583,0.0024610006,0.0013785857444163412,0.12151071956431957,False
1981-09-06 22:00:00,0.0,0.0030911027,0.0022534141,0.00126230125897564,0.12177794623876803,False
1981-09-06 23:00:00,0.0,0.0024651533,0.0017970967,0.0010066848057322204,0.12201632573413194,False
1981-09-07 00:00:00,0.0,0.0021365099,0.0015575157,0.0008724779882468283,0.12223416185196952,False
1981-09-07 01:00:00,0.0,0.0020808098,0.0015169103,0.000849731967318803,0.12245985505486719,False
1981-09-07 02:00:00,0.0,0.0020733871,0.0015114992,0.0008467008133884519,0.12269211574659679,False
1981-09-07 03:00:00,0.0,0.0026565304,0.0019366108,0.0010848366839345544,0.12291167859716919,False
1981-09-07 04:00:00,0.0,0.0050844653,0.0037065758,0.0020763227753341196,0.12309749169916724,False
1981-09-07 05:00:00,0.002720461,0.009682492,0.0070585376,0.005523706700420007,0.12329280798819493,False
1981-09-07 06:00:00,0.06567094,0.017309299,0.01261848,0.04496065999008715,0.12350618037830587,False
1981-09-07 07:00:00,0.19037211,0.02319539,0.016909441,0.11931691572815178,0.1236333962394741,False
1981-09-07 08:00:00,0.33612373,0.023517972,0.017144604,0.20354733514226972,0.12350680407345077,False
1981-09-07 09:00:00,0.47211355,0.023037696,0.016794479,0.2818173299413174,0.12313125003442416,False
1981-09-07 10:00:00,0.57535774,0.022229536,0.016205331,0.34105919967778026,0.12245870664995955,False
1981-09-07 11:00:00,0.6329317,0.025703248,0.018737668,0.37569792871922253,0.12142746334706138,False
1981-09-07 12:00:00,0.6379129,0.025057638,0.018267019,0.37830844752304255,0.1201272685372854,False
1981-09-07 13:00:00,0.5930095,0.028424237,0.02072127,0.35377395727485417,0.11863276462015167,False
1981-09-07 14:00:00,0.51021624,0.026020696,0.018969087,0.30502073589898643,0.11701271465079059,False
1981-09-07 15:00:00,0.3869458,0.023405263,0.017062437,0.2328256483245641,0.11524754792260565,False
1981-09-07 16:00:00,0.24522917,0.019249812,0.014033112,0.1493581995088607,0.11367558553334496,False
1981-09-07 17:00:00,0.112188935,0.019498022,0.014214059,0.0726953450795263,0.11240946844360651,False
1981-09-07 18:00:00,0.020284446,0.021421768,0.015616469,0.02045204695500433,0.11176167354574441,False
1981-09-07 19:00:00,9.393121e-06,0.026136046,0.019053178,0.010678492513636229,0.11170574821373463,False
1981-09-07 20:00:00,0.0,0.031523317,0.022980496,0.012873050808906555,0.11179440129451251,False
1981-09-07 21:00:00,0.0,0.036148988,0.026352609,0.014762017328292132,0.11186775432076394,False
1981-09-07 22:00:00,0.0,0.033766527,0.024615796,0.013789101362228395,0.11194348931861607,False
1981-09-07 23:00:00,0.0,0.031916287,0.023266973,0.013033526368439198,0.1120138792041442,False
1981-09-08 00:00:00,0.0,0.033043146,0.024088454,0.01349369741231203,0.11207116158225548,False
1981-09-08 01:00:00,0.0,0.034100834,0.024859505,0.01392562110722065,0.11211862172667027,False
1981-09-08 02:00:00,0.0,0.03343172,0.024371725,0.013652377802878618,0.11214336687088218,False
1981-09-08 03:00:00,0.0,0.03032845,0.02210944,0.01238510805554688,0.11215682693708079,False
1981-09-08 04:00:00,0.0,0.031584535,0.023025125,0.012898050103336573,0.11216135751478289,False
1981-09-08 05:00:00,0.0022761605,0.035538618,0.025910608,0.01582626734371297,0.11214043001331886,False
1981-09-08 06:00:00,0.055773497,0.04246222,0.031083547,0.0495283777154982,0.11205322372393568,False
1981-09-08 07:00:00,0.16055284,0.04415535,0.032319903,0.11067759082466364,0.11146655084556262,False
1981-09-08 08:00:00,0.28390872,0.042705964,0.031132648,0.1812549980059266,0.11014806329839438,False
1981-09-08 09:00:00,0.39598817,0.03919752,0.028574992,0.24449210620671508,0.10808499312948167,False
1981-09-08 10:00:00,0.4759008,0.028362695,0.020676404,0.2861771213747561,0.10516166999668546,False
1981-09-08 11:00:00,0.5158775,0.02633158,0.019195719,0.3084142305795103,0.10175785383755964,False
1981-09-08 12:00:00,0.50709933,0.02447663,0.017843463,0.30259173732809724,0.09834545627167197,False
1981-09-08 13:00:00,0.45933002,0.023685588,0.017266795,0.2747058116327971,0.09520316465486832,False
1981-09-08 14:00:00,0.3724754,0.023763407,0.017323522,0.224622464902699,0.09232294455771821,False
1981-09-08 15:00:00,0.27597338,0.022386601,0.016319832,0.16837856679596006,0.08982276466152883,False
1981-09-08 16:00:00,0.16451518,0.018761564,0.01367718,0.10258684507384896,0.08808038877691628,False
1981-09-08 17:00:00,0.07361387,0.0177997,0.0129759805,0.04974399348348379,0.08707565054432005,False
1981-09-08 18:00:00,0.012529502,0.017475734,0.012739811,0.014366017948836088,0.08657242177069518,False
1981-09-08 19:00:00,2.4491267e-06,0.014628919,0.010664482,0.005975366208756213,0.08634305500439175,False
1981-09-08 20:00:00,0.0,0.012451014,0.009076789,0.005084570607170463,0.08614014504739613,False
1981-09-08 21:00:00,0.0,0.012277872,0.00895057,0.005013865641318262,0.08588485487549337,False
1981-09-08 22:00:00,0.0,0.011364844,0.008284971,0.004641015764325857,0.08558505059307868,False
1981-09-08 23:00:00,0.0,0.009198217,0.0067054997,0.0037562389550730587,0.08530133953573864,False
1981-09-09 00:00:00,0.0,0.007715052,0.005624273,0.003150564920157194,0.08503367652214479,False
1981-09-09 01:00:00,0.0,0.004989394,0.0036372687,0.0020374988894909622,0.08475669244274399,False
1981-09-09 02:00:00,0.0,0.0036555051,0.002664863,0.0014927839909214527,0.0844704522509121,False
1981-09-09 03:00:00,0.0,0.0031890618,0.0023248263,0.0013023044136352836,0.08418940893721742,False
1981-09-09 04:00:00,0.0,0.002624613,0.0019133427,0.0010718027050606906,0.08393633740534938,False
1981-09-09 05:00:00,0.0011212389,0.0016917421,0.0012332799,0.0013378048100275918,0.0836795954535039,False
1981-09-09 06:00:00,0.028034834,0.0015286838,0.0011144106,0.016800361828180028,0.08338910729538405,False
1981-09-09 07:00:00,0.09544534,0.002344835,0.0017093847,0.05602951346407644,0.08279157405880617,False
1981-09-09 08:00:00,0.17909826,0.0028902236,0.002106973,0.10451996703445911,0.08175191078688589,False
1981-09-09 09:00:00,0.24319398,0.0028770533,0.0020973722,0.1414978195670992,0.08047010306325614,False
1981-09-09 10:00:00,0.3051424,0.0039397446,0.0028720736,0.1776760240397416,0.07907421903768581,False
1981-09-09 11:00:00,0.36464134,0.003684913,0.0026863015,0.21190284555661493,0.07819649645511942,False
1981-09-09 12:00:00,0.39050853,0.005277194,0.0038470747,0.22747844991646704,0.07759035723098039,False
1981-09-09 13:00:00,0.36895755,0.0064522675,0.0047037024,0.21552339261164888,0.07732348800260834,False
1981-09-09 14:00:00,0.31475642,0.008320097,0.0060653505,0.18501210088189687,0.07719539655590225,False
1981-09-09 15:00:00,0.25314525,0.007656852,0.005581845,0.1491916058631614,0.07735253811119695,False
1981-09-09 16:00:00,0.17131197,0.005592422,0.0040768757,0.10113076434424147,0.07756225588145926,False
1981-09-09 17:00:00,0.080879554,0.004586232,0.0033433635,0.048540363945532586,0.07792548263884409,False
1981-09-09 18:00:00,0.013854364,0.003547,0.0025857626,0.009442442172439768,0.07822373369588777,False
1981-09-09 19:00:00,3.169458e-07,0.002298506,0.001675611,0.0009388145778462728,0.07837545537132178,False
1981-09-09 20:00:00,0.0,0.0015160972,0.0011052348,0.0006191225575748831,0.07864110435621419,False
1981-09-09 21:00:00,0.0,0.0009095071,0.0006630306,0.00037141177238663657,0.079023113561739,False
1981-09-09 22:00:00,0.0,0.00041867004,0.00030521047,0.00017097060990636236,0.07943300403363841,False
1981-09-09 23:00:00,0.0,0.00045474333,0.00033150788,0.00018570171593455597,0.0798076314608364,False
1981-09-10 00:00:00,0.0,0.00048598953,0.0003542864,0.00019846160107408648,0.08022920130315774,False
1981-09-10 01:00:00,0.0,0.0004556988,0.0003322044,0.00018609189928974956,0.08066719234834031,False
1981-09-10 02:00:00,0.0,0.00039743452,0.0002897298,0.0001622987455339171,0.0811172230324622,False
1981-09-10 03:00:00,0.0,0.0005820135,0.00042428778,0.00023767452588072045,0.0815862529448526,False
1981-09-10 04:00:00,0.0,0.0014066705,0.0010254626,0.0005744364147540182,0.08208903315592338,False
1981-09-10 05:00:00,0.000951356,0.0032664407,0.0023812354,0.0018828357539605349,0.08265687815945726,False
1981-09-10 06:00:00,0.03142581,0.0066462173,0.004845093,0.02084678235976025,0.08327704791900702,False
1981-09-10 07:00:00,0.09922957,0.00861554,0.006280729,0.060773753772489725,0.08404051352116647,False
1981-09-10 08:00:00,0.20049842,0.009894655,0.0072132023,0.1197282272716984,0.08491463594582395,False
1981-09-10 09:00:00,0.29913586,0.011970339,0.008726377,0.17748967297933993,0.08586776174738225,False
1981-09-10 10:00:00,0.41314232,0.013868238,0.010109944,0.24404643741156903,0.08697503395259688,False
1981-09-10 11:00:00,0.47485748,0.0130441375,0.009509176,0.2793195478208363,0.08825553615913607,False
1981-09-10 12:00:00,0.49355575,0.012244761,0.008926431,0.2897820143662393,0.08914910825967613,False
1981-09-10 13:00:00,0.45602304,0.01330211,0.00969724,0.2685574221909046,0.08982248631625106,False
1981-09-10 14:00:00,0.39115936,0.015834598,0.011543421,0.23216525955684483,0.09052373955497693,False
1981-09-10 15:00:00,0.29712102,0.01715665,0.012507197,0.17844501976855096,0.09116724560790017,False
1981-09-10 16:00:00,0.1947507,0.01873461,0.01365753,0.12002172942832112,0.0917156412934995,False
1981-09-10 17:00:00,0.09451804,0.023320094,0.017000347,0.06406004422158001,0.09210857045210956,False
1981-09-10 18:00:00,0.014353466,0.032732178,0.023861757,0.021648658369667825,0.09257717750914103,False
1981-09-10 19:00:00,0.0,0.045804165,0.03379223,0.018726517483592033,0.0931148171027253,False
1981-09-10 20:00:00,0.0,0.057037164,0.043968502,0.02342101247236133,0.09371368743404562,False
1981-09-10 21:00:00,0.0,0.05998196,0.047319718,0.024688608292490245,0.09433855537653542,False
1981-09-10 22:00:00,0.0,0.055146944,0.042109445,0.02262313226982951,0.09493676187220879,False
1981-09-10 23:00:00,0.0,0.0583689,0.045434587,0.02399159138649702,0.09547159777722915,False
1981-09-11 00:00:00,0.0,0.058431894,0.048384562,0.024174135088920592,0.09594080744888632,False
1981-09-11 01:00:00,0.0,0.05716711,0.047116823,0.023638971727341414,0.0963642803519822,False
1981-09-11 02:00:00,0.0,0.058293346,0.04622176,0.024006219785660504,0.0967641172462743,False
1981-09-11 03:00:00,0.0,0.06194891,0.047714937,0.02543575454503298,0.09713983934957902,False
1981-09-11 04:00:00,0.0,0.068769656,0.05467333,0.028328362874686718,0.09747498935753425,False
1981-09-11 05:00:00,0.0008431335,0.07416627,0.060224302,0.03110595326841576,0.09777606212306889,False
1981-09-11 06:00:00,0.033933457,0.08185071,0.06785546,0.053446710731834164,0.09804859467694294,False
1981-09-11 07:00:00,0.10318243,0.0926039,0.07926463,0.0979873898476362,0.09830218978201456,False
1981-09-11 08:00:00,0.19448076,0.091760606,0.07768412,0.15027000550925732,0.09845463840594078,False
1981-09-11 09:00:00,0.27310923,0.08962659,0.07390093,0.1946468854174018,0.09838183068183821,False
1981-09-11 10:00:00,0.34751275,0.09319368,0.07845934,0.23914012995362283,0.09832914241440699,False
1981-09-11 11:00:00,0.38056356,0.085240155,0.0695466,0.2547943063825369,0.097772945058537,False
1981-09-11 12:00:00,0.39391536,0.07894742,0.06258962,0.2598005966320634,0.09685130312922903,False
1981-09-11 13:00:00,0.37864795,0.07465074,0.058473244,0.24918354807049034,0.09546460774021405,False
1981-09-11 14:00:00,0.32158065,0.07386079,0.05729124,0.21590039142221212,0.09437474414679559,False
1981-09-11 15:00:00,0.25149107,0.07397242,0.0575635,0.1755145987719297,0.09342247091210938,False
1981-09-11 16:00:00,0.15630671,0.07233742,0.057590418,0.11999136395752429,0.09281588958227567,False
1981-09-11 17:00:00,0.07147828,0.07215407,0.05862381,0.07103350268304348,0.09242528076322931,False
1981-09-11 18:00:00,0.009939852,0.07144596,0.0583387,0.03524914266448468,0.09217266190145657,False
1981-09-11 19:00:00,0.0,0.071880326,0.058532413,0.029684590481221677,0.09207704057940774,False
1981-09-11 20:00:00,0.0,0.07411349,0.060461234,0.030612783797085284,0.09199970119959235,False
1981-09-11 21:00:00,0.0,0.07043448,0.057314817,0.02908532356470823,0.091888213566975,False
1981-09-11 22:00:00,0.0,0.06264363,0.050510995,0.025843094050884245,0.09178151289164581,False
1981-09-11 23:00:00,0.0,0.055005338,0.044644374,0.02270776595547795,0.09180010362319209,False
1981-09-12 00:00:00,0.0,0.049703177,0.040457197,0.020525160949677226,0.09179434167873607,False
1981-09-12 01:00:00,0.0,0.046901934,0.03836017,0.01937826282531023,0.09180922889779815,False
1981-09-12 02:00:00,0.0,0.04406426,0.03587495,0.01819695970416069,0.09193739307905109,False
1981-09-12 03:00:00,0.0,0.039454706,0.03270534,0.01632487490773201,0.09212798100500862,False
1981-09-12 04:00:00,0.0,0.036282465,0.03032777,0.015025929160416127,0.09237275357149104,False
1981-09-12 05:00:00,0.0007799459,0.035085443,0.029034091,0.014964398339914623,0.09265436096047545,False
1981-09-12 06:00:00,0.03162024,0.035838872,0.028702298,0.03301934740319848,0.09293653149800844,False
1981-09-12 07:00:00,0.090791374,0.038102992,0.030456679,0.06809128772094845,0.0931571363425162,False
1981-09-12 08:00:00,0.1734268,0.03923902,0.031240571,0.11623345651477575,0.09355511111691285,False
1981-09-12 09:00:00,0.27526188,0.039239857,0.030648604,0.1749606361426413,0.09413733918952137,False
1981-09-12 10:00:00,0.34611404,0.042963672,0.03310312,0.21734896432980894,0.09495052973494246,False
1981-09-12 11:00:00,0.380092,0.038459465,0.02918725,0.2350807352140546,0.09562506737997446,False
1981-09-12 12:00:00,0.36421117,0.0320035,0.023361078,0.22322063569352027,0.09649222605833474,False
1981-09-12 13:00:00,0.35546392,0.027282601,0.019889016,0.21624396970681845,0.09744080658554721,False
1981-09-12 14:00:00,0.30561838,0.024767835,0.018055752,0.18645614429190754,0.0981819880381506,False
1981-09-12 15:00:00,0.24272381,0.02271854,0.016561812,0.14932911593653259,0.09871244482776463,False
1981-09-12 16:00:00,0.15998532,0.021943495,0.015996808,0.10127250611409544,0.09906814937218715,False
1981-09-12 17:00:00,0.07313035,0.02384657,0.017384153,0.05193433885648847,0.0992859900533501,False
1981-09-12 18:00:00,0.008292512,0.030056506,0.021911196,0.017058834911324084,0.09932342983412557,False
1981-09-12 19:00:00,0.0,0.036743928,0.02695774,0.015014227252453567,0.09934232193530267,False
1981-09-12 20:00:00,0.0,0.044138115,0.033011883,0.018069606106728316,0.09934986773525094,False
1981-09-12 21:00:00,0.0,0.047781013,0.035847817,0.019566975876688958,0.09932003331203675,False
1981-09-12 22:00:00,0.0,0.057276946,0.044079527,0.023515487384051084,0.09932369436668892,False
1981-09-12 23:00:00,0.0,0.057798963,0.04420742,0.023715018052607773,0.09937952072239209,False
1981-09-13 00:00:00,0.0,0.060717944,0.0459963,0.024888721603900193,0.09949834151236069,False
1981-09-13 01:00:00,0.0,0.07281043,0.05414454,0.029790852427482604,0.09967425045436908,False
1981-09-13 02:00:00,0.0,0.08084459,0.061533093,0.033154440231621264,0.0998523966779067,False
1981-09-13 03:00:00,0.0,0.09031724,0.07144029,0.037184837736189365,0.09997777218740161,False
1981-09-13 04:00:00,0.0,0.101207435,0.08333285,0.041845517545938495,0.10011853792654078,False
1981-09-13 05:00:00,0.0007607852,0.10649536,0.09100702,0.04465013906999957,0.1002636826023991,False
1981-09-13 06:00:00,0.02847709,0.11450356,0.09912311,0.06403574326820671,0.10042191323666222,False
1981-09-13 07:00:00,0.108949386,0.13065007,0.11141679,0.11709017901867629,0.1006589938314974,False
1981-09-13 08:00:00,0.20076574,0.1504609,0.12694532,0.17821695299446583,0.10126390538276493,False
1981-09-13 09:00:00,0.29143685,0.15808553,0.13310018,0.23368003159761427,0.10222306718247642,False
1981-09-13 10:00:00,0.3656929,0.14586031,0.12390129,0.2715179369151592,0.10298450491124463,False
1981-09-13 11:00:00,0.40136614,0.1562402,0.13290788,0.29641792294383046,0.10382221453160678,False
1981-09-13 12:00:00,0.4163937,0.1571184,0.13141872,0.30533246193826197,0.1049182581482953,False
1981-09-13 13:00:00,0.38336548,0.15356348,0.12765646,0.28476025779545305,0.10626317503967954,False
1981-09-13 14:00:00,0.3167285,0.14161643,0.11765754,0.24136231732368466,0.10733790193794152,False
1981-09-13 15:00:00,0.24325621,0.1261212,0.10538635,0.19258841690421105,0.10828904492463463,False
1981-09-13 16:00:00,0.1525119,0.10236272,0.08660202,0.130447716653347,0.10886217633383671,False
1981-09-13 17:00:00,0.06568967,0.08390594,0.0734515,0.07283061216026544,0.10905932277678836,False
1981-09-13 18:00:00,0.0076358872,0.07602799,0.06843942,0.036155963520985095,0.1091023678544165,False
1981-09-13 19:00:00,0.0,0.07196251,0.06467818,0.030046788878738878,0.10905647406968766,False
1981-09-13 20:00:00,0.0,0.06986589,0.062967,0.029180731482803823,0.10891114689465159,False
1981-09-13 21:00:00,0.0,0.07001215,0.063455,0.02926105418801308,0.10869464941320023,False
1981-09-13 22:00:00,0.0,0.06827834,0.06163057,0.02852275912463665,0.10844352050029686,False
1981-09-13 23:00:00,0.0,0.06796732,0.061689325,0.02841116387397051,0.10807781205387566,False
1981-09-14 00:00:00,0.0,0.06946519,0.061780278,0.028968790166079995,0.10769060031822429,False
1981-09-14 01:00:00,0.0,0.0677143,0.05449456,0.027929281555116175,0.10727099980946642,False
1981-09-14 02:00:00,0.0,0.058954168,0.04557215,0.02421498415991664,0.10674076372679102,False
1981-09-14 03:00:00,0.0,0.056128398,0.04389355,0.023081630386412144,0.1061316406361597,False
1981-09-14 04:00:00,0.0,0.053433925,0.042143617,0.021992873601615427,0.1054360867552181,False
1981-09-14 05:00:00,0.00057753286,0.053839777,0.043691754,0.022559468784544148,0.10464034757329628,False
1981-09-14 06:00:00,0.03358303,0.060410004,0.050565112,0.04439921595528721,0.10378589353546892,False
1981-09-14 07:00:00,0.11409209,0.0753129,0.064915694,0.09712704218178987,0.10289812773702282,False
1981-09-14 08:00:00,0.22125691,0.08323548,0.07211283,0.16227322290092708,0.1018399263106543,False
1981-09-14 09:00:00,0.3081808,0.08097612,0.070539474,0.21150964712351558,0.10059277764879948,False
1981-09-14 10:00:00,0.39273387,0.074550286,0.06375049,0.257559026107192,0.099299817793939,False
1981-09-14 11:00:00,0.445977,0.07311791,0.06262202,0.28769082881510255,0.09786285770313354,False
1981-09-14 12:00:00,0.4455748,0.07387622,0.06332719,0.28777664647996426,0.09647198068526579,False
1981-09-14 13:00:00,0.41255647,0.07171182,0.061557688,0.2678308608233928,0.09472834813677711,False
1981-09-14 14:00:00,0.35377032,0.06756161,0.056579646,0.23211100765317677,0.09273672959077954,False
1981-09-14 15:00:00,0.26257423,0.061335187,0.050026134,0.17683942357823254,0.09098201277868984,False
1981-09-14 16:00:00,0.15537617,0.05103667,0.04168437,0.1107355353757739,0.08945201974770993,False
1981-09-14 17:00:00,0.067353725,0.036653314,0.029857967,0.05400050258263945,0.0882280563656187,False
1981-09-14 18:00:00,0.007281772,0.02581491,0.020900913,0.014855933244340123,0.08738138750563613,False
1981-09-14 19:00:00,0.0,0.019544842,0.015305116,0.008038522850722074,0.0868076045924482,False
1981-09-14 20:00:00,0.0,0.018677989,0.014547205,0.007677726997062564,0.0863377092577667,False
1981-09-14 21:00:00,0.0,0.018356385,0.013690409,0.007512788057327271,0.08588931417003376,False
1981-09-14 22:00:00,0.0,0.01459838,0.010642218,0.005961481955833733,0.08543858871938763,False
1981-09-14 23:00:00,0.0,0.012559456,0.009155843,0.0051288547413423655,0.0849559479903929,False
1981-09-15 00:00:00,0.0,0.011626573,0.008475771,0.004747897183522582,0.08447643284043632,False
1981-09-15 01:00:00,0.0,0.010626547,0.007746752,0.004339520459063351,0.08397466548780547,False
1981-09-15 02:00:00,0.0,0.009590739,0.006991649,0.003916531881317496,0.08347955312426536,False
1981-09-15 03:00:00,0.0,0.009301096,0.006780499,0.0037982514509931203,0.08304786047983549,False
1981-09-15 04:00:00,0.0,0.0089381505,0.0065159127,0.0036500368136912586,0.08263210797124527,False
1981-09-15 05:00:00,0.00047072212,0.008239517,0.006006608,0.0036363452542864253,0.0822360300319943,False
1981-09-15 06:00:00,0.030686488,0.009101838,0.0066352403,0.021422984942793846,0.08183263384476239,False
1981-09-15 07:00:00,0.106391884,0.012019593,0.008762284,0.06629651055298746,0.08115317240956096,False
1981-09-15 08:00:00,0.1943446,0.0152240535,0.0110983355,0.11835381722543388,0.07975911649957933,False
1981-09-15 09:00:00,0.28323078,0.020064838,0.014627265,0.17161795856431125,0.07756371763310872,False
1981-09-15 10:00:00,0.3339762,0.024095003,0.017565258,0.20254385255649685,0.07493859442475885,False
1981-09-15 11:00:00,0.37832785,0.027819796,0.020280631,0.22965582608617838,0.07195997579567612,False
1981-09-15 12:00:00,0.36202416,0.031222384,0.02276112,0.2216380996108055,0.06871457538359034,False
1981-09-15 13:00:00,0.3064473,0.030224057,0.022033334,0.18916256758756933,0.06564650635181783,False
1981-09-15 14:00:00,0.25394055,0.02598701,0.018944532,0.1571359103433788,0.06317615085383423,False
1981-09-15 15:00:00,0.19177315,0.020804,0.015166116,0.11914875141717492,0.06130208164788328,False
1981-09-15 16:00:00,0.11357488,0.0150961885,0.01100512,0.07169747431296855,0.05999598783597206,True
1981-09-15 17:00:00,0.04634785,0.013340479,0.009725209,0.03219050688110292,0.05938710757113228,True
1981-09-15 18:00:00,0.0037322098,0.015821343,0.011533759,0.008614383687963708,0.05912102885855839,True
1981-09-15 19:00:00,0.0,0.01834583,0.013374109,0.007491812814027071,0.05920978961318549,True
1981-09-15 20:00:00,0.0,0.018752215,0.013670366,0.007657767271623015,0.0593942464640532,True
1981-09-15 21:00:00,0.0,0.018674994,0.013614071,0.00762623255699873,0.05960173951070107,True
1981-09-15 22:00:00,0.0,0.013115696,0.009561341,0.005356004132889211,0.05980437469160466,True
1981-09-15 23:00:00,0.0,0.013209809,0.00962995,0.0053944366760551934,0.05999015218588107,True
1981-09-16 00:00:00,0.0,0.011959755,0.008718661,0.004883957239799202,0.060170348685624105,False
1981-09-16 01:00:00,0.0,0.010196461,0.00743322,0.004163888105191291,0.06034541293540321,False
1981-09-16 02:00:00,0.0,0.008555407,0.0062368917,0.003493737227283418,0.0605011664535669,False
1981-09-16 03:00:00,0.0,0.007653698,0.0055795456,0.0031255099740810696,0.06063493103206208,False
1981-09-16 04:00:00,0.0,0.0073001487,0.005321808,0.002981132517568767,0.060759151958318464,False
1981-09-16 05:00:00,0.00026707005,0.007450063,0.0054310965,0.00319645179741201,0.06089694867717851,False
1981-09-16 06:00:00,0.014171078,0.008836081,0.006441503,0.011785067065618932,0.06106671735959213,False
1981-09-16 07:00:00,0.043931395,0.011910746,0.008682935,0.03021235850267112,0.06117896553129509,False
1981-09-16 08:00:00,0.08713456,0.016204666,0.011813202,0.05689407731033862,0.0610182723834933,False
1981-09-16 09:00:00,0.13490674,0.018763915,0.0136788925,0.08550373312272132,0.060688390301099744,False
1981-09-16 10:00:00,0.18485719,0.01940106,0.014143374,0.11458533191122115,0.06022156488595228,False
1981-09-16 11:00:00,0.21540822,0.018662341,0.013604848,0.1319116090349853,0.059936066823881196,True
1981-09-16 12:00:00,0.23065294,0.018176304,0.013250527,0.14050933295488358,0.05938092681721482,True
1981-09-16 13:00:00,0.24513757,0.019123575,0.013941086,0.14925379692018031,0.059238979013118344,True
1981-09-16 14:00:00,0.23056099,0.022337794,0.01628425,0.14215568576753138,0.05968404318848788,True
1981-09-16 15:00:00,0.1789283,0.026704699,0.019467726,0.11414692060649395,0.06013316841779129,False
1981-09-16 16:00:00,0.11864413,0.031960588,0.023299275,0.08150928266346454,0.06038673346771556,False
1981-09-16 17:00:00,0.04541943,0.036740676,0.027118608,0.04122872437909245,0.06076940425749799,False
1981-09-16 18:00:00,0.004304758,0.040489823,0.031330734,0.019116449466440828,0.06109038162429903,False
1981-09-16 19:00:00,0.0,0.041192163,0.0313434,0.01689245169237256,0.06132719979862128,False
1981-09-16 20:00:00,0.0,0.04312616,0.031922977,0.017637393236160277,0.06162656206109938,False
1981-09-16 21:00:00,0.0,0.042092744,0.031612113,0.017239276740700006,0.06198840552378357,False
1981-09-16 22:00:00,0.0,0.036342707,0.027191537,0.014878801681101322,0.06237839631872163,False
1981-09-16 23:00:00,0.0,0.03366794,0.025089197,0.013778286729007959,0.06280875607919557,False
1981-09-17 00:00:00,0.0,0.032145828,0.02387353,0.013150981172919273,0.06326081859916126,False
1981-09-17 01:00:00,0.0,0.028877249,0.021481194,0.011815689330920576,0.0637515754907709,False
1981-09-17 02:00:00,0.0,0.025286106,0.018641822,0.01033723164908588,0.06427476432979716,False
1981-09-17 03:00:00,0.0,0.023897769,0.01745517,0.009760855911299587,0.06483508981562595,False
1981-09-17 04:00:00,0.0,0.025101459,0.018552613,0.010264279318973422,0.06542429513739449,False
1981-09-17 05:00:00,0.00023456872,0.02842261,0.021517638,0.01178524201014079,0.06603408392768147,False
1981-09-17 06:00:00,0.02263016,0.03350035,0.025771573,0.02681089718453586,0.06667793846019114,False
1981-09-17 07:00:00,0.07634256,0.035369035,0.027452005,0.058583239458501336,0.06755606084669434,False
1981-09-17 08:00:00,0.15406288,0.033164747,0.025692642,0.10251947727054357,0.06907623406157477,False
1981-09-17 09:00:00,0.23874326,0.027908292,0.02143181,0.14921033863723274,0.07142592609203535,False
1981-09-17 10:00:00,0.30788302,0.027359258,0.020293968,0.188839945577085,0.07486870551644163,False
1981-09-17 11:00:00,0.33072457,0.029737225,0.02237027,0.20300910576619208,0.07941754397799686,False
1981-09-17 12:00:00,0.34788278,0.03438378,0.026085688,0.21482460501417514,0.08448937465152817,False
1981-09-17 13:00:00,0.33694962,0.03922398,0.030223528,0.2105256480053067,0.08962791867021896,False
1981-09-17 14:00:00,0.28118566,0.03993527,0.031734876,0.1786939213499427,0.0941521832188137,False
1981-09-17 15:00:00,0.20111807,0.037187047,0.028754236,0.13131987381353974,0.09763440419294366,False
1981-09-17 16:00:00,0.13128076,0.03488629,0.02673389,0.09006567222252487,0.10005151697585163,False
1981-09-17 17:00:00,0.05769206,0.034985017,0.025919102,0.047597420487552874,0.10142933424899159,False
1981-09-17 18:00:00,0.004064455,0.043039728,0.032496404,0.019981656055431816,0.10236033918440146,False
1981-09-17 19:00:00,0.0,0.0529889,0.042746235,0.02186120141297579,0.10316762076418495,False
1981-09-17 20:00:00,0.0,0.060429256,0.050515886,0.025026253480464222,0.10403747043695881,False
1981-09-17 21:00:00,0.0,0.063529775,0.053764887,0.026345790714025496,0.10487869874697758,False
1981-09-17 22:00:00,0.0,0.062969804,0.05143361,0.026013272635638712,0.10570692151652299,False
1981-09-17 23:00:00,0.0,0.065341406,0.05523072,0.027093437634408475,0.10651954404644316,False
1981-09-18 00:00:00,0.0,0.06831502,0.059852686,0.02844028803706169,0.10727429159202262,False
1981-09-18 01:00:00,0.0,0.07007942,0.063289724,0.029276952378451824,0.10796363383468821,False
1981-09-18 02:00:00,0.0,0.072767645,0.06552036,0.030389360547065734,0.10864657061752048,False
1981-09-18 03:00:00,0.0,0.07535746,0.06667524,0.03140736541897059,0.10934687276051962,False
1981-09-18 04:00:00,0.0,0.07735216,0.06866755,0.03225099445134401,0.1100616023982421,False
1981-09-18 05:00:00,0.00024191607,0.08138989,0.07275953,0.034101469357876335,0.11077546677349719,False
1981-09-18 06:00:00,0.030081583,0.08768417,0.07819277,0.05393494161777198,0.11146389551235546,False
1981-09-18 07:00:00,0.110331655,0.094794534,0.08407639,0.10318067281693219,0.11199850928131362,False
1981-09-18 08:00:00,0.21693003,0.10685981,0.094062895,0.16967929477244617,0.11240228423460569,False
1981-09-18 09:00:00,0.34692726,0.12159656,0.10575905,0.2507571454942226,0.11275807216189053,False
1981-09-18 10:00:00,0.4584928,0.16506615,0.13833019,0.3329295780658722,0.11292377949676659,False
1981-09-18 11:00:00,0.5260402,0.17348102,0.14481097,0.37535948136448855,0.11288332803081592,False
1981-09-18 12:00:00,0.5418374,0.18000972,0.14992003,0.38715944585204126,0.11321242872280096,False
1981-09-18 13:00:00,0.50129205,0.18635754,0.1556861,0.3664184952527284,0.11336917407535045,False
1981-09-18 14:00:00,0.41327527,0.17074338,0.14515102,0.30930229252576824,0.11347685458064728,False
1981-09-18 15:00:00,0.2927887,0.14731243,0.12723997,0.2301683341860771,0.11362154495595672,False
1981-09-18 16:00:00,0.16191067,0.13019058,0.11447652,0.1476445117741823,0.1137326221847506,False
1981-09-18 17:00:00,0.05583697,0.12887517,0.113779485,0.08591696127876639,0.11375876650248994,False
1981-09-18 18:00:00,0.002874468,0.13469765,0.12044381,0.05786596529604867,0.11369290819108203,False
1981-09-18 19:00:00,0.0,0.14060074,0.12525116,0.0586452359855175,0.11366229417573649,False
1981-09-18 20:00:00,0.0,0.13904834,0.12421325,0.05801635211706162,0.11358313375271846,False
1981-09-18 21:00:00,0.0,0.13677362,0.12082417,0.056993969678878785,0.11352071775708338,False
1981-09-18 22:00:00,0.0,0.12979239,0.11094982,0.053884683117270474,0.11356232368739311,False
1981-09-18 23:00:00,0.0,0.12063423,0.101706274,0.050006168916821477,0.11375086536098261,False
1981-09-19 00:00:00,0.0,0.11138427,0.095159486,0.04623940882086754,0.11405487818064158,False
1981-09-19 01:00:00,0.0,0.107411474,0.091885574,0.044596654906868934,0.11452637263227244,False
1981-09-19 02:00:00,0.0,0.10605237,0.08922982,0.043951734513044356,0.11517664497604584,False
1981-09-19 03:00:00,0.0,0.10642687,0.08882153,0.044067878521978854,0.11605400314161544,False
1981-09-19 04:00:00,0.0,0.10752064,0.089900985,0.044529769331216815,0.11722203015375872,False
1981-09-19 05:00:00,0.00012081398,0.10766891,0.09315343,0.04482982147533767,0.11867552507368838,False
1981-09-19 06:00:00,0.016366014,0.10369537,0.08825141,0.05247235809452831,0.1203598918849106,False
1981-09-19 07:00:00,0.061846152,0.102269486,0.0841068,0.07796443721652031,0.1220582877625991,False
1981-09-19 08:00:00,0.13159621,0.10567007,0.0865561,0.11959729778021573,0.12350773529105824,False
1981-09-19 09:00:00,0.20027627,0.10065858,0.082627155,0.15716429071128368,0.12433785946592384,False
1981-09-19 10:00:00,0.25683105,0.09401378,0.07436434,0.1868982752114534,0.12418568448119803,False
1981-09-19 11:00:00,0.3165004,0.08785503,0.069753766,0.21880593898147344,0.12328285260392668,False
1981-09-19 12:00:00,0.32747126,0.08092597,0.065477476,0.22234838193655015,0.12200069100986861,False
1981-09-19 13:00:00,0.3179756,0.07820292,0.062324226,0.21569431225955482,0.12052123536125763,False
1981-09-19 14:00:00,0.2748897,0.0655892,0.05232008,0.18563905936479566,0.11919143816257212,False
1981-09-19 15:00:00,0.19817568,0.05400478,0.04400828,0.1366515807956457,0.11794961086709989,False
1981-09-19 16:00:00,0.1278924,0.042277552,0.035671577,0.09132059947401285,0.11706699456075521,False
1981-09-19 17:00:00,0.049202893,0.0386442,0.03308228,0.04443622153997421,0.11676030472668825,False
1981-09-19 18:00:00,0.0031664325,0.040092133,0.035021383,0.01851218331884593,0.11671760647226752,False
1981-09-19 19:00:00,0.0,0.043493114,0.037269294,0.01806150110810995,0.11671611676143352,False
1981-09-19 20:00:00,0.0,0.053204317,0.044405423,0.022030285689979792,0.1166243953664029,False
1981-09-19 21:00:00,0.0,0.068475105,0.056954846,0.028342875368893145,0.11649020233575125,False
1981-09-19 22:00:00,0.0,0.08459264,0.07127016,0.03506327296793461,0.11629100347181652,False
1981-09-19 23:00:00,0.0,0.10045706,0.085507385,0.04168605297803879,0.11613074008060488,False
1981-09-20 00:00:00,0.0,0.12312517,0.10442283,0.051072021715342995,0.11596229076489677,False
1981-09-20 01:00:00,0.0,0.14581376,0.1237916,0.06049002487957477,0.11580564526432996,False
1981-09-20 02:00:00,0.0,0.17458366,0.14965153,0.0725025524944067,0.11566113740077112,False
1981-09-20 03:00:00,0.0,0.21070626,0.18003798,0.08747266200184821,0.11549285864561666,False
1981-09-20 04:00:00,0.0,0.2457034,0.2102629,0.10201875060796738,0.1152942176490264,False
1981-09-20 05:00:00,0.000118537726,0.2768425,0.23569992,0.11495107629654376,0.115087964445463,False
1981-09-20 06:00:00,0.015494326,0.3052781,0.25685373,0.13545794374682008,0.11488267778293186,False
1981-09-20 07:00:00,0.063811846,0.32796994,0.2761817,0.17275415418297052,0.11490098684461898,False
1981-09-20 08:00:00,0.11983859,0.33894125,0.2835013,0.20952525516599418,0.11548964623139041,False
1981-09-20 09:00:00,0.18338244,0.3326318,0.27592495,0.2434527462273836,0.11638432547491155,False
1981-09-20 10:00:00,0.24847427,0.35342285,0.2927956,0.28959364795684817,0.1175112833269945,False
1981-09-20 11:00:00,0.29531154,0.3465723,0.2876997,0.31381572484970094,0.11838248435231657,False
1981-09-20 12:00:00,0.31423047,0.32534385,0.27375394,0.31614557471871374,0.11919643098607148,False
1981-09-20 13:00:00,0.31196812,0.29561964,0.2499811,0.30258822971582416,0.1204044034784733,False
1981-09-20 14:00:00,0.25185916,0.25203022,0.21060547,0.2496945823431015,0.12186420803325361,False
1981-09-20 15:00:00,0.17573015,0.20840473,0.17602047,0.18780275148153303,0.12347814648561911,False
1981-09-20 16:00:00,0.10432293,0.17529246,0.14900276,0.1329233997389674,0.12494408201141394,False
1981-09-20 17:00:00,0.037825868,0.14964557,0.1263464,0.08386744506657123,0.12595103494367363,False
1981-09-20 18:00:00,0.0020759373,0.136751,0.11362085,0.05779445917601697,0.12662301692322317,False
1981-09-20 19:00:00,0.0,0.13110307,0.10862179,0.05424260902404785,0.12708564874328396,False
1981-09-20 20:00:00,0.0,0.124845915,0.10198045,0.051575086645781996,0.12745552219807824,False
1981-09-20 21:00:00,0.0,0.114816256,0.09380048,0.04743242421001196,0.12767559265260306,False
1981-09-20 22:00:00,0.0,0.11193457,0.09052191,0.046192040339112284,0.1277134793606466,False
1981-09-20 23:00:00,0.0,0.10161013,0.08197154,0.04192060176283121,0.1276093213936193,False
1981-09-21 00:00:00,0.0,0.0939349,0.07515641,0.03872042479366064,0.1273001100533521,False
1981-09-21 01:00:00,0.0,0.091206,0.07417155,0.03766027745604515,0.1267193180975383,False
1981-09-21 02:00:00,0.0,0.0871113,0.06907933,0.035874354265630244,0.1259423312492082,False
1981-09-21 03:00:00,0.0,0.084030606,0.06529291,0.03453311068564653,0.12492967388484348,False
1981-09-21 04:00:00,0.0,0.08429636,0.065264046,0.034629615560173986,0.12358722597066034,False
1981-09-21 05:00:00,7.690257e-05,0.08521742,0.06456412,0.03497606167384219,0.12193860374375898,False
1981-09-21 06:00:00,0.023653232,0.09678703,0.07386787,0.05335119305551052,0.12001655160708886,False
1981-09-21 07:00:00,0.09721131,0.122083716,0.0940791,0.10622008778154851,0.1179411924058361,False
1981-09-21 08:00:00,0.18603295,0.13397194,0.10676373,0.16254190146923064,0.11600142034266832,False
1981-09-21 09:00:00,0.2595057,0.14904962,0.12081803,0.21125826761126518,0.11438559652802292,False
1981-09-21 10:00:00,0.29071066,0.14742145,0.12180296,0.22871592442691324,0.11289981697941577,False
1981-09-21 11:00:00,0.32724267,0.16701059,0.13758236,0.2578753774017095,0.11113735700149778,False
1981-09-21 12:00:00,0.34646985,0.19455251,0.1597793,0.28033106157183646,0.10918406901034594,False
1981-09-21 13:00:00,0.35053572,0.20192681,0.16657086,0.28576493088901045,0.10762172897865753,False
1981-09-21 14:00:00,0.31940708,0.1902302,0.15954216,0.26310810507833954,0.10617883445880755,False
1981-09-21 15:00:00,0.24679753,0.15540884,0.13460086,0.20701648603379724,0.10511642766099182,False
1981-09-21 16:00:00,0.15237296,0.12400688,0.11067787,0.1396543402224779,0.10423566200614665,False
1981-09-21 17:00:00,0.055772636,0.10656224,0.09609404,0.07669135655835271,0.10323595333292838,False
1981-09-21 18:00:00,0.0024716873,0.094160445,0.08420635,0.040718510681763284,0.10227914557333793,False
1981-09-21 19:00:00,0.0,0.086094506,0.07493619,0.03581542693823576,0.10144255158334932,False
1981-09-21 20:00:00,0.0,0.07879311,0.06516686,0.03259366750717163,0.1006844783325862,False
1981-09-21 21:00:00,0.0,0.072874,0.060572788,0.030161437354981897,0.09995053535729609,False
1981-09-21 22:00:00,0.0,0.07247641,0.061479546,0.030063690550625324,0.09926153556217403,False
1981-09-21 23:00:00,0.0,0.06475316,0.054629494,0.026843908645212647,0.09863646676444411,False
1981-09-22 00:00:00,0.0,0.05604285,0.04655919,0.023194007836282254,0.09813187934441454,False
1981-09-22 01:00:00,0.0,0.056061853,0.046441343,0.023194656159728766,0.09766855008953214,False
1981-09-22 02:00:00,0.0,0.057731368,0.048002303,0.023894999004900455,0.09723001464043707,False
1981-09-22 03:00:00,0.0,0.0558241,0.045112386,0.02303516212105751,0.09684611759527549,False
1981-09-22 04:00:00,0.0,0.05561603,0.04375128,0.02288488371670246,0.09650197762187533,False
1981-09-22 05:00:00,5.160454e-05,0.05521601,0.042372037,0.02269257373637811,0.09615799225687012,False
1981-09-22 06:00:00,0.022838596,0.05518135,0.042609513,0.03584070208668708,0.09581060809033339,False
1981-09-22 07:00:00,0.09820344,0.056113962,0.042141788,0.07964509515091775,0.09528218800817577,False
1981-09-22 08:00:00,0.18978061,0.054999642,0.040137656,0.1319657120630145,0.09416800179234046,False
1981-09-22 09:00:00,0.26279467,0.050206926,0.036600847,0.1721353278942406,0.09260181256564605,False
1981-09-22 10:00:00,0.31926972,0.050878238,0.037090234,0.2049955690167844,0.09078834385869676,False
1981-09-22 11:00:00,0.34416822,0.052582342,0.038332526,0.22005790127441285,0.08977065535536309,False
1981-09-22 12:00:00,0.37727278,0.057465255,0.04189217,0.24115325319766995,0.08882883203241626,False
1981-09-22 13:00:00,0.36977485,0.048891235,0.035709992,0.23332929276302455,0.08764676902608598,False
1981-09-22 14:00:00,0.31725657,0.03830391,0.027923552,0.19869905604794622,0.0863411015505992,False
1981-09-22 15:00:00,0.22953089,0.03203831,0.023417464,0.1455260000489652,0.08502929817988501,False
1981-09-22 16:00:00,0.12491497,0.031423252,0.023449402,0.08493738342449067,0.08413215221304099,False
1981-09-22 17:00:00,0.04094228,0.034970593,0.026163472,0.03794067260622978,0.08359318932482003,False
1981-09-22 18:00:00,0.0012419376,0.041322865,0.030985419,0.01763794765656348,0.08326515192106328,False
1981-09-22 19:00:00,0.0,0.043698467,0.032043677,0.017855092987418174,0.08318346630338076,False
1981-09-22 20:00:00,0.0,0.040027387,0.02917996,0.01634582383185625,0.08323305522113535,False
1981-09-22 21:00:00,0.0,0.035165597,0.02563572,0.0143604340441525,0.08337125949536878,False
1981-09-22 22:00:00,0.0,0.039642718,0.028899541,0.01618873804807663,0.08358647313363347,False
1981-09-22 23:00:00,0.0,0.043344464,0.031598117,0.017700405601412058,0.08387284139472488,False
1981-09-23 00:00:00,0.0,0.040357474,0.029420603,0.01648062055930495,0.08423958388598131,False
1981-09-23 01:00:00,0.0,0.040675707,0.029652592,0.016610575899481773,0.08468617322643714,False
1981-09-23 02:00:00,0.0,0.042724654,0.031146273,0.01744729609787464,0.08511868810046891,False
1981-09-23 03:00:00,0.0,0.04411335,0.03215863,0.01801439196243882,0.08554710706042552,False
1981-09-23 04:00:00,0.0,0.04436719,0.032348607,0.018118318039923906,0.08598992880525495,False
1981-09-23 05:00:00,2.106249e-05,0.044786952,0.03264969,0.018301621680078827,0.08644760400753897,False
1981-09-23 06:00:00,0.012869238,0.050350614,0.0367056,0.027987029111944138,0.08690069292744253,False
1981-09-23 07:00:00,0.045171574,0.06524289,0.048157893,0.052739149421453475,0.0873861229504934,False
1981-09-23 08:00:00,0.09181493,0.08385938,0.06376843,0.08736481858789921,0.08787708262189699,False
1981-09-23 09:00:00,0.14683442,0.096089296,0.07465482,0.12421176967769862,0.0885410148761245,False
1981-09-23 10:00:00,0.22456446,0.12189939,0.09837605,0.1798668762668967,0.08972867152916054,False
1981-09-23 11:00:00,0.27797833,0.12666374,0.102508135,0.21266785790026185,0.09144887936913197,False
1981-09-23 12:00:00,0.29840815,0.12459307,0.10066094,0.22359203726798293,0.09374900538566,False
1981-09-23 13:00:00,0.291868,0.13243312,0.10772658,0.22309289206564425,0.0956701279925037,False
1981-09-23 14:00:00,0.25385138,0.12980132,0.106900156,0.20014154328405856,0.09691605082517589,False
1981-09-23 15:00:00,0.19498537,0.12405994,0.1049778,0.16395347962528464,0.0976724796343139,False
1981-09-23 16:00:00,0.11991299,0.10783579,0.08894295,0.1137841215878725,0.09813935188800195,False
1981-09-23 17:00:00,0.04242193,0.08901779,0.067047074,0.06094556117802858,0.09858586390904871,False
1981-09-23 18:00:00,0.0014224239,0.08753909,0.0680544,0.03679760103300214,0.09901902931026903,False
1981-09-23 19:00:00,0.0,0.09274199,0.07359076,0.03819569499045611,0.09943578191259321,False
1981-09-23 20:00:00,0.0,0.09486333,0.078201905,0.0392274726703763,0.09982503624976989,False
1981-09-23 21:00:00,0.0,0.09734437,0.08465963,0.04049169199168682,0.10027373303677332,False
1981-09-23 22:00:00,0.0,0.10525138,0.09206682,0.04380936708301306,0.10080405294703697,False
1981-09-23 23:00:00,0.0,0.106533036,0.095127,0.04444754822552204,0.1013091962695532,False
1981-09-24 00:00:00,0.0,0.106932126,0.095784105,0.044630296178162096,0.10175827205478592,False
1981-09-24 01:00:00,0.0,0.105236605,0.094871536,0.043955370113253595,0.10220652796276292,False
1981-09-24 02:00:00,0.0,0.10648428,0.09567426,0.04445910908281803,0.10263226099912455,False
1981-09-24 03:00:00,0.0,0.106283516,0.093925714,0.04429060587286949,0.10303859435668594,False
1981-09-24 04:00:00,0.0,0.10755213,0.095676966,0.04485329342633485,0.1034399116166812,False
1981-09-24 05:00:00,1.48100125e-05,0.10657726,0.09454235,0.04444084189174918,0.10384538090549789,False
1981-09-24 06:00:00,0.022716025,0.110527895,0.097211175,0.059141343193128706,0.10426781611742807,False
1981-09-24 07:00:00,0.09583214,0.11504802,0.101172134,0.10321115937829016,0.10470937893404514,False
1981-09-24 08:00:00,0.19476199,0.12358778,0.108387046,0.16383446026593446,0.105556995810055,False
1981-09-24 09:00:00,0.29960543,0.13538255,0.11693249,0.22914284723997116,0.10677199718189935,False
1981-09-24 10:00:00,0.3753454,0.17098327,0.146267,0.287565545335412,0.10821009146162819,False
1981-09-24 11:00:00,0.43847373,0.18684486,0.15775658,0.3304639500677586,0.10925949668718081,False
1981-09-24 12:00:00,0.44942984,0.17878616,0.14951904,0.33336713832616804,0.10979877606690751,False
1981-09-24 13:00:00,0.3977775,0.15361944,0.12834074,0.2931335887312889,0.10970572668784188,False
1981-09-24 14:00:00,0.31980395,0.12164067,0.10361762,0.23500763888657092,0.10910503176014451,False
1981-09-24 15:00:00,0.2243405,0.092442326,0.081114486,0.1679358682259917,0.10815752012830428,False
1981-09-24 16:00:00,0.12282111,0.085161366,0.075511806,0.10636996043473482,0.10712979764651087,False
1981-09-24 17:00:00,0.03857939,0.08758147,0.07693966,0.05873261186480522,0.1063235220602237,False
1981-09-24 18:00:00,0.00096308294,0.08923375,0.07702075,0.03764207256812369,0.10582039059008519,False
1981-09-24 19:00:00,0.0,0.08795215,0.075647354,0.03653930117189884,0.10544948523758589,False
1981-09-24 20:00:00,0.0,0.091223076,0.078184344,0.037883269608020784,0.10501037656619823,False
1981-09-24 21:00:00,0.0,0.0957794,0.082836896,0.03981578973680734,0.10451971868180349,False
1981-09-24 22:00:00,0.0,0.0972845,0.08403029,0.0404356175288558,0.10400309478036739,False
1981-09-24 23:00:00,0.0,0.09453907,0.080946796,0.03925604329258203,0.10340968291728436,False
1981-09-25 00:00:00,0.0,0.091586284,0.07780676,0.037996904142200943,0.10280469738516636,False
1981-09-25 01:00:00,0.0,0.08930138,0.07580654,0.03704576164484024,0.10212844302923564,False
1981-09-25 02:00:00,0.0,0.089041136,0.07583552,0.036951297260820866,0.10144992490111997,False
1981-09-25 03:00:00,0.0,0.089795075,0.07672662,0.037277620442211626,0.1007878613209972,False
1981-09-25 04:00:00,0.0,0.09046496,0.07776435,0.037580843903124335,0.10016276674472407,False
1981-09-25 05:00:00,2.6796329e-06,0.0927805,0.080388166,0.03857851185272693,0.09958657389587404,False
1981-09-25 06:00:00,0.014414464,0.098268576,0.085255444,0.04918204430956393,0.09909077257452974,False
1981-09-25 07:00:00,0.08667813,0.10438498,0.09061887,0.09342475946992634,0.09871438103017371,False
1981-09-25 08:00:00,0.17630126,0.105674796,0.09194556,0.14568488443642855,0.09874186733787543,False
1981-09-25 09:00:00,0.25409886,0.11221839,0.096604936,0.19324029510468244,0.0989992971436149,False
1981-09-25 10:00:00,0.31072712,0.12287327,0.103861906,0.2302383270934224,0.09927321353651247,False
1981-09-25 11:00:00,0.3282842,0.118543185,0.0998305,0.23855326812714334,0.09923156522217802,False
1981-09-25 12:00:00,0.29984313,0.11122396,0.09397294,0.21912566707283257,0.09873009564730933,False
1981-09-25 13:00:00,0.26588744,0.09877063,0.08140962,0.19425953553616998,0.09826402422975412,False
1981-09-25 14:00:00,0.2089996,0.08265849,0.06605981,0.15466098495572805,0.0982310156294794,False
1981-09-25 15:00:00,0.15123472,0.066420004,0.05280348,0.11462280049920082,0.09853392982300035,False
1981-09-25 16:00:00,0.089864686,0.056636274,0.0431886,0.07508289344608784,0.0988461758182723,False
1981-09-25 17:00:00,0.026469326,0.05254868,0.039481234,0.03679525061137974,0.09928001447459968,False
1981-09-25 18:00:00,0.00056819734,0.04568819,0.033469487,0.01899414411303587,0.0997963808174196,False
1981-09-25 19:00:00,0.0,0.04191945,0.030559283,0.017118478763848543,0.10041076916550501,False
1981-09-25 20:00:00,0.0,0.038386874,0.027984032,0.0156758942194283,0.1009698390755917,False
1981-09-25 21:00:00,0.0,0.038430586,0.028015895,0.015693744722753762,0.10144417294581637,False
1981-09-25 22:00:00,0.0,0.037529074,0.027358694,0.015325597655028105,0.10179927089206159,False
1981-09-25 23:00:00,0.0,0.037731454,0.027506227,0.015408242683857678,0.10198121331307321,False
1981-09-26 00:00:00,0.0,0.02980191,0.021725593,0.012170087093487382,0.10200039706147492,False
1981-09-26 01:00:00,0.0,0.027883075,0.020326763,0.011386499963700772,0.10193692526455254,False
1981-09-26 02:00:00,0.0,0.031050717,0.022635972,0.012680057236924768,0.1018973938943933,False
1981-09-26 03:00:00,0.0,0.034983486,0.025502961,0.014286066211760044,0.10191578871711375,False
1981-09-26 04:00:00,0.0,0.042109374,0.030697735,0.01719603668153286,0.10189669362689585,False
1981-09-26 05:00:00,1.815235e-06,0.050546154,0.03684815,0.020642378467222444,0.101822522330575,False
1981-09-26 06:00:00,0.020239927,0.071884215,0.05316363,0.041074549064040185,0.1016604346022638,False
1981-09-26 07:00:00,0.11291174,0.09555668,0.07629658,0.10453050214797258,0.10146632827792079,False
1981-09-26 08:00:00,0.22853085,0.107230216,0.088163674,0.17619109094142915,0.10098553284014028,False
1981-09-26 09:00:00,0.32916763,0.12655933,0.10482807,0.24229083409905433,0.10027098071952424,False
1981-09-26 10:00:00,0.39801633,0.13522153,0.11137516,0.28556642624735834,0.09944880762514734,False
1981-09-26 11:00:00,0.42120916,0.15341283,0.124933176,0.30639341047406193,0.09856111290978033,False
1981-09-26 12:00:00,0.414022,0.17474896,0.14116022,0.31099571028351786,0.09784618802994255,False
1981-09-26 13:00:00,0.3584434,0.20522618,0.16664569,0.2915491759181022,0.09742515618304487,False
1981-09-26 14:00:00,0.2795165,0.2137862,0.17369257,0.2495475201755762,0.09714586826791131,False
1981-09-26 15:00:00,0.17579243,0.19713663,0.16200058,0.18292367599904535,0.09712393894004712,False
1981-09-26 16:00:00,0.08859785,0.18393669,0.15186334,0.1271942159384489,0.09708984044695661,False
1981-09-26 17:00:00,0.02261581,0.17019506,0.14197958,0.08351819632016122,0.09697138106998443,False
1981-09-26 18:00:00,0.0002452296,0.16163278,0.13608743,0.06713271327622351,0.09679547369263676,False
1981-09-26 19:00:00,0.0,0.1526657,0.13038911,0.06337465685606003,0.09658217686098824,False
1981-09-26 20:00:00,0.0,0.14583464,0.12663543,0.060651295378804204,0.0963879002393066,False
1981-09-26 21:00:00,0.0,0.13676976,0.11837872,0.05686049115657806,0.09626007570185056,False
1981-09-26 22:00:00,0.0,0.11878995,0.09880301,0.04916885373741388,0.0961804569776711,False
1981-09-26 23:00:00,0.0,0.09778913,0.075790256,0.0401768632158637,0.09620089934287414,False
1981-09-27 00:00:00,0.0,0.085524954,0.06280648,0.03495025788992644,0.09626696887040333,False
1981-09-27 01:00:00,0.0,0.08604447,0.062923096,0.03514825587719679,0.09639813320546699,False
1981-09-27 02:00:00,0.0,0.091876686,0.07281022,0.0378342487514019,0.09649176402737675,False
1981-09-27 03:00:00,0.0,0.08809621,0.07136213,0.036361056111752985,0.09652307068054387,False
1981-09-27 04:00:00,0.0,0.082617275,0.06546013,0.034020621679723265,0.09650946774716312,False
1981-09-27 05:00:00,2.3050605e-07,0.07460041,0.06056695,0.03079830089378909,0.09640221743481987,False
1981-09-27 06:00:00,0.01536657,0.07473286,0.06337044,0.03986494074109941,0.09618607827893177,False
1981-09-27 07:00:00,0.067582466,0.07556443,0.06422632,0.07034657845646142,0.09566761100703725,False
1981-09-27 08:00:00,0.13740644,0.07751266,0.06482771,0.1113863826468587,0.09438348624614873,False
1981-09-27 09:00:00,0.20711143,0.08305732,0.06712107,0.1537759865745902,0.09234350952323866,False
1981-09-27 10:00:00,0.26925135,0.07875325,0.05946306,0.18762898075580597,0.0896717276834746,False
1981-09-27 11:00:00,0.3071594,0.06586717,0.05001699,0.20423687389492987,0.08693360508543935,False
1981-09-27 12:00:00,0.30448738,0.056638826,0.043096203,0.19891613842174408,0.08395225696564683,False
1981-09-27 13:00:00,0.27976516,0.04742031,0.035761554,0.18085371560975907,0.0806573457034168,False
1981-09-27 14:00:00,0.23362608,0.04587111,0.034809045,0.15360837721824644,0.07728435522496575,False
1981-09-27 15:00:00,0.16636458,0.0414285,0.03160359,0.11298607283085585,0.07417750572444436,False
1981-09-27 16:00:00,0.095163524,0.03535013,0.026727635,0.06939684335142374,0.07179824844064998,False
1981-09-27 17:00:00,0.03021297,0.026714554,0.01965078,0.028351696498692035,0.06995875308014794,False
1981-09-27 18:00:00,0.00048884563,0.020750582,0.015127175,0.008755896193906666,0.06862278289441205,False
1981-09-27 19:00:00,0.0,0.019083863,0.013912138,0.007793200923129916,0.06748696593893605,False
1981-09-27 20:00:00,0.0,0.02336217,0.017031025,0.00954031642153859,0.0664519945981438,False
1981-09-27 21:00:00,0.0,0.029031457,0.021471078,0.011872045962139964,0.06547032518358814,False
1981-09-27 22:00:00,0.0,0.039668005,0.030913655,0.016306831184774637,0.06460525171481916,False
1981-09-27 23:00:00,0.0,0.045114484,0.03578399,0.01857958000525832,0.0639282841451923,False
1981-09-28 00:00:00,0.0,0.044759553,0.03610556,0.018465975176542998,0.06345176020869898,False
1981-09-28 01:00:00,0.0,0.038574822,0.030493889,0.015880779415369032,0.06310552612855012,False
1981-09-28 02:00:00,0.0,0.034598198,0.026222993,0.01418277658894658,0.06273659583274188,False
1981-09-28 03:00:00,0.0,0.033314332,0.024817348,0.01363312540948391,0.06230708775133739,False
1981-09-28 04:00:00,0.0,0.029502999,0.021507686,0.01204802168905735,0.06193965203058819,False
1981-09-28 05:00:00,0.0,0.025143374,0.01832952,0.010267698984593154,0.06166070525115269,False
1981-09-28 06:00:00,0.009774234,0.025830718,0.018830594,0.016188120013102887,0.06147594582200511,False
1981-09-28 07:00:00,0.057284523,0.024094425,0.017564835,0.04289251362532377,0.061188709142417204,False
1981-09-28 08:00:00,0.11999064,0.02213115,0.016133606,0.07827220824174583,0.06073660132028274,False
1981-09-28 09:00:00,0.18358862,0.019871071,0.01448601,0.11404530579037962,0.06010286610297349,False
1981-09-28 10:00:00,0.25250238,0.020674266,0.015071539,0.15413654154166578,0.05920268501996484,True
1981-09-28 11:00:00,0.26856697,0.020387499,0.014862487,0.16328870072402057,0.05813321334732186,True
1981-09-28 12:00:00,0.2505251,0.020293057,0.014793637,0.15283996969647703,0.057119344096352526,True
1981-09-28 13:00:00,0.21023792,0.020418823,0.014885321,0.12964563295245168,0.05642146609874243,True
1981-09-28 14:00:00,0.15978843,0.02013101,0.014675505,0.10041874415054916,0.05578020463669783,True
1981-09-28 15:00:00,0.10498648,0.019938307,0.014535026,0.06871932637691497,0.055374146138505255,True
1981-09-28 16:00:00,0.052378315,0.021246016,0.015488346,0.03889843863435089,0.05530903869839496,True
1981-09-28 17:00:00,0.01488732,0.02645089,0.019282699,0.0193916274048388,0.05537407492461415,True
1981-09-28 18:00:00,0.00021509094,0.03058382,0.022295604,0.012613499413375393,0.055619891148092716,True
1981-09-28 19:00:00,0.0,0.033527795,0.02452363,0.013696032498031854,0.055968361583345866,True
1981-09-28 20:00:00,0.0,0.033134893,0.024155336,0.013531163480132818,0.056293958529753906,True
1981-09-28 21:00:00,0.0,0.03755691,0.027378986,0.015336964655667544,0.05653726050040528,True
1981-09-28 22:00:00,0.0,0.040832024,0.029766547,0.01667441039532423,0.05671578168104712,True
1981-09-28 23:00:00,0.0,0.042373054,0.030889953,0.017303714264184235,0.05670970818963211,True
1981-09-29 00:00:00,0.0,0.044882905,0.032763522,0.018331022042781114,0.05663764284229216,True
1981-09-29 01:00:00,0.0,0.04269949,0.03117574,0.01743960167840123,0.056570222169434026,True
1981-09-29 02:00:00,0.0,0.042162817,0.030736692,0.01721786084398627,0.05657834598821898,True
1981-09-29 03:00:00,0.0,0.045851372,0.03342565,0.018724141515791416,0.05664347525480514,True
1981-09-29 04:00:00,0.0,0.050518233,0.036850892,0.020631176266819238,0.05676561103299571,True
1981-09-29 05:00:00,0.0,0.053586733,0.039932296,0.02192984829470515,0.05696268574245585,True
1981-09-29 06:00:00,0.0047086333,0.05698945,0.043177623,0.026077580120880156,0.05724008468263162,True
1981-09-29 07:00:00,0.038272757,0.06482981,0.048885588,0.04864540299400687,0.05755250949170208,True
1981-09-29 08:00:00,0.08543014,0.07731923,0.0582057,0.08096709221601486,0.05809512305125983,True
1981-09-29 09:00:00,0.13098359,0.08539324,0.064438075,0.11056729459017514,0.05910662328865302,True
1981-09-29 10:00:00,0.1754486,0.08543881,0.065436654,0.13629434046894312,0.06058338327541094,False
1981-09-29 11:00:00,0.20840567,0.08617195,0.06525236,0.15557114984840154,0.06229359719046781,False
1981-09-29 12:00:00,0.22712865,0.08392287,0.06291151,0.16541799453645942,0.06433734754327608,False
1981-09-29 13:00:00,0.2051522,0.07735194,0.05847185,0.15007316543161867,0.06660157637862878,False
1981-09-29 14:00:00,0.17581093,0.0796916,0.06052707,0.13411756930500268,0.0688548053525365,False
1981-09-29 15:00:00,0.13329737,0.080295146,0.061470836,0.10986091570556163,0.07094473326282033,False
1981-09-29 16:00:00,0.07366308,0.07303901,0.056733172,0.07251858220994473,0.07265046087961101,False
1981-09-29 17:00:00,0.021967024,0.06671173,0.052949514,0.040150875225663185,0.07374842765859561,False
1981-09-29 18:00:00,0.00020751303,0.061469957,0.0496357,0.02548247708605777,0.07423850427321703,False
1981-09-29 19:00:00,0.0,0.056645226,0.046662334,0.023421854350715875,0.07454943820423375,False
1981-09-29 20:00:00,0.0,0.051375218,0.041876957,0.021218811012804508,0.07489724110564146,False
1981-09-29 21:00:00,0.0,0.049689475,0.038993448,0.02044106263294816,0.07528762987683456,False
1981-09-29 22:00:00,0.0,0.038971603,0.030273743,0.01601530359685421,0.07564507580719818,False
1981-09-29 23:00:00,0.0,0.03699049,0.027239863,0.01512044333294034,0.0759563935979635,False
1981-09-30 00:00:00,0.0,0.037294444,0.027187651,0.01522978287935257,0.07621735285091144,False
1981-09-30 01:00:00,0.0,0.03984348,0.029045893,0.016270722717046736,0.07643152715763007,False
1981-09-30 02:00:00,0.0,0.04238595,0.030899363,0.017308981385082006,0.07664558591143159,False
1981-09-30 03:00:00,0.0,0.04752213,0.036295857,0.019495642762631177,0.07685230660935795,False
1981-09-30 04:00:00,0.0,0.052058995,0.042552568,0.021507607743144037,0.07701609158454394,False
1981-09-30 05:00:00,0.0,0.056940217,0.04762793,0.023582848113030193,0.07712226581837912,False
1981-09-30 06:00:00,0.009769796,0.06147682,0.05300726,0.031184510848484934,0.0771933454797503,False
1981-09-30 07:00:00,0.07019144,0.06826701,0.06012917,0.06893796448409557,0.07736332143617684,False
1981-09-30 08:00:00,0.16663486,0.07355092,0.06547441,0.12682421963661908,0.07799589763922818,False
1981-09-30 09:00:00,0.26637137,0.074814014,0.067169145,0.18492978515475988,0.07922331495691291,False
1981-09-30 10:00:00,0.3522461,0.07902556,0.07074769,0.23622680946439506,0.08113295221405926,False
1981-09-30 11:00:00,0.39453128,0.08101731,0.07127375,0.26138871765881777,0.08352740867451035,False
1981-09-30 12:00:00,0.39267716,0.08395141,0.07352152,0.26152295379340645,0.08616081536917837,False
1981-09-30 13:00:00,0.35262215,0.082352445,0.07314056,0.2378006237000227,0.0885878426002607,False
1981-09-30 14:00:00,0.2928912,0.0760612,0.0679718,0.20073528384417294,0.09078539828567657,False
1981-09-30 15:00:00,0.21295413,0.06644009,0.059320804,0.15059425198286772,0.09245981443021029,False
1981-09-30 16:00:00,0.11425067,0.06144744,0.055631537,0.09160084402561189,0.09338342865362036,False
1981-09-30 17:00:00,0.029204827,0.06235643,0.056566607,0.04291530490666628,0.09381290856872578,False
1981-09-30 18:00:00,0.00013738158,0.065762416,0.059124585,0.027538328102178638,0.09395956782064914,False
1981-09-30 19:00:00,0.0,0.07300044,0.063952036,0.030390571765601636,0.094190770517587,False
1981-09-30 20:00:00,0.0,0.077413075,0.0686,0.03226982449740171,0.09451505033417539,False
1981-09-30 21:00:00,0.0,0.07790682,0.06938433,0.032494369313120844,0.09489017754073188,False
1981-09-30 22:00:00,0.0,0.07592203,0.06671178,0.031617664352059364,0.09524065504457735,False
1981-09-30 23:00:00,0.0,0.0717405,0.06217618,0.029829758405685424,0.09564669214935906,False
1981-10-01 00:00:00,0.0,0.06889585,0.059052248,0.02861138876527548,0.09606520114398494,False
1981-10-01 01:00:00,0.0,0.06682488,0.056593332,0.027714421860873698,0.09649794968661785,False
1981-10-01 02:00:00,0.0,0.06557513,0.054504283,0.027140454344451427,0.09693030512916788,False
1981-10-01 03:00:00,0.0,0.06423748,0.053373873,0.026585820324718953,0.09734658671684494,False
1981-10-01 04:00:00,0.0,0.062010717,0.05269602,0.025727539490908384,0.0976866488985431,False
1981-10-01 05:00:00,0.0,0.061373323,0.049905848,0.025341672040522095,0.09795516766912234,False
1981-10-01 06:00:00,0.010835167,0.067704245,0.055586446,0.03423642602935433,0.09814480821371009,False
1981-10-01 07:00:00,0.08582249,0.07096495,0.061174385,0.07900906074047089,0.09830462795575391,False
1981-10-01 08:00:00,0.190853,0.07170872,0.061119005,0.13988312346488235,0.09838001880455073,False
1981-10-01 09:00:00,0.2962584,0.075703956,0.062111706,0.2022298829331994,0.09828575502461996,False
1981-10-01 10:00:00,0.38644257,0.06891943,0.052215144,0.2512282505705952,0.09784393932687672,False
1981-10-01 11:00:00,0.436151,0.07406758,0.05527054,0.2819746711924672,0.0971607509309916,False
1981-10-01 12:00:00,0.43449962,0.07641579,0.055770237,0.28191530162841083,0.09608145552564967,False
1981-10-01 13:00:00,0.392347,0.071434975,0.052076094,0.25555583833158013,0.09471075032777398,False
1981-10-01 14:00:00,0.32335714,0.06835162,0.049828332,0.21448954424262048,0.09303975437288418,False
1981-10-01 15:00:00,0.22541465,0.059089508,0.043076254,0.15419439842924476,0.09143152815974563,False
1981-10-01 16:00:00,0.119534805,0.059167597,0.043133184,0.09313361813500523,0.09000039066438187,False
1981-10-01 17:00:00,0.028079495,0.07570008,0.05658001,0.047190519317984576,0.08902703867237483,False
1981-10-01 18:00:00,7.641275e-05,0.08866767,0.070699014,0.03658020653907442,0.08850231110009531,False
1981-10-01 19:00:00,0.0,0.09416338,0.078537,0.03898728554695845,0.08812988783059172,False
1981-10-01 20:00:00,0.0,0.09463223,0.079733774,0.03922491692751646,0.08772441266850566,False
1981-10-01 21:00:00,0.0,0.08991508,0.07565403,0.03726398281753063,0.08732050426677797,False
1981-10-01 22:00:00,0.0,0.08568949,0.0719567,0.03550508462637663,0.08695226027631198,False
1981-10-01 23:00:00,0.0,0.08506721,0.070723586,0.035208875074982646,0.0866386910197418,False
1981-10-02 00:00:00,0.0,0.08706545,0.07175114,0.036001712925732135,0.08640866596485486,False
1981-10-02 01:00:00,0.0,0.08953758,0.07378548,0.03702378395944834,0.08632254649187436,False
1981-10-02 02:00:00,0.0,0.09024469,0.073892735,0.037290497593581676,0.08639780179039573,False
1981-10-02 03:00:00,0.0,0.08697342,0.06898954,0.03581862748414278,0.0866290770745929,False
1981-10-02 04:00:00,0.0,0.08368804,0.06510409,0.034396508730947975,0.08700880465098654,False
1981-10-02 05:00:00,0.0,0.07960829,0.06129879,0.032685594253242016,0.08754947017949072,False
1981-10-02 06:00:00,0.010714843,0.07946366,0.062061172,0.03885585846658796,0.08813984853332858,False
1981-10-02 07:00:00,0.06418683,0.08640837,0.067337744,0.07255672522634267,0.08865040675558418,False
1981-10-02 08:00:00,0.14090644,0.09983396,0.076996535,0.1222995581999421,0.0889865920281344,False
1981-10-02 09:00:00,0.21290177,0.09970786,0.075668715,0.163722631663084,0.08937816040745585,False
1981-10-02 10:00:00,0.27064842,0.11544097,0.08651684,0.20343376646190883,0.08985726824883951,False
1981-10-02 11:00:00,0.2934784,0.098401174,0.072879046,0.20958253820240497,0.09062092980711368,False
1981-10-02 12:00:00,0.27892685,0.08508906,0.06278611,0.195729104295373,0.09056182966117395,False
1981-10-02 13:00:00,0.22634514,0.06605959,0.04843862,0.1575928178653121,0.09009583644599922,False
1981-10-02 14:00:00,0.181476,0.046107598,0.03361244,0.12354042561352252,0.08961138158508845,False
1981-10-02 15:00:00,0.116896644,0.03538563,0.025796123,0.08189965220540761,0.08900622771152562,False
1981-10-02 16:00:00,0.05840461,0.027378598,0.019958999,0.044879948409274215,0.08850020628461262,False
1981-10-02 17:00:00,0.013645497,0.02413259,0.01759266,0.01772838143724948,0.08836676188589343,False
1981-10-02 18:00:00,2.2992977e-05,0.023627687,0.017224586,0.009662011166006778,0.08844497257018964,False
1981-10-02 19:00:00,0.0,0.02675973,0.01950784,0.010927763985469937,0.08862611677158076,False
1981-10-02 20:00:00,0.0,0.031545773,0.022996869,0.012882221214473247,0.08882925627692985,False
1981-10-02 21:00:00,0.0,0.036287688,0.026453722,0.014818657770752907,0.08908166477675933,False
1981-10-02 22:00:00,0.0,0.040567383,0.029573623,0.016566340036690236,0.08949000086016405,False
1981-10-02 23:00:00,0.0,0.04600911,0.033540644,0.018788555771112443,0.0901407689879221,False
1981-10-03 00:00:00,0.0,0.05994048,0.043696612,0.02447765406221151,0.09088693440412554,False
1981-10-03 01:00:00,0.0,0.076607555,0.056638673,0.03132667618989944,0.09172202292676467,False
1981-10-03 02:00:00,0.0,0.09331976,0.07049402,0.038241667985916133,0.09267435634308878,False
1981-10-03 03:00:00,0.0,0.10910331,0.084326364,0.044812743991613384,0.09391346675563056,False
1981-10-03 04:00:00,0.0,0.12540743,0.10007674,0.05167948485910892,0.09547421660912607,False
1981-10-03 05:00:00,0.0,0.12977923,0.10724621,0.05367983302474022,0.09734063835568178,False
1981-10-03 06:00:00,0.0068197805,0.13227469,0.11108977,0.05874322069762275,0.09942415683982346,False
1981-10-03 07:00:00,0.06232566,0.14282674,0.12001819,0.09514595382288098,0.1016030650734901,False
1981-10-03 08:00:00,0.15677439,0.16493998,0.13623574,0.15867840567231178,0.10384902087459336,False
1981-10-03 09:00:00,0.24969408,0.19662513,0.15923895,0.22522705931961537,0.10640373186208303,False
1981-10-03 10:00:00,0.3175158,0.25410092,0.20211399,0.2878840053677559,0.11052020673019186,False
1981-10-03 11:00:00,0.33263883,0.21132948,0.17082746,0.2791378641873598,0.11505963613884519,False
1981-10-03 12:00:00,0.31479588,0.18876266,0.15290704,0.25954762730002406,0.11937321047872922,False
1981-10-03 13:00:00,0.28419784,0.16522588,0.13613896,0.23230200500786302,0.12376654212782155,False
1981-10-03 14:00:00,0.2180929,0.14395134,0.12008348,0.18544215831160543,0.12813766109508767,False
1981-10-03 15:00:00,0.1387119,0.12006277,0.10306375,0.12990536993741988,0.13227012840689464,False
1981-10-03 16:00:00,0.07000722,0.1114108,0.09673217,0.08672828699648381,0.13611768014340966,False
1981-10-03 17:00:00,0.012511118,0.105094634,0.09158883,0.05094463216420263,0.13947737954910064,False
1981-10-03 18:00:00,4.6965606e-06,0.1089668,0.09377167,0.045275128205847975,0.14250444798545983,False
1981-10-03 19:00:00,0.0,0.117548935,0.09930416,0.048737981803715226,0.1455402663100202,False
1981-10-03 20:00:00,0.0,0.12400188,0.10340426,0.051340524919331075,0.14851063120252625,False
1981-10-03 21:00:00,0.0,0.13755593,0.11307366,0.056864114820957185,0.1512798129248357,False
1981-10-03 22:00:00,0.0,0.1617177,0.13089119,0.06674195475876331,0.1537741536137572,False
1981-10-03 23:00:00,0.0,0.17207295,0.13944255,0.07102481505274773,0.15605141797642394,False
1981-10-04 00:00:00,0.0,0.18427052,0.14981744,0.07608596201241016,0.15791221580262468,False
1981-10-04 01:00:00,0.0,0.20041384,0.16264966,0.08273578794300555,0.1593537234694621,False
1981-10-04 02:00:00,0.0,0.23440214,0.19024833,0.09676779739558697,0.16045720818014056,False
1981-10-04 03:00:00,0.0,0.26778272,0.22079255,0.11073462045192718,0.16128500785985203,False
1981-10-04 04:00:00,0.0,0.29938683,0.25020394,0.12398475256562232,0.16186066787810235,False
1981-10-04 05:00:00,0.0,0.320067,0.2701808,0.13269448149204252,0.16217439037122935,False
1981-10-04 06:00:00,0.008303029,0.33468172,0.2806491,0.14344345368258654,0.162358574982073,False
1981-10-04 07:00:00,0.072102204,0.33517778,0.27924132,0.18036260367929935,0.16247140803970025,False
1981-10-04 08:00:00,0.16688846,0.3592408,0.2976146,0.2449256855994463,0.16230365699900254,False
1981-10-04 09:00:00,0.26548144,0.5021736,0.42275137,0.36131342533230776,0.16180868191083833,False
1981-10-04 10:00:00,0.334865,0.55106217,0.45865428,0.4213263780772685,0.16131793365501426,False
1981-10-04 11:00:00,0.35031766,0.5176336,0.43507433,0.4166341065168381,0.15999609340818538,False
1981-10-04 12:00:00,0.34404325,0.5021095,0.42254907,0.4066090234518051,0.15893907809131408,False
1981-10-04 13:00:00,0.29683977,0.47280395,0.40120965,0.36740652829408643,0.15768312687424882,False
1981-10-04 14:00:00,0.24429655,0.43645567,0.368289,0.32189885658025746,0.15655918129221166,False
1981-10-04 15:00:00,0.16894692,0.4082772,0.34158278,0.2665821355581283,0.15574874755163928,False
1981-10-04 16:00:00,0.08534232,0.3796801,0.3111305,0.20614551988244056,0.15537915098339258,False
1981-10-04 17:00:00,0.01562681,0.37301603,0.30311263,0.16302766638249158,0.1549605055105059,False
1981-10-04 18:00:00,2.8236989e-06,0.37624028,0.30642587,0.1553812907449044,0.15442043216163698,False
1981-10-04 19:00:00,0.0,0.37125152,0.30580494,0.15350527882575987,0.1538003437740524,False
1981-10-04 20:00:00,0.0,0.35218573,0.29345205,0.14580294388532639,0.15309705962965087,False
1981-10-04 21:00:00,0.0,0.324551,0.27384624,0.13454701083898546,0.1523115764162765,False
1981-10-04 22:00:00,0.0,0.30377668,0.25521174,0.12587502944469453,0.15139494191601696,False
1981-10-04 23:00:00,0.0,0.26039276,0.22262824,0.10810685142874718,0.15024907470287577,False
1981-10-05 00:00:00,0.0,0.22517043,0.19596541,0.09367002207040787,0.14899617783867578,False
1981-10-05 01:00:00,0.0,0.20235407,0.1782461,0.08429394230246544,0.1476459675096237,False
1981-10-05 02:00:00,0.0,0.18692082,0.1667087,0.07797605261206626,0.1461627391139307,False
1981-10-05 03:00:00,0.0,0.17341328,0.1565727,0.07244442486763,0.14438923138918178,False
1981-10-05 04:00:00,0.0,0.15950723,0.14592586,0.06673816452920436,0.14230108166535207,False
1981-10-05 05:00:00,0.0,0.14935386,0.13720591,0.06252069434523583,0.13991663319166106,False
1981-10-05 06:00:00,0.00555946,0.14584063,0.13215198,0.06415920746373012,0.13738182641696475,False
1981-10-05 07:00:00,0.0494619,0.14035794,0.1252279,0.08709390386939048,0.13472131565469994,False
1981-10-05 08:00:00,0.12126212,0.15633287,0.13452837,0.13491960144042967,0.1320745385161203,False
1981-10-05 09:00:00,0.20766984,0.1977126,0.164624,0.20167114304006098,0.12922053399209302,False
1981-10-05 10:00:00,0.24341929,0.20321493,0.16660064,0.22443567351996896,0.12512345558948873,False
1981-10-05 11:00:00,0.27243006,0.17226723,0.14152548,0.22840112897753712,0.12086627874927654,False
1981-10-05 12:00:00,0.24109505,0.145508,0.11958648,0.1992619688808918,0.1169909565585423,False
1981-10-05 13:00:00,0.22538315,0.116867796,0.09596897,0.17835261707007885,0.11326153380207156,False
1981-10-05 14:00:00,0.18681341,0.093889095,0.07601709,0.14654133876413106,0.10996949447086762,False
1981-10-05 15:00:00,0.1418405,0.07345036,0.059621908,0.11216473466157914,0.10687094576021096,False
1981-10-05 16:00:00,0.07636423,0.054684475,0.04430693,0.06663330429792405,0.10397598120120725,False
1981-10-05 17:00:00,0.012457755,0.04324937,0.03470314,0.02502111141849309,0.10129311912212581,False
1981-10-05 18:00:00,3.7457232e-07,0.03763738,0.030045863,0.015510885601789254,0.0988211516934554,False
1981-10-05 19:00:00,0.0,0.036449883,0.028339555,0.014980342872440815,0.09651930481741522,False
1981-10-05 20:00:00,0.0,0.033218823,0.025547868,0.013637330677360296,0.09438261819897537,False
1981-10-05 21:00:00,0.0,0.031438086,0.023426019,0.012865658808499575,0.09261575161746088,False
1981-10-05 22:00:00,0.0,0.028747063,0.020975227,0.011740328527987003,0.09145138268439416,False
1981-10-05 23:00:00,0.0,0.026656885,0.019432873,0.010885765571147203,0.09085229383582566,False
1981-10-06 00:00:00,0.0,0.027612157,0.020129263,0.011275866217911244,0.0910231563950548,False
1981-10-06 01:00:00,0.0,0.028260984,0.02060226,0.011540824949741364,0.09188660461629126,False
1981-10-06 02:00:00,0.0,0.028502438,0.020778276,0.011639426607638597,0.09316843318740221,False
1981-10-06 03:00:00,0.0,0.025720637,0.018750343,0.010503433708101511,0.09468838771047387,False
1981-10-06 04:00:00,0.0,0.02333991,0.017014794,0.009531225828453898,0.09634874683978352,False
1981-10-06 05:00:00,0.0,0.026994795,0.019679205,0.011023756306618452,0.0981637219049627,False
1981-10-06 06:00:00,0.007840951,0.027462395,0.020020086,0.015738937093876304,0.09999260923905616,False
1981-10-06 07:00:00,0.07101021,0.03022879,0.022036789,0.05331730102747678,0.10188129998101199,False
1981-10-06 08:00:00,0.16267943,0.034448106,0.025112668,0.1079334684461355,0.10395509407958294,False
1981-10-06 09:00:00,0.24949282,0.050680768,0.03694628,0.16465366200730203,0.10599970604426816,False
1981-10-06 10:00:00,0.3260138,0.0707011,0.051541097,0.21698188974708318,0.1084852938215276,False
1981-10-06 11:00:00,0.34997725,0.07023544,0.051201638,0.23061864136159418,0.11201072896902416,False
1981-10-06 12:00:00,0.34862357,0.064748116,0.047201376,0.22759673114120957,0.11637593095014148,False
1981-10-06 13:00:00,0.32178625,0.05808018,0.042340454,0.20938864039629698,0.12153663460795733,False
1981-10-06 14:00:00,0.2586817,0.058548383,0.042681772,0.1731685184687376,0.12643844502770307,False
1981-10-06 15:00:00,0.17757434,0.061619833,0.044920854,0.12762383672595023,0.13075919089646665,False
1981-10-06 16:00:00,0.0856844,0.06839023,0.04985647,0.07736814008653163,0.13386525273223995,False
1981-10-06 17:00:00,0.013726232,0.08900166,0.06688112,0.04437322980631143,0.13622299456062692,False
1981-10-06 18:00:00,0.0,0.10914053,0.085551575,0.04489264069497585,0.1380913639674922,False
1981-10-06 19:00:00,0.0,0.12405038,0.095735766,0.05094432114064693,0.1398969813256024,False
1981-10-06 20:00:00,0.0,0.14867768,0.11354232,0.06099334797263145,0.1417643494504935,False
1981-10-06 21:00:00,0.0,0.19088393,0.15224315,0.0786573020517826,0.14373679678691204,False
1981-10-06 22:00:00,0.0,0.23555844,0.18884633,0.09711876471340655,0.14589049543826493,False
1981-10-06 23:00:00,0.0,0.28135443,0.23126797,0.11630825427174568,0.14820172881581473,False
1981-10-07 00:00:00,0.0,0.32648134,0.27118373,0.1351155366897583,0.15043106656046237,False
1981-10-07 01:00:00,0.0,0.3517957,0.2964648,0.1458217137157917,0.15254643285963335,False
1981-10-07 02:00:00,0.0,0.3646145,0.30353934,0.15093386971950531,0.1544838117485831,False
1981-10-07 03:00:00,0.0,0.3673774,0.30702597,0.15214166307449342,0.1562769333474769,False
1981-10-07 04:00:00,0.0,0.37163582,0.30969164,0.1538569676578045,0.15799822962181295,False
1981-10-07 05:00:00,0.0,0.3633269,0.3007344,0.1503072863817215,0.15964013427334955,False
1981-10-07 06:00:00,0.0047669224,0.3677047,0.30338553,0.15481636307761074,0.16115843502247823,False
1981-10-07 07:00:00,0.049684167,0.38216013,0.31391054,0.18663602060079573,0.16263816379538468,False
1981-10-07 08:00:00,0.12731476,0.3858369,0.31901005,0.2330609757453203,0.16413713903042218,False
1981-10-07 09:00:00,0.22258666,0.46549138,0.38482466,0.32097935634851454,0.1656891725383082,False
1981-10-07 10:00:00,0.2932858,0.5408092,0.46059373,0.39365656059980386,0.16795730552550756,False
1981-10-07 11:00:00,0.35691425,0.55854225,0.4794298,0.4379308240711689,0.17011980306908217,False
1981-10-07 12:00:00,0.3813254,0.5462096,0.47036406,0.44697574445605276,0.17182574387538907,False
1981-10-07 13:00:00,0.35095063,0.50910234,0.43115258,0.4136395172178745,0.17335373480486102,False
1981-10-07 14:00:00,0.29134646,0.4486917,0.37524068,0.3539371404647827,0.1745208306921805,False
1981-10-07 15:00:00,0.20062335,0.35077402,0.29741514,0.261255702778697,0.17569441611513845,False
1981-10-07 16:00:00,0.09422344,0.3027493,0.25413877,0.17980491206049917,0.17690760817386555,False
1981-10-07 17:00:00,0.014330444,0.25686455,0.2157622,0.11470284294802696,0.17827681975741907,False
1981-10-07 18:00:00,0.0,0.2467335,0.20621957,0.10218051879107952,0.17958680044300893,False
1981-10-07 19:00:00,0.0,0.25244454,0.21225888,0.1046140128672123,0.18072687936946788,False
1981-10-07 20:00:00,0.0,0.26096228,0.22258745,0.10831480282545089,0.18162114173546473,False
1981-10-07 21:00:00,0.0,0.27956522,0.24228944,0.11624319407343864,0.18218370824307242,False
1981-10-07 22:00:00,0.0,0.2959869,0.24926607,0.12267953065037727,0.18223595972824883,False
1981-10-07 23:00:00,0.0,0.28423887,0.24092282,0.11789397731423377,0.18182404350210024,False
1981-10-08 00:00:00,0.0,0.2715651,0.23344302,0.11281344857811929,0.18080703745409887,False
1981-10-08 01:00:00,0.0,0.25130802,0.21856205,0.10453501161932946,0.17924540136661424,False
1981-10-08 02:00:00,0.0,0.23468742,0.20573345,0.09770926335453987,0.17737992805894506,False
1981-10-08 03:00:00,0.0,0.22344023,0.1977076,0.09312565487623214,0.17529621353466104,False
1981-10-08 04:00:00,0.0,0.21183544,0.18843278,0.088342649102211,0.17306116394000168,False
1981-10-08 05:00:00,0.0,0.20105106,0.17989542,0.0839021922647953,0.17072209900757337,False
1981-10-08 06:00:00,0.0064068865,0.19920476,0.17708498,0.08676591819338501,0.16845097390562336,False
1981-10-08 07:00:00,0.065394245,0.21009155,0.18540467,0.12526811230927706,0.16618067759305552,False
1981-10-08 08:00:00,0.15547675,0.22290868,0.19384614,0.18243107682466506,0.16416251661969042,False
1981-10-08 09:00:00,0.23513947,0.33293366,0.27770457,0.2735240453928709,0.16257506380570744,False
1981-10-08 10:00:00,0.28615838,0.37619048,0.3121129,0.32078177183866496,0.160714539298468,False
1981-10-08 11:00:00,0.29429603,0.34400293,0.29181316,0.3125038000643253,0.15868450928323283,False
1981-10-08 12:00:00,0.28887266,0.3233422,0.27680552,0.3009402957558632,0.1564018090112663,False
1981-10-08 13:00:00,0.2367265,0.31028095,0.26526642,0.26540924298763274,0.15403900964308845,False
1981-10-08 14:00:00,0.19812645,0.27687615,0.24100661,0.22950061877071856,0.15185133562546538,False
1981-10-08 15:00:00,0.13076621,0.26522034,0.2321971,0.1858570555448532,0.14963796470841087,False
1981-10-08 16:00:00,0.066993006,0.2508133,0.2200967,0.14309029609709975,0.14807340008267825,False
1981-10-08 17:00:00,0.009641462,0.24437349,0.21324746,0.10725230271462351,0.14693965488345365,False
1981-10-08 18:00:00,0.0,0.23965316,0.2071188,0.09961642916500568,0.14640858043238447,False
1981-10-08 19:00:00,0.0,0.2260618,0.19355756,0.09386891470849514,0.14622785315822737,False
1981-10-08 20:00:00,0.0,0.2119312,0.18136904,0.08799654033780098,0.14618444338787273,False
1981-10-08 21:00:00,0.0,0.19532527,0.16833979,0.08116537334024906,0.14633667334515527,False
1981-10-08 22:00:00,0.0,0.18616958,0.16018909,0.07734678585827351,0.1466007209585227,False
1981-10-08 23:00:00,0.0,0.1624081,0.14006251,0.06749196396768092,0.14756350352216438,False
1981-10-09 00:00:00,0.0,0.14445798,0.12688906,0.06015700449049473,0.14861621282596066,False
1981-10-09 01:00:00,0.0,0.13523051,0.11812845,0.056278994947671884,0.14981997729066684,False
1981-10-09 02:00:00,0.0,0.12263699,0.10486155,0.05091557255387306,0.15126172573465776,False
1981-10-09 03:00:00,0.0,0.10797136,0.09292314,0.04485928253084421,0.1529167673063643,False
1981-10-09 04:00:00,0.0,0.09996271,0.08695575,0.04158185090124607,0.15474780067589058,False
1981-10-09 05:00:00,0.0,0.09928305,0.08625624,0.04129328148812055,0.15676976020980551,False
1981-10-09 06:00:00,0.005810942,0.10228066,0.087919675,0.045842140074353666,0.15922221611786558,False
1981-10-09 07:00:00,0.07157653,0.11681195,0.099278264,0.08976429387927055,0.1619267751020335,False
1981-10-09 08:00:00,0.18281338,0.1238707,0.10503026,0.15686324067413807,0.1646705829024581,False
1981-10-09 09:00:00,0.2978997,0.14431846,0.12097305,0.2316741800010204,0.16709961287242228,False
1981-10-09 10:00:00,0.385067,0.17919669,0.14644244,0.2962151198685169,0.16942283117956972,False
1981-10-09 11:00:00,0.42700383,0.19846912,0.16194253,0.3283612110167742,0.17183889341478106,False
1981-10-09 12:00:00,0.42645082,0.21168354,0.17385232,0.3335613747835159,0.17492125223762844,False
1981-10-09 13:00:00,0.38315162,0.21218148,0.17143914,0.3086311643719673,0.17817909916365696,False
1981-10-09 14:00:00,0.29269433,0.19074945,0.15600297,0.24769533644616604,0.18114021853295023,False
1981-10-09 15:00:00,0.18499711,0.19205132,0.15826537,0.18615660074353216,0.1830793378318926,False
1981-10-09 16:00:00,0.075418375,0.19792509,0.16359966,0.12538514249771832,0.18408432059610438,False
1981-10-09 17:00:00,0.007868208,0.20430267,0.17191905,0.08921126929670573,0.1842595993421617,False
1981-10-09 18:00:00,0.0,0.22555226,0.19031158,0.0935056096315384,0.18413229318408939,False
1981-10-09 19:00:00,0.0,0.24743637,0.20789485,0.10253034389019013,0.18400194795130465,False
1981-10-09 20:00:00,0.0,0.2793728,0.23209766,0.11562184077501297,0.18403335379416766,False
1981-10-09 21:00:00,0.0,0.31164312,0.2577994,0.12891747951507568,0.1843305070668337,False
1981-10-09 22:00:00,0.0,0.40791476,0.34023237,0.1688930937051773,0.18495224932747603,False
1981-10-09 23:00:00,0.0,0.40674868,0.33951408,0.16842402389645575,0.18591325930579275,False
1981-10-10 00:00:00,0.0,0.4115931,0.34659788,0.17059414288401603,0.18723430786075712,False
1981-10-10 01:00:00,0.0,0.4188687,0.35511833,0.17373893693089484,0.18887506011760505,False
1981-10-10 02:00:00,0.0,0.42652175,0.3660136,0.1771512587964535,0.19069615454486286,False
1981-10-10 03:00:00,0.0,0.43531427,0.37748688,0.18101525661349294,0.19257760277650035,False
1981-10-10 04:00:00,0.0,0.44589517,0.38632205,0.18539670673012731,0.1944117296480452,False
1981-10-10 05:00:00,0.0,0.4845861,0.42236683,0.20162007585167885,0.1960982936269482,False
1981-10-10 06:00:00,0.0030650676,0.5162593,0.4503059,0.2165847494334448,0.1976934888025624,False
1981-10-10 07:00:00,0.043360315,0.5574522,0.4861504,0.2569708867296576,0.19935693857354678,False
1981-10-10 08:00:00,0.11627173,0.55803317,0.48187944,0.2990245153829455,0.20086558661068113,False
1981-10-10 09:00:00,0.1870551,0.66443074,0.591348,0.3850385241359472,0.20197895217766001,False
1981-10-10 10:00:00,0.2552348,0.6945737,0.61452925,0.436752759128809,0.2027558938608034,False
1981-10-10 11:00:00,0.299446,0.69043773,0.6093549,0.4604570235610008,0.20351258244848136,False
1981-10-10 12:00:00,0.3065658,0.672958,0.5945737,0.4573169482052326,0.20465806585070623,False
1981-10-10 13:00:00,0.26365724,0.61440706,0.53141737,0.4075429727137088,0.20627898465051883,False
1981-10-10 14:00:00,0.19152701,0.51109046,0.43472004,0.32257834511995315,0.2084963207383169,False
1981-10-10 15:00:00,0.12961422,0.3840236,0.3260021,0.2340962282270193,0.21156412313957643,False
1981-10-10 16:00:00,0.05370465,0.290474,0.24687386,0.15150367590785024,0.21496186564072603,False
1981-10-10 17:00:00,0.0051178103,0.23604481,0.20533511,0.10114160712715238,0.218104585877169,False
1981-10-10 18:00:00,0.0,0.22392656,0.19872144,0.09335985799133778,0.22087248518476596,False
1981-10-10 19:00:00,0.0,0.22857115,0.2043267,0.09537639516592025,0.22338188645774829,False
1981-10-10 20:00:00,0.0,0.24484591,0.22058807,0.10225989742577075,0.22569120384538877,False
1981-10-10 21:00:00,0.0,0.26560822,0.24073274,0.11100900185108184,0.22766512160161842,False
1981-10-10 22:00:00,0.0,0.29572877,0.2657657,0.12347526481747627,0.2291707203217815,False
1981-10-10 23:00:00,0.0,0.3144553,0.27533868,0.1309022946059704,0.23008992822626936,False
1981-10-11 00:00:00,0.0,0.33427393,0.28825983,0.1389131128191948,0.23051329065645443,False
1981-10-11 01:00:00,0.0,0.3461505,0.29559255,0.14369152745604513,0.23038557420643377,False
1981-10-11 02:00:00,0.0,0.34056583,0.28807956,0.14122508767247202,0.22978663767660368,False
1981-10-11 03:00:00,0.0,0.3206367,0.27004507,0.13289737236499785,0.2287879762423258,False
1981-10-11 04:00:00,0.0,0.29636392,0.2440488,0.12253692188858986,0.22749919122802423,False
1981-10-11 05:00:00,0.0,0.28538215,0.2325303,0.11786264991760255,0.22588326185727822,False
1981-10-11 06:00:00,0.0010950477,0.3027025,0.24738276,0.12568772908160464,0.2236782673352431,False
1981-10-11 07:00:00,0.029054336,0.35144067,0.29136002,0.1621793996617198,0.22100320282780295,False
1981-10-11 08:00:00,0.078848705,0.3984631,0.3291889,0.21030478788912293,0.21789173966506536,False
1981-10-11 09:00:00,0.14612126,0.44634697,0.36950704,0.2689673807919025,0.2151223398994969,False
1981-10-11 10:00:00,0.23015986,0.481575,0.4080139,0.3325361720770597,0.21159339638038888,False
1981-10-11 11:00:00,0.27630422,0.53910464,0.46272722,0.3833444143235683,0.2067570719413153,False
1981-10-11 12:00:00,0.29161486,0.58481264,0.5057007,0.4113654771745205,0.20119189281404679,False
1981-10-11 13:00:00,0.2633787,0.63397497,0.53994477,0.41506329658627505,0.1955392726335368,False
1981-10-11 14:00:00,0.22085829,0.6435658,0.55627495,0.394949851706624,0.1904103112150919,False
1981-10-11 15:00:00,0.15167472,0.63100517,0.5350189,0.34924824079871175,0.18671236092892204,False
1981-10-11 16:00:00,0.06822581,0.57216316,0.47668916,0.2762357138469815,0.18412706627262174,False
1981-10-11 17:00:00,0.008541227,0.5245625,0.43664062,0.22207043606135993,0.1827297845264745,False
1981-10-11 18:00:00,0.0,0.5169379,0.4297552,0.2139568707346916,0.18194465496613255,False
1981-10-11 19:00:00,0.0,0.51525646,0.43051746,0.21337757849693298,0.1812686656679826,False
1981-10-11 20:00:00,0.0,0.507434,0.42827302,0.21036989307403564,0.18055015166698565,False
1981-10-11 21:00:00,0.0,0.48480636,0.41282725,0.2011862180829048,0.17966135313677212,False
1981-10-11 22:00:00,0.0,0.513297,0.43719393,0.21301507312059403,0.1786134850581976,False
1981-10-11 23:00:00,0.0,0.45536223,0.38364366,0.18874542054533958,0.17736431214994364,False
1981-10-12 00:00:00,0.0,0.3970912,0.33216846,0.16446375328302382,0.17604925337562882,False
1981-10-12 01:00:00,0.0,0.3499763,0.29349497,0.14498998349905012,0.17462460629677945,False
1981-10-12 02:00:00,0.0,0.3118145,0.2621475,0.12921550995111467,0.17320176925080444,False
1981-10-12 03:00:00,0.0,0.28740793,0.24259348,0.11915357592701913,0.17198802021554285,False
1981-10-12 04:00:00,0.0,0.25975287,0.22191274,0.10783209693431854,0.17108774013201322,False
1981-10-12 05:00:00,0.0,0.23031005,0.19992462,0.09578033879399299,0.17054423743894873,False
1981-10-12 06:00:00,0.0037559806,0.2064184,0.18233453,0.08818165307631715,0.1702464738324153,False
1981-10-12 07:00:00,0.048390277,0.19096348,0.17099893,0.10762065491825343,0.17007752770847628,False
1981-10-12 08:00:00,0.122739844,0.22881766,0.20071706,0.16609332663565873,0.16994995624225262,False
1981-10-12 09:00:00,0.18311712,0.2650818,0.22547175,0.21564923521876336,0.17022039906908124,False
1981-10-12 10:00:00,0.20960298,0.20088431,0.17670286,0.20460918605327605,0.17100585328270046,False
1981-10-12 11:00:00,0.2000557,0.18693498,0.16513477,0.19332842545211315,0.17115541367243028,False
1981-10-12 12:00:00,0.19162232,0.18100102,0.15992084,0.18599117954075334,0.17078491372873683,False
1981-10-12 13:00:00,0.15510003,0.17273848,0.1503631,0.1613528246283531,0.16994512989754776,False
1981-10-12 14:00:00,0.13222742,0.16513148,0.14533322,0.14507673138380048,0.16875700676078897,False
1981-10-12 15:00:00,0.078331195,0.15565974,0.13641746,0.11000208472460507,0.1669343605793794,False
1981-10-12 16:00:00,0.034862947,0.15432365,0.13653341,0.08443415209278464,0.1645499657378003,False
1981-10-12 17:00:00,0.0036239005,0.14697693,0.13203536,0.06345538823073729,0.16223286099742157,False
1981-10-12 18:00:00,0.0,0.14581637,0.13159502,0.06091237168014049,0.16007278871062394,False
1981-10-12 19:00:00,0.0,0.14571258,0.13184777,0.06088772311806679,0.15788873245652016,False
1981-10-12 20:00:00,0.0,0.14266819,0.12875938,0.059597567975521085,0.15570470416444537,False
1981-10-12 21:00:00,0.0,0.14537969,0.13085607,0.06071133407950401,0.15357581466335055,False
1981-10-12 22:00:00,0.0,0.15209036,0.13691896,0.06351496522128582,0.15164686106230316,False
1981-10-12 23:00:00,0.0,0.1625546,0.14438562,0.06777947343885898,0.14942334911125896,False
1981-10-13 00:00:00,0.0,0.16922353,0.14975129,0.07053005303442478,0.14772132895599305,False
1981-10-13 01:00:00,0.0,0.18118988,0.15807933,0.07539534924924374,0.1463574856164977,False
1981-10-13 02:00:00,0.0,0.19962792,0.17226724,0.08296513397991657,0.14526537794239072,False
1981-10-13 03:00:00,0.0,0.2161556,0.1837502,0.08968392835557461,0.14438459226294606,False
1981-10-13 04:00:00,0.0,0.23286696,0.1948312,0.09644879262149333,0.143618943232961,False
1981-10-13 05:00:00,0.0,0.25041366,0.20680292,0.10356999680399895,0.14303570792722703,False
1981-10-13 06:00:00,0.00257481,0.2810972,0.229033,0.11757831513253039,0.14266167247194053,False
1981-10-13 07:00:00,0.045353815,0.31458426,0.25565237,0.15605596928298474,0.14245559072875819,False
1981-10-13 08:00:00,0.12423142,0.36712757,0.29878595,0.2232860435768962,0.14246047526645564,False
1981-10-13 09:00:00,0.21216896,0.44617623,0.3631234,0.3066691830456257,0.14323465305536767,False
1981-10-13 10:00:00,0.27476534,0.4386218,0.35785237,0.3397150707840919,0.1441084036237352,False
1981-10-13 11:00:00,0.3072117,0.45684686,0.36523658,0.36556041702628134,0.14597121150171785,False
1981-10-13 12:00:00,0.30480155,0.473917,0.37611076,0.37105585327744484,0.14819808129315357,False
1981-10-13 13:00:00,0.26946428,0.4918385,0.3900756,0.3580333860218525,0.1503831734377993,False
1981-10-13 14:00:00,0.21254365,0.4495355,0.3508621,0.30746283499896526,0.15238208766810377,False
1981-10-13 15:00:00,0.13249995,0.3852394,0.29984227,0.23479728840291497,0.1535852526960376,False
1981-10-13 16:00:00,0.059650235,0.31727692,0.25039473,0.16501468630880117,0.15416820160005643,False
1981-10-13 17:00:00,0.005768932,0.27907816,0.22367506,0.11838696629507467,0.15411623548383604,False
1981-10-13 18:00:00,0.0,0.2644228,0.21389177,0.10912217053771019,0.15380672359805178,False
1981-10-13 19:00:00,0.0,0.26275834,0.2145628,0.1085442204773426,0.15341302240978552,False
1981-10-13 20:00:00,0.0,0.26145616,0.21677543,0.10818319702148436,0.15294806920935958,False
1981-10-13 21:00:00,0.0,0.26207486,0.22020042,0.10859644523262976,0.15246277903638406,False
1981-10-13 22:00:00,0.0,0.25618568,0.21766636,0.10628649947047233,0.15191221711285038,False
1981-10-13 23:00:00,0.0,0.2579891,0.21945319,0.10704845309257507,0.15127754951467362,False
1981-10-14 00:00:00,0.0,0.23835023,0.20459332,0.0989992729872465,0.1505297483239658,False
1981-10-14 01:00:00,0.0,0.22276291,0.19202408,0.09256881514191627,0.14970261031588164,False
1981-10-14 02:00:00,0.0,0.2090489,0.18145841,0.08693779733777046,0.1487592195310965,False
1981-10-14 03:00:00,0.0,0.19816312,0.17185612,0.08240242248773574,0.14764146558859942,False
1981-10-14 04:00:00,0.0,0.19197418,0.16663575,0.07983680225908756,0.14638656380040196,False
1981-10-14 05:00:00,0.0,0.18717647,0.16219483,0.07782663694024086,0.14499100811978427,False
1981-10-14 06:00:00,0.0028024635,0.18440092,0.15979204,0.0782897294035647,0.14343597358151897,False
1981-10-14 07:00:00,0.052841287,0.1861388,0.16074954,0.10785511272773146,0.14160703960207371,False
1981-10-14 08:00:00,0.15430337,0.2758892,0.22995749,0.20325386050343514,0.13929781490916313,False
1981-10-14 09:00:00,0.23510633,0.29503334,0.24195568,0.2575892625004053,0.1361890658745038,False
1981-10-14 10:00:00,0.30504692,0.2852327,0.23631537,0.2940239641964435,0.13193403562634487,False
1981-10-14 11:00:00,0.33793706,0.25420228,0.21162692,0.3002181754410267,0.127503302704182,False
1981-10-14 12:00:00,0.3331371,0.23819947,0.19925728,0.29087560248374933,0.12287549863564395,False
1981-10-14 13:00:00,0.29269662,0.21325906,0.18004006,0.25730070768296714,0.11809874858531404,False
1981-10-14 14:00:00,0.216124,0.18835734,0.15965274,0.20282865272462366,0.11350446185961288,False
1981-10-14 15:00:00,0.13367735,0.1465,0.12580185,0.13798363211750983,0.10957882076652022,False
1981-10-14 16:00:00,0.052979395,0.12358577,0.10680591,0.0819397785142064,0.10669221520651674,False
1981-10-14 17:00:00,0.0032279487,0.11245849,0.09702053,0.04859881771309302,0.10486942377968612,False
1981-10-14 18:00:00,0.0,0.10109189,0.08725568,0.04201471464335918,0.10379980649413288,False
1981-10-14 19:00:00,0.0,0.09276401,0.080371276,0.03856996949762106,0.10291590985456228,False
1981-10-14 20:00:00,0.0,0.08725951,0.076016314,0.03630363967269659,0.10206657796526075,False
1981-10-14 21:00:00,0.0,0.08233245,0.07229053,0.034284361749887464,0.10120875904975207,False
1981-10-14 22:00:00,0.0,0.07935246,0.06981227,0.033050920508801936,0.1002858955206883,False
1981-10-14 23:00:00,0.0,0.0765971,0.067049734,0.03188501628488302,0.09922141663064928,False
1981-10-15 00:00:00,0.0,0.074124835,0.0643586,0.03082742864638567,0.09812517380607994,False
1981-10-15 01:00:00,0.0,0.07243331,0.06267965,0.030112591579556463,0.09707889851961032,False
1981-10-15 02:00:00,0.0,0.070733815,0.05948457,0.029312944740056992,0.09607523311288775,False
1981-10-15 03:00:00,0.0,0.07123583,0.058567073,0.029448642522096634,0.09511676117485136,False
1981-10-15 04:00:00,0.0,0.0713693,0.057904612,0.029462119951844216,0.0941696695716654,False
1981-10-15 05:00:00,0.0,0.07010499,0.05665924,0.028928338967263698,0.09317322417707863,False
1981-10-15 06:00:00,0.0015107078,0.07015966,0.056090586,0.02978948411915917,0.09211320924140261,False
1981-10-15 07:00:00,0.02718349,0.07172634,0.056690592,0.045213184023275975,0.09099970876147127,False
1981-10-15 08:00:00,0.07784119,0.070975244,0.0548492,0.074066089913249,0.08969967764780012,False
1981-10-15 09:00:00,0.12661278,0.07178904,0.05337036,0.10242773113399743,0.0873299366593618,False
1981-10-15 10:00:00,0.16499639,0.07788055,0.057389896,0.12703989052027465,0.08477712149678507,False
1981-10-15 11:00:00,0.18420587,0.09072824,0.06778356,0.14342582173645496,0.08234725827142685,False
1981-10-15 12:00:00,0.17450899,0.10022234,0.075891115,0.14177185086160896,0.0802704899496656,False
1981-10-15 13:00:00,0.15927202,0.11103202,0.08586771,0.13750762318819762,0.07830134453850575,False
1981-10-15 14:00:00,0.1172598,0.12511249,0.09641943,0.11903206253051757,0.07669196459069937,False
1981-10-15 15:00:00,0.06855742,0.13764942,0.10907326,0.09624022152274846,0.07559233437673588,False
1981-10-15 16:00:00,0.02509496,0.15313663,0.120990574,0.07752069782093167,0.07502162972598114,False
1981-10-15 17:00:00,0.0017754727,0.16008812,0.12867355,0.06704533658851869,0.0747016512818426,False
1981-10-15 18:00:00,0.0,0.16158283,0.13094571,0.06669513183832168,0.07449195419633714,False
1981-10-15 19:00:00,0.0,0.16418982,0.13315274,0.06777628979086876,0.07438439781460864,False
1981-10-15 20:00:00,0.0,0.16279803,0.12843361,0.06700788907706737,0.07433711069039954,False
1981-10-15 21:00:00,0.0,0.1568251,0.11908399,0.06429899583756923,0.07432219002405134,False
1981-10-15 22:00:00,0.0,0.13464381,0.10199903,0.055191512748599056,0.07434773204112378,False
1981-10-15 23:00:00,0.0,0.13314852,0.09809247,0.05442879751324654,0.0744265860538925,False
1981-10-16 00:00:00,0.0,0.11931942,0.08794805,0.04877805923670531,0.0744806621522638,False
1981-10-16 01:00:00,0.0,0.10823769,0.082466066,0.04439287561923265,0.07449028296638234,False
1981-10-16 02:00:00,0.0,0.099245265,0.079808176,0.04093114431202411,0.07446693581771059,False
1981-10-16 03:00:00,0.0,0.0894381,0.07295121,0.03694202553480864,0.07440726859457744,False
1981-10-16 04:00:00,0.0,0.077339925,0.064240575,0.03200742331892252,0.07429202227909071,False
1981-10-16 05:00:00,0.0,0.06495195,0.055160202,0.026945920027792454,0.07415202565290918,False
1981-10-16 06:00:00,0.0013022438,0.05792237,0.050314017,0.024841706366860308,0.07400997088532847,False
1981-10-16 07:00:00,0.0380137,0.0565784,0.048931185,0.045453619271516796,0.07385826829683405,False
1981-10-16 08:00:00,0.112674065,0.058947533,0.05077255,0.08950629305839537,0.07382511087024178,False
1981-10-16 09:00:00,0.18608771,0.06676055,0.05642375,0.13505413469672203,0.07412126614904556,False
1981-10-16 10:00:00,0.25691617,0.070280656,0.05956185,0.1773905293792486,0.07476847313164327,False
1981-10-16 11:00:00,0.29299453,0.076016836,0.06343038,0.20053329599648712,0.07561121196562016,False
1981-10-16 12:00:00,0.28089964,0.08296213,0.06786113,0.1963566227480769,0.07647123440446546,False
1981-10-16 13:00:00,0.25016937,0.08655445,0.06970653,0.1800504701882601,0.07731421704743892,False
1981-10-16 14:00:00,0.19332322,0.09326097,0.075659305,0.15004640245437623,0.07757108840697814,False
1981-10-16 15:00:00,0.124390885,0.09389472,0.07720586,0.1105898088812828,0.07731002384154805,False
1981-10-16 16:00:00,0.049311463,0.09209778,0.07674107,0.06658081319555641,0.07664388630764539,False
1981-10-16 17:00:00,0.0032130813,0.08871548,0.07302589,0.03853335760883056,0.07557009489202077,False
1981-10-16 18:00:00,0.0,0.08923984,0.072639,0.03685200832039118,0.07429406359290006,False
1981-10-16 19:00:00,0.0,0.08785046,0.071914226,0.03630018753558397,0.07303537297142902,False
1981-10-16 20:00:00,0.0,0.08608469,0.0707814,0.03558744768798351,0.07178743561961455,False
1981-10-16 21:00:00,0.0,0.085847735,0.07097341,0.035510378569364544,0.07055986101435265,False
1981-10-16 22:00:00,0.0,0.08891256,0.07457737,0.03683591312170029,0.06940785473502474,False
1981-10-16 23:00:00,0.0,0.083097756,0.07069624,0.03448066900670528,0.06846929399749498,False
1981-10-17 00:00:00,0.0,0.0753997,0.06419888,0.031289227724075316,0.06763633368756855,False
1981-10-17 01:00:00,0.0,0.06990789,0.059183657,0.028991928443312644,0.06700054387828568,False
1981-10-17 02:00:00,0.0,0.06366452,0.054753903,0.026448918029665945,0.0664839515011874,False
1981-10-17 03:00:00,0.0,0.057532288,0.04976676,0.023916819378733634,0.0660759372116183,False
1981-10-17 04:00:00,0.0,0.054771233,0.046883274,0.022742281895130872,0.06579136743174167,False
1981-10-17 05:00:00,0.0,0.053181987,0.04602883,0.02210971012338996,0.06566070818282896,False
1981-10-17 06:00:00,0.0012944066,0.052255325,0.04590134,0.022507759871426967,0.06569721593229332,False
1981-10-17 07:00:00,0.0390638,0.05066221,0.044212222,0.04362162754684687,0.06584435483618338,False
1981-10-17 08:00:00,0.11767184,0.049075123,0.04215132,0.08828154329583049,0.06598107820915222,False
1981-10-17 09:00:00,0.19968286,0.044044785,0.03748388,0.13349366629868745,0.06591772031282549,False
1981-10-17 10:00:00,0.26352993,0.03728063,0.03107471,0.1674913545511663,0.06555521356449316,False
1981-10-17 11:00:00,0.2965222,0.03306078,0.026188165,0.18470689880102875,0.06494591662407086,False
1981-10-17 12:00:00,0.298021,0.025146168,0.018480951,0.1822350177243352,0.0641189150564513,False
1981-10-17 13:00:00,0.245756,0.019679004,0.014345994,0.14983744844608007,0.06325729347869297,False
1981-10-17 14:00:00,0.1738129,0.015209205,0.011087511,0.10650096338987348,0.062405309243390106,False
1981-10-17 15:00:00,0.10406897,0.010328536,0.0075295037,0.06426561989542096,0.06164025891676087,False
1981-10-17 16:00:00,0.03883969,0.008737771,0.0063698348,0.025978709870949385,0.06104169014246677,False
1981-10-17 17:00:00,0.0022878875,0.010960078,0.007989896,0.005795834230724722,0.060734647675679765,False
1981-10-17 18:00:00,0.0,0.01537342,0.011207223,0.006277982007712126,0.060595833035142745,False
1981-10-17 19:00:00,0.0,0.019284898,0.014058692,0.007875296903774143,0.06040523332632485,False
1981-10-17 20:00:00,0.0,0.019796722,0.01443181,0.00808430802449584,0.06017080416805449,False
1981-10-17 21:00:00,0.0,0.022045651,0.016071279,0.009002694429829716,0.05991280736746604,True
1981-10-17 22:00:00,0.0,0.02483213,0.018102622,0.010140597347170113,0.059623657548756925,True
1981-10-17 23:00:00,0.0,0.035307206,0.026265621,0.014446702636778355,0.05920748277306895,True
1981-10-18 00:00:00,0.0,0.044332802,0.03521008,0.018260148391127586,0.058802900793919,True
1981-10-18 01:00:00,0.0,0.04757646,0.03779125,0.019596441518515348,0.058418209504060105,True
1981-10-18 02:00:00,0.0,0.05176913,0.041549064,0.02134645841270685,0.05805485747517425,True
1981-10-18 03:00:00,0.0,0.056449935,0.045419447,0.023282676100730895,0.05774591459923297,True
1981-10-18 04:00:00,0.0,0.062367458,0.050410878,0.025735779371112585,0.057475493009159,True
1981-10-18 05:00:00,0.0,0.06954844,0.05620216,0.02869829200208187,0.05720268791455649,True
1981-10-18 06:00:00,0.0012589952,0.07561211,0.06068637,0.03190437375358306,0.056996773090170365,True
1981-10-18 07:00:00,0.031131225,0.08250337,0.06684964,0.05201634117402136,0.056905573273306066,True
1981-10-18 08:00:00,0.086879276,0.08805214,0.07119505,0.08646511403471231,0.056732368109161324,True
1981-10-18 09:00:00,0.1401819,0.089288376,0.070767485,0.1176538107767701,0.05624831368009278,True
1981-10-18 10:00:00,0.18258479,0.1035017,0.08519859,0.14814427623897788,0.0555159323398213,True
1981-10-18 11:00:00,0.2035676,0.10521468,0.08434264,0.16083722075074908,0.05473114318466154,True
1981-10-18 12:00:00,0.19656532,0.101037905,0.07958543,0.1549987870156765,0.054076339621286516,True
1981-10-18 13:00:00,0.17333198,0.09523488,0.074092716,0.139155226893723,0.053556673383995564,True
1981-10-18 14:00:00,0.13277595,0.089389674,0.06902732,0.1133239867761731,0.05367103516597175,True
1981-10-18 15:00:00,0.078910254,0.08856252,0.067550406,0.08185850771516562,0.0541831372972379,True
1981-10-18 16:00:00,0.030633908,0.08333722,0.06325142,0.051842774789780374,0.055052149674171734,True
1981-10-18 17:00:00,0.0015250854,0.075703755,0.056585092,0.03187025486305356,0.0562431631488488,True
1981-10-18 18:00:00,0.0,0.06774433,0.05010305,0.027703222297132016,0.05770133838831729,True
1981-10-18 19:00:00,0.0,0.06125412,0.04527439,0.025047587938606737,0.05926437853468864,True
1981-10-18 20:00:00,0.0,0.056750838,0.04189893,0.023203601259738204,0.0608848697146755,False
1981-10-18 21:00:00,0.0,0.052893784,0.039136685,0.02163118727132678,0.06256348502094675,False
1981-10-18 22:00:00,0.0,0.041193247,0.030726219,0.01685952388867736,0.0642587279517325,False
1981-10-18 23:00:00,0.0,0.03683298,0.027210446,0.015060734007507563,0.06591671264643133,False
1981-10-19 00:00:00,0.0,0.031403314,0.022893015,0.012824045810848474,0.0674779127757652,False
1981-10-19 01:00:00,0.0,0.028285976,0.020620476,0.011551031056791543,0.06892072278220489,False
1981-10-19 02:00:00,0.0,0.028454034,0.020742992,0.011619659984484314,0.07020764742541409,False
1981-10-19 03:00:00,0.0,0.026781326,0.019523587,0.01093658305518329,0.07140903434512488,False
1981-10-19 04:00:00,0.0,0.023624977,0.017222608,0.009647637354210018,0.07249107183312349,False
1981-10-19 05:00:00,0.0,0.029856322,0.022385474,0.012225798552855847,0.07349197479017362,False
1981-10-19 06:00:00,0.0005351198,0.043331746,0.033925746,0.01813016866194084,0.07446502096630915,False
1981-10-19 07:00:00,0.0182043,0.060082212,0.048769675,0.03530777966789901,0.07551668887959678,False
1981-10-19 08:00:00,0.06007512,0.07325428,0.062088106,0.06504693070054053,0.07661572974762919,False
1981-10-19 09:00:00,0.10113548,0.09643713,0.08146096,0.09833936196565626,0.07773816145566333,False
1981-10-19 10:00:00,0.14323904,0.11359021,0.09736599,0.1298214751034975,0.07905924347366867,False
1981-10-19 11:00:00,0.17039646,0.13233532,0.11344141,0.15327632775902747,0.08040425706730264,False
1981-10-19 12:00:00,0.16617383,0.14801036,0.12579474,0.15729103833436966,0.08210781081981065,False
1981-10-19 13:00:00,0.15282296,0.16173944,0.1382614,0.155326813980937,0.08417169521684799,False
1981-10-19 14:00:00,0.1090373,0.16395128,0.14202446,0.13108186569064856,0.08656055974057918,False
1981-10-19 15:00:00,0.06639404,0.16238172,0.14351848,0.10597821398824453,0.08926914368319366,False
1981-10-19 16:00:00,0.0225957,0.16817442,0.14913478,0.08314735665544867,0.09215894995744071,False
1981-10-19 17:00:00,0.00093280035,0.18063109,0.15920646,0.07578824572521262,0.09499654411968661,False
1981-10-19 18:00:00,0.0,0.19527805,0.17122795,0.08130390903353692,0.0977688092237688,False
1981-10-19 19:00:00,0.0,0.20589642,0.17931655,0.08565887354314328,0.10030058347409361,False
1981-10-19 20:00:00,0.0,0.2135399,0.1826226,0.08865784272551536,0.10255804852977164,False
1981-10-19 21:00:00,0.0,0.21803355,0.18370323,0.09037435510754585,0.10447273212716685,False
1981-10-19 22:00:00,0.0,0.21673857,0.18050614,0.08972386269271374,0.10601745091959604,False
1981-10-19 23:00:00,0.0,0.21605629,0.17888035,0.08938430884480476,0.10721327446772487,False
1981-10-20 00:00:00,0.0,0.21225117,0.17026567,0.0875150287002325,0.10810637284651169,False
1981-10-20 01:00:00,0.0,0.19761309,0.15647396,0.08136882439255715,0.10871640853815483,False
1981-10-20 02:00:00,0.0,0.1919654,0.1514407,0.07901303055882453,0.10922790791721786,False
1981-10-20 03:00:00,0.0,0.18278262,0.1439572,0.07522047552466393,0.10964967888068644,False
1981-10-20 04:00:00,0.0,0.17945057,0.14003445,0.0737791213095188,0.11008112186541552,False
1981-10-20 05:00:00,0.0,0.18354623,0.14214721,0.07540450845658779,0.11051644840590892,False
1981-10-20 06:00:00,0.0006558761,0.1996938,0.15405521,0.08238443359138908,0.11086785739589254,False
1981-10-20 07:00:00,0.018074267,0.22965644,0.17774488,0.1047703028395772,0.11111999897153806,False
1981-10-20 08:00:00,0.053292856,0.26645863,0.20867822,0.14034183602035044,0.1113295124043112,False
1981-10-20 09:00:00,0.0920304,0.31101057,0.24446866,0.18106574764102695,0.11172130475972691,False
1981-10-20 10:00:00,0.12164057,0.34566662,0.27717292,0.21270492873340846,0.11217734803961192,False
1981-10-20 11:00:00,0.14319634,0.38771603,0.31326476,0.2426078008711338,0.11253747151779854,False
1981-10-20 12:00:00,0.14350612,0.41429788,0.3404868,0.2540652380734682,0.11269203407398337,False
1981-10-20 13:00:00,0.12422495,0.4397774,0.36787155,0.25382072403281924,0.11271464515775664,False
1981-10-20 14:00:00,0.09371545,0.45720387,0.38062915,0.2433360160216689,0.11246214186217236,False
1981-10-20 15:00:00,0.05296274,0.46001583,0.37525678,0.2205692088790238,0.1122096196459939,False
1981-10-20 16:00:00,0.016621849,0.43181854,0.35398972,0.18804729457758368,0.1117087573279028,False
1981-10-20 17:00:00,0.00042730058,0.39833483,0.3279051,0.1649389798589982,0.1109268672780932,False
1981-10-20 18:00:00,0.0,0.360499,0.30007884,0.14922838631272317,0.10990194705979402,False
1981-10-20 19:00:00,0.0,0.32205617,0.26976264,0.13340591061115264,0.10875856319222103,False
1981-10-20 20:00:00,0.0,0.27756184,0.2349647,0.11510841393470764,0.1075391123002718,False
1981-10-20 21:00:00,0.0,0.23142207,0.19227679,0.09577768930792808,0.10625474117243167,False
1981-10-20 22:00:00,0.0,0.1794556,0.14888778,0.07425905419886111,0.10493526849489164,False
1981-10-20 23:00:00,0.0,0.14005886,0.11569883,0.05792945618927479,0.10359288227780226,False
1981-10-21 00:00:00,0.0,0.10143812,0.08657579,0.04210575900971889,0.10226794327994314,False
1981-10-21 01:00:00,0.0,0.086887196,0.07484493,0.03610300125181675,0.10097694827419211,False
1981-10-21 02:00:00,0.0,0.07662063,0.0665121,0.031864666230976585,0.09982119096013221,False
1981-10-21 03:00:00,0.0,0.07611333,0.06592645,0.031645846322178844,0.09875326322567153,False
1981-10-21 04:00:00,0.0,0.07358502,0.062785916,0.030543311297893522,0.09779431188188929,False
1981-10-21 05:00:00,0.0,0.070207305,0.059017304,0.029093430072069167,0.09687654331641708,False
1981-10-21 06:00:00,0.00043830724,0.072496116,0.059796188,0.030232964292925317,0.09592105167720903,False
1981-10-21 07:00:00,0.022011828,0.0791895,0.06375322,0.045364424441009764,0.0948209902720742,False
1981-10-21 08:00:00,0.080456235,0.09090736,0.07194262,0.08385296376049518,0.09354440222309425,False
1981-10-21 09:00:00,0.14050323,0.095162414,0.0748916,0.12022943940013646,0.09230958420567359,False
1981-10-21 10:00:00,0.1855905,0.09715131,0.07727495,0.1471074020564556,0.09122660969882107,False
1981-10-21 11:00:00,0.20982596,0.09632824,0.075567186,0.16069533045589926,0.0899000862728322,False
1981-10-21 12:00:00,0.20597756,0.09569605,0.0780644,0.15837637035548688,0.08797190908693232,False
1981-10-21 13:00:00,0.18406262,0.089367114,0.0745567,0.143206655792892,0.08534769252906388,False
1981-10-21 14:00:00,0.14870822,0.08003531,0.06709492,0.11896079931408166,0.08230194200390474,False
1981-10-21 15:00:00,0.092299774,0.06917743,0.058395974,0.081936822719872,0.07883473268800716,False
1981-10-21 16:00:00,0.032811843,0.06454266,0.05311037,0.045616634264588354,0.07528388561907369,False
1981-10-21 17:00:00,0.0012540105,0.06279139,0.04997199,0.02659207524685189,0.07181715103647661,False
1981-10-21 18:00:00,0.0,0.06398583,0.05205021,0.026421483390033244,0.06849694391623955,False
1981-10-21 19:00:00,0.0,0.065474525,0.054909833,0.027125230729579924,0.0654485907635116,False
1981-10-21 20:00:00,0.0,0.06489027,0.056731813,0.027008028589189055,0.06271386843356769,False
1981-10-21 21:00:00,0.0,0.06473184,0.05840035,0.02703966658562422,0.06036082404655637,False
1981-10-21 22:00:00,0.0,0.060608987,0.05415941,0.025289324272423985,0.0584168269666424,True
1981-10-21 23:00:00,0.0,0.0617115,0.055846166,0.02578723694756627,0.05694729405870195,True
1981-10-22 00:00:00,0.0,0.061199132,0.054903492,0.02554726842418313,0.055824563307063646,True
1981-10-22 01:00:00,0.0,0.06216708,0.05468188,0.02589247331768274,0.05503262584174982,True
1981-10-22 02:00:00,0.0,0.06657962,0.058974452,0.027752499304711818,0.054383921629998354,True
1981-10-22 03:00:00,0.0,0.06992026,0.06278215,0.02919081102311611,0.05383936353623167,True
1981-10-22 04:00:00,0.0,0.07116295,0.06420561,0.029726230166852476,0.053371427910418705,True
1981-10-22 05:00:00,0.0,0.070755444,0.06355835,0.02954090977460146,0.05298103642104426,True
1981-10-22 06:00:00,0.00031466957,0.070514336,0.06259503,0.02958148614491802,0.052617003565437616,True
1981-10-22 07:00:00,0.02428404,0.07098334,0.060913548,0.043494076488539576,0.052215157222689636,True
1981-10-22 08:00:00,0.09133651,0.06861677,0.056478076,0.08107057118415832,0.051771551609221735,True
1981-10-22 09:00:00,0.16196315,0.086627506,0.06786452,0.12908297131210567,0.05130480948807289,True
1981-10-22 10:00:00,0.20233306,0.078872114,0.058922533,0.1490318042859435,0.05090662532880674,True
1981-10-22 11:00:00,0.22228739,0.0533724,0.038908474,0.15005529594793912,0.05065989902389318,True
1981-10-22 12:00:00,0.19660757,0.035899837,0.02617098,0.12810284329578278,0.05028282614377099,True
1981-10-22 13:00:00,0.16803907,0.02611911,0.019040832,0.10762469882518053,0.05007759851654608,True
1981-10-22 14:00:00,0.121722,0.016349,0.011918422,0.07690996885858475,0.04982488803459568,True
1981-10-22 15:00:00,0.075262,0.016412664,0.011964832,0.05012854957021772,0.04944012226496905,True
1981-10-22 16:00:00,0.025688803,0.016704611,0.012177662,0.02164403461292386,0.04904743448996843,True
1981-10-22 17:00:00,0.0009995318,0.012225083,0.008912085,0.0055690380876185375,0.048576406534245116,True
1981-10-22 18:00:00,0.0,0.0071196794,0.0051902463,0.0029074349817819894,0.04810140672866744,True
1981-10-22 19:00:00,0.0,0.005238533,0.0038188905,0.0021392387738451363,0.047607601272430265,True
1981-10-22 20:00:00,0.0,0.005294964,0.0038600292,0.0021622833581641313,0.0470875033057751,True
1981-10-22 21:00:00,0.0,0.006038283,0.0044019083,0.0024658294720575212,0.04656248836890933,True
1981-10-22 22:00:00,0.0,0.009113086,0.0066434396,0.00372147461771965,0.046040121185761174,True
1981-10-22 23:00:00,0.0,0.009889119,0.0072091683,0.004038380110636354,0.04558760500873229,True
1981-10-23 00:00:00,0.0,0.010022285,0.0073062475,0.004092760674655437,0.045121259837521,True
1981-10-23 01:00:00,0.0,0.012158698,0.008863692,0.004965199087746441,0.04466138877288228,True
1981-10-23 02:00:00,0.0,0.014021436,0.0102216285,0.005725877730175852,0.04420360037334519,True
1981-10-23 03:00:00,0.0,0.022491923,0.016396608,0.009184936283156276,0.04372090897958749,True
1981-10-23 04:00:00,0.0,0.028846046,0.021487571,0.01180451980791986,0.04323444023296958,True
1981-10-23 05:00:00,0.0,0.028383391,0.021229291,0.011619853002950549,0.04275176789634185,True
1981-10-23 06:00:00,0.000279575,0.026327047,0.019784158,0.010944339841022156,0.042288151995737794,True
1981-10-23 07:00:00,0.023534466,0.025601706,0.019350722,0.024071354994550345,0.0418314638211146,True
1981-10-23 08:00:00,0.08917956,0.02441999,0.01818073,0.06144934194535017,0.041377174709961065,True
1981-10-23 09:00:00,0.15823686,0.024022596,0.017585054,0.10111659975536168,0.04094372667872682,True
1981-10-23 10:00:00,0.21697232,0.024633296,0.018181924,0.13526453942060468,0.04037423030092871,True
1981-10-23 11:00:00,0.23471613,0.017544614,0.012790023,0.1425958322100341,0.04028905250069865,True
1981-10-23 12:00:00,0.2481225,0.013122451,0.009566267,0.1485254442486912,0.0403953593490477,True
1981-10-23 13:00:00,0.21978211,0.010437384,0.0076088533,0.13107655265927315,0.041058020643422934,True
1981-10-23 14:00:00,0.16704954,0.010050926,0.0073271254,0.1004920423720032,0.04171924159761078,True
1981-10-23 15:00:00,0.10150895,0.011061508,0.008063839,0.06308780951984226,0.04227346936042756,True
1981-10-23 16:00:00,0.032319944,0.010673475,0.007780964,0.02300729238986969,0.042700750936985575,True
1981-10-23 17:00:00,0.00066835224,0.008341648,0.006081062,0.003792084579123184,0.04287991161104937,True
1981-10-23 18:00:00,0.0,0.0066578058,0.00485354,0.002718821490649134,0.04308994701005931,True
1981-10-23 19:00:00,0.0,0.0052906666,0.0038568955,0.002160528330132365,0.043426706316695256,True
1981-10-23 20:00:00,0.0,0.004425715,0.0032263466,0.001807311619631946,0.04386090635297651,True
1981-10-23 21:00:00,0.0,0.004814411,0.003509706,0.0019660417945124207,0.0443534297212499,True
1981-10-23 22:00:00,0.0,0.008738602,0.0063704406,0.0035685477750375867,0.04487474033887329,True
1981-10-23 23:00:00,0.0,0.0083324,0.0060743196,0.0034026687294244767,0.045429669029999696,True
1981-10-24 00:00:00,0.0,0.008505746,0.0062006875,0.00347345732152462,0.04596208179426676,True
1981-10-24 01:00:00,0.0,0.0095958775,0.0069953953,0.003918630139902234,0.04647833597903436,True
1981-10-24 02:00:00,0.0,0.011223541,0.008181961,0.004583312404341996,0.046991861670441636,True
1981-10-24 03:00:00,0.0,0.014301659,0.01042591,0.005840311185456812,0.04750942621803906,True
1981-10-24 04:00:00,0.0,0.01605902,0.0117070265,0.006557958008721471,0.0479987214016036,True
1981-10-24 05:00:00,0.0,0.017835949,0.01307188,0.0072873465456068515,0.04848705437900563,True
1981-10-24 06:00:00,0.0002787394,0.018356841,0.013443459,0.007660453763004625,0.049055598745751834,True
1981-10-24 07:00:00,0.023009602,0.020574113,0.015181685,0.02168819915316999,0.04971063875962491,True
1981-10-24 08:00:00,0.086791545,0.024922777,0.01833036,0.06026506568491458,0.050508646797821626,True
1981-10-24 09:00:00,0.15486404,0.03034188,0.022119232,0.10174714517779648,0.0514738842192709,True
1981-10-24 10:00:00,0.2272058,0.033904694,0.024716524,0.14494326987490055,0.052574857162240037,True
1981-10-24 11:00:00,0.24306811,0.03650579,0.026612721,0.15515802466869352,0.0539506332882895,True
1981-10-24 12:00:00,0.25118193,0.03667938,0.02673927,0.15991058542579412,0.05561209270172419,True
1981-10-24 13:00:00,0.21533413,0.037014615,0.026983656,0.13936330462619662,0.056789720239240137,True
1981-10-24 14:00:00,0.15642014,0.03246715,0.023668552,0.1035129014737904,0.057528071525163406,True
1981-10-24 15:00:00,0.10179106,0.029115662,0.021498954,0.0706380652450025,0.05803403434258863,True
1981-10-24 16:00:00,0.03105642,0.029974561,0.023399612,0.030243746967986224,0.058450510125652035,True
1981-10-24 17:00:00,0.00056641095,0.037125055,0.030088387,0.015650737240095622,0.05891373826986932,True
1981-10-24 18:00:00,0.0,0.046034258,0.038615566,0.01907188170030713,0.0594720646333983,True
1981-10-24 19:00:00,0.0,0.055257063,0.047981188,0.022980840515345335,0.06004980186912439,False
1981-10-24 20:00:00,0.0,0.06190042,0.054854643,0.025803405035287143,0.06060302671665999,False
1981-10-24 21:00:00,0.0,0.065751776,0.05974692,0.027488739117980002,0.061073581837913705,False
1981-10-24 22:00:00,0.0,0.072689876,0.06547199,0.030358051791787147,0.06146079612000471,False
1981-10-24 23:00:00,0.0,0.07082068,0.06409928,0.029594192795455457,0.06175105274999373,False
1981-10-25 00:00:00,0.0,0.06907179,0.062693894,0.028872961543500424,0.06198607582477711,False
1981-10-25 01:00:00,0.0,0.0708309,0.06440429,0.029614432275295255,0.062172207634498815,False
1981-10-25 02:00:00,0.0,0.07313736,0.0663202,0.030568976014852523,0.06231804505719196,False
1981-10-25 03:00:00,0.0,0.078235246,0.07041295,0.03267110509425401,0.062400643935786544,False
1981-10-25 04:00:00,0.0,0.08457011,0.074780226,0.03524450272321701,0.062430211403592006,False
1981-10-25 05:00:00,0.0,0.09350215,0.08162388,0.0389099826067686,0.06244874102792095,False
1981-10-25 06:00:00,0.00026986492,0.10147675,0.08862273,0.042386260506929826,0.0624584771836628,False
1981-10-25 07:00:00,0.026758352,0.11294227,0.09741618,0.062375740827992555,0.062442471930254435,False
1981-10-25 08:00:00,0.09878956,0.122335285,0.104397096,0.10778073817491529,0.06241857799453213,False
1981-10-25 09:00:00,0.17201221,0.13197163,0.1113838,0.15396330101788044,0.06248593239668775,False
1981-10-25 10:00:00,0.2341694,0.16001068,0.13226134,0.2013017934709787,0.062716497848433,False
1981-10-25 11:00:00,0.26226494,0.17187703,0.14067394,0.2223458840548992,0.06282249176133753,False
1981-10-25 12:00:00,0.2458213,0.15292309,0.12563068,0.20505156604945657,0.06303981693907969,False
1981-10-25 13:00:00,0.19915114,0.124697916,0.10358655,0.1665174143835902,0.06300569360901309,False
1981-10-25 14:00:00,0.14411743,0.10056271,0.08360855,0.12477825760841368,0.06283144496360113,False
1981-10-25 15:00:00,0.08118466,0.08755673,0.072716005,0.08307864710688591,0.06258034026291161,False
1981-10-25 16:00:00,0.022904463,0.07752229,0.06334522,0.04524224331229925,0.06219118377481139,False
1981-10-25 17:00:00,0.00041312442,0.0734909,0.059911743,0.030591750028514067,0.061931060529432126,False
1981-10-25 18:00:00,0.0,0.07398382,0.058336664,0.03045020880550146,0.06172231781955989,False
1981-10-25 19:00:00,0.0,0.06998558,0.053530384,0.028715321011841297,0.061450863250025495,False
1981-10-25 20:00:00,0.0,0.059481714,0.045281574,0.024393957439810036,0.061168068252230944,False
1981-10-25 21:00:00,0.0,0.050163783,0.037812803,0.020552327334880827,0.06089822122241086,False
1981-10-25 22:00:00,0.0,0.042829003,0.031425256,0.017500866014510393,0.06065779797658971,False
1981-10-25 23:00:00,0.0,0.035957392,0.026212936,0.014683776319026948,0.06036343071163348,False
1981-10-26 00:00:00,0.0,0.03038398,0.022149919,0.01240778418816626,0.060046742547496174,False
1981-10-26 01:00:00,0.0,0.026737845,0.019491885,0.01091882642917335,0.059733251168585334,True
1981-10-26 02:00:00,0.0,0.020932347,0.015259679,0.008548058576881885,0.05939535196773424,True
1981-10-26 03:00:00,0.0,0.017777067,0.012959482,0.007259549640119076,0.05904640616309545,True
1981-10-26 04:00:00,0.0,0.018237023,0.013294789,0.007447379976511002,0.05864280759352907,True
1981-10-26 05:00:00,0.0,0.018989539,0.013843374,0.007754682021215558,0.05820370075358725,True
1981-10-26 06:00:00,0.0002352602,0.0165451,0.01206138,0.006892201599403051,0.057747897961602505,True
1981-10-26 07:00:00,0.02489468,0.015126282,0.0110270595,0.02054129023849964,0.05726831429836065,True
1981-10-26 08:00:00,0.09846186,0.01637155,0.01193486,0.06349807698838411,0.05656445269461446,True
1981-10-26 09:00:00,0.17789543,0.024900764,0.01815266,0.11281428686156868,0.05550474622446147,True
1981-10-26 10:00:00,0.24350733,0.023330176,0.0170077,0.1500309776943177,0.05413582764709713,True
1981-10-26 11:00:00,0.2745242,0.017604705,0.01283383,0.16558963320031758,0.052386297154901895,True
1981-10-26 12:00:00,0.26548755,0.012455367,0.009079963,0.15827266558259726,0.05064038644641983,True
1981-10-26 13:00:00,0.21941553,0.010766343,0.007848664,0.13099936964642256,0.04938336778684554,True
1981-10-26 14:00:00,0.15138455,0.01006693,0.007338792,0.0914598758406937,0.04854493349685989,True
1981-10-26 15:00:00,0.08277696,0.010275698,0.0074909832,0.05195855381619185,0.04802221424447097,True
1981-10-26 16:00:00,0.02095415,0.013877958,0.010117032,0.017757831189781425,0.047633023226053485,True
1981-10-26 17:00:00,0.00024537367,0.013442614,0.009799666,0.005631087166228098,0.04745103067412076,True
1981-10-26 18:00:00,0.0,0.014795704,0.010786068,0.006042062362655997,0.04735632462947289,True
1981-10-26 19:00:00,0.0,0.023023311,0.01687183,0.00940668062120676,0.04728339915916915,True
1981-10-26 20:00:00,0.0,0.03144488,0.023103453,0.012850747603923083,0.047219377091700536,True
1981-10-26 21:00:00,0.0,0.03891888,0.0293955,0.015948423318564893,0.04721765964183616,True
1981-10-26 22:00:00,0.0,0.039427128,0.031107647,0.016228423073887825,0.04729466961076143,True
1981-10-26 23:00:00,0.0,0.03506509,0.02692858,0.014393160916864873,0.04747185669102366,True
1981-10-27 00:00:00,0.0,0.03382957,0.024856742,0.013825375355780125,0.047648138642391515,True
1981-10-27 01:00:00,0.0,0.03280212,0.023912748,0.013395270634442567,0.04781653477527328,True
1981-10-27 02:00:00,0.0,0.033841155,0.024670204,0.013819577392190694,0.04804142358255233,True
1981-10-27 03:00:00,0.0,0.03247165,0.024376577,0.013298373755067587,0.048348716317756425,True
1981-10-27 04:00:00,0.0,0.03441153,0.027213324,0.014167374406009913,0.04871916287959213,True
1981-10-27 05:00:00,0.0,0.041130442,0.034339175,0.01703144859150052,0.049121644774997926,True
1981-10-27 06:00:00,0.00010041419,0.04637968,0.04063339,0.0193662446713206,0.049588580084230144,True
1981-10-27 07:00:00,0.0151671525,0.047617033,0.04200466,0.02859038384817541,0.05018953609397045,True
1981-10-27 08:00:00,0.06395505,0.048079364,0.042064376,0.05691482760757207,0.050792552134529996,True
1981-10-27 09:00:00,0.11570354,0.051706016,0.044717554,0.08825520930439233,0.051324586913691524,True
1981-10-27 10:00:00,0.15938921,0.06076736,0.054325894,0.11732432984560728,0.05187895602795326,True
1981-10-27 11:00:00,0.19383483,0.063934825,0.057546753,0.13854217004776,0.05272773156816016,True
1981-10-27 12:00:00,0.20535323,0.06284201,0.0562436,0.14471467038989067,0.053535460518016796,True
1981-10-27 13:00:00,0.17284112,0.063641354,0.05665897,0.12627256846427917,0.054522599886912236,True
1981-10-27 14:00:00,0.1251999,0.06575759,0.058941517,0.09968773349374532,0.055941784551584016,True
1981-10-27 15:00:00,0.06613682,0.0627283,0.057218313,0.06439747822284698,0.057697568297525405,True
1981-10-27 16:00:00,0.01933571,0.060629085,0.05514378,0.0365066008195281,0.05927285537054173,True
1981-10-27 17:00:00,0.00024070592,0.061996844,0.056113653,0.02604585988541657,0.06040013467284106,False
1981-10-27 18:00:00,0.0,0.06454479,0.058014054,0.026949786230921743,0.06140168890379218,False
1981-10-27 19:00:00,0.0,0.0617093,0.053176485,0.025642261773347854,0.062401818030619415,False
1981-10-27 20:00:00,0.0,0.058774248,0.048589304,0.024311519846320153,0.06339348094315582,False
1981-10-27 21:00:00,0.0,0.058962427,0.04614204,0.024248805843293666,0.06440530293980927,False
1981-10-27 22:00:00,0.0,0.0634502,0.048013356,0.02600584586709738,0.06546868084870593,False
1981-10-27 23:00:00,0.0,0.05666685,0.04139337,0.02314530998468399,0.06658126431085483,False
1981-10-28 00:00:00,0.0,0.050177533,0.036579423,0.02049079856649041,0.06780012587538303,False
1981-10-28 01:00:00,0.0,0.05317164,0.038762122,0.02171348917856812,0.06912221586365568,False
1981-10-28 02:00:00,0.0,0.05705203,0.041590933,0.023298109866678716,0.0706089298870539,False
1981-10-28 03:00:00,0.0,0.061319955,0.044702247,0.025040984608232973,0.07228557672292309,False
1981-10-28 04:00:00,0.0,0.065545395,0.047782596,0.02676651095598936,0.07411023553005734,False
1981-10-28 05:00:00,0.0,0.07387387,0.053854052,0.03016757686436176,0.07606693964485393,False
1981-10-28 06:00:00,5.820277e-05,0.08740865,0.063902155,0.035738090066937726,0.07812738385667407,False
1981-10-28 07:00:00,0.009339413,0.10793466,0.07906165,0.049486060185357936,0.08028034321354237,False
1981-10-28 08:00:00,0.049001,0.14863823,0.109530754,0.08903574638813734,0.08252404443317869,False
1981-10-28 09:00:00,0.10784456,0.18857032,0.14102304,0.13942400434613225,0.08489388423214822,False
1981-10-28 10:00:00,0.16194333,0.237309,0.18081264,0.19077220362424852,0.08723006777779356,False
1981-10-28 11:00:00,0.18948092,0.23146613,0.17813209,0.20436062279343603,0.08959845428405176,False
1981-10-28 12:00:00,0.20452224,0.21310815,0.16683549,0.20565535528957843,0.09244236440416892,False
1981-10-28 13:00:00,0.19724828,0.20700823,0.16522111,0.19912023355066777,0.0953694851701505,False
1981-10-28 14:00:00,0.16324365,0.19740944,0.16114494,0.1757374956458807,0.09793806298872303,False
1981-10-28 15:00:00,0.09936096,0.1696189,0.14169787,0.12757233332097528,0.09995785618204471,False
1981-10-28 16:00:00,0.026653988,0.1362528,0.11501113,0.07186723770014941,0.10187450816284092,False
1981-10-28 17:00:00,0.00018809292,0.12923677,0.109422065,0.0537056902518816,0.10354048714115133,False
1981-10-28 18:00:00,0.0,0.13042098,0.10968366,0.05404826045036316,0.105073469189588,False
1981-10-28 19:00:00,0.0,0.13752185,0.115943305,0.05700650042295456,0.10640700964688886,False
1981-10-28 20:00:00,0.0,0.14785469,0.12703378,0.0614182034432888,0.10763972721401233,False
1981-10-28 21:00:00,0.0,0.16106087,0.13998337,0.06699056294560432,0.10872955533455687,False
1981-10-28 22:00:00,0.0,0.16738398,0.14569888,0.06963242925703525,0.10971506190126391,False
1981-10-28 23:00:00,0.0,0.17527948,0.15222938,0.07289851601421833,0.11058025761939215,False
1981-10-29 00:00:00,0.0,0.18596853,0.1604316,0.0772856947928667,0.111430163317021,False
1981-10-29 01:00:00,0.0,0.2041079,0.17484686,0.08475754375755787,0.11229357060593183,False
1981-10-29 02:00:00,0.0,0.22746281,0.19194162,0.09429862551391124,0.11309234685277197,False
1981-10-29 03:00:00,0.0,0.24374484,0.20259541,0.10088199649751185,0.1139004124269225,False
1981-10-29 04:00:00,0.0,0.26153818,0.21447378,0.10808917191624642,0.11472028174636517,False
1981-10-29 05:00:00,0.0,0.28053713,0.22989945,0.11593277075886725,0.11557226375735928,False
1981-10-29 06:00:00,8.373131e-05,0.29665786,0.24431908,0.12270829380099894,0.11645725203923513,False
1981-10-29 07:00:00,0.016767586,0.30627877,0.25178298,0.13628804239071907,0.11726651293596439,False
1981-10-29 08:00:00,0.064659305,0.3226085,0.2651145,0.1706671379581094,0.11795384294085935,False
1981-10-29 09:00:00,0.11401267,0.32546815,0.26868442,0.200392019495368,0.11839647472910071,False
1981-10-29 10:00:00,0.15243097,0.3459766,0.28497875,0.23100688214600087,0.11847178158641591,False
1981-10-29 11:00:00,0.18627594,0.40581036,0.33008546,0.27504985581338404,0.11790462923558538,False
1981-10-29 12:00:00,0.18177824,0.43679628,0.35467774,0.2852164671570062,0.11742467662269358,False
1981-10-29 13:00:00,0.16135049,0.37972152,0.3027376,0.2495643037557602,0.11713225646142646,False
1981-10-29 14:00:00,0.11928174,0.30989465,0.24927995,0.19663780677318574,0.11686908992484941,False
1981-10-29 15:00:00,0.06799447,0.28399268,0.22908643,0.15639677330106497,0.11662603737984582,False
1981-10-29 16:00:00,0.016440842,0.2594601,0.20826763,0.11647359177842737,0.11635878952449297,False
1981-10-29 17:00:00,7.681614e-05,0.24165456,0.1928545,0.09962899821037717,0.1163337554802058,False
1981-10-29 18:00:00,0.0,0.22062686,0.17682253,0.09095972818136215,0.11638505295329225,False
1981-10-29 19:00:00,0.0,0.20539124,0.16709882,0.08481270499527455,0.11638049372323285,False
1981-10-29 20:00:00,0.0,0.1853201,0.15259546,0.07662326963245869,0.11631277073119263,False
1981-10-29 21:00:00,0.0,0.17290454,0.14354347,0.07155312104523182,0.11616410818733702,False
1981-10-29 22:00:00,0.0,0.16259246,0.13960415,0.06753524033725261,0.11593647313155662,False
1981-10-29 23:00:00,0.0,0.15365162,0.13413581,0.06394078347086907,0.11571751626246106,False
1981-10-30 00:00:00,0.0,0.14844713,0.13254368,0.06193434843420982,0.1154293289747132,False
1981-10-30 01:00:00,0.0,0.14422326,0.12659939,0.060054749026894574,0.11507019413207155,False
1981-10-30 02:00:00,0.0,0.14945535,0.12844874,0.062085257425904275,0.11467321116049271,False
1981-10-30 03:00:00,0.0,0.1553781,0.1307443,0.06439471194148064,0.11426295978706758,False
1981-10-30 04:00:00,0.0,0.16349767,0.13575938,0.06766164748370647,0.11403821465783248,False
1981-10-30 05:00:00,0.0,0.1757717,0.14420848,0.0726470143944025,0.11403310883827934,False
1981-10-30 06:00:00,4.2470736e-05,0.18061301,0.14651679,0.07458261310994202,0.11427543836497199,False
1981-10-30 07:00:00,0.012164121,0.18309134,0.14626847,0.08247790042031557,0.11478705041362071,False
1981-10-30 08:00:00,0.050999634,0.19621642,0.15650786,0.11028207222372292,0.1155043152253134,False
1981-10-30 09:00:00,0.096624896,0.21148929,0.17123371,0.14303873349726198,0.11611471018267235,False
1981-10-30 10:00:00,0.14094107,0.19852787,0.16609462,0.1635488907843828,0.11682374469953649,False
1981-10-30 11:00:00,0.16199614,0.21171226,0.18017225,0.18132289737462995,0.11757908528253806,False
1981-10-30 12:00:00,0.17654285,0.21609558,0.1854573,0.1916191875487566,0.1182942992480074,False
1981-10-30 13:00:00,0.16836607,0.21502247,0.185143,0.18648823979496953,0.11951168953381226,False
1981-10-30 14:00:00,0.13111262,0.21276893,0.18346773,0.16407097348570823,0.1217825686109165,False
1981-10-30 15:00:00,0.07188599,0.17581432,0.15538405,0.11474443626403809,0.12480522782994181,False
1981-10-30 16:00:00,0.016682412,0.1461086,0.13195887,0.07066560357436538,0.12772086434673888,False
1981-10-30 17:00:00,5.1921485e-05,0.13421075,0.12248599,0.05616796896003143,0.13062314857461316,False
1981-10-30 18:00:00,0.0,0.12863187,0.117856584,0.05382941740751267,0.1333554997827528,False
1981-10-30 19:00:00,0.0,0.12846473,0.11763541,0.05375579680502415,0.13589095187668185,False
1981-10-30 20:00:00,0.0,0.1296497,0.11929005,0.05428240133821964,0.1381656458714647,False
1981-10-30 21:00:00,0.0,0.13394861,0.12290821,0.056064080268144606,0.14022476152439098,False
1981-10-30 22:00:00,0.0,0.1414464,0.12831073,0.05912249954044819,0.14204563586242924,False
1981-10-30 23:00:00,0.0,0.14178127,0.12496736,0.05906552620232105,0.14330487530228178,False
1981-10-31 00:00:00,0.0,0.14469013,0.12326974,0.06004722234606743,0.1443983647219507,False
1981-10-31 01:00:00,0.0,0.15905435,0.12983897,0.06570236112177372,0.14528900598284283,False
1981-10-31 02:00:00,0.0,0.18073164,0.14660342,0.0746065595895052,0.14604899755508136,False
1981-10-31 03:00:00,0.0,0.2186628,0.17421588,0.0900942302942276,0.1466349280897198,False
1981-10-31 04:00:00,0.0,0.26208517,0.2061975,0.10784409257769584,0.14703451192953118,False
1981-10-31 05:00:00,0.0,0.3101358,0.2430458,0.12756458804011345,0.14721357887719252,False
1981-10-31 06:00:00,1.7057446e-05,0.35797876,0.2807716,0.14726567213613814,0.14718294147883038,False
1981-10-31 07:00:00,0.005138296,0.40747917,0.32207674,0.1707167533519678,0.14704293015496137,False
1981-10-31 08:00:00,0.022569941,0.45374632,0.361312,0.19996609591133893,0.14687563181260785,False
1981-10-31 09:00:00,0.045491952,0.5044888,0.40778598,0.23442567630484698,0.1467802309162188,False
1981-10-31 10:00:00,0.07862209,0.53648436,0.44325104,0.2672632301300764,0.14675544401285112,False
1981-10-31 11:00:00,0.100949146,0.60697275,0.5029541,0.30938012615591287,0.14718247507042745,False
1981-10-31 12:00:00,0.12754147,0.65038985,0.5567763,0.3436512008756399,0.14743544869617434,False
1981-10-31 13:00:00,0.13138066,0.67987716,0.5904664,0.3585664994567632,0.1471984310208714,False
1981-10-31 14:00:00,0.106778406,0.67248863,0.59196305,0.34172544928640125,0.14656499696192826,False
1981-10-31 15:00:00,0.05993379,0.62866145,0.55165654,0.2963473261073231,0.1456486810626977,False
1981-10-31 16:00:00,0.015261055,0.5934387,0.518495,0.255783234716393,0.14503689280994111,False
1981-10-31 17:00:00,4.8118134e-05,0.55474347,0.4824769,0.2307818562010798,0.1447167610298659,False
1981-10-31 18:00:00,0.0,0.51208556,0.4389233,0.21266142868995666,0.14458694309404585,False
1981-10-31 19:00:00,0.0,0.46772906,0.39640728,0.19399801674485206,0.1445359712349111,False
1981-10-31 20:00:00,0.0,0.4230019,0.35876158,0.17546082097291946,0.1445557430408755,False
1981-10-31 21:00:00,0.0,0.3830369,0.32619387,0.15895508927106858,0.14463594522269907,False
1981-10-31 22:00:00,0.0,0.307896,0.26602063,0.12797873345017433,0.14478533981124403,False
1981-10-31 23:00:00,0.0,0.2802689,0.24090831,0.11642827561497687,0.14481239413599015,False
1981-11-01 00:00:00,0.0,0.2519309,0.21708573,0.10468512895703315,0.14499009295309426,False
1981-11-01 01:00:00,0.0,0.23218995,0.2010417,0.0965343444943428,0.1454645456507662,False
1981-11-01 02:00:00,0.0,0.2168608,0.18867199,0.09020992308855057,0.1461676515037054,False
1981-11-01 03:00:00,0.0,0.20073046,0.17602217,0.08357473625242709,0.14707979426010043,False
1981-11-01 04:00:00,0.0,0.18305048,0.16131912,0.0762568609714508,0.1480391056932369,False
1981-11-01 05:00:00,0.0,0.17080219,0.15093353,0.07117641927301883,0.1489951431773463,False
1981-11-01 06:00:00,1.4464254e-05,0.16275014,0.14442448,0.0678620695642303,0.14986789633369538,False
1981-11-01 07:00:00,0.012559466,0.16120921,0.1428624,0.07444757998734712,0.150718258414915,False
1981-11-01 08:00:00,0.06475805,0.16390505,0.1454902,0.10570282919704913,0.1515016982382055,False
1981-11-01 09:00:00,0.11761864,0.17779653,0.15511271,0.14184896213561296,0.15236843252548019,False
1981-11-01 10:00:00,0.156336,0.22575772,0.19510953,0.18404638154804706,0.15331722296403102,False
1981-11-01 11:00:00,0.16475485,0.23715547,0.20169841,0.19346563141047954,0.15409065325062724,False
1981-11-01 12:00:00,0.14844707,0.22825241,0.19191189,0.18024233913421628,0.1544436975998618,False
1981-11-01 13:00:00,0.11880963,0.21121429,0.17763285,0.15608340496569872,0.15409361240160344,False
1981-11-01 14:00:00,0.08644445,0.16988441,0.13929653,0.12008781032264232,0.1530360824653693,False
1981-11-01 15:00:00,0.045047563,0.14378542,0.117209956,0.0853786001317203,0.15148614598563565,False
1981-11-01 16:00:00,0.0090978425,0.12119857,0.09865833,0.05529927813075483,0.1497443811904453,False
1981-11-01 17:00:00,3.0253916e-05,0.121200725,0.09622563,0.049936708040670054,0.1478762118457165,False
1981-11-01 18:00:00,0.0,0.12469433,0.099454805,0.051382768169045454,0.14616329108873513,False
1981-11-01 19:00:00,0.0,0.13271065,0.106196545,0.054704843491315845,0.14454760045694318,False
1981-11-01 20:00:00,0.0,0.14104229,0.11273149,0.05813210606575012,0.1430856302468678,False
1981-11-01 21:00:00,0.0,0.15307751,0.12498923,0.06323502051830292,0.14163499226929752,False
1981-11-01 22:00:00,0.0,0.14597872,0.121388145,0.06042110712826252,0.14015248684628065,False
1981-11-01 23:00:00,0.0,0.16338567,0.13529177,0.0675950694233179,0.13882529223008214,False
1981-11-02 00:00:00,0.0,0.20033686,0.1647528,0.08282095183432102,0.13758410886531827,False
1981-11-02 01:00:00,0.0,0.24043071,0.19875017,0.09945144206285476,0.13639104390280452,False
1981-11-02 02:00:00,0.0,0.28604582,0.23775008,0.1183894118964672,0.1351691317725567,False
1981-11-02 03:00:00,0.0,0.32874244,0.27472624,0.13614117908477782,0.13391767660198864,False
1981-11-02 04:00:00,0.0,0.37082538,0.3129505,0.15373389181494712,0.13270337655298545,False
1981-11-02 05:00:00,0.0,0.40882093,0.3444781,0.16945673954486845,0.1315493321891049,False
1981-11-02 06:00:00,8.32703e-06,0.4535655,0.3835662,0.18808305203468081,0.1304314512761416,False
1981-11-02 07:00:00,0.0073311296,0.4915672,0.42043534,0.20832186486991122,0.12934658547440184,False
1981-11-02 08:00:00,0.04090027,0.52392966,0.45629337,0.2415693417005241,0.1282310976722296,False
1981-11-02 09:00:00,0.08358004,0.5569897,0.48542082,0.2799676173552871,0.12698458001368548,False
1981-11-02 10:00:00,0.1285222,0.5539578,0.4781507,0.3043878838866949,0.12547999241422111,False
1981-11-02 11:00:00,0.15855367,0.5646717,0.4903135,0.3263262549191713,0.123432250161983,False
1981-11-02 12:00:00,0.17843355,0.5380433,0.46949938,0.3268471113592386,0.12150181833082058,False
1981-11-02 13:00:00,0.16478924,0.5116041,0.443329,0.30780506251752376,0.11989696721454951,False
1981-11-02 14:00:00,0.12889077,0.46413946,0.40168637,0.26732849825918675,0.11859161369418904,False
1981-11-02 15:00:00,0.069152445,0.41586718,0.35901234,0.21274261593818664,0.11755911308536486,False
1981-11-02 16:00:00,0.013994885,0.38030183,0.32786447,0.16611110616941005,0.11661555447407868,False
1981-11-02 17:00:00,2.6681073e-05,0.3575549,0.30756485,0.14856165986597442,0.1157473339851886,False
1981-11-02 18:00:00,0.0,0.32546195,0.27801514,0.1351082783639431,0.11492051541230369,False
1981-11-02 19:00:00,0.0,0.2986333,0.25236586,0.1238234466612339,0.11417056958803634,False
1981-11-02 20:00:00,0.0,0.25604233,0.21019588,0.1058301980495453,0.11345380759758601,False
1981-11-02 21:00:00,0.0,0.21257664,0.17322311,0.08779482896625995,0.1127342394018332,False
1981-11-02 22:00:00,0.0,0.15580371,0.12558931,0.06427339187264443,0.11197155993066454,False
1981-11-02 23:00:00,0.0,0.1378873,0.1105752,0.05685147410631179,0.11131217798644404,False
1981-11-03 00:00:00,0.0,0.11495331,0.09259703,0.047418010756373405,0.11055703897176038,False
1981-11-03 01:00:00,0.0,0.09163896,0.07532937,0.03788256224244833,0.1095636421773369,False
1981-11-03 02:00:00,0.0,0.07280246,0.060666047,0.030140074901282787,0.10831347573136636,False
1981-11-03 03:00:00,0.0,0.060929045,0.051954005,0.025288333900272846,0.1067486102279062,False
1981-11-03 04:00:00,0.0,0.05015063,0.043650914,0.020862731505185368,0.10488637112367623,False
1981-11-03 05:00:00,0.0,0.042344645,0.035054844,0.017518135450780393,0.10273274211127037,False
1981-11-03 06:00:00,2.4491267e-06,0.038370006,0.030158626,0.015788511080721265,0.10030889658078278,False
1981-11-03 07:00:00,0.009267553,0.0378911,0.029166134,0.02090416548307985,0.09757452910736795,False
1981-11-03 08:00:00,0.048689354,0.043460798,0.03220722,0.04586998158693314,0.09461427308602423,False
1981-11-03 09:00:00,0.086355746,0.0484257,0.035785343,0.06962875736132264,0.09159088876322387,False
1981-11-03 10:00:00,0.12170206,0.038013354,0.027884021,0.0857547534406185,0.0885315007035668,False
1981-11-03 11:00:00,0.15148802,0.03280468,0.023914607,0.10080490351468324,0.08567705232206586,False
1981-11-03 12:00:00,0.15608013,0.032204572,0.023477135,0.10320948555320501,0.0827874471212164,False
1981-11-03 13:00:00,0.14175217,0.028492663,0.02077115,0.0934264359883964,0.07994658650573198,False
1981-11-03 14:00:00,0.10616696,0.022698868,0.016547473,0.07052778109908103,0.0772124077204973,False
1981-11-03 15:00:00,0.057413492,0.017044028,0.012425098,0.04008778678998351,0.07465260498465205,False
1981-11-03 16:00:00,0.011928629,0.016509395,0.012035349,0.013624694664031265,0.07238061996509487,False
1981-11-03 17:00:00,1.9016747e-05,0.025071735,0.018277293,0.010249416542194013,0.07036518088280855,False
1981-11-03 18:00:00,0.0,0.037570257,0.028184146,0.015385368604212999,0.06855220706508681,False
1981-11-03 19:00:00,0.0,0.049170382,0.039933275,0.020300267949700357,0.0670047476257123,False
1981-11-03 20:00:00,0.0,0.05672905,0.04925581,0.023592832669615746,0.06568823570599035,False
1981-11-03 21:00:00,0.0,0.0639432,0.056136392,0.0266264059022069,0.06474805134282634,False
1981-11-03 22:00:00,0.0,0.069056906,0.06090325,0.028770773805677892,0.06419466205247863,False
1981-11-03 23:00:00,0.0,0.075261414,0.066239536,0.03134839671850204,0.06421984082021936,False
1981-11-04 00:00:00,0.0,0.08431947,0.0745189,0.0351379057019949,0.0644122717457749,False
1981-11-04 01:00:00,0.0,0.09477356,0.08281498,0.03944345265626907,0.06484858076860382,False
1981-11-04 02:00:00,0.0,0.103890285,0.09148801,0.0432758677303791,0.06552115893810241,False
1981-11-04 03:00:00,0.0,0.11233749,0.09816977,0.0467537020817399,0.0663931613706909,False
1981-11-04 04:00:00,0.0,0.12101826,0.10562891,0.05035969921946525,0.06739725972506402,False
1981-11-04 05:00:00,0.0,0.12750064,0.11230405,0.05311215408146381,0.06851970827024614,False
1981-11-04 06:00:00,2.6508192e-06,0.13630886,0.12099839,0.05683341331076963,0.0697304389947485,False
1981-11-04 07:00:00,0.010841477,0.14362235,0.12921102,0.0662295758454129,0.07103404766671484,False
1981-11-04 08:00:00,0.05966807,0.14844975,0.13408259,0.09644689420610666,0.07245840157059223,False
1981-11-04 09:00:00,0.12311694,0.14862083,0.13402648,0.13311699049174786,0.07420200746718997,False
1981-11-04 10:00:00,0.17239918,0.16314016,0.14261696,0.1673743615746498,0.07673215665034842,False
1981-11-04 11:00:00,0.20098618,0.17206234,0.15120701,0.1876252052783966,0.07912577946657828,False
1981-11-04 12:00:00,0.20415638,0.17444547,0.15402207,0.19048580181598662,0.08209009905317691,False
1981-11-04 13:00:00,0.18056367,0.17349458,0.15481004,0.17656448082625864,0.08534192602354924,False
1981-11-04 14:00:00,0.13218637,0.16320717,0.1474627,0.14445796693861482,0.08852190142523698,False
1981-11-04 15:00:00,0.06971799,0.1516597,0.13884495,0.10368733499944209,0.09136121857627187,False
1981-11-04 16:00:00,0.013868625,0.14650658,0.13531308,0.06937003021966666,0.0939133975830539,False
1981-11-04 17:00:00,8.989735e-06,0.14690198,0.13568331,0.06153891661533089,0.09624365415116663,False
1981-11-04 18:00:00,0.0,0.1453367,0.13335152,0.06083022527396679,0.09841996072124697,False
1981-11-04 19:00:00,0.0,0.14488176,0.13276865,0.06063087451457977,0.10043981862914754,False
1981-11-04 20:00:00,0.0,0.14512224,0.13243037,0.06070134861767292,0.10227067001917406,False
1981-11-04 21:00:00,0.0,0.14641558,0.13342214,0.061232143029570585,0.1038921018495132,False
1981-11-04 22:00:00,0.0,0.15672085,0.14170334,0.0654819727241993,0.10539495919140994,False
1981-11-04 23:00:00,0.0,0.15812503,0.14333376,0.0660881585329771,0.10678364476663067,False
1981-11-05 00:00:00,0.0,0.1635042,0.14866287,0.06836084385216236,0.10815325647600933,False
1981-11-05 01:00:00,0.0,0.16765709,0.1537194,0.07016631437838078,0.1094492116385047,False
1981-11-05 02:00:00,0.0,0.17207028,0.15744923,0.0719961916655302,0.1106660293388088,False
1981-11-05 03:00:00,0.0,0.17561322,0.16081065,0.07348505491018295,0.1117875050307159,False
1981-11-05 04:00:00,0.0,0.17869967,0.1629645,0.0747402616739273,0.11280962602476596,False
1981-11-05 05:00:00,0.0,0.1808721,0.16465567,0.07563321022689343,0.11369680324065506,False
1981-11-05 06:00:00,7.2033134e-07,0.18748495,0.16998824,0.07836172733510528,0.11446084952502518,False
1981-11-05 07:00:00,0.008110326,0.20261961,0.18197885,0.08927315286919474,0.1150567594244624,False
1981-11-05 08:00:00,0.05722459,0.23178306,0.20400974,0.12956306462362407,0.11547625018127862,False
1981-11-05 09:00:00,0.11739837,0.2969549,0.25482783,0.19107591815292835,0.1160356715635022,False
1981-11-05 10:00:00,0.15830553,0.26310593,0.22630134,0.2006486486196518,0.1169801471636877,False
1981-11-05 11:00:00,0.19305772,0.31741256,0.26986498,0.2430922436714172,0.1184093586495082,False
1981-11-05 12:00:00,0.2022223,0.34360236,0.29306743,0.2592971801310777,0.11976405011644568,False
1981-11-05 13:00:00,0.17967312,0.34335285,0.29067892,0.24606525526940823,0.12093887202378965,False
1981-11-05 14:00:00,0.13081086,0.31656933,0.26894552,0.20681500434875488,0.12183928272406863,False
1981-11-05 15:00:00,0.06694134,0.2987529,0.25421116,0.1625923791155219,0.12249606421154596,False
1981-11-05 16:00:00,0.012073617,0.2854587,0.24400495,0.12547700993344188,0.12292675411545344,False
1981-11-05 17:00:00,4.3219884e-06,0.2763818,0.23564366,0.11471213190605022,0.12311094517979985,False
1981-11-05 18:00:00,0.0,0.27066734,0.2307833,0.11233854818344116,0.12323177084757336,False
1981-11-05 19:00:00,0.0,0.2606768,0.22206287,0.10818113467097282,0.12330416906403698,False
1981-11-05 20:00:00,0.0,0.24460664,0.20669831,0.10142156052589416,0.12334246130811372,False
1981-11-05 21:00:00,0.0,0.23823409,0.20102185,0.09876355831325055,0.12332404770294525,False
1981-11-05 22:00:00,0.0,0.23006332,0.19507994,0.09542768141627311,0.12324510997312464,False
1981-11-05 23:00:00,0.0,0.2336254,0.20151828,0.09708975876867772,0.12306524039397336,False
1981-11-06 00:00:00,0.0,0.23405726,0.20327081,0.09734375350177288,0.12278551837580598,False
1981-11-06 01:00:00,0.0,0.23535617,0.2037829,0.09785070227086544,0.12237260072456992,False
1981-11-06 02:00:00,0.0,0.23368521,0.2014233,0.09710670094192027,0.12190016142011008,False
1981-11-06 03:00:00,0.0,0.23052078,0.19913593,0.09581550979614258,0.12136184081632963,False
1981-11-06 04:00:00,0.0,0.22352457,0.1937711,0.09294420558214188,0.12077427633723564,False
1981-11-06 05:00:00,0.0,0.21600556,0.18667264,0.08978637573122979,0.12013507497741228,False
1981-11-06 06:00:00,2.3050605e-07,0.20550242,0.1778993,0.08543708848375633,0.11948000143479875,False
1981-11-06 07:00:00,0.008340602,0.19611986,0.17008105,0.08636513217259198,0.11878833830683654,False
1981-11-06 08:00:00,0.067543946,0.2029189,0.17498498,0.12329912055283784,0.11799624805807374,False
1981-11-06 09:00:00,0.14928424,0.22247472,0.18928958,0.17845181930065154,0.11719630343446746,False
1981-11-06 10:00:00,0.21973492,0.26360026,0.22075865,0.23597651289403437,0.11611514100117226,False
1981-11-06 11:00:00,0.25985238,0.2480681,0.20700826,0.2526503956913948,0.11575201986616716,False
1981-11-06 12:00:00,0.25467005,0.24131633,0.20160936,0.2468772533684969,0.11488825858333075,False
1981-11-06 13:00:00,0.2141603,0.2322138,0.19494101,0.21978419443964958,0.11359649139839773,False
1981-11-06 14:00:00,0.15380682,0.21016799,0.17935102,0.1759834783375263,0.11221925477787469,False
1981-11-06 15:00:00,0.07935597,0.1888194,0.16477221,0.12436045038700103,0.11085096836426843,False
1981-11-06 16:00:00,0.013682319,0.16845305,0.15106161,0.07821120130829512,0.10932999022765943,False
1981-11-06 17:00:00,2.9389519e-06,0.16116421,0.14569,0.06733854866845991,0.10768392201302655,False
1981-11-06 18:00:00,0.0,0.15396127,0.13877094,0.0643053396642208,0.10609139947517687,False
1981-11-06 19:00:00,0.0,0.14972204,0.13373092,0.06246890223026276,0.10457880983984941,False
1981-11-06 20:00:00,0.0,0.14357124,0.12666124,0.05981749556958675,0.10315006032091477,False
1981-11-06 21:00:00,0.0,0.13803318,0.120534964,0.057443131998181345,0.101849807959226,False
1981-11-06 22:00:00,0.0,0.13671316,0.11853845,0.0568482329249382,0.1005754857595908,False
1981-11-06 23:00:00,0.0,0.12669842,0.10944046,0.052661501660943036,0.09937644136109301,False
1981-11-07 00:00:00,0.0,0.116763294,0.10102113,0.04854079659283161,0.09813352634402835,False
1981-11-07 01:00:00,0.0,0.11455742,0.09662109,0.04748922776430846,0.09686944064562121,False
1981-11-07 02:00:00,0.0,0.11147572,0.093004845,0.04615680268406868,0.09558945779752831,False
1981-11-07 03:00:00,0.0,0.10943838,0.09072587,0.04528195991367102,0.09435970818548377,False
1981-11-07 04:00:00,0.0,0.10636531,0.08907033,0.04405859640240669,0.09311510433646764,False
1981-11-07 05:00:00,0.0,0.106607,0.08984626,0.044189680181443695,0.09191070274094965,False
1981-11-07 06:00:00,2.8813256e-08,0.1088921,0.09223512,0.04516189719291846,0.09075250983302395,False
1981-11-07 07:00:00,0.009666097,0.1101783,0.09295723,0.05125282092858106,0.08968875774972601,False
1981-11-07 08:00:00,0.07603169,0.11425114,0.09512531,0.09116572269052267,0.08869888590249615,False
1981-11-07 09:00:00,0.15552285,0.119676836,0.09782746,0.13918012135475874,0.08765257575320773,False
1981-11-07 10:00:00,0.23342238,0.11749061,0.09592746,0.18321883413940668,0.08641992582028184,False
1981-11-07 11:00:00,0.27129465,0.10928506,0.08830558,0.20163170209527015,0.08474076894566489,False
1981-11-07 12:00:00,0.27238816,0.097412765,0.077390306,0.19729235525429245,0.08303336253813229,False
1981-11-07 13:00:00,0.24862427,0.08865118,0.07017428,0.1799578974843025,0.08117783510021936,False
1981-11-07 14:00:00,0.17942473,0.09107258,0.07413709,0.14113725649565456,0.07942706940125745,False
1981-11-07 15:00:00,0.09138665,0.088939264,0.07475446,0.08958542855829,0.07799289653873763,False
1981-11-07 16:00:00,0.015648479,0.09022843,0.07670875,0.04646573563106358,0.07690157675250815,False
1981-11-07 17:00:00,1.4406628e-06,0.09218959,0.078745574,0.03827105008926583,0.07609504301691344,False
1981-11-07 18:00:00,0.0,0.09568985,0.081938736,0.03973424568772316,0.07541101129622947,False
1981-11-07 19:00:00,0.0,0.09542269,0.08129971,0.039601157762110234,0.0748475747261178,False
1981-11-07 20:00:00,0.0,0.09409333,0.07942608,0.03900944716483355,0.07434144002422508,False
1981-11-07 21:00:00,0.0,0.0907207,0.07629917,0.037596092730760575,0.07388410352626633,False
1981-11-07 22:00:00,0.0,0.09135372,0.07711161,0.03787355028837919,0.07346297495150755,False
1981-11-07 23:00:00,0.0,0.090347044,0.07577368,0.037429837949573996,0.07310551943154822,False
1981-11-08 00:00:00,0.0,0.0885962,0.07362299,0.03666763997823,0.07276647993493641,False
1981-11-08 01:00:00,0.0,0.088016346,0.07284248,0.03641152556240559,0.07243657634397786,False
1981-11-08 02:00:00,0.0,0.092006795,0.07644837,0.03807871956378222,0.07209406413547512,False
1981-11-08 03:00:00,0.0,0.087105796,0.07282382,0.03607452504336834,0.0717755415946227,False
1981-11-08 04:00:00,0.0,0.084818974,0.07101347,0.03513292899727821,0.07147411489384066,False
1981-11-08 05:00:00,0.0,0.08255231,0.06909843,0.03419311615079641,0.07121413631727737,False
1981-11-08 06:00:00,0.0,0.08302808,0.069252364,0.03437698848545551,0.0709548671067674,False
1981-11-08 07:00:00,0.008426264,0.082194686,0.067768335,0.03885128350555896,0.07065137640991949,False
1981-11-08 08:00:00,0.06778643,0.08227583,0.06673482,0.07307623338699341,0.07026043943239843,False
1981-11-08 09:00:00,0.14398168,0.0879941,0.06921057,0.11928462252020836,0.06958616233502361,False
1981-11-08 10:00:00,0.19643536,0.102169976,0.080241814,0.15537698291242122,0.0686463862340292,False
1981-11-08 11:00:00,0.22936052,0.093273014,0.07289121,0.17069488812983033,0.06735529876967737,False
1981-11-08 12:00:00,0.21226895,0.08583963,0.06773944,0.15781193634867666,0.06601380262432466,False
1981-11-08 13:00:00,0.17612326,0.08286108,0.06571445,0.1357474408894777,0.06461352844111157,False
1981-11-08 14:00:00,0.1280909,0.0805939,0.06473298,0.10714318093657493,0.0632524661727731,False
1981-11-08 15:00:00,0.06732808,0.08002708,0.06664454,0.07197710064798593,0.062110326865239394,False
1981-11-08 16:00:00,0.011150096,0.07976849,0.06721121,0.03949758199974895,0.06123311985367289,False
1981-11-08 17:00:00,4.6101212e-07,0.083229735,0.07024051,0.03450502607562902,0.06054055436902137,False
1981-11-08 18:00:00,0.0,0.08990798,0.07563591,0.03726038429886103,0.059845958912154044,True
1981-11-08 19:00:00,0.0,0.09219335,0.07694612,0.03817443653941154,0.059090484169069986,True
1981-11-08 20:00:00,0.0,0.09146126,0.07622477,0.037865343667566775,0.05831733422422813,True
1981-11-08 21:00:00,0.0,0.089926824,0.07492523,0.037228960409760474,0.05753881786724933,True
1981-11-08 22:00:00,0.0,0.09571375,0.08096286,0.039690367966890336,0.05678551507862548,True
1981-11-08 23:00:00,0.0,0.08786041,0.073465064,0.036387605823576454,0.056056275775938136,True
1981-11-09 00:00:00,0.0,0.07896469,0.06606397,0.03270542422682047,0.05536284563456693,True
1981-11-09 01:00:00,0.0,0.07499704,0.06249509,0.031048641756176946,0.05472906765108027,True
1981-11-09 02:00:00,0.0,0.07453548,0.062298667,0.03086772072315216,0.054150726566897074,True
1981-11-09 03:00:00,0.0,0.07443894,0.0619539,0.030813478276133538,0.05361204415128131,True
1981-11-09 04:00:00,0.0,0.076375544,0.062908314,0.031579624727368354,0.05317010113444676,True
1981-11-09 05:00:00,0.0,0.07682427,0.062900044,0.03174475807696581,0.052800629420080535,True
1981-11-09 06:00:00,0.0,0.07413716,0.059958003,0.03059434374421835,0.05251352088466784,True
1981-11-09 07:00:00,0.006696632,0.06962708,0.054287,0.032487846007570625,0.052291888837577155,True
1981-11-09 08:00:00,0.055428978,0.06540231,0.049712047,0.058800422016531226,0.052100487645376635,True
1981-11-09 09:00:00,0.12020852,0.06031944,0.04542003,0.09407086850702762,0.05191338898983738,True
1981-11-09 10:00:00,0.17309022,0.052033324,0.040245976,0.12124663585051894,0.05175183335052446,True
1981-11-09 11:00:00,0.20476827,0.046447337,0.03610237,0.13723988711833954,0.05178611102635305,True
1981-11-09 12:00:00,0.19917966,0.0368359,0.02889038,0.13007919446006416,0.051931545657542995,True
1981-11-09 13:00:00,0.17531733,0.03272724,0.02578622,0.11462690860405564,0.05237682921126127,True
1981-11-09 14:00:00,0.12966545,0.027932357,0.022047514,0.08631456973403692,0.05293180635134021,True
1981-11-09 15:00:00,0.06605104,0.022821793,0.017533299,0.04747949200309813,0.05338910274561758,True
1981-11-09 16:00:00,0.0104934415,0.01753844,0.012892453,0.013222592367790638,0.05379138044963544,True
1981-11-09 17:00:00,1.1525302e-07,0.012073487,0.008801573,0.004930468159633655,0.05423627401068682,True
1981-11-09 18:00:00,0.0,0.00850085,0.006197119,0.0034714580196887252,0.054725149232698646,True
1981-11-09 19:00:00,0.0,0.0060973745,0.0044449857,0.0024899604097008707,0.055216868104683285,True
1981-11-09 20:00:00,0.0,0.0040176264,0.0029288498,0.001640662029851228,0.055761044604973914,True
1981-11-09 21:00:00,0.0,0.0035202708,0.0025662768,0.0014375588768161833,0.05639558601359842,True
1981-11-09 22:00:00,0.0,0.0070281653,0.005123533,0.0028700637593865397,0.057122649843609014,True
1981-11-09 23:00:00,0.0,0.010150677,0.0073998426,0.004145191163755954,0.05787632282990036,True
1981-11-10 00:00:00,0.0,0.01529583,0.01115066,0.006246296770870685,0.058757165228286806,True
1981-11-10 01:00:00,0.0,0.021184804,0.01544372,0.008651153521612286,0.059771444094171795,True
1981-11-10 02:00:00,0.0,0.029879268,0.02215766,0.012221963614225386,0.060877516538640535,False
1981-11-10 03:00:00,0.0,0.036049664,0.028869152,0.014861260235309601,0.062072860509892976,False
1981-11-10 04:00:00,0.0,0.04199858,0.035200197,0.0173982867076993,0.06334412139541475,False
1981-11-10 05:00:00,0.0,0.04895082,0.04350099,0.020411906450986863,0.06467436775079934,False
1981-11-10 06:00:00,0.0,0.05662319,0.052679498,0.0237386502251029,0.06609620677334262,False
1981-11-10 07:00:00,0.0062562795,0.062086277,0.05822809,0.02966402627993375,0.06761151085588156,False
1981-11-10 08:00:00,0.060457468,0.0696594,0.064948544,0.0640954979211092,0.0692279498289363,False
1981-11-10 09:00:00,0.13676304,0.077793844,0.07243984,0.11152995183318852,0.07073010257974817,False
1981-11-10 10:00:00,0.20171054,0.09728228,0.08774387,0.15702231135219336,0.07205570772680071,False
1981-11-10 11:00:00,0.22826223,0.11015097,0.09856917,0.17767575042694808,0.07302276771230241,False
1981-11-10 12:00:00,0.2286605,0.11319592,0.1014657,0.17918554692715405,0.0738679945927758,False
1981-11-10 13:00:00,0.19585487,0.118205756,0.1066696,0.16238634361326693,0.07471329537936104,False
1981-11-10 14:00:00,0.13633847,0.12060966,0.109650806,0.12909340786188842,0.0754722740604566,False
1981-11-10 15:00:00,0.06762333,0.12487831,0.11458651,0.0912864304408431,0.07638610746332992,False
1981-11-10 16:00:00,0.010181739,0.13121828,0.1214456,0.0608524729302153,0.07758791009272532,False
1981-11-10 17:00:00,0.0,0.13826665,0.12871559,0.05797103673219681,0.07912403135526348,False
1981-11-10 18:00:00,0.0,0.14521846,0.1347644,0.06086289015412331,0.08073359140931326,False
1981-11-10 19:00:00,0.0,0.15358534,0.1411466,0.0642949085533619,0.08227819422030053,False
1981-11-10 20:00:00,0.0,0.16338564,0.1487783,0.06832333128154278,0.08366375201570964,False
1981-11-10 21:00:00,0.0,0.17264885,0.15593703,0.07212802425026893,0.08492840099678188,False
1981-11-10 22:00:00,0.0,0.18184571,0.16232601,0.07586667130887509,0.08609932557024923,False
1981-11-10 23:00:00,0.0,0.1886697,0.16757265,0.07866804094612598,0.08711327871817093,False
1981-11-11 00:00:00,0.0,0.19535373,0.17232005,0.08139080978929997,0.08802828280886797,False
1981-11-11 01:00:00,0.0,0.2020879,0.17721641,0.08414011909067631,0.0888299341651441,False
1981-11-11 02:00:00,0.0,0.21210709,0.18475397,0.08824423134326935,0.08951096957261372,False
1981-11-11 03:00:00,0.0,0.22085233,0.19147205,0.09183400078117847,0.09005021795109543,False
1981-11-11 04:00:00,0.0,0.22959937,0.19832003,0.09543144978582858,0.09050103580803308,False
1981-11-11 05:00:00,0.0,0.24069683,0.20696111,0.09999303115904332,0.0908738567018013,False
1981-11-11 06:00:00,0.0,0.2488623,0.21293986,0.1033289397060871,0.09118068848401938,False
1981-11-11 07:00:00,0.0060872035,0.256844,0.21831776,0.11007691671419888,0.09143216921892645,False
1981-11-11 08:00:00,0.043213397,0.2553275,0.21766257,0.13090375405550003,0.09162530035114758,False
1981-11-11 09:00:00,0.086720176,0.25945517,0.22080398,0.1576999155655503,0.09139677155550013,False
1981-11-11 10:00:00,0.11623043,0.2422575,0.20754701,0.16766551515460015,0.0905166253897337,False
1981-11-11 11:00:00,0.13148671,0.24552028,0.21011038,0.17781077738106252,0.08893372747810933,False
1981-11-11 12:00:00,0.124239065,0.23830889,0.20429094,0.17065363221615554,0.08714613780996827,False
1981-11-11 13:00:00,0.096197315,0.23003891,0.19754957,0.15105788529664277,0.0853789743668996,False
1981-11-11 14:00:00,0.06281252,0.226184,0.19396025,0.13017857307195663,0.08384780914038174,False
1981-11-11 15:00:00,0.028410789,0.21368366,0.18377261,0.10516601821407676,0.0827364243103322,False
1981-11-11 16:00:00,0.0039255754,0.20387234,0.1752308,0.08695641296962277,0.08208231630130271,False
1981-11-11 17:00:00,0.0,0.19829985,0.166976,0.0821893507540226,0.08182013432046657,False
1981-11-11 18:00:00,0.0,0.18768208,0.15477234,0.07761239294707775,0.08158525937626397,False
1981-11-11 19:00:00,0.0,0.16681686,0.1378021,0.0689967345893383,0.0812937342763718,False
1981-11-11 20:00:00,0.0,0.15063965,0.1251441,0.06234381312131882,0.08096383192593491,False
1981-11-11 21:00:00,0.0,0.13919176,0.1162996,0.057641938403248785,0.08057209465250632,False
1981-11-11 22:00:00,0.0,0.12428634,0.105151035,0.05153981485962868,0.08014598060835414,False
1981-11-11 23:00:00,0.0,0.116084054,0.09685873,0.04806538751721382,0.07963876080483458,False
1981-11-12 00:00:00,0.0,0.10800187,0.09023835,0.044725561872124675,0.07908328424597419,False
1981-11-12 01:00:00,0.0,0.099875376,0.08308962,0.041340853080153464,0.07847707959747202,False
1981-11-12 02:00:00,0.0,0.09200103,0.07699086,0.03810588578134775,0.0778155371436689,False
1981-11-12 03:00:00,0.0,0.088250935,0.07288745,0.03650051736831665,0.07705147313995547,False
1981-11-12 04:00:00,0.0,0.08552334,0.069177374,0.03529368960857392,0.0762061111337345,False
1981-11-12 05:00:00,0.0,0.08530412,0.06782615,0.035139831997454164,0.07530808041215203,False
1981-11-12 06:00:00,0.0,0.08699555,0.06867348,0.03580972550064325,0.0743158253055837,False
1981-11-12 07:00:00,0.0028774643,0.09053799,0.07158345,0.03893432062654756,0.07326307520147674,False
1981-11-12 08:00:00,0.022276362,0.0976679,0.078392565,0.05312611573003232,0.07212027716738569,False
1981-11-12 09:00:00,0.046677273,0.10272313,0.082320645,0.06928293587639929,0.07099895884563301,False
1981-11-12 10:00:00,0.06796007,0.101352215,0.08206083,0.08104321159422397,0.07004028788784294,False
1981-11-12 11:00:00,0.07950717,0.111239925,0.091634735,0.09187144635617733,0.06959566095456877,False
1981-11-12 12:00:00,0.07927863,0.11750246,0.09739858,0.09436170165985823,0.06945515396493572,False
1981-11-12 13:00:00,0.06927378,0.11822611,0.09803719,0.08889041274040937,0.06968069121739291,False
1981-11-12 14:00:00,0.046047155,0.118574776,0.10043769,0.07574693601951003,0.07010039038972704,False
1981-11-12 15:00:00,0.021636045,0.11443052,0.0959331,0.05988924600742757,0.07037711359297631,False
1981-11-12 16:00:00,0.0027057375,0.11258334,0.09561621,0.04826773785008117,0.0704137269988913,False
1981-11-12 17:00:00,0.0,0.11269511,0.09467672,0.046697039410471916,0.07039106509026459,False
1981-11-12 18:00:00,0.0,0.112809785,0.097090274,0.04686968535929918,0.07047190577194413,False
1981-11-12 19:00:00,0.0,0.11664411,0.10033186,0.048459595732390885,0.07076165926579704,False
1981-11-12 20:00:00,0.0,0.119320266,0.101680815,0.0495199421569705,0.07136198723066917,False
1981-11-12 21:00:00,0.0,0.12458047,0.10563622,0.05167455013096332,0.07225004010957052,False
1981-11-12 22:00:00,0.0,0.124069124,0.106270626,0.05152012073993682,0.07338778382942399,False
1981-11-12 23:00:00,0.0,0.12484867,0.109926045,0.0520051661208272,0.07464323277987858,False
1981-11-13 00:00:00,0.0,0.1252507,0.11250888,0.05229298666119575,0.07605957759760638,False
1981-11-13 01:00:00,0.0,0.12552388,0.1123661,0.05238608130812645,0.0775450280078905,False
1981-11-13 02:00:00,0.0,0.12360977,0.11031769,0.05156915916502476,0.07905511279806814,False
1981-11-13 03:00:00,0.0,0.12268674,0.110837385,0.05125662448257208,0.08058009818272983,False
1981-11-13 04:00:00,0.0,0.12505421,0.114462435,0.05232597514986992,0.08214642362373269,False
1981-11-13 05:00:00,0.0,0.1249944,0.11558988,0.05236478604376316,0.08381201845297909,False
1981-11-13 06:00:00,0.0,0.12592801,0.117212914,0.0527969347089529,0.08535971938196889,False
1981-11-13 07:00:00,0.0025448732,0.12819369,0.11945828,0.05522261107782833,0.08680862444436495,False
1981-11-13 08:00:00,0.033266287,0.13818692,0.12768249,0.07708047461137175,0.08821661148448812,False
1981-11-13 09:00:00,0.08304395,0.15246479,0.13903414,0.11168370959162713,0.08995968200685017,False
1981-11-13 10:00:00,0.12749301,0.1743401,0.15608259,0.14632342235743998,0.09238610767751182,False
1981-11-13 11:00:00,0.15653232,0.19380642,0.17097637,0.1710664418786764,0.09567734744143232,False
1981-11-13 12:00:00,0.16441439,0.20801778,0.18247695,0.18147942033410072,0.09928367796842501,False
1981-11-13 13:00:00,0.13675915,0.22207993,0.19159116,0.17120344556868075,0.1026363944905611,False
1981-11-13 14:00:00,0.093446076,0.21539865,0.18631107,0.14346128682792186,0.10542873946538067,False
1981-11-13 15:00:00,0.04435792,0.19528985,0.17161089,0.10692346169799566,0.10774939070051719,False
1981-11-13 16:00:00,0.0055145114,0.19861984,0.17400086,0.08586864135554059,0.10902372842223411,False
1981-11-13 17:00:00,0.0,0.2067705,0.18095168,0.08606970347464084,0.1095722346029026,False
1981-11-13 18:00:00,0.0,0.22005704,0.19110209,0.09152056065201758,0.10989350655048763,False
1981-11-13 19:00:00,0.0,0.2355153,0.20198764,0.09781247690320015,0.1101011169392397,False
1981-11-13 20:00:00,0.0,0.25308898,0.21445403,0.10497035130858422,0.11014223576921646,False
1981-11-13 21:00:00,0.0,0.2709134,0.22752954,0.1122536369562149,0.11001099088860351,False
1981-11-13 22:00:00,0.0,0.2697035,0.22742167,0.11180136448144913,0.10972118670519117,False
1981-11-13 23:00:00,0.0,0.2801961,0.23439959,0.11604993876814843,0.10933856930283505,False
1981-11-14 00:00:00,0.0,0.28010827,0.23457831,0.11602718156576157,0.10889991488938827,False
1981-11-14 01:00:00,0.0,0.2748283,0.22987546,0.11382492300868034,0.10838510752867582,False
1981-11-14 02:00:00,0.0,0.26868,0.22522707,0.11130518424510955,0.10779428700080747,False
1981-11-14 03:00:00,0.0,0.26954064,0.22636376,0.11168413853645325,0.10717406404742645,False
1981-11-14 04:00:00,0.0,0.2781649,0.23332214,0.11524224141240119,0.10651423928935687,False
1981-11-14 05:00:00,0.0,0.26386127,0.22341979,0.10942947658896446,0.1057907597616096,False
1981-11-14 06:00:00,0.0,0.254021,0.21524858,0.10535716849565506,0.10503262264772924,False
1981-11-14 07:00:00,0.0034867786,0.2518375,0.21440357,0.10651769855245946,0.10425276421175944,False
1981-11-14 08:00:00,0.04591637,0.26638013,0.22232382,0.136793500803411,0.10343207586703206,False
1981-11-14 09:00:00,0.12013998,0.28152025,0.23240054,0.18575136806815862,0.10263254399495825,False
1981-11-14 10:00:00,0.18729688,0.31700853,0.25881988,0.23902272026240826,0.10193393219067409,False
1981-11-14 11:00:00,0.21204956,0.34564537,0.2792514,0.26497531165182586,0.1012209663089893,False
1981-11-14 12:00:00,0.2219495,0.30793837,0.25181434,0.2552920947223902,0.10033578008660742,False
1981-11-14 13:00:00,0.19446702,0.26740336,0.2230307,0.22292297153174878,0.09923384336664502,False
1981-11-14 14:00:00,0.1468661,0.2470067,0.20835157,0.18713819530606268,0.09795364623477067,False
1981-11-14 15:00:00,0.066689454,0.19874133,0.17114982,0.12105745664983987,0.09660348769245364,False
1981-11-14 16:00:00,0.007601167,0.16877353,0.14690237,0.07459603452216834,0.09523246665922774,False
1981-11-14 17:00:00,0.0,0.14953452,0.12851581,0.06211809289455414,0.0937306341399967,False
1981-11-14 18:00:00,0.0,0.13716249,0.11522268,0.05683498401939869,0.09222692941143805,False
1981-11-14 19:00:00,0.0,0.12200403,0.10025577,0.050433299571275715,0.09073411833439649,False
1981-11-14 20:00:00,0.0,0.104607776,0.08555405,0.0432201878875494,0.08919392668260888,False
1981-11-14 21:00:00,0.0,0.0913584,0.07504999,0.037763949327170844,0.08754534989819557,False
1981-11-14 22:00:00,0.0,0.08005748,0.06691251,0.03315448542684317,0.08576078205872954,False
1981-11-14 23:00:00,0.0,0.07466061,0.062962785,0.030949754275381564,0.08398576029753939,False
1981-11-15 00:00:00,0.0,0.06662416,0.055517025,0.02758223334699869,0.08211551771211133,False
1981-11-15 01:00:00,0.0,0.05809601,0.04794941,0.024026695970445874,0.0802431179803393,False
1981-11-15 02:00:00,0.0,0.05272207,0.043407656,0.021798457402735946,0.07841614466710642,False
1981-11-15 03:00:00,0.0,0.047439437,0.038516365,0.01958503609523177,0.07665117528886228,False
1981-11-15 04:00:00,0.0,0.042647485,0.034482148,0.01759895781800151,0.07488088273574292,False
1981-11-15 05:00:00,0.0,0.03870663,0.031323295,0.015974204577505587,0.07305030030981331,False
1981-11-15 06:00:00,0.0,0.037215717,0.030206114,0.015363729782402516,0.0713676219255726,False
1981-11-15 07:00:00,0.0024387827,0.034896903,0.028619181,0.01582957053091377,0.06982058651829764,False
1981-11-15 08:00:00,0.039888956,0.037979316,0.030974995,0.03870294475182891,0.0683518518674347,False
1981-11-15 09:00:00,0.10586615,0.041499756,0.0324475,0.07815034298598766,0.06689016095044446,False
1981-11-15 10:00:00,0.16650198,0.039224423,0.028807463,0.11210106003656983,0.06540824912635963,False
1981-11-15 11:00:00,0.19774799,0.035450827,0.025843656,0.1285775032043457,0.06376751998059185,False
1981-11-15 12:00:00,0.20124157,0.030536512,0.022261117,0.12858645777590572,0.06203003330039836,False
1981-11-15 13:00:00,0.17224091,0.025396278,0.018513886,0.10975398323871194,0.0603927010019159,False
1981-11-15 14:00:00,0.12084805,0.021853805,0.015931422,0.07865367679670454,0.059005852816083594,True
1981-11-15 15:00:00,0.056457493,0.020908887,0.015242578,0.041114452103152864,0.057629350879928536,True
1981-11-15 16:00:00,0.006350498,0.024766248,0.01810551,0.013780680432450025,0.05673319284113478,True
1981-11-15 17:00:00,0.0,0.033985037,0.025025884,0.013891876503825187,0.05617902209432257,True
1981-11-15 18:00:00,0.0,0.048249718,0.038175613,0.01986562895402312,0.055880284125073086,True
1981-11-15 19:00:00,0.0,0.05754874,0.049033202,0.023883277617394925,0.055766163634689725,True
1981-11-15 20:00:00,0.0,0.06189531,0.055542517,0.025838665656745433,0.05583850393220244,True
1981-11-15 21:00:00,0.0,0.063577555,0.058041904,0.026594380661845204,0.056079873756127635,True
1981-11-15 22:00:00,0.0,0.06340238,0.05934894,0.02660031994432211,0.05644465232556147,True
1981-11-15 23:00:00,0.0,0.06260747,0.058817394,0.026278294667601582,0.056845186872961195,True
1981-11-16 00:00:00,0.0,0.062250394,0.0589185,0.026151994440704585,0.05732040794109386,True
1981-11-16 01:00:00,0.0,0.06221195,0.05877768,0.026130203973501923,0.057883232766384456,True
1981-11-16 02:00:00,0.0,0.06334952,0.05945704,0.026586654089391232,0.05853372495979462,True
1981-11-16 03:00:00,0.0,0.06371113,0.059272025,0.0267100959867239,0.05925402884566617,True
1981-11-16 04:00:00,0.0,0.06534041,0.06043842,0.02737428496778011,0.06005480022713935,False
1981-11-16 05:00:00,0.0,0.068421476,0.06321092,0.02866091414541006,0.06093554405923394,False
1981-11-16 06:00:00,0.0,0.07426624,0.06843012,0.03109946894645691,0.06190266994209421,False
1981-11-16 07:00:00,0.0032145795,0.08171724,0.07425856,0.036018435311038044,0.06292993335108665,False
1981-11-16 08:00:00,0.049917206,0.09055614,0.0817573,0.06663233678787946,0.06404188254046356,False
1981-11-16 09:00:00,0.13011496,0.094621114,0.08570516,0.11461960051208733,0.06540148840198085,False
1981-11-16 10:00:00,0.19885825,0.10922003,0.09674672,0.1602677212655544,0.06694293322761023,False
1981-11-16 11:00:00,0.23610546,0.10877063,0.0964211,0.1815759510025382,0.0685362517038743,False
1981-11-16 12:00:00,0.22915778,0.10667625,0.09467725,0.1767001443952322,0.07024173508613162,False
1981-11-16 13:00:00,0.19760478,0.101519585,0.09028845,0.15635425861179827,0.07185334712912586,False
1981-11-16 14:00:00,0.13985652,0.09674902,0.08645375,0.12106610237061977,0.07329715395072267,False
1981-11-16 15:00:00,0.06480873,0.09735966,0.087435596,0.07804187078773975,0.07452647654927128,False
1981-11-16 16:00:00,0.0070869657,0.10512704,0.0947182,0.04799583867518231,0.07562001928393676,False
1981-11-16 17:00:00,0.0,0.11425042,0.10407898,0.047778670370578764,0.07672619291073396,False
1981-11-16 18:00:00,0.0,0.12285241,0.11156782,0.05135720048099756,0.07780479831113234,False
1981-11-16 19:00:00,0.0,0.12895441,0.11706401,0.05390563385188579,0.07874206966468818,False
1981-11-16 20:00:00,0.0,0.130922,0.12029111,0.054805939435958864,0.07957788501288494,False
1981-11-16 21:00:00,0.0,0.13191423,0.12216612,0.05527332065999508,0.0803381852864263,False
1981-11-16 22:00:00,0.0,0.12507492,0.11532402,0.05238014370203018,0.08105262714931494,False
1981-11-16 23:00:00,0.0,0.12838647,0.118254796,0.05376036554574966,0.08172055423706522,False
1981-11-17 00:00:00,0.0,0.13037324,0.12018703,0.05459782496094703,0.08239417567550888,False
1981-11-17 01:00:00,0.0,0.13195635,0.12145235,0.05525032125413418,0.08305600040317265,False
1981-11-17 02:00:00,0.0,0.13464606,0.12386386,0.056373043924570085,0.08371078649610032,False
1981-11-17 03:00:00,0.0,0.1386381,0.12712233,0.058022062405943875,0.08436114729130394,False
1981-11-17 04:00:00,0.0,0.1430647,0.1311813,0.059874661758542065,0.08503482748688883,False
1981-11-17 05:00:00,0.0,0.1491415,0.13635243,0.062396246954798694,0.0857213918159691,False
1981-11-17 06:00:00,0.0,0.15457436,0.14137839,0.06467237341403961,0.0864159635992696,False
1981-11-17 07:00:00,0.0037109454,0.16037461,0.14599416,0.06920313162100501,0.08710338393300525,False
1981-11-17 08:00:00,0.056813803,0.17039014,0.15386109,0.10396402610465885,0.08775143750610655,False
1981-11-17 09:00:00,0.13808148,0.17347386,0.15657087,0.15213969461619853,0.0880206397241095,False
1981-11-17 10:00:00,0.2014836,0.17320274,0.15578695,0.18858034689724446,0.0877312337456695,False
1981-11-17 11:00:00,0.2352056,0.17903501,0.16042876,0.21044070555269717,0.08692905673773854,False
1981-11-17 12:00:00,0.23110828,0.17387138,0.15621887,0.20594383583962914,0.08619916320748522,False
1981-11-17 13:00:00,0.18774082,0.16954306,0.15127538,0.17905671067535875,0.08566578752191632,False
1981-11-17 14:00:00,0.12229955,0.16085713,0.14329705,0.1376611615270376,0.08543722089520861,False
1981-11-17 15:00:00,0.05115511,0.15374084,0.13625252,0.09360450336709618,0.08565415699362029,False
1981-11-17 16:00:00,0.0046252767,0.15428795,0.13474031,0.06687701451871544,0.08624630511630843,False
1981-11-17 17:00:00,0.0,0.1578222,0.13756558,0.06566493572294713,0.08721223523337464,False
1981-11-17 18:00:00,0.0,0.15555075,0.138082,0.06485465392470359,0.08828103862106872,False
1981-11-17 19:00:00,0.0,0.15342192,0.13684675,0.06400241433084011,0.08944947041766789,False
1981-11-17 20:00:00,0.0,0.14951332,0.13264193,0.062333078786730764,0.09076841697013077,False
1981-11-17 21:00:00,0.0,0.14598843,0.12996033,0.06088759008049965,0.09221454104697403,False
1981-11-17 22:00:00,0.0,0.14050889,0.1261674,0.05866082015633583,0.0938206857555553,False
1981-11-17 23:00:00,0.0,0.14032345,0.12653282,0.0586121237128973,0.09559635512353924,False
1981-11-18 00:00:00,0.0,0.13869187,0.124857046,0.05791958136856556,0.09741309314044265,False
1981-11-18 01:00:00,0.0,0.13785182,0.123937316,0.05755993643403053,0.09913232438275664,False
1981-11-18 02:00:00,0.0,0.13853402,0.123794764,0.05780397225916385,0.10061639509266317,False
1981-11-18 03:00:00,0.0,0.14147179,0.12673436,0.05904674537479877,0.10187565688146351,False
1981-11-18 04:00:00,0.0,0.1445685,0.12932584,0.06032937276363373,0.10296298953900186,False
1981-11-18 05:00:00,0.0,0.14861432,0.13262364,0.06200035974383354,0.10386188744390457,False
1981-11-18 06:00:00,0.0,0.15359278,0.13740572,0.06409564496576786,0.10454755398174821,False
1981-11-18 07:00:00,0.0008397911,0.15966098,0.14306566,0.06712500681990059,0.10502295049289316,False
1981-11-18 08:00:00,0.015634734,0.16907433,0.15082176,0.07955404325202108,0.10522132298939858,False
1981-11-18 09:00:00,0.04476574,0.17959233,0.15979098,0.10072811354696751,0.10479429845829802,False
1981-11-18 10:00:00,0.07373862,0.18997931,0.16877174,0.12176322488486768,0.10382283010791364,False
1981-11-18 11:00:00,0.107277796,0.20320518,0.1788715,0.1465410615503788,0.10244712192588173,False
1981-11-18 12:00:00,0.11111016,0.20892563,0.18322206,0.15109811148792504,0.10101162411947423,False
1981-11-18 13:00:00,0.09902793,0.21192588,0.18598694,0.14538306052982808,0.09969450797629231,False
1981-11-18 14:00:00,0.07440458,0.21265316,0.18664028,0.1314790350943804,0.09871199216732134,False
1981-11-18 15:00:00,0.030609816,0.21329357,0.18699612,0.10646498067677021,0.09804679871652895,False
1981-11-18 16:00:00,0.0026208533,0.22316185,0.19447279,0.09436048429436052,0.09758836161764028,False
1981-11-18 17:00:00,0.0,0.23829414,0.20649436,0.09908123297989369,0.09725999063377755,False
1981-11-18 18:00:00,0.0,0.2586543,0.22219428,0.10744192671775818,0.09690403466702925,False
1981-11-18 19:00:00,0.0,0.28250274,0.24021402,0.11721506837010383,0.09655256772351938,False
1981-11-18 20:00:00,0.0,0.29960704,0.25305367,0.12421989512443542,0.09620355120565298,False
1981-11-18 21:00:00,0.0,0.31950352,0.26799017,0.13236826667189597,0.09584162494478303,False
1981-11-18 22:00:00,0.0,0.33201775,0.27958748,0.13761227336525916,0.09547684800562935,False
1981-11-18 23:00:00,0.0,0.3404377,0.2841162,0.1409637903571129,0.09521685822525548,False
1981-11-19 00:00:00,0.0,0.33162838,0.2731491,0.13712092459201813,0.0949181064132929,False
1981-11-19 01:00:00,0.0,0.30618495,0.25006425,0.12648571532964706,0.09459987191793995,False
1981-11-19 02:00:00,0.0,0.28284323,0.23052698,0.1168176097869873,0.09423733741728145,False
1981-11-19 03:00:00,0.0,0.2664993,0.21992193,0.11021402996778489,0.0938499908278093,False
1981-11-19 04:00:00,0.0,0.24889968,0.20699589,0.10302176119387149,0.09349825445360992,False
1981-11-19 05:00:00,0.0,0.23011667,0.19250354,0.09530824077129364,0.09325546160045567,False
1981-11-19 06:00:00,0.0,0.2113869,0.17573404,0.08749140594899654,0.09325736387338045,False
1981-11-19 07:00:00,0.0009840878,0.18886264,0.15679407,0.07872501145326533,0.09355413097220959,False
1981-11-19 08:00:00,0.018159553,0.17639528,0.14627643,0.08346684861183166,0.0941842022087445,False
1981-11-19 09:00:00,0.05842132,0.17347084,0.14424762,0.10550921379774808,0.0953608798440721,False
1981-11-19 10:00:00,0.09350477,0.1655477,0.13901852,0.1225463541597128,0.0972480180935799,False
1981-11-19 11:00:00,0.12462689,0.16776393,0.14300378,0.14153681084513667,0.09968221198676043,False
1981-11-19 12:00:00,0.12622036,0.16823894,0.14468417,0.142722260966897,0.10237762578982129,False
1981-11-19 13:00:00,0.115413226,0.15690589,0.13711569,0.13189595184475184,0.1053224529073128,False
1981-11-19 14:00:00,0.08285851,0.13895072,0.123142585,0.10573187588900328,0.10828942597829938,False
1981-11-19 15:00:00,0.03400454,0.12464483,0.11083261,0.07159952262043952,0.11107013953401289,False
1981-11-19 16:00:00,0.0025515866,0.11903348,0.1059183,0.05111520729330368,0.11360368423119079,False
1981-11-19 17:00:00,0.0,0.11656822,0.1030625,0.04857904931902885,0.11586640469614755,False
1981-11-19 18:00:00,0.0,0.11532578,0.10053756,0.04798424063622952,0.11817666838668624,False
1981-11-19 19:00:00,0.0,0.113821946,0.09720969,0.047249621473252776,0.1206097837013785,False
1981-11-19 20:00:00,0.0,0.10881048,0.08906578,0.04496061826497316,0.12304492763221601,False
1981-11-19 21:00:00,0.0,0.10481045,0.08709708,0.043378297001123424,0.12546024778649548,False
1981-11-19 22:00:00,0.0,0.11135408,0.09428989,0.04618131069839001,0.1277861148675565,False
1981-11-19 23:00:00,0.0,0.10665692,0.09103027,0.04427203673869372,0.12997453900963404,False
1981-11-20 00:00:00,0.0,0.10278488,0.08734639,0.04264432559162378,0.13209279323906045,False
1981-11-20 01:00:00,0.0,0.09692675,0.081339076,0.04015828040242195,0.1342321774305437,False
1981-11-20 02:00:00,0.0,0.094712995,0.078930385,0.0392113359645009,0.13653041224345902,False
1981-11-20 03:00:00,0.0,0.10179378,0.08521286,0.04216339941322804,0.13875489477977496,False
1981-11-20 04:00:00,0.0,0.11749239,0.098530054,0.048675315812230106,0.14069571379736404,False
1981-11-20 05:00:00,0.0,0.14981863,0.12608509,0.06209166884422303,0.14228164666962217,False
1981-11-20 06:00:00,0.0,0.18886848,0.1601481,0.07834046570956707,0.14357133918699216,False
1981-11-20 07:00:00,0.0015425753,0.23230018,0.19925176,0.09736842617357615,0.14458938906692306,False
1981-11-20 08:00:00,0.028924562,0.28733116,0.24666478,0.13603456974774597,0.14551525956038006,False
1981-11-20 09:00:00,0.0750634,0.35654575,0.3043294,0.19131074952334168,0.14654641368266128,False
1981-11-20 10:00:00,0.1214683,0.4058116,0.3476452,0.23860453175753352,0.1476225774363732,False
1981-11-20 11:00:00,0.15195894,0.45280746,0.39175302,0.2759209240972995,0.1486886068959217,False
1981-11-20 12:00:00,0.16140026,0.47917682,0.4167707,0.29244981312751767,0.14994697760459588,False
1981-11-20 13:00:00,0.1492674,0.48482266,0.42168358,0.2877977679371834,0.15099683905869032,False
1981-11-20 14:00:00,0.10962285,0.48469323,0.42313147,0.26495328576862814,0.15176785871847154,False
1981-11-20 15:00:00,0.05083704,0.47715786,0.41983154,0.22807512614130976,0.15224605954681766,False
1981-11-20 16:00:00,0.0045357826,0.48093343,0.42387936,0.20297106661228462,0.15261558855448007,False
1981-11-20 17:00:00,0.0,0.50367457,0.44662917,0.20997389012575152,0.15299741024866728,False
1981-11-20 18:00:00,0.0,0.5371949,0.4816026,0.2242314618229866,0.15340430718164919,False
1981-11-20 19:00:00,0.0,0.56056255,0.50471103,0.23410197705030442,0.15382465137790916,False
1981-11-20 20:00:00,0.0,0.57430035,0.52293396,0.24015526252985,0.15427109599782182,False
1981-11-20 21:00:00,0.0,0.58194214,0.542097,0.24400988656282424,0.15475363186065136,False
1981-11-20 22:00:00,0.0,0.57870615,0.53914934,0.24265663218498232,0.1553020931619036,False
1981-11-20 23:00:00,0.0,0.5792853,0.5348835,0.2426399933695793,0.15575727358430652,False
1981-11-21 00:00:00,0.0,0.57335836,0.52300245,0.23981136578321458,0.1562660451588969,False
1981-11-21 01:00:00,0.0,0.5670342,0.51046985,0.23680098634958266,0.15688165083963454,False
1981-11-21 02:00:00,0.0,0.53643036,0.47499943,0.22359277153015136,0.1576081442978981,False
1981-11-21 03:00:00,0.0,0.4882902,0.42952338,0.20337334281206132,0.15848817331919476,False
1981-11-21 04:00:00,0.0,0.43088284,0.37316242,0.17914653906226158,0.15944155119748815,False
1981-11-21 05:00:00,0.0,0.3788885,0.32228944,0.15721348160505294,0.16044151054712041,False
1981-11-21 06:00:00,0.0,0.32898855,0.277056,0.1363578001856804,0.16127615799026593,False
1981-11-21 07:00:00,0.0017709779,0.29472446,0.24799284,0.123166795139201,0.1618797617398019,False
1981-11-21 08:00:00,0.033507828,0.27411392,0.23111467,0.1329622464813292,0.1622146284667633,False
1981-11-21 09:00:00,0.086504534,0.25860602,0.21900626,0.15716507397592067,0.16204632999779942,False
1981-11-21 10:00:00,0.13159394,0.23605654,0.19780003,0.17371576821804047,0.16114168930093423,False
1981-11-21 11:00:00,0.15721962,0.26890942,0.22213532,0.20193860486149787,0.15963424049155764,False
1981-11-21 12:00:00,0.15548526,0.24967074,0.20874283,0.1931156107634306,0.15764508970090477,False
1981-11-21 13:00:00,0.13354728,0.22133484,0.18843628,0.1689048955142498,0.15549724718083294,False
1981-11-21 14:00:00,0.08372959,0.19360442,0.16543539,0.12868551564961672,0.15312988190439197,False
1981-11-21 15:00:00,0.031175824,0.1718002,0.14729986,0.08933691498823465,0.15067684171869708,False
1981-11-21 16:00:00,0.0025491663,0.16379559,0.13946679,0.0694426486142911,0.14843998007465597,False
1981-11-21 17:00:00,0.0,0.16453658,0.13696489,0.06811010210216045,0.14636653246050446,False
1981-11-21 18:00:00,0.0,0.16536985,0.132209,0.06816076205670833,0.14405226439675062,False
1981-11-21 19:00:00,0.0,0.16659786,0.13341396,0.06867896322906017,0.14140181092889725,False
1981-11-21 20:00:00,0.0,0.16512235,0.13318878,0.0681223396807909,0.13849041347643107,False
1981-11-21 21:00:00,0.0,0.16901547,0.13588393,0.06970443946123123,0.1354476728781101,False
1981-11-21 22:00:00,0.0,0.16474342,0.13406755,0.06802997097373009,0.13230038369511932,False
1981-11-21 23:00:00,0.0,0.16627267,0.13589735,0.06869307231903075,0.12915149328363806,False
1981-11-22 00:00:00,0.0,0.17463332,0.14358707,0.07219339826703072,0.12592058003199966,False
1981-11-22 01:00:00,0.0,0.18132587,0.15038373,0.0750299663990736,0.1226802404082355,False
1981-11-22 02:00:00,0.0,0.19691,0.16283225,0.08145272898674011,0.11945519807068378,False
1981-11-22 03:00:00,0.0,0.21267472,0.17497343,0.087925537571311,0.11649710614764809,False
1981-11-22 04:00:00,0.0,0.23408179,0.1906886,0.09667336459457875,0.11395933553827674,False
1981-11-22 05:00:00,0.0,0.24745584,0.20080635,0.10215474611520767,0.11198388774385422,False
1981-11-22 06:00:00,0.0,0.25998482,0.21072309,0.107313445687294,0.11049987626047551,False
1981-11-22 07:00:00,0.0008478588,0.27347332,0.22298442,0.11344202906772262,0.10947690432863055,False
1981-11-22 08:00:00,0.014861962,0.289094,0.23528157,0.1279562432374805,0.10875188625403037,False
1981-11-22 09:00:00,0.042622175,0.2983485,0.2445261,0.14788799607381226,0.10819367034823457,False
1981-11-22 10:00:00,0.0690573,0.30552244,0.2530212,0.1662469889074564,0.10790896458501752,False
1981-11-22 11:00:00,0.0884934,0.31272435,0.2589946,0.1804416861459613,0.10806942352540926,False
1981-11-22 12:00:00,0.097415395,0.3218463,0.2663593,0.18935337216407058,0.10855025076133644,False
1981-11-22 13:00:00,0.08716372,0.29917988,0.2495073,0.17416423466801642,0.10908788424277192,False
1981-11-22 14:00:00,0.059457615,0.2723169,0.22991437,0.14720735685527322,0.10966857954903331,False
1981-11-22 15:00:00,0.02632068,0.2541912,0.21707752,0.12070576722733677,0.11033692341341461,False
1981-11-22 16:00:00,0.0022991248,0.24581558,0.21135257,0.10344558113301174,0.11113329462374229,False
1981-11-22 17:00:00,0.0,0.237919,0.20549835,0.09888902306556702,0.11222269034429277,False
1981-11-22 18:00:00,0.0,0.23336463,0.20181756,0.09700969536602497,0.11385132066483433,False
1981-11-22 19:00:00,0.0,0.22689305,0.19687709,0.0943548993319273,0.11586115575625384,False
1981-11-22 20:00:00,0.0,0.22630659,0.19623302,0.09410371381044388,0.11825323820995921,False
1981-11-22 21:00:00,0.0,0.22348571,0.19395888,0.09294000577926637,0.12129861489168192,False
1981-11-22 22:00:00,0.0,0.2200168,0.19117945,0.09150989243388176,0.12494950879967597,False
1981-11-22 23:00:00,0.0,0.21040547,0.18363962,0.08755615729093552,0.12856131940751162,False
1981-11-23 00:00:00,0.0,0.2023989,0.1775902,0.08427506384253501,0.13223575366704549,False
1981-11-23 01:00:00,0.0,0.19683865,0.17343506,0.08199895414710046,0.13582064109897996,False
1981-11-23 02:00:00,0.0,0.19588633,0.17263526,0.08160435922443868,0.13898369369420047,False
1981-11-23 03:00:00,0.0,0.19580258,0.17239259,0.08156035356223583,0.14146617110955353,False
1981-11-23 04:00:00,0.0,0.20253226,0.17760445,0.08432504492998123,0.14336135912171388,False
1981-11-23 05:00:00,0.0,0.20653065,0.18094671,0.08598093040287494,0.14463931422817344,False
1981-11-23 06:00:00,0.0,0.20960027,0.18356755,0.0872551474571228,0.14554637927512462,False
1981-11-23 07:00:00,0.0011417829,0.21066846,0.1846381,0.08836592755839227,0.1462859280365222,False
1981-11-23 08:00:00,0.028202558,0.21598569,0.18882017,0.10616788300313054,0.1468958453443611,False
1981-11-23 09:00:00,0.08117729,0.23254476,0.20094231,0.14349919734150174,0.14788905912132577,False
1981-11-23 10:00:00,0.14224268,0.23911531,0.20574477,0.18141779735684394,0.1492196170240574,False
1981-11-23 11:00:00,0.18154258,0.28979224,0.24694277,0.2250183121860027,0.1509240130617527,False
1981-11-23 12:00:00,0.18915641,0.2647913,0.22353286,0.21892201787233354,0.15313081171223228,False
1981-11-23 13:00:00,0.16593304,0.24339342,0.20782837,0.19677827021479605,0.15563874320281623,False
1981-11-23 14:00:00,0.119014,0.22217205,0.1872862,0.16076602113991975,0.1582971729896896,False
1981-11-23 15:00:00,0.049411044,0.23956482,0.1972804,0.12756273308396338,0.1607836941747549,False
1981-11-23 16:00:00,0.0033270088,0.28942516,0.2410384,0.12173364320071414,0.16288247608342318,False
1981-11-23 17:00:00,0.0,0.35261828,0.29941136,0.14628435748815538,0.16458144988094198,False
1981-11-23 18:00:00,0.0,0.39682105,0.3371459,0.16463284644484522,0.16624907161083743,False
1981-11-23 19:00:00,0.0,0.4417769,0.37931934,0.18349892100691795,0.16783672916025594,False
1981-11-23 20:00:00,0.0,0.5149221,0.44989207,0.21430042040348052,0.16933900582206174,False
1981-11-23 21:00:00,0.0,0.5891205,0.5104052,0.24494734704494478,0.17079746679191218,False
1981-11-23 22:00:00,0.0,0.58191186,0.49391487,0.2413968801498413,0.1722283089828931,False
1981-11-23 23:00:00,0.0,0.59150666,0.49629554,0.2450659167766571,0.17360338457275856,False
1981-11-24 00:00:00,0.0,0.5894611,0.4954973,0.24426799499988555,0.17492317483362485,False
1981-11-24 01:00:00,0.0,0.54691285,0.46380833,0.22685649096965788,0.17629475895290006,False
1981-11-24 02:00:00,0.0,0.4843896,0.40503484,0.20061164492368697,0.1778097854309969,False
1981-11-24 03:00:00,0.0,0.4320489,0.3605282,0.17889456215500832,0.17936233587630768,False
1981-11-24 04:00:00,0.0,0.3815039,0.3192642,0.15801520970463753,0.18097745859225023,False
1981-11-24 05:00:00,0.0,0.35141936,0.29666898,0.14569386836886405,0.18270776235100558,False
1981-11-24 06:00:00,0.0,0.3441893,0.2927026,0.14281178623437882,0.1846289561453529,False
1981-11-24 07:00:00,0.00065725914,0.34314075,0.29110897,0.14271805984398817,0.18666408436440607,False
1981-11-24 08:00:00,0.030810846,0.3796738,0.32875946,0.17563050453178583,0.18869549705233238,False
1981-11-24 09:00:00,0.09749979,0.37366307,0.32621714,0.2117547754049301,0.19084422066762705,False
1981-11-24 10:00:00,0.15918079,0.37689462,0.31734383,0.2480579987168312,0.19350105627239653,False
1981-11-24 11:00:00,0.19386649,0.42031217,0.359479,0.2863680213689804,0.19618405246410178,False
1981-11-24 12:00:00,0.1942169,0.47498375,0.41485044,0.309734083712101,0.19872303782730957,False
1981-11-24 13:00:00,0.17407651,0.48219445,0.4332771,0.3017688644379377,0.20152430296768406,False
1981-11-24 14:00:00,0.11403407,0.48050714,0.43436262,0.2665603737384081,0.20429357140869805,False
1981-11-24 15:00:00,0.044276584,0.47033474,0.41381836,0.2214472988434136,0.20729224786893438,False
1981-11-24 16:00:00,0.0026265008,0.44048458,0.3878152,0.1849963234139141,0.20986878723489713,False
1981-11-24 17:00:00,0.0,0.42954227,0.3784031,0.1789348661005497,0.2114424288593104,False
1981-11-24 18:00:00,0.0,0.41618705,0.36378217,0.1732172577381134,0.21241764437256958,False
1981-11-24 19:00:00,0.0,0.40015835,0.34825462,0.1664641790986061,0.21294214261731706,False
1981-11-24 20:00:00,0.0,0.39465448,0.3422655,0.1641098403632641,0.21296669253556633,False
1981-11-24 21:00:00,0.0,0.38851744,0.33810177,0.1616204309463501,0.21217326609640028,False
1981-11-24 22:00:00,0.0,0.37929872,0.3250425,0.15751352074742314,0.2105477258343121,False
1981-11-24 23:00:00,0.0,0.36354175,0.31035525,0.15090608981251716,0.20897262989951873,False
1981-11-25 00:00:00,0.0,0.36166483,0.30845886,0.1501111015677452,0.207140422325941,False
1981-11-25 01:00:00,0.0,0.3726725,0.31859395,0.1547202250957489,0.20499300568400528,False
1981-11-25 02:00:00,0.0,0.3764147,0.31906965,0.1561267805993557,0.20297452308087258,False
1981-11-25 03:00:00,0.0,0.38386524,0.32296243,0.15908624392747878,0.20126340815274624,False
1981-11-25 04:00:00,0.0,0.40367696,0.3411635,0.16737962535023687,0.19992645935377684,False
1981-11-25 05:00:00,0.0,0.42941785,0.36561197,0.17819823253154754,0.1988944192588201,False
1981-11-25 06:00:00,0.0,0.44554105,0.3803084,0.18494130197167397,0.1980411290325096,False
1981-11-25 07:00:00,0.000890877,0.44671106,0.38006145,0.18587373657885475,0.1971375125575682,False
1981-11-25 08:00:00,0.03448134,0.45686328,0.38570985,0.20930661653727292,0.19610962671012822,False
1981-11-25 09:00:00,0.10650241,0.5065903,0.41932583,0.27102730637043715,0.19455276582695127,False
1981-11-25 10:00:00,0.17421442,0.506793,0.41987532,0.3102016145586967,0.19290647987550327,False
1981-11-25 11:00:00,0.21502303,0.53887653,0.44399783,0.3468896096199751,0.1911719755012935,False
1981-11-25 12:00:00,0.20773274,0.563959,0.4707423,0.3533827446103096,0.18888927829896615,False
1981-11-25 13:00:00,0.17101185,0.5582809,0.46340132,0.3297031553834677,0.18586508647874822,False
1981-11-25 14:00:00,0.10663731,0.585004,0.5056722,0.3047024912312627,0.18230536606623063,False
1981-11-25 15:00:00,0.042036373,0.5482112,0.45725363,0.25123662265017627,0.17876009635722778,False
1981-11-25 16:00:00,0.0022880605,0.47281587,0.39776248,0.1972684411725495,0.17560856916365883,False
1981-11-25 17:00:00,0.0,0.46569616,0.39357075,0.19309470212459562,0.1730107517406645,False
1981-11-25 18:00:00,0.0,0.45787913,0.38613638,0.18980876219272613,0.17056919985044028,False
1981-11-25 19:00:00,0.0,0.44580042,0.37364742,0.1846773170828819,0.1683115182552787,False
1981-11-25 20:00:00,0.0,0.42586547,0.35317764,0.17621595132350923,0.16629273737373973,False
1981-11-25 21:00:00,0.0,0.40375122,0.3321706,0.16692141446471215,0.16443743432372088,False
1981-11-25 22:00:00,0.0,0.40120646,0.32864982,0.16579227527976034,0.16280187397136564,False
1981-11-25 23:00:00,0.0,0.38032177,0.31076333,0.15711995324492456,0.1612504966628107,False
1981-11-26 00:00:00,0.0,0.34161714,0.28028283,0.14119199618697167,0.15991474926996255,False
1981-11-26 01:00:00,0.0,0.3141051,0.26045457,0.1299693260192871,0.1586510046465623,False
1981-11-26 02:00:00,0.0,0.2860013,0.23969723,0.11847812837362288,0.15733881072572645,False
1981-11-26 03:00:00,0.0,0.2768309,0.23278543,0.11472101980447769,0.15604820306099232,False
1981-11-26 04:00:00,0.0,0.26172662,0.22037339,0.10847728514671326,0.154798800354481,False
1981-11-26 05:00:00,0.0,0.2527733,0.21227008,0.10473593750596046,0.15355633795599663,False
1981-11-26 06:00:00,0.0,0.24029109,0.19945896,0.09943819543719291,0.15223310140858615,False
1981-11-26 07:00:00,0.00072664145,0.22499804,0.1839998,0.0933795391668682,0.15100664442743386,False
1981-11-26 08:00:00,0.024705494,0.21034268,0.16721602,0.10090118213929236,0.15001627317580044,False
1981-11-26 09:00:00,0.068096146,0.22708929,0.17862272,0.1327330497354269,0.14900545257369482,False
1981-11-26 10:00:00,0.10792675,0.24944963,0.19409524,0.16480178875476123,0.14743657088427922,False
1981-11-26 11:00:00,0.12606178,0.253286,0.19626614,0.17679855565726757,0.14543583205785407,False
1981-11-26 12:00:00,0.123025484,0.22817385,0.17390779,0.16457287634164094,0.14312508266722587,False
1981-11-26 13:00:00,0.097767815,0.181856,0.13676646,0.13090228463709352,0.14081918881345346,False
1981-11-26 14:00:00,0.061738823,0.14825588,0.112179734,0.09638742770627141,0.13879459441166797,False
1981-11-26 15:00:00,0.020823339,0.14187469,0.107540146,0.07017399355210363,0.13673440750269955,False
1981-11-26 16:00:00,0.001353762,0.14500599,0.11134736,0.060301087110186925,0.13511339590109378,False
1981-11-26 17:00:00,0.0,0.1502504,0.11662918,0.061740375369787215,0.13421646875763213,False
1981-11-26 18:00:00,0.0,0.15763654,0.1237159,0.06484854117035865,0.13331447699727392,False
1981-11-26 19:00:00,0.0,0.16892022,0.13390993,0.06956269678473473,0.13227843454914068,False
1981-11-26 20:00:00,0.0,0.18228664,0.14428751,0.07505529396235944,0.13111119789877806,False
1981-11-26 21:00:00,0.0,0.20172986,0.16065212,0.08311353403329849,0.12992580813603374,False
1981-11-26 22:00:00,0.0,0.20137484,0.16185357,0.0830474099367857,0.12892603318827126,False
1981-11-26 23:00:00,0.0,0.21043149,0.16927771,0.08679021495580673,0.1279590528613505,False
1981-11-27 00:00:00,0.0,0.2169789,0.17381756,0.08945135964453221,0.1271711552875665,False
1981-11-27 01:00:00,0.0,0.22258013,0.1778305,0.09173491689562799,0.12666055428856882,False
1981-11-27 02:00:00,0.0,0.22838965,0.18336725,0.09417761269211769,0.12633589839065346,False
1981-11-27 03:00:00,0.0,0.23998855,0.19553961,0.0991149140149355,0.1261510287603912,False
1981-11-27 04:00:00,0.0,0.26073873,0.21349701,0.10774143022298813,0.12596145945290002,False
1981-11-27 05:00:00,0.0,0.27758977,0.22689359,0.11468287825584411,0.1258391917959404,False
1981-11-27 06:00:00,0.0,0.30505702,0.25009865,0.12607136687636375,0.12565589455203982,False
1981-11-27 07:00:00,0.00029513417,0.33396536,0.27652603,0.13833591650045127,0.12538091656813297,False
1981-11-27 08:00:00,0.012434965,0.37098914,0.30957887,0.16078722763620318,0.12504819415507099,False
1981-11-27 09:00:00,0.042944655,0.41278636,0.34488428,0.1957209852784872,0.12467494797191774,False
1981-11-27 10:00:00,0.07126736,0.41829738,0.34616947,0.21416615089029073,0.12413815058454751,False
1981-11-27 11:00:00,0.08858318,0.4475055,0.36540025,0.235973638869822,0.12355537186498322,False
1981-11-27 12:00:00,0.09412677,0.45651522,0.36915883,0.2426998396292329,0.12297629996386546,False
1981-11-27 13:00:00,0.07555821,0.45816654,0.3678164,0.23252262409776447,0.12244309156851102,False
1981-11-27 14:00:00,0.0484207,0.43128672,0.34685138,0.20581351960077882,0.12211086335356537,False
1981-11-27 15:00:00,0.017506327,0.39598754,0.31865764,0.17342806577309966,0.12186219600826072,False
1981-11-27 16:00:00,0.000806944,0.3727971,0.2997815,0.15421593828639016,0.12133954616707165,False
1981-11-27 17:00:00,0.0,0.3628864,0.29433364,0.14979909762740135,0.12057889644709763,False
1981-11-27 18:00:00,0.0,0.33945453,0.2744445,0.14007872468233107,0.1197918501086661,False
1981-11-27 19:00:00,0.0,0.31192693,0.25090593,0.12864995786547662,0.11890684366320607,False
1981-11-27 20:00:00,0.0,0.28938392,0.2321218,0.11931724271178246,0.11794296303462583,False
1981-11-27 21:00:00,0.0,0.2882957,0.23242794,0.11893221697211266,0.11687816624344673,False
1981-11-27 22:00:00,0.0,0.28874362,0.23760788,0.11937721958756446,0.11568038064265972,False
1981-11-27 23:00:00,0.0,0.2887491,0.23615652,0.11930086970329284,0.11454008992925634,False
1981-11-28 00:00:00,0.0,0.2825246,0.23021437,0.11668314823508263,0.11331035112008798,False
1981-11-28 01:00:00,0.0,0.27663577,0.22791195,0.11438584291934967,0.11204037232907836,False
1981-11-28 02:00:00,0.0,0.26498234,0.21899818,0.10960438612103462,0.11071504726844256,False
1981-11-28 03:00:00,0.0,0.25524384,0.21179105,0.10562169304490089,0.10935887128046129,False
1981-11-28 04:00:00,0.0,0.24790178,0.20616074,0.10260843761265279,0.10792498277338568,False
1981-11-28 05:00:00,0.0,0.23158704,0.19411209,0.09593766979873179,0.10637812161051081,False
1981-11-28 06:00:00,0.0,0.20836571,0.17319085,0.08623925220966339,0.10469526577020409,False
1981-11-28 07:00:00,0.00037857736,0.18638188,0.15584281,0.07740886333989329,0.10279753876502039,False
1981-11-28 08:00:00,0.018665629,0.17442271,0.1454318,0.08298536534793674,0.10069433542572918,False
1981-11-28 09:00:00,0.06720919,0.16492663,0.13572489,0.1069667751416564,0.09840043037923234,False
1981-11-28 10:00:00,0.12165973,0.16118509,0.13247125,0.13682841021567582,0.0960393579892025,False
1981-11-28 11:00:00,0.16140881,0.1358685,0.10619892,0.14900310440361497,0.09418596097930826,False
1981-11-28 12:00:00,0.16716729,0.10356144,0.07979955,0.13897887336462736,0.09228046176236304,False
1981-11-28 13:00:00,0.14307135,0.07924231,0.05856938,0.11495533031970262,0.09030548053493904,False
1981-11-28 14:00:00,0.100264244,0.06513502,0.04748343,0.08445139513164758,0.08836538157250294,False
1981-11-28 15:00:00,0.03780875,0.05698602,0.041542806,0.04508680117502808,0.08634197223003204,False
1981-11-28 16:00:00,0.0016873617,0.055750545,0.041561883,0.023789900551433676,0.08426217320428565,False
1981-11-28 17:00:00,0.0,0.058513746,0.04389961,0.023962151125073432,0.08219998544923938,False
1981-11-28 18:00:00,0.0,0.054542065,0.041522406,0.022368231788277626,0.08021607806816673,False
1981-11-28 19:00:00,0.0,0.056847546,0.042957075,0.023296426612883805,0.07844137993924297,False
1981-11-28 20:00:00,0.0,0.05847537,0.04384511,0.023945047985762358,0.07689736322969175,False
1981-11-28 21:00:00,0.0,0.06237198,0.048232675,0.02561982519552112,0.07553359642256029,False
1981-11-28 22:00:00,0.0,0.06877936,0.054330982,0.02831345569342375,0.07419196000233269,False
1981-11-28 23:00:00,0.0,0.067332625,0.054018766,0.02776275211572647,0.0728201932469753,False
1981-11-29 00:00:00,0.0,0.069031976,0.05591812,0.028492377676069734,0.07143608090378321,False
1981-11-29 01:00:00,0.0,0.068090335,0.055444084,0.028119313985109327,0.07008832143343961,False
1981-11-29 02:00:00,0.0,0.07044132,0.057191074,0.029081165269017217,0.06884277460355288,False
1981-11-29 03:00:00,0.0,0.073316924,0.059894826,0.03028826567530632,0.06773708790265,False
1981-11-29 04:00:00,0.0,0.080971815,0.06691657,0.03349209440499544,0.06675845503158843,False
1981-11-29 05:00:00,0.0,0.08177122,0.06911516,0.03390579792112112,0.06588810823861486,False
1981-11-29 06:00:00,0.0,0.084129035,0.07290475,0.034980470627546306,0.06515633401930308,False
1981-11-29 07:00:00,0.00031611024,0.08934132,0.078385435,0.03738215621447308,0.06458670563533879,False
1981-11-29 08:00:00,0.016271565,0.09918216,0.08690511,0.05067978540435433,0.06413097807306868,False
1981-11-29 09:00:00,0.05839902,0.11731264,0.10009094,0.08238951055705547,0.06371254207985237,False
1981-11-29 10:00:00,0.10490727,0.1561121,0.1308562,0.12520309441536664,0.06321130882684524,False
1981-11-29 11:00:00,0.12906604,0.1692421,0.14052296,0.14450967645645138,0.06281492866544434,False
1981-11-29 12:00:00,0.1322852,0.1729291,0.14372869,0.1479007407128811,0.06229633927112207,False
1981-11-29 13:00:00,0.11657023,0.17428437,0.14492446,0.13939787390083075,0.061708815343986055,False
1981-11-29 14:00:00,0.073576376,0.15991811,0.13382441,0.10868987116217613,0.061231822204773724,False
1981-11-29 15:00:00,0.02749548,0.13928367,0.11735456,0.07359771253727376,0.06097642622197119,False
1981-11-29 16:00:00,0.001468554,0.13117221,0.11075972,0.05523092604416888,0.06131758577197863,False
1981-11-29 17:00:00,0.0,0.13161539,0.111212336,0.054571543335914616,0.06203066318120671,False
1981-11-29 18:00:00,0.0,0.1323888,0.11188421,0.05489321449398995,0.06298930148605121,False
1981-11-29 19:00:00,0.0,0.13151689,0.11124859,0.054537155807018275,0.0643194692415358,False
1981-11-29 20:00:00,0.0,0.12984996,0.11003338,0.05385643596947193,0.06601754581962575,False
1981-11-29 21:00:00,0.0,0.13150835,0.11124236,0.05453366880118847,0.06798923787113142,False
1981-11-29 22:00:00,0.0,0.1290565,0.10945495,0.05353241533041,0.07020802077266251,False
1981-11-29 23:00:00,0.0,0.12741841,0.10826079,0.052863477230072016,0.07241710029483636,False
1981-11-30 00:00:00,0.0,0.12528116,0.10670273,0.05199069365859031,0.0748176829566886,False
1981-11-30 01:00:00,0.0,0.13166979,0.11136005,0.054599595084786415,0.07722947708877599,False
1981-11-30 02:00:00,0.0,0.13628426,0.11560244,0.05653142447769642,0.07952552397909438,False
1981-11-30 03:00:00,0.0,0.14146562,0.11937966,0.05864731523394585,0.08174387202679043,False
1981-11-30 04:00:00,0.0,0.14679717,0.123400696,0.060831791549921035,0.08387297165660983,False
1981-11-30 05:00:00,0.0,0.14684635,0.12270746,0.06081250727176666,0.08590344392821987,False
1981-11-30 06:00:00,0.0,0.14239465,0.11765676,0.058897089779376986,0.08788363531685299,False
1981-11-30 07:00:00,0.00029772735,0.1340035,0.10953441,0.055533940350927874,0.08975599602318234,False
1981-11-30 08:00:00,0.01734457,0.12826282,0.10303039,0.06290043767355383,0.0914469497681882,False
1981-11-30 09:00:00,0.055739984,0.12342026,0.096361704,0.08290757899731396,0.09281789593214008,False
1981-11-30 10:00:00,0.088795185,0.1625885,0.12170707,0.11780216246843338,0.09401097673575233,False
1981-11-30 11:00:00,0.10506471,0.15542614,0.113633834,0.12411081347614525,0.09503098277555307,False
1981-11-30 12:00:00,0.10397305,0.12436215,0.090660006,0.11077772486209869,0.09588069396987707,False
1981-11-30 13:00:00,0.08272709,0.1085451,0.079129376,0.09205965963751077,0.09663385475141456,False
1981-11-30 14:00:00,0.048780005,0.10785694,0.07865028,0.07219238795712589,0.09697634688743229,False
1981-11-30 15:00:00,0.015325021,0.12880215,0.09429498,0.061462459575384855,0.09717505403369193,False
1981-11-30 16:00:00,0.00041975145,0.14109826,0.10574373,0.058017616194381845,0.09747243082719075,False
1981-11-30 17:00:00,0.0,0.17069809,0.12942952,0.06997678975760938,0.09779938737104754,False
1981-11-30 18:00:00,0.0,0.21004038,0.16132195,0.08621628405153751,0.09813761164794783,False
1981-11-30 19:00:00,0.0,0.25455034,0.2013894,0.10480410236120224,0.09844022590934408,False
1981-11-30 20:00:00,0.0,0.28703964,0.23460445,0.11858626645803452,0.09871582616574238,False
1981-11-30 21:00:00,0.0,0.31890875,0.26748288,0.13212140446901321,0.09895763787522088,False
1981-11-30 22:00:00,0.0,0.3236625,0.27625582,0.13434927275776865,0.0991201771598972,False
1981-11-30 23:00:00,0.0,0.3446779,0.29267734,0.14299071988463402,0.09924280870041918,False
1981-12-01 00:00:00,0.0,0.34837028,0.29092336,0.14425849601626395,0.09930110831546705,False
1981-12-01 01:00:00,0.0,0.33465466,0.27485177,0.1383295647203922,0.09930203338979852,False
1981-12-01 02:00:00,0.0,0.32795766,0.26936102,0.1355618715584278,0.09916612880804686,False
1981-12-01 03:00:00,0.0,0.32049266,0.26339367,0.13248504790663718,0.09891181657544447,False
1981-12-01 04:00:00,0.0,0.3165755,0.2618223,0.1309547634422779,0.09852918331592454,False
1981-12-01 05:00:00,0.0,0.3113295,0.26063693,0.12895498457551002,0.09802604671602248,False
1981-12-01 06:00:00,0.0,0.30089965,0.25595948,0.1248537845313549,0.09745805911894068,False
1981-12-01 07:00:00,0.00021099948,0.28520787,0.24415715,0.11854793597475509,0.09683626089791879,False
1981-12-01 08:00:00,0.014220868,0.26060647,0.22436988,0.11648520127404481,0.09621653742167542,False
1981-12-01 09:00:00,0.056562748,0.25767642,0.22107562,0.13965738913044332,0.09557834059726589,False
1981-12-01 10:00:00,0.09169737,0.2925849,0.24611433,0.1741633843258023,0.09497836105266418,False
1981-12-01 11:00:00,0.11992796,0.28023422,0.2350177,0.18529581378400323,0.09424263937558812,False
1981-12-01 12:00:00,0.1250825,0.26995558,0.22715282,0.18405245822668076,0.09373158887778553,False
1981-12-01 13:00:00,0.104244575,0.2303126,0.1982042,0.15583749642968178,0.09354769710091397,False
1981-12-01 14:00:00,0.06467022,0.19413114,0.17182793,0.11822781418263911,0.09344494264340948,False
1981-12-01 15:00:00,0.021820625,0.18038344,0.16147791,0.08787179862521588,0.09314026904832716,False
1981-12-01 16:00:00,0.0008788042,0.16854613,0.15230092,0.07092484014929505,0.09235690777272441,False
1981-12-01 17:00:00,0.0,0.1694986,0.15298755,0.0708063086271286,0.09126267747729506,False
1981-12-01 18:00:00,0.0,0.16624527,0.14952214,0.06941869904100895,0.08990652820593169,False
1981-12-01 19:00:00,0.0,0.16243532,0.14495063,0.06776596811413765,0.08817518514461771,False
1981-12-01 20:00:00,0.0,0.15715338,0.1384037,0.06546339802443982,0.08603025922642045,False
1981-12-01 21:00:00,0.0,0.15001859,0.1292351,0.06233555446565151,0.08358563319615568,False
1981-12-01 22:00:00,0.0,0.14314853,0.12216524,0.059418729275465015,0.08084990940475908,False
1981-12-01 23:00:00,0.0,0.13405643,0.11472286,0.05566185875236988,0.07807576501283692,False
1981-12-02 00:00:00,0.0,0.12542136,0.10656695,0.05203509722650051,0.0751404525278929,False
1981-12-02 01:00:00,0.0,0.116052635,0.0972732,0.048076175160706044,0.07221527742476681,False
1981-12-02 02:00:00,0.0,0.10712794,0.088781975,0.04432443731278181,0.06949550857719514,False
1981-12-02 03:00:00,0.0,0.09771405,0.078230254,0.040280918776988986,0.06693758198431242,False
1981-12-02 04:00:00,0.0,0.08892987,0.071594685,0.03668123475462198,0.06456341686843443,False
1981-12-02 05:00:00,0.0,0.081362136,0.065305084,0.03354910261183977,0.062288646844900354,False
1981-12-02 06:00:00,0.0,0.07057047,0.05574578,0.02905077517032623,0.06013216907017413,False
1981-12-02 07:00:00,0.00019100306,0.0624522,0.048743382,0.0257872134912468,0.058226875811801436,True
1981-12-02 08:00:00,0.015322919,0.057213318,0.042850956,0.03226699010189623,0.05658648380402228,True
1981-12-02 09:00:00,0.060237475,0.04738773,0.034545656,0.05410856085643172,0.055228871224349364,True
1981-12-02 10:00:00,0.11398835,0.04093447,0.029841227,0.08248752196878194,0.054036124974235274,True
1981-12-02 11:00:00,0.1480594,0.034650575,0.025260272,0.09958038958162069,0.0528986037322885,True
1981-12-02 12:00:00,0.15692048,0.027935244,0.020364793,0.10195091957226396,0.05196032531580639,True
1981-12-02 13:00:00,0.13764948,0.01886469,0.013752358,0.08712744567729533,0.05115419871226015,True
1981-12-02 14:00:00,0.091217,0.012086825,0.008811295,0.057568055393174285,0.05063008829848282,True
1981-12-02 15:00:00,0.034803875,0.009254646,0.0067466367,0.02386111834645271,0.05052748980891022,True
1981-12-02 16:00:00,0.0017450459,0.010989334,0.008011225,0.005494562013773248,0.050578436999793475,True
1981-12-02 17:00:00,0.0,0.011954043,0.008714497,0.004881624732166528,0.05079275772082667,True
1981-12-02 18:00:00,0.0,0.007620167,0.0055551017,0.003111817108467221,0.05114738653334836,True
1981-12-02 19:00:00,0.0,0.0045245155,0.0032983718,0.0018476582877337932,0.051687394970236826,True
1981-12-02 20:00:00,0.0,0.0030468183,0.0022211305,0.0012442170053254813,0.05240004451400648,True
1981-12-02 21:00:00,0.0,0.001975342,0.0014400242,0.000806662481976673,0.05328649956467609,True
1981-12-02 22:00:00,0.0,0.00291489,0.0021249547,0.0011903419455047697,0.05440095544620465,True
1981-12-02 23:00:00,0.0,0.0051319664,0.0037412036,0.0020957206073217096,0.055663249304658276,True
1981-12-03 00:00:00,0.0,0.00942804,0.006873042,0.0038500910662114616,0.05709561703833799,True
1981-12-03 01:00:00,0.0,0.019053154,0.013889747,0.007780660036951303,0.05872676703161608,True
1981-12-03 02:00:00,0.0,0.031298872,0.022816876,0.012781395100057125,0.060484704074124346,False
1981-12-03 03:00:00,0.0,0.0451079,0.034820497,0.018525122344493865,0.06239208206548402,False
1981-12-03 04:00:00,0.0,0.053164396,0.03978037,0.021765802312642336,0.06447485454767057,False
1981-12-03 05:00:00,0.0,0.062183943,0.04626253,0.025444051388651134,0.06678403227464343,False
1981-12-03 06:00:00,0.0,0.08111926,0.06419816,0.03339970812946558,0.06930637331041554,False
1981-12-03 07:00:00,0.00014611203,0.09564068,0.08210003,0.03980911960135563,0.07199076682250062,False
1981-12-03 08:00:00,0.014720806,0.10285847,0.09020588,0.051319797449745234,0.07484848608910301,False
1981-12-03 09:00:00,0.06068619,0.11353119,0.10178944,0.08240556912496685,0.07775311538335906,False
1981-12-03 10:00:00,0.11192149,0.13144109,0.12003527,0.11956236471235751,0.0805877650193812,False
1981-12-03 11:00:00,0.13719748,0.14598884,0.13380784,0.14025844979286195,0.0826306842022983,False
1981-12-03 12:00:00,0.14067928,0.15336761,0.14062567,0.14535838125646114,0.08466077614800112,False
1981-12-03 13:00:00,0.11134185,0.15878469,0.14526667,0.13068019656836985,0.08685688425793973,False
1981-12-03 14:00:00,0.07244329,0.17097658,0.15579537,0.1133030866831541,0.08956099211140729,False
1981-12-03 15:00:00,0.027005455,0.17871247,0.16278175,0.09031726378761233,0.09276801480740347,False
1981-12-03 16:00:00,0.0013044338,0.19267863,0.17335485,0.08121223475888838,0.09626265809779481,False
1981-12-03 17:00:00,0.0,0.21068555,0.18676895,0.08782849162817002,0.09985111434309413,False
1981-12-03 18:00:00,0.0,0.22910051,0.20001881,0.09533910401165485,0.10341018607694324,False
1981-12-03 19:00:00,0.0,0.24535571,0.21179424,0.1019731462150812,0.10689821972331166,False
1981-12-03 20:00:00,0.0,0.26019818,0.22222432,0.10801324045658112,0.11028590340149724,False
1981-12-03 21:00:00,0.0,0.27934095,0.23615973,0.11582943677902222,0.1136204786939042,False
1981-12-03 22:00:00,0.0,0.28970575,0.24272984,0.12000883448123932,0.11698635047327748,False
1981-12-03 23:00:00,0.0,0.30058017,0.2500264,0.12441550996899604,0.12009166838014694,False
1981-12-04 00:00:00,0.0,0.3150427,0.2607322,0.13033029690384865,0.12315693884836122,False
1981-12-04 01:00:00,0.0,0.32036465,0.26375178,0.1324571532011032,0.12605438815806605,False
1981-12-04 02:00:00,0.0,0.32878658,0.2695617,0.1358785808980465,0.1286899514340757,False
1981-12-04 03:00:00,0.0,0.33954912,0.2770439,0.14025399792194365,0.13101245276890308,False
1981-12-04 04:00:00,0.0,0.3573587,0.28993347,0.14752176564931868,0.13306003685369702,False
1981-12-04 05:00:00,0.0,0.37477782,0.3023788,0.1546214723289013,0.13498804619074414,False
1981-12-04 06:00:00,0.0,0.38292602,0.30744377,0.15790166375041007,0.13678222676207857,False
1981-12-04 07:00:00,9.5285424e-05,0.39516526,0.31642178,0.16295773828816165,0.1384326485011688,False
1981-12-04 08:00:00,0.0051884027,0.40912354,0.328313,0.17168919622618706,0.13994035636294572,False
1981-12-04 09:00:00,0.023305975,0.42850706,0.34453872,0.19017174338549372,0.14150119189883598,False
1981-12-04 10:00:00,0.03996254,0.38147387,0.3097296,0.1805476427488029,0.14318715852705158,False
1981-12-04 11:00:00,0.052729003,0.4035185,0.3278119,0.1970248029753566,0.1452419590331119,False
1981-12-04 12:00:00,0.058283914,0.42065686,0.34281313,0.2073641088493168,0.147386656411191,False
1981-12-04 13:00:00,0.056437988,0.44641677,0.36355773,0.216924622643739,0.1492829622712112,False
1981-12-04 14:00:00,0.038610455,0.45827946,0.37262577,0.2115051448009908,0.150942319581484,False
1981-12-04 15:00:00,0.014202514,0.4440225,0.36231187,0.1916039962852374,0.15249989425007274,False
1981-12-04 16:00:00,0.00059061404,0.42928746,0.35171488,0.17774046178814024,0.1537170430484742,False
1981-12-04 17:00:00,0.0,0.42505676,0.34946528,0.17571706795692443,0.15410869972745908,False
1981-12-04 18:00:00,0.0,0.4122699,0.340923,0.17053743213415146,0.15416001182201336,False
1981-12-04 19:00:00,0.0,0.39737493,0.33009493,0.16445647484064102,0.1539378539823277,False
1981-12-04 20:00:00,0.0,0.38962203,0.32469076,0.16130383104085924,0.15351934718585591,False
1981-12-04 21:00:00,0.0,0.392166,0.3270233,0.1623685078918934,0.15290937751217762,False
1981-12-04 22:00:00,0.0,0.36288643,0.30260202,0.1502456014752388,0.15207579615212063,False
1981-12-04 23:00:00,0.0,0.3606646,0.29895303,0.14922870308160782,0.15105749474803934,False
1981-12-05 00:00:00,0.0,0.34546116,0.28615722,0.14292765793204307,0.14980813925399464,False
1981-12-05 01:00:00,0.0,0.3244755,0.26955998,0.13428769728541373,0.1483133438682465,False
1981-12-05 02:00:00,0.0,0.30000436,0.25110832,0.124261459171772,0.14669469986449013,False
1981-12-05 03:00:00,0.0,0.281769,0.23771101,0.11680915841460228,0.14488586449868063,False
1981-12-05 04:00:00,0.0,0.27571604,0.2327969,0.11431025049090385,0.14290186537069285,False
1981-12-05 05:00:00,0.0,0.269025,0.22767583,0.11156471881270409,0.14074098110024835,False
1981-12-05 06:00:00,0.0,0.27156436,0.22986484,0.11261995160579681,0.1383980571563637,False
1981-12-05 07:00:00,0.00014980011,0.27029088,0.22880235,0.11217909696664718,0.1359634898878915,False
1981-12-05 08:00:00,0.019536367,0.27727053,0.23434436,0.12623990317247807,0.13339476275839615,False
1981-12-05 09:00:00,0.08322625,0.27805585,0.2353299,0.163331967279315,0.13078753708430804,False
1981-12-05 10:00:00,0.14311488,0.3275645,0.27304074,0.21819278900325298,0.12830592954263328,False
1981-12-05 11:00:00,0.17885682,0.33835283,0.28058046,0.24320392394065854,0.12672449341823586,False
1981-12-05 12:00:00,0.18333933,0.31551254,0.26241007,0.23638106253743169,0.12507065334174708,False
1981-12-05 13:00:00,0.15484393,0.29237795,0.2425359,0.21032934746146204,0.12324650834729511,False
1981-12-05 14:00:00,0.10076347,0.31453577,0.25671205,0.1880666707754135,0.12099419232880625,False
1981-12-05 15:00:00,0.038305953,0.30677882,0.24882384,0.14874040611088277,0.1184634106551507,False
1981-12-05 16:00:00,0.0015785053,0.23934877,0.199653,0.10001175535016228,0.11590000323238943,False
1981-12-05 17:00:00,0.0,0.21777725,0.18391974,0.09029147216677666,0.11338795231422061,False
1981-12-05 18:00:00,0.0,0.20404808,0.17373677,0.08467552770674228,0.11093945646425361,False
1981-12-05 19:00:00,0.0,0.19721478,0.16875121,0.08188481998443603,0.10863146385876114,False
1981-12-05 20:00:00,0.0,0.18953854,0.16286992,0.07873469612002372,0.10648103186627501,False
1981-12-05 21:00:00,0.0,0.18249264,0.1569953,0.0758175314962864,0.10444740745285179,False
1981-12-05 22:00:00,0.0,0.1713083,0.14662234,0.07113036708533764,0.10241730284364547,False
1981-12-05 23:00:00,0.0,0.15568449,0.12960872,0.06444644625484942,0.10062441778694864,False
1981-12-06 00:00:00,0.0,0.1420421,0.11419599,0.058580118387937544,0.09888017680076534,False
1981-12-06 01:00:00,0.0,0.13311225,0.10451519,0.05476224102079868,0.09727221231115635,False
1981-12-06 02:00:00,0.0,0.11941406,0.09242027,0.049054483339190484,0.09584172872872676,False
1981-12-06 03:00:00,0.0,0.109894626,0.08279487,0.045022039778530594,0.09456460765795434,False
1981-12-06 04:00:00,0.0,0.10695474,0.08024115,0.043799320667982096,0.0933742215628701,False
1981-12-06 05:00:00,0.0,0.10283157,0.07807913,0.042161123022437096,0.09218424712260838,False
1981-12-06 06:00:00,0.0,0.099829845,0.07787448,0.04104243486374616,0.0910046328180435,False
1981-12-06 07:00:00,0.0001384477,0.09610198,0.07624671,0.03965883607238356,0.08974711999995288,False
1981-12-06 08:00:00,0.014943938,0.09191886,0.07410465,0.04654236386995762,0.08841473941615265,False
1981-12-06 09:00:00,0.055565294,0.094451785,0.076679595,0.07105458138510584,0.08691247181561103,False
1981-12-06 10:00:00,0.094977096,0.120679386,0.09826354,0.1046387087777257,0.08525009803370831,False
1981-12-06 11:00:00,0.11770637,0.12041623,0.09796875,0.11764047930389643,0.08337087787770925,False
1981-12-06 12:00:00,0.11895883,0.1241175,0.09938048,0.11980514911562204,0.08139344307832368,False
1981-12-06 13:00:00,0.09868462,0.12587829,0.10043225,0.10881345375627278,0.07983407374958146,False
1981-12-06 14:00:00,0.061544217,0.1320144,0.107468516,0.09002762446552516,0.0785199309943487,False
1981-12-06 15:00:00,0.020781849,0.13634428,0.11589394,0.06856043999269605,0.07721037761701839,False
1981-12-06 16:00:00,0.0007965136,0.13625824,0.118946984,0.05716201771603664,0.07588747936131847,False
1981-12-06 17:00:00,0.0,0.13975963,0.12255488,0.0581892671585083,0.07524322119046538,False
1981-12-06 18:00:00,0.0,0.14353219,0.12574834,0.059753787070512765,0.0748962538928592,False
1981-12-06 19:00:00,0.0,0.14727092,0.1276439,0.061235739201307295,0.07480394940235255,False
1981-12-06 20:00:00,0.0,0.15313403,0.13302594,0.0636898591965437,0.07489783504669158,False
1981-12-06 21:00:00,0.0,0.15593633,0.13672186,0.06492348664999008,0.07518802685261307,False
1981-12-06 22:00:00,0.0,0.15364091,0.13877079,0.06418711875379085,0.07559752042934832,False
1981-12-06 23:00:00,0.0,0.15664771,0.14263204,0.0655051357448101,0.07580715535365579,False
1981-12-07 00:00:00,0.0,0.15727237,0.14281219,0.06574536243081093,0.07600294779956875,False
1981-12-07 01:00:00,0.0,0.15765662,0.13794798,0.06562448532879352,0.07618808002647547,False
1981-12-07 02:00:00,0.0,0.15182325,0.12846051,0.06295964777469636,0.07640110771328744,False
1981-12-07 03:00:00,0.0,0.14425224,0.119287945,0.05967062585055828,0.07667278429743436,False
1981-12-07 04:00:00,0.0,0.13827874,0.114196725,0.05719147735834122,0.07705043270363075,False
1981-12-07 05:00:00,0.0,0.13279808,0.110013746,0.05494323219358921,0.07746803105267298,False
1981-12-07 06:00:00,0.0,0.12631935,0.10458327,0.052259336337447164,0.07790927753894193,False
1981-12-07 07:00:00,9.773455e-05,0.11630298,0.09727103,0.04822482894423592,0.07833961802505492,False
1981-12-07 08:00:00,0.013185117,0.11242644,0.09329426,0.05413105834648013,0.07881643625546352,False
1981-12-07 09:00:00,0.06197541,0.1156097,0.09478216,0.08353802574798465,0.07938521192466945,False
1981-12-07 10:00:00,0.11738825,0.14513132,0.12414343,0.12799022151529788,0.07997489245410182,False
1981-12-07 11:00:00,0.14979579,0.14851099,0.13063572,0.14828705357015132,0.08085271443119686,False
1981-12-07 12:00:00,0.16132289,0.16447467,0.14364582,0.16153133475780485,0.08176477066555164,False
1981-12-07 13:00:00,0.13558942,0.1657,0.1457796,0.14725049521028996,0.08258283182221568,False
1981-12-07 14:00:00,0.087622434,0.17927569,0.15735619,0.12520810866355894,0.08329280090568379,False
1981-12-07 15:00:00,0.02876283,0.1647805,0.14520617,0.08524128983728588,0.08409590812457829,False
1981-12-07 16:00:00,0.0008386962,0.16457571,0.1458333,0.06908736314921407,0.08498049396307156,False
1981-12-07 17:00:00,0.0,0.17704232,0.15385973,0.07363704188168049,0.08605645821971002,False
1981-12-07 18:00:00,0.0,0.19315611,0.16611682,0.08024491216242313,0.08733800498006049,False
1981-12-07 19:00:00,0.0,0.20823894,0.17687334,0.08639133091270923,0.08889507573266629,False
1981-12-07 20:00:00,0.0,0.2241389,0.18438238,0.09266390280425549,0.09057306382601264,False
1981-12-07 21:00:00,0.0,0.2314407,0.18651125,0.09547322317957878,0.092215913587074,False
1981-12-07 22:00:00,0.0,0.19691826,0.15796304,0.08119284345209599,0.09371303165407034,False
1981-12-07 23:00:00,0.0,0.17906152,0.1439034,0.07384448365867137,0.09461890128796102,False
1981-12-08 00:00:00,0.0,0.16366924,0.13097249,0.06746646527945994,0.09537806023546608,False
1981-12-08 01:00:00,0.0,0.15779278,0.12522288,0.0649875699877739,0.09596322707814277,False
1981-12-08 02:00:00,0.0,0.15084834,0.11910964,0.06209495937824249,0.0964358419178158,False
1981-12-08 03:00:00,0.0,0.15328053,0.12201202,0.06314916327595711,0.09676448345259875,False
1981-12-08 04:00:00,0.0,0.15498006,0.12326663,0.06384404142200947,0.09692080214136391,False
1981-12-08 05:00:00,0.0,0.15420829,0.119224004,0.0633409543633461,0.09685864949395061,False
1981-12-08 06:00:00,0.0,0.15023902,0.11593666,0.061698778197169304,0.09658428229234294,False
1981-12-08 07:00:00,7.877543e-05,0.15240319,0.115997784,0.06254611113199644,0.09625355436495618,False
1981-12-08 08:00:00,0.011154245,0.16462962,0.12331974,0.07384359599184244,0.09595818898342524,False
1981-12-08 09:00:00,0.047170438,0.17621946,0.13179485,0.09935924679785967,0.09570878976884972,False
1981-12-08 10:00:00,0.08661385,0.23579681,0.18127686,0.14677416367828844,0.0954802253302844,False
1981-12-08 11:00:00,0.11273866,0.23450409,0.18216597,0.1614191785529256,0.09515367468453066,False
1981-12-08 12:00:00,0.11293168,0.2279125,0.1816813,0.15907208463549616,0.0950602954424954,False
1981-12-08 13:00:00,0.089913376,0.22017245,0.18089478,0.1428919697627425,0.09483489497850701,False
1981-12-08 14:00:00,0.056818437,0.23100749,0.19538464,0.1285767709724605,0.09467750858165065,False
1981-12-08 15:00:00,0.018398156,0.24158944,0.2084874,0.111020560240373,0.09453876188776507,False
1981-12-08 16:00:00,0.0007253448,0.2604041,0.22779003,0.10880830203468213,0.09455421938299718,False
1981-12-08 17:00:00,0.0,0.28830037,0.2466792,0.11970351165533065,0.09455634099703115,False
1981-12-08 18:00:00,0.0,0.32468677,0.2719216,0.13449318319559098,0.09449820752806797,False
1981-12-08 19:00:00,0.0,0.34246317,0.28537518,0.14177916768193247,0.09440347720302476,False
1981-12-08 20:00:00,0.0,0.3452211,0.28074187,0.14254664772748946,0.09426884567729964,False
1981-12-08 21:00:00,0.0,0.3319779,0.26454273,0.13678515386581422,0.09406418718390001,False
1981-12-08 22:00:00,0.0,0.26280427,0.19803862,0.1076688611805439,0.09388321623384786,False
1981-12-08 23:00:00,0.0,0.24852212,0.18963155,0.10194476522505283,0.09405486949711872,False
1981-12-09 00:00:00,0.0,0.22849272,0.17628808,0.0938333708792925,0.09433012084841562,False
1981-12-09 01:00:00,0.0,0.21513195,0.16530198,0.08830999763309956,0.094777255495934,False
1981-12-09 02:00:00,0.0,0.1918839,0.14683852,0.07873444144427776,0.09538754124279897,False
1981-12-09 03:00:00,0.0,0.16407157,0.122805774,0.06717392291128635,0.09611139902278613,False
1981-12-09 04:00:00,0.0,0.13272995,0.09686666,0.05420815028250218,0.09687619029071014,False
1981-12-09 05:00:00,0.0,0.10229453,0.074572705,0.04177360651642084,0.0976255871904252,False
1981-12-09 06:00:00,0.0,0.089097515,0.06495209,0.03638439582288265,0.09825795836087148,False
1981-12-09 07:00:00,5.419773e-05,0.08329787,0.06072415,0.034047290630751376,0.09878488944183866,False
1981-12-09 08:00:00,0.0115575725,0.08690602,0.06338619,0.04215989604685456,0.09909703286432574,False
1981-12-09 09:00:00,0.05702981,0.09704097,0.07134469,0.0725669326968491,0.09922288477178265,False
1981-12-09 10:00:00,0.1115571,0.11706657,0.08795884,0.1123157905191183,0.09936622834894408,False
1981-12-09 11:00:00,0.14426889,0.14718087,0.115777075,0.14380484995245935,0.0994012201584215,False
1981-12-09 12:00:00,0.14931928,0.1561491,0.12844205,0.15071211248636246,0.09966782858088835,False
1981-12-09 13:00:00,0.1234966,0.16533023,0.13762139,0.1396959481611848,0.09987060044571978,False
1981-12-09 14:00:00,0.08670444,0.16523187,0.13980085,0.11854826735705137,0.0998097281535737,False
1981-12-09 15:00:00,0.032195527,0.16238283,0.13865125,0.08598324960842728,0.09914280929290291,False
1981-12-09 16:00:00,0.0014136935,0.16451621,0.14198181,0.0691892006228445,0.09796005887780716,False
1981-12-09 17:00:00,0.0,0.17044485,0.14726828,0.07084663537144661,0.09638595295283316,False
1981-12-09 18:00:00,0.0,0.18211605,0.1573525,0.07569785656034947,0.09453615754382057,False
1981-12-09 19:00:00,0.0,0.19236584,0.16566709,0.07992901767790317,0.09239340077764659,False
1981-12-09 20:00:00,0.0,0.19931172,0.17211613,0.08284029512107373,0.09011443035262941,False
1981-12-09 21:00:00,0.0,0.20877063,0.18056026,0.08678661757707595,0.08779903414477898,False
1981-12-09 22:00:00,0.0,0.21509801,0.18631546,0.08943220008909702,0.0856102459836316,False
1981-12-09 23:00:00,0.0,0.20937856,0.18140484,0.08705654852092266,0.08408703016261874,False
1981-12-10 00:00:00,0.0,0.21423598,0.18288617,0.08892892836034297,0.08271005657599612,False
1981-12-10 01:00:00,0.0,0.2277204,0.18986037,0.09428128583729267,0.0815619271346864,False
1981-12-10 02:00:00,0.0,0.23438074,0.19173409,0.09684013281762599,0.08057750335899486,False
1981-12-10 03:00:00,0.0,0.24162622,0.19813092,0.09985914413630963,0.0797800521129307,False
1981-12-10 04:00:00,0.0,0.24168535,0.19691111,0.09981509260833264,0.07921846029772728,False
1981-12-10 05:00:00,0.0,0.22695532,0.18422696,0.09369477054476738,0.07887718818062289,False
1981-12-10 06:00:00,0.0,0.21053518,0.17229606,0.08699147008359431,0.07875537800514444,False
1981-12-10 07:00:00,3.0484422e-05,0.18760066,0.15345858,0.07752899541137594,0.0787115456457746,False
1981-12-10 08:00:00,0.0118913455,0.1767593,0.1444259,0.07988448754977434,0.07863963097289764,False
1981-12-10 09:00:00,0.06524808,0.16589963,0.13656725,0.10623973850160838,0.07847410456435072,False
1981-12-10 10:00:00,0.12811586,0.18054937,0.14644817,0.1484537705332041,0.0781933077632226,False
1981-12-10 11:00:00,0.17289086,0.18040092,0.14611885,0.17421638283133506,0.07744142053550358,False
1981-12-10 12:00:00,0.18267211,0.15348142,0.12534592,0.1688051341474056,0.07629371551139529,False
1981-12-10 13:00:00,0.15521973,0.12178,0.10132395,0.13997009973973035,0.07494181604771193,False
1981-12-10 14:00:00,0.09834004,0.09604222,0.081164464,0.0965646656602621,0.07362329164110994,False
1981-12-10 15:00:00,0.03362671,0.083921105,0.0718341,0.05424854031577706,0.07242563404812725,False
1981-12-10 16:00:00,0.001216265,0.07847818,0.06649971,0.033251217635930516,0.07161516653135667,False
1981-12-10 17:00:00,0.0,0.07451201,0.063303694,0.030913332022726534,0.07101399207091887,False
1981-12-10 18:00:00,0.0,0.07623208,0.06502259,0.03164085841923952,0.07039950643596235,False
1981-12-10 19:00:00,0.0,0.0780558,0.06640736,0.032388587281107904,0.06969529994833279,False
1981-12-10 20:00:00,0.0,0.07564517,0.064714104,0.031407629750669,0.06890494945528913,False
1981-12-10 21:00:00,0.0,0.07652723,0.06453285,0.03172332213073969,0.06802250613435168,False
1981-12-10 22:00:00,0.0,0.083255544,0.070985295,0.03455450177192688,0.06698035003780384,False
1981-12-10 23:00:00,0.0,0.08668562,0.07153776,0.0358500330671668,0.06591892250138331,False
1981-12-11 00:00:00,0.0,0.09354126,0.07789692,0.03872315769642591,0.06483587074861859,False
1981-12-11 01:00:00,0.0,0.099125706,0.08296798,0.04105765639990568,0.06370235417620275,False
1981-12-11 02:00:00,0.0,0.09765712,0.081875995,0.04045678163319826,0.062466970261419154,False
1981-12-11 03:00:00,0.0,0.09679365,0.083345525,0.0402175157815218,0.061176199729321486,False
1981-12-11 04:00:00,0.0,0.091089614,0.07805595,0.03782708866149187,0.059841830217977954,True
1981-12-11 05:00:00,0.0,0.086711206,0.07278302,0.03592671809345484,0.05855145859182809,True
1981-12-11 06:00:00,0.0,0.08300837,0.06759914,0.034280442573130135,0.05743380526290271,True
1981-12-11 07:00:00,4.376733e-05,0.07424195,0.058793567,0.030595386332657657,0.05651080884714607,True
1981-12-11 08:00:00,0.011547142,0.067181416,0.051147874,0.034214628436602654,0.05587227949580085,True
1981-12-11 09:00:00,0.054119103,0.06814493,0.05030526,0.05908868624269962,0.055318769676925776,True
1981-12-11 10:00:00,0.09248913,0.05587802,0.04148121,0.07622520358860492,0.054772297895052315,True
1981-12-11 11:00:00,0.10796396,0.064531595,0.048289765,0.08871500879526138,0.05442077806483783,True
1981-12-11 12:00:00,0.10010197,0.0686025,0.05088478,0.08582093822956084,0.05393473846419233,True
1981-12-11 13:00:00,0.07717913,0.07803461,0.05703055,0.07640677664428949,0.053707885468227946,True
1981-12-11 14:00:00,0.0470453,0.08298609,0.060994405,0.06106070289388299,0.053740021627090406,True
1981-12-11 15:00:00,0.016505845,0.09172102,0.06873851,0.04708080880343914,0.05393815776783802,True
1981-12-11 16:00:00,0.00061867817,0.09770728,0.0726271,0.04033282652182971,0.054168865770106045,True
1981-12-11 17:00:00,0.0,0.10117183,0.074424446,0.041351324893534186,0.05433201646980367,True
1981-12-11 18:00:00,0.0,0.10251003,0.07536565,0.041895945154130455,0.054475198775888446,True
1981-12-11 19:00:00,0.0,0.10247038,0.07741894,0.04199219401180744,0.05455482671911366,True
1981-12-11 20:00:00,0.0,0.09848985,0.076671496,0.0404830157160759,0.05458515417425431,True
1981-12-11 21:00:00,0.0,0.08939777,0.06991383,0.03676312494277954,0.054611348003041967,True
1981-12-11 22:00:00,0.0,0.09366755,0.072599106,0.03848367834091186,0.05465911987506322,True
1981-12-11 23:00:00,0.0,0.085401185,0.06587087,0.03507006438821554,0.05484387140430979,True
1981-12-12 00:00:00,0.0,0.08418369,0.064006485,0.0345201328843832,0.05505107946869455,True
1981-12-12 01:00:00,0.0,0.08531244,0.064862356,0.034982857927680015,0.05520191351499878,True
1981-12-12 02:00:00,0.0,0.08506582,0.06470111,0.03488314727693796,0.0553262766519422,True
1981-12-12 03:00:00,0.0,0.087175086,0.067440756,0.03580940759181976,0.0554870167820575,True
1981-12-12 04:00:00,0.0,0.0920236,0.07260268,0.03787725455313921,0.0556838178391429,True
1981-12-12 05:00:00,0.0,0.097192734,0.077468365,0.04004741075634956,0.056024067520522546,True
1981-12-12 06:00:00,0.0,0.10355052,0.08291665,0.042687642127275466,0.05649307719607375,True
1981-12-12 07:00:00,2.9447147e-05,0.113654,0.09119016,0.04687958654680551,0.05708758574946321,True
1981-12-12 08:00:00,0.008105831,0.11791062,0.09499873,0.05331601624377072,0.05787378097097479,True
1981-12-12 09:00:00,0.047084257,0.12809664,0.10321882,0.08000909297168254,0.05885864243641741,True
1981-12-12 10:00:00,0.09658329,0.18321763,0.15268433,0.131580818682909,0.06014765650050339,False
1981-12-12 11:00:00,0.1378919,0.17206047,0.14504701,0.15088648200035096,0.061997197291977675,False
1981-12-12 12:00:00,0.1576207,0.16171108,0.13514182,0.157916190341115,0.06424314235477643,False
1981-12-12 13:00:00,0.14197697,0.14408655,0.11896271,0.1415126353651285,0.06676672925071415,False
1981-12-12 14:00:00,0.09330521,0.12616147,0.105268754,0.10607520041614771,0.0692500568196885,False
1981-12-12 15:00:00,0.033668403,0.11067929,0.09361477,0.06532252442464233,0.07119603897655317,False
1981-12-12 16:00:00,0.00121056,0.09720981,0.08358403,0.04108245122141671,0.07238452109920417,False
1981-12-12 17:00:00,0.0,0.09081772,0.07915452,0.03778608271479606,0.0731773051991151,False
1981-12-12 18:00:00,0.0,0.08514548,0.07489476,0.03546299969404936,0.07389911784082887,False
1981-12-12 19:00:00,0.0,0.08125879,0.071478,0.03384430512785912,0.07454301048061114,False
1981-12-12 20:00:00,0.0,0.07840662,0.06912763,0.032664933532476424,0.07509422095949066,False
1981-12-12 21:00:00,0.0,0.08180911,0.07090389,0.034016371987760065,0.07563490360873056,False
1981-12-12 22:00:00,0.0,0.10441196,0.09064004,0.043422575175762174,0.07630765240444107,False
1981-12-12 23:00:00,0.0,0.10992325,0.09693223,0.04579602015763521,0.07702341187456858,False
1981-12-13 00:00:00,0.0,0.10995107,0.0998379,0.045963191919028756,0.07800735484194248,False
1981-12-13 01:00:00,0.0,0.11231814,0.10336467,0.04702708697319031,0.07911955729350685,False
1981-12-13 02:00:00,0.0,0.11514188,0.105276905,0.04817230787873268,0.08037738999575614,False
1981-12-13 03:00:00,0.0,0.118945405,0.10690948,0.04966396652162075,0.08174123784890636,False
1981-12-13 04:00:00,0.0,0.12997207,0.11480332,0.05415907336771488,0.08316284832349284,False
1981-12-13 05:00:00,0.0,0.14059357,0.12148433,0.058439182519912716,0.0846125384405279,False
1981-12-13 06:00:00,0.0,0.15121913,0.12994434,0.0628168531358242,0.08617819377631186,False
1981-12-13 07:00:00,2.6940394e-05,0.1644371,0.14148004,0.06833275696521378,0.08775175744891404,False
1981-12-13 08:00:00,0.0146839535,0.17563418,0.15196902,0.08148797877784818,0.08925401901565051,False
1981-12-13 09:00:00,0.07739258,0.18337417,0.16001438,0.12096136131882668,0.09078396247180592,False
1981-12-13 10:00:00,0.1430002,0.19810195,0.1739338,0.1650031615793705,0.0923223524479423,False
1981-12-13 11:00:00,0.1942014,0.20270747,0.17902057,0.19652037180960177,0.09325256262852293,False
1981-12-13 12:00:00,0.21058118,0.20519197,0.18022092,0.20695310923457141,0.09430630782922522,False
1981-12-13 13:00:00,0.18573843,0.21254316,0.18531482,0.1956064999550581,0.09547769097619792,False
1981-12-13 14:00:00,0.12104705,0.20320085,0.17856641,0.15446784642338748,0.09698200916041722,False
1981-12-13 15:00:00,0.04094764,0.19322479,0.1703929,0.1041279506906867,0.09880646365237523,False
1981-12-13 16:00:00,0.001313481,0.18645474,0.16345897,0.07838646331755444,0.10073947864368038,False
1981-12-13 17:00:00,0.0,0.18309304,0.15624073,0.07599833169579506,0.10268936361356217,False
1981-12-13 18:00:00,0.0,0.17562628,0.14808695,0.07280279186367988,0.1045977571828528,False
1981-12-13 19:00:00,0.0,0.1654256,0.13718984,0.06845029699802399,0.10651829851728441,False
1981-12-13 20:00:00,0.0,0.16048515,0.13364376,0.06643578287959098,0.10846715470154346,False
1981-12-13 21:00:00,0.0,0.16704063,0.13735323,0.06905506713688372,0.11047267941322686,False
1981-12-13 22:00:00,0.0,0.17622559,0.14468317,0.07284013290703296,0.1123509565487741,False
1981-12-13 23:00:00,0.0,0.19914256,0.16325411,0.08229932682216168,0.11382079296822235,False
1981-12-14 00:00:00,0.0,0.2126641,0.17468145,0.08790585055947303,0.1151676953428662,False
1981-12-14 01:00:00,0.0,0.23060356,0.19011322,0.09535882763564586,0.11658704270499336,False
1981-12-14 02:00:00,0.0,0.2425587,0.20080894,0.10034784422814846,0.118182049046108,False
1981-12-14 03:00:00,0.0,0.25170246,0.20682414,0.10404671037197114,0.1197181852746992,False
1981-12-14 04:00:00,0.0,0.26000294,0.21335731,0.10746238017082214,0.12115766034817832,False
1981-12-14 05:00:00,0.0,0.27845082,0.2305651,0.11519886687397957,0.12247662941443312,False
1981-12-14 06:00:00,0.0,0.28567365,0.2371319,0.11821869841217994,0.123606324939826,False
1981-12-14 07:00:00,1.7921844e-05,0.28709015,0.2415099,0.1189881417501565,0.12449759068044412,False
1981-12-14 08:00:00,0.00824402,0.29429036,0.24821034,0.12675330213923006,0.1250326097670381,False
1981-12-14 09:00:00,0.043940127,0.30999118,0.26132616,0.1538518118262291,0.12508991867272815,False
1981-12-14 10:00:00,0.08074713,0.313193,0.2605852,0.17623090735077857,0.1244331192932248,False
1981-12-14 11:00:00,0.11280345,0.32913575,0.27643648,0.20146625163406134,0.1232105938869064,False
1981-12-14 12:00:00,0.12400939,0.3438417,0.29095507,0.2141425813958049,0.12164122818682044,False
1981-12-14 13:00:00,0.1083574,0.3646906,0.30790475,0.21371990820765494,0.11985081639862631,False
1981-12-14 14:00:00,0.07272998,0.36691,0.30174115,0.1936490160301328,0.1180090581981932,False
1981-12-14 15:00:00,0.025570236,0.34708002,0.28297573,0.15810724400728943,0.11628387239458982,False
1981-12-14 16:00:00,0.001188662,0.32471755,0.26241288,0.1346769297757419,0.11479535506789894,False
1981-12-14 17:00:00,0.0,0.31402984,0.25022152,0.12938897404074667,0.11340756150204238,False
1981-12-14 18:00:00,0.0,0.3102512,0.24382016,0.12764898374676703,0.11202214504403078,False
1981-12-14 19:00:00,0.0,0.30997163,0.24092352,0.12738940197229384,0.11068548202325605,False
1981-12-14 20:00:00,0.0,0.3138481,0.24296607,0.12893011969327925,0.10943036065224572,False
1981-12-14 21:00:00,0.0,0.30225697,0.23408985,0.1241736744940281,0.10822093154824819,False
1981-12-14 22:00:00,0.0,0.2767871,0.21926449,0.11397472330927849,0.10696880258966251,False
1981-12-14 23:00:00,0.0,0.26796725,0.21421143,0.11044733414053917,0.10568754605620183,False
1981-12-15 00:00:00,0.0,0.27631056,0.22469014,0.1140918653011322,0.10422189240969731,False
1981-12-15 01:00:00,0.0,0.29927894,0.2435826,0.12358739134669304,0.10264905876314283,False
1981-12-15 02:00:00,0.0,0.29555076,0.23793732,0.12190684685111046,0.10093011475468068,False
1981-12-15 03:00:00,0.0,0.2880765,0.2307138,0.11875877004861832,0.09912714367636494,False
1981-12-15 04:00:00,0.0,0.28535977,0.22540432,0.11746958854794501,0.09733248092627167,False
1981-12-15 05:00:00,0.0,0.2740462,0.21373177,0.11266456773877144,0.09551425611550934,False
1981-12-15 06:00:00,0.0,0.25729653,0.1973183,0.10559760868549346,0.09359293924339131,False
1981-12-15 07:00:00,1.6538808e-05,0.2294776,0.1727203,0.09401367312172441,0.0916505334051048,False
1981-12-15 08:00:00,0.00777154,0.19500767,0.14438516,0.08423880625097081,0.08969366690574633,False
1981-12-15 09:00:00,0.045262855,0.15494652,0.11376033,0.08943499110266566,0.08761170875656489,False
1981-12-15 10:00:00,0.095842734,0.12493862,0.09108024,0.106321942076087,0.08529603136186248,False
1981-12-15 11:00:00,0.13786466,0.10197447,0.07433938,0.1211908182054758,0.08303596001936193,False
1981-12-15 12:00:00,0.14682947,0.088873066,0.06478847,0.12101334340125322,0.08049437344212931,False
1981-12-15 13:00:00,0.12973806,0.07920161,0.057737973,0.10720210633426903,0.07782367251125545,False
1981-12-15 14:00:00,0.080194056,0.062162355,0.045352753,0.07165892785042523,0.07494059739726511,False
1981-12-15 15:00:00,0.027798392,0.040746406,0.029704133,0.03267911900952458,0.07199973091687767,False
1981-12-15 16:00:00,0.00073975144,0.027782762,0.020253634,0.011772372156439814,0.06921818722317842,False
1981-12-15 17:00:00,0.0,0.023259385,0.016956089,0.009498341711238027,0.06665039883184802,False
1981-12-15 18:00:00,0.0,0.021164756,0.0154291075,0.008642966866493225,0.06424651571459693,False
1981-12-15 19:00:00,0.0,0.020090975,0.014646323,0.008204471189528703,0.061943582734592224,False
1981-12-15 20:00:00,0.0,0.020528609,0.014965355,0.00838318588770926,0.05967048325439539,True
1981-12-15 21:00:00,0.0,0.02192366,0.015982348,0.008952877124771476,0.05736205484721433,True
1981-12-15 22:00:00,0.0,0.027768765,0.020243429,0.01133981930091977,0.05510927062205594,True
1981-12-15 23:00:00,0.0,0.02925795,0.021329045,0.011947951789945363,0.05298553872007034,True
1981-12-16 00:00:00,0.0,0.030389003,0.022153579,0.012409835524857044,0.050886467205976095,True
1981-12-16 01:00:00,0.0,0.031465683,0.022938484,0.012849515229463575,0.04865972321681767,True
1981-12-16 02:00:00,0.0,0.033689868,0.025438357,0.01380523246899247,0.04620131593119442,True
1981-12-16 03:00:00,0.0,0.043513756,0.034191154,0.01790289836749434,0.043756016358475626,True
1981-12-16 04:00:00,0.0,0.049168367,0.037860405,0.02018758925423026,0.04136360944182236,True
1981-12-16 05:00:00,0.0,0.055878136,0.0436412,0.022975657012313605,0.038987489901341925,True
1981-12-16 06:00:00,0.0,0.060645457,0.048241563,0.024983218174427748,0.036711270428296146,True
1981-12-16 07:00:00,7.232126e-06,0.060901035,0.04781287,0.025058549780950214,0.034585557623101365,True
1981-12-16 08:00:00,0.0060847257,0.056791656,0.04356117,0.02681931097852066,0.03270643311254646,True
1981-12-16 09:00:00,0.041020248,0.046435118,0.035112135,0.04269929688051343,0.031159320777260437,True
1981-12-16 10:00:00,0.088259205,0.041193247,0.030029878,0.06774748291075229,0.030115865683821078,True
1981-12-16 11:00:00,0.117565684,0.028490854,0.020769833,0.07947009592689573,0.029371958153921542,True
1981-12-16 12:00:00,0.13287434,0.022725796,0.016567107,0.08594893671385943,0.028796693939189478,True
1981-12-16 13:00:00,0.1170225,0.019125786,0.013942697,0.07533230273611842,0.028330659611284167,True
1981-12-16 14:00:00,0.077285305,0.019330218,0.014091733,0.0524874249715358,0.02786768798110779,True
1981-12-16 15:00:00,0.027240913,0.021733297,0.015843576,0.02459314670972526,0.027544856850366006,True
1981-12-16 16:00:00,0.0010370467,0.026507376,0.019323878,0.011423086991882882,0.027337478670560963,True
1981-12-16 17:00:00,0.0,0.0342893,0.024996899,0.014002584412693978,0.027226762251085796,True
1981-12-16 18:00:00,0.0,0.041894283,0.03054093,0.017108200706541538,0.027171419952037007,True
1981-12-16 19:00:00,0.0,0.0447653,0.032633904,0.01828062692284584,0.02715759947229662,True
1981-12-16 20:00:00,0.0,0.04437211,0.03244902,0.01812555614858866,0.02718975968574659,True
1981-12-16 21:00:00,0.0,0.039236974,0.028918302,0.016040031686425208,0.027242860445608575,True
1981-12-16 22:00:00,0.0,0.029472562,0.021485496,0.012035592013970017,0.02730141089504604,True
1981-12-16 23:00:00,0.0,0.02373337,0.017301628,0.009691901464015246,0.027308154622647175,True
1981-12-17 00:00:00,0.0,0.01765121,0.012867731,0.007208153821527958,0.027310732133658797,True
1981-12-17 01:00:00,0.0,0.01367362,0.009968069,0.005583841636776924,0.027345080848755508,True
1981-12-17 02:00:00,0.0,0.011099032,0.008091195,0.00453246736060828,0.02741247097306904,True
1981-12-17 03:00:00,0.0,0.009607161,0.0070036203,0.003923238049261272,0.027481625044457808,True
1981-12-17 04:00:00,0.0,0.008364679,0.006097851,0.0034158506048843264,0.027490142419440866,True
1981-12-17 05:00:00,0.0,0.008340638,0.006080325,0.0034060330325737594,0.027465735761188163,True
1981-12-17 06:00:00,0.0,0.008725981,0.00636124,0.003563394036144018,0.0274350500341693,True
1981-12-17 07:00:00,1.1121916e-05,0.009328101,0.0068001864,0.0038156966150891094,0.027435426734360127,True
1981-12-17 08:00:00,0.009918617,0.010418037,0.0075947493,0.009977414157241581,0.02751096322122612,True
1981-12-17 09:00:00,0.059432466,0.012382554,0.009026881,0.03934914661757648,0.0276899679536582,True
1981-12-17 10:00:00,0.111455016,0.015439181,0.011255164,0.07061438064090907,0.028029947654635182,True
1981-12-17 11:00:00,0.15137619,0.0152659025,0.011128843,0.09357813589833677,0.028330755629712562,True
1981-12-17 12:00:00,0.16117564,0.013824247,0.010077874,0.0986436956617981,0.028705231086913655,True
1981-12-17 13:00:00,0.13781963,0.013364335,0.009742601,0.08497946808580308,0.028932014710405688,True
1981-12-17 14:00:00,0.087614134,0.013736889,0.010014191,0.05616303357481956,0.02908042675747614,True
1981-12-17 15:00:00,0.030734666,0.012222037,0.008909865,0.022724966378882522,0.02926532259930779,True
1981-12-17 16:00:00,0.0011859534,0.014138515,0.010306979,0.006457984021632001,0.029561607625548884,True
1981-12-17 17:00:00,0.0,0.01675436,0.01221393,0.006841911356896162,0.029918546191263887,True
1981-12-17 18:00:00,0.0,0.019540275,0.014244862,0.007979583838954567,0.030231751870211158,True
1981-12-17 19:00:00,0.0,0.023871139,0.01740206,0.009748161435127257,0.030476464799452516,True
1981-12-17 20:00:00,0.0,0.026770158,0.019515447,0.01093202236108482,0.03064750051203737,True
1981-12-17 21:00:00,0.0,0.028805774,0.020999411,0.011763298697769643,0.030795944183446413,True
1981-12-17 22:00:00,0.0,0.028561434,0.02082128,0.01166351822577417,0.030943583864798715,True
1981-12-17 23:00:00,0.0,0.029560914,0.021549907,0.01207167231850326,0.031239920431013164,True
1981-12-18 00:00:00,0.0,0.034426406,0.025096852,0.014058573849499226,0.031571324780081345,True
1981-12-18 01:00:00,0.0,0.039386827,0.028712997,0.016084241196513176,0.03198073550310074,True
1981-12-18 02:00:00,0.0,0.041912343,0.030721726,0.01712462789565325,0.032580118420963124,True
1981-12-18 03:00:00,0.0,0.044804282,0.032943558,0.0183117323666811,0.03343963511697803,True
1981-12-18 04:00:00,0.0,0.04649674,0.034421705,0.019016069658100605,0.03442248205499346,True
1981-12-18 05:00:00,0.0,0.052472997,0.039633445,0.02150274211540818,0.035473164737013584,True
1981-12-18 06:00:00,0.0,0.060853794,0.047152773,0.025001299783587456,0.036596222177693566,True
1981-12-18 07:00:00,8.557537e-06,0.06943828,0.05660442,0.02868430115051797,0.037779074180252795,True
1981-12-18 08:00:00,0.008889753,0.07322242,0.060427353,0.035411538135260344,0.03897309816878251,True
1981-12-18 09:00:00,0.048185065,0.075501814,0.062136486,0.0590183225274086,0.04006465524948475,True
1981-12-18 10:00:00,0.092590965,0.06956944,0.05722511,0.08218626571446658,0.04099120483304181,True
1981-12-18 11:00:00,0.11811077,0.07085788,0.058304552,0.09744491787254811,0.041884416957320265,True
1981-12-18 12:00:00,0.11523994,0.073291905,0.061044294,0.0968345506414771,0.04278697192216099,True
1981-12-18 13:00:00,0.091233574,0.07212046,0.059293702,0.08245608099550009,0.04377418758434206,True
1981-12-18 14:00:00,0.057367705,0.06839785,0.055971354,0.061362425379455084,0.04479523221162032,True
1981-12-18 15:00:00,0.018684415,0.067845464,0.055536006,0.03881482796929777,0.0459594678289649,True
1981-12-18 16:00:00,0.00059505133,0.06847793,0.054526627,0.02855613814620301,0.047111386004478756,True
1981-12-18 17:00:00,0.0,0.070465684,0.05619666,0.02903645700216293,0.0482101899676999,True
1981-12-18 18:00:00,0.0,0.07012905,0.055125948,0.028854421310126784,0.04922318975446242,True
1981-12-18 19:00:00,0.0,0.06464555,0.048817273,0.026490341126918792,0.05013085442006549,True
1981-12-18 20:00:00,0.0,0.06172362,0.04583031,0.02525085237622261,0.05090674258878416,True
1981-12-18 21:00:00,0.0,0.056626614,0.041324366,0.023126736391335726,0.05159431784139442,True
1981-12-18 22:00:00,0.0,0.06429878,0.046916626,0.026259747192263604,0.05220930538610982,True
1981-12-18 23:00:00,0.0,0.06268717,0.04569895,0.025599310219287873,0.0527810233118288,True
1981-12-19 00:00:00,0.0,0.06577401,0.047949247,0.02685986852645874,0.053328123019360546,True
1981-12-19 01:00:00,0.0,0.08399728,0.06220788,0.034354221694171426,0.053796257369969576,True
1981-12-19 02:00:00,0.0,0.111591704,0.08540611,0.04578926876932383,0.05417562105022797,True
1981-12-19 03:00:00,0.0,0.12383548,0.100085154,0.051099891074001785,0.05450732904142195,True
1981-12-19 04:00:00,0.0,0.13036026,0.10640154,0.053848619341850285,0.05481945360294038,True
1981-12-19 05:00:00,0.0,0.13889968,0.112200126,0.05731279018521309,0.05513116733804772,True
1981-12-19 06:00:00,0.0,0.14636722,0.11723676,0.060340290158987044,0.05537933517671617,True
1981-12-19 07:00:00,2.6796326e-06,0.14819469,0.11932339,0.061128848064515524,0.05555870059696453,True
1981-12-19 08:00:00,0.0058975257,0.14306895,0.11438588,0.06237215403094888,0.05566980005950876,True
1981-12-19 09:00:00,0.0437076,0.14199956,0.1149334,0.08382352662831545,0.05576882267751862,True
1981-12-19 10:00:00,0.09177474,0.146411,0.120534785,0.11348856260627506,0.05605250650047455,True
1981-12-19 11:00:00,0.12503932,0.15673955,0.12807761,0.13690077421069144,0.056735437714890334,True
1981-12-19 12:00:00,0.14517951,0.15043816,0.124996096,0.14603004744648934,0.05761874092859968,True
1981-12-19 13:00:00,0.12629054,0.14751162,0.12385517,0.1339896101951599,0.05855888995365991,True
1981-12-19 14:00:00,0.08655687,0.14966927,0.12731609,0.1120463432073593,0.05940379719615424,True
1981-12-19 15:00:00,0.03192569,0.14354724,0.122721955,0.07801703880354763,0.06000050569054802,False
1981-12-19 16:00:00,0.0015317125,0.14079799,0.11782072,0.05920057425624691,0.06032495361322823,False
1981-12-19 17:00:00,0.0,0.13416445,0.11035589,0.05546590112149716,0.0605016484288671,False
1981-12-19 18:00:00,0.0,0.12461101,0.10307452,0.05154748778790235,0.06068723780477279,False
1981-12-19 19:00:00,0.0,0.11343693,0.095047526,0.04699079353362322,0.06088845547383511,False
1981-12-19 20:00:00,0.0,0.10591512,0.08986953,0.04393563448637724,0.06110548196269059,False
1981-12-19 21:00:00,0.0,0.099467196,0.08480196,0.04128270084410906,0.06129985661806398,False
1981-12-19 22:00:00,0.0,0.09408652,0.081260234,0.03910597866028547,0.06149720166276069,False
1981-12-19 23:00:00,0.0,0.09221936,0.07969471,0.03833245828002691,0.061697290802158876,False
1981-12-20 00:00:00,0.0,0.08783674,0.07624564,0.03652902267873287,0.061855158832639916,False
1981-12-20 01:00:00,0.0,0.08239074,0.072065085,0.034293697848916053,0.061936703495000016,False
1981-12-20 02:00:00,0.0,0.07939306,0.06945505,0.03304661147296429,0.06183216804616944,False
1981-12-20 03:00:00,0.0,0.07996942,0.0700925,0.03329371131956577,0.0614791616809261,False
1981-12-20 04:00:00,0.0,0.08163425,0.07139425,0.03397832894325256,0.06104041828798921,False
1981-12-20 05:00:00,0.0,0.08028027,0.07021074,0.03341479837149382,0.06055635941798659,False
1981-12-20 06:00:00,0.0,0.08072569,0.0707974,0.03361083995550871,0.06000708300598757,False
1981-12-20 07:00:00,5.9355307e-06,0.08170791,0.071545035,0.03401707535264086,0.05937560311543615,True
1981-12-20 08:00:00,0.010483789,0.08196473,0.07167577,0.04016462379973382,0.058720634295811674,True
1981-12-20 09:00:00,0.06586453,0.083261274,0.072368525,0.07263514602929352,0.05816479139818976,True
1981-12-20 10:00:00,0.1304802,0.09544976,0.08257272,0.11496696400642395,0.057723514508895374,True
1981-12-20 11:00:00,0.17259255,0.096826576,0.0838623,0.13984347213059664,0.05730369851751108,True
1981-12-20 12:00:00,0.17838833,0.09387831,0.08130637,0.14196170384436846,0.05681719972811495,True
1981-12-20 13:00:00,0.15035626,0.087139644,0.07595438,0.12301162863522767,0.056172483081282226,True
1981-12-20 14:00:00,0.09581188,0.083356746,0.07337664,0.09000443311035633,0.05550054776728009,True
1981-12-20 15:00:00,0.033475157,0.084309794,0.07338609,0.054388328257948156,0.05473481097737184,True
1981-12-20 16:00:00,0.0013475958,0.08724501,0.07530589,0.03703748929686844,0.054032669879702656,True
1981-12-20 17:00:00,0.0,0.091537744,0.077172585,0.037944747045636176,0.053408282218009036,True
1981-12-20 18:00:00,0.0,0.09310617,0.07697577,0.038512869425117974,0.052878676682684374,True
1981-12-20 19:00:00,0.0,0.0894499,0.07223334,0.036907612591981886,0.052461788338117106,True
1981-12-20 20:00:00,0.0,0.0837186,0.06830876,0.03458083583414555,0.05215385894986968,True
1981-12-20 21:00:00,0.0,0.078783184,0.065338954,0.032599298536777496,0.05192519635518248,True
1981-12-20 22:00:00,0.0,0.08663411,0.0721489,0.0358640258833766,0.05176552803998049,True
1981-12-20 23:00:00,0.0,0.08013791,0.0667794,0.03317697568237782,0.05173195349003356,True
1981-12-21 00:00:00,0.0,0.07432806,0.061980724,0.030774012319743634,0.05170641839781012,True
1981-12-21 01:00:00,0.0,0.07080492,0.059435297,0.02933652015030384,0.05173462389313783,True
1981-12-21 02:00:00,0.0,0.069602385,0.058549687,0.028844963237643243,0.05186199534402396,True
1981-12-21 03:00:00,0.0,0.07252481,0.06071396,0.030040208213031293,0.05208229009338822,True
1981-12-21 04:00:00,0.0,0.073910855,0.061864596,0.030613793581724166,0.05234844837195407,True
1981-12-21 05:00:00,0.0,0.07464967,0.062996194,0.03094752240926027,0.05262357770369555,True
1981-12-21 06:00:00,0.0,0.0724041,0.061335962,0.030029255412518975,0.05295082967679183,True
1981-12-21 07:00:00,5.8779037e-06,0.07155663,0.060788102,0.029690344722540885,0.053279060663163465,True
1981-12-21 08:00:00,0.00963106,0.07260862,0.06188875,0.03569169494509697,0.0535847630814936,True
1981-12-21 09:00:00,0.055295058,0.07404111,0.06325587,0.06264223594218492,0.05384597785035688,True
1981-12-21 10:00:00,0.10718214,0.07569039,0.06599163,0.09333739501982927,0.053904579239995955,True
1981-12-21 11:00:00,0.14536005,0.07139552,0.06168771,0.11354883231967686,0.05364062000153505,True
1981-12-21 12:00:00,0.15029728,0.06830011,0.05850692,0.11508364839851855,0.053122407908805146,True
1981-12-21 13:00:00,0.1275318,0.067867935,0.057548158,0.10173671512305736,0.05261090131936513,True
1981-12-21 14:00:00,0.081798494,0.06763429,0.05807764,0.07529097729176282,0.05210009667442409,True
1981-12-21 15:00:00,0.028691664,0.06678436,0.05769902,0.04431426611542702,0.051693731565670226,True
1981-12-21 16:00:00,0.0010447686,0.06884786,0.05967177,0.029229966494953255,0.0513619481084767,True
1981-12-21 17:00:00,0.0,0.072248094,0.06269053,0.03004483542591333,0.05106097768977542,True
1981-12-21 18:00:00,0.0,0.0758737,0.06554539,0.03153684724867344,0.05071337562295866,True
1981-12-21 19:00:00,0.0,0.07749904,0.0669081,0.03221018289774656,0.05032247825394642,True
1981-12-21 20:00:00,0.0,0.079262644,0.06873915,0.03295982994139195,0.04989577365442437,True
1981-12-21 21:00:00,0.0,0.0808667,0.06997794,0.03361862171441316,0.049466035848802666,True
1981-12-21 22:00:00,0.0,0.09019029,0.07804042,0.03749440026283264,0.04901272706416693,True
1981-12-21 23:00:00,0.0,0.08923693,0.07737679,0.037106773853302,0.048423474795969916,True
1981-12-22 00:00:00,0.0,0.09112488,0.07884827,0.037882886454463006,0.04784541716994043,True
1981-12-22 01:00:00,0.0,0.0973234,0.083244294,0.04040752749145031,0.04730697101520399,True
1981-12-22 02:00:00,0.0,0.10505991,0.08988248,0.043620759442448614,0.04682209458920897,True
1981-12-22 03:00:00,0.0,0.1110562,0.094251305,0.04606930869072676,0.04635529797986873,True
1981-12-22 04:00:00,0.0,0.11384062,0.095876835,0.0471845368668437,0.04586948322932494,True
1981-12-22 05:00:00,0.0,0.11857554,0.09941699,0.04912289308011532,0.045360953416412476,True
1981-12-22 06:00:00,0.0,0.11901838,0.10089155,0.04936592730134726,0.04485473376812205,True
1981-12-22 07:00:00,3.8321627e-06,0.11720464,0.10074203,0.048690791432487,0.04438980069334411,True
1981-12-22 08:00:00,0.008964178,0.114386655,0.09855419,0.05270293270517141,0.04393664077959492,True
1981-12-22 09:00:00,0.051597103,0.1100978,0.09352583,0.07544801273196935,0.043419370629514675,True
1981-12-22 10:00:00,0.10377708,0.10231524,0.086355954,0.10229692056030035,0.04272872244780149,True
1981-12-22 11:00:00,0.13554326,0.08916112,0.0714885,0.11496929167956113,0.04190074095331795,True
1981-12-22 12:00:00,0.14867757,0.0772581,0.057670154,0.11740938755124808,0.04111708510725335,True
1981-12-22 13:00:00,0.12598045,0.06316127,0.04621809,0.09849300567805766,0.040478631709702735,True
1981-12-22 14:00:00,0.08343604,0.05474293,0.039929092,0.07049890789017081,0.03992097416225242,True
1981-12-22 15:00:00,0.030110717,0.051642004,0.03764702,0.03846272231265902,0.0394616669729589,True
1981-12-22 16:00:00,0.0013386061,0.05341972,0.03901216,0.022590909199207088,0.03904609664145433,True
1981-12-22 17:00:00,0.0,0.05205341,0.03800258,0.021259847838431597,0.03863788372517877,True
1981-12-22 18:00:00,0.0,0.048362978,0.03525661,0.01974979571253061,0.038223183132077905,True
1981-12-22 19:00:00,0.0,0.04022321,0.029322721,0.016425791814923287,0.037806461531504396,True
1981-12-22 20:00:00,0.0,0.03416891,0.024909135,0.013953421164304017,0.03736021391250972,True
1981-12-22 21:00:00,0.0,0.026545983,0.019352023,0.010840476874262095,0.03687639019575283,True
1981-12-22 22:00:00,0.0,0.018561577,0.013531388,0.007579917009919882,0.03637911467831429,True
1981-12-22 23:00:00,0.0,0.013297409,0.009693811,0.005430209632962942,0.03576425099682376,True
1981-12-23 00:00:00,0.0,0.012069068,0.008798349,0.004928596892394125,0.035160948142594066,True
1981-12-23 01:00:00,0.0,0.014845633,0.010822466,0.006062451702542603,0.03457129134069976,True
1981-12-23 02:00:00,0.0,0.015767047,0.011494177,0.006438725989311933,0.03399547474535495,True
1981-12-23 03:00:00,0.0,0.01645852,0.01199826,0.0067211001869291066,0.033403735979994166,True
1981-12-23 04:00:00,0.0,0.015193142,0.011075799,0.006204362561926246,0.03277543953696579,True
1981-12-23 05:00:00,0.0,0.016281912,0.011869513,0.006648979291319847,0.03212195290794909,True
1981-12-23 06:00:00,0.0,0.018886166,0.013768013,0.007712467823177575,0.03142461805890628,True
1981-12-23 07:00:00,1.23897e-06,0.019438332,0.014170546,0.007938668862579903,0.03073292430194408,True
1981-12-23 08:00:00,0.0063012284,0.017697161,0.012901232,0.01086272774124518,0.030030969699470566,True
1981-12-23 09:00:00,0.040820662,0.014539901,0.010599588,0.029491123219951988,0.02932037742611945,True
1981-12-23 10:00:00,0.08120036,0.016508903,0.012034991,0.05359428328461945,0.028603476359367608,True
1981-12-23 11:00:00,0.115596935,0.022611873,0.016484054,0.07593335170857607,0.027874352872773622,True
1981-12-23 12:00:00,0.12867197,0.024963284,0.018198233,0.08443788531608878,0.027264822938454576,True
1981-12-23 13:00:00,0.11354344,0.023152236,0.01687798,0.0749691528454423,0.0266676175702347,True
1981-12-23 14:00:00,0.077435106,0.020971814,0.015288455,0.05324423220567404,0.02615027954607341,True
1981-12-23 15:00:00,0.02845796,0.01945962,0.014186063,0.024366890203207727,0.02566366750639701,True
1981-12-23 16:00:00,0.0016917989,0.021205435,0.015458763,0.009635746513726189,0.025237695203846014,True
1981-12-23 17:00:00,0.0,0.024828725,0.01810014,0.01013920695707202,0.02483588249001024,True
1981-12-23 18:00:00,0.0,0.028182328,0.02101725,0.011534210421144962,0.02445066395801097,True
1981-12-23 19:00:00,0.0,0.02640994,0.01935239,0.010790297186002135,0.024119338199587777,True
1981-12-23 20:00:00,0.0,0.023842072,0.017380869,0.009736291537061332,0.023865555092434636,True
1981-12-23 21:00:00,0.0,0.023865921,0.01746059,0.009749396877363323,0.02367487397508067,True
1981-12-23 22:00:00,0.0,0.019531906,0.014327229,0.007980943551287055,0.02357755500401673,True
1981-12-23 23:00:00,0.0,0.01995327,0.014545933,0.00814823685027659,0.02354398361230106,True
1981-12-24 00:00:00,0.0,0.02345778,0.017100722,0.009579359963536264,0.023602373977166833,True
1981-12-24 01:00:00,0.0,0.0311927,0.02330046,0.012768330914899706,0.02371663613969996,True
1981-12-24 02:00:00,0.0,0.03708955,0.028356576,0.015217298705130815,0.023822362405339494,True
1981-12-24 03:00:00,0.0,0.03893715,0.028579084,0.01591107942536473,0.023921310506503337,True
1981-12-24 04:00:00,0.0,0.03873285,0.028236248,0.015817178674042226,0.02401125825065957,True
1981-12-24 05:00:00,0.0,0.038325474,0.02793927,0.015650820326060057,0.024108697529624454,True
1981-12-24 06:00:00,0.0,0.03957566,0.028911276,0.016164626967161894,0.024177874972203986,True
1981-12-24 07:00:00,2.4491264e-06,0.036704108,0.026884101,0.014996970513758241,0.02422200476375712,True
1981-12-24 08:00:00,0.008395116,0.033672053,0.024546927,0.018594503584317863,0.02427410835680752,True
1981-12-24 09:00:00,0.049905103,0.029976828,0.021853106,0.04103676152788102,0.024360224496739746,True
1981-12-24 10:00:00,0.09700074,0.027743656,0.020225126,0.067298993203789,0.024540416672177445,True
1981-12-24 11:00:00,0.13392994,0.020653728,0.01505657,0.0857118548322469,0.02484160306686115,True
1981-12-24 12:00:00,0.14299357,0.015271204,0.011132708,0.08874352987669407,0.025045758192011918,True
1981-12-24 13:00:00,0.11866779,0.012707881,0.009264044,0.07366078051831573,0.02516002555798008,True
1981-12-24 14:00:00,0.074902415,0.009606178,0.007002902,0.04714152998570352,0.025227623523224284,True
1981-12-24 15:00:00,0.026013007,0.007362382,0.005367177,0.01801605179021135,0.025294369177787702,True
1981-12-24 16:00:00,0.0011973636,0.006398721,0.0046646674,0.003303898935089819,0.0254233709658454,True
1981-12-24 17:00:00,0.0,0.0067815594,0.004943757,0.0027693583024665713,0.025556861631539904,True
1981-12-24 18:00:00,0.0,0.009418412,0.006866023,0.003846159308217466,0.02565828236026249,True
1981-12-24 19:00:00,0.0,0.010393134,0.0075765946,0.004244202671572566,0.02571468052730455,True
1981-12-24 20:00:00,0.0,0.011755943,0.0085700825,0.004800727531313896,0.025752893785913725,True
1981-12-24 21:00:00,0.0,0.015106954,0.01101297,0.006169166263192892,0.025800330032911403,True
1981-12-24 22:00:00,0.0,0.014615541,0.010654731,0.005968490207567811,0.02583861068097434,True
1981-12-24 23:00:00,0.0,0.020160707,0.014697155,0.00823294714652002,0.026023269347464916,True
1981-12-25 00:00:00,0.0,0.025499627,0.018589228,0.010413180693984031,0.02620777177737585,True
1981-12-25 01:00:00,0.0,0.027272869,0.019881923,0.011137312453240155,0.026344292815975164,True
1981-12-25 02:00:00,0.0,0.027397567,0.019972824,0.01118823484517634,0.026357554898215705,True
1981-12-25 03:00:00,0.0,0.027031124,0.01970569,0.011038591906428336,0.026244601818351324,True
1981-12-25 04:00:00,0.0,0.026646312,0.019425161,0.010881447952240705,0.026054187995698554,True
1981-12-25 05:00:00,0.0,0.02441314,0.01779718,0.009969496535137295,0.025831815025736827,True
1981-12-25 06:00:00,0.0,0.024073252,0.017549401,0.009830697817727923,0.02560064317649488,True
1981-12-25 07:00:00,2.1321807e-06,0.025561411,0.018634267,0.010439641328999187,0.02536996870432307,True
1981-12-25 08:00:00,0.0055316263,0.0289068,0.021073055,0.014996302457991986,0.02519191731542214,True
1981-12-25 09:00:00,0.040407278,0.03630407,0.026465667,0.03814034764096141,0.025038795570964972,True
1981-12-25 10:00:00,0.08141986,0.051600695,0.03761691,0.06805123022943735,0.024852698029179793,True
1981-12-25 11:00:00,0.10878427,0.056234535,0.040994976,0.08573279771581292,0.02460239439085689,True
1981-12-25 12:00:00,0.118714936,0.052463233,0.038245697,0.08992271888256073,0.02441754921586428,True
1981-12-25 13:00:00,0.10343261,0.045383893,0.03308486,0.07821385517716407,0.02426142934983927,True
1981-12-25 14:00:00,0.07016681,0.03908693,0.028494373,0.05644802362471819,0.024217432684891595,True
1981-12-25 15:00:00,0.027349977,0.036188222,0.02638121,0.0305589760299772,0.024266630124248147,True
1981-12-25 16:00:00,0.0017662523,0.036790945,0.026820598,0.016043298467062414,0.02434449530152857,True
1981-12-25 17:00:00,0.0,0.03674988,0.026790665,0.015007401935756207,0.024362877074263628,True
1981-12-25 18:00:00,0.0,0.034873918,0.025423089,0.014241322439163923,0.02436303514953597,True
1981-12-25 19:00:00,0.0,0.030914752,0.022536855,0.012624533599242569,0.024333638962865913,True
1981-12-25 20:00:00,0.0,0.029417805,0.021445578,0.012013231392949818,0.024290809216805608,True
1981-12-25 21:00:00,0.0,0.028373733,0.020684453,0.011586867984384299,0.024231165974210125,True
1981-12-25 22:00:00,0.0,0.041248683,0.030070288,0.01684455954283476,0.024144957282331413,True
1981-12-25 23:00:00,0.0,0.041639984,0.030355547,0.01700435348600149,0.024106678618858676,True
1981-12-26 00:00:00,0.0,0.039504685,0.028798912,0.01613236981630325,0.024038013287338067,True
1981-12-26 01:00:00,0.0,0.032825727,0.023929955,0.01340491086244583,0.023926816503268306,True
1981-12-26 02:00:00,0.0,0.023987185,0.017486658,0.009795550871640444,0.023824661868375365,True
1981-12-26 03:00:00,0.0,0.016581243,0.012087728,0.006771215938031673,0.02375580721218848,True
1981-12-26 04:00:00,0.0,0.012594771,0.009181588,0.005143276115879417,0.02368916602873487,True
1981-12-26 05:00:00,0.0,0.011153161,0.008130654,0.004554571562446654,0.02360986464585421,True
1981-12-26 06:00:00,0.0,0.012469824,0.009090502,0.005092252302914858,0.023534767389514127,True
1981-12-26 07:00:00,1.7864218e-06,0.015793364,0.011513363,0.006450503846513584,0.02347256038336327,True
1981-12-26 08:00:00,0.0055959374,0.01962897,0.01430952,0.011244659850373864,0.023438023626298845,True
1981-12-26 09:00:00,0.039335452,0.02303699,0.016793968,0.03210407952219248,0.023465689239973945,True
1981-12-26 10:00:00,0.08489912,0.015421525,0.011242291,0.055284418564289804,0.023641570075908797,True
1981-12-26 11:00:00,0.12368141,0.013407365,0.00977397,0.0768392864326015,0.023820274811809386,True
1981-12-26 12:00:00,0.1321653,0.012220409,0.008908678,0.08124977630749344,0.024147103155059867,True
1981-12-26 13:00:00,0.117001206,0.009891237,0.0072107115,0.07154894060082732,0.024500051087417457,True
1981-12-26 14:00:00,0.08054526,0.007415875,0.0054061734,0.04950300707481801,0.02482407142744723,True
1981-12-26 15:00:00,0.03277545,0.006959799,0.0050736936,0.021753580299671737,0.025063113092084855,True
1981-12-26 16:00:00,0.0021914209,0.007154793,0.0052158437,0.004186224026372656,0.025236097198279395,True
1981-12-26 17:00:00,0.0,0.00680014,0.0049573025,0.0027769459155388178,0.025377806998213476,True
1981-12-26 18:00:00,0.0,0.005963137,0.0043471265,0.0024351423480547963,0.025543698927510253,True
1981-12-26 19:00:00,0.0,0.0053588566,0.0039066067,0.0021883748606778683,0.025741114072857146,True
1981-12-26 20:00:00,0.0,0.00474538,0.0034593826,0.0019378518867306412,0.025989606571622845,True
1981-12-26 21:00:00,0.0,0.0049738446,0.003625933,0.0020311490530148146,0.026266695364617464,True
1981-12-26 22:00:00,0.0,0.010116206,0.007374713,0.004131114360876381,0.026548488528706785,True
1981-12-26 23:00:00,0.0,0.0120896725,0.008813372,0.004937011233530938,0.026553531641845315,True
1981-12-27 00:00:00,0.0,0.012429377,0.009061017,0.005075735058635474,0.026600514687371162,True
1981-12-27 01:00:00,0.0,0.015265448,0.011128512,0.006233889978379011,0.026707564161631,True
1981-12-27 02:00:00,0.0,0.01930428,0.014072821,0.007883211348205804,0.026857977614511457,True
1981-12-27 03:00:00,0.0,0.019198012,0.0139953485,0.00783981510065496,0.027049017188145497,True
1981-12-27 04:00:00,0.0,0.0173251,0.012629997,0.007074981573969126,0.027264837847330328,True
1981-12-27 05:00:00,0.0,0.0155860875,0.011362258,0.006364828230813146,0.02746954220685335,True
1981-12-27 06:00:00,0.0,0.01676134,0.012219018,0.006844761522486806,0.027665015723969972,True
1981-12-27 07:00:00,2.1033675e-06,0.021501945,0.015674917,0.008781876989906777,0.027889948058821445,True
1981-12-27 08:00:00,0.008626286,0.027786067,0.020256042,0.016324251914396883,0.02813393982422426,True
1981-12-27 09:00:00,0.054229364,0.037447497,0.027299229,0.04658262776583432,0.02839986662124482,True
1981-12-27 10:00:00,0.1052619,0.038918376,0.028371496,0.07662905755266547,0.028755808290794615,True
1981-12-27 11:00:00,0.14768143,0.0396908,0.02893459,0.10142055819183587,0.029338831908071534,True
1981-12-27 12:00:00,0.15793018,0.038540196,0.028095802,0.10686421963572502,0.03002754242367232,True
1981-12-27 13:00:00,0.13369668,0.040697776,0.029747603,0.09376683149859309,0.03085037013762441,True
1981-12-27 14:00:00,0.086267084,0.044306375,0.033275254,0.0679220235273242,0.031589342215973544,True
1981-12-27 15:00:00,0.03223676,0.049306918,0.038284272,0.03886221312731504,0.0321738039072196,True
1981-12-27 16:00:00,0.0016553792,0.053113587,0.042431507,0.02284536886389833,0.032508748092137635,True
1981-12-27 17:00:00,0.0,0.05573188,0.04453982,0.022970214542001485,0.03281290272565292,True
1981-12-27 18:00:00,0.0,0.057555348,0.045913447,0.023717249415814875,0.03320761715670432,True
1981-12-27 19:00:00,0.0,0.05960969,0.047337007,0.02455217353999615,0.03371090271166958,True
1981-12-27 20:00:00,0.0,0.06156672,0.048062466,0.025313493456691503,0.03429583116978955,True
1981-12-27 21:00:00,0.0,0.06125729,0.04646295,0.025112939860671757,0.034909794927984135,True
1981-12-27 22:00:00,0.0,0.04184146,0.030502422,0.01708662897348404,0.03550300491065917,True
1981-12-27 23:00:00,0.0,0.047161773,0.034386028,0.019259539671242238,0.03600287709228195,True
1981-12-28 00:00:00,0.0,0.052087452,0.037971754,0.021270744580775502,0.03659515607496922,True
1981-12-28 01:00:00,0.0,0.050505567,0.03681856,0.02062475660070777,0.03741321081784753,True
1981-12-28 02:00:00,0.0,0.046442285,0.03385643,0.018965450406074523,0.03839879097975989,True
1981-12-28 03:00:00,0.0,0.041949153,0.030580929,0.017130607578903438,0.03946862122253714,True
1981-12-28 04:00:00,0.0,0.036656052,0.026722264,0.014969085372984409,0.04065021893859574,True
1981-12-28 05:00:00,0.0,0.034129433,0.02488036,0.013937300384044646,0.04190850310062722,True
1981-12-28 06:00:00,0.0,0.038908735,0.028364467,0.01588900437578559,0.043235645066948734,True
1981-12-28 07:00:00,1.7576085e-06,0.044467177,0.03245752,0.018162108585848727,0.04462489359418595,True
1981-12-28 08:00:00,0.008442486,0.046828214,0.034411497,0.02400914610736072,0.04610159356136767,True
1981-12-28 09:00:00,0.053334717,0.04505756,0.033127926,0.04918927966058254,0.04762446825956576,True
1981-12-28 10:00:00,0.112605736,0.044773385,0.032864142,0.08326955219358205,0.04901570272264653,True
1981-12-28 11:00:00,0.16261111,0.039353862,0.02868897,0.10989739118143915,0.0503035221552845,True
1981-12-28 12:00:00,0.18513073,0.034099497,0.024858534,0.12074550657719373,0.05148760917640563,True
1981-12-28 13:00:00,0.16322495,0.031439453,0.022919364,0.1070196003615856,0.05265368264274633,True
1981-12-28 14:00:00,0.113520905,0.029521571,0.021521222,0.07755716825462879,0.05384239323582151,True
1981-12-28 15:00:00,0.042659316,0.03236429,0.023593567,0.03783090117573738,0.05513521829935683,True
1981-12-28 16:00:00,0.002587315,0.042346243,0.03087041,0.018785646435106173,0.05635606186306686,True
1981-12-28 17:00:00,0.0,0.053191606,0.038806222,0.021723238606005908,0.05745252813236487,True
1981-12-28 18:00:00,0.0,0.06508026,0.047745038,0.026592848986387255,0.058433333082130896,True
1981-12-28 19:00:00,0.0,0.074039206,0.054527294,0.030264940850436687,0.05935427520378192,True
1981-12-28 20:00:00,0.0,0.07691167,0.05606861,0.03140811228007078,0.06021410282841583,False
1981-12-28 21:00:00,0.0,0.074700706,0.05445681,0.030505228221416474,0.06098980255728287,False
1981-12-28 22:00:00,0.0,0.06887199,0.050207682,0.028124979078769683,0.06168287616130596,False
1981-12-28 23:00:00,0.0,0.08170091,0.059606764,0.03336640240252018,0.06251445355639493,False
1981-12-29 00:00:00,0.0,0.1081205,0.08233144,0.04434236271679401,0.06317299471749624,False
1981-12-29 01:00:00,0.0,0.12952915,0.106397815,0.05354173775017262,0.06363767965720667,False
1981-12-29 02:00:00,0.0,0.14318568,0.118510164,0.05923506300151348,0.06406335107470562,False
1981-12-29 03:00:00,0.0,0.15580466,0.13082564,0.06455650547146798,0.064528925684287,False
1981-12-29 04:00:00,0.0,0.16280481,0.13699344,0.06747262135148048,0.06507148651057554,False
1981-12-29 05:00:00,0.0,0.1689981,0.14272854,0.07006764261424542,0.06571228862112087,False
1981-12-29 06:00:00,0.0,0.17735998,0.14968254,0.07352869082987308,0.06641315193637905,False
1981-12-29 07:00:00,1.4118493e-06,0.19225407,0.16149834,0.07966347541462959,0.06708866288839539,False
1981-12-29 08:00:00,0.007679971,0.20509255,0.1724397,0.0894222374279052,0.06769859903888102,False
1981-12-29 09:00:00,0.04640328,0.20893145,0.17576824,0.11336188199371099,0.06829621709367363,False
1981-12-29 10:00:00,0.09242111,0.20513695,0.17447917,0.1384443903192878,0.06911742533879457,False
1981-12-29 11:00:00,0.12303825,0.21028976,0.17901379,0.1582567352056503,0.06999846283373835,False
1981-12-29 12:00:00,0.12830977,0.21410803,0.18139154,0.16283574602007866,0.0708296130163388,False
1981-12-29 13:00:00,0.108587205,0.21257132,0.18020934,0.15082493996620178,0.07148936661693991,False
1981-12-29 14:00:00,0.07800956,0.20476618,0.17421089,0.1299776265770197,0.07209867879892182,False
1981-12-29 15:00:00,0.03170285,0.19047433,0.16453947,0.09746270418539643,0.072534390118907,False
1981-12-29 16:00:00,0.0022373493,0.17825556,0.15571293,0.07547574979020281,0.07301563284305804,False
1981-12-29 17:00:00,0.0,0.16827928,0.14729258,0.07004885213077068,0.07364213883379384,False
1981-12-29 18:00:00,0.0,0.16337031,0.14145975,0.06792247125506401,0.07438132819245478,False
1981-12-29 19:00:00,0.0,0.15849157,0.1359354,0.06582389952242375,0.07517805221202693,False
1981-12-29 20:00:00,0.0,0.15069099,0.12855752,0.06254708044230937,0.07600316905547774,False
1981-12-29 21:00:00,0.0,0.1407236,0.119508594,0.05838047285377979,0.07684420443783424,False
1981-12-29 22:00:00,0.0,0.1375695,0.1155407,0.057002343937754635,0.0777150528737428,False
1981-12-29 23:00:00,0.0,0.122585565,0.10436004,0.05086951540410519,0.07849579313482068,False
1981-12-30 00:00:00,0.0,0.104713164,0.091416,0.043575621686875815,0.07940109554855994,False
1981-12-30 01:00:00,0.0,0.09865067,0.08620161,0.0410569846406579,0.08030648293803357,False
1981-12-30 02:00:00,0.0,0.09944665,0.085504055,0.04131303166598081,0.08122284860621116,False
1981-12-30 03:00:00,0.0,0.104081646,0.088285185,0.04317352724075318,0.08216160802348428,False
1981-12-30 04:00:00,0.0,0.11029265,0.093140714,0.045727586679160596,0.08321312273844056,False
1981-12-30 05:00:00,0.0,0.1148422,0.096332744,0.047578739516437055,0.08439278184986583,False
1981-12-30 06:00:00,0.0,0.11658792,0.09801087,0.048313530072569846,0.08564484517360949,False
1981-12-30 07:00:00,1.469476e-06,0.11445417,0.0963816,0.04743904380915956,0.08699266380621963,False
1981-12-30 08:00:00,0.010983296,0.111858636,0.09410397,0.052694812737405304,0.08831846697666544,False
1981-12-30 09:00:00,0.073851794,0.11094563,0.093626924,0.08860727542638777,0.08953243453394405,False
1981-12-30 10:00:00,0.14726105,0.09803864,0.08173083,0.12555935195088386,0.09058128877710954,False
1981-12-30 11:00:00,0.19413678,0.09112686,0.07684935,0.14979259994626043,0.09162071631007922,False
1981-12-30 12:00:00,0.20003067,0.08917077,0.07577721,0.15241367940604686,0.09238825084468133,False
1981-12-30 13:00:00,0.17195494,0.08938211,0.075307086,0.13626658509671688,0.09291327194897862,False
1981-12-30 14:00:00,0.10673075,0.08938543,0.07230454,0.09847131161391735,0.09312090982338818,False
1981-12-30 15:00:00,0.036637407,0.09684103,0.07511904,0.06093055193498731,0.09292878477846987,False
1981-12-30 16:00:00,0.0015968306,0.11674784,0.08993721,0.04885793399042449,0.09249211854678983,False
1981-12-30 17:00:00,0.0,0.13895085,0.1098419,0.057204327821731564,0.09193255606297285,False
1981-12-30 18:00:00,0.0,0.1572231,0.12630141,0.06483560192584992,0.09129932888228327,False
1981-12-30 19:00:00,0.0,0.1694396,0.1360618,0.06987054933607578,0.09061054887253672,False
1981-12-30 20:00:00,0.0,0.17405203,0.13986318,0.07177781063318252,0.08990668396701917,False
1981-12-30 21:00:00,0.0,0.1755271,0.13956398,0.07230595314502716,0.08922807407522455,False
1981-12-30 22:00:00,0.0,0.1593275,0.12608632,0.06560051161050796,0.08861459577459724,False
1981-12-30 23:00:00,0.0,0.18682587,0.14596614,0.07682091826200485,0.08801319392308475,False
1981-12-31 00:00:00,0.0,0.2131804,0.16921097,0.08780095741152763,0.08742133419638382,False
1981-12-31 01:00:00,0.0,0.23616995,0.19223294,0.09752728982269764,0.08698143058879183,False
1981-12-31 02:00:00,0.0,0.25200754,0.20934688,0.10429551503062248,0.0865939985863294,False
1981-12-31 03:00:00,0.0,0.2774871,0.23400874,0.11502921178936958,0.08620123227083938,False
1981-12-31 04:00:00,0.0,0.2989102,0.25552583,0.12409625869989395,0.08576970563087495,False
1981-12-31 05:00:00,0.0,0.31350145,0.26823422,0.1301666821539402,0.08528496941927703,False
1981-12-31 06:00:00,0.0,0.3330968,0.28354195,0.1382239851951599,0.08476166752356917,False
1981-12-31 07:00:00,1.2677832e-06,0.34572533,0.2912713,0.1433020275960283,0.08422305749127523,False
1981-12-31 08:00:00,0.00805777,0.34646118,0.28146616,0.14769268017727882,0.08370266592280234,False
1981-12-31 09:00:00,0.045742393,0.33293536,0.26778474,0.16370688566565514,0.08307277916832433,False
1981-12-31 10:00:00,0.089139566,0.33250725,0.26311493,0.1883369119018316,0.08169471610782585,False
1981-12-31 11:00:00,0.12023472,0.30577835,0.23871753,0.19509839286655187,0.07954681811973369,False
1981-12-31 12:00:00,0.124502875,0.28335986,0.21553358,0.1880367590263486,0.07689406079840452,False
1981-12-31 13:00:00,0.11205584,0.23503822,0.17418955,0.16079155793786046,0.07418669765499647,False
1981-12-31 14:00:00,0.08150662,0.18026358,0.13350084,0.12075562442094089,0.07181573230969947,False
1981-12-31 15:00:00,0.034438297,0.1385462,0.10200519,0.07650272506475449,0.07023216849529411,False
1981-12-31 16:00:00,0.0025193158,0.11537834,0.084972166,0.04861675056698732,0.06943070384086647,False
1981-12-31 17:00:00,0.0,0.09693664,0.071931966,0.03965394745767116,0.06888075206028389,False
1981-12-31 18:00:00,0.0,0.08521977,0.063239545,0.03486103078722953,0.0681569170748824,False
1981-12-31 19:00:00,0.0,0.0783446,0.057948653,0.03203838405758142,0.0672740972123118,False
1981-12-31 20:00:00,0.0,0.07331224,0.054103516,0.029973805636167528,0.06628638261202814,False
1981-12-31 21:00:00,0.0,0.07070725,0.052639637,0.028933514423668382,0.0652589334013881,False
1981-12-31 22:00:00,0.0,0.06864181,0.05196716,0.02813505506515503,0.06422048122175128,False
1981-12-31 23:00:00,0.0,0.05479704,0.0414841,0.02246024852246046,0.06332172574075029,False
