time,solar_cf,onshore_wind_cf,offshore_wind_cf,combined_cf,cf_ma,is_drought
1982-01-01 00:00:00,0.0,0.046228264,0.03522489,0.01896037321910262,0.020145920241338947,True
1982-01-01 01:00:00,0.0,0.039278984,0.03017225,0.016123246584087612,0.019817149333277533,True
1982-01-01 02:00:00,0.0,0.037897173,0.029225908,0.015562255997210742,0.019489839141577297,True
1982-01-01 03:00:00,0.0,0.03851604,0.02978464,0.01582078966498375,0.019156105911009993,True
1982-01-01 04:00:00,0.0,0.034666665,0.026992874,0.014249614555388689,0.018829474257945598,True
1982-01-01 05:00:00,0.0,0.029241676,0.022824861,0.012022720763459801,0.018513472775986934,True
1982-01-01 06:00:00,0.0,0.022823056,0.017657552,0.009375215543434024,0.018203280443965974,True
1982-01-01 07:00:00,1.0660904e-06,0.018330052,0.013693322,0.00750384391588409,0.01790531481365911,True
1982-01-01 08:00:00,0.0077620316,0.0149420025,0.010967437,0.010584532774053515,0.017635733741312453,True
1982-01-01 09:00:00,0.047670953,0.013141071,0.009579842,0.03287250668928027,0.017448825175365754,True
1982-01-01 10:00:00,0.09607526,0.01398049,0.010191777,0.061144581343047316,0.017584928330301938,True
1982-01-01 11:00:00,0.1290499,0.013658156,0.009956795,0.08003931704815477,0.01817526906332561,True
1982-01-01 12:00:00,0.12902594,0.013435172,0.009794241,0.07993443258665502,0.01915154646476359,True
1982-01-01 13:00:00,0.107052706,0.010298539,0.007507635,0.0659749846206978,0.02019067139178143,True
1982-01-01 14:00:00,0.0662708,0.0071424125,0.0052068187,0.04115496911574155,0.021090550948202308,True
1982-01-01 15:00:00,0.025467748,0.004700342,0.0034265495,0.01661435043532401,0.021662247627271345,True
1982-01-01 16:00:00,0.0018201908,0.003388879,0.0024704929,0.00243415302131325,0.021805293846250826,True
1982-01-01 17:00:00,0.0,0.0034763655,0.0025342705,0.001419629466254264,0.021681799992517497,True
1982-01-01 18:00:00,0.0,0.003752094,0.0027352767,0.0015322276263032108,0.021679882097122186,True
1982-01-01 19:00:00,0.0,0.0035380777,0.0025792585,0.001444830630440265,0.021793368803168577,True
1982-01-01 20:00:00,0.0,0.0033708801,0.0024573717,0.0013765528458170593,0.022026788230583932,True
1982-01-01 21:00:00,0.0,0.0033317017,0.0024288103,0.0013605536995455623,0.022365161856933425,True
1982-01-01 22:00:00,0.0,0.0049364013,0.003598636,0.0020158584122546017,0.022801727171120164,True
1982-01-01 23:00:00,0.0,0.0059595406,0.0043445053,0.002433673767372966,0.02325508624857191,True
1982-01-02 00:00:00,0.0,0.0077855885,0.005675694,0.003179369632154703,0.02387152513169583,True
1982-01-02 01:00:00,0.0,0.007957283,0.00580086,0.003249484017491341,0.024643964280671365,True
1982-01-02 02:00:00,0.0,0.007202309,0.0052504833,0.002941178151872009,0.025694541568466386,True
1982-01-02 03:00:00,0.0,0.00803704,0.005859002,0.003282053872011602,0.027000759051944056,True
1982-01-02 04:00:00,0.0,0.0092865275,0.0067698783,0.0037923020850867033,0.028544623548927645,True
1982-01-02 05:00:00,0.0,0.009969344,0.007267652,0.004071141282096505,0.030437023169425245,True
1982-01-02 06:00:00,0.0,0.011406491,0.008315332,0.004658022964373231,0.03253104207682789,True
1982-01-02 07:00:00,7.491446e-07,0.014741799,0.010746772,0.006020481746462964,0.03481893848867055,True
1982-01-02 08:00:00,0.0042241095,0.01849187,0.013480573,0.009988762053661048,0.03722135920546835,True
1982-01-02 09:00:00,0.028149799,0.02265343,0.016514352,0.025493324656039477,0.03960299843352038,True
1982-01-02 10:00:00,0.06125845,0.02926444,0.021333778,0.04729672840423882,0.04185023833233303,True
1982-01-02 11:00:00,0.08838996,0.03629264,0.026457338,0.0658216884881258,0.04407157474762277,True
1982-01-02 12:00:00,0.09701083,0.031499002,0.022962775,0.06883836971595883,0.046204408727355595,True
1982-01-02 13:00:00,0.090793096,0.023917211,0.017435646,0.06215459192730486,0.04843429399836869,True
1982-01-02 14:00:00,0.067152224,0.01874539,0.013665391,0.04640181381441653,0.05071970029456835,True
1982-01-02 15:00:00,0.030063376,0.020765744,0.0151382275,0.0258265917301178,0.052964553679108926,True
1982-01-02 16:00:00,0.0022391356,0.028750403,0.020959044,0.013032668239902704,0.054973397236532995,True
1982-01-02 17:00:00,0.0,0.04616871,0.033927035,0.018868314240127804,0.05668808896578872,True
1982-01-02 18:00:00,0.0,0.059598073,0.044741593,0.024407735109329223,0.05829683227241644,True
1982-01-02 19:00:00,0.0,0.073383756,0.057146292,0.03016450573503971,0.059847412793719794,True
1982-01-02 20:00:00,0.0,0.08554877,0.067311294,0.035202307283878326,0.06139975248995785,False
1982-01-02 21:00:00,0.0,0.096845,0.077401906,0.039915508300065995,0.06298090515174869,False
1982-01-02 22:00:00,0.0,0.098715484,0.07954806,0.040721608936786655,0.06454329736320966,False
1982-01-02 23:00:00,0.0,0.117355645,0.09713346,0.048549439609050754,0.06599301734697388,False
1982-01-03 00:00:00,0.0,0.13538904,0.112572126,0.05603745236992836,0.06735957355683518,False
1982-01-03 01:00:00,0.0,0.16081402,0.13352934,0.06655095639824868,0.06865788862391224,False
1982-01-03 02:00:00,0.0,0.18922837,0.1562116,0.07826069520413875,0.0699588898457851,False
1982-01-03 03:00:00,0.0,0.21754713,0.1787295,0.08992628552019596,0.07133791944803403,False
1982-01-03 04:00:00,0.0,0.25405124,0.20999795,0.10508479633927345,0.07278376999700874,False
1982-01-03 05:00:00,0.0,0.27199006,0.22539437,0.11253562831878662,0.07443878873955424,False
1982-01-03 06:00:00,0.0,0.28822076,0.23779225,0.11919424331188201,0.07629407381982042,False
1982-01-03 07:00:00,7.491446e-07,0.29672793,0.24679632,0.12282003832217851,0.07842738064919565,False
1982-01-03 08:00:00,0.0036811524,0.29646948,0.24781394,0.12490321572055109,0.08089151827220083,False
1982-01-03 09:00:00,0.027993806,0.30087924,0.25116956,0.14074002183228732,0.08369595798487557,False
1982-01-03 10:00:00,0.06336654,0.3169223,0.26410934,0.1677687292769551,0.08691806187653696,False
1982-01-03 11:00:00,0.09533384,0.3074981,0.2581653,0.18241534807533025,0.0903414009281583,False
1982-01-03 12:00:00,0.11740184,0.28742343,0.24386701,0.1869689255952835,0.09387525548039251,False
1982-01-03 13:00:00,0.11534145,0.26277778,0.22513838,0.17567448683828116,0.09768556798503981,False
1982-01-03 14:00:00,0.08596685,0.23888879,0.2065759,0.14890793157368898,0.10171731530908278,False
1982-01-03 15:00:00,0.041737873,0.213659,0.18733178,0.11303884119167924,0.10563958335076395,False
1982-01-03 16:00:00,0.0040766145,0.19781208,0.17397207,0.08473935602558777,0.10931408385174131,False
1982-01-03 17:00:00,0.0,0.18886933,0.16567641,0.0786393081843853,0.11269608419486841,False
1982-01-03 18:00:00,0.0,0.1828536,0.15716882,0.07596009264886379,0.11573922806261627,False
1982-01-03 19:00:00,0.0,0.1830657,0.1556647,0.07595713604986667,0.11861762907198219,False
1982-01-03 20:00:00,0.0,0.18646292,0.15679744,0.07727188061177731,0.12131088257143792,False
1982-01-03 21:00:00,0.0,0.1848025,0.15117142,0.07635537984967232,0.12390097178826627,False
1982-01-03 22:00:00,0.0,0.17375045,0.13867599,0.07160241763293743,0.1265224725895613,False
1982-01-03 23:00:00,0.0,0.16523716,0.13066408,0.0680283718407154,0.12875911650741992,False
1982-01-04 00:00:00,0.0,0.15889697,0.1271391,0.06549849285185337,0.1308336951428145,False
1982-01-04 01:00:00,0.0,0.15896013,0.13039358,0.06569754266738892,0.1326605385218799,False
1982-01-04 02:00:00,0.0,0.16729733,0.13707191,0.06913459905982018,0.1341880982474476,False
1982-01-04 03:00:00,0.0,0.17596379,0.14356004,0.0726828802227974,0.13533778831949977,False
1982-01-04 04:00:00,0.0,0.20174079,0.16279355,0.08323320172727107,0.13618437760258614,False
1982-01-04 05:00:00,0.0,0.22581677,0.18145253,0.09312482513487338,0.13664948904635904,False
1982-01-04 06:00:00,0.0,0.2597035,0.20789193,0.10705675077438355,0.13683090613717733,False
1982-01-04 07:00:00,1.4982892e-06,0.3014848,0.24167286,0.12429908765071229,0.13672316757897432,False
1982-01-04 08:00:00,0.00689288,0.34078604,0.27545607,0.1446018682620488,0.13632964466020295,False
1982-01-04 09:00:00,0.03509558,0.3875539,0.3129032,0.1801543114557862,0.13578038055827538,False
1982-01-04 10:00:00,0.063914455,0.42345846,0.3422628,0.2116170028820634,0.13517369340520669,False
1982-01-04 11:00:00,0.08557738,0.45096007,0.36415353,0.23544670699536802,0.13449205953772805,False
1982-01-04 12:00:00,0.095378034,0.47681445,0.38436505,0.2517333699390292,0.13380957565787874,False
1982-01-04 13:00:00,0.083573304,0.5033518,0.40221944,0.25567846348136664,0.13302024995556416,False
1982-01-04 14:00:00,0.06147907,0.4833645,0.3858474,0.23467067981511353,0.13219688606158833,False
1982-01-04 15:00:00,0.028554598,0.45071322,0.35950807,0.20220261577703058,0.13147284400095857,False
1982-01-04 16:00:00,0.0030907402,0.42126614,0.33589116,0.17536868471000341,0.1311010410571999,False
1982-01-04 17:00:00,0.0,0.40035462,0.3186734,0.164939219892025,0.13126104156629245,False
1982-01-04 18:00:00,0.0,0.39494064,0.3118127,0.16257098355889318,0.1318450808837364,False
1982-01-04 19:00:00,0.0,0.38762265,0.30385026,0.1594406737089157,0.1328825208661432,False
1982-01-04 20:00:00,0.0,0.3881449,0.30187255,0.15952658969163894,0.1344445591452817,False
1982-01-04 21:00:00,0.0,0.40334174,0.31323045,0.165747546762228,0.1365674748164887,False
1982-01-04 22:00:00,0.0,0.36043698,0.2792458,0.14808051699399946,0.13928312479195246,False
1982-01-04 23:00:00,0.0,0.3606887,0.27842757,0.14812921410799026,0.1424436137429724,False
1982-01-05 00:00:00,0.0,0.35034835,0.2675443,0.14372593456506727,0.1458666488374869,False
1982-01-05 01:00:00,0.0,0.34152418,0.2565074,0.13987382322549818,0.1496872979519243,False
1982-01-05 02:00:00,0.0,0.32589638,0.24426025,0.13344581866264343,0.15346857239727923,False
1982-01-05 03:00:00,0.0,0.3189612,0.23825717,0.1305625711083412,0.15698413442683468,False
1982-01-05 04:00:00,0.0,0.3111786,0.23306008,0.12741014564037323,0.16025300567460307,False
1982-01-05 05:00:00,0.0,0.29574853,0.22430445,0.12124364867806434,0.16314646023281912,False
1982-01-05 06:00:00,0.0,0.27795035,0.21220583,0.11402279251813888,0.1656650105961884,False
1982-01-05 07:00:00,1.4982892e-06,0.25349274,0.19243059,0.10393093822115258,0.16766762292620788,False
1982-01-05 08:00:00,0.0055512483,0.23268877,0.17543171,0.0985385388280265,0.16901895039783732,False
1982-01-05 09:00:00,0.034131087,0.2246985,0.1668825,0.1116190384849906,0.16974695438828571,False
1982-01-05 10:00:00,0.065770864,0.23732853,0.17641273,0.1350503036379814,0.1699044223468031,False
1982-01-05 11:00:00,0.09369295,0.2334348,0.17514536,0.14965612184256316,0.1691571142359848,False
1982-01-05 12:00:00,0.10486826,0.21580553,0.16555673,0.14908129188418387,0.1686127497437311,False
1982-01-05 13:00:00,0.094985835,0.19774312,0.15516634,0.13615301992744205,0.16829213460316514,False
1982-01-05 14:00:00,0.06281367,0.18898556,0.15138435,0.11415391266345977,0.16773442915205164,False
1982-01-05 15:00:00,0.026336093,0.19386697,0.15665673,0.09519229989126325,0.1672362215667864,False
1982-01-05 16:00:00,0.0020808934,0.22054566,0.18217324,0.09241938046202995,0.1666777901404516,False
1982-01-05 17:00:00,0.0,0.25744936,0.21619226,0.1066731954216957,0.16608410109118732,False
1982-01-05 18:00:00,0.0,0.30237985,0.26257497,0.12575721180438995,0.16553481858135374,False
1982-01-05 19:00:00,0.0,0.3619552,0.3217316,0.15093497344851492,0.16493560627573345,False
1982-01-05 20:00:00,0.0,0.42841664,0.3904832,0.1791718328297138,0.16426579062924895,False
1982-01-05 21:00:00,0.0,0.4951222,0.4445646,0.2067065786719322,0.16348135591023777,False
1982-01-05 22:00:00,0.0,0.53686285,0.4667314,0.22330588728189468,0.16243071193532263,False
1982-01-05 23:00:00,0.0,0.5592534,0.48091766,0.2323340563774109,0.1618437664891145,False
1982-01-06 00:00:00,0.0,0.6004373,0.5060795,0.2488896503448486,0.16108491231599067,False
1982-01-06 01:00:00,0.0,0.5964365,0.5021046,0.24719871604442598,0.16025055120983336,False
1982-01-06 02:00:00,0.0,0.5748978,0.4767459,0.2378815764784813,0.15929716878854844,False
1982-01-06 03:00:00,0.0,0.5546668,0.46141934,0.2295887001156807,0.15825987835605804,False
1982-01-06 04:00:00,0.0,0.53669447,0.445903,0.2221190205216408,0.15699989888356242,False
1982-01-06 05:00:00,0.0,0.5178125,0.42485988,0.21401524257659912,0.15568675296572212,False
1982-01-06 06:00:00,0.0,0.4914798,0.40418687,0.2031821426153183,0.15437648394894962,False
1982-01-06 07:00:00,2.0169277e-06,0.45768532,0.37547702,0.18916280628892446,0.1530979599627218,False
1982-01-06 08:00:00,0.0055897995,0.42705998,0.3469558,0.17954605980357155,0.15196401892096575,False
1982-01-06 09:00:00,0.035158567,0.40534326,0.33064103,0.1877127734646201,0.1510192712205031,False
1982-01-06 10:00:00,0.07602579,0.3189634,0.26262656,0.17574621356278655,0.1505775515512753,False
1982-01-06 11:00:00,0.10941217,0.35393733,0.2885836,0.20931721136718986,0.15078451812216428,False
1982-01-06 12:00:00,0.12877038,0.39254516,0.31841052,0.2363438431918621,0.15122864497697017,False
1982-01-06 13:00:00,0.11699308,0.3906141,0.3197592,0.2289086018279195,0.1517749405366248,False
1982-01-06 14:00:00,0.08486573,0.39138916,0.32160354,0.21075671572238205,0.15224537105000305,False
1982-01-06 15:00:00,0.040194746,0.36774844,0.30567342,0.17539790731295943,0.15244423505007637,False
1982-01-06 16:00:00,0.00397888,0.34889856,0.2931894,0.14687161034531893,0.15209263732551634,False
1982-01-06 17:00:00,0.0,0.33404505,0.2835377,0.13857365942001343,0.15108968635968686,False
1982-01-06 18:00:00,0.0,0.32255447,0.2738184,0.1338087928891182,0.14967887606233182,False
1982-01-06 19:00:00,0.0,0.3066419,0.26182702,0.12728952267766,0.14783347772568287,False
1982-01-06 20:00:00,0.0,0.29365924,0.25024933,0.12187372317910194,0.14542420463397923,False
1982-01-06 21:00:00,0.0,0.27851766,0.23228922,0.11531663596630096,0.14236442409170616,False
1982-01-06 22:00:00,0.0,0.2896732,0.24106891,0.11990713557600975,0.13869039870699693,False
1982-01-06 23:00:00,0.0,0.26991832,0.22415468,0.11170421379804611,0.13467551439110012,False
1982-01-07 00:00:00,0.0,0.25095102,0.20510508,0.10367660146951675,0.13042887353565366,False
1982-01-07 01:00:00,0.0,0.2282145,0.18333918,0.09411146700382232,0.12579732127807858,False
1982-01-07 02:00:00,0.0,0.20292993,0.16249508,0.08365587790310383,0.1211461412044597,False
1982-01-07 03:00:00,0.0,0.1699958,0.13620567,0.07008355642855169,0.11666879585845219,False
1982-01-07 04:00:00,0.0,0.15609847,0.12553345,0.06437914158403873,0.11231976045918474,False
1982-01-07 05:00:00,0.0,0.14138654,0.114427835,0.05835073587298393,0.10812194528844031,False
1982-01-07 06:00:00,0.0,0.12746295,0.10407058,0.052653641179203986,0.10413379476842294,False
1982-01-07 07:00:00,2.362687e-06,0.11974446,0.098420374,0.049501768216863404,0.10042370789864856,False
1982-01-07 08:00:00,0.010842571,0.113461375,0.093837745,0.05319064920581877,0.09707844369575196,False
1982-01-07 09:00:00,0.07323759,0.11647108,0.09593658,0.09041649436205625,0.09414447595234347,False
1982-01-07 10:00:00,0.14684159,0.14601567,0.11809853,0.1449846990406513,0.0917497010208605,False
1982-01-07 11:00:00,0.19859979,0.136622,0.11052996,0.17097421087324619,0.09053867671693994,False
1982-01-07 12:00:00,0.21287316,0.12712304,0.103097446,0.17530347874760627,0.08915286849975594,False
1982-01-07 13:00:00,0.18816634,0.1215353,0.098429315,0.15873368456959722,0.08740715977744518,False
1982-01-07 14:00:00,0.1338884,0.11232013,0.09258616,0.12369938466697931,0.08554928552818182,False
1982-01-07 15:00:00,0.060798675,0.104329884,0.087723084,0.07831560911238193,0.08344837092104686,False
1982-01-07 16:00:00,0.006321916,0.09789882,0.08343194,0.04427773410221561,0.08129673515439663,False
1982-01-07 17:00:00,0.0,0.09373978,0.0808208,0.03895430114865303,0.07924693504003001,False
1982-01-07 18:00:00,0.0,0.08951381,0.07680549,0.03717809164524078,0.07733956363125828,False
1982-01-07 19:00:00,0.0,0.08510089,0.07199328,0.03528986504673958,0.07556173938493368,False
1982-01-07 20:00:00,0.0,0.077959605,0.06546801,0.032302366800606254,0.07392893963334275,False
1982-01-07 21:00:00,0.0,0.07342433,0.06036633,0.03035336020588875,0.07239190908222583,False
1982-01-07 22:00:00,0.0,0.07399621,0.06086739,0.030591440118849275,0.07096618354859886,False
1982-01-07 23:00:00,0.0,0.068982966,0.05630705,0.02849529531598091,0.0695184860837565,False
1982-01-08 00:00:00,0.0,0.064460404,0.05165283,0.02657514198124409,0.06828743855216664,False
1982-01-08 01:00:00,0.0,0.058247298,0.04534851,0.0239420725107193,0.06725170610592825,False
1982-01-08 02:00:00,0.0,0.05594738,0.043044765,0.02296899987012148,0.0663253211242066,False
1982-01-08 03:00:00,0.0,0.0508213,0.038554464,0.020835000950843095,0.06558923020799767,False
1982-01-08 04:00:00,0.0,0.050338473,0.037944365,0.020623892325907944,0.06509524642703246,False
1982-01-08 05:00:00,0.0,0.055134382,0.041470937,0.022584017615765332,0.06468783575463231,False
1982-01-08 06:00:00,0.0,0.061209533,0.04651213,0.025097972866147754,0.06436586742176796,False
1982-01-08 07:00:00,3.0253918e-06,0.0696769,0.05328895,0.028590124549887602,0.06411887843701179,False
1982-01-08 08:00:00,0.009878278,0.08042798,0.06181327,0.03871560811996459,0.06391629566854805,False
1982-01-08 09:00:00,0.057969302,0.09574006,0.07383719,0.0727635767534375,0.06366065604384374,False
1982-01-08 10:00:00,0.115887485,0.123109,0.0985694,0.11761704697459935,0.06298205469840834,False
1982-01-08 11:00:00,0.15968952,0.123024344,0.097436726,0.142798416942358,0.061656465549770195,False
1982-01-08 12:00:00,0.17687805,0.12265234,0.09689773,0.15254982452094554,0.0600338649086686,False
1982-01-08 13:00:00,0.15720408,0.118986875,0.094772756,0.13973063786327838,0.058374794314898004,True
1982-01-08 14:00:00,0.10642037,0.117592834,0.09475012,0.10991281457990407,0.056924937264500264,True
1982-01-08 15:00:00,0.043607246,0.11363314,0.09309964,0.07211939051374792,0.05578354127547091,True
1982-01-08 16:00:00,0.0031751054,0.112721376,0.09361076,0.048481204855721445,0.05505345850186741,True
1982-01-08 17:00:00,0.0,0.1135309,0.094943166,0.0470198317989707,0.054618717979020126,True
1982-01-08 18:00:00,0.0,0.11703187,0.097934596,0.04847322906553745,0.054240276450602955,True
1982-01-08 19:00:00,0.0,0.11804172,0.09921743,0.04891513460129499,0.05385520023790622,True
1982-01-08 20:00:00,0.0,0.116039716,0.09773336,0.048096256725490096,0.05348404870283293,True
1982-01-08 21:00:00,0.0,0.113048375,0.09568445,0.046881810352206225,0.053190667327805106,True
1982-01-08 22:00:00,0.0,0.121739216,0.101775676,0.050417657263576984,0.052977044106772786,True
1982-01-08 23:00:00,0.0,0.1271115,0.10573687,0.052613932281732556,0.052840591832608606,True
1982-01-09 00:00:00,0.0,0.13037974,0.1083578,0.05396144405007362,0.0527739570239416,True
1982-01-09 01:00:00,0.0,0.11979538,0.10074985,0.04964498788118362,0.052778529951427754,True
1982-01-09 02:00:00,0.0,0.1165501,0.098454185,0.04832351392507553,0.05287296823559764,True
1982-01-09 03:00:00,0.0,0.11175747,0.09507088,0.04637233494222164,0.05304048868835407,True
1982-01-09 04:00:00,0.0,0.107921235,0.09260173,0.044823429308831694,0.05331425349724914,True
1982-01-09 05:00:00,0.0,0.10320218,0.08916022,0.04289625589549541,0.05363591625037106,True
1982-01-09 06:00:00,0.0,0.09810357,0.085147284,0.04079816991090774,0.05395664248087878,True
1982-01-09 07:00:00,1.1525302e-06,0.09563851,0.08308368,0.039777795330603445,0.054240434640166035,True
1982-01-09 08:00:00,0.004911853,0.091576904,0.07951723,0.04091994722001255,0.05448039606610122,True
1982-01-09 09:00:00,0.03586602,0.08935443,0.077354655,0.05784362978115677,0.05465332806210075,True
1982-01-09 10:00:00,0.07360913,0.093616486,0.08036055,0.08135641990602016,0.05479825580305151,True
1982-01-09 11:00:00,0.10170865,0.082794696,0.071337886,0.09308938010036946,0.054975900323583855,True
1982-01-09 12:00:00,0.112428166,0.074110806,0.06389169,0.09566809024661778,0.05524964921873726,True
1982-01-09 13:00:00,0.10613744,0.06722721,0.057266742,0.08914054615050554,0.055606965528012996,True
1982-01-09 14:00:00,0.07446532,0.062523834,0.053233203,0.06891237719357013,0.05602774526969262,True
1982-01-09 15:00:00,0.0336799,0.05744579,0.0489044,0.04327163597941398,0.0564468399040902,True
1982-01-09 16:00:00,0.0027486114,0.052646026,0.044404753,0.02341018900554627,0.05676921068060876,True
1982-01-09 17:00:00,0.0,0.05034119,0.040985353,0.020789107784628866,0.05693775548323916,True
1982-01-09 18:00:00,0.0,0.045472704,0.03546307,0.01869443343579769,0.0570627301275164,True
1982-01-09 19:00:00,0.0,0.042565387,0.032740068,0.017474591363221405,0.05716088000362666,True
1982-01-09 20:00:00,0.0,0.04447553,0.033492416,0.018220060799270868,0.05724293984848933,True
1982-01-09 21:00:00,0.0,0.048681825,0.039552815,0.02009944559633732,0.05731699194995613,True
1982-01-09 22:00:00,0.0,0.05784906,0.049915325,0.0240417309589684,0.0573822077024162,True
1982-01-09 23:00:00,0.0,0.060691938,0.05373147,0.025296824499964714,0.05736526006137879,True
1982-01-10 00:00:00,0.0,0.064226,0.057319406,0.026794642500579356,0.05725483898822145,True
1982-01-10 01:00:00,0.0,0.06827958,0.06073973,0.028475110150873662,0.057063731201960906,True
1982-01-10 02:00:00,0.0,0.0743932,0.0659054,0.031009981602430344,0.056904449854082634,True
1982-01-10 03:00:00,0.0,0.08156863,0.07179422,0.03397571177780628,0.05673198596158924,True
1982-01-10 04:00:00,0.0,0.086618915,0.07595046,0.036063704475760454,0.05656280537092986,True
1982-01-10 05:00:00,0.0,0.09125595,0.07973022,0.03797887668013573,0.05640575233105497,True
1982-01-10 06:00:00,0.0,0.09302874,0.08134059,0.03871999651193619,0.05625826057283135,True
1982-01-10 07:00:00,1.5271025e-06,0.096378826,0.08414084,0.040108272994776595,0.056130979980378616,True
1982-01-10 08:00:00,0.0077989986,0.102168344,0.08918894,0.04701634392794221,0.05601143666811334,True
1982-01-10 09:00:00,0.058893453,0.10993161,0.09581151,0.07972010831907392,0.05594054117087244,True
1982-01-10 10:00:00,0.12707599,0.12687372,0.11119887,0.12614398396015167,0.056020525365626746,True
1982-01-10 11:00:00,0.17616284,0.13019162,0.11577216,0.15593836390972138,0.05616608308553044,True
1982-01-10 12:00:00,0.19815756,0.13274902,0.11814267,0.1697010073661804,0.05635480980329185,True
1982-01-10 13:00:00,0.18215758,0.13138346,0.11745641,0.15992806546390056,0.05659094723285455,True
1982-01-10 14:00:00,0.13070346,0.13087402,0.117054515,0.13002935703098772,0.05674939377980897,True
1982-01-10 15:00:00,0.059229933,0.12797013,0.11475072,0.08759318778663873,0.05685363629214435,True
1982-01-10 16:00:00,0.0059733335,0.1272826,0.11402705,0.056571355381980534,0.056970458563131286,True
1982-01-10 17:00:00,0.0,0.12707396,0.11348748,0.05301861472427845,0.05705837538837929,True
1982-01-10 18:00:00,0.0,0.12757088,0.11316236,0.053184423118829725,0.05704918156167966,True
1982-01-10 19:00:00,0.0,0.12680508,0.11227652,0.052854007154703134,0.05700080234044705,True
1982-01-10 20:00:00,0.0,0.123934224,0.109611645,0.05165075759589672,0.05694689825619113,True
1982-01-10 21:00:00,0.0,0.119944856,0.10652805,0.050012166470289235,0.05689031979720582,True
1982-01-10 22:00:00,0.0,0.11876296,0.10704884,0.04960417049378157,0.05683186182635378,True
1982-01-10 23:00:00,0.0,0.11332097,0.10182006,0.04731372077018022,0.0567558538678522,True
1982-01-11 00:00:00,0.0,0.10731086,0.09612153,0.04478827030956745,0.05664341700076598,True
1982-01-11 01:00:00,0.0,0.10075018,0.08930866,0.041999483183026314,0.05649697405960883,True
1982-01-11 02:00:00,0.0,0.09610415,0.08486694,0.04004524708539247,0.056285741013004514,True
1982-01-11 03:00:00,0.0,0.09184246,0.08077407,0.03825166659057141,0.0559797323504417,True
1982-01-11 04:00:00,0.0,0.08950342,0.078854084,0.037284883394837376,0.055555593577208996,True
1982-01-11 05:00:00,0.0,0.08599345,0.07564944,0.03581665150076151,0.055066342242872414,True
1982-01-11 06:00:00,0.0,0.08328428,0.073274106,0.03468870147317648,0.054542718448555176,True
1982-01-11 07:00:00,3.8033493e-06,0.08176601,0.07159008,0.03403971634186996,0.05398767650883652,True
1982-01-11 08:00:00,0.008321901,0.07862638,0.06855727,0.03751696335244924,0.05336679966782834,True
1982-01-11 09:00:00,0.052350458,0.07568419,0.06572576,0.06168287112936378,0.05268616544973487,True
1982-01-11 10:00:00,0.10343693,0.06889149,0.059983734,0.08834319046139717,0.05194759432379848,True
1982-01-11 11:00:00,0.1309144,0.06411948,0.054640047,0.102148262552917,0.05103215624068159,True
1982-01-11 12:00:00,0.13901739,0.06483861,0.053040862,0.10700268686562776,0.05010892913659485,True
1982-01-11 13:00:00,0.12062547,0.066104464,0.050972868,0.09674598040431738,0.04921009418661467,True
1982-01-11 14:00:00,0.08217324,0.06464706,0.04902389,0.07391601778566836,0.04837636709537429,True
1982-01-11 15:00:00,0.037305064,0.06662035,0.05131803,0.048879104986786846,0.04754978971740303,True
1982-01-11 16:00:00,0.0042644194,0.061461758,0.046115518,0.027630196617450566,0.04672884568556671,True
1982-01-11 17:00:00,0.0,0.049819957,0.03637481,0.020347804103046655,0.04579846273809044,True
1982-01-11 18:00:00,0.0,0.040088948,0.029248316,0.01637223081663251,0.04483181305156955,True
1982-01-11 19:00:00,0.0,0.036426593,0.026773753,0.0148871953189373,0.04385996818865584,True
1982-01-11 20:00:00,0.0,0.037916236,0.028022293,0.015504294767975808,0.04288876497492362,True
1982-01-11 21:00:00,0.0,0.04228467,0.03130406,0.017293462995439768,0.0419473999690095,True
1982-01-11 22:00:00,0.0,0.049890753,0.036734466,0.020393348950892686,0.0410606804287823,True
1982-01-11 23:00:00,0.0,0.048728805,0.035535663,0.019899854879826307,0.040242437926383504,True
1982-01-12 00:00:00,0.0,0.048401143,0.035284434,0.019765381325036288,0.039443009818235224,True
1982-01-12 01:00:00,0.0,0.04490071,0.032732617,0.018335923913866282,0.03865798284791578,True
1982-01-12 02:00:00,0.0,0.039967984,0.029136661,0.01632156579941511,0.03790583647825457,True
1982-01-12 03:00:00,0.0,0.03334521,0.024308661,0.013617050662636757,0.03718787332842527,True
1982-01-12 04:00:00,0.0,0.030804818,0.022456711,0.012579640427604318,0.03650952652588654,True
1982-01-12 05:00:00,0.0,0.031454466,0.022930305,0.012844934552907944,0.035863272937277146,True
1982-01-12 06:00:00,0.0,0.029576369,0.021561174,0.012077983405441046,0.03527269322882109,True
1982-01-12 07:00:00,3.3711508e-06,0.025232853,0.018394751,0.010306184626384038,0.03472799118564632,True
1982-01-12 08:00:00,0.00870993,0.02282333,0.016638206,0.014345901459455489,0.03421443522332159,True
1982-01-12 09:00:00,0.062124256,0.020626102,0.0150364265,0.04426869427412748,0.0338024716609763,True
1982-01-12 10:00:00,0.12729794,0.021431867,0.015623831,0.08220295597054063,0.033657429064125756,True
1982-01-12 11:00:00,0.17934482,0.01993678,0.014533913,0.11162346291355787,0.03382011452581734,True
1982-01-12 12:00:00,0.20752591,0.016687188,0.01216496,0.12655692976713181,0.03440931577057578,True
1982-01-12 13:00:00,0.19657013,0.015888201,0.011582498,0.11990916508436202,0.035241813001112704,True
1982-01-12 14:00:00,0.14549187,0.015684055,0.011433677,0.09035364288836717,0.03609509923492093,True
1982-01-12 15:00:00,0.07258269,0.015446098,0.011260204,0.04818787425849587,0.03678369894849447,True
1982-01-12 16:00:00,0.00955384,0.015673215,0.011425775,0.011912973903119562,0.03699294236826865,True
1982-01-12 17:00:00,5.762651e-08,0.01620947,0.011816705,0.006619429771275709,0.03679275740678849,True
1982-01-12 18:00:00,0.0,0.016004931,0.011667594,0.00653586969897151,0.03660527540038994,True
1982-01-12 19:00:00,0.0,0.015271234,0.01113273,0.00623625289555639,0.03654049615719079,True
1982-01-12 20:00:00,0.0,0.015831968,0.0115415035,0.006465237312018871,0.03657318205147705,True
1982-01-12 21:00:00,0.0,0.018242529,0.013298805,0.007449628539383411,0.03663130575342758,True
1982-01-12 22:00:00,0.0,0.025292337,0.018438112,0.010328530378639698,0.036714715202746,True
1982-01-12 23:00:00,0.0,0.021894995,0.015961451,0.00894117157906294,0.03686298793152629,True
1982-01-13 00:00:00,0.0,0.017403446,0.012687113,0.007106975734233856,0.036915346323686676,True
1982-01-13 01:00:00,0.0,0.014439149,0.010526139,0.005896457439288497,0.03684771123266502,True
1982-01-13 02:00:00,0.0,0.013671598,0.009966594,0.00558301589358598,0.036735474109125345,True
1982-01-13 03:00:00,0.0,0.013936077,0.010159399,0.005691020068712533,0.036776867841777416,True
1982-01-13 04:00:00,0.0,0.015340922,0.011183533,0.006264711141586304,0.03707373132411113,True
1982-01-13 05:00:00,0.0,0.018289538,0.013333073,0.007468825494870543,0.037402866389194524,True
1982-01-13 06:00:00,0.0,0.020919967,0.015250656,0.00854300340078771,0.037642329295223605,True
1982-01-13 07:00:00,7.232127e-06,0.022981485,0.016753502,0.009389030150282906,0.03791435803036394,True
1982-01-13 08:00:00,0.012213564,0.026149465,0.01937655,0.01774271235987544,0.038260781216711705,True
1982-01-13 09:00:00,0.07306519,0.030688204,0.02293081,0.05472082648053765,0.038609407595421925,True
1982-01-13 10:00:00,0.14833143,0.02584293,0.019052122,0.09615209262259303,0.03922896065336447,True
1982-01-13 11:00:00,0.20670196,0.027296703,0.020192694,0.13042992230132222,0.0401629363606772,True
1982-01-13 12:00:00,0.23519638,0.027511919,0.02041377,0.14696255393140017,0.04129355793049043,True
1982-01-13 13:00:00,0.21985383,0.026517227,0.019688906,0.13770371962711214,0.042416590986060404,True
1982-01-13 14:00:00,0.1665349,0.026596008,0.019708138,0.10696880403719843,0.04335355935314154,True
1982-01-13 15:00:00,0.08235537,0.027910737,0.020456983,0.05892278913594782,0.043994907072730786,True
1982-01-13 16:00:00,0.011456956,0.027942225,0.020369882,0.01802131846640259,0.04429796081141595,True
1982-01-13 17:00:00,4.033856e-07,0.027789863,0.020258809,0.011348667795916442,0.04439677954958468,True
1982-01-13 18:00:00,0.0,0.03245548,0.023828786,0.013262827143073082,0.04446069728889343,True
1982-01-13 19:00:00,0.0,0.040239394,0.02977374,0.01645611824467778,0.04453695872417957,True
1982-01-13 20:00:00,0.0,0.044699978,0.033332232,0.018294232461601494,0.044655439626752204,True
1982-01-13 21:00:00,0.0,0.051973462,0.039239056,0.02129711656272411,0.04479889665599986,True
1982-01-13 22:00:00,0.0,0.06707394,0.051113993,0.027510439932346344,0.04493544341656453,True
1982-01-13 23:00:00,0.0,0.054697793,0.041288372,0.02241305770352483,0.04497919379498418,True
1982-01-14 00:00:00,0.0,0.040353384,0.030157376,0.016518896955996752,0.045034281094536,True
1982-01-14 01:00:00,0.0,0.031664845,0.023411376,0.012948541983962059,0.04509970491761416,True
1982-01-14 02:00:00,0.0,0.044601537,0.034268476,0.01830846496671438,0.04515813816220108,True
1982-01-14 03:00:00,0.0,0.067929246,0.051863078,0.027866497814655306,0.045205448439496844,True
1982-01-14 04:00:00,0.0,0.0693819,0.051411156,0.02837812355160713,0.045238521308615616,True
1982-01-14 05:00:00,0.0,0.059494056,0.04418236,0.024339154042303558,0.04525867401480283,True
1982-01-14 06:00:00,0.0,0.061422303,0.045750607,0.025135362692177296,0.04527021212990004,True
1982-01-14 07:00:00,1.0430397e-05,0.065884925,0.048461884,0.02693449757107646,0.045285186154745326,True
1982-01-14 08:00:00,0.015495249,0.05409583,0.040330507,0.031079967637546356,0.04530718470989394,True
1982-01-14 09:00:00,0.094147764,0.048020862,0.036375612,0.07400724105536938,0.045373939793516345,True
1982-01-14 10:00:00,0.18844531,0.044623006,0.03398063,0.12703378992155193,0.045639035630853,True
1982-01-14 11:00:00,0.25310507,0.04846568,0.03644138,0.16589329826459287,0.046051432052082154,True
1982-01-14 12:00:00,0.27789134,0.049267605,0.03591608,0.18046251643449066,0.04647294486713573,True
1982-01-14 13:00:00,0.25416663,0.0446401,0.03254263,0.1648836467042565,0.04678517371074429,True
1982-01-14 14:00:00,0.18755163,0.031640835,0.023066172,0.12113833342865109,0.047007255584077375,True
1982-01-14 15:00:00,0.092422,0.023035608,0.016792957,0.062734453715384,0.04710858735884362,True
1982-01-14 16:00:00,0.013233755,0.022089,0.01610288,0.01665627333521843,0.04713496012872994,True
1982-01-14 17:00:00,1.0372771e-06,0.02372108,0.017292669,0.009687481258095659,0.04713801743342208,True
1982-01-14 18:00:00,0.0,0.024968823,0.018202273,0.010196418592706322,0.04713178090998932,True
1982-01-14 19:00:00,0.0,0.02919767,0.021285107,0.011923336219042539,0.04707440350999619,True
1982-01-14 20:00:00,0.0,0.03269414,0.02383403,0.013351174715906381,0.04693510578506189,True
1982-01-14 21:00:00,0.0,0.034292456,0.024999201,0.01400387304648757,0.04676647457192681,True
1982-01-14 22:00:00,0.0,0.030434826,0.022186993,0.012428548542782664,0.04654289476751378,True
1982-01-14 23:00:00,0.0,0.028370045,0.020681765,0.011585361957550049,0.04612678926650929,True
1982-01-15 00:00:00,0.0,0.025093468,0.01829314,0.010247319241985678,0.04581972339310247,True
1982-01-15 01:00:00,0.0,0.021307487,0.015533157,0.008701253179460765,0.045635236735139334,True
1982-01-15 02:00:00,0.0,0.019232525,0.014020512,0.007853909203782677,0.04553884646742168,True
1982-01-15 03:00:00,0.0,0.017823515,0.012993344,0.007278517786413431,0.04533986383703101,True
1982-01-15 04:00:00,0.0,0.017709704,0.012910374,0.007232041038572788,0.04496162094609841,True
1982-01-15 05:00:00,0.0,0.019645747,0.014321749,0.008022655019536615,0.0445721160294817,True
1982-01-15 06:00:00,0.0,0.022680039,0.016533747,0.009261756593361497,0.04427545198999375,True
1982-01-15 07:00:00,1.3138844e-05,0.025558885,0.018632427,0.01044496079741657,0.04397694135262661,True
1982-01-15 08:00:00,0.01648729,0.02799888,0.020411184,0.02094695637375116,0.04366227025571642,True
1982-01-15 09:00:00,0.09584455,0.029735874,0.021677455,0.06744542667269705,0.04346532715305971,True
1982-01-15 10:00:00,0.18650596,0.020406162,0.014876091,0.11594712084159253,0.04329060083728569,True
1982-01-15 11:00:00,0.24948753,0.016427005,0.0119752865,0.1506625374238938,0.04294739029292613,True
1982-01-15 12:00:00,0.27064887,0.014166562,0.010327424,0.1619495384246111,0.04251332373835587,True
1982-01-15 13:00:00,0.24590644,0.015857423,0.011560061,0.14836364954710005,0.04201816408340018,True
1982-01-15 14:00:00,0.1813085,0.017674657,0.012884824,0.11183272922597826,0.04157527159037975,True
1982-01-15 15:00:00,0.08965345,0.020713387,0.015100059,0.060188682090491046,0.041334374141917936,True
1982-01-15 16:00:00,0.013275993,0.025731381,0.018758176,0.01816806909162551,0.041312002849726075,True
1982-01-15 17:00:00,2.1898072e-06,0.027054287,0.019722575,0.011049314671143748,0.04139841689784444,True
1982-01-15 18:00:00,0.0,0.025733562,0.018759768,0.010508711943402888,0.04144898709924978,True
1982-01-15 19:00:00,0.0,0.023924194,0.017440736,0.00976982744783163,0.04152297136213252,True
1982-01-15 20:00:00,0.0,0.024977433,0.018208548,0.010199934231117367,0.04162008298726374,True
1982-01-15 21:00:00,0.0,0.0258721,0.01886076,0.010565285950899124,0.0416982958647664,True
1982-01-15 22:00:00,0.0,0.018457403,0.013455445,0.007537375884130597,0.04172553844077134,True
1982-01-15 23:00:00,0.0,0.018791711,0.013699156,0.00767389577999711,0.04172085469614336,True
1982-01-16 00:00:00,0.0,0.018766345,0.013680665,0.007663537373766303,0.04171509038345044,True
1982-01-16 01:00:00,0.0,0.02037831,0.01485579,0.008321809133514761,0.041742698491109474,True
1982-01-16 02:00:00,0.0,0.02144473,0.015633207,0.008757298707962036,0.041794502957515356,True
1982-01-16 03:00:00,0.0,0.023779744,0.017335434,0.009710839049890636,0.04183932079016318,True
1982-01-16 04:00:00,0.0,0.023708848,0.01728375,0.009681887554004788,0.041847550069355345,True
1982-01-16 05:00:00,0.0,0.024730952,0.018028865,0.010099280146881938,0.04182977118921786,True
1982-01-16 06:00:00,0.0,0.026463643,0.019291999,0.010806852098554372,0.04176719808336435,True
1982-01-16 07:00:00,1.6423555e-05,0.028946603,0.021102076,0.01183028491938785,0.04167022591878281,True
1982-01-16 08:00:00,0.016600525,0.029503426,0.021507995,0.021626698710024355,0.04154795324981859,True
1982-01-16 09:00:00,0.09369335,0.028306257,0.020635264,0.06562037789821625,0.04142009345099588,True
1982-01-16 10:00:00,0.17771032,0.019641269,0.014318487,0.11055968379229307,0.041250722499438036,True
1982-01-16 11:00:00,0.2374227,0.019749938,0.014397705,0.14505810364522037,0.04110823880148611,True
1982-01-16 12:00:00,0.2556638,0.02247208,0.016382147,0.15669485299661756,0.041003540691987396,True
1982-01-16 13:00:00,0.23132858,0.024850791,0.018116226,0.14362480703927574,0.040941713072621365,True
1982-01-16 14:00:00,0.16971439,0.028528458,0.020797247,0.10957525590248406,0.04088620281476553,True
1982-01-16 15:00:00,0.08490617,0.031025533,0.022617612,0.06166063169017434,0.040798102424237356,True
1982-01-16 16:00:00,0.013466912,0.03191681,0.023267351,0.020804147644899785,0.04070503644845047,True
1982-01-16 17:00:00,4.2067345e-06,0.029660705,0.021622654,0.012114850925552218,0.040559410441307765,True
1982-01-16 18:00:00,0.0,0.033665054,0.024541823,0.013747663211077451,0.04039070060553542,True
1982-01-16 19:00:00,0.0,0.04061233,0.029606387,0.01658469422534108,0.04024080995745073,True
1982-01-16 20:00:00,0.0,0.041857146,0.030742705,0.017105392836034298,0.040105776152061776,True
1982-01-16 21:00:00,0.0,0.037492905,0.02734509,0.015311516694724558,0.03995862184480695,True
1982-01-16 22:00:00,0.0,0.029884292,0.02178565,0.01220372880063951,0.03979476600045502,True
1982-01-16 23:00:00,0.0,0.027692499,0.020187832,0.011308674948289991,0.03967605394717004,True
1982-01-17 00:00:00,0.0,0.02833857,0.020658815,0.011572508409619332,0.0395454928057273,True
1982-01-17 01:00:00,0.0,0.027396668,0.01997217,0.011187867566943168,0.03941412861182227,True
1982-01-17 02:00:00,0.0,0.024500486,0.017860852,0.010005165170878171,0.039276935514147515,True
1982-01-17 03:00:00,0.0,0.018790798,0.013698493,0.007673523187637329,0.039139809087614885,True
1982-01-17 04:00:00,0.0,0.015619946,0.011386941,0.006378654791973531,0.038989761615518835,True
1982-01-17 05:00:00,0.0,0.012290803,0.008959995,0.005019145938567817,0.03884354512396141,True
1982-01-17 06:00:00,0.0,0.011281773,0.008224413,0.0046070926934480665,0.03868661570083106,True
1982-01-17 07:00:00,2.0399782e-05,0.011176499,0.008147667,0.0045758726871335965,0.03851474792370329,True
1982-01-17 08:00:00,0.017324662,0.011786868,0.008592628,0.014809686030261218,0.03832350861015992,True
1982-01-17 09:00:00,0.09430893,0.011997497,0.008746175,0.05931562099792063,0.03813197011569157,True
1982-01-17 10:00:00,0.18237962,0.009488703,0.0069172643,0.10910790333990007,0.037892287479235,True
1982-01-17 11:00:00,0.24648167,0.008367747,0.006100089,0.14563702816795554,0.037673827578300755,True
1982-01-17 12:00:00,0.2703048,0.0073853936,0.0053839516,0.15898181269504127,0.0374198156897587,True
1982-01-17 13:00:00,0.24871631,0.0053624604,0.0039092335,0.14569915717002002,0.037228660077212365,True
1982-01-17 14:00:00,0.18379793,0.0038017547,0.002771479,0.10760391048062593,0.03705876820411912,True
1982-01-17 15:00:00,0.09382828,0.0038754349,0.0028251917,0.05572151525272056,0.03691731075231578,True
1982-01-17 16:00:00,0.015598574,0.0053325784,0.0038874494,0.011178020748775452,0.036772607578897644,True
1982-01-17 17:00:00,8.0100845e-06,0.007215637,0.0052601993,0.002951242554071541,0.036569951196008775,True
1982-01-17 18:00:00,0.0,0.008115173,0.0059159608,0.003313960835337639,0.03634885106552788,True
1982-01-17 19:00:00,0.0,0.008052102,0.0058699823,0.003288204789161682,0.03609218204671739,True
1982-01-17 20:00:00,0.0,0.0076806773,0.0055992138,0.003136527482885867,0.035772962968838286,True
1982-01-17 21:00:00,0.0,0.006612219,0.004820308,0.002700205422006547,0.03544270935719938,True
1982-01-17 22:00:00,0.0,0.0045037963,0.003283268,0.00183919732645154,0.03514846637836123,True
1982-01-17 23:00:00,0.0,0.003445343,0.0025116552,0.0014069609907455744,0.034914643383961406,True
1982-01-18 00:00:00,0.0,0.0033255855,0.002424352,0.0013580560663249345,0.03470435145801271,True
1982-01-18 01:00:00,0.0,0.004252412,0.0031000085,0.001736540445126593,0.03449372290998686,True
1982-01-18 02:00:00,0.0,0.0053266683,0.0038831416,0.0021752302343957127,0.034292968377614634,True
1982-01-18 03:00:00,0.0,0.0061429217,0.00447819,0.0025085603892803193,0.03411924930900382,True
1982-01-18 04:00:00,0.0,0.0065223253,0.004754776,0.002663495959248394,0.033997164537575335,True
1982-01-18 05:00:00,0.0,0.0062852143,0.0045819213,0.002566667836625129,0.033901427588743864,True
1982-01-18 06:00:00,0.0,0.0062620267,0.0045650173,0.0025571987964212897,0.03383601821667795,True
1982-01-18 07:00:00,2.5038718e-05,0.006455852,0.004706316,0.0026507978693061885,0.03378453201567568,True
1982-01-18 08:00:00,0.016811267,0.006691914,0.0048784055,0.012432850975543261,0.033744381953356654,True
1982-01-18 09:00:00,0.08943443,0.0061512105,0.0044842325,0.05411561134830117,0.033717054241177644,True
1982-01-18 10:00:00,0.17070524,0.0038609551,0.002814636,0.10007360854744911,0.03362091872943552,True
1982-01-18 11:00:00,0.2274772,0.0039454624,0.0028762422,0.13286553299520165,0.033398138320137376,True
1982-01-18 12:00:00,0.25282973,0.0040077507,0.00292165,0.14751938359439373,0.03309694920321719,True
1982-01-18 13:00:00,0.23222838,0.0036100456,0.0026317232,0.13546999713080002,0.0327861326135616,True
1982-01-18 14:00:00,0.17546816,0.0037715405,0.0027494533,0.10278529821592383,0.032583165373202896,True
1982-01-18 15:00:00,0.09223607,0.0036601136,0.0026682226,0.05471487936610356,0.03249812070981314,True
1982-01-18 16:00:00,0.016399985,0.003951969,0.0028809856,0.011076641266234219,0.03249639945235284,True
1982-01-18 17:00:00,1.3657482e-05,0.0036588851,0.0026673274,0.0015020446624694158,0.032546272765064936,True
1982-01-18 18:00:00,0.0,0.003495762,0.0025484106,0.0014275503081735224,0.03257086246128852,True
1982-01-18 19:00:00,0.0,0.003090802,0.0022531946,0.0012621784871444106,0.032587527828290656,True
1982-01-18 20:00:00,0.0,0.0030688634,0.0022372014,0.001253219477366656,0.03260082036879572,True
1982-01-18 21:00:00,0.0,0.0029087968,0.002120513,0.0011878537104930728,0.03260704847690027,True
1982-01-18 22:00:00,0.0,0.0024003591,0.001749862,0.000980225069448352,0.03261050313347328,True
1982-01-18 23:00:00,0.0,0.0029744457,0.002168371,0.001214662502752617,0.03261402820466861,True
1982-01-19 00:00:00,0.0,0.0035809497,0.002610512,0.001462338104378432,0.03262902650315624,True
1982-01-19 01:00:00,0.0,0.0037996552,0.0027699487,0.0015516500130761414,0.032652503370641676,True
1982-01-19 02:00:00,0.0,0.004081265,0.002975242,0.0016666498775593935,0.0326812798401657,True
1982-01-19 03:00:00,0.0,0.004440757,0.0032373117,0.0018134541590698063,0.03272567405133992,True
1982-01-19 04:00:00,0.0,0.00436687,0.0031834482,0.001783281248062849,0.03277351407312341,True
1982-01-19 05:00:00,0.0,0.0046024793,0.0033552079,0.001879496079403907,0.03281170187336061,True
1982-01-19 06:00:00,0.0,0.005230002,0.0038126716,0.002135755045339465,0.03285783754802792,True
1982-01-19 07:00:00,3.2011525e-05,0.0064407885,0.004695335,0.00264866969581999,0.032906717787219854,True
1982-01-19 08:00:00,0.017277926,0.00864076,0.0062991134,0.013497955845668912,0.03294812499568526,True
1982-01-19 09:00:00,0.08799545,0.009618194,0.007011664,0.05470111643429845,0.033004300804301556,True
1982-01-19 10:00:00,0.16522206,0.007545469,0.0055006472,0.09841444369358941,0.033040565775976284,True
1982-01-19 11:00:00,0.22195205,0.007624575,0.005558315,0.1311799505557865,0.03309414659911728,True
1982-01-19 12:00:00,0.24418388,0.00775901,0.0056563183,0.14406261639157308,0.03320609602593778,True
1982-01-19 13:00:00,0.2305663,0.007150396,0.0052126395,0.1359567296328023,0.033325042529339356,True
1982-01-19 14:00:00,0.17426865,0.007269843,0.005299716,0.1035217666379176,0.033498572364204254,True
1982-01-19 15:00:00,0.09092343,0.0077775246,0.0056698155,0.055638894894625986,0.033663439149999565,True
1982-01-19 16:00:00,0.017028805,0.009173926,0.00668779,0.013571939758956432,0.03377921064790009,True
1982-01-19 17:00:00,2.2531964e-05,0.010085431,0.007352278,0.004131547972803674,0.03385111711913701,True
1982-01-19 18:00:00,0.0,0.010074047,0.007343981,0.004113898451440037,0.033903921491329904,True
1982-01-19 19:00:00,0.0,0.009614529,0.0070089907,0.003926246733404696,0.03396939310125331,True
1982-01-19 20:00:00,0.0,0.008412739,0.0061328867,0.0034354766719043254,0.03405036030863435,True
1982-01-19 21:00:00,0.0,0.007018285,0.00511633,0.0028660289375111456,0.03413246108818007,True
1982-01-19 22:00:00,0.0,0.004918139,0.0035853235,0.002008400743827224,0.03421427775399375,True
1982-01-19 23:00:00,0.0,0.0052082674,0.003796827,0.002126879318151623,0.034295665170977235,True
1982-01-20 00:00:00,0.0,0.0060850945,0.004436034,0.00248494570562616,0.03436748909117327,True
1982-01-20 01:00:00,0.0,0.0076348446,0.005565802,0.0031178109822794795,0.03443446145418588,True
1982-01-20 02:00:00,0.0,0.010544836,0.007687186,0.004306152370758354,0.03448806910907465,True
1982-01-20 03:00:00,0.0,0.011766115,0.008577499,0.004804881434887647,0.03453246401297824,True
1982-01-20 04:00:00,0.0,0.011010981,0.008027006,0.004496510370634496,0.03456555680980986,True
1982-01-20 05:00:00,0.0,0.011708076,0.008535188,0.004781180220656097,0.034600129604959735,True
1982-01-20 06:00:00,0.0,0.012007489,0.008753461,0.0049034502776339655,0.034638044549103,True
1982-01-20 07:00:00,3.9791106e-05,0.011302078,0.008239214,0.00463834387564566,0.03466978495353564,True
1982-01-20 08:00:00,0.01812296,0.011441555,0.008340892,0.015129289789125321,0.034690127083451,True
1982-01-20 09:00:00,0.08936958,0.0105054835,0.007658497,0.055856329988688225,0.03471116316596106,True
1982-01-20 10:00:00,0.17080888,0.010012497,0.0072991103,0.10264548805821685,0.034627217493312414,True
1982-01-20 11:00:00,0.23231393,0.010270119,0.0074869166,0.13823910548258572,0.034383701133426724,True
1982-01-20 12:00:00,0.25825125,0.010328589,0.0075295423,0.1532288157576695,0.0339434230085185,True
1982-01-20 13:00:00,0.24263075,0.009309018,0.0067862747,0.14379942920431496,0.03337750215120363,True
1982-01-20 14:00:00,0.18594116,0.008352445,0.0060889334,0.11069890393409877,0.03276966482527148,True
1982-01-20 15:00:00,0.0991925,0.00743901,0.0054230383,0.06027191126532852,0.03223445651871484,True
1982-01-20 16:00:00,0.019494185,0.008032028,0.0058553484,0.014528151885606347,0.031906720376594276,True
1982-01-20 17:00:00,3.3942015e-05,0.009836935,0.007171126,0.004036654527728388,0.031833057459115334,True
1982-01-20 18:00:00,0.0,0.011191401,0.008158532,0.004570187584497035,0.031851036491577424,True
1982-01-20 19:00:00,0.0,0.0126078185,0.0091911005,0.005148604441434145,0.03189874238597174,True
1982-01-20 20:00:00,0.0,0.012719122,0.00927224,0.005194056895561516,0.03197889223031877,True
1982-01-20 21:00:00,0.0,0.01252566,0.009131206,0.005115053669549525,0.03210944962409037,True
1982-01-20 22:00:00,0.0,0.011966768,0.008723774,0.004886821084655821,0.032280677871261175,True
1982-01-20 23:00:00,0.0,0.011416745,0.008322808,0.004662210672162473,0.0324370899969427,True
1982-01-21 00:00:00,0.0,0.01145299,0.008349229,0.004677011528983712,0.03258897212995277,True
1982-01-21 01:00:00,0.0,0.010100786,0.007363473,0.004124817447736859,0.0327548207715218,True
1982-01-21 02:00:00,0.0,0.009299514,0.006779345,0.003797605264931917,0.032944847936457404,True
1982-01-21 03:00:00,0.0,0.008330538,0.0060729613,0.0034019084069877863,0.033175333458703854,True
1982-01-21 04:00:00,0.0,0.008430612,0.0061459164,0.0034427754152566194,0.03343889749213765,True
1982-01-21 05:00:00,0.0,0.009059063,0.0066040573,0.00369941339828074,0.03375666175381691,True
1982-01-21 06:00:00,0.0,0.008960821,0.006532437,0.00365929445810616,0.03410089187755427,True
1982-01-21 07:00:00,5.264182e-05,0.008802686,0.0064171576,0.003625091931757197,0.034483594928117846,True
1982-01-21 08:00:00,0.018364558,0.00957802,0.006982377,0.014507687806151805,0.03490213679725918,True
1982-01-21 09:00:00,0.08141303,0.009051697,0.006598688,0.05067172414716333,0.03525274824737099,True
1982-01-21 10:00:00,0.14493285,0.007589768,0.0055329413,0.08672565841907635,0.03523158949502892,True
1982-01-21 11:00:00,0.1857838,0.006977432,0.0050865477,0.11004660056019201,0.034727130594080405,True
1982-01-21 12:00:00,0.19727184,0.007524045,0.0054850294,0.11689841524045914,0.0338715580089669,True
1982-01-21 13:00:00,0.1791945,0.0082899025,0.006043339,0.10678053798805921,0.032867658481156234,True
1982-01-21 14:00:00,0.12996596,0.006957995,0.005072377,0.07783176792319862,0.03181200670551735,True
1982-01-21 15:00:00,0.06438042,0.006758781,0.004927152,0.039907560072839264,0.03102450018350805,True
1982-01-21 16:00:00,0.01122743,0.00871251,0.0063514193,0.010036119719967245,0.0306857968314426,True
1982-01-21 17:00:00,1.2274445e-05,0.012213209,0.008903429,0.004994541530983952,0.030726572565423105,True
1982-01-21 18:00:00,0.0,0.015681475,0.011431796,0.006403781382367015,0.03082819500866184,True
1982-01-21 19:00:00,0.0,0.019035472,0.013876856,0.007773439262062311,0.030900314456471952,True
1982-01-21 20:00:00,0.0,0.023758667,0.017320067,0.009702231572940945,0.030947714288291298,True
1982-01-21 21:00:00,0.0,0.02714473,0.019788507,0.011084984801709653,0.030979918297010717,True
1982-01-21 22:00:00,0.0,0.023303073,0.016987942,0.009516182776540517,0.03100457530437574,True
1982-01-21 23:00:00,0.0,0.023060739,0.016811278,0.009417221702635288,0.03101184273852572,True
1982-01-22 00:00:00,0.0,0.025579212,0.018647244,0.010445680500939488,0.03100642030951871,True
1982-01-22 01:00:00,0.0,0.029880743,0.022465196,0.01223911489918828,0.030979882926427074,True
1982-01-22 02:00:00,0.0,0.03730421,0.02970747,0.015369457438588141,0.030942724799426054,True
1982-01-22 03:00:00,0.0,0.0423371,0.033954903,0.017455955039709807,0.03090717898694287,True
1982-01-22 04:00:00,0.0,0.047963094,0.037978023,0.01974919493123889,0.030877842528579766,True
1982-01-22 05:00:00,0.0,0.051500678,0.042601407,0.021304226160049438,0.03084821382861422,True
1982-01-22 06:00:00,0.0,0.05606156,0.04789781,0.023273196704685688,0.030817368411322366,True
1982-01-22 07:00:00,5.0653704e-05,0.059239663,0.052586865,0.02472835359442979,0.030789000134196377,True
1982-01-22 08:00:00,0.011749007,0.060299147,0.05424217,0.03195863939449191,0.030760840713556104,True
1982-01-22 09:00:00,0.049651805,0.062681116,0.056709006,0.0548407098762691,0.03063967398272294,True
1982-01-22 10:00:00,0.08913405,0.06450235,0.05925454,0.07843146081268787,0.030240738208168288,True
1982-01-22 11:00:00,0.124228455,0.061140105,0.054279704,0.09717162139713766,0.02967187035706137,True
1982-01-22 12:00:00,0.14181872,0.055852193,0.048199616,0.10504163842275738,0.029101566979589117,True
1982-01-22 13:00:00,0.1265585,0.048511513,0.04079894,0.09312814397364855,0.028565710222431328,True
1982-01-22 14:00:00,0.09584012,0.04276005,0.0337108,0.07289859087765217,0.028019454956719522,True
1982-01-22 15:00:00,0.052286122,0.03386196,0.024999894,0.044014150366187096,0.02772336497457126,True
1982-01-22 16:00:00,0.010137195,0.026045816,0.0189874,0.016485387116670608,0.02761090418656173,True
1982-01-22 17:00:00,3.3942015e-05,0.021781802,0.01587893,0.008914531803187856,0.027615090000128167,True
1982-01-22 18:00:00,0.0,0.019668438,0.014338289,0.0080319210793823,0.027566612709001233,True
1982-01-22 19:00:00,0.0,0.018179271,0.0132526895,0.007423796368762851,0.0275111495048409,True
1982-01-22 20:00:00,0.0,0.016504433,0.012031732,0.00673984931409359,0.027446354188818547,True
1982-01-22 21:00:00,0.0,0.015423885,0.011244011,0.006298590023070574,0.02737904018964811,True
1982-01-22 22:00:00,0.0,0.012820994,0.009346506,0.005235657923854887,0.027328730002839183,True
1982-01-22 23:00:00,0.0,0.0107793845,0.00785817,0.004401934079825877,0.027376692323225617,True
1982-01-23 00:00:00,0.0,0.008333743,0.0060752984,0.003403217140585184,0.027431004752500047,True
1982-01-23 01:00:00,0.0,0.0057331594,0.004179473,0.0023412273516878485,0.027485411768059312,True
1982-01-23 02:00:00,0.0,0.0051214015,0.003733502,0.0020914062657393516,0.02751286252888578,True
1982-01-23 03:00:00,0.0,0.004882283,0.0035591845,0.001993758405558765,0.027497983679154025,True
1982-01-23 04:00:00,0.0,0.004948007,0.0036070973,0.0020205978169105946,0.02744964080255206,True
1982-01-23 05:00:00,0.0,0.005433443,0.0039609796,0.0022188333682715894,0.027383034236707793,True
1982-01-23 06:00:00,0.0,0.0056263674,0.004101622,0.00229761715605855,0.027303091573274763,True
1982-01-23 07:00:00,4.8896094e-05,0.0054980745,0.0040080966,0.002273439741024049,0.027162026086102308,True
1982-01-23 08:00:00,0.0115677435,0.0049394337,0.0036008465,0.00869168472616002,0.026984180079881015,True
1982-01-23 09:00:00,0.05102934,0.005090723,0.003711137,0.03152280696853996,0.02679086450038329,True
1982-01-23 10:00:00,0.097576976,0.0076355194,0.005566294,0.059420001565944396,0.02661817437838304,True
1982-01-23 11:00:00,0.13702613,0.0088351155,0.006440799,0.08267203844152392,0.02657589266217476,True
1982-01-23 12:00:00,0.15174772,0.008861799,0.0064602518,0.09117729089688509,0.026476343072340893,True
1982-01-23 13:00:00,0.1336998,0.008363816,0.006097221,0.0805602852338925,0.026476540914592398,True
1982-01-23 14:00:00,0.10555243,0.0066501573,0.0048479647,0.06361944878008215,0.026516613841067755,True
1982-01-23 15:00:00,0.055885438,0.005542931,0.0040407963,0.03450944224838167,0.02651129033130445,True
1982-01-23 16:00:00,0.013774464,0.0056056897,0.004086548,0.010237038771156219,0.026538092677181963,True
1982-01-23 17:00:00,7.428057e-05,0.006427498,0.004685646,0.002667631556891138,0.02657049555594496,True
1982-01-23 18:00:00,0.0,0.009162241,0.0066792737,0.0037415475826710464,0.026546152606573756,True
1982-01-23 19:00:00,0.0,0.011419325,0.008324687,0.004663264092989266,0.026526941128740888,True
1982-01-23 20:00:00,0.0,0.01584647,0.011552075,0.006471159612759948,0.0265160954496496,True
1982-01-23 21:00:00,0.0,0.02123119,0.015477536,0.008670095834881068,0.026526927641909438,True
1982-01-23 22:00:00,0.0,0.028879208,0.021517523,0.01181837415508926,0.026547188106193078,True
1982-01-23 23:00:00,0.0,0.029303102,0.022432847,0.012024218307808041,0.026610651541992426,True
1982-01-24 00:00:00,0.0,0.031801656,0.024489004,0.013057217247784136,0.026695699237079696,True
1982-01-24 01:00:00,0.0,0.03304094,0.02527119,0.013556751418858766,0.026815024025298062,True
1982-01-24 02:00:00,0.0,0.03582496,0.026590057,0.014655272651463746,0.026972320463592058,True
1982-01-24 03:00:00,0.0,0.03699058,0.027518023,0.015135496962815524,0.027131847114065768,True
1982-01-24 04:00:00,0.0,0.04036819,0.03067071,0.016552079770714045,0.027332592337330444,True
1982-01-24 05:00:00,0.0,0.042445708,0.03341689,0.017466978315263986,0.027550434153203258,True
1982-01-24 06:00:00,0.0,0.040268093,0.030428275,0.016502053320407866,0.02780129646430943,True
1982-01-24 07:00:00,6.8229776e-05,0.039441768,0.029599339,0.016191745295807778,0.02811451574010063,True
1982-01-24 08:00:00,0.0121932505,0.038291004,0.028048255,0.0226794915786013,0.02849388090625084,True
1982-01-24 09:00:00,0.052651294,0.03960121,0.028869277,0.046551584020257,0.029033925667969637,True
1982-01-24 10:00:00,0.09802612,0.04854657,0.03568857,0.07640193843469024,0.029850948426117626,True
1982-01-24 11:00:00,0.12833893,0.044911385,0.03276622,0.09239324108511208,0.03091722561965375,True
1982-01-24 12:00:00,0.1525796,0.041660428,0.030370453,0.10505113485082983,0.03214185706734802,True
1982-01-24 13:00:00,0.13607492,0.04049411,0.029520212,0.09505164444446562,0.03352976886727448,True
1982-01-24 14:00:00,0.101401396,0.034612227,0.025232315,0.07264306240901351,0.034981894164027846,True
1982-01-24 15:00:00,0.060318902,0.025704041,0.018738246,0.04530066296830773,0.03634079627181625,True
1982-01-24 16:00:00,0.015580191,0.02216383,0.016157433,0.018040725297294554,0.037671673155381856,True
1982-01-24 17:00:00,9.95786e-05,0.018827751,0.013725429,0.007746070233370119,0.03892367610244341,True
1982-01-24 18:00:00,0.0,0.01741029,0.0126920985,0.007109770143404603,0.04024512563169084,True
1982-01-24 19:00:00,0.0,0.016904453,0.012323346,0.006903203772380948,0.04167181130149949,True
1982-01-24 20:00:00,0.0,0.017777666,0.012959919,0.007259794542565942,0.04323175737291423,True
1982-01-24 21:00:00,0.0,0.017805332,0.012980087,0.007271092308685183,0.04491686595901229,True
1982-01-24 22:00:00,0.0,0.020280588,0.01478455,0.008281902842223644,0.04669110900018678,True
1982-01-24 23:00:00,0.0,0.020776028,0.015145726,0.008484223444014788,0.048352003029378476,True
1982-01-25 00:00:00,0.0,0.022359371,0.016299982,0.009130806975066661,0.05016465278383658,True
1982-01-25 01:00:00,0.0,0.024222037,0.017657867,0.009891456389799713,0.052100130236654885,True
1982-01-25 02:00:00,0.0,0.023872422,0.017402995,0.009748685488477349,0.05414842510893323,True
1982-01-25 03:00:00,0.0,0.028478201,0.020760607,0.011629529122263194,0.05631765596889273,True
1982-01-25 04:00:00,0.0,0.030553486,0.022273492,0.01247700497880578,0.05865658853919559,True
1982-01-25 05:00:00,0.0,0.034920204,0.02545683,0.014260224301367998,0.061176885888859035,False
1982-01-25 06:00:00,0.0,0.04244267,0.0309407,0.017332142394036052,0.0639086663780672,False
1982-01-25 07:00:00,9.0819376e-05,0.050030034,0.036471896,0.02048296771623427,0.06686793417315312,False
1982-01-25 08:00:00,0.01516747,0.06333094,0.046168257,0.03461383328866213,0.0699956279700159,False
1982-01-25 09:00:00,0.06433112,0.082188435,0.060987215,0.07073989935964346,0.07327566572683115,False
1982-01-25 10:00:00,0.121553056,0.09875079,0.074558355,0.11060130685567854,0.07647324802742833,False
1982-01-25 11:00:00,0.17030832,0.10512576,0.08138963,0.14145434793084857,0.07920515563192339,False
1982-01-25 12:00:00,0.19260933,0.11292518,0.09244603,0.15779705729335544,0.08182829547790683,False
1982-01-25 13:00:00,0.17799613,0.11502124,0.09473508,0.15026229947805403,0.08421955012344629,False
1982-01-25 14:00:00,0.13892564,0.11758266,0.09812323,0.1288467499539256,0.08655360729496488,False
1982-01-25 15:00:00,0.07978776,0.12627597,0.10663261,0.09839153265953063,0.08884333388158923,False
1982-01-25 16:00:00,0.02079637,0.14066231,0.11906077,0.07033318023011087,0.09117643671646586,False
1982-01-25 17:00:00,0.00017990996,0.15859313,0.13838027,0.0660972089607676,0.09344017881530287,False
1982-01-25 18:00:00,0.0,0.17327493,0.15340757,0.07222245973348618,0.09557457171477653,False
1982-01-25 19:00:00,0.0,0.19087327,0.16867483,0.07954067552089691,0.09752022632599618,False
1982-01-25 20:00:00,0.0,0.20998676,0.18280105,0.08735637174546718,0.09928134955167116,False
1982-01-25 21:00:00,0.0,0.22581849,0.19456927,0.09383376181125641,0.10082897480010798,False
1982-01-25 22:00:00,0.0,0.22021909,0.19037858,0.09154128755629062,0.10219039727309065,False
1982-01-25 23:00:00,0.0,0.23851302,0.20407595,0.09903140652179718,0.10351554803344698,False
1982-01-26 00:00:00,0.0,0.255408,0.2169368,0.10596013498306275,0.10459291703537384,False
1982-01-26 01:00:00,0.0,0.26987702,0.22759789,0.11187490528821946,0.10551143677583241,False
1982-01-26 02:00:00,0.0,0.2866771,0.24063902,0.11877835392951966,0.10630975267492977,False
1982-01-26 03:00:00,0.0,0.30754447,0.25778428,0.12740426033735275,0.10704384035784098,False
1982-01-26 04:00:00,0.0,0.33202425,0.27795196,0.1375263525545597,0.1076668757470725,False
1982-01-26 05:00:00,0.0,0.35859376,0.30132118,0.14859244179725647,0.10812860781633572,False
1982-01-26 06:00:00,0.0,0.3827178,0.32081562,0.1585469074845314,0.10844335656104886,False
1982-01-26 07:00:00,0.00014786962,0.40141797,0.3354166,0.16632104754522153,0.10864264655932131,False
1982-01-26 08:00:00,0.012677659,0.4175703,0.34671956,0.18012130390573294,0.1087711691244308,False
1982-01-26 09:00:00,0.03943584,0.42878285,0.35296634,0.2000355344489217,0.10882110804465644,False
1982-01-26 10:00:00,0.067154475,0.40889916,0.33151078,0.20753350345045327,0.10867920749392716,False
1982-01-26 11:00:00,0.084392205,0.41201416,0.3254894,0.21830395369231698,0.10835218941085396,False
1982-01-26 12:00:00,0.09033018,0.4079948,0.31779182,0.21983135783672333,0.10785296139562238,False
1982-01-26 13:00:00,0.07669598,0.39639035,0.306755,0.2070863886773586,0.10727775080694862,False
1982-01-26 14:00:00,0.05704523,0.36448967,0.28033614,0.18254993856698276,0.10654864162911708,False
1982-01-26 15:00:00,0.03292234,0.33675036,0.25986162,0.1572895990423858,0.1058923141387327,False
1982-01-26 16:00:00,0.008431334,0.29653564,0.22988546,0.12670034604147076,0.1054116633937109,False
1982-01-26 17:00:00,7.2090756e-05,0.26800922,0.20851727,0.11019692940810637,0.10497958601233907,False
1982-01-26 18:00:00,0.0,0.24435504,0.19137375,0.1005011914819479,0.10438977491915848,False
1982-01-26 19:00:00,0.0,0.22209786,0.17561127,0.09143711860477924,0.10360031468202051,False
1982-01-26 20:00:00,0.0,0.19761509,0.15973777,0.08154580646753311,0.1025727336827169,False
1982-01-26 21:00:00,0.0,0.17577483,0.14367518,0.07261937101185323,0.10127365160374592,False
1982-01-26 22:00:00,0.0,0.17296757,0.14933531,0.07188913933932782,0.09981007640449951,False
1982-01-26 23:00:00,0.0,0.14485179,0.12495603,0.060197935536503794,0.09839117660107712,False
1982-01-27 00:00:00,0.0,0.12832339,0.108674504,0.053219754517078395,0.09679372138986053,False
1982-01-27 01:00:00,0.0,0.116201974,0.098742425,0.04821061954647302,0.0950346456665049,False
1982-01-27 02:00:00,0.0,0.10845404,0.09195098,0.0449848942682147,0.09310243925139929,False
1982-01-27 03:00:00,0.0,0.100453794,0.082736626,0.04153522780537605,0.09096139538720871,False
1982-01-27 04:00:00,0.0,0.084145114,0.06649254,0.03464014430344105,0.08866061989091957,False
1982-01-27 05:00:00,0.0,0.07136309,0.056207098,0.029368164047598837,0.0862012098363104,False
1982-01-27 06:00:00,0.0,0.06516136,0.052842956,0.026898062311112882,0.08357341457777345,False
1982-01-27 07:00:00,9.5083735e-05,0.064189054,0.053915307,0.026652050841490565,0.08078494205199803,False
1982-01-27 08:00:00,0.013516874,0.07020112,0.0612491,0.03701090145949274,0.0779494890036493,False
1982-01-27 09:00:00,0.053212777,0.079774454,0.0701505,0.06392867292463779,0.07519238178303977,False
1982-01-27 10:00:00,0.09392637,0.09773113,0.08603957,0.094904438868165,0.07297048643149948,False
1982-01-27 11:00:00,0.1249358,0.109127864,0.09509751,0.1174914031997323,0.07172764199409525,False
1982-01-27 12:00:00,0.14128393,0.11704656,0.101406336,0.13018694903701541,0.0708411427804196,False
1982-01-27 13:00:00,0.11681722,0.115084864,0.09991125,0.11526505894213915,0.07026825823724162,False
1982-01-27 14:00:00,0.09018482,0.10895725,0.09446595,0.09734303041547537,0.06989536982398371,False
1982-01-27 15:00:00,0.056927554,0.102196775,0.08819422,0.07532029689848423,0.06982306882828365,False
1982-01-27 16:00:00,0.0157514,0.09760266,0.083139405,0.049593465924262996,0.06978151829591223,False
1982-01-27 17:00:00,0.00015870342,0.09066544,0.07850293,0.03778627648809925,0.06989451269508619,False
1982-01-27 18:00:00,0.0,0.082714885,0.07049214,0.034328368350863454,0.07035349902209374,False
1982-01-27 19:00:00,0.0,0.07323632,0.059121978,0.030216787554323672,0.07116290185206119,False
1982-01-27 20:00:00,0.0,0.060935177,0.046580587,0.025000431954860687,0.07236862666789921,False
1982-01-27 21:00:00,0.0,0.057458423,0.044073965,0.023582152247428892,0.07387412267063292,False
1982-01-27 22:00:00,0.0,0.057385035,0.041833688,0.02343409699201584,0.07566266433686497,False
1982-01-27 23:00:00,0.0,0.054739024,0.039904747,0.022353556383401155,0.07753007174913319,False
1982-01-28 00:00:00,0.0,0.052708846,0.038424745,0.021524500261992218,0.07990423519701245,False
1982-01-28 01:00:00,0.0,0.046842776,0.034148388,0.01912899736315012,0.08253818440974238,False
1982-01-28 02:00:00,0.0,0.039200738,0.028577335,0.016008248448371887,0.08532533546003061,False
1982-01-28 03:00:00,0.0,0.041548602,0.030288931,0.01696703651547432,0.08824414069742444,False
1982-01-28 04:00:00,0.0,0.0476721,0.034882683,0.01947466993331909,0.09123788188562276,False
1982-01-28 05:00:00,0.0,0.054789804,0.041496884,0.022458269387483597,0.09436984409090611,False
1982-01-28 06:00:00,0.0,0.05972384,0.049298696,0.02470022624731064,0.09740138066910688,False
1982-01-28 07:00:00,0.00011441743,0.07259759,0.062310565,0.030219301224482478,0.1003490674023192,False
1982-01-28 08:00:00,0.019191068,0.08821849,0.07693128,0.047780157316476106,0.10309617277455395,False
1982-01-28 09:00:00,0.08221171,0.110515095,0.09570982,0.09338455757498741,0.10561128211265308,False
1982-01-28 10:00:00,0.14389944,0.15611075,0.13411346,0.14787697045505044,0.10787067019003632,False
1982-01-28 11:00:00,0.17235129,0.1836544,0.15808938,0.1757519914358854,0.10963328153371689,False
1982-01-28 12:00:00,0.17495753,0.22000009,0.18893284,0.1923328997641802,0.11148624805791181,False
1982-01-28 13:00:00,0.150486,0.24594948,0.21485114,0.18918774484097958,0.11317455251277612,False
1982-01-28 14:00:00,0.11008667,0.27807668,0.23979975,0.1790794907733798,0.11475762652942788,False
1982-01-28 15:00:00,0.059205733,0.29225057,0.24616674,0.15529517348855734,0.11615034364345671,False
1982-01-28 16:00:00,0.01529494,0.29768685,0.24911946,0.1321240772018209,0.11689901839456086,False
1982-01-28 17:00:00,0.0002446245,0.31926668,0.26440224,0.13222827310446883,0.1172662306651608,False
1982-01-28 18:00:00,0.0,0.33699626,0.2777946,0.13935252732038497,0.1175011124396718,False
1982-01-28 19:00:00,0.0,0.36142352,0.29530796,0.1493119097650051,0.11772934746928726,False
1982-01-28 20:00:00,0.0,0.37231016,0.30420676,0.1538096145987511,0.11807317475509112,False
1982-01-28 21:00:00,0.0,0.3835515,0.31368268,0.1584693709909916,0.11864812775142704,False
1982-01-28 22:00:00,0.0,0.39075693,0.32102567,0.16152469512820244,0.11934750358760571,False
1982-01-28 23:00:00,0.0,0.4217219,0.34337774,0.17415778103470803,0.12004021348618184,False
1982-01-29 00:00:00,0.0,0.43512857,0.35346064,0.17964931672811507,0.12095774089661641,False
1982-01-29 01:00:00,0.0,0.44100088,0.35675085,0.18199386996030809,0.12207939164806371,False
1982-01-29 02:00:00,0.0,0.44886115,0.36032927,0.18508754566311836,0.12347860387945762,False
1982-01-29 03:00:00,0.0,0.44924852,0.36040926,0.18523480483889582,0.1252421676195248,False
1982-01-29 04:00:00,0.0,0.4486839,0.359444,0.18497433015704157,0.12728360919421752,False
1982-01-29 05:00:00,0.0,0.42409062,0.34060147,0.1748819198012352,0.12962585279857955,False
1982-01-29 06:00:00,0.0,0.4081547,0.32922116,0.16838702550530432,0.13224270985229156,False
1982-01-29 07:00:00,0.00012159194,0.3837429,0.31188557,0.15851310870875748,0.1351547121009811,False
1982-01-29 08:00:00,0.012454529,0.3642624,0.29883444,0.15773614968825134,0.13822479884951935,False
1982-01-29 09:00:00,0.05290644,0.34303182,0.28284338,0.1723793006390333,0.14129773927363312,False
1982-01-29 10:00:00,0.09682316,0.29869127,0.24862479,0.1795097833648324,0.14392257932678074,False
1982-01-29 11:00:00,0.13584526,0.3097843,0.254457,0.20643379636108874,0.1455661614222892,False
1982-01-29 12:00:00,0.14787936,0.3046097,0.2499666,0.21122556287050245,0.1469647741564524,False
1982-01-29 13:00:00,0.13560425,0.27358666,0.22324969,0.19125261174142358,0.14824207767929315,False
1982-01-29 14:00:00,0.10316376,0.25382724,0.20380947,0.16419345188885928,0.14980255588687078,False
1982-01-29 15:00:00,0.055282347,0.1925757,0.15367296,0.1112566849514842,0.15165982174803247,False
1982-01-29 16:00:00,0.012753437,0.14552112,0.11414127,0.06721965491306037,0.15366237072739494,False
1982-01-29 17:00:00,8.206015e-05,0.11950104,0.0910624,0.04906060166462703,0.1557835228289258,False
1982-01-29 18:00:00,0.0,0.110351354,0.08451852,0.04528364977240562,0.15762737036708785,False
1982-01-29 19:00:00,0.0,0.11415277,0.08515049,0.04672049727290869,0.15915281759042335,False
1982-01-29 20:00:00,0.0,0.1282445,0.097702846,0.05259817577898502,0.1604108629862596,False
1982-01-29 21:00:00,0.0,0.1384763,0.112119235,0.05715219238400459,0.16155783910702956,False
1982-01-29 22:00:00,0.0,0.13690227,0.11420803,0.05668417212367058,0.16260792299199892,False
1982-01-29 23:00:00,0.0,0.16046156,0.13304734,0.06639487208425998,0.16393067245584023,False
1982-01-30 00:00:00,0.0,0.18238178,0.14934926,0.07536373633146286,0.1648184795102854,False
1982-01-30 01:00:00,0.0,0.20886834,0.17071791,0.08629118447005749,0.16538601893398955,False
1982-01-30 02:00:00,0.0,0.24379604,0.19812168,0.10065930797159672,0.1658090748659153,False
1982-01-30 03:00:00,0.0,0.27853602,0.22548963,0.11495623210072517,0.166049188770615,False
1982-01-30 04:00:00,0.0,0.31948608,0.25948146,0.1319023629426956,0.16620432369437113,False
1982-01-30 05:00:00,0.0,0.35849947,0.29224268,0.1480674079656601,0.16617882072020365,False
1982-01-30 06:00:00,0.0,0.39846978,0.32298124,0.16447633418440818,0.16597347440224183,False
1982-01-30 07:00:00,6.7595895e-05,0.43019402,0.34820127,0.1775834651543191,0.16560088442292106,False
1982-01-30 08:00:00,0.004442831,0.4667917,0.37910464,0.19528129767393693,0.16513470158257196,False
1982-01-30 09:00:00,0.017492728,0.5070027,0.41110325,0.21937688012607395,0.16465716384076498,False
1982-01-30 10:00:00,0.030950105,0.5060415,0.41076624,0.2267689110394567,0.16429352855345528,False
1982-01-30 11:00:00,0.04013663,0.532526,0.4300827,0.24288540267571807,0.1645690928615783,False
1982-01-30 12:00:00,0.044734422,0.5524893,0.44376227,0.2536434688605368,0.16474666225278423,False
1982-01-30 13:00:00,0.043995824,0.5789984,0.463976,0.2640906988047063,0.1648720126383781,False
1982-01-30 14:00:00,0.04399496,0.5891772,0.47105142,0.26822825210914014,0.16497073544209498,False
1982-01-30 15:00:00,0.0267062,0.5727345,0.4568338,0.25141752449795607,0.1649042388915238,False
1982-01-30 16:00:00,0.00873249,0.55549705,0.44300592,0.23393937807530166,0.16493812388543336,False
1982-01-30 17:00:00,0.00017558798,0.5354032,0.42718264,0.22073295493624753,0.16488009377144805,False
1982-01-30 18:00:00,0.0,0.5160726,0.41005954,0.21257399404048918,0.16475387431354122,False
1982-01-30 19:00:00,0.0,0.5092961,0.4031078,0.20969808876514434,0.16458136579160437,False
1982-01-30 20:00:00,0.0,0.5072297,0.401791,0.20886446839571,0.1642814738144991,False
1982-01-30 21:00:00,0.0,0.5073911,0.4008534,0.20887339746952055,0.16378358582545863,False
1982-01-30 22:00:00,0.0,0.54564047,0.43843216,0.22501666939258577,0.1631282300718487,False
1982-01-30 23:00:00,0.0,0.5262598,0.41819742,0.2167725196480751,0.16239977192272292,False
1982-01-31 00:00:00,0.0,0.5029801,0.3942879,0.20689120906591416,0.16144474082718463,False
1982-01-31 01:00:00,0.0,0.4922288,0.38274306,0.20230055469274522,0.16024569232295127,False
1982-01-31 02:00:00,0.0,0.4781294,0.37376425,0.19661301308870316,0.15876707003869908,False
1982-01-31 03:00:00,0.0,0.4683837,0.36754993,0.19268128117918967,0.15693026499716892,False
1982-01-31 04:00:00,0.0,0.44648123,0.3518262,0.1837501873970032,0.1547341633569342,False
1982-01-31 05:00:00,0.0,0.4007235,0.31774685,0.16502529653906822,0.15214718471152103,False
1982-01-31 06:00:00,0.0,0.36528423,0.29097822,0.15050270649790765,0.14920417816062784,False
1982-01-31 07:00:00,0.00010744462,0.33007556,0.2643788,0.13613633237199974,0.14590086515916137,False
1982-01-31 08:00:00,0.014769905,0.30626687,0.245919,0.13481433808151633,0.14231677129271403,False
1982-01-31 09:00:00,0.06254752,0.28843653,0.2296631,0.15492480684816837,0.13877524870685923,False
1982-01-31 10:00:00,0.1175936,0.30354866,0.23844269,0.19273687015473842,0.13572922125859807,False
1982-01-31 11:00:00,0.16066436,0.29749864,0.23105165,0.21495712713897225,0.13349362303985438,False
1982-01-31 12:00:00,0.17591898,0.2817232,0.21817163,0.21724238137900828,0.13167640369068676,False
1982-01-31 13:00:00,0.1699035,0.23843583,0.18470672,0.1959913063198328,0.13000968051020212,False
1982-01-31 14:00:00,0.13943788,0.19582105,0.15348133,0.16100161746144295,0.12799065231187892,False
1982-01-31 15:00:00,0.08620107,0.15347612,0.12060108,0.11288316465914248,0.12527943376214476,False
1982-01-31 16:00:00,0.025474375,0.12067619,0.096407056,0.06443420944176613,0.12186246731259782,False
1982-01-31 17:00:00,0.00031227802,0.10385991,0.08328846,0.04300206768509816,0.11764836634856028,False
1982-01-31 18:00:00,0.0,0.08964668,0.07265954,0.0370032407194376,0.11320801947397197,False
1982-01-31 19:00:00,0.0,0.0782018,0.06424478,0.03232568237185478,0.10898844880602339,False
1982-01-31 20:00:00,0.0,0.069358096,0.057526205,0.028699552305042744,0.10489120093119347,False
1982-01-31 21:00:00,0.0,0.06210446,0.05145501,0.025695116210728883,0.10087347457107172,False
1982-01-31 22:00:00,0.0,0.052561525,0.043018114,0.0217181809656322,0.0968850830692427,False
1982-01-31 23:00:00,0.0,0.04984059,0.04004076,0.020553379498422147,0.09253854915607738,False
1982-02-01 00:00:00,0.0,0.04325545,0.034224957,0.017809408128261567,0.08836430777018907,False
1982-02-01 01:00:00,0.0,0.037305035,0.028736241,0.015317314825952052,0.08438255056777055,False
1982-02-01 02:00:00,0.0,0.030531833,0.022711474,0.01249266597814858,0.08049208740276302,False
1982-02-01 03:00:00,0.0,0.023369608,0.017036442,0.009543353369459509,0.07670187594872917,False
1982-02-01 04:00:00,0.0,0.018922701,0.01379465,0.007727387962862849,0.07299620058914665,False
1982-02-01 05:00:00,0.0,0.016659304,0.012144633,0.006803093522787094,0.0694970360586049,False
1982-02-01 06:00:00,0.0,0.014490212,0.010563366,0.0059173101140186195,0.06644302588599751,False
1982-02-01 07:00:00,0.0005140573,0.012856968,0.00937273,0.005546959564846475,0.06375611913638207,False
1982-02-01 08:00:00,0.032719497,0.015694411,0.011441225,0.025288213552907106,0.06142472114488862,False
1982-02-01 09:00:00,0.11306851,0.019411582,0.014151043,0.07316756260953844,0.059652615051514694,True
1982-02-01 10:00:00,0.19422935,0.018096173,0.013192111,0.11946019653975962,0.05864571584104552,True
1982-02-01 11:00:00,0.2573173,0.017598892,0.012829595,0.15565887391567232,0.05811439841841339,True
1982-02-01 12:00:00,0.28809538,0.0181448,0.013227559,0.1736407561972737,0.05779885229960386,True
1982-02-01 13:00:00,0.27742475,0.017394355,0.012680484,0.16717734528519212,0.05774253518409087,True
1982-02-01 14:00:00,0.22850738,0.015282861,0.011141205,0.1380897617219016,0.05788081938349634,True
1982-02-01 15:00:00,0.1425755,0.012579573,0.009170509,0.087403134919703,0.058046451572437374,True
1982-02-01 16:00:00,0.04614045,0.012340625,0.008996315,0.03166253180149942,0.05808394022188141,True
1982-02-01 17:00:00,0.0011174931,0.017022748,0.012409585,0.00759630495600868,0.057950960133216885,True
1982-02-01 18:00:00,0.0,0.024568766,0.017939392,0.010034601978957652,0.057788215286619905,True
1982-02-01 19:00:00,0.0,0.03186731,0.023539875,0.013030190773308276,0.05784308023244137,True
1982-02-01 20:00:00,0.0,0.039016902,0.029932706,0.01601360310986638,0.05806743192072952,True
1982-02-01 21:00:00,0.0,0.04228352,0.0338516,0.017430605381727218,0.0584377555116638,True
1982-02-01 22:00:00,0.0,0.03983702,0.031170012,0.01638304156064987,0.05891140008700075,True
1982-02-01 23:00:00,0.0,0.039853692,0.03153557,0.016408933125436304,0.059415440355949055,True
1982-02-02 00:00:00,0.0,0.038372613,0.029766092,0.015766863349825144,0.059959068039953656,True
1982-02-02 01:00:00,0.0,0.037988037,0.02853217,0.015558322772383691,0.06056423213804135,False
1982-02-02 02:00:00,0.0,0.035951953,0.026233194,0.014682863295078277,0.061201109525803425,False
1982-02-02 03:00:00,0.0,0.036263704,0.026436241,0.014808863919228315,0.06186813703382848,False
1982-02-02 04:00:00,0.0,0.038667005,0.028188245,0.01579028993099928,0.06258383669942612,False
1982-02-02 05:00:00,0.0,0.04513796,0.03290557,0.018432808253914117,0.06334432750934263,False
1982-02-02 06:00:00,0.0,0.05269723,0.038627863,0.021531182516366244,0.06416336492768948,False
1982-02-02 07:00:00,0.000673481,0.058271375,0.043305427,0.02422922878031386,0.06502252931555029,False
1982-02-02 08:00:00,0.040041834,0.065146364,0.048335165,0.04975324559956788,0.06591350930482687,False
1982-02-02 09:00:00,0.13606265,0.06875572,0.050270975,0.10659364474564789,0.0669605770999697,False
1982-02-02 10:00:00,0.23503233,0.07727499,0.057509337,0.16723363386839626,0.0682829097043311,False
1982-02-02 11:00:00,0.29833376,0.06772579,0.04965767,0.19981091343611476,0.06999510415359937,False
1982-02-02 12:00:00,0.3259493,0.06481051,0.047246855,0.2145391598343849,0.07172556725761149,False
1982-02-02 13:00:00,0.30623326,0.06350274,0.046293497,0.20262894789129496,0.0733787743964131,False
1982-02-02 14:00:00,0.24466491,0.06799311,0.049830604,0.16895196253061295,0.07486774271206381,False
1982-02-02 15:00:00,0.15184891,0.065826304,0.051405393,0.1146826198324561,0.07609366212026365,False
1982-02-02 16:00:00,0.05019822,0.070059,0.059907794,0.05805116518586873,0.07706616070014574,False
1982-02-02 17:00:00,0.0014176697,0.082788356,0.07080401,0.03519031504844315,0.07786287709325314,False
1982-02-02 18:00:00,0.0,0.09548965,0.081501424,0.039636758118867875,0.07858074634299317,False
1982-02-02 19:00:00,0.0,0.103848904,0.08841329,0.043094563409686086,0.07927775543565566,False
1982-02-02 20:00:00,0.0,0.112071924,0.0948249,0.04647508466988802,0.079919779575995,False
1982-02-02 21:00:00,0.0,0.11681402,0.09862377,0.04843005582690239,0.08047215752476529,False
1982-02-02 22:00:00,0.0,0.11067948,0.09391457,0.04591211387515068,0.0809474835748382,False
1982-02-02 23:00:00,0.0,0.11244147,0.09549268,0.04664750833064318,0.08139404366943688,False
1982-02-03 00:00:00,0.0,0.11291764,0.09612363,0.046857284836471086,0.08180349443001377,False
1982-02-03 01:00:00,0.0,0.11053363,0.09445406,0.0458874294385314,0.08221920470996463,False
1982-02-03 02:00:00,0.0,0.10716122,0.091990694,0.04450998636335134,0.08264222326838115,False
1982-02-03 03:00:00,0.0,0.10565939,0.09090043,0.04389693731814623,0.08309776405813807,False
1982-02-03 04:00:00,0.0,0.106468424,0.091557376,0.04423094683885574,0.08353647950930225,False
1982-02-03 05:00:00,0.0,0.1110583,0.095118076,0.046116889603436,0.08394847426410468,False
1982-02-03 06:00:00,0.0,0.11356611,0.09724642,0.04715720073133707,0.084304872182763,False
1982-02-03 07:00:00,0.0008569926,0.11517761,0.09849957,0.04831399905012222,0.08460808254206255,False
1982-02-03 08:00:00,0.044010226,0.12088112,0.1027488,0.07554746771976352,0.08488210689855748,False
1982-02-03 09:00:00,0.14870556,0.12257086,0.10384768,0.13663952761888504,0.08517383494008031,False
1982-02-03 10:00:00,0.2512485,0.13676995,0.11494498,0.20164553010463712,0.08550592017465901,False
1982-02-03 11:00:00,0.32486376,0.123663604,0.10449708,0.23872110290825366,0.08577591895557639,False
1982-02-03 12:00:00,0.35706234,0.11327643,0.09575419,0.2529946988597512,0.08612342708648191,False
1982-02-03 13:00:00,0.3365444,0.10728042,0.09028212,0.23864782443642618,0.08639756075165865,False
1982-02-03 14:00:00,0.2699261,0.09933788,0.083904706,0.19693389331549405,0.08663522901817855,False
1982-02-03 15:00:00,0.16747454,0.09018182,0.077280864,0.13408306675404308,0.08681601743226569,False
1982-02-03 16:00:00,0.055614106,0.09105066,0.07810898,0.06990491867065428,0.08692774906627532,False
1982-02-03 17:00:00,0.0016764704,0.09895284,0.084687196,0.04205402894353028,0.086942434292414,False
1982-02-03 18:00:00,0.0,0.10470842,0.089882076,0.04349103842675686,0.08682904417896621,False
1982-02-03 19:00:00,0.0,0.10549994,0.09107171,0.043847349509596824,0.0866113176992161,False
1982-02-03 20:00:00,0.0,0.10233612,0.08825398,0.04252774465084076,0.08631145784016676,False
1982-02-03 21:00:00,0.0,0.096891835,0.083206825,0.04024625578522682,0.08589228051658698,False
1982-02-03 22:00:00,0.0,0.0909799,0.078636006,0.03781792610138655,0.08533640989302636,False
1982-02-03 23:00:00,0.0,0.08669521,0.0754081,0.03606256963312626,0.08468813925948904,False
1982-02-04 00:00:00,0.0,0.0858641,0.074761204,0.035720956787467,0.08399978930074699,False
1982-02-04 01:00:00,0.0,0.08621452,0.07500103,0.03586321357637644,0.08329857121515065,False
1982-02-04 02:00:00,0.0,0.08781464,0.07676334,0.03654882120341063,0.08261128835789837,False
1982-02-04 03:00:00,0.0,0.0861129,0.07576935,0.03586720557510853,0.08194329213935395,False
1982-02-04 04:00:00,0.0,0.085399866,0.075064585,0.03556603816151619,0.08127910046840531,False
1982-02-04 05:00:00,0.0,0.0854017,0.074568175,0.03553990834951401,0.08059939476291163,False
1982-02-04 06:00:00,0.0,0.08683096,0.07490104,0.0360852797627449,0.07989232456278966,False
1982-02-04 07:00:00,0.0010120367,0.08867931,0.07547752,0.037382397892070006,0.0791695988688383,False
1982-02-04 08:00:00,0.044567276,0.09174246,0.07755379,0.06375619159266352,0.07843568908344124,False
1982-02-04 09:00:00,0.14475176,0.09422907,0.078545265,0.12253373600542544,0.0777322441759219,False
1982-02-04 10:00:00,0.24302241,0.096683085,0.07951084,0.18019357535243033,0.07707739762688777,False
1982-02-04 11:00:00,0.31443182,0.08492572,0.06901029,0.21649130371958017,0.07626908733379974,False
1982-02-04 12:00:00,0.3381635,0.07903732,0.06319383,0.22769757576286792,0.07558607788052667,False
1982-02-04 13:00:00,0.3200316,0.07147439,0.055643234,0.21403702468425034,0.07494605886504001,False
1982-02-04 14:00:00,0.25774354,0.07032584,0.05484355,0.17762980640679596,0.07431709727942269,False
1982-02-04 15:00:00,0.1604702,0.06665666,0.052928243,0.12004573826491832,0.07374826594964547,False
1982-02-04 16:00:00,0.054620333,0.06612152,0.05261636,0.05875605604052543,0.07328357004205953,False
1982-02-04 17:00:00,0.0017630829,0.06983196,0.054857362,0.029747589602950028,0.07287870581574683,False
1982-02-04 18:00:00,0.0,0.07113943,0.054359935,0.029185887090861798,0.0724512715056505,False
1982-02-04 19:00:00,0.0,0.07011419,0.052391756,0.028701290175318715,0.07204246718817987,False
1982-02-04 20:00:00,0.0,0.06450488,0.047264326,0.026354573138058186,0.0716743000821177,False
1982-02-04 21:00:00,0.0,0.0532568,0.038824208,0.02174826589599252,0.071369362123866,False
1982-02-04 22:00:00,0.0,0.036230057,0.026411708,0.01479512346535921,0.07114635960487314,False
1982-02-04 23:00:00,0.0,0.03331989,0.024290198,0.013606710311025382,0.07097631902955139,False
1982-02-05 00:00:00,0.0,0.032321047,0.023562044,0.013198816727846861,0.07087748991334476,False
1982-02-05 01:00:00,0.0,0.03158405,0.023024771,0.012897852290421724,0.07081805543470794,False
1982-02-05 02:00:00,0.0,0.030477973,0.022218443,0.012446167873218655,0.07076649450100624,False
1982-02-05 03:00:00,0.0,0.02942394,0.021450054,0.012015737112611532,0.0707275931649808,False
1982-02-05 04:00:00,0.0,0.028418314,0.020716948,0.011605072975158691,0.07073661098079422,False
1982-02-05 05:00:00,0.0,0.029820113,0.02173886,0.01217751999758184,0.0707975134491887,False
1982-02-05 06:00:00,0.0,0.030527437,0.022254502,0.012466367421671747,0.07089447788111532,False
1982-02-05 07:00:00,0.0012593408,0.030266207,0.022064064,0.013086329351062886,0.07098584262756298,False
1982-02-05 08:00:00,0.04987724,0.031841397,0.023212377,0.041782112158834935,0.07106045299208448,False
1982-02-05 09:00:00,0.15746829,0.03513439,0.025612973,0.10520689326524733,0.0710032466562189,False
1982-02-05 10:00:00,0.2625215,0.0278469,0.02030039,0.16284663603641092,0.07045200013251701,False
1982-02-05 11:00:00,0.33418512,0.032108042,0.023406764,0.2059366491511464,0.06948067013258462,False
1982-02-05 12:00:00,0.36119655,0.033948414,0.024748394,0.2222737861163914,0.06806759483808378,False
1982-02-05 13:00:00,0.33785874,0.03309085,0.024123227,0.20845766832679508,0.0664304539347723,False
1982-02-05 14:00:00,0.2697474,0.03422363,0.025133634,0.16962998948618768,0.06474905309010023,False
1982-02-05 15:00:00,0.16892862,0.035031926,0.025538277,0.1117776631899178,0.06330723849783688,False
1982-02-05 16:00:00,0.058895327,0.040309586,0.029899906,0.050471435807645314,0.062475830250640456,False
1982-02-05 17:00:00,0.0023171043,0.049388364,0.036590863,0.02153718205890618,0.06241351127254658,False
1982-02-05 18:00:00,0.0,0.05828999,0.043693054,0.02386843118816614,0.06275629652593254,False
1982-02-05 19:00:00,0.0,0.063755095,0.04906849,0.02617532841861248,0.0631385259076391,False
1982-02-05 20:00:00,0.0,0.06780668,0.053149194,0.027890722654759885,0.06357750131165578,False
1982-02-05 21:00:00,0.0,0.07153934,0.0582244,0.029542134873569013,0.06407467228056832,False
1982-02-05 22:00:00,0.0,0.07181481,0.058450233,0.029655978485941887,0.06466898744179836,False
1982-02-05 23:00:00,0.0,0.075789094,0.06208512,0.031318772055208687,0.06544672065180694,False
1982-02-06 00:00:00,0.0,0.07929852,0.06679534,0.03286810181289911,0.06622719499630822,False
1982-02-06 01:00:00,0.0,0.08037772,0.06905389,0.03338828875869512,0.06698502718842557,False
1982-02-06 02:00:00,0.0,0.08348122,0.07179604,0.034681557074189184,0.06772764136059177,False
1982-02-06 03:00:00,0.0,0.087399095,0.074996196,0.03630006073415279,0.06846881109649748,False
1982-02-06 04:00:00,0.0,0.09302939,0.07706505,0.03848935664445162,0.06926413424230614,False
1982-02-06 05:00:00,0.0,0.09756881,0.077616856,0.0401942010819912,0.07011202672134587,False
1982-02-06 06:00:00,0.0,0.098561026,0.075958684,0.04047078759223223,0.07099911554343034,False
1982-02-06 07:00:00,0.0015391753,0.09778519,0.07394178,0.04096369538910221,0.07190958457101569,False
1982-02-06 08:00:00,0.036569983,0.09746132,0.07307741,0.06101028747111559,0.07271472961704185,False
1982-02-06 09:00:00,0.09685898,0.09817525,0.07332602,0.09607390286773443,0.07301449872526433,False
1982-02-06 10:00:00,0.14917606,0.11592186,0.08740705,0.1335697353556752,0.07228572874504856,False
1982-02-06 11:00:00,0.17708735,0.113529295,0.08503663,0.14866368958353995,0.0706838188593611,False
1982-02-06 12:00:00,0.18085338,0.109319404,0.081917614,0.1491148124039173,0.0685337688938429,False
1982-02-06 13:00:00,0.15224056,0.11104335,0.08355529,0.1333297841399908,0.06605960933328854,False
1982-02-06 14:00:00,0.11242811,0.10620984,0.08074553,0.10842270597815515,0.06377921518481895,False
1982-02-06 15:00:00,0.06417245,0.10479044,0.08227718,0.08013814239948988,0.06194512144111656,False
1982-02-06 16:00:00,0.021351745,0.10527155,0.08517753,0.05576474509201944,0.060766018641455415,False
1982-02-06 17:00:00,0.0010409076,0.110172264,0.091613196,0.04620128176547587,0.060261505206234446,False
1982-02-06 18:00:00,0.0,0.11453058,0.09761322,0.04753289741277695,0.059964226590632046,True
1982-02-06 19:00:00,0.0,0.119651005,0.104090534,0.04977210956811905,0.05955242379503283,True
1982-02-06 20:00:00,0.0,0.12069074,0.10525734,0.0502187796458602,0.05906722571105887,True
1982-02-06 21:00:00,0.0,0.120716855,0.1061273,0.05027539363503456,0.05854803382656495,True
1982-02-06 22:00:00,0.0,0.12494266,0.11152733,0.0521263175457716,0.05800166923638856,True
1982-02-06 23:00:00,0.0,0.12237757,0.10948438,0.05106947884708643,0.05745000853964551,True
1982-02-07 00:00:00,0.0,0.118851624,0.10589838,0.04957476194947958,0.0568978078796524,True
1982-02-07 01:00:00,0.0,0.1164374,0.10329505,0.048543332554399965,0.056342326633736534,True
1982-02-07 02:00:00,0.0,0.115415104,0.10063226,0.04802231519669294,0.05579912949736421,True
1982-02-07 03:00:00,0.0,0.12074282,0.10439162,0.05019124811142683,0.05525275481363018,True
1982-02-07 04:00:00,0.0,0.1257926,0.109008245,0.05230391196906566,0.054675686185818216,True
1982-02-07 05:00:00,0.0,0.1316269,0.114582516,0.054757783457636836,0.054042558648495054,True
1982-02-07 06:00:00,0.0,0.1355012,0.11423955,0.05616888074576855,0.05338634980817982,True
1982-02-07 07:00:00,0.0006224527,0.12395058,0.10437728,0.05173329156031831,0.05277737257069633,True
1982-02-07 08:00:00,0.018402996,0.10992443,0.09241457,0.05617102935351431,0.052252236033581305,True
1982-02-07 09:00:00,0.051214665,0.0981858,0.08230578,0.07022593421489,0.051695072516862096,True
1982-02-07 10:00:00,0.0881685,0.08463502,0.07132248,0.08595496152341366,0.05103091227867124,True
1982-02-07 11:00:00,0.12422278,0.07514251,0.06166892,0.10273425080627202,0.05003488001194886,True
1982-02-07 12:00:00,0.13201566,0.06623587,0.053704724,0.10351412720978259,0.049218944478299886,True
1982-02-07 13:00:00,0.13204691,0.055309247,0.04441798,0.09899874920025467,0.04870074853718695,True
1982-02-07 14:00:00,0.11069297,0.04325238,0.032657743,0.08159348978847264,0.0485385907222372,True
1982-02-07 15:00:00,0.073727585,0.03095241,0.022564305,0.05518072880618273,0.04860345156194435,True
1982-02-07 16:00:00,0.030338226,0.021425962,0.015619527,0.026254790917038917,0.04887361821732588,True
1982-02-07 17:00:00,0.001728219,0.015355407,0.01119409,0.007267808509990573,0.04889031605316275,True
1982-02-07 18:00:00,0.0,0.010044659,0.0073225554,0.004101896999403834,0.0486247665279371,True
1982-02-07 19:00:00,0.0,0.00706675,0.00515166,0.002885820387862623,0.04823384188979987,True
1982-02-07 20:00:00,0.0,0.007271693,0.005301064,0.002969512199051678,0.047671945148642474,True
1982-02-07 21:00:00,0.0,0.0081217205,0.0059207347,0.0033166345451027157,0.04699594851423178,True
1982-02-07 22:00:00,0.0,0.007777986,0.005670151,0.00317626504227519,0.04628572859501589,True
1982-02-07 23:00:00,0.0,0.01178634,0.0085922405,0.004813140375539661,0.04546975705193478,True
1982-02-08 00:00:00,0.0,0.015194708,0.011076943,0.006205002008937299,0.04471096265575039,True
1982-02-08 01:00:00,0.0,0.017912427,0.01305816,0.007314826212823391,0.04402851020268286,True
1982-02-08 02:00:00,0.0,0.020705868,0.015094576,0.008455572254955768,0.04343169629972549,True
1982-02-08 03:00:00,0.0,0.021061417,0.015353775,0.008600766599178314,0.0428772631802422,True
1982-02-08 04:00:00,0.0,0.019833274,0.014458457,0.008099234852939844,0.04231951077820854,True
1982-02-08 05:00:00,0.0,0.021295056,0.015524096,0.008696176746860147,0.041743117927369934,True
1982-02-08 06:00:00,0.0,0.027524035,0.02006502,0.011239880193024875,0.04113143484250763,True
1982-02-08 07:00:00,0.0011567946,0.03695134,0.026937526,0.015757141607580707,0.040525716999574836,True
1982-02-08 08:00:00,0.02234462,0.052339304,0.038155355,0.03426643866859377,0.04006127472230587,True
1982-02-08 09:00:00,0.057133716,0.07644966,0.055891335,0.06419421143457293,0.039924784185956665,True
1982-02-08 10:00:00,0.09240177,0.07944923,0.057918485,0.0857601865530014,0.04024948268924106,True
1982-02-08 11:00:00,0.12263935,0.094839126,0.06926373,0.10949878396838902,0.040786198108117525,True
1982-02-08 12:00:00,0.13672787,0.11094591,0.08167381,0.12424140723049641,0.041468196499753245,True
1982-02-08 13:00:00,0.13692398,0.11394833,0.08322475,0.12554620902240277,0.04245889741210465,True
1982-02-08 14:00:00,0.107019134,0.1217087,0.0902866,0.11153602628409862,0.043596070094082624,True
1982-02-08 15:00:00,0.07885257,0.11644569,0.085921265,0.09310614185780286,0.04471509488707917,True
1982-02-08 16:00:00,0.033441298,0.09124765,0.06667093,0.05656624121218919,0.045689461587084264,True
1982-02-08 17:00:00,0.0025742336,0.078286566,0.057070907,0.0334549045546446,0.04649453807367055,True
1982-02-08 18:00:00,0.0,0.07044787,0.0513565,0.02876851478219032,0.047200053142538966,True
1982-02-08 19:00:00,0.0,0.05583488,0.04070363,0.02280106599256396,0.04795467252288174,True
1982-02-08 20:00:00,0.0,0.04351719,0.031724032,0.01777094119414687,0.04876252778128649,True
1982-02-08 21:00:00,0.0,0.039633166,0.028892579,0.016184837512671947,0.04959077066582789,True
1982-02-08 22:00:00,0.0,0.03173546,0.023135154,0.01295968347787857,0.05040009741430798,True
1982-02-08 23:00:00,0.0,0.035868187,0.026147908,0.014647347830235958,0.051184289311679766,True
1982-02-09 00:00:00,0.0,0.041181304,0.03002117,0.01681704420223832,0.05188353179631917,True
1982-02-09 01:00:00,0.0,0.048526663,0.03685049,0.01989626521244645,0.05251440049822372,True
1982-02-09 02:00:00,0.0,0.05188138,0.041949928,0.021409525461494924,0.053087885979776504,True
1982-02-09 03:00:00,0.0,0.056425616,0.0481126,0.023419132813811305,0.05360784645073977,True
1982-02-09 04:00:00,0.0,0.059134208,0.05215801,0.02463705512881279,0.0541097909400512,True
1982-02-09 05:00:00,0.0,0.06087104,0.054362632,0.025396995384246113,0.05461894736623322,True
1982-02-09 06:00:00,0.0,0.06487442,0.058440074,0.027094424284994603,0.05511198176360154,True
1982-02-09 07:00:00,0.0012832847,0.06860384,0.06268127,0.029440062251407655,0.05560135976071865,True
1982-02-09 08:00:00,0.031615313,0.07512104,0.06773676,0.049619483608752485,0.05606036537840078,True
1982-02-09 09:00:00,0.090053864,0.0811644,0.07223556,0.08581146237254142,0.05687419902460541,True
1982-02-09 10:00:00,0.13602749,0.07976086,0.07032753,0.11171730162948369,0.05833015037821807,True
1982-02-09 11:00:00,0.17455468,0.083459936,0.07324832,0.1354701736047864,0.06044895633198522,False
1982-02-09 12:00:00,0.19941169,0.0864737,0.07589684,0.15106777100265023,0.06280532531033782,False
1982-02-09 13:00:00,0.20036443,0.09125029,0.07965567,0.15358303793519737,0.06504330296718407,False
1982-02-09 14:00:00,0.16924903,0.09066772,0.07765932,0.13530667985230682,0.06690743872023701,False
1982-02-09 15:00:00,0.11421067,0.086731754,0.07493991,0.10195033040642737,0.06827631420119247,False
1982-02-09 16:00:00,0.048261687,0.089246966,0.07628404,0.06489846227318048,0.06887958862094101,False
1982-02-09 17:00:00,0.0038302033,0.09411417,0.07767363,0.04113253181567415,0.06912937698906181,False
1982-02-09 18:00:00,0.0,0.09745493,0.08079183,0.04032362725585699,0.06922375279944885,False
1982-02-09 19:00:00,0.0,0.100443274,0.08517231,0.04166287279129029,0.06944109605998296,False
1982-02-09 20:00:00,0.0,0.1028149,0.088638395,0.042725170657038694,0.06983360423031758,False
1982-02-09 21:00:00,0.0,0.10138133,0.08804828,0.04216431847214699,0.07033398730727408,False
1982-02-09 22:00:00,0.0,0.0982498,0.08450555,0.04081747611612081,0.07081678484613571,False
1982-02-09 23:00:00,0.0,0.09248895,0.078673266,0.0383767796382308,0.07124351339135813,False
1982-02-10 00:00:00,0.0,0.08801155,0.07426738,0.036486699700355535,0.0715916102342357,False
1982-02-10 01:00:00,0.0,0.08417531,0.07002666,0.034842129327356815,0.07191069542640384,False
1982-02-10 02:00:00,0.0,0.08085477,0.06626414,0.033413674861192705,0.07215923683951173,False
1982-02-10 03:00:00,0.0,0.07929515,0.06359614,0.0326941020861268,0.07237969950354221,False
1982-02-10 04:00:00,0.0,0.07901769,0.0626151,0.03253874330967665,0.07257522248244408,False
1982-02-10 05:00:00,0.0,0.07866269,0.061764702,0.03236182782053947,0.07276797438739362,False
1982-02-10 06:00:00,0.0,0.08436231,0.06667279,0.034730024054646494,0.0729073416779333,False
1982-02-10 07:00:00,0.0028248227,0.08771846,0.0702107,0.03778941125632264,0.07299933367991383,False
1982-02-10 08:00:00,0.061105713,0.09213989,0.075422905,0.07333045368641615,0.07309461810441774,False
1982-02-10 09:00:00,0.16746375,0.090717345,0.07367764,0.1340798764079809,0.07349555893779819,False
1982-02-10 10:00:00,0.26769853,0.08017809,0.06324273,0.18746287233382464,0.07443670897273123,False
1982-02-10 11:00:00,0.3332247,0.073730215,0.057914548,0.22260449492931364,0.07603753829570885,False
1982-02-10 12:00:00,0.35314885,0.06785336,0.0529548,0.23166433475911616,0.07801289989296743,False
1982-02-10 13:00:00,0.32799497,0.0628018,0.048106696,0.21502472516894336,0.07993354923443023,False
1982-02-10 14:00:00,0.26458266,0.060062688,0.044717047,0.177242049369961,0.08149073371704443,False
1982-02-10 15:00:00,0.16608194,0.06417707,0.04727217,0.12206331400573253,0.08255568532042291,False
1982-02-10 16:00:00,0.06498633,0.07598009,0.055968806,0.06855608288198708,0.08309079143049902,False
1982-02-10 17:00:00,0.004585456,0.08648313,0.06346039,0.03798494345322251,0.08310045899732124,False
1982-02-10 18:00:00,0.0,0.095912874,0.070539646,0.039200991287827495,0.08283622789115187,False
1982-02-10 19:00:00,0.0,0.101793066,0.075552166,0.04164145816862583,0.08259509412536871,False
1982-02-10 20:00:00,0.0,0.10215634,0.07580813,0.04178932888805866,0.08237933620123666,False
1982-02-10 21:00:00,0.0,0.09621715,0.07138874,0.0393591193780303,0.08219459654495594,False
1982-02-10 22:00:00,0.0,0.081674136,0.061201803,0.03344265364855528,0.08207490068639171,False
1982-02-10 23:00:00,0.0,0.07663717,0.05697926,0.03135599628835917,0.08198745805874941,False
1982-02-11 00:00:00,0.0,0.078580685,0.058090013,0.03213313342630863,0.08196749513421682,False
1982-02-11 01:00:00,0.0,0.07789799,0.057072137,0.03182625304162502,0.08191753455728766,False
1982-02-11 02:00:00,0.0,0.078296386,0.057414204,0.031991733334958555,0.0818265450518812,False
1982-02-11 03:00:00,0.0,0.08027839,0.058916856,0.03280423580110073,0.08174069007544321,False
1982-02-11 04:00:00,0.0,0.082843885,0.06147691,0.03388914656639099,0.08163692953216387,False
1982-02-11 05:00:00,0.0,0.07848759,0.0578649,0.03208662533015013,0.08150069546478343,False
1982-02-11 06:00:00,0.0,0.07714095,0.056389444,0.031510040380060673,0.08132344759895942,False
1982-02-11 07:00:00,0.0034015488,0.078135446,0.05961188,0.03401371462759562,0.08110481910628742,False
1982-02-11 08:00:00,0.06335395,0.07850036,0.06190338,0.0688646436110139,0.08083303135527249,False
1982-02-11 09:00:00,0.17115694,0.07812477,0.062982745,0.13098666404932735,0.08044681205897854,False
1982-02-11 10:00:00,0.2738446,0.073974125,0.060228202,0.18855710913240908,0.0798109516934735,False
1982-02-11 11:00:00,0.3470402,0.072686635,0.05970302,0.23028753027319906,0.07905935577973053,False
1982-02-11 12:00:00,0.37350103,0.06721069,0.05459443,0.2432589393928647,0.078211903146182,False
1982-02-11 13:00:00,0.35258818,0.06029875,0.048782907,0.22832789310067889,0.07737610350916423,False
1982-02-11 14:00:00,0.28567493,0.052277137,0.04258628,0.18642435681447383,0.07668476362350347,False
1982-02-11 15:00:00,0.18473056,0.05098366,0.041350376,0.12763542369008063,0.0761686163687701,False
1982-02-11 16:00:00,0.07392559,0.0550035,0.044650868,0.06536250548064709,0.07590062696481385,False
1982-02-11 17:00:00,0.0054710605,0.061282117,0.04962103,0.02844943871954456,0.07569209637239216,False
1982-02-11 18:00:00,0.0,0.069447115,0.057837427,0.02874920649826527,0.07543611797163137,False
1982-02-11 19:00:00,0.0,0.07522233,0.06573062,0.03130649243295193,0.07514920046049044,False
1982-02-11 20:00:00,0.0,0.08126596,0.07167642,0.033857667155563834,0.07488452725679488,False
1982-02-11 21:00:00,0.0,0.08745933,0.07678562,0.036418917261064054,0.07470229762847409,False
1982-02-11 22:00:00,0.0,0.08803491,0.0765805,0.03662022998929024,0.0746481638779758,False
1982-02-11 23:00:00,0.0,0.09031702,0.07576999,0.03741855926066637,0.0747005733508511,False
1982-02-12 00:00:00,0.0,0.082739264,0.06588525,0.034088592007756234,0.0748202717658958,False
1982-02-12 01:00:00,0.0,0.07444172,0.055659946,0.0304746330678463,0.07494652080311313,False
1982-02-12 02:00:00,0.0,0.07168055,0.05263911,0.029292635992169382,0.07513793191927359,False
1982-02-12 03:00:00,0.0,0.067821085,0.049770657,0.027713596008718016,0.07536895752753005,False
1982-02-12 04:00:00,0.0,0.06360202,0.04685855,0.025999508075416088,0.07562853809920013,False
1982-02-12 05:00:00,0.0,0.0582839,0.04346614,0.02385393026098609,0.0759088608763075,False
1982-02-12 06:00:00,0.0,0.05921652,0.044165924,0.024235856406390664,0.07624152380795092,False
1982-02-12 07:00:00,0.00391552,0.054953516,0.040861055,0.024743599207606166,0.07659452843534634,False
1982-02-12 08:00:00,0.056675903,0.05404286,0.039779916,0.05479192746430635,0.07697485034518962,False
1982-02-12 09:00:00,0.14129631,0.053947046,0.039336048,0.10355857886373997,0.07748513396885644,False
1982-02-12 10:00:00,0.21772377,0.06306895,0.046059445,0.1513862684741616,0.07799968517255436,False
1982-02-12 11:00:00,0.2683578,0.06621837,0.049069114,0.18192676851898432,0.07863184814397643,False
1982-02-12 12:00:00,0.2887541,0.06081454,0.046190143,0.1915459521822631,0.07924070440304552,False
1982-02-12 13:00:00,0.2757252,0.055452146,0.042317346,0.18184041065722703,0.0798734893866544,False
1982-02-12 14:00:00,0.2293442,0.049033307,0.037816394,0.1524669811427593,0.08050408961587051,False
1982-02-12 15:00:00,0.15570855,0.046962295,0.037535217,0.10919982261583208,0.0811273719142386,False
1982-02-12 16:00:00,0.067527026,0.047264382,0.039684508,0.058546614445745944,0.08163583030150048,False
1982-02-12 17:00:00,0.005787949,0.053778086,0.046559628,0.02569798021670431,0.08192836529111576,False
1982-02-12 18:00:00,0.0,0.061006937,0.054025758,0.025428950753062965,0.08206975542686035,False
1982-02-12 19:00:00,0.0,0.069352694,0.06196297,0.02893714439123869,0.0821348137881336,False
1982-02-12 20:00:00,0.0,0.07924985,0.07035392,0.033042306728661056,0.08215009955202315,False
1982-02-12 21:00:00,0.0,0.08818013,0.078189455,0.03676069935411215,0.08208358841135253,False
1982-02-12 22:00:00,0.0,0.08627052,0.07637939,0.03595830834656954,0.08191836957193066,False
1982-02-12 23:00:00,0.0,0.08908954,0.07828665,0.03710152021050453,0.08164205277177591,False
1982-02-13 00:00:00,0.0,0.09177352,0.08016036,0.038193087212741374,0.08127973452002828,False
1982-02-13 01:00:00,0.0,0.09859516,0.085784696,0.041013986617326734,0.08087784554857846,False
1982-02-13 02:00:00,0.0,0.10357153,0.09005684,0.04308096253126859,0.08050665750472892,False
1982-02-13 03:00:00,0.0,0.10887275,0.09426035,0.045264103241264814,0.08011309119455602,False
1982-02-13 04:00:00,0.0,0.11395742,0.09804355,0.047344639867544176,0.07973664738309656,False
1982-02-13 05:00:00,0.0,0.11568562,0.09937875,0.04805444604903459,0.0793832819102294,False
1982-02-13 06:00:00,0.0,0.11661276,0.10044728,0.048454262495040895,0.07906991837070874,False
1982-02-13 07:00:00,0.004362615,0.119744204,0.103080116,0.052269166300073264,0.07874574401522606,False
1982-02-13 08:00:00,0.070925415,0.12631573,0.10784796,0.09335825754702091,0.07845747491406906,False
1982-02-13 09:00:00,0.1804955,0.124166556,0.1059585,0.15568512182682753,0.078092923764838,False
1982-02-13 10:00:00,0.28754005,0.12794413,0.10701743,0.21890093176066874,0.07750937707209968,False
1982-02-13 11:00:00,0.36143225,0.123239554,0.10168193,0.25951263070851566,0.07672837977074483,False
1982-02-13 12:00:00,0.39172933,0.115568236,0.09185406,0.2736326186060905,0.0759094494501867,False
1982-02-13 13:00:00,0.3711223,0.10822233,0.0837981,0.25859670410305263,0.07519393546547516,False
1982-02-13 14:00:00,0.30501717,0.098341905,0.07516362,0.21634190713614224,0.07450421404083811,False
1982-02-13 15:00:00,0.20494542,0.08237431,0.06281112,0.15204142627865075,0.07386613770335689,False
1982-02-13 16:00:00,0.0858896,0.07271998,0.05578175,0.0794041849821806,0.07322445774131735,False
1982-02-13 17:00:00,0.007563653,0.07514509,0.05821111,0.03523616523528472,0.07269813680088079,False
1982-02-13 18:00:00,0.0,0.07757681,0.060114175,0.03187200783938169,0.07224956561435839,False
1982-02-13 19:00:00,0.0,0.07801164,0.06025767,0.032040209099650385,0.0717449812923588,False
1982-02-13 20:00:00,0.0,0.074749656,0.057083506,0.03066513240337372,0.0711709192147101,False
1982-02-13 21:00:00,0.0,0.069582045,0.052085895,0.028488412968814374,0.0705179829798727,False
1982-02-13 22:00:00,0.0,0.057098128,0.042366933,0.023357023581862448,0.06979516416725537,False
1982-02-13 23:00:00,0.0,0.049038433,0.03577966,0.020027283176779747,0.06907106487630527,False
1982-02-14 00:00:00,0.0,0.03623691,0.026416708,0.014797921378165484,0.06833096559857958,False
1982-02-14 01:00:00,0.0,0.030995741,0.022595895,0.012657606963068247,0.06758939075114913,False
1982-02-14 02:00:00,0.0,0.025470909,0.018568292,0.010401453103870154,0.06682226623414327,False
1982-02-14 03:00:00,0.0,0.023616787,0.017216641,0.009644293058663607,0.06605913059919849,False
1982-02-14 04:00:00,0.0,0.022132022,0.016134243,0.009037965377792716,0.0653116592503503,False
1982-02-14 05:00:00,0.0,0.021579858,0.015731718,0.008812480363994835,0.06458587313984764,False
1982-02-14 06:00:00,0.0,0.021244392,0.015487162,0.008675487343221903,0.06388349953485896,False
1982-02-14 07:00:00,0.0045820274,0.020233938,0.014750541,0.010906682352069765,0.06318627177301106,False
1982-02-14 08:00:00,0.051609527,0.018402059,0.0134151,0.03729347230121493,0.06248095188639136,False
1982-02-14 09:00:00,0.119379446,0.016324565,0.011900609,0.07554833761230109,0.06134148699332349,False
1982-02-14 10:00:00,0.18833801,0.012800687,0.009331701,0.11389839800912888,0.059646310953190645,True
1982-02-14 11:00:00,0.23984146,0.010357351,0.007550509,0.14261811313219366,0.05732971612294214,True
1982-02-14 12:00:00,0.26579866,0.0093922,0.006846914,0.15720128091610966,0.05461863119100851,True
1982-02-14 13:00:00,0.25135612,0.009063679,0.006607421,0.14873378227464853,0.051783126414365534,True
1982-02-14 14:00:00,0.20551191,0.007980447,0.005817746,0.12183931694366038,0.04930211922891137,True
1982-02-14 15:00:00,0.13171613,0.0058745737,0.0042825644,0.07839918443793431,0.04732729263114752,True
1982-02-14 16:00:00,0.05523826,0.003454578,0.0025183873,0.03328320930479094,0.04615408711826128,True
1982-02-14 17:00:00,0.0052226325,0.002823703,0.0020584792,0.004166563263628632,0.045741827958496385,True
1982-02-14 18:00:00,0.0,0.0029603427,0.0021580898,0.0012089032970834523,0.04574532752495735,True
1982-02-14 19:00:00,0.0,0.0033846223,0.0024673897,0.0013821646641008554,0.045784962094505416,True
1982-02-14 20:00:00,0.0,0.004166281,0.003037219,0.0017013674564659595,0.04581065722939103,True
1982-02-14 21:00:00,0.0,0.005057709,0.0036870702,0.002065396348480135,0.04585943335120111,True
1982-02-14 22:00:00,0.0,0.0029423174,0.0021449493,0.0012015423809643836,0.045928891460062106,True
1982-02-14 23:00:00,0.0,0.0038611316,0.002814765,0.0015767548796720803,0.04605673292756557,True
1982-02-15 00:00:00,0.0,0.006360702,0.004636952,0.002597494536079466,0.04622226195188716,True
1982-02-15 01:00:00,0.0,0.010265325,0.0074834223,0.00419200980104506,0.046484340135823116,True
1982-02-15 02:00:00,0.0,0.015795762,0.011515111,0.006450452053919435,0.04679619315650791,True
1982-02-15 03:00:00,0.0,0.022983007,0.016754609,0.009385478496551514,0.04714851231535442,True
1982-02-15 04:00:00,0.0,0.030626709,0.022326872,0.012506906563416123,0.047508594913059025,True
1982-02-15 05:00:00,0.0,0.035116814,0.02560016,0.01434051300957799,0.0478745924322867,True
1982-02-15 06:00:00,0.0,0.03670073,0.02675483,0.014987329926341771,0.048260771462461084,True
1982-02-15 07:00:00,0.0034196144,0.040259704,0.029349323,0.018413811742328107,0.04864144095871608,True
1982-02-15 08:00:00,0.034348078,0.046147577,0.033641584,0.038663942679762836,0.04905045529507344,True
1982-02-15 09:00:00,0.08862216,0.05676298,0.04141012,0.07431667190045117,0.04956274170589566,True
1982-02-15 10:00:00,0.13284838,0.0758141,0.056952987,0.10770437990874052,0.05016312169685272,True
1982-02-15 11:00:00,0.17134695,0.07462173,0.055147167,0.12938055397570133,0.05099011985387198,True
1982-02-15 12:00:00,0.18836333,0.07062751,0.051503655,0.13752838932722805,0.05177565524711595,True
1982-02-15 13:00:00,0.18698554,0.07741446,0.056514226,0.13950835920125246,0.052440423982024,True
1982-02-15 14:00:00,0.15002404,0.085271776,0.06520506,0.12155023044347762,0.05304405590464994,True
1982-02-15 15:00:00,0.10445885,0.08586948,0.06979562,0.09572756166011094,0.053624503266958945,True
1982-02-15 16:00:00,0.04538399,0.08072477,0.0674397,0.05961574531346559,0.05421007736445377,True
1982-02-15 17:00:00,0.005019326,0.07848889,0.06565915,0.035404144425410775,0.05476974441452584,True
1982-02-15 18:00:00,0.0,0.08171428,0.06707218,0.033774467177689074,0.05530879801940572,True
1982-02-15 19:00:00,0.0,0.08065565,0.06503039,0.03327357557415962,0.05585240984952069,True
1982-02-15 20:00:00,0.0,0.08021875,0.063067935,0.033006386250257494,0.05641423248077152,True
1982-02-15 21:00:00,0.0,0.07743387,0.060172305,0.03182240219414234,0.056982943597448675,True
1982-02-15 22:00:00,0.0,0.071875036,0.055028256,0.029493414022028444,0.057527307074512264,True
1982-02-15 23:00:00,0.0,0.068025395,0.053172324,0.02797267634421587,0.0580304042393498,True
1982-02-16 00:00:00,0.0,0.06652364,0.05241575,0.02737767420709133,0.05849247618771441,True
1982-02-16 01:00:00,0.0,0.067186885,0.052492436,0.027626551955938338,0.05889034367761159,True
1982-02-16 02:00:00,0.0,0.06659559,0.05072221,0.02731277272850275,0.05922744168132593,True
1982-02-16 03:00:00,0.0,0.06573644,0.049472414,0.026928257748484608,0.059532895188439204,True
1982-02-16 04:00:00,0.0,0.06498444,0.048640512,0.02660584630072117,0.05979656031600714,True
1982-02-16 05:00:00,0.0,0.066770546,0.05019893,0.02734907381236553,0.06008221022808974,False
1982-02-16 06:00:00,0.0,0.06575019,0.0497371,0.026947623163461686,0.06044935797947509,False
1982-02-16 07:00:00,0.0055554262,0.06653566,0.051522803,0.030539370497222988,0.06089412313910251,False
1982-02-16 08:00:00,0.056427967,0.07146171,0.054720614,0.06188322002068161,0.061365720448840984,False
1982-02-16 09:00:00,0.13070428,0.07046074,0.054633215,0.10436657717823981,0.06206710210122412,False
1982-02-16 10:00:00,0.20609862,0.08373038,0.06997961,0.1535943095460534,0.0629070998345464,False
1982-02-16 11:00:00,0.2579273,0.076631,0.05968372,0.18032381200790404,0.06402524594347546,False
1982-02-16 12:00:00,0.27899045,0.06867205,0.051716745,0.1891101801916957,0.06538394628564138,False
1982-02-16 13:00:00,0.26436386,0.06152774,0.045674704,0.17770811456069352,0.06693312167288978,False
1982-02-16 14:00:00,0.21852633,0.057748314,0.042629037,0.1497007903344929,0.06840094654329985,False
1982-02-16 15:00:00,0.14402524,0.05729801,0.041874345,0.10650674111768603,0.06969324806664383,False
1982-02-16 16:00:00,0.06432444,0.05640045,0.041115925,0.06014722770825028,0.07067687954169631,False
1982-02-16 17:00:00,0.007810063,0.062452096,0.046109375,0.030041136297862977,0.07142489100315541,False
1982-02-16 18:00:00,0.0,0.06646825,0.05139793,0.027302271142601964,0.0719761248692231,False
1982-02-16 19:00:00,0.0,0.068917364,0.054058217,0.02834965096414089,0.07248319706044287,False
1982-02-16 20:00:00,0.0,0.07042755,0.05577286,0.028999501056969166,0.07300688848274887,False
1982-02-16 21:00:00,0.0,0.06846649,0.054272365,0.028194843247532846,0.0735295055602038,False
1982-02-16 22:00:00,0.0,0.061552092,0.0488423,0.025350206293165686,0.07409013602419884,False
1982-02-16 23:00:00,0.0,0.05783617,0.04471595,0.023756208401173356,0.07465549085711257,False
1982-02-17 00:00:00,0.0,0.053002052,0.039581053,0.02169513405114412,0.07527402484233618,False
1982-02-17 01:00:00,0.0,0.049815986,0.03686324,0.02037271397933364,0.07595640813003422,False
1982-02-17 02:00:00,0.0,0.051607806,0.0383137,0.021112220395356415,0.07665817118811548,False
1982-02-17 03:00:00,0.0,0.053868107,0.040075425,0.022041404619812965,0.07740344474327877,False
1982-02-17 04:00:00,0.0,0.06395974,0.04846219,0.02621810234338045,0.07816863178231881,False
1982-02-17 05:00:00,0.0,0.07757942,0.0617926,0.031963605076074604,0.07893740842447744,False
1982-02-17 06:00:00,0.0,0.08792098,0.0720966,0.03633605758845806,0.07967910946023778,False
1982-02-17 07:00:00,0.0058055534,0.0909052,0.0769752,0.04105048260977492,0.08044153805405961,False
1982-02-17 08:00:00,0.054617945,0.09844625,0.0831304,0.07233026199415325,0.08126269303302021,False
1982-02-17 09:00:00,0.12725173,0.09966306,0.08216014,0.11463656309992075,0.0821942494264902,False
1982-02-17 10:00:00,0.2077994,0.099896014,0.08543532,0.16137539313733576,0.08334377515084161,False
1982-02-17 11:00:00,0.26339802,0.10269751,0.08744689,0.19459817039966582,0.08461389000652719,False
1982-02-17 12:00:00,0.29255477,0.1039645,0.08744088,0.2118888079151511,0.0859831444071704,False
1982-02-17 13:00:00,0.2832737,0.112148575,0.09504084,0.20996395298093556,0.08741837966551745,False
1982-02-17 14:00:00,0.23179214,0.119875975,0.103748254,0.1835807035639882,0.08894912175020253,False
1982-02-17 15:00:00,0.15824755,0.123987615,0.10891868,0.14294187246263027,0.0903977854809201,False
1982-02-17 16:00:00,0.07302011,0.12779863,0.11537033,0.09552029546350241,0.09173209199054216,False
1982-02-17 17:00:00,0.009514253,0.13464159,0.12390556,0.06186336999665946,0.09281222132144235,False
1982-02-17 18:00:00,0.0,0.13892277,0.12687837,0.058113932356238365,0.09369304721883974,False
1982-02-17 19:00:00,0.0,0.13966785,0.12728381,0.058410763844847675,0.09458524374745331,False
1982-02-17 20:00:00,0.0,0.13871983,0.12785907,0.05809200596809387,0.0954744978368982,False
1982-02-17 21:00:00,0.0,0.1402336,0.12937896,0.058732664465904236,0.09631663537246653,False
1982-02-17 22:00:00,0.0,0.13546827,0.12301209,0.056630446001887325,0.09714474771672406,False
1982-02-17 23:00:00,0.0,0.13793622,0.12525634,0.057662307634949686,0.09781754710420514,False
1982-02-18 00:00:00,0.0,0.1438138,0.13082923,0.060132072016596795,0.09857039735431329,False
1982-02-18 01:00:00,0.0,0.14652169,0.13416067,0.06131117874383926,0.09936427820299298,False
1982-02-18 02:00:00,0.0,0.15080169,0.13777927,0.06308590337634086,0.10019789920176857,False
1982-02-18 03:00:00,0.0,0.15234414,0.13781942,0.06365723562240601,0.10100132359110296,False
1982-02-18 04:00:00,0.0,0.15231837,0.13521565,0.06350712512433529,0.10174330541503161,False
1982-02-18 05:00:00,0.0,0.15088177,0.13472873,0.062950723528862,0.1024034036655213,False
1982-02-18 06:00:00,0.0,0.15200324,0.13805553,0.06354419566690922,0.10296434287691965,False
1982-02-18 07:00:00,0.006521419,0.15843765,0.14311956,0.06995480948733165,0.1034668390225853,False
1982-02-18 08:00:00,0.06263431,0.16887605,0.15079011,0.10659792690724133,0.10402459465980075,False
1982-02-18 09:00:00,0.14610723,0.18054473,0.15960991,0.15954381194710732,0.10465113317970354,False
1982-02-18 10:00:00,0.23178793,0.19372843,0.17282209,0.21455982261896134,0.10528747340606072,False
1982-02-18 11:00:00,0.2887164,0.19049461,0.16974343,0.2460480232387781,0.10563283560273716,False
1982-02-18 12:00:00,0.3130641,0.18554458,0.16476922,0.2580014725923538,0.10591073310441194,False
1982-02-18 13:00:00,0.3044887,0.18108132,0.16064356,0.2511837346255779,0.1061204732062374,False
1982-02-18 14:00:00,0.25211883,0.17690526,0.157149,0.2192366494089365,0.1063030229577563,False
1982-02-18 15:00:00,0.17198908,0.17091902,0.15271547,0.17055345357954502,0.10655006817996049,False
1982-02-18 16:00:00,0.07932861,0.15845115,0.14356205,0.11199343559145927,0.10675046633141283,False
1982-02-18 17:00:00,0.011088838,0.15769958,0.14317358,0.07232077937293797,0.10669682605258046,False
1982-02-18 18:00:00,0.0,0.16795658,0.15095793,0.0701277045160532,0.10639872617002899,False
1982-02-18 19:00:00,0.0,0.17016073,0.15267666,0.07103384725749493,0.10606526746748339,False
1982-02-18 20:00:00,0.0,0.16625197,0.14953935,0.06942210276424884,0.10570992172843169,False
1982-02-18 21:00:00,0.0,0.16266695,0.14666912,0.06794423577189446,0.10533083834600027,False
1982-02-18 22:00:00,0.0,0.13817239,0.12331418,0.05764457689225674,0.10489033567540672,False
1982-02-18 23:00:00,0.0,0.14366771,0.12740064,0.05989302040636539,0.10431544109395097,False
1982-02-19 00:00:00,0.0,0.14356396,0.12641324,0.05980141478776931,0.1037040289003248,False
1982-02-19 01:00:00,0.0,0.14527942,0.1255262,0.06038652192056179,0.10298699008634637,False
1982-02-19 02:00:00,0.0,0.14376722,0.1227127,0.0596765910834074,0.10223984977098505,False
1982-02-19 03:00:00,0.0,0.13903391,0.11764848,0.05765653216838837,0.10150769483445536,False
1982-02-19 04:00:00,0.0,0.13969384,0.11769983,0.057902818366885184,0.10077195979848828,False
1982-02-19 05:00:00,0.0,0.14211756,0.119394585,0.058888687223196026,0.10004646229053239,False
1982-02-19 06:00:00,0.0,0.14594238,0.1222803,0.06045587258040905,0.0993591563306595,False
1982-02-19 07:00:00,0.005907466,0.15556373,0.12983574,0.06782275319611654,0.09866760745279816,False
1982-02-19 08:00:00,0.050871845,0.17666571,0.14558166,0.1024041109494865,0.09801993725585649,False
1982-02-19 09:00:00,0.12109015,0.18235406,0.14857829,0.14518089396506545,0.09771819065322067,False
1982-02-19 10:00:00,0.18900932,0.16669683,0.13672718,0.17795277857780453,0.09781967297457367,False
1982-02-19 11:00:00,0.24781628,0.1572457,0.12821473,0.2079372504800558,0.097985270416956,False
1982-02-19 12:00:00,0.277054,0.15066059,0.12041501,0.2219563328027725,0.09837195527721405,False
1982-02-19 13:00:00,0.27513823,0.14573252,0.11474597,0.21872634105384348,0.09888148339772806,False
1982-02-19 14:00:00,0.2374757,0.14197503,0.111603945,0.19543887422978878,0.09924933635083548,False
1982-02-19 15:00:00,0.16784962,0.13522495,0.107662,0.15256098373234273,0.09945953467237041,False
1982-02-19 16:00:00,0.082234286,0.10994398,0.09124169,0.09294556207954882,0.0993189211322947,False
1982-02-19 17:00:00,0.011009199,0.09925619,0.08475435,0.04755457563418895,0.09882034871359564,False
1982-02-19 18:00:00,0.0,0.10150894,0.08613179,0.04210791463404894,0.0980076367858081,False
1982-02-19 19:00:00,0.0,0.099969685,0.08269175,0.041354168370366096,0.09712030732242677,False
1982-02-19 20:00:00,0.0,0.09687469,0.07683782,0.03989600361138582,0.09624335710129056,False
1982-02-19 21:00:00,0.0,0.0915966,0.07017388,0.03758853627741337,0.09537983339263413,False
1982-02-19 22:00:00,0.0,0.07067329,0.05476043,0.02903550609201193,0.0945316892371728,False
1982-02-19 23:00:00,0.0,0.069074124,0.05233649,0.028314522340893745,0.093837228499421,False
1982-02-20 00:00:00,0.0,0.06290062,0.046368167,0.025714208945631978,0.09306647572789628,False
1982-02-20 01:00:00,0.0,0.06219653,0.04625785,0.025448443606495855,0.09226512480138156,False
1982-02-20 02:00:00,0.0,0.06792652,0.053288538,0.02794246642291546,0.09141919213493642,False
1982-02-20 03:00:00,0.0,0.06873639,0.055152338,0.02834195389598608,0.09058890097082879,False
1982-02-20 04:00:00,0.0,0.06962362,0.0554098,0.0286832447424531,0.08979411265679922,False
1982-02-20 05:00:00,0.0,0.072754316,0.057661016,0.02996003745496273,0.08897158861260218,False
1982-02-20 06:00:00,0.0,0.073630765,0.05889069,0.03034984952956438,0.08810753516626833,False
1982-02-20 07:00:00,0.012448045,0.07665677,0.062921636,0.038866640034131705,0.08720895794879002,False
1982-02-20 08:00:00,0.10050458,0.08258876,0.06754992,0.09211408998072147,0.08635927305213426,False
1982-02-20 09:00:00,0.21973012,0.091499664,0.07161678,0.1644149633720517,0.08596892161308417,False
1982-02-20 10:00:00,0.32666716,0.08297003,0.0630668,0.22250849985331295,0.08622029567678709,False
1982-02-20 11:00:00,0.4036658,0.07745368,0.057653993,0.26460889653116465,0.08711169127753254,False
1982-02-20 12:00:00,0.43432587,0.0777051,0.05888169,0.2824588223770261,0.08828177732654165,False
1982-02-20 13:00:00,0.40849802,0.08056613,0.06311884,0.2688406763747334,0.08951304523551774,False
1982-02-20 14:00:00,0.33980456,0.08075742,0.06406391,0.22932616884261367,0.09055749454052436,False
1982-02-20 15:00:00,0.23521742,0.0681414,0.054432854,0.1638040036559105,0.0912775221698104,False
1982-02-20 16:00:00,0.112553045,0.05594934,0.045806397,0.0880619594939053,0.09155744030534228,False
1982-02-20 17:00:00,0.01588711,0.05834418,0.04842114,0.03331060683913529,0.09147402723131638,False
1982-02-20 18:00:00,0.0,0.066494845,0.055542454,0.02753589027374983,0.09108331651679101,False
1982-02-20 19:00:00,0.0,0.06990801,0.058225587,0.028940236642956734,0.09060895067860103,False
1982-02-20 20:00:00,0.0,0.067642584,0.05579354,0.027972964748740194,0.09016978196694246,False
1982-02-20 21:00:00,0.0,0.065919384,0.053871546,0.027233316309750077,0.08976823408237389,False
1982-02-20 22:00:00,0.0,0.058926623,0.04752847,0.02431046148017049,0.08942034463432348,False
1982-02-20 23:00:00,0.0,0.055667963,0.043618686,0.022896887373179197,0.08924903492011793,False
1982-02-21 00:00:00,0.0,0.052069828,0.03931118,0.021336570315063,0.08909257632481597,False
1982-02-21 01:00:00,0.0,0.048343237,0.03598332,0.019781753931194544,0.08897578760852769,False
1982-02-21 02:00:00,0.0,0.04844021,0.03607736,0.01982261520624161,0.08884582242101162,False
1982-02-21 03:00:00,0.0,0.047700353,0.035282645,0.019506693094968795,0.08864010634656726,False
1982-02-21 04:00:00,0.0,0.045084365,0.03306544,0.018421664245426652,0.08840432089019297,False
1982-02-21 05:00:00,0.0,0.04262856,0.031188576,0.01741412179917097,0.08813899422424576,False
1982-02-21 06:00:00,0.0,0.042401355,0.0310753,0.017324166141450402,0.08782867585180058,False
1982-02-21 07:00:00,0.014070232,0.046244275,0.034355864,0.027037878156639637,0.08750261274410143,False
1982-02-21 08:00:00,0.10839238,0.051668737,0.03813101,0.08366724187508225,0.08722722029722103,False
1982-02-21 09:00:00,0.23373091,0.05481334,0.03996278,0.15724684902280567,0.08712292695989642,False
1982-02-21 10:00:00,0.3462486,0.051312614,0.037406895,0.22073976741358636,0.08714018106884752,False
1982-02-21 11:00:00,0.4241738,0.04739155,0.034548435,0.26410138083249324,0.08728661573869606,False
1982-02-21 12:00:00,0.45497525,0.045391817,0.033090636,0.2810571924336254,0.08738347434824141,False
1982-02-21 13:00:00,0.4347814,0.044056162,0.03211694,0.2688599076941609,0.08743280076263903,False
1982-02-21 14:00:00,0.36683148,0.044906862,0.032737102,0.2300002004355192,0.08746646726268463,False
1982-02-21 15:00:00,0.2585273,0.041205186,0.03003858,0.16599705423787237,0.0874299045329025,False
1982-02-21 16:00:00,0.12791984,0.03695253,0.027713053,0.08894173452630638,0.08738161527021286,False
1982-02-21 17:00:00,0.020564366,0.041118015,0.032634716,0.028800461336970326,0.08731616646972294,False
1982-02-21 18:00:00,4.6101212e-07,0.046865415,0.037865747,0.01933835440093043,0.0872487590349167,False
1982-02-21 19:00:00,0.0,0.049096726,0.03995145,0.02027407021075487,0.08713581434867494,False
1982-02-21 20:00:00,0.0,0.049882688,0.041018397,0.020621705152094365,0.08704152107073143,False
1982-02-21 21:00:00,0.0,0.050501175,0.041757576,0.02088984277099371,0.08694945577319861,False
1982-02-21 22:00:00,0.0,0.0503153,0.04159805,0.0208126398101449,0.08681761999565325,False
1982-02-21 23:00:00,0.0,0.050334938,0.04131329,0.02080450976639986,0.08670732164892518,False
1982-02-22 00:00:00,0.0,0.04885691,0.03852131,0.020108350563794376,0.08656939084336311,False
1982-02-22 01:00:00,0.0,0.04700067,0.034571625,0.01921011460572481,0.08639194497253895,False
1982-02-22 02:00:00,0.0,0.044244856,0.032254502,0.018068094849586488,0.0861955834694408,False
1982-02-22 03:00:00,0.0,0.04168871,0.030391071,0.017024251990020275,0.08596324384908342,False
1982-02-22 04:00:00,0.0,0.039052136,0.02846901,0.015947564776986837,0.08573511470385976,False
1982-02-22 05:00:00,0.0,0.036890328,0.026893048,0.015064755577594041,0.08553106343464144,False
1982-02-22 06:00:00,0.0,0.03599423,0.026239794,0.014698820360004902,0.085366269220688,False
1982-02-22 07:00:00,0.01623042,0.03987318,0.029067548,0.02564780258387327,0.08521596950113182,False
1982-02-22 08:00:00,0.11585732,0.049608286,0.036164436,0.08710800978913902,0.08507397501567486,False
1982-02-22 09:00:00,0.24294436,0.061376963,0.04474381,0.1652431606017053,0.08479134049089111,False
1982-02-22 10:00:00,0.35200617,0.06472088,0.04718152,0.22953736400604247,0.08414537887501328,False
1982-02-22 11:00:00,0.42249632,0.06238946,0.045481913,0.26925810978934167,0.08333489597062067,False
1982-02-22 12:00:00,0.44916987,0.062824704,0.045799207,0.2848264902681112,0.08216331127954445,False
1982-02-22 13:00:00,0.42290714,0.064743996,0.04719837,0.2704566683769226,0.08082834009706928,False
1982-02-22 14:00:00,0.35005137,0.062668085,0.045685038,0.2275711578130722,0.07953337162543973,False
1982-02-22 15:00:00,0.24262229,0.052631855,0.03836862,0.16148611904680726,0.07828011684089697,False
1982-02-22 16:00:00,0.11915961,0.039585378,0.028857743,0.08492041707038878,0.07727875284739102,False
1982-02-22 17:00:00,0.020443926,0.044761084,0.03263083,0.030075049968436362,0.07667060874824598,False
1982-02-22 18:00:00,1.786422e-06,0.05414394,0.039525945,0.02211454533414485,0.07633583719805341,False
1982-02-22 19:00:00,0.0,0.059777047,0.04363757,0.024414159301668407,0.07598685444948496,False
1982-02-22 20:00:00,0.0,0.057663843,0.042145785,0.023553830467164517,0.07560124983794521,False
1982-02-22 21:00:00,0.0,0.05119231,0.0373192,0.020905198987573384,0.0751935145770869,False
1982-02-22 22:00:00,0.0,0.046566416,0.033946916,0.019016140837222337,0.07476994621172635,False
1982-02-22 23:00:00,0.0,0.039856914,0.02905569,0.016276208706200123,0.07434116340837063,False
1982-02-23 00:00:00,0.0,0.03139137,0.022884307,0.012819168515503406,0.07391192516738665,False
1982-02-23 01:00:00,0.0,0.025360588,0.018487867,0.010356401782482863,0.07349659155901572,False
1982-02-23 02:00:00,0.0,0.021231722,0.015477926,0.0086703134290874,0.07309903272109587,False
1982-02-23 03:00:00,0.0,0.020953003,0.015274739,0.008556494124233722,0.07272431271814021,False
1982-02-23 04:00:00,0.0,0.021126155,0.015400967,0.008627203322947025,0.07237088583783516,False
1982-02-23 05:00:00,0.0,0.023273239,0.016966192,0.00950399952940643,0.07203950921537552,False
1982-02-23 06:00:00,1.1525302e-07,0.0247565,0.01804749,0.010109779602753895,0.07172615680836607,False
1982-02-23 07:00:00,0.014736367,0.02869793,0.020920789,0.02022214285470545,0.07142027563453374,False
1982-02-23 08:00:00,0.094187304,0.038579877,0.028124727,0.07010078468546271,0.07107594102643129,False
1982-02-23 09:00:00,0.19308339,0.03631932,0.026476784,0.12624069146066902,0.07037122391325097,False
1982-02-23 10:00:00,0.28177118,0.04715039,0.03437263,0.18183658800274133,0.06918458166519814,False
1982-02-23 11:00:00,0.3347078,0.03609242,0.026311377,0.2078653156608343,0.06776056819963798,False
1982-02-23 12:00:00,0.35463795,0.030248547,0.022051191,0.21697857567481696,0.0659870094169394,False
1982-02-23 13:00:00,0.3403983,0.02520189,0.018372178,0.20670142105594275,0.0638471091484061,False
1982-02-23 14:00:00,0.27965626,0.020771338,0.015142305,0.16984397077746688,0.06177709164758557,False
1982-02-23 15:00:00,0.19356528,0.015291225,0.011147303,0.11793158254958688,0.05982970384311006,True
1982-02-23 16:00:00,0.096953385,0.009326719,0.0067991787,0.05975081776734441,0.0584264050354892,True
1982-02-23 17:00:00,0.016779743,0.007467603,0.005443883,0.012731426927726715,0.05768628707154117,True
1982-02-23 18:00:00,3.2270843e-06,0.0063308906,0.004615219,0.0025871824696448585,0.05728752417275081,True
1982-02-23 19:00:00,0.0,0.004322223,0.0031509001,0.0017650488568469883,0.056827746883863224,True
1982-02-23 20:00:00,0.0,0.0025722333,0.001875158,0.0010504126308951527,0.05632197205465033,True
1982-02-23 21:00:00,0.0,0.0013677956,0.0009971231,0.0005585612336872145,0.05583823754848615,True
1982-02-23 22:00:00,0.0,0.0005658288,0.0004124892,0.00023106524907052516,0.0554172079732152,True
1982-02-23 23:00:00,0.0,0.0004923872,0.0003589503,0.00020107419916894285,0.055039951002639066,True
1982-02-24 00:00:00,0.0,0.00042201692,0.00030765033,0.00017233736198977567,0.05472060796784987,True
1982-02-24 01:00:00,0.0,0.00031170662,0.00022723411,0.00012729038557154126,0.05447281732412281,True
1982-02-24 02:00:00,0.0,0.00019966086,0.00014555277,8.153470771503635e-05,0.054274584184698105,True
1982-02-24 03:00:00,0.0,0.00014634356,0.00010668446,5.9761735377833246e-05,0.05411103600683324,True
1982-02-24 04:00:00,0.0,0.00010159244,7.406088e-05,4.148689892463153e-05,0.05395487503820092,True
1982-02-24 05:00:00,0.0,5.8379104e-05,4.2558364e-05,2.3840041139919778e-05,0.0538030736606806,True
1982-02-24 06:00:00,9.2202407e-07,3.916097e-05,2.854835e-05,1.652401605332443e-05,0.05364055233344603,True
1982-02-24 07:00:00,0.015755,7.127584e-05,5.1960084e-05,0.00911974139495578,0.053477355120090914,True
1982-02-24 08:00:00,0.09229297,6.989702e-05,5.0954914e-05,0.053281588356483556,0.05331034614557911,True
1982-02-24 09:00:00,0.18761435,7.5549564e-05,5.5075634e-05,0.10828433269516971,0.05305429711841713,True
1982-02-24 10:00:00,0.27924553,0.00014704796,0.00010719798,0.16118471765915454,0.05283837643784594,True
1982-02-24 11:00:00,0.3189746,0.00019329684,0.0001409134,0.18412728821980998,0.05253851143902136,True
1982-02-24 12:00:00,0.31541958,0.00027959506,0.00020382479,0.18211127737851346,0.052426074582063276,True
1982-02-24 13:00:00,0.296294,0.00032859785,0.00023954784,0.17109582833753664,0.052168289853733806,True
1982-02-24 14:00:00,0.23224513,0.00022308872,0.00016263164,0.13409654319824765,0.05172392665543252,True
1982-02-24 15:00:00,0.16306424,9.723872e-05,7.0887036e-05,0.09412777628100594,0.05134268500871111,True
1982-02-24 16:00:00,0.085594155,1.696377e-05,1.23665895e-05,0.04939475480088368,0.051152958560733514,True
1982-02-24 17:00:00,0.018940624,1.3935698e-05,1.0159124e-05,0.01093443082649901,0.051108142782743365,True
1982-02-24 18:00:00,1.2043941e-05,9.375441e-05,6.834697e-05,4.523546754080598e-05,0.05112019328939737,True
1982-02-24 19:00:00,0.0,0.00033540378,0.00024450937,0.00013696749944938348,0.05107818726314777,True
1982-02-24 20:00:00,0.0,0.0008192998,0.0005972695,0.000334574171283748,0.05105488303130456,True
1982-02-24 21:00:00,0.0,0.0017038132,0.0012420797,0.0006957793745677918,0.051049913167574186,True
1982-02-24 22:00:00,0.0,0.0022230211,0.0016205825,0.0009078062495682388,0.05106185168380666,True
1982-02-24 23:00:00,0.0,0.0023208177,0.0016918762,0.0009477430363185705,0.05107809744295714,True
1982-02-25 00:00:00,0.0,0.0022656578,0.0016516648,0.0009252176166046411,0.051098642533076555,True
1982-02-25 01:00:00,0.0,0.002059944,0.0015016993,0.0008412110900972039,0.05112343892958684,True
1982-02-25 02:00:00,0.0,0.0020080048,0.0014638355,0.0008200008915737272,0.05115138400105474,True
1982-02-25 03:00:00,0.0,0.0025975904,0.0018936436,0.0010607676298823208,0.051182401485149014,True
1982-02-25 04:00:00,0.0,0.0032831754,0.0023934348,0.0013407372019719332,0.051216659432747245,True
1982-02-25 05:00:00,0.0,0.0041702194,0.00304009,0.0017029758221469818,0.051270030735239246,True
1982-02-25 06:00:00,2.5067532e-06,0.005570657,0.0040610093,0.0022763133617083897,0.05136405807098977,True
1982-02-25 07:00:00,0.015445201,0.00806588,0.0058800266,0.012205712078139185,0.05150506943145172,True
1982-02-25 08:00:00,0.09227407,0.011186762,0.0081551485,0.05781043138168752,0.05167893926992751,True
1982-02-25 09:00:00,0.19120623,0.0135919815,0.009908554,0.1158764987932518,0.05179226725253971,True
1982-02-25 10:00:00,0.28231108,0.011140922,0.008121733,0.1674430680591613,0.05187488458556789,True
1982-02-25 11:00:00,0.3433394,0.010680382,0.0077859997,0.20246834652684628,0.05187030682684073,True
1982-02-25 12:00:00,0.34768534,0.009771796,0.0071236393,0.2046049087150022,0.05188836988387407,True
1982-02-25 13:00:00,0.3153792,0.008321427,0.00606632,0.18537198753748085,0.052159626784705516,True
1982-02-25 14:00:00,0.25776967,0.0068841917,0.0050185756,0.15154437173483892,0.052475060566688825,True
1982-02-25 15:00:00,0.18551928,0.0043590544,0.0031777509,0.1088247130466625,0.05294524680292994,True
1982-02-25 16:00:00,0.09869917,0.0015922992,0.001160786,0.0575996604238171,0.0533466941613347,True
1982-02-25 17:00:00,0.022176176,0.0012591585,0.0009179266,0.013309851247118787,0.05372243616950828,True
1982-02-25 18:00:00,2.1898075e-05,0.0013670531,0.0009965817,0.0005708932096640637,0.05404754374416429,True
1982-02-25 19:00:00,0.0,0.0015830058,0.0011540111,0.0006464457283727825,0.05440197958706377,True
1982-02-25 20:00:00,0.0,0.0019880675,0.001449301,0.0008118591718375683,0.05481317629821315,True
1982-02-25 21:00:00,0.0,0.0027710681,0.0020201087,0.0011316100128460674,0.05525308296983822,True
1982-02-25 22:00:00,0.0,0.0024753816,0.0018045533,0.0010108616882935166,0.055713584071273727,True
1982-02-25 23:00:00,0.0,0.0029072904,0.0021194145,0.0011872385249007494,0.056166380748124724,True
1982-02-26 00:00:00,0.0,0.0033366254,0.0024324004,0.0013625643944833428,0.05662361573835479,True
1982-02-26 01:00:00,0.0,0.0035964155,0.002621787,0.001468653816031292,0.057078241349795646,True
1982-02-26 02:00:00,0.0,0.003845506,0.0028033738,0.001570373944239691,0.05753295183865812,True
1982-02-26 03:00:00,0.0,0.004173078,0.003042174,0.0017041432200931013,0.05799584225253893,True
1982-02-26 04:00:00,0.0,0.0063749417,0.0046473322,0.0026033094185404482,0.05846067324276483,True
1982-02-26 05:00:00,0.0,0.011110504,0.008099558,0.00453715215716511,0.05893159115169074,True
1982-02-26 06:00:00,5.5033315e-06,0.016603133,0.0121358875,0.006785069318227216,0.05942957704598775,True
1982-02-26 07:00:00,0.014695769,0.021985902,0.016171059,0.017465493641793728,0.059958209273670855,True
1982-02-26 08:00:00,0.082291976,0.027459584,0.020486575,0.058721331521868696,0.06060631074119365,False
1982-02-26 09:00:00,0.17235282,0.031218424,0.023755344,0.11224996468052269,0.06150343398597873,False
1982-02-26 10:00:00,0.25522685,0.03330635,0.026093513,0.1609649852402508,0.06257114076452723,False
1982-02-26 11:00:00,0.2985441,0.03092444,0.024504555,0.1849943149574101,0.06366844714158763,False
1982-02-26 12:00:00,0.31851685,0.027595298,0.021568904,0.19513160861842332,0.06474261425056578,False
1982-02-26 13:00:00,0.30643016,0.022971487,0.017592007,0.18623664987273514,0.06586459734852897,False
1982-02-26 14:00:00,0.25764638,0.019545654,0.014651369,0.1566654825378209,0.06714618385972539,False
1982-02-26 15:00:00,0.18297271,0.019104699,0.014302954,0.1133972494844347,0.06826905331250713,False
1982-02-26 16:00:00,0.101055056,0.022224253,0.017052863,0.06743037119321525,0.06909752456110792,False
1982-02-26 17:00:00,0.023069793,0.03203388,0.026070781,0.02653959440998733,0.06967290495578457,False
1982-02-26 18:00:00,4.0972445e-05,0.04108515,0.034705453,0.0170581559267157,0.07000209497589933,False
1982-02-26 19:00:00,0.0,0.047779437,0.041551802,0.019874409634619953,0.07025744140020741,False
1982-02-26 20:00:00,0.0,0.051452912,0.04562907,0.021450094409286975,0.07049660614212096,False
1982-02-26 21:00:00,0.0,0.054668855,0.048648607,0.02279983224347234,0.07073535172347963,False
1982-02-26 22:00:00,0.0,0.054328974,0.04804917,0.022642046738415956,0.07098415769577603,False
1982-02-26 23:00:00,0.0,0.05499542,0.048179854,0.022895022567361593,0.07125486219551291,False
1982-02-27 00:00:00,0.0,0.054730833,0.04725129,0.022747246965765952,0.07144552384672621,False
1982-02-27 01:00:00,0.0,0.054567154,0.04688953,0.022667314555495977,0.07160780278770014,False
1982-02-27 02:00:00,0.0,0.05549239,0.04744535,0.023038740757852793,0.07175478478140482,False
1982-02-27 03:00:00,0.0,0.056387834,0.04751008,0.023372655160725116,0.0719323609874618,False
1982-02-27 04:00:00,0.0,0.05778402,0.048564687,0.023944796830415727,0.07218417558378766,False
1982-02-27 05:00:00,0.0,0.06178445,0.051996976,0.02560629874840379,0.07252933961419963,False
1982-02-27 06:00:00,1.8008284e-05,0.06667621,0.056236096,0.027650660290497397,0.07293605251813183,False
1982-02-27 07:00:00,0.022800505,0.072632715,0.062170725,0.04331458251923322,0.0733413895923913,False
1982-02-27 08:00:00,0.1194367,0.07691302,0.06623082,0.1008723471313715,0.07381115044614968,False
1982-02-27 09:00:00,0.23298098,0.07890546,0.06630152,0.16712642416357995,0.07417258743484241,False
1982-02-27 10:00:00,0.32358772,0.080332436,0.06964803,0.22011377415806055,0.07419134837823967,False
1982-02-27 11:00:00,0.3851486,0.07660143,0.06540165,0.25402836775779725,0.07378418805334143,False
1982-02-27 12:00:00,0.396547,0.07157597,0.060017623,0.25846009741723536,0.07317954360957925,False
1982-02-27 13:00:00,0.3818192,0.06404902,0.05452555,0.24688814007490872,0.07229306163239495,False
1982-02-27 14:00:00,0.32055786,0.049770873,0.039162345,0.20544210546836256,0.07126853293770662,False
1982-02-27 15:00:00,0.23036884,0.038353764,0.028073609,0.14859133297950028,0.0703167587254465,False
1982-02-27 16:00:00,0.12030507,0.038679734,0.028316164,0.08521791936829685,0.06970289006309631,False
1982-02-27 17:00:00,0.02519817,0.035682764,0.026012735,0.029110972212627526,0.06957654948862783,False
1982-02-27 18:00:00,5.9758684e-05,0.03132739,0.02283767,0.012827521576451546,0.07012102018894675,False
1982-02-27 19:00:00,0.0,0.029694816,0.021647522,0.012126353340223432,0.07083161584931878,False
1982-02-27 20:00:00,0.0,0.03005061,0.021906894,0.012271647077053785,0.07153002495240872,False
1982-02-27 21:00:00,0.0,0.032016125,0.023339754,0.013074296683073043,0.07228070055196514,False
1982-02-27 22:00:00,0.0,0.034294426,0.025000636,0.014004677675664424,0.07307044344573733,False
1982-02-27 23:00:00,0.0,0.025317969,0.018456802,0.010338997783139348,0.07391550882827942,False
1982-02-28 00:00:00,0.0,0.022411155,0.016337732,0.009151953561231493,0.07480227972093491,False
1982-02-28 01:00:00,0.0,0.020872917,0.015216354,0.008523789513856173,0.07566354603219298,False
1982-02-28 02:00:00,0.0,0.0247181,0.018019497,0.010094031834974884,0.07660463892171611,False
1982-02-28 03:00:00,0.0,0.033755947,0.024727767,0.013791243843734265,0.07763901826545117,False
1982-02-28 04:00:00,0.0,0.046624996,0.036417767,0.01917118287831545,0.07879423055184526,False
1982-02-28 05:00:00,0.0,0.05804368,0.048912097,0.024059371545910833,0.0799989322530244,False
1982-02-28 06:00:00,4.0741943e-05,0.06302214,0.05486245,0.026241248882681246,0.08131087398684105,False
1982-02-28 07:00:00,0.018797709,0.070105776,0.061087135,0.04001401462219655,0.08283765042507875,False
1982-02-28 08:00:00,0.07512393,0.078648105,0.06856758,0.07607030697911978,0.08438158454690371,False
1982-02-28 09:00:00,0.13439225,0.08581697,0.07295743,0.1131504899635911,0.08531504275306993,False
1982-02-28 10:00:00,0.1777805,0.09402578,0.07678575,0.1414212896451354,0.08552734012590034,False
1982-02-28 11:00:00,0.20198442,0.09600633,0.07407475,0.15597138165682553,0.08534519993885042,False
1982-02-28 12:00:00,0.19416401,0.09896543,0.074622184,0.15258047371357678,0.08503154363481881,False
1982-02-28 13:00:00,0.16683124,0.09977175,0.07373834,0.1370592725276947,0.08489870061941378,False
1982-02-28 14:00:00,0.12394598,0.09656814,0.07092308,0.11098032034933566,0.08498402803746917,False
1982-02-28 15:00:00,0.077887215,0.09541666,0.07003489,0.0839315536916256,0.085755072839157,False
1982-02-28 16:00:00,0.034241352,0.10167797,0.0757332,0.06136602361872792,0.08741992017446949,False
1982-02-28 17:00:00,0.007472083,0.11766789,0.09154341,0.052674188025295735,0.08947985458558978,False
1982-02-28 18:00:00,2.5125157e-05,0.124348104,0.09755185,0.05116674762457296,0.09210544022307199,False
1982-02-28 19:00:00,0.0,0.12961566,0.103145674,0.05339804658293724,0.09524937483138436,False
1982-02-28 20:00:00,0.0,0.13916577,0.11352505,0.05748252318799496,0.09895437692472277,False
1982-02-28 21:00:00,0.0,0.14678068,0.121211454,0.060707491144537926,0.10306179243855675,False
1982-02-28 22:00:00,0.0,0.15280296,0.12631284,0.06320518510043621,0.10748876368225117,False
1982-02-28 23:00:00,0.0,0.15852742,0.128952,0.06546002541482449,0.1121735603578252,False
1982-03-01 00:00:00,0.0,0.15540834,0.124858394,0.06408802990615368,0.1165313350537888,False
1982-03-01 01:00:00,0.0,0.164495,0.13224289,0.06783977325260639,0.12040214725787317,False
1982-03-01 02:00:00,0.0,0.17606819,0.14295904,0.07268894925713539,0.12362131215672505,False
1982-03-01 03:00:00,0.0,0.19062988,0.15704477,0.07882284490764141,0.1262460211855921,False
1982-03-01 04:00:00,0.0,0.19767788,0.16346927,0.08177047848701477,0.12840440523071245,False
1982-03-01 05:00:00,0.0,0.21441399,0.17519891,0.08857950197160243,0.13019177421420844,False
1982-03-01 06:00:00,3.1003063e-05,0.24435942,0.19906324,0.10093592932590763,0.1316941899792853,False
1982-03-01 07:00:00,0.0074786814,0.27383617,0.22338289,0.11742342036683112,0.1330817159695499,False
1982-03-01 08:00:00,0.033386495,0.30583325,0.25114563,0.14567834102734922,0.13439407018691094,False
1982-03-01 09:00:00,0.07176687,0.32855454,0.27167758,0.17731669805943967,0.13591146261689976,False
1982-03-01 10:00:00,0.11239947,0.35429335,0.29226497,0.21137104517966507,0.13826500325365404,False
1982-03-01 11:00:00,0.14554796,0.37494054,0.30812284,0.23897286516427993,0.14057634601069405,False
1982-03-01 12:00:00,0.1692091,0.37389016,0.30526882,0.2520836326777935,0.14355979734560886,False
1982-03-01 13:00:00,0.16973075,0.3701658,0.3047784,0.2509838561415672,0.14731817900741265,False
1982-03-01 14:00:00,0.16091247,0.36193135,0.29727948,0.242452255949378,0.1515732705193675,False
1982-03-01 15:00:00,0.1290158,0.37231296,0.30885932,0.22850400507450103,0.15589504947958305,False
1982-03-01 16:00:00,0.07284348,0.34341976,0.2841147,0.1840947711020708,0.15986008176869815,False
1982-03-01 17:00:00,0.017524682,0.35095435,0.28750342,0.15513908281177283,0.16250450873067082,False
1982-03-01 18:00:00,7.7853416e-05,0.39673582,0.32029527,0.16373638277544525,0.16371230404159157,False
1982-03-01 19:00:00,0.0,0.46113476,0.36680976,0.18996645382046698,0.16440020542355302,False
1982-03-01 20:00:00,0.0,0.50974476,0.39503285,0.20942759174108505,0.16498737946661238,False
1982-03-01 21:00:00,0.0,0.5491355,0.4247762,0.22556891638040544,0.16546803448205863,False
1982-03-01 22:00:00,0.0,0.580519,0.45672962,0.23887491810321806,0.16588465974243408,False
1982-03-01 23:00:00,0.0,0.53252906,0.42609188,0.21951218318939208,0.16654577262369966,False
1982-03-02 00:00:00,0.0,0.47265762,0.3803755,0.19495093935728072,0.16703074288597378,False
1982-03-02 01:00:00,0.0,0.39419433,0.32566658,0.1630437046587467,0.16758612117679839,False
1982-03-02 02:00:00,0.0,0.32890925,0.27245468,0.1360800652205944,0.16820993510583462,False
1982-03-02 03:00:00,0.0,0.28369594,0.2353681,0.11739367800951005,0.1690194681263161,False
1982-03-02 04:00:00,0.0,0.25353494,0.21130556,0.10496489408612251,0.170081842124891,False
1982-03-02 05:00:00,0.0,0.23197831,0.19583946,0.09617532826960087,0.17148783253176184,False
1982-03-02 06:00:00,0.00013161894,0.22358419,0.19007382,0.09284249641538189,0.1733208387582195,False
1982-03-02 07:00:00,0.018849859,0.22193184,0.18958884,0.10300701705552638,0.17550998602815326,False
1982-03-02 08:00:00,0.07517505,0.25466797,0.21401225,0.1489051436185837,0.1782168398574581,False
1982-03-02 09:00:00,0.14379297,0.3464104,0.28382334,0.22612044052779673,0.18149972361619238,False
1982-03-02 10:00:00,0.22136806,0.30107608,0.2507277,0.25236574198305606,0.18508311481244202,False
1982-03-02 11:00:00,0.29112047,0.31711587,0.26268107,0.29917704573273657,0.18844839113436604,False
1982-03-02 12:00:00,0.3316295,0.34248492,0.28251162,0.33298279348015786,0.19161796752625418,False
1982-03-02 13:00:00,0.33549106,0.3572083,0.29473066,0.34130366510152815,0.19467016353068214,False
1982-03-02 14:00:00,0.2995454,0.35174012,0.29251677,0.31842571043968204,0.197503998624918,False
1982-03-02 15:00:00,0.23199429,0.33945376,0.2802586,0.27425310356915,0.20020734242022,False
1982-03-02 16:00:00,0.12842491,0.2756347,0.23126179,0.188298517793417,0.20245303822663888,False
1982-03-02 17:00:00,0.033957228,0.2191037,0.18899591,0.11064836294949054,0.20459220743596518,False
1982-03-02 18:00:00,0.00021546551,0.20197129,0.1765608,0.08418601395872247,0.20623379269535305,False
1982-03-02 19:00:00,0.0,0.19586024,0.17240691,0.081582400649786,0.2073151462678747,False
1982-03-02 20:00:00,0.0,0.19333616,0.17060965,0.08055396392941475,0.20791715664276347,False
1982-03-02 21:00:00,0.0,0.19377738,0.17040092,0.08070550364255905,0.20833299334207045,False
1982-03-02 22:00:00,0.0,0.22848815,0.19678661,0.09493860340118407,0.20859711056434974,False
1982-03-02 23:00:00,0.0,0.21341078,0.18500037,0.0887385980039835,0.2086872597993301,False
1982-03-03 00:00:00,0.0,0.21827033,0.18897103,0.0907461878657341,0.20892092458391054,False
1982-03-03 01:00:00,0.0,0.23547722,0.201699,0.09778284184634685,0.20930358690628273,False
1982-03-03 02:00:00,0.0,0.26894212,0.22790542,0.11154653424024581,0.2099829276245968,False
1982-03-03 03:00:00,0.0,0.31308413,0.26460657,0.12981679683923722,0.21107361193978655,False
1982-03-03 04:00:00,0.0,0.35981262,0.30531782,0.14925801801681518,0.21242115452000365,False
1982-03-03 05:00:00,0.0,0.42486534,0.36645356,0.1765638008415699,0.21398062733048065,False
1982-03-03 06:00:00,0.00021122997,0.49488303,0.43113482,0.2060149982827279,0.2157348306081207,False
1982-03-03 07:00:00,0.023189541,0.56190664,0.4931202,0.2473524041734636,0.21758685333816788,False
1982-03-03 08:00:00,0.076787725,0.6218035,0.54638416,0.3032567614465952,0.21966344361103748,False
1982-03-03 09:00:00,0.12393267,0.6676147,0.5826019,0.349319475479424,0.2216725814883006,False
1982-03-03 10:00:00,0.15982147,0.6766163,0.5743686,0.3729043086320162,0.224075535280664,False
1982-03-03 11:00:00,0.17883106,0.69419575,0.5883108,0.3911125319749117,0.2271447005387115,False
1982-03-03 12:00:00,0.18147667,0.7088221,0.59854925,0.39858904089033603,0.2298458049449789,False
1982-03-03 13:00:00,0.1736014,0.6921121,0.58241796,0.3870079406648875,0.23180431610131935,False
1982-03-03 14:00:00,0.15649629,0.6800092,0.5739076,0.37221275812387467,0.23284924163207088,False
1982-03-03 15:00:00,0.121806175,0.64248294,0.5359081,0.33629740378260614,0.23342860443862454,False
1982-03-03 16:00:00,0.07214837,0.59279597,0.48895505,0.28677489314973353,0.23350414017839657,False
1982-03-03 17:00:00,0.020292483,0.53764594,0.44139004,0.23393517526239158,0.23358005608932106,False
1982-03-03 18:00:00,0.00016720331,0.5213633,0.42892247,0.2156413542564842,0.2338704152501451,False
1982-03-03 19:00:00,0.0,0.5290601,0.43777344,0.21886295181512833,0.23420423774423438,False
1982-03-03 20:00:00,0.0,0.5541654,0.4611243,0.22938775330781935,0.23448778001314388,False
1982-03-03 21:00:00,0.0,0.5757609,0.47760686,0.2382465430498123,0.2347018375816046,False
1982-03-03 22:00:00,0.0,0.58842605,0.48283088,0.24320208138227462,0.23482723120509075,False
1982-03-03 23:00:00,0.0,0.5585737,0.45582202,0.2307280928492546,0.2346245033769159,False
1982-03-04 00:00:00,0.0,0.51656747,0.42046916,0.21331873083114625,0.23444667339979097,False
1982-03-04 01:00:00,0.0,0.4734584,0.38788715,0.1956520591378212,0.2341666777767463,False
1982-03-04 02:00:00,0.0,0.45578402,0.37497422,0.18843291234970092,0.23368772566786392,False
1982-03-04 03:00:00,0.0,0.44016206,0.36399853,0.18207572185993195,0.2328695086520387,False
1982-03-04 04:00:00,0.0,0.43444112,0.3613114,0.1798195889890194,0.23164805489035678,False
1982-03-04 05:00:00,0.0,0.43561175,0.36363608,0.180377085596323,0.2299997695405258,False
1982-03-04 06:00:00,0.00026220063,0.4381965,0.36840343,0.18173958745764685,0.2277871024785785,False
1982-03-04 07:00:00,0.02639801,0.45183337,0.38379973,0.20268335015326738,0.2249871976911018,False
1982-03-04 08:00:00,0.094591066,0.45924538,0.39450315,0.24534376172721384,0.22170437732365345,False
1982-03-04 09:00:00,0.17517196,0.57685125,0.50981283,0.3414622225612402,0.21835358100581656,False
1982-03-04 10:00:00,0.26316172,0.5925844,0.5403283,0.39968567436933516,0.21569506327244503,False
1982-03-04 11:00:00,0.31259933,0.5944832,0.53881377,0.4288300572335719,0.21326338360733402,False
1982-03-04 12:00:00,0.32844213,0.5709643,0.49619266,0.426991328984499,0.21116012342517934,False
1982-03-04 13:00:00,0.29231864,0.53658783,0.45909858,0.39146009057760234,0.2092940747737424,False
1982-03-04 14:00:00,0.26011285,0.47336513,0.39774588,0.3462351251542568,0.20757435920395317,False
1982-03-04 15:00:00,0.20299321,0.38799515,0.32558376,0.27787881907820705,0.2055169570371048,False
1982-03-04 16:00:00,0.108031124,0.31235042,0.26576328,0.19194248151779175,0.20301851694902143,False
1982-03-04 17:00:00,0.029849378,0.2582566,0.22344112,0.12458560266904534,0.1999260654737712,False
1982-03-04 18:00:00,0.0003365676,0.24042302,0.20924442,0.10020949367500726,0.1964076828431498,False
1982-03-04 19:00:00,0.0,0.22869779,0.20005453,0.09519242955744266,0.1926145575559276,False
1982-03-04 20:00:00,0.0,0.21804884,0.19201306,0.09082872721552848,0.18865511526451884,False
1982-03-04 21:00:00,0.0,0.20810333,0.18396795,0.08672439756989478,0.18435652406122974,False
1982-03-04 22:00:00,0.0,0.20435542,0.18149108,0.08520766764879226,0.17976019705418003,False
1982-03-04 23:00:00,0.0,0.19211443,0.17245436,0.08020275910198688,0.17499810885666378,False
1982-03-05 00:00:00,0.0,0.18508224,0.16687131,0.07730639795958996,0.17037286894715364,False
1982-03-05 01:00:00,0.0,0.17899635,0.1619164,0.0747931406199932,0.1660266848701795,False
1982-03-05 02:00:00,0.0,0.17287819,0.15703824,0.07227211748063564,0.16200936988967443,False
1982-03-05 03:00:00,0.0,0.17026123,0.15482631,0.07118701627850532,0.15812140417863704,False
1982-03-05 04:00:00,0.0,0.16780633,0.15221827,0.0701403212249279,0.15435193852618254,False
1982-03-05 05:00:00,0.0,0.16847007,0.1516727,0.07035578186810017,0.15062275596574912,False
1982-03-05 06:00:00,0.0003397371,0.17115891,0.15307227,0.0716195684838458,0.1468920659228243,False
1982-03-05 07:00:00,0.027896361,0.17686288,0.15589672,0.08977702653594316,0.1431688619325948,False
1982-03-05 08:00:00,0.10591937,0.19561073,0.16893893,0.14241853819042444,0.13955097242123463,False
1982-03-05 09:00:00,0.21386606,0.23700929,0.20099044,0.2217106242775917,0.13638011054454854,False
1982-03-05 10:00:00,0.2940777,0.20828483,0.17858805,0.2561836847066879,0.1327196032899356,False
1982-03-05 11:00:00,0.35477653,0.20648393,0.1714336,0.29015604323148725,0.12913473004452744,False
1982-03-05 12:00:00,0.39125484,0.20154803,0.16469334,0.30901870562136174,0.12592693875924857,False
1982-03-05 13:00:00,0.38852862,0.1947182,0.1561031,0.3044615933150053,0.12312885115568077,False
1982-03-05 14:00:00,0.34109792,0.1860187,0.14820465,0.2734574541151523,0.12076726326277341,False
1982-03-05 15:00:00,0.2555678,0.16722849,0.1333769,0.21637227955460545,0.11859527131256198,False
1982-03-05 16:00:00,0.14882657,0.12714177,0.10275884,0.13833722233772278,0.11670131713082875,False
1982-03-05 17:00:00,0.043589957,0.096640036,0.07854131,0.06505280899256467,0.1151528690143102,False
1982-03-05 18:00:00,0.0005510246,0.08081151,0.06359172,0.0335713404698181,0.11359103146479481,False
1982-03-05 19:00:00,0.0,0.07021782,0.05369161,0.028809721827507018,0.11199563791486074,False
1982-03-05 20:00:00,0.0,0.056369293,0.041761227,0.023055375549942254,0.11057341341278155,False
1982-03-05 21:00:00,0.0,0.043104995,0.031798214,0.017622846711426974,0.10930781771451807,False
1982-03-05 22:00:00,0.0,0.035728194,0.026632303,0.014621847901493311,0.10817774036270207,False
1982-03-05 23:00:00,0.0,0.02133818,0.0156072015,0.008716577192768454,0.10706190943275219,False
1982-03-06 00:00:00,0.0,0.011513924,0.00839365,0.004701895136386156,0.10607456995057514,False
1982-03-06 01:00:00,0.0,0.006907872,0.0050358395,0.0028209400735795497,0.10517503942991248,False
1982-03-06 02:00:00,0.0,0.0044336654,0.0032321422,0.0018105582199059427,0.10432843041023813,False
1982-03-06 03:00:00,0.0,0.0027949696,0.0020375326,0.0011413705421146004,0.10352288409950784,False
1982-03-06 04:00:00,0.0,0.002005128,0.0014617384,0.0008188260882161557,0.10268498269677735,False
1982-03-06 05:00:00,0.0,0.0031931247,0.0023277877,0.0013039635359309613,0.10185247236373478,False
1982-03-06 06:00:00,0.0005925734,0.006572244,0.004791166,0.003025795926630963,0.10098647114610874,False
1982-03-06 07:00:00,0.042228617,0.011408251,0.008316615,0.029024653607979414,0.10007474620629492,False
1982-03-06 08:00:00,0.1471772,0.02007771,0.015045741,0.09314239164628088,0.0993958948377295,False
1982-03-06 09:00:00,0.26663008,0.028973628,0.022611992,0.16575787433981895,0.09936969031782435,False
1982-03-06 10:00:00,0.36269468,0.044375546,0.036339838,0.22761175858974456,0.09946604215152798,False
1982-03-06 11:00:00,0.43529096,0.057301946,0.047199484,0.27485607554018493,0.1003274493188062,False
1982-03-06 12:00:00,0.45933837,0.0668508,0.055128563,0.29268312401324503,0.10127235590776042,False
1982-03-06 13:00:00,0.43264598,0.06897822,0.055818148,0.278103871718049,0.10206141731407727,False
1982-03-06 14:00:00,0.3704189,0.06857321,0.054523878,0.24197951154410835,0.10273613164528196,False
1982-03-06 15:00:00,0.27628955,0.067037,0.05209802,0.18696901835501192,0.10332396602833256,False
1982-03-06 16:00:00,0.16351941,0.05658123,0.044218473,0.117616971924901,0.10379914514240111,False
1982-03-06 17:00:00,0.05067756,0.04936609,0.04000668,0.049617400292307136,0.10412108725822454,False
1982-03-06 18:00:00,0.0007825104,0.055879887,0.0473966,0.0236306032781722,0.10453894811760868,False
1982-03-06 19:00:00,0.0,0.06467733,0.05666147,0.0269256534576416,0.10510275337819748,False
1982-03-06 20:00:00,0.0,0.07231795,0.06286685,0.03008013369888067,0.10572115895406149,False
1982-03-06 21:00:00,0.0,0.07831976,0.06630915,0.032480684682726864,0.10634882108399452,False
1982-03-06 22:00:00,0.0,0.07638322,0.064118065,0.03164778301119804,0.10693945817949989,False
1982-03-06 23:00:00,0.0,0.079316564,0.065604664,0.03281046395748854,0.1074405106142889,False
1982-03-07 00:00:00,0.0,0.08265491,0.06720874,0.03412893296778202,0.10804078163146313,False
1982-03-07 01:00:00,0.0,0.08286171,0.06629515,0.034155907675623896,0.10871411162903805,False
1982-03-07 02:00:00,0.0,0.0815877,0.06481542,0.03360589456558227,0.10945577318393897,False
1982-03-07 03:00:00,0.0,0.07525981,0.05920145,0.030967748947441576,0.11026710678364306,False
1982-03-07 04:00:00,0.0,0.07341199,0.05723703,0.030179825238883493,0.11108051818305957,False
1982-03-07 05:00:00,0.0,0.07024175,0.053120703,0.028787723422050476,0.11188706717240837,False
1982-03-07 06:00:00,0.0008980227,0.06684137,0.049521226,0.02785677137278253,0.11264371284440257,False
1982-03-07 07:00:00,0.051165074,0.06774424,0.049486823,0.057192160844802845,0.11335277283468899,False
1982-03-07 08:00:00,0.1737297,0.100201,0.07304653,0.14116072123497725,0.11421421224299659,False
1982-03-07 09:00:00,0.30681285,0.12073605,0.08801657,0.22633551229536533,0.11533987435137538,False
1982-03-07 10:00:00,0.41995072,0.135221,0.09857612,0.297531228736043,0.11660592026323385,False
1982-03-07 11:00:00,0.4986063,0.117090374,0.08535888,0.33551155950129036,0.11788055794978819,False
1982-03-07 12:00:00,0.5231703,0.110255,0.080375895,0.34689365312457077,0.11892770876065822,False
1982-03-07 13:00:00,0.49791414,0.12134072,0.08845738,0.3368478812128305,0.11974084931206264,False
1982-03-07 14:00:00,0.42553237,0.13747796,0.10022144,0.30167350450158115,0.12040679662493985,False
1982-03-07 15:00:00,0.3101067,0.147295,0.10921222,0.23918087702989577,0.12076187357467284,False
1982-03-07 16:00:00,0.17487438,0.12888567,0.09868729,0.1537904438972473,0.12080257284902964,False
1982-03-07 17:00:00,0.05071392,0.13601713,0.104775526,0.08511013024300337,0.12069871992708801,False
1982-03-07 18:00:00,0.0008826076,0.14636175,0.11328225,0.06063399297808064,0.1206186199380488,False
1982-03-07 19:00:00,0.0,0.14276415,0.10765218,0.058493189468979835,0.12051670755864573,False
1982-03-07 20:00:00,0.0,0.13007043,0.09605867,0.05318315778672695,0.1203094898299266,False
1982-03-07 21:00:00,0.0,0.11251673,0.082495436,0.045973427295684814,0.11999470109375644,False
1982-03-07 22:00:00,0.0,0.09468189,0.069161996,0.03867236477136612,0.11959053762442884,False
1982-03-07 23:00:00,0.0,0.09187822,0.06715783,0.0375295860171318,0.11917103137506158,False
1982-03-08 00:00:00,0.0,0.09061443,0.06638908,0.037021735019981857,0.11869850429705796,False
1982-03-08 01:00:00,0.0,0.0940194,0.06902846,0.03842069470882416,0.118164950062516,False
1982-03-08 02:00:00,0.0,0.09956084,0.07438186,0.04075457100570201,0.11760381802857839,False
1982-03-08 03:00:00,0.0,0.09797623,0.07466461,0.04018511771410704,0.11702506843592957,False
1982-03-08 04:00:00,0.0,0.096292965,0.07409395,0.03953317757695913,0.11648643710975985,False
1982-03-08 05:00:00,0.0,0.0915957,0.07081744,0.0376229557916522,0.11595848034385808,False
1982-03-08 06:00:00,0.001273978,0.08841021,0.068559654,0.03706067546037957,0.11546649404934824,False
1982-03-08 07:00:00,0.058183666,0.08964238,0.06895797,0.07037374520674348,0.11504376407453314,False
1982-03-08 08:00:00,0.19033629,0.091134906,0.06891398,0.14717417284846304,0.1147103969475393,False
1982-03-08 09:00:00,0.33001608,0.08833712,0.06504451,0.22652807810902595,0.11409926709447976,False
1982-03-08 10:00:00,0.44457886,0.07902805,0.057611443,0.288794367544353,0.113228915072712,False
1982-03-08 11:00:00,0.5149256,0.06858368,0.0499975,0.3251193144619465,0.11225239941280479,False
1982-03-08 12:00:00,0.53056645,0.062632605,0.04565917,0.3317138704806566,0.11127845364479803,False
1982-03-08 13:00:00,0.49695572,0.05711433,0.04167969,0.3100693427361548,0.10997726639387963,False
1982-03-08 14:00:00,0.41018233,0.054689534,0.04014008,0.25902320513129234,0.10828019239129333,False
1982-03-08 15:00:00,0.2948607,0.045921873,0.03412581,0.1889225835241377,0.10629073827826874,False
1982-03-08 16:00:00,0.16550718,0.041854605,0.031297002,0.11263203167170285,0.10431400034041755,False
1982-03-08 17:00:00,0.048084766,0.043975215,0.033348825,0.045772600818425414,0.10280141015316506,False
1982-03-08 18:00:00,0.0010432703,0.044152334,0.034159828,0.018738809066824617,0.10168408476461026,False
1982-03-08 19:00:00,0.0,0.041503668,0.030821279,0.01697920247912407,0.10060636145787799,False
1982-03-08 20:00:00,0.0,0.036655236,0.026749857,0.014970274362713098,0.09961727054664886,False
1982-03-08 21:00:00,0.0,0.032032143,0.02335143,0.013080838155001401,0.09880970200818052,False
1982-03-08 22:00:00,0.0,0.028189132,0.020549877,0.011511483041569591,0.09823770268904997,False
1982-03-08 23:00:00,0.0,0.024804132,0.018082213,0.010129164213314652,0.09789331996595507,False
1982-03-09 00:00:00,0.0,0.020859547,0.015206609,0.008518329709768296,0.09764931126815286,False
1982-03-09 01:00:00,0.0,0.017684063,0.012891682,0.007221570046618581,0.0974785246475695,False
1982-03-09 02:00:00,0.0,0.014266403,0.010400209,0.005825914118438959,0.09736615367411657,False
1982-03-09 03:00:00,0.0,0.012521721,0.009128335,0.005113445291295648,0.0972919284053242,False
1982-03-09 04:00:00,0.0,0.011846972,0.008636443,0.004837900475598872,0.0973738127051948,False
1982-03-09 05:00:00,0.0,0.012666043,0.0092335455,0.005172381285578012,0.09758904301646187,False
1982-03-09 06:00:00,0.001617605,0.01624125,0.011839871,0.007565732581657358,0.09800861921665281,False
1982-03-09 07:00:00,0.056682467,0.02077733,0.015146673,0.04119053874909877,0.09873869214097196,False
1982-03-09 08:00:00,0.17555012,0.025795659,0.018805036,0.11182648828811943,0.09987479336124071,False
1982-03-09 09:00:00,0.3001533,0.027843086,0.02029761,0.18455861525051295,0.10100124761119643,False
1982-03-09 10:00:00,0.40649286,0.03945504,0.028762724,0.25065847706049676,0.10236917444534759,False
1982-03-09 11:00:00,0.46583584,0.048914168,0.03565843,0.28876216263696547,0.1047310148941555,False
1982-03-09 12:00:00,0.45865446,0.048468873,0.03533381,0.2844366650804877,0.1080545320664424,False
1982-03-09 13:00:00,0.4111774,0.044418417,0.032381024,0.2553883290886879,0.1113666978597843,False
1982-03-09 14:00:00,0.3338587,0.03316446,0.024176892,0.20617970707640051,0.11407876877245028,False
1982-03-09 15:00:00,0.23124473,0.026616437,0.019403381,0.14429745601303876,0.11645827321559658,False
1982-03-09 16:00:00,0.12812164,0.017777989,0.012960155,0.08118611490912736,0.11920749385095047,False
1982-03-09 17:00:00,0.042709712,0.016735323,0.01221618,0.03147851159237325,0.12272054837953456,False
1982-03-09 18:00:00,0.000911709,0.020422705,0.015578522,0.008903274254931603,0.12685871580758132,False
1982-03-09 19:00:00,0.0,0.02677975,0.02102033,0.011016825729981064,0.13113263736629058,False
1982-03-09 20:00:00,0.0,0.034963,0.028120754,0.01441986794024706,0.13529782262967097,False
1982-03-09 21:00:00,0.0,0.044705387,0.037429113,0.018517459977418185,0.13936483766218777,False
1982-03-09 22:00:00,0.0,0.05331761,0.045699924,0.022141994062811136,0.14336322630812545,False
1982-03-09 23:00:00,0.0,0.06197468,0.05460208,0.02581716852262616,0.14720342741905376,False
1982-03-10 00:00:00,0.0,0.069170885,0.061109643,0.028823977231979367,0.1508013989106858,False
1982-03-10 01:00:00,0.0,0.07925403,0.07003982,0.03302688798308372,0.15424899468022527,False
1982-03-10 02:00:00,0.0,0.08934773,0.078193456,0.03719175810366869,0.15772520979562438,False
1982-03-10 03:00:00,0.0,0.10619964,0.09125737,0.0441155641078949,0.1612491184677802,False
1982-03-10 04:00:00,0.0,0.12013439,0.102493376,0.04986423251777887,0.16483491895823868,False
1982-03-10 05:00:00,0.0,0.13928214,0.117916755,0.05776261340081691,0.16865158627314855,False
1982-03-10 06:00:00,0.0020153143,0.17140193,0.14248197,0.07210417582769878,0.17281982501286441,False
1982-03-10 07:00:00,0.055420857,0.2247984,0.18478076,0.12490660377964377,0.177299473951849,False
1982-03-10 08:00:00,0.155856,0.26890403,0.22387923,0.2012439768463373,0.18207285749575328,False
1982-03-10 09:00:00,0.25522813,0.34967276,0.29430896,0.2921885661482811,0.18602846994220637,False
1982-03-10 10:00:00,0.33065704,0.5095033,0.43272,0.4021627090871334,0.19016923695931412,False
1982-03-10 11:00:00,0.36526963,0.6593126,0.5666891,0.484648138731718,0.1939222151614249,False
1982-03-10 12:00:00,0.3445556,0.7027578,0.60317844,0.4906978285610676,0.1976504574933078,False
1982-03-10 13:00:00,0.28111055,0.67018247,0.56945604,0.4402487465441227,0.20188621122774866,False
1982-03-10 14:00:00,0.20611097,0.61345387,0.51757246,0.37323941840231417,0.20640342447856952,False
1982-03-10 15:00:00,0.1306024,0.59294546,0.4950132,0.3208851740211248,0.2108608488467356,False
1982-03-10 16:00:00,0.06701606,0.5868022,0.4825996,0.2812586490437388,0.2150689323201532,False
1982-03-10 17:00:00,0.017324833,0.5675816,0.46241853,0.24440463736467063,0.21848985435391358,False
1982-03-10 18:00:00,0.00042245994,0.54170847,0.43986776,0.22388704388486802,0.22087757731679877,False
1982-03-10 19:00:00,0.0,0.525291,0.4273279,0.21690809512138365,0.2225759327353838,False
1982-03-10 20:00:00,0.0,0.5087766,0.41571164,0.21018699592351914,0.2240047157732,False
1982-03-10 21:00:00,0.0,0.49599543,0.40705886,0.20500349316000938,0.22526923381017272,False
1982-03-10 22:00:00,0.0,0.47415784,0.38660914,0.1958411363661289,0.22641805767609488,False
1982-03-10 23:00:00,0.0,0.44292653,0.3591094,0.18283179581165312,0.2275658796391611,False
1982-03-11 00:00:00,0.0,0.4215542,0.341656,0.17400292664766312,0.22845331731640484,False
1982-03-11 01:00:00,0.0,0.42125115,0.34515226,0.17407989558577536,0.22918281695541676,False
1982-03-11 02:00:00,0.0,0.42348465,0.34643877,0.17497353038191796,0.22972285761513497,False
1982-03-11 03:00:00,0.0,0.42957136,0.34666735,0.17723186883330344,0.23006251626337626,False
1982-03-11 04:00:00,0.0,0.4558433,0.3672547,0.18803793159127233,0.23015962778792465,False
1982-03-11 05:00:00,0.0,0.49710295,0.4040158,0.20524784079194067,0.23007477356043393,False
1982-03-11 06:00:00,0.0014089682,0.5385045,0.42718062,0.22258888165291865,0.2299137951202386,False
1982-03-11 07:00:00,0.034276996,0.6082143,0.48340812,0.27031294885650275,0.22962028240686108,False
1982-03-11 08:00:00,0.110645115,0.5777101,0.45701167,0.3016958857178688,0.22914461346158896,False
1982-03-11 09:00:00,0.20273185,0.6449846,0.5248118,0.3833154320716858,0.2287356144255227,False
1982-03-11 10:00:00,0.2945162,0.63223046,0.5106026,0.4308014307618141,0.2283614726734237,False
1982-03-11 11:00:00,0.36266252,0.6267684,0.50340694,0.4677177945673465,0.22743276821792882,False
1982-03-11 12:00:00,0.4117586,0.60632145,0.48954657,0.4877528443336486,0.22505845009196065,False
1982-03-11 13:00:00,0.39331904,0.5939691,0.4832385,0.472214565128088,0.22267432777554552,False
1982-03-11 14:00:00,0.33783287,0.5453962,0.44361687,0.4201360767483711,0.22096238199468218,False
1982-03-11 15:00:00,0.25059077,0.48865232,0.39596078,0.3462854627370834,0.2194926258139512,False
1982-03-11 16:00:00,0.14897732,0.38620338,0.31335944,0.2453903725296259,0.21816193257677816,False
1982-03-11 17:00:00,0.050302587,0.28265113,0.23641399,0.14608921381086112,0.21663294638027883,False
1982-03-11 18:00:00,0.0017780659,0.2151051,0.18564089,0.09042433434701526,0.214930275008374,False
1982-03-11 19:00:00,0.0,0.19117744,0.16766547,0.07959841154515743,0.21312051984077937,False
1982-03-11 20:00:00,0.0,0.180281,0.15913047,0.07511673371493816,0.21130934161848072,False
1982-03-11 21:00:00,0.0,0.17675345,0.15627748,0.07366100554168224,0.20941809690898902,False
1982-03-11 22:00:00,0.0,0.18538798,0.16350523,0.07723744828999042,0.20737841016395633,False
1982-03-11 23:00:00,0.0,0.16395944,0.14653967,0.06841417703032493,0.20524958258277423,False
1982-03-12 00:00:00,0.0,0.15306325,0.13628925,0.0638399599045515,0.20323768339181936,False
1982-03-12 01:00:00,0.0,0.14207551,0.12079587,0.05894883964955807,0.201352872293132,False
1982-03-12 02:00:00,0.0,0.12949069,0.10580202,0.05349537321925163,0.1994228014486531,False
1982-03-12 03:00:00,0.0,0.117974035,0.09712034,0.04877691728621721,0.19745655155243969,False
1982-03-12 04:00:00,0.0,0.11064146,0.091935776,0.04579122959822416,0.19539748624681183,False
1982-03-12 05:00:00,0.0,0.1210601,0.09934204,0.05003564827144146,0.193048919957752,False
1982-03-12 06:00:00,0.0029754008,0.13592155,0.11377234,0.058015565585577855,0.1902706243727977,False
1982-03-12 07:00:00,0.06083584,0.16172402,0.1351121,0.10207449440658092,0.187114010590262,False
1982-03-12 08:00:00,0.1742695,0.19623846,0.16012096,0.1816120231151581,0.18381858993529024,False
1982-03-12 09:00:00,0.28059497,0.27249005,0.21810429,0.2742297620475292,0.18135856687422836,False
1982-03-12 10:00:00,0.3384762,0.3939929,0.3129767,0.3575848952233791,0.1790979462770993,False
1982-03-12 11:00:00,0.36692503,0.38552412,0.30938378,0.3706808686852455,0.17650690103374414,False
1982-03-12 12:00:00,0.3500481,0.4217644,0.3453915,0.3762599573731422,0.1735724257065231,False
1982-03-12 13:00:00,0.30459762,0.44108674,0.36225033,0.3580753490626812,0.17048851597112905,False
1982-03-12 14:00:00,0.2237691,0.42033654,0.34207717,0.3026911217272282,0.16741605900218082,False
1982-03-12 15:00:00,0.14540133,0.41928688,0.3407125,0.25701189863681795,0.1646156398578484,False
1982-03-12 16:00:00,0.076746866,0.39637467,0.32077992,0.20786731161177158,0.16205832144266608,False
1982-03-12 17:00:00,0.025186185,0.3585136,0.2935642,0.16267641151323914,0.1602066959666336,False
1982-03-12 18:00:00,0.0012449919,0.32957116,0.27201256,0.13701879584032578,0.15916193531319492,False
1982-03-12 19:00:00,0.0,0.31406218,0.26078883,0.1299715404510498,0.15854254007588559,False
1982-03-12 20:00:00,0.0,0.288303,0.24117495,0.11940724986791611,0.15811333558771246,False
1982-03-12 21:00:00,0.0,0.25835374,0.21788888,0.1070985293984413,0.15777739733799778,False
1982-03-12 22:00:00,0.0,0.22540832,0.19410637,0.09365741246938705,0.1574638014451363,False
1982-03-12 23:00:00,0.0,0.20743005,0.17998049,0.08626063464581966,0.1571137053898298,False
1982-03-13 00:00:00,0.0,0.20077823,0.1749042,0.08353199391067029,0.1568951930326172,False
1982-03-13 01:00:00,0.0,0.19559632,0.17150837,0.08143649505078793,0.15675696631304406,False
1982-03-13 02:00:00,0.0,0.19351885,0.17009409,0.08059353536367415,0.15669854532803826,False
1982-03-13 03:00:00,0.0,0.18808357,0.16655362,0.07839673416316509,0.15673974291298023,False
1982-03-13 04:00:00,0.0,0.1806569,0.16008066,0.0753067497164011,0.15684987043791868,False
1982-03-13 05:00:00,0.0,0.17231785,0.15378457,0.07188965271413326,0.15697800229645753,False
1982-03-13 06:00:00,0.0039254604,0.16489461,0.1474133,0.07107142009120435,0.1570292221425795,False
1982-03-13 07:00:00,0.069840275,0.17246062,0.1517954,0.11213275741785765,0.1569885464935578,False
1982-03-13 08:00:00,0.18625692,0.18296263,0.15983944,0.18361477878689764,0.15688959457796833,False
1982-03-13 09:00:00,0.29490277,0.25237408,0.21334644,0.2748056434094906,0.15671670912588162,False
1982-03-13 10:00:00,0.37040338,0.2230349,0.1927524,0.3064312590807676,0.1563483594818366,False
1982-03-13 11:00:00,0.41576368,0.20929445,0.18032749,0.3268629788607359,0.15566964120209983,False
1982-03-13 12:00:00,0.43951476,0.20733677,0.17810917,0.33972517703473565,0.1553049390987508,False
1982-03-13 13:00:00,0.41696844,0.20266187,0.17340024,0.3247366306185722,0.1546871655168337,False
1982-03-13 14:00:00,0.35179037,0.19912237,0.1714215,0.2857159578204155,0.15378529856798076,False
1982-03-13 15:00:00,0.25542516,0.18321122,0.1583134,0.22353417880833149,0.15299048136929197,False
1982-03-13 16:00:00,0.14973196,0.16855274,0.14668602,0.1565123496800661,0.15198861534592534,False
1982-03-13 17:00:00,0.05256889,0.15753213,0.13850182,0.09594070244580506,0.15071068617121156,False
1982-03-13 18:00:00,0.0025375832,0.14186843,0.12740237,0.060693362956168125,0.14925543420158163,False
1982-03-13 19:00:00,0.0,0.1411014,0.12833662,0.05899659611284733,0.14774119086990448,False
1982-03-13 20:00:00,0.0,0.14104575,0.12862623,0.05899169772863388,0.1464070514753306,False
1982-03-13 21:00:00,0.0,0.14018427,0.12741496,0.05860840268433094,0.1453458660837108,False
1982-03-13 22:00:00,0.0,0.14490202,0.12896281,0.0604328376352787,0.144583513494193,False
1982-03-13 23:00:00,0.0,0.13910295,0.12215917,0.05792558388411998,0.14421776678560616,False
1982-03-14 00:00:00,0.0,0.13743594,0.120207675,0.05720507736504078,0.14391862430570962,False
1982-03-14 01:00:00,0.0,0.13495491,0.1175235,0.05614463236927986,0.14360801451055646,False
1982-03-14 02:00:00,0.0,0.13343017,0.11550232,0.05547285729646683,0.1433357804208839,False
1982-03-14 03:00:00,0.0,0.13041629,0.109989405,0.05406303848326206,0.1430854381048897,False
1982-03-14 04:00:00,0.0,0.12553102,0.10408543,0.0519415588080883,0.14288648332896026,False
1982-03-14 05:00:00,0.0,0.1267891,0.105722696,0.05249420088529587,0.14274042303355725,False
1982-03-14 06:00:00,0.0037965782,0.12956348,0.1122886,0.05606313443253748,0.14267684411311837,False
1982-03-14 07:00:00,0.06824382,0.13893832,0.12370147,0.09732480245828629,0.14275551485051988,False
1982-03-14 08:00:00,0.18282272,0.16278337,0.14366202,0.1733135214149952,0.14301826941329643,False
1982-03-14 09:00:00,0.3004263,0.20030934,0.17201586,0.25654897913336755,0.14330072341439282,False
1982-03-14 10:00:00,0.3870744,0.24531214,0.20637599,0.32500641779601575,0.1437299754968748,False
1982-03-14 11:00:00,0.4351848,0.24644218,0.20622905,0.35317516772449015,0.1452719515218924,False
1982-03-14 12:00:00,0.4320465,0.23508868,0.19570874,0.3466068254411221,0.14755714792834873,False
1982-03-14 13:00:00,0.3931974,0.2123532,0.17689838,0.31478573551774025,0.15003799140064325,False
1982-03-14 14:00:00,0.32433608,0.18693694,0.15589342,0.2645398961901665,0.15218681703429326,False
1982-03-14 15:00:00,0.23450336,0.17766988,0.14914268,0.20892232951521872,0.15404945599209174,False
1982-03-14 16:00:00,0.13802439,0.16110834,0.13773443,0.14652671122550964,0.1554757101074696,False
1982-03-14 17:00:00,0.052116893,0.15066677,0.1325339,0.092824316971004,0.15622353474779332,False
1982-03-14 18:00:00,0.0025326563,0.15075351,0.13418013,0.06433511591982095,0.15650511545159201,False
1982-03-14 19:00:00,0.0,0.15818854,0.1400237,0.06593284951150417,0.15677683072846177,False
1982-03-14 20:00:00,0.0,0.16434634,0.14493616,0.06847035107016564,0.15731192476611378,False
1982-03-14 21:00:00,0.0,0.1692119,0.14937808,0.07050560510158539,0.1581004615913311,False
1982-03-14 22:00:00,0.0,0.18268788,0.16092117,0.07610157045722007,0.15911190693389418,False
1982-03-14 23:00:00,0.0,0.1727321,0.15117872,0.07190179561078548,0.1604434656885618,False
1982-03-15 00:00:00,0.0,0.16497754,0.14344469,0.06862272374331951,0.161800581947265,False
1982-03-15 01:00:00,0.0,0.16425158,0.14371158,0.06836925874650478,0.16324608149688483,False
1982-03-15 02:00:00,0.0,0.16475125,0.14414619,0.06857710419595242,0.16488208430755677,False
1982-03-15 03:00:00,0.0,0.1652955,0.14542346,0.06884690491855144,0.16669168753113392,False
1982-03-15 04:00:00,0.0,0.16370685,0.14607456,0.06829585553705692,0.16864665631606968,False
1982-03-15 05:00:00,0.0,0.16494386,0.1476589,0.06883786453306676,0.17080461631372365,False
1982-03-15 06:00:00,0.005636132,0.17171708,0.15244381,0.07484761548647656,0.17294861959881871,False
1982-03-15 07:00:00,0.08340812,0.184024,0.1613636,0.12474497643113136,0.17497772035847695,False
1982-03-15 08:00:00,0.22014298,0.16836125,0.14860693,0.19717257083952427,0.1768039164016082,False
1982-03-15 09:00:00,0.35730392,0.21469685,0.1855971,0.29540974336862563,0.1780426054411316,False
1982-03-15 10:00:00,0.47032043,0.2621157,0.22871351,0.38044610828161235,0.1786210815131102,False
1982-03-15 11:00:00,0.54028624,0.29971504,0.26319247,0.43655240637063975,0.178263256978622,False
1982-03-15 12:00:00,0.5566463,0.33112246,0.2858624,0.4588056637048721,0.17805886501949866,False
1982-03-15 13:00:00,0.51368886,0.3173876,0.26603258,0.4278802610337734,0.17819572979777396,False
1982-03-15 14:00:00,0.4450278,0.28636682,0.23467095,0.37512262779474254,0.17853932947796425,False
1982-03-15 15:00:00,0.3403766,0.23167844,0.1871804,0.29199437634646896,0.17908042743187982,False
1982-03-15 16:00:00,0.21105751,0.17095618,0.13972068,0.19240793241560458,0.17970264205933204,False
1982-03-15 17:00:00,0.077121496,0.15747881,0.12681097,0.10945657622814177,0.1802210523968,False
1982-03-15 18:00:00,0.00405996,0.17318824,0.13864146,0.07373569624591618,0.18054803537584185,False
1982-03-15 19:00:00,0.0,0.20499443,0.16737346,0.08468110992014408,0.18066633571842494,False
1982-03-15 20:00:00,0.0,0.23444654,0.19130911,0.0968414653390646,0.18066083830194357,False
1982-03-15 21:00:00,0.0,0.25913757,0.21362992,0.1071577791273594,0.1805907037581298,False
1982-03-15 22:00:00,0.0,0.3004488,0.24966757,0.1243476578593254,0.18054215731443646,False
1982-03-15 23:00:00,0.0,0.29745564,0.24640803,0.12306716430187226,0.18059138489393325,False
1982-03-16 00:00:00,0.0,0.3058333,0.25438082,0.12658905574679374,0.18066275225365344,False
1982-03-16 01:00:00,0.0,0.32505286,0.2727456,0.1346727672815323,0.1807377151369098,False
1982-03-16 02:00:00,0.0,0.3432528,0.29025048,0.14233381202816964,0.18074928672862978,False
1982-03-16 03:00:00,0.0,0.35662615,0.30197203,0.14790154016017915,0.18071737301507773,False
1982-03-16 04:00:00,0.0,0.3751423,0.31659496,0.15552363869547842,0.18063156342385145,False
1982-03-16 05:00:00,0.0,0.37559047,0.31136063,0.15540635856986046,0.18046855069296242,False
1982-03-16 06:00:00,0.0072735595,0.36107475,0.2967879,0.15345997089613228,0.18020651641553076,False
1982-03-16 07:00:00,0.07366918,0.3446396,0.28339043,0.18498221252858638,0.17983002712213783,False
1982-03-16 08:00:00,0.16762897,0.32899985,0.27125433,0.2327705953121185,0.1791109076194407,False
1982-03-16 09:00:00,0.26060098,0.3236832,0.26870298,0.28431583058834076,0.17793668665730122,False
1982-03-16 10:00:00,0.33093464,0.2821228,0.23663409,0.30783084014058115,0.17575110099706215,False
1982-03-16 11:00:00,0.38304928,0.29567337,0.24521196,0.3433643536865711,0.17208556453876855,False
1982-03-16 12:00:00,0.39692622,0.30070502,0.24425468,0.353176334798336,0.16739278420240344,False
1982-03-16 13:00:00,0.36462808,0.29346657,0.23331401,0.3312785201668739,0.16257164044190234,False
1982-03-16 14:00:00,0.31227222,0.2680131,0.21175364,0.2905125979781151,0.15828018551918405,False
1982-03-16 15:00:00,0.24719298,0.23353975,0.18485402,0.23878863163292408,0.15449980641103075,False
1982-03-16 16:00:00,0.15573248,0.19767001,0.1594913,0.17141040742397307,0.15149674983967754,False
1982-03-16 17:00:00,0.060489915,0.177956,0.14724176,0.10851949996501208,0.14946960567489923,False
1982-03-16 18:00:00,0.0035636807,0.1640798,0.13725634,0.07001353236380964,0.14808228428903383,False
1982-03-16 19:00:00,0.0,0.15869965,0.13164452,0.06566897352039813,0.14680907532285586,False
1982-03-16 20:00:00,0.0,0.15733446,0.13050883,0.0651038929671049,0.1452559928711659,False
1982-03-16 21:00:00,0.0,0.16479136,0.13643266,0.06817537580430508,0.14344148170835494,False
1982-03-16 22:00:00,0.0,0.18944986,0.15847214,0.07846449427306652,0.14142995302091974,False
1982-03-16 23:00:00,0.0,0.18156186,0.1542797,0.07532742887735366,0.1390327070214941,False
1982-03-17 00:00:00,0.0,0.17384902,0.14945658,0.07222094213962554,0.13664554953520805,False
1982-03-17 01:00:00,0.0,0.16575055,0.1437545,0.06892469514906406,0.13419417904589012,False
1982-03-17 02:00:00,0.0,0.16111955,0.14059503,0.06704524594545364,0.13162301315312894,False
1982-03-17 03:00:00,0.0,0.15533623,0.13720325,0.06472804453969001,0.12892613261627653,False
1982-03-17 04:00:00,0.0,0.14503673,0.12875356,0.06047124445438385,0.1261446725618249,False
1982-03-17 05:00:00,0.0,0.13493262,0.119816326,0.05626021921634674,0.12323749665768503,False
1982-03-17 06:00:00,0.006757313,0.12694074,0.11177826,0.05677612940361723,0.1203820403210508,False
1982-03-17 07:00:00,0.0667345,0.124476105,0.10721761,0.09022724030166863,0.1176642409029009,False
1982-03-17 08:00:00,0.14664179,0.13553229,0.11455993,0.14080996465682982,0.11494958461711452,False
1982-03-17 09:00:00,0.21553606,0.15993315,0.13188878,0.19050163167715073,0.11228309273501506,False
1982-03-17 10:00:00,0.25438237,0.13990405,0.1129099,0.2045003582835197,0.10960193370995691,False
1982-03-17 11:00:00,0.27654034,0.12590691,0.097694874,0.21129895022511483,0.1070696461232437,False
1982-03-17 12:00:00,0.31093508,0.11706961,0.08856548,0.2273907632008195,0.104287984078197,False
1982-03-17 13:00:00,0.3071032,0.10932653,0.08056292,0.2218904247432947,0.10160131013982265,False
1982-03-17 14:00:00,0.27252913,0.089172766,0.06500694,0.19366443060338495,0.09911549254086756,False
1982-03-17 15:00:00,0.20644477,0.070351176,0.051286012,0.14784766092151402,0.09682737416338442,False
1982-03-17 16:00:00,0.1290977,0.05048324,0.036802284,0.09510501250624656,0.09447072456865373,False
1982-03-17 17:00:00,0.05001635,0.034296967,0.025002487,0.042865149706602095,0.0926666316967748,False
1982-03-17 18:00:00,0.0039162976,0.025374204,0.018497795,0.012621665869373827,0.09121803360652601,False
1982-03-17 19:00:00,0.0,0.024813898,0.018089332,0.01013315223902464,0.08997636590977583,False
1982-03-17 20:00:00,0.0,0.023863224,0.017396292,0.009744929524138569,0.08878049458968836,False
1982-03-17 21:00:00,0.0,0.025967887,0.018930592,0.010604402130469679,0.08760415772556245,False
1982-03-17 22:00:00,0.0,0.022724345,0.016566046,0.009279849886894226,0.08636855571226133,False
1982-03-17 23:00:00,0.0,0.020774513,0.01514462,0.008483604960143566,0.08491288140600463,False
1982-03-18 00:00:00,0.0,0.021851163,0.0159295,0.008923272259533405,0.08353238905591807,False
1982-03-18 01:00:00,0.0,0.02756548,0.020095233,0.011256804428994656,0.08220873988173354,False
1982-03-18 02:00:00,0.0,0.031549018,0.022999234,0.012883546259254218,0.08093071820550049,False
1982-03-18 03:00:00,0.0,0.035241567,0.025691101,0.014391457546502352,0.07967345229208386,False
1982-03-18 04:00:00,0.0,0.039129592,0.028525475,0.01597919529676437,0.07846463387015193,False
1982-03-18 05:00:00,0.0,0.04489695,0.0329163,0.018344454411417244,0.07736118992974898,False
1982-03-18 06:00:00,0.0055190925,0.0484883,0.035720363,0.0230055988249369,0.07636000218775972,False
1982-03-18 07:00:00,0.05480482,0.0562276,0.04274714,0.05467871081084012,0.07542554131825449,False
1982-03-18 08:00:00,0.13421072,0.06649012,0.051936008,0.10477898497134447,0.07441256887527799,False
1982-03-18 09:00:00,0.22151288,0.06746198,0.05395911,0.15562019738554955,0.07337009129525777,False
1982-03-18 10:00:00,0.29001567,0.04595783,0.03673253,0.18628103597834705,0.07224082861763109,False
1982-03-18 11:00:00,0.33076015,0.04592307,0.037969552,0.20984457552433014,0.07176331461515893,False
1982-03-18 12:00:00,0.35640085,0.04498421,0.036546726,0.22421598575636742,0.07180417823768215,False
1982-03-18 13:00:00,0.3378433,0.04151582,0.03156212,0.21195927541702983,0.07173490670478587,False
1982-03-18 14:00:00,0.28794268,0.035588358,0.026071979,0.18068291585892438,0.07161214146867854,False
1982-03-18 15:00:00,0.19978257,0.025454888,0.018556615,0.1256694510858506,0.07156160882348188,False
1982-03-18 16:00:00,0.13329653,0.01934992,0.01410609,0.08481394957378505,0.07161224464233958,False
1982-03-18 17:00:00,0.054459386,0.01852193,0.013502487,0.03898679163306952,0.07170756169439597,False
1982-03-18 18:00:00,0.0046884925,0.01887577,0.013760435,0.010413482919801025,0.0717513734789875,False
1982-03-18 19:00:00,0.0,0.020244462,0.014758213,0.008267150156199932,0.0716633515703336,False
1982-03-18 20:00:00,0.0,0.021156814,0.015423317,0.008639723489060997,0.07154656346365415,False
1982-03-18 21:00:00,0.0,0.021706067,0.015869267,0.00886647916585207,0.07144771620691359,False
1982-03-18 22:00:00,0.0,0.021038625,0.015349533,0.008592127572745085,0.07134646219441972,False
1982-03-18 23:00:00,0.0,0.022195276,0.016180357,0.009063796073198318,0.0713034589477659,False
1982-03-19 00:00:00,0.0,0.0212696,0.015505538,0.008685781778767705,0.07130037286862104,False
1982-03-19 01:00:00,0.0,0.018560935,0.013530921,0.007579654689878225,0.0713197639025359,False
1982-03-19 02:00:00,0.0,0.016398236,0.011954314,0.00669648210145533,0.07136252726540739,False
1982-03-19 03:00:00,0.0,0.016418507,0.011969094,0.0067047602869570256,0.07143673235476787,False
1982-03-19 04:00:00,0.0,0.018371169,0.013462484,0.007505935315042734,0.07156776010846558,False
1982-03-19 05:00:00,0.0,0.020087881,0.014644065,0.008203207600861788,0.07176537991753618,False
1982-03-19 06:00:00,0.005336704,0.021653932,0.015785715,0.011922007667366414,0.07203796665413144,False
1982-03-19 07:00:00,0.051582698,0.028996896,0.021138737,0.04160456303879618,0.07231708764666102,False
1982-03-19 08:00:00,0.13212612,0.03559128,0.025946043,0.09077104081586003,0.07254539521644855,False
1982-03-19 09:00:00,0.20667082,0.041746765,0.030433392,0.13629702315106987,0.07265152031696433,False
1982-03-19 10:00:00,0.28400862,0.043359905,0.03160937,0.18157968616485595,0.07277795732022295,False
1982-03-19 11:00:00,0.34229583,0.038582332,0.028126521,0.2132604041062295,0.07313685411363251,False
1982-03-19 12:00:00,0.36372268,0.0347672,0.025345288,0.22406572962179777,0.07347973211832376,False
1982-03-19 13:00:00,0.3547139,0.027739285,0.020221937,0.21599769341014324,0.07357550265827248,False
1982-03-19 14:00:00,0.31556955,0.022419186,0.016343586,0.1912388636339456,0.07364138174089015,False
1982-03-19 15:00:00,0.24581464,0.020675411,0.015072375,0.1502781802266836,0.07360067145946468,False
1982-03-19 16:00:00,0.16144162,0.015986674,0.011654284,0.09968023100495338,0.0737942823377767,False
1982-03-19 17:00:00,0.06962256,0.0117441155,0.00856146,0.04496811536699533,0.0738277099975093,False
1982-03-19 18:00:00,0.0065521044,0.011303708,0.008240404,0.008396614253986627,0.07387680605792162,False
1982-03-19 19:00:00,0.0,0.011086435,0.008082011,0.004527323118411005,0.07387695887384076,False
1982-03-19 20:00:00,0.0,0.012244558,0.008926284,0.005000261200591922,0.07383598121152797,False
1982-03-19 21:00:00,0.0,0.014066326,0.010254353,0.005744209530763328,0.07376402245510441,False
1982-03-19 22:00:00,0.0,0.017669674,0.012881191,0.007215694047510624,0.07367422702008232,False
1982-03-19 23:00:00,0.0,0.02041177,0.01488018,0.008335473161190748,0.07357222593205122,False
1982-03-20 00:00:00,0.0,0.024130417,0.017591074,0.009854041887447236,0.0734336527474709,False
1982-03-20 01:00:00,0.0,0.032591954,0.023759535,0.013309445846825838,0.07328702144469322,False
1982-03-20 02:00:00,0.0,0.040271204,0.029357709,0.01644539054855704,0.07315682800468246,False
1982-03-20 03:00:00,0.0,0.05064278,0.036918584,0.02068078972399235,0.07304312762532687,False
1982-03-20 04:00:00,0.0,0.062358145,0.045459088,0.025464946132153273,0.07292851915071266,False
1982-03-20 05:00:00,0.0,0.076827176,0.057025738,0.031428617767989636,0.07279600407151636,False
1982-03-20 06:00:00,0.007942374,0.077774145,0.057814766,0.03640340646635741,0.07264901377998946,False
1982-03-20 07:00:00,0.054087114,0.084278375,0.061675727,0.06563747416064143,0.07253335664683248,False
1982-03-20 08:00:00,0.12467855,0.09288641,0.06774777,0.10987298979610205,0.07249297177904125,False
1982-03-20 09:00:00,0.21110171,0.09757952,0.07178972,0.1616891735419631,0.07250854210549727,False
1982-03-20 10:00:00,0.28109854,0.10086526,0.07583224,0.20350808206200596,0.07251241630212941,False
1982-03-20 11:00:00,0.32743683,0.091347896,0.06785727,0.22630271974951027,0.07259940297288019,False
1982-03-20 12:00:00,0.3394306,0.080681875,0.059072282,0.22881297167390585,0.07243934041389238,False
1982-03-20 13:00:00,0.3276744,0.063799016,0.046509482,0.21512147138267754,0.07220489425098149,False
1982-03-20 14:00:00,0.27270776,0.05234629,0.038160443,0.178728822350502,0.07178661488563126,False
1982-03-20 15:00:00,0.20341691,0.043077078,0.03140319,0.13496277324482797,0.0713907911984812,False
1982-03-20 16:00:00,0.12526941,0.034620967,0.025238689,0.08641847724094986,0.07092448165355496,False
1982-03-20 17:00:00,0.05363184,0.02546204,0.018561829,0.04134340253286063,0.07058180155455186,False
1982-03-20 18:00:00,0.004780234,0.018764107,0.013679034,0.010420818083919583,0.07040356169055538,False
1982-03-20 19:00:00,0.0,0.015427882,0.011246925,0.006300222365185618,0.07032778021526846,False
1982-03-20 20:00:00,0.0,0.012698665,0.009257328,0.005185703180730343,0.07025688634607158,False
1982-03-20 21:00:00,0.0,0.011157389,0.008133737,0.00455629828479141,0.07016904227007999,False
1982-03-20 22:00:00,0.0,0.009050889,0.0065980987,0.00369607534725219,0.0700612078136497,False
1982-03-20 23:00:00,0.0,0.0059071598,0.0043063196,0.0024122832133434717,0.06991951828180262,False
1982-03-21 00:00:00,0.0,0.0040343204,0.0029410191,0.0016474792454391717,0.06975167214958727,False
1982-03-21 01:00:00,0.0,0.0032577873,0.0023749268,0.0013303695693612097,0.0695509709702661,False
1982-03-21 02:00:00,0.0,0.0030337097,0.0022115742,0.0012388638923875987,0.0692792231480731,False
1982-03-21 03:00:00,0.0,0.0029472422,0.0021485393,0.0012035535054747014,0.06894374881896383,False
1982-03-21 04:00:00,0.0,0.0028043753,0.0020443897,0.0011452115136198699,0.06852024027996104,False
1982-03-21 05:00:00,0.0,0.0028104044,0.0020487849,0.0011476736075710504,0.06799646518760946,False
1982-03-21 06:00:00,0.00873249,0.0032613352,0.0023775133,0.0063704652758315205,0.06734994319352208,False
1982-03-21 07:00:00,0.065093435,0.005160021,0.0037616554,0.03966608938481658,0.06674119273872438,False
1982-03-21 08:00:00,0.15401848,0.006488678,0.004730246,0.09151841648574918,0.06630336645041819,False
1982-03-21 09:00:00,0.23369731,0.0040151156,0.002927019,0.1364829845894128,0.06605120577306654,False
1982-03-21 10:00:00,0.32004678,0.002664406,0.0019423522,0.18575504636089316,0.0659106862709498,False
1982-03-21 11:00:00,0.35489815,0.0019618822,0.001430212,0.20557740127481516,0.06590101361955743,False
1982-03-21 12:00:00,0.36765873,0.0016485802,0.001201815,0.2128123138020746,0.06604497791242946,False
1982-03-21 13:00:00,0.33822772,0.0018681525,0.0013618831,0.19592028387333266,0.06632812130670203,False
1982-03-21 14:00:00,0.29696062,0.0021868807,0.001594236,0.17223932665074243,0.0669352118804672,False
1982-03-21 15:00:00,0.21980046,0.0026213205,0.0019109425,0.1278953220702242,0.06747493314165083,False
1982-03-21 16:00:00,0.14228,0.0027818861,0.002027995,0.08323158625280483,0.06787051439541629,False
1982-03-21 17:00:00,0.060702816,0.0033966522,0.0024761595,0.036412601895164695,0.06819448437828148,False
1982-03-21 18:00:00,0.005889343,0.0033326782,0.0024295223,0.004759103440213948,0.06826075944522982,False
1982-03-21 19:00:00,0.0,0.002753455,0.0020072688,0.00112441739696078,0.06815160352662733,False
1982-03-21 20:00:00,0.0,0.0019192233,0.0013991137,0.0007837455529952421,0.06803981533594433,False
1982-03-21 21:00:00,0.0,0.0013912902,0.0010142506,0.0005681556221097708,0.06795165113444328,False
1982-03-21 22:00:00,0.0,0.0010152572,0.0007401224,0.0004145965188508853,0.06787381688658443,False
1982-03-21 23:00:00,0.0,0.0006828649,0.0004978085,0.00027885881485417485,0.06780856525451473,False
1982-03-22 00:00:00,0.0,0.0005396759,0.00039342372,0.00022038528003031388,0.06776543743743478,False
1982-03-22 01:00:00,0.0,0.00065027544,0.00047405082,0.0002655503815622069,0.06773489151813793,False
1982-03-22 02:00:00,0.0,0.000839009,0.00061163754,0.0003426227513118647,0.06770976843069786,False
1982-03-22 03:00:00,0.0,0.00086290203,0.0006290556,0.00035237985185813156,0.06768710685660391,False
1982-03-22 04:00:00,0.0,0.0007927734,0.0005779319,0.000323741699277889,0.06766671660702979,False
1982-03-22 05:00:00,0.0,0.0009686459,0.0007061428,0.00039556205179542306,0.06764957290978474,False
1982-03-22 06:00:00,0.011463036,0.0013938794,0.0010161381,0.007183384636067785,0.06763546634794021,False
1982-03-22 07:00:00,0.075938515,0.0019719785,0.0014375723,0.04462181232194416,0.06769873149502074,False
1982-03-22 08:00:00,0.1681303,0.0018564179,0.0013533287,0.09776927728322334,0.06810121318259123,False
1982-03-22 09:00:00,0.26741743,0.0015779468,0.0011503231,0.15494423744035885,0.06882311297508502,False
1982-03-22 10:00:00,0.35086802,0.0014520045,0.0010585113,0.2030437947951723,0.07010145506493361,False
1982-03-22 11:00:00,0.4032685,0.0012907275,0.00094094034,0.23321300580736715,0.07157076675076368,False
1982-03-22 12:00:00,0.41913998,0.001371528,0.0009998438,0.2424038545989897,0.07332070194790315,False
1982-03-22 13:00:00,0.42238247,0.0013398066,0.000976719,0.24426181892340537,0.07488875402996376,False
1982-03-22 14:00:00,0.35340878,0.001759634,0.0012827733,0.20463544288731647,0.07655010276733744,False
1982-03-22 15:00:00,0.26502454,0.0025259503,0.0018414177,0.15395067342557014,0.07791738396967103,False
1982-03-22 16:00:00,0.1748148,0.0026958506,0.001965275,0.10196903641847893,0.07929261727550747,False
1982-03-22 17:00:00,0.0757473,0.0020041128,0.0014609982,0.04452460574638098,0.08016807851286703,False
1982-03-22 18:00:00,0.007470066,0.0021331497,0.0015550662,0.005181333991000428,0.08059017601460976,False
1982-03-22 19:00:00,0.0,0.002288117,0.0016680373,0.0009343892124015837,0.08069065308957148,False
1982-03-22 20:00:00,0.0,0.0023357025,0.0017027273,0.000953821508679539,0.0807436415583427,False
1982-03-22 21:00:00,0.0,0.0020086255,0.0014642882,0.0008202543875668198,0.08079654377682824,False
1982-03-22 22:00:00,0.0,0.0013811067,0.0010068268,0.0005639970079064369,0.08084491227734476,False
1982-03-22 23:00:00,0.0,0.0008378464,0.00061079004,0.00034214799350593236,0.08090442747783459,False
1982-03-23 00:00:00,0.0,0.00044390355,0.0003236057,0.0001812751191901043,0.080956067941391,False
1982-03-23 01:00:00,0.0,0.00030477898,0.00022218387,0.0001244613722374197,0.0809958220635847,False
1982-03-23 02:00:00,0.0,0.00037003163,0.00026975304,0.00015110833587823435,0.0810353301312564,False
1982-03-23 03:00:00,0.0,0.0005505393,0.0004013431,0.00022482152591692285,0.08107375674842775,False
1982-03-23 04:00:00,0.0,0.0007892774,0.00057538325,0.0003223140458576381,0.0811148013933446,False
1982-03-23 05:00:00,0.0,0.0011522963,0.00084002403,0.00047055863903369753,0.0811573377397574,False
1982-03-23 06:00:00,0.015099786,0.0017009636,0.0012400022,0.00940719233569689,0.0811931731897778,False
1982-03-23 07:00:00,0.100205325,0.0028570893,0.0020828177,0.05898521038820036,0.08135502276819102,False
1982-03-23 08:00:00,0.21224825,0.009066293,0.006609327,0.12616960652545092,0.08204896668045626,False
1982-03-23 09:00:00,0.32848108,0.020348959,0.01483439,0.19784340490214525,0.0833843227955045,False
1982-03-23 10:00:00,0.42010102,0.03399823,0.024784708,0.25628200728073713,0.08525818039911663,False
1982-03-23 11:00:00,0.47959903,0.03145622,0.022931585,0.2895742907375097,0.08758476970618047,False
1982-03-23 12:00:00,0.47855198,0.029273542,0.021340411,0.2880788137409836,0.09023024095456572,False
1982-03-23 13:00:00,0.45793664,0.02800326,0.020414375,0.27566502326726916,0.09299818748839055,False
1982-03-23 14:00:00,0.3899931,0.03144925,0.022926506,0.2378688243627548,0.09543504682281423,False
1982-03-23 15:00:00,0.31301603,0.032559697,0.023736019,0.1939065207503736,0.09788626611794878,False
1982-03-23 16:00:00,0.19949174,0.024847789,0.018114038,0.12525372564606368,0.0999457354106264,False
1982-03-23 17:00:00,0.08964411,0.0121181235,0.008834111,0.05667328197881579,0.1013184622030281,False
1982-03-23 18:00:00,0.010128609,0.009153053,0.0066725756,0.009582003038376568,0.10213699348785477,False
1982-03-23 19:00:00,0.0,0.008981805,0.006547736,0.0036678638979792595,0.10259417773560009,False
1982-03-23 20:00:00,0.0,0.008137436,0.0059321905,0.003323052040301263,0.10301030767731746,False
1982-03-23 21:00:00,0.0,0.007076602,0.005158843,0.002889843646902591,0.1034392594094624,False
1982-03-23 22:00:00,0.0,0.00801077,0.0058398508,0.0032713261423632503,0.10388747799138393,False
1982-03-23 23:00:00,0.0,0.0067527685,0.004922768,0.0027576010655611756,0.10441374960237036,False
1982-03-24 00:00:00,0.0,0.0052124397,0.0037998685,0.002128583145327866,0.10493155579401527,False
1982-03-24 01:00:00,0.0,0.0052941176,0.0038594117,0.0021619376298040154,0.10544511274448622,False
1982-03-24 02:00:00,0.0,0.005355736,0.003904331,0.0021871003755368295,0.1059703818588822,False
1982-03-24 03:00:00,0.0,0.005687356,0.0041460823,0.0023225228078663346,0.10648407571681662,False
1982-03-24 04:00:00,0.0,0.0057925642,0.00422278,0.0023654863270930943,0.1069792299305335,False
1982-03-24 05:00:00,0.0,0.0051808027,0.003776805,0.0021156636527739463,0.10747565420048329,False
1982-03-24 06:00:00,0.02160945,0.0060815834,0.004433474,0.014952164399903267,0.10796947733855165,False
1982-03-24 07:00:00,0.12944208,0.007941502,0.005789355,0.07793112011067568,0.10854409148249657,False
1982-03-24 08:00:00,0.2704901,0.014187218,0.0103424825,0.16186637080553917,0.10937622517504514,False
1982-03-24 09:00:00,0.40862662,0.022312937,0.016266132,0.24488940241374071,0.11050910235795908,False
1982-03-24 10:00:00,0.5228528,0.031917516,0.023267869,0.31472008153423664,0.11181627001207882,False
1982-03-24 11:00:00,0.5971234,0.03833677,0.027947504,0.36019562572985886,0.11334748102062941,False
1982-03-24 12:00:00,0.61850476,0.045028333,0.032825656,0.37526528822258115,0.11494211321236815,False
1982-03-24 13:00:00,0.58963007,0.05146001,0.037514348,0.3612310669757426,0.11683654294040768,False
1982-03-24 14:00:00,0.51799464,0.057328623,0.041792568,0.32229396905377505,0.1185975880711535,False
1982-03-24 15:00:00,0.39606228,0.05944144,0.04339574,0.25280519947409624,0.1202558790215797,False
1982-03-24 16:00:00,0.25429082,0.05163283,0.038548257,0.16785992245376108,0.12145081810973368,False
1982-03-24 17:00:00,0.11256102,0.046002403,0.035028033,0.08381410741806031,0.12239731010226161,False
1982-03-24 18:00:00,0.012938304,0.04789517,0.036804788,0.027126177882775666,0.12303584766758545,False
1982-03-24 19:00:00,0.0,0.050901964,0.039366696,0.020908626414835454,0.12347123323844685,False
1982-03-24 20:00:00,0.0,0.05243664,0.04063676,0.021543504651635886,0.12388011380818613,False
1982-03-24 21:00:00,0.0,0.054294277,0.04259552,0.022334746319800612,0.12430884935419713,False
1982-03-24 22:00:00,0.0,0.06255383,0.050790202,0.025825034335255622,0.12475115688594347,False
1982-03-24 23:00:00,0.0,0.06109145,0.04915001,0.025196845192462205,0.12526387166349273,False
1982-03-25 00:00:00,0.0,0.06021195,0.048403695,0.024832008741796016,0.12573052215705216,False
1982-03-25 01:00:00,0.0,0.061331693,0.050110817,0.02533737886324525,0.12615701217758293,False
1982-03-25 02:00:00,0.0,0.060108606,0.048672926,0.02480841351673007,0.12653983712249725,False
1982-03-25 03:00:00,0.0,0.058134057,0.047051053,0.023992223784327506,0.12689297114857878,False
1982-03-25 04:00:00,0.0,0.058493424,0.04752973,0.024150679003447296,0.12722321210834603,False
1982-03-25 05:00:00,1.354223e-06,0.05846988,0.048109297,0.024174069266315087,0.12752905392711805,False
1982-03-25 06:00:00,0.022031045,0.0586794,0.048593715,0.03698867124505341,0.12783957039283855,False
1982-03-25 07:00:00,0.12808272,0.060533218,0.04976184,0.09892762763053177,0.12821314573621062,False
1982-03-25 08:00:00,0.26730922,0.06383895,0.0509948,0.18054771130532024,0.1287347534623633,False
1982-03-25 09:00:00,0.40596157,0.06415629,0.049517684,0.2605874522998929,0.12935537809530656,False
1982-03-25 10:00:00,0.52437717,0.066147365,0.05196542,0.3297801356911659,0.12998224380384737,False
1982-03-25 11:00:00,0.5891689,0.06376568,0.048826672,0.36611663594096894,0.1305403440186963,False
1982-03-25 12:00:00,0.6100986,0.06558361,0.051559195,0.3790114406868815,0.1310042288039244,False
1982-03-25 13:00:00,0.5758105,0.067842156,0.054051485,0.3601951895430684,0.13141674231223058,False
1982-03-25 14:00:00,0.5010165,0.06881914,0.05529643,0.31746678998321287,0.1317453044020935,False
1982-03-25 15:00:00,0.39021516,0.063253894,0.051273398,0.2512635969817638,0.13193127242248112,False
1982-03-25 16:00:00,0.2559414,0.05559897,0.046132196,0.17068534128740426,0.13207384900047672,False
1982-03-25 17:00:00,0.11255426,0.053999104,0.045437187,0.08732308511435985,0.1321839759771766,False
1982-03-25 18:00:00,0.013977744,0.054069784,0.045622263,0.030480510439723732,0.13220571733379965,False
1982-03-25 19:00:00,0.0,0.056182634,0.047458135,0.023294131245464086,0.132116995156911,False
1982-03-25 20:00:00,0.0,0.057663865,0.04859985,0.02390235824882984,0.13195044974301082,False
1982-03-25 21:00:00,0.0,0.058179736,0.049116343,0.024120605170726776,0.13174570623685677,False
1982-03-25 22:00:00,0.0,0.06713056,0.0576011,0.027881635464727876,0.13150759374239088,False
1982-03-25 23:00:00,0.0,0.060650174,0.051424272,0.0251568247564137,0.13121150531892736,False
1982-03-26 00:00:00,0.0,0.05448979,0.04617354,0.022600104130804537,0.1308966154509045,False
1982-03-26 01:00:00,0.0,0.049513105,0.04198517,0.02053753498569131,0.13056771182483598,False
1982-03-26 02:00:00,0.0,0.046185434,0.038798306,0.019137533627450465,0.1302081026862662,False
1982-03-26 03:00:00,0.0,0.04392187,0.03642443,0.018174088876694437,0.12984589387702827,False
1982-03-26 04:00:00,0.0,0.041372564,0.03295218,0.017045893628150226,0.12947678164816998,False
1982-03-26 05:00:00,9.8253195e-06,0.041460022,0.031778455,0.01702045400735824,0.1290825689158456,False
1982-03-26 06:00:00,0.027224839,0.04197044,0.03125846,0.032883780881762505,0.1286693772430162,False
1982-03-26 07:00:00,0.14798623,0.042985056,0.031828683,0.10296829096600413,0.12835293513183899,False
1982-03-26 08:00:00,0.3019473,0.042679884,0.031183084,0.19165635318681598,0.1282146390414233,False
1982-03-26 09:00:00,0.44733834,0.041278314,0.030241387,0.2749789564236998,0.12821667411631002,False
1982-03-26 10:00:00,0.5612947,0.043086026,0.032280017,0.34150889184698463,0.1282954400625758,False
1982-03-26 11:00:00,0.6321428,0.04319008,0.032936487,0.3824620954208076,0.12830532379297646,False
1982-03-26 12:00:00,0.6528589,0.044647817,0.035024066,0.39506593662127854,0.1284060354762147,False
1982-03-26 13:00:00,0.62131387,0.044939872,0.03557651,0.3770020472891628,0.1284831857037361,False
1982-03-26 14:00:00,0.5420987,0.04473304,0.03561096,0.33122043403238055,0.12857195070052782,False
1982-03-26 15:00:00,0.4217332,0.039616507,0.031302363,0.25964887521788477,0.12857300548213332,False
1982-03-26 16:00:00,0.27438858,0.036017645,0.028394347,0.17314601733535528,0.12845312457378985,False
1982-03-26 17:00:00,0.12245198,0.03464055,0.026306203,0.08485769253596662,0.1281972695309047,False
1982-03-26 18:00:00,0.015688874,0.033806104,0.02482557,0.0228675133921206,0.1278661989742113,False
1982-03-26 19:00:00,0.0,0.031624686,0.023054397,0.01291444654762745,0.12746719202269832,False
1982-03-26 20:00:00,0.0,0.0286895,0.020914646,0.011715816356241703,0.1270250173740651,False
1982-03-26 21:00:00,0.0,0.026704835,0.019467825,0.010905346585437656,0.1265715508316216,False
1982-03-26 22:00:00,0.0,0.02843721,0.02073073,0.011612790009006857,0.12611607910027758,False
1982-03-26 23:00:00,0.0,0.02468896,0.017998252,0.010082131527364254,0.12559480301199163,False
1982-03-27 00:00:00,0.0,0.022148354,0.01614615,0.009044634690508245,0.12512466526070873,False
1982-03-27 01:00:00,0.0,0.01977672,0.014417228,0.008076140211895108,0.12470262495831501,False
1982-03-27 02:00:00,0.0,0.01817583,0.01325018,0.007422390673309564,0.1243183026678607,False
1982-03-27 03:00:00,0.0,0.015365718,0.011201609,0.006274836799129843,0.12396290543449956,False
1982-03-27 04:00:00,0.0,0.012803387,0.009333668,0.0052284678518772125,0.12363704464935378,False
1982-03-27 05:00:00,2.9447147e-05,0.010588242,0.007718829,0.004340868970502925,0.12335609587033193,False
1982-03-27 06:00:00,0.03101914,0.0095537,0.0069646463,0.021799449908547104,0.12310647452707292,False
1982-03-27 07:00:00,0.15364368,0.008906252,0.006492658,0.0922894152905792,0.12292248408247297,False
1982-03-27 08:00:00,0.30691138,0.008711619,0.006350771,0.18064539489988238,0.12261198172457562,False
1982-03-27 09:00:00,0.451702,0.009149059,0.006669663,0.2643682177206501,0.12210627843101245,False
1982-03-27 10:00:00,0.56566465,0.009467126,0.006901534,0.3302545547503978,0.1213946538362579,False
1982-03-27 11:00:00,0.6354653,0.010498682,0.00765354,0.37095079673640424,0.1205734065521513,False
1982-03-27 12:00:00,0.6561699,0.010051337,0.0073274244,0.3827146516079083,0.11960614789893587,False
1982-03-27 13:00:00,0.6249001,0.009522218,0.006941697,0.36445590938907113,0.11852918846962708,False
1982-03-27 14:00:00,0.5442208,0.008575677,0.006251669,0.3175174195002764,0.11744226984147338,False
1982-03-27 15:00:00,0.42051268,0.007036578,0.0051296656,0.24550931338127702,0.11617334748241165,False
1982-03-27 16:00:00,0.270468,0.0057405983,0.0041848966,0.1584042992289178,0.11497522948654415,False
1982-03-27 17:00:00,0.120003685,0.005361788,0.003908744,0.07143169839307666,0.11406742882646358,False
1982-03-27 18:00:00,0.01599781,0.0051361774,0.0037442734,0.011328176767099648,0.11355673921697355,False
1982-03-27 19:00:00,0.0,0.0050683655,0.003694838,0.0020697481110692026,0.11341502137388305,False
1982-03-27 20:00:00,0.0,0.0052305143,0.0038130449,0.0021359642115421594,0.11329634183120652,False
1982-03-27 21:00:00,0.0,0.0055292607,0.0040308307,0.0022579620662145318,0.1131863332143912,False
1982-03-27 22:00:00,0.0,0.00700446,0.0051062508,0.002860383227001876,0.1130828694390293,False
1982-03-27 23:00:00,0.0,0.0063428706,0.0046239523,0.0025902126948349176,0.11294826550897415,False
1982-03-28 00:00:00,0.0,0.0057354667,0.0041811555,0.002342169615905732,0.11283592627289908,False
1982-03-28 01:00:00,0.0,0.005118117,0.0037311073,0.0020900650438852608,0.11274530966596648,False
1982-03-28 02:00:00,0.0,0.0050897147,0.0037104022,0.002078466426115483,0.11267231292905489,False
1982-03-28 03:00:00,0.0,0.006202209,0.00452141,0.0025327711896970867,0.1126123393297239,False
1982-03-28 04:00:00,0.0,0.0087185325,0.00635581,0.0035603522351011635,0.11256533044244132,False
1982-03-28 05:00:00,5.7972265e-05,0.012256602,0.008935064,0.005038629530925391,0.11253052952035068,False
1982-03-28 06:00:00,0.030514073,0.015783928,0.011506483,0.024052239540964363,0.11250578426225533,False
1982-03-28 07:00:00,0.13997456,0.017873315,0.013029646,0.08806417778693139,0.11247357908003065,False
1982-03-28 08:00:00,0.27825207,0.016728017,0.012194723,0.16738259509578346,0.11223517901238166,False
1982-03-28 09:00:00,0.40380162,0.01916771,0.013973261,0.24082097587548193,0.11169701939676922,False
1982-03-28 10:00:00,0.5073752,0.022855828,0.0166619,0.30208902220986783,0.11092093551377412,False
1982-03-28 11:00:00,0.5644906,0.0252778,0.018427517,0.33603368006646633,0.10966296302745697,False
1982-03-28 12:00:00,0.57280785,0.031495657,0.022960335,0.34337188401445745,0.10807038072769487,False
1982-03-28 13:00:00,0.53387827,0.04109596,0.029958956,0.3248299531377852,0.10634817773723854,False
1982-03-28 14:00:00,0.4359951,0.04589752,0.03345929,0.27031216079741716,0.10430437735628449,False
1982-03-28 15:00:00,0.3214487,0.040804826,0.029746722,0.20213921141624447,0.10234778073116939,False
1982-03-28 16:00:00,0.20320578,0.030173548,0.021996519,0.1295715856514871,0.10066452785473895,False
1982-03-28 17:00:00,0.087565556,0.024045257,0.017528992,0.060344591280445455,0.09952197118571333,False
1982-03-28 18:00:00,0.013554418,0.020188158,0.014717167,0.016065056923776865,0.09900329080819924,False
1982-03-28 19:00:00,0.0,0.0176749,0.012885003,0.007217828499153257,0.09899028037980544,False
1982-03-28 20:00:00,0.0,0.01575891,0.011488245,0.006435402749106288,0.09904444198266947,False
1982-03-28 21:00:00,0.0,0.014543535,0.010602239,0.005939085368067026,0.09911633386399125,False
1982-03-28 22:00:00,0.0,0.012615647,0.009196807,0.005151801366358995,0.0992337100972968,False
1982-03-28 23:00:00,0.0,0.011484424,0.008372146,0.004689848195761442,0.09948980391747543,False
1982-03-29 00:00:00,0.0,0.011497132,0.008381408,0.004695037557743489,0.09983394348024965,False
1982-03-29 01:00:00,0.0,0.011196566,0.008162297,0.004572296840138733,0.1002288357642851,False
1982-03-29 02:00:00,0.0,0.011126435,0.008111171,0.004543657905422151,0.10068726806258425,False
1982-03-29 03:00:00,0.0,0.009840217,0.007173518,0.004018410209566355,0.10119912014593362,False
1982-03-29 04:00:00,0.0,0.00871283,0.006351654,0.0035580235915258526,0.10173894577264077,False
1982-03-29 05:00:00,0.000105427695,0.0075722877,0.005520197,0.0031530965819256376,0.10231974375661453,False
1982-03-29 06:00:00,0.02903313,0.00857438,0.0062507233,0.02025360116176307,0.10294629757147372,False
1982-03-29 07:00:00,0.13069177,0.01331419,0.009706045,0.08084621204342693,0.10362521727133167,False
1982-03-29 08:00:00,0.25140658,0.023880873,0.017409157,0.15481373335048554,0.10394682579256996,False
1982-03-29 09:00:00,0.3720485,0.030473175,0.022214945,0.22711619133688507,0.10389652060416928,False
1982-03-29 10:00:00,0.44947797,0.025768762,0.018785426,0.2698718754071742,0.10349832341290637,False
1982-03-29 11:00:00,0.49165633,0.026498636,0.019317506,0.2945068463478237,0.10294391239980016,False
1982-03-29 12:00:00,0.50314426,0.023838095,0.01737797,0.3000489080660045,0.10188627719741716,False
1982-03-29 13:00:00,0.44660008,0.021219311,0.015468877,0.2663534911032766,0.1006741766413745,False
1982-03-29 14:00:00,0.37618276,0.01602319,0.011680905,0.22360078149475157,0.09964616694629592,False
1982-03-29 15:00:00,0.27600077,0.013372152,0.009748298,0.16471317531261592,0.09935040665389129,False
1982-03-29 16:00:00,0.17356128,0.008366817,0.006099409,0.10356157911568879,0.0995883983317989,False
1982-03-29 17:00:00,0.075336345,0.007507896,0.005473256,0.04653504027239978,0.10033196362459502,False
1982-03-29 18:00:00,0.0116885,0.009695743,0.007068197,0.010703676204197108,0.10133803838194905,False
1982-03-29 19:00:00,0.0,0.011419695,0.008437734,0.004669505048543215,0.1024042676612379,False
1982-03-29 20:00:00,0.0,0.013671722,0.010035352,0.005586774514988064,0.1035246588007468,False
1982-03-29 21:00:00,0.0,0.019299243,0.014270384,0.007892021264880896,0.10461008362850781,False
1982-03-29 22:00:00,0.0,0.036711242,0.029748857,0.015152886595577002,0.10555668114155205,False
1982-03-29 23:00:00,0.0,0.046080388,0.038986083,0.01910891170799732,0.10635352395294839,False
1982-03-30 00:00:00,0.0,0.05122998,0.044317346,0.021296999249607325,0.1071222380793807,False
1982-03-30 01:00:00,0.0,0.057856303,0.050848883,0.024094815362244844,0.10786599440686777,False
1982-03-30 02:00:00,0.0,0.06403043,0.05592847,0.026647366426885127,0.10855817211518669,False
1982-03-30 03:00:00,0.0,0.068844914,0.056307923,0.028444401271641252,0.10922588429670221,False
1982-03-30 04:00:00,0.0,0.07631819,0.060689695,0.03143865546584129,0.10987558756862208,False
1982-03-30 05:00:00,0.00017005582,0.08481251,0.06887547,0.03511321264416619,0.11050224349560821,False
1982-03-30 06:00:00,0.027340231,0.09877497,0.08179829,0.05664038513414562,0.11110756410410833,False
1982-03-30 07:00:00,0.096275315,0.116068065,0.094841,0.10350138680636882,0.11163288884377932,False
1982-03-30 08:00:00,0.18853137,0.13590474,0.111786954,0.16496794605255127,0.11217433662901605,False
1982-03-30 09:00:00,0.280482,0.14479789,0.119240336,0.2217075106948614,0.11281310561247763,False
1982-03-30 10:00:00,0.35379398,0.17242777,0.14282073,0.2754772935807705,0.11334791056430404,False
1982-03-30 11:00:00,0.3721395,0.17052217,0.14111131,0.28526719035208226,0.11390151120368053,False
1982-03-30 12:00:00,0.3676916,0.17698514,0.14306448,0.2851910573244094,0.11446994075209029,False
1982-03-30 13:00:00,0.34747568,0.18228145,0.14315124,0.27548548777401444,0.11503585196820836,False
1982-03-30 14:00:00,0.31221566,0.18497254,0.1428216,0.2561156667619944,0.116033658775451,False
1982-03-30 15:00:00,0.23823471,0.18553495,0.14146267,0.2135628119558096,0.11721237362027605,False
1982-03-30 16:00:00,0.16387981,0.17225473,0.13226064,0.1652627197057009,0.11859994447965534,False
1982-03-30 17:00:00,0.07771837,0.15515412,0.121126086,0.10863617963343858,0.11977829821381457,False
1982-03-30 18:00:00,0.013194914,0.14508772,0.11283757,0.06724406232964247,0.12061708112364529,False
1982-03-30 19:00:00,2.593193e-07,0.14876708,0.11298888,0.060996603195579695,0.1210547706702768,False
1982-03-30 20:00:00,0.0,0.14300004,0.10682928,0.058535794481635095,0.12136861349501595,False
1982-03-30 21:00:00,0.0,0.12572117,0.0923084,0.051375765994191164,0.12162675752408285,False
1982-03-30 22:00:00,0.0,0.10626987,0.07753098,0.04340025631338358,0.12178466499351377,False
1982-03-30 23:00:00,0.0,0.101840325,0.0742416,0.04158812626451253,0.12170626840529909,False
1982-03-31 00:00:00,0.0,0.09891945,0.07211229,0.0403953412771225,0.12150838946969195,False
1982-03-31 01:00:00,0.0,0.09255625,0.06747351,0.037796826839447024,0.1212360055042565,False
1982-03-31 02:00:00,0.0,0.089610405,0.06532598,0.0365938426181674,0.12088298328464331,False
1982-03-31 03:00:00,0.0,0.08620739,0.06284519,0.0352041672617197,0.1204600914199156,False
1982-03-31 04:00:00,0.0,0.08237098,0.060048442,0.03363750808686018,0.1199878376818862,False
1982-03-31 05:00:00,0.00020941473,0.07857572,0.0572817,0.032208485789931726,0.119442629738992,False
1982-03-31 06:00:00,0.026214069,0.07430509,0.054168403,0.04546918866597116,0.11883272857501363,False
1982-03-31 07:00:00,0.106039554,0.11176928,0.08162997,0.10683570573478937,0.1183484852443321,False
1982-03-31 08:00:00,0.21351075,0.15243946,0.111644074,0.18547464455664156,0.11843582736647491,False
1982-03-31 09:00:00,0.3151387,0.1736992,0.1269777,0.2527868290245533,0.11911725018946723,False
1982-03-31 10:00:00,0.39592135,0.16651261,0.12138768,0.2964447060972452,0.12038086288159516,False
1982-03-31 11:00:00,0.440905,0.16501185,0.12036858,0.32179146467149256,0.12192410896789396,False
1982-03-31 12:00:00,0.45115817,0.16380988,0.119417384,0.32721264643967146,0.12410106907665687,False
1982-03-31 13:00:00,0.4365373,0.15272133,0.11133384,0.3142482178509235,0.12651161046482426,False
1982-03-31 14:00:00,0.39137217,0.13310939,0.09703675,0.28017909404635427,0.1286867168999071,False
1982-03-31 15:00:00,0.31438428,0.12223556,0.08910972,0.23131657656282184,0.13025999516536904,False
1982-03-31 16:00:00,0.21352093,0.0904115,0.06590998,0.1601225583553314,0.13128227291084552,False
1982-03-31 17:00:00,0.109363526,0.05802115,0.042297423,0.08679661994427443,0.1315284835385884,False
1982-03-31 18:00:00,0.01961811,0.04993835,0.036405057,0.03171277444250881,0.13107786093885151,False
1982-03-31 19:00:00,2.0745542e-06,0.04832127,0.035226207,0.019733960636022403,0.1300685331889746,False
1982-03-31 20:00:00,0.0,0.04402347,0.032093108,0.017977687910199165,0.1288941349690409,False
1982-03-31 21:00:00,0.0,0.037886553,0.027619295,0.015471579797565936,0.12778459645341864,False
1982-03-31 22:00:00,0.0,0.02789128,0.02033274,0.011389850361272692,0.1268307736827388,False
1982-03-31 23:00:00,0.0,0.023534581,0.01715671,0.009610722798854113,0.12602477817359395,False
1982-04-01 00:00:00,0.0,0.020135293,0.014678627,0.008222568908706308,0.12524997177120314,False
1982-04-01 01:00:00,0.0,0.017508188,0.0127634695,0.00714974882081151,0.12448780449578555,False
1982-04-01 02:00:00,0.0,0.015546243,0.01133321,0.0063485569199547166,0.12375946006044762,False
1982-04-01 03:00:00,0.0,0.014144718,0.0103115,0.005776221846230328,0.12304492917240496,False
1982-04-01 04:00:00,0.0,0.0129018435,0.009405443,0.005268674206919968,0.1223509204827402,False
1982-04-01 05:00:00,0.00048648295,0.013608518,0.00992061,0.005837956773204496,0.12168570520871218,False
1982-04-01 06:00:00,0.046874527,0.015550029,0.01133597,0.03339670526143163,0.12106295573364266,False
1982-04-01 07:00:00,0.17462218,0.016986752,0.012383342,0.10769380866922437,0.12078988143648585,False
1982-04-01 08:00:00,0.32899982,0.01920666,0.014001656,0.19767624155618252,0.12088065525737263,False
1982-04-01 09:00:00,0.4766356,0.0179794,0.013106983,0.28236091991700235,0.12125740634790837,False
1982-04-01 10:00:00,0.5910381,0.02087372,0.015216942,0.34955310572311277,0.1219705808240802,False
1982-04-01 11:00:00,0.6648959,0.014977608,0.010918676,0.38976127557270224,0.12303235574892395,False
1982-04-01 12:00:00,0.68605655,0.012347776,0.00900153,0.40089704395644365,0.12429854577076604,False
1982-04-01 13:00:00,0.650616,0.010983212,0.008006762,0.37989059665799135,0.125446927491878,False
1982-04-01 14:00:00,0.5672049,0.010666413,0.0077758143,0.3316330235041678,0.1260865140202143,False
1982-04-01 15:00:00,0.44772682,0.010514516,0.0076650814,0.2626321437386796,0.12642836800958013,False
1982-04-01 16:00:00,0.30147782,0.0076601086,0.0055842185,0.17708082983735945,0.12624727297177676,False
1982-04-01 17:00:00,0.14615977,0.006543416,0.0047701504,0.08700629484606907,0.12587489425685086,False
1982-04-01 18:00:00,0.026405012,0.008719233,0.0063563213,0.01879633033555001,0.1256099127498764,False
1982-04-01 19:00:00,7.2897537e-06,0.011316521,0.008249744,0.004625488638762362,0.1253782797621018,False
1982-04-01 20:00:00,0.0,0.012924547,0.009421996,0.0052779457317665215,0.12517813345539383,False
1982-04-01 21:00:00,0.0,0.013694267,0.009983121,0.005592273001559078,0.12502715294790454,False
1982-04-01 22:00:00,0.0,0.011539824,0.008412532,0.004712471874430775,0.12493695233954116,False
1982-04-01 23:00:00,0.0,0.010768328,0.0078501105,0.004397418949753046,0.12487465459684376,False
1982-04-02 00:00:00,0.0,0.009333079,0.006803815,0.0038113120570778844,0.12490536018128973,False
1982-04-02 01:00:00,0.0,0.0069454703,0.005063248,0.0028362939432263375,0.1250627624800522,False
1982-04-02 02:00:00,0.0,0.005623289,0.0040993774,0.0022963599921204153,0.1253592074763123,False
1982-04-02 03:00:00,0.0,0.004632487,0.0033770828,0.0018917501578107475,0.12573663236177293,False
1982-04-02 04:00:00,0.0,0.004180502,0.003047586,0.0017071749335154892,0.12615777725941502,False
1982-04-02 05:00:00,0.0007026112,0.004679881,0.0034116334,0.002316510986594949,0.12660912812908412,False
1982-04-02 06:00:00,0.05086329,0.007379422,0.0053795986,0.03236162240244448,0.12707903507838345,False
1982-04-02 07:00:00,0.18720041,0.007782752,0.0056736255,0.11119284913735464,0.12738572897295863,False
1982-04-02 08:00:00,0.34466913,0.011471589,0.008362788,0.20355869690235703,0.12727290293694093,False
1982-04-02 09:00:00,0.486122,0.015982728,0.011651409,0.28701920388080177,0.12672623955993378,False
1982-04-02 10:00:00,0.5918747,0.014443391,0.010529232,0.3474099024897441,0.1256501360261216,False
1982-04-02 11:00:00,0.65021795,0.018103437,0.013197406,0.3825685857199132,0.12397408294704364,False
1982-04-02 12:00:00,0.6477321,0.021043768,0.0153409075,0.3823349690530449,0.12241229324073306,False
1982-04-02 13:00:00,0.5806499,0.024275703,0.017696986,0.3449483712110668,0.12069260160442064,False
1982-04-02 14:00:00,0.4957952,0.02574715,0.018769672,0.2965880855359137,0.11897725757090617,False
1982-04-02 15:00:00,0.367976,0.02522702,0.018390497,0.22262401474826038,0.11745057185207115,False
1982-04-02 16:00:00,0.23251891,0.019798338,0.014432987,0.14224838003888726,0.11643579450208393,False
1982-04-02 17:00:00,0.113230444,0.02141104,0.01560865,0.07407750760950148,0.11596621426617348,False
1982-04-02 18:00:00,0.020097274,0.022034802,0.01606337,0.020594391029328106,0.11602715873722579,False
1982-04-02 19:00:00,1.34557895e-05,0.024779668,0.018064378,0.010126937914040355,0.11640232174993385,False
1982-04-02 20:00:00,0.0,0.026276976,0.019155916,0.010730623550713062,0.1167379937027619,False
1982-04-02 21:00:00,0.0,0.027284227,0.019890198,0.011141950596123934,0.11705622241372855,False
1982-04-02 22:00:00,0.0,0.020568702,0.014994584,0.008399558711797,0.11736854762246747,False
1982-04-02 23:00:00,0.0,0.027143765,0.019787805,0.01108459085226059,0.11772209800011858,False
1982-04-03 00:00:00,0.0,0.038636614,0.02816609,0.015777879249304533,0.11806926080072679,False
1982-04-03 01:00:00,0.0,0.05228125,0.038654216,0.021379108641296624,0.11843344960268969,False
1982-04-03 02:00:00,0.0,0.05976587,0.044654533,0.0244649514220655,0.1188047907454931,False
1982-04-03 03:00:00,0.0,0.063522324,0.047248878,0.025991176933050156,0.11914397945211765,False
1982-04-03 04:00:00,0.0,0.06585793,0.048739612,0.026933515951037407,0.1194690141119974,False
1982-04-03 05:00:00,0.0007314821,0.06842479,0.05041995,0.028393490339571146,0.11978079938682291,False
1982-04-03 06:00:00,0.031406533,0.073367976,0.054141846,0.04811801220104099,0.1200850456023474,False
1982-04-03 07:00:00,0.10494018,0.10212144,0.07490483,0.10227815894037484,0.12036980916565533,False
1982-04-03 08:00:00,0.20016913,0.1369509,0.100072786,0.17143639945983885,0.12049993803876974,False
1982-04-03 09:00:00,0.29257002,0.15146357,0.11120351,0.23070795029401778,0.1205127183316025,False
1982-04-03 10:00:00,0.35822684,0.15265277,0.11253336,0.26910255792737003,0.12040184046493978,False
1982-04-03 11:00:00,0.42990482,0.16293047,0.12257305,0.31479536966979504,0.12030065920589082,False
1982-04-03 12:00:00,0.43833154,0.15923837,0.12362197,0.3183518454134464,0.12008060790742958,False
1982-04-03 13:00:00,0.40743488,0.15162559,0.12063546,0.2975540830492973,0.11970251867657272,False
1982-04-03 14:00:00,0.34930068,0.13781095,0.11024771,0.25835210900008676,0.11969750194675499,False
1982-04-03 15:00:00,0.28736877,0.116601765,0.09416661,0.2139228309392929,0.11984516791515261,False
1982-04-03 16:00:00,0.20555271,0.086944334,0.07138156,0.15454097851365806,0.12038282088726814,False
1982-04-03 17:00:00,0.10810654,0.06657601,0.05532608,0.08993162945657969,0.12106916865039981,False
1982-04-03 18:00:00,0.024554165,0.054727297,0.04522276,0.036804154945537446,0.12149199799096111,False
1982-04-03 19:00:00,3.0859e-05,0.050213117,0.040579565,0.020737742374509253,0.1216167793507243,False
1982-04-03 20:00:00,0.0,0.049947992,0.039298423,0.02055292385816574,0.12155142234999379,False
1982-04-03 21:00:00,0.0,0.0501364,0.038584296,0.02058388302102685,0.12143600652762848,False
1982-04-03 22:00:00,0.0,0.05257709,0.04225822,0.021682890001684427,0.12128518815757866,False
1982-04-03 23:00:00,0.0,0.050991878,0.04157834,0.02106123337894678,0.12119418330735221,False
1982-04-04 00:00:00,0.0,0.05157499,0.041874133,0.021292374551296234,0.12104436415393298,False
1982-04-04 01:00:00,0.0,0.049966343,0.041168302,0.020660668797791003,0.1208005318242956,False
1982-04-04 02:00:00,0.0,0.044856295,0.03750824,0.01857741791009903,0.12043030667706785,False
1982-04-04 03:00:00,0.0,0.042392116,0.03427265,0.017493413832038642,0.11999726158654245,False
1982-04-04 04:00:00,0.0,0.040559895,0.031597532,0.016672868125140666,0.11954423201427722,False
1982-04-04 05:00:00,0.001136049,0.039559327,0.03087847,0.01692032933176961,0.11910128820745901,False
1982-04-04 06:00:00,0.051299203,0.040166132,0.029802416,0.04603027344122529,0.11868546368413847,False
1982-04-04 07:00:00,0.17254373,0.04367617,0.032681353,0.11743903504684566,0.11861821051822131,False
1982-04-04 08:00:00,0.3208327,0.046195988,0.03713637,0.2041721509583294,0.11908278370865243,False
1982-04-04 09:00:00,0.45455953,0.047071967,0.03790109,0.28169706628099084,0.12000216523409753,False
1982-04-04 10:00:00,0.56107414,0.045989648,0.03413416,0.34255320205539463,0.12142205963702184,False
1982-04-04 11:00:00,0.6096407,0.049395822,0.037340205,0.372006123393774,0.1233878351720369,False
1982-04-04 12:00:00,0.59624994,0.048927017,0.03882227,0.3641866859719157,0.12521241799966362,False
1982-04-04 13:00:00,0.56290996,0.048246887,0.038989253,0.34470756817981596,0.1271615884534868,False
1982-04-04 14:00:00,0.4940429,0.04500506,0.0371561,0.303676052019,0.12910215749819848,False
1982-04-04 15:00:00,0.40166166,0.040314127,0.033271562,0.24843135740980501,0.1308741073325052,False
1982-04-04 16:00:00,0.28052935,0.032249197,0.02643859,0.17519307266920803,0.13213745287808984,False
1982-04-04 17:00:00,0.14560862,0.025287777,0.018999131,0.09437331595644353,0.13274393623604833,False
1982-04-04 18:00:00,0.031154417,0.021078635,0.015366327,0.02658389629796147,0.13285468242440923,False
1982-04-04 19:00:00,5.742482e-05,0.017035374,0.012418789,0.006989801878975413,0.13269220085887634,False
1982-04-04 20:00:00,0.0,0.012710813,0.009266184,0.005190664077177644,0.13253619987315293,False
1982-04-04 21:00:00,0.0,0.009556792,0.0069669015,0.003902668833732605,0.1324376002841888,False
1982-04-04 22:00:00,0.0,0.009871845,0.007196575,0.004031325900927186,0.1323310080127118,False
1982-04-04 23:00:00,0.0,0.00953378,0.0069501256,0.0038932714881375428,0.13214546879830566,False
1982-04-05 00:00:00,0.0,0.009976167,0.0072726244,0.004073927426710725,0.13193471050199848,False
1982-04-05 01:00:00,0.0,0.00883595,0.0064414083,0.0036083015743643043,0.13167318977609072,False
1982-04-05 02:00:00,0.0,0.009008554,0.0065672356,0.0036787870768457648,0.13139158694756012,False
1982-04-05 03:00:00,0.0,0.010396942,0.007579371,0.004245757464319468,0.13113028906624793,False
1982-04-05 04:00:00,0.0,0.013890023,0.010125826,0.00567221322376281,0.13086571508577588,False
1982-04-05 05:00:00,0.0017270953,0.018212533,0.013276938,0.008433913220185786,0.1305976485209682,False
1982-04-05 06:00:00,0.062022433,0.022291074,0.016250193,0.04488986023701727,0.13033465197006414,False
1982-04-05 07:00:00,0.19761956,0.025837576,0.018835591,0.12457767208106815,0.1301773920572423,False
1982-04-05 08:00:00,0.35268304,0.029553391,0.021544421,0.2155667126812041,0.13003298942508232,False
1982-04-05 09:00:00,0.49521947,0.0321311,0.02342357,0.2988628816343844,0.12985523171146846,False
1982-04-05 10:00:00,0.60872006,0.029944478,0.021829525,0.36345978360809383,0.1296766575802488,False
1982-04-05 11:00:00,0.67942804,0.025333563,0.018468168,0.40237534539587794,0.12940274614280226,False
1982-04-05 12:00:00,0.69724697,0.023509612,0.017138505,0.41191202719695863,0.1292682316497106,False
1982-04-05 13:00:00,0.66120595,0.022493463,0.016397735,0.3907013971954584,0.1294450697746576,False
1982-04-05 14:00:00,0.57854515,0.023471953,0.017111054,0.3434057010468095,0.12937321265443674,False
1982-04-05 15:00:00,0.45908582,0.023681937,0.017264131,0.2745634171273559,0.12906416586350164,False
1982-04-05 16:00:00,0.30655062,0.016584316,0.012089965,0.18365217969566583,0.12848065356078073,False
1982-04-05 17:00:00,0.152229,0.01814871,0.013230409,0.09524744649790226,0.1278513871969017,False
1982-04-05 18:00:00,0.032200772,0.025529046,0.018610673,0.029005039799958464,0.12767347625517114,False
1982-04-05 19:00:00,9.8080316e-05,0.032307055,0.023551842,0.013249695059785153,0.12794723352081902,False
1982-04-05 20:00:00,0.0,0.03874011,0.02824154,0.015820143587887286,0.12839066257736828,False
1982-04-05 21:00:00,0.0,0.03787645,0.027611928,0.015467453990131616,0.12889867210389763,False
1982-04-05 22:00:00,0.0,0.03128813,0.022809044,0.012777007710188627,0.12946494887631105,False
1982-04-05 23:00:00,0.0,0.026801534,0.019538317,0.010944835156202317,0.1301234155862052,False
1982-04-06 00:00:00,0.0,0.02140085,0.0156012215,0.008739379707723857,0.13070020512789907,False
1982-04-06 01:00:00,0.0,0.017493457,0.012752732,0.007143733028322457,0.13123738172867286,False
1982-04-06 02:00:00,0.0,0.0147787025,0.010773674,0.006035119607113302,0.13173932326580814,False
1982-04-06 03:00:00,0.0,0.011739133,0.008557828,0.004793862769380212,0.13222954283848357,False
1982-04-06 04:00:00,0.0,0.00931927,0.0067937477,0.003805673014372587,0.13277351477633184,False
1982-04-06 05:00:00,0.002185053,0.00743382,0.0054192543,0.004296494888374582,0.13336854137516765,False
1982-04-06 06:00:00,0.06136955,0.0075216047,0.005483249,0.03848179762577638,0.13401521042495376,False
1982-04-06 07:00:00,0.18528292,0.008814314,0.0064256345,0.11050770870316773,0.13437251067958647,False
1982-04-06 08:00:00,0.33227387,0.00959374,0.006993837,0.19563978070486335,0.13411410463292492,False
1982-04-06 09:00:00,0.46178433,0.016347952,0.011917657,0.2731255079824477,0.1331902198188631,False
1982-04-06 10:00:00,0.55909604,0.016668966,0.012151675,0.32940545305795965,0.13148981554947514,False
1982-04-06 11:00:00,0.6151418,0.025987972,0.01894523,0.3655494277253747,0.12918622746098973,False
1982-04-06 12:00:00,0.61718214,0.040553875,0.029563773,0.37267491596937175,0.1265357221780348,False
1982-04-06 13:00:00,0.5514973,0.056430984,0.04113819,0.3412584264092147,0.12378396229466922,False
1982-04-06 14:00:00,0.45248422,0.067974344,0.049553297,0.28884180605411525,0.12148458605187512,False
1982-04-06 15:00:00,0.33196536,0.07071783,0.051553294,0.22042276687920093,0.11967535722668626,False
1982-04-06 16:00:00,0.2029425,0.06829771,0.049789034,0.14498828720301388,0.11821964577583165,False
1982-04-06 17:00:00,0.09950914,0.069586635,0.050728656,0.08583359075337649,0.11770593418163126,False
1982-04-06 18:00:00,0.021969214,0.06623472,0.048285108,0.039724245049059394,0.11843645812277716,False
1982-04-06 19:00:00,8.404826e-05,0.069119126,0.05038784,0.0282743965933405,0.12024863841231015,False
1982-04-06 20:00:00,0.0,0.072408564,0.052895576,0.029575121350586413,0.12257245525654732,False
1982-04-06 21:00:00,0.0,0.07609586,0.05564042,0.03108395390957594,0.12512586520782068,False
1982-04-06 22:00:00,0.0,0.087134585,0.06453826,0.035637727975845336,0.1279078664174988,False
1982-04-06 23:00:00,0.0,0.077287205,0.056670204,0.0315791694894433,0.1310727906141649,False
1982-04-07 00:00:00,0.0,0.07309666,0.05343955,0.029858404263854027,0.13427624541597766,False
1982-04-07 01:00:00,0.0,0.067824855,0.04952081,0.027701495356857776,0.13748343449465325,False
1982-04-07 02:00:00,0.0,0.06662797,0.048585277,0.027209326565265653,0.14067559417832967,False
1982-04-07 03:00:00,0.0,0.07433628,0.05419115,0.03035641048103571,0.14398785761279145,False
1982-04-07 04:00:00,0.0,0.08382686,0.061136626,0.034233489967882634,0.14735695652490108,False
1982-04-07 05:00:00,0.0015258924,0.09430622,0.07027021,0.03947402760991827,0.15078263733711653,False
1982-04-07 06:00:00,0.033765964,0.103993915,0.07747327,0.06204027245938778,0.1543605558503313,False
1982-04-07 07:00:00,0.10523898,0.12581256,0.093082495,0.11217418184131384,0.1577549872254245,False
1982-04-07 08:00:00,0.17724526,0.16858886,0.12482291,0.1712202416062355,0.1606784769123605,False
1982-04-07 09:00:00,0.24629912,0.18372996,0.13578759,0.217243476703763,0.16255120564157363,False
1982-04-07 10:00:00,0.29226482,0.20574874,0.15424946,0.25288755536079405,0.16390361855918606,False
1982-04-07 11:00:00,0.3189147,0.22235325,0.16831397,0.2751510918140411,0.16515954318136508,False
1982-04-07 12:00:00,0.32152456,0.22967413,0.17700236,0.2798275527954101,0.16684179015308528,False
1982-04-07 13:00:00,0.29902557,0.26234758,0.20346907,0.28033133754134176,0.16901279785459147,False
1982-04-07 14:00:00,0.2557386,0.2650357,0.20747007,0.25656271743774417,0.1716351175216483,False
1982-04-07 15:00:00,0.18493772,0.23756057,0.19111769,0.20468926748633381,0.17482280927351587,False
1982-04-07 16:00:00,0.12348169,0.21255755,0.17243241,0.15899402317404746,0.17840003107284727,False
1982-04-07 17:00:00,0.06327359,0.22700673,0.18589355,0.13031259567290543,0.18219609165407316,False
1982-04-07 18:00:00,0.014074381,0.26044554,0.21785876,0.11598969369754195,0.1855322170833272,False
1982-04-07 19:00:00,7.753647e-05,0.30099526,0.25335026,0.12479290358316938,0.18862047938116114,False
1982-04-07 20:00:00,0.0,0.33349973,0.28374854,0.13838382124900817,0.19146391770203422,False
1982-04-07 21:00:00,0.0,0.3597215,0.3012273,0.14900351205468176,0.19426063771179702,False
1982-04-07 22:00:00,0.0,0.39762813,0.33275166,0.16469336915016172,0.19700952435430896,False
1982-04-07 23:00:00,0.0,0.39774156,0.33229688,0.16471066564321515,0.19959799023118627,False
1982-04-08 00:00:00,0.0,0.39294848,0.32752717,0.16268445548415184,0.20229498041241253,False
1982-04-08 01:00:00,0.0,0.38745487,0.32215837,0.1603673978447914,0.20508894513833162,False
1982-04-08 02:00:00,0.0,0.39894357,0.32988122,0.16502376446127892,0.20798316642974327,False
1982-04-08 03:00:00,0.0,0.4028873,0.3304665,0.16651061055064204,0.2110742177642585,False
1982-04-08 04:00:00,0.0,0.40747333,0.33112398,0.16823835200071335,0.21424793525419025,False
1982-04-08 05:00:00,0.0016030542,0.42454007,0.34178397,0.17603658352268392,0.21728112415277226,False
1982-04-08 06:00:00,0.030775722,0.44535208,0.35781473,0.2014145036302507,0.2202574976245867,False
1982-04-08 07:00:00,0.08447291,0.4901405,0.39319447,0.250835213676095,0.22331671525360963,False
1982-04-08 08:00:00,0.15088175,0.48134175,0.38623857,0.28553075970709324,0.22756250194888508,False
1982-04-08 09:00:00,0.21956594,0.5123343,0.41297087,0.3380413280278445,0.23240439680833316,False
1982-04-08 10:00:00,0.27981701,0.55161476,0.45721427,0.3896898349225521,0.2377908234493181,False
1982-04-08 11:00:00,0.35718283,0.5799382,0.48528895,0.4462972823679447,0.2430485176409279,False
1982-04-08 12:00:00,0.4011215,0.59339786,0.49022913,0.4768832856416702,0.24835082439668424,False
1982-04-08 13:00:00,0.37980857,0.59959733,0.4949779,0.46712977042794224,0.2536475429177279,False
1982-04-08 14:00:00,0.34339887,0.58911586,0.48752058,0.44185101014375683,0.25845550263946204,False
1982-04-08 15:00:00,0.2767725,0.5615531,0.46701074,0.3921294132471084,0.26262232255898366,False
1982-04-08 16:00:00,0.19797112,0.5146471,0.4271309,0.32719919510185713,0.266369947357972,False
1982-04-08 17:00:00,0.10328062,0.45027515,0.37450302,0.2459676113575697,0.26915262493081343,False
1982-04-08 18:00:00,0.028763033,0.41368082,0.34659892,0.18796083534508942,0.27042469702856564,False
1982-04-08 19:00:00,0.0002691734,0.39736217,0.33291632,0.1647594359952491,0.2703923670412191,False
1982-04-08 20:00:00,0.0,0.39527318,0.3326274,0.1638176818192005,0.2694898471230693,False
1982-04-08 21:00:00,0.0,0.39339972,0.33085218,0.16303051275014876,0.2682107279099576,False
1982-04-08 22:00:00,0.0,0.3857751,0.3246867,0.1598840900659561,0.266697306404268,False
1982-04-08 23:00:00,0.0,0.38856226,0.32694858,0.1610346981883049,0.2649198161907546,False
1982-04-09 00:00:00,0.0,0.39584926,0.3314877,0.1639687111079693,0.2630734354279987,False
1982-04-09 01:00:00,0.0,0.4020736,0.33812892,0.16662411734461785,0.26123773456775173,False
1982-04-09 02:00:00,0.0,0.42331997,0.35879117,0.17557979062199594,0.2594034797646157,False
1982-04-09 03:00:00,0.0,0.44048092,0.37328503,0.18269484999775887,0.25744517140873296,False
1982-04-09 04:00:00,0.0,0.433806,0.3657804,0.17982655709981918,0.25542422511838897,False
1982-04-09 05:00:00,0.003169775,0.4352935,0.36829063,0.18233995425701138,0.2533475793687679,False
1982-04-09 06:00:00,0.062437773,0.41777524,0.34624183,0.2088827186524868,0.2511528731435604,False
1982-04-09 07:00:00,0.16304262,0.53469384,0.45545048,0.3159719432145357,0.24908942030867606,False
1982-04-09 08:00:00,0.2860556,0.5736097,0.4984284,0.4036311948597431,0.24760469767545082,False
1982-04-09 09:00:00,0.42484516,0.5562667,0.47025698,0.4757919554710388,0.2471379274092681,False
1982-04-09 10:00:00,0.5226886,0.4925175,0.4060478,0.5052568765580654,0.24691709182256874,False
1982-04-09 11:00:00,0.57449585,0.4788787,0.39761975,0.5296618160903453,0.24669165909942903,False
1982-04-09 12:00:00,0.5963174,0.459093,0.38128847,0.5340700418055058,0.24581996532747563,False
1982-04-09 13:00:00,0.56376225,0.44928047,0.3710758,0.5111134041845797,0.2447064885015976,False
1982-04-09 14:00:00,0.47651526,0.43883407,0.36464804,0.45657007357478135,0.24368799178706524,False
1982-04-09 15:00:00,0.37279192,0.40991697,0.3373141,0.38457525783777236,0.24282848671545007,False
1982-04-09 16:00:00,0.2527641,0.35460985,0.29382637,0.29256254667043685,0.24186712917344688,False
1982-04-09 17:00:00,0.13400641,0.27503422,0.23264316,0.19137205636501314,0.2407538132195738,False
1982-04-09 18:00:00,0.034814537,0.22694771,0.1964104,0.1144378543049097,0.2395803452292524,False
1982-04-09 19:00:00,0.00035811993,0.19501361,0.17232017,0.08147194751197823,0.23805317777403676,False
1982-04-09 20:00:00,0.0,0.18462034,0.1640962,0.07698609901964665,0.2363924977335379,False
1982-04-09 21:00:00,0.0,0.18305874,0.16315936,0.07635927978157997,0.23471822807595588,False
1982-04-09 22:00:00,0.0,0.19055831,0.16773742,0.07937383890151976,0.23303226019844867,False
1982-04-09 23:00:00,0.0,0.182553,0.16152471,0.07608438903093338,0.2314280426123411,False
1982-04-10 00:00:00,0.0,0.17882636,0.15896086,0.07457081419229508,0.22973899257492728,False
1982-04-10 01:00:00,0.0,0.17333099,0.15488946,0.07232316729426384,0.228010184645024,False
1982-04-10 02:00:00,0.0,0.17024732,0.15192044,0.07102496337890625,0.22633271839779326,False
1982-04-10 03:00:00,0.0,0.16668269,0.14813474,0.06950518861413002,0.22461029266130636,False
1982-04-10 04:00:00,0.0,0.16456427,0.14509521,0.06855935601890087,0.22283280344803344,False
1982-04-10 05:00:00,0.0033775188,0.16517085,0.14432988,0.07069068471272476,0.22123605929252219,False
1982-04-10 06:00:00,0.054718878,0.17002764,0.14918101,0.10236876755580304,0.21972608298849752,False
1982-04-10 07:00:00,0.14817719,0.22677718,0.1923983,0.1795685272812843,0.21838598292292535,False
1982-04-10 08:00:00,0.26113427,0.27154472,0.22687614,0.2631257869303227,0.21620879854388664,False
1982-04-10 09:00:00,0.35766602,0.29262018,0.24242744,0.3274412198662758,0.21429615164861213,False
1982-04-10 10:00:00,0.45011523,0.2878064,0.23985215,0.3788690642118454,0.2130716563239955,False
1982-04-10 11:00:00,0.49642548,0.28505945,0.23762114,0.40445598131418226,0.21167840944046903,False
1982-04-10 12:00:00,0.5253929,0.29059184,0.24178357,0.42343639799952504,0.2107555714231246,False
1982-04-10 13:00:00,0.50734556,0.3032888,0.25166628,0.4182419281303883,0.21002686400714152,False
1982-04-10 14:00:00,0.46588734,0.3185478,0.26358593,0.40059476670622823,0.2094008418793741,False
1982-04-10 15:00:00,0.36796454,0.3231451,0.26718843,0.3459842512309551,0.20941509620040785,False
1982-04-10 16:00:00,0.2596846,0.29923,0.25011382,0.2737600293159485,0.20929648245749502,False
1982-04-10 17:00:00,0.14153355,0.26045725,0.21976969,0.18964114782214164,0.20924451759336024,False
1982-04-10 18:00:00,0.03949375,0.22102897,0.19091137,0.1146567974947393,0.2092364519269777,False
1982-04-10 19:00:00,0.0004772339,0.2036738,0.17807037,0.08504679405130447,0.2092292910303095,False
1982-04-10 20:00:00,0.0,0.20059785,0.17466909,0.08345273825526238,0.20928351341014542,False
1982-04-10 21:00:00,0.0,0.19726053,0.17249851,0.0821040546298027,0.20939573041921297,False
1982-04-10 22:00:00,0.0,0.19905154,0.17465974,0.08288164593279362,0.20950478972507455,False
1982-04-10 23:00:00,0.0,0.19195798,0.16903336,0.0799602963924408,0.20952142767155357,False
1982-04-11 00:00:00,0.0,0.19444013,0.17106526,0.08098593047261238,0.20953842057766206,False
1982-04-11 01:00:00,0.0,0.20692208,0.18058312,0.08610573747754097,0.20960988893372753,False
1982-04-11 02:00:00,0.0,0.2233994,0.19386993,0.09290335527062415,0.20977469477722235,False
1982-04-11 03:00:00,0.0,0.23429,0.20226586,0.09737536776065826,0.21001540789020992,False
1982-04-11 04:00:00,0.0,0.24835557,0.21369691,0.1031828376352787,0.2103309340152312,False
1982-04-11 05:00:00,0.003884142,0.25931785,0.22095661,0.10986109166382811,0.21068432421715744,False
1982-04-11 06:00:00,0.05730265,0.26882216,0.22775756,0.1445579155050218,0.2110454257879731,False
1982-04-11 07:00:00,0.15779084,0.29064256,0.24397545,0.21146709302067757,0.21156679574044876,False
1982-04-11 08:00:00,0.28572962,0.35535875,0.29316252,0.31182414388656615,0.21245113519410128,False
1982-04-11 09:00:00,0.426296,0.41420922,0.33704054,0.41701617988944056,0.21327026029941773,False
1982-04-11 10:00:00,0.48880652,0.37823883,0.31054702,0.4383810261487961,0.21399798347011045,False
1982-04-11 11:00:00,0.549657,0.4069486,0.3342496,0.4853655912578106,0.2145506000756456,False
1982-04-11 12:00:00,0.5635235,0.42089528,0.34497565,0.4990920858383179,0.21496399348929363,False
1982-04-11 13:00:00,0.52345306,0.4332061,0.35516432,0.4810643420517445,0.21509116320794908,False
1982-04-11 14:00:00,0.47893813,0.43829915,0.35508505,0.4572542809844017,0.21494156517850693,False
1982-04-11 15:00:00,0.37042323,0.40002787,0.32476503,0.37888179817795753,0.21425853764872835,False
1982-04-11 16:00:00,0.25762784,0.3420701,0.28135368,0.290068233191967,0.21325783363529627,False
1982-04-11 17:00:00,0.13808143,0.26849073,0.22664516,0.19098490437865256,0.21216369015740688,False
1982-04-11 18:00:00,0.0372067,0.22275005,0.19316846,0.1140941312648356,0.21108023765234732,False
1982-04-11 19:00:00,0.00061729515,0.20090884,0.17746446,0.08407462174410466,0.210077256876449,False
1982-04-11 20:00:00,0.0,0.19758208,0.17527273,0.08237251545488834,0.2091137436956354,False
1982-04-11 21:00:00,0.0,0.1957168,0.17360422,0.0815941264629364,0.20813626892279838,False
1982-04-11 22:00:00,0.0,0.19229771,0.17064083,0.08017246033251285,0.20716927249843262,False
1982-04-11 23:00:00,0.0,0.1842694,0.16490075,0.07690004852414131,0.2062512203913369,False
1982-04-12 00:00:00,0.0,0.18692337,0.16715874,0.07800129528343677,0.20532492805060007,False
1982-04-12 01:00:00,0.0,0.1923547,0.17138825,0.0802338477820158,0.20430765663433825,False
1982-04-12 02:00:00,0.0,0.19810586,0.17552096,0.08257919280230999,0.2031041567248479,False
1982-04-12 03:00:00,0.0,0.20315926,0.17934586,0.08465044261515141,0.2016674940236565,False
1982-04-12 04:00:00,0.0,0.2053185,0.18073261,0.08552208571135998,0.20010559583405965,False
1982-04-12 05:00:00,0.005335321,0.20394672,0.17942108,0.08802356011187656,0.19843550902625548,False
1982-04-12 06:00:00,0.07097918,0.20748876,0.18289235,0.12739452527463435,0.19670038812668278,False
1982-04-12 07:00:00,0.17803827,0.28789058,0.24179842,0.22201682105660436,0.19512602550434163,False
1982-04-12 08:00:00,0.30410847,0.30681452,0.25478974,0.30244379198551175,0.19352952223386208,False
1982-04-12 09:00:00,0.42588857,0.281962,0.23315273,0.36237193205952645,0.19137868529906088,False
1982-04-12 10:00:00,0.51771486,0.2579031,0.21309157,0.40539466127753254,0.1882300334220308,False
1982-04-12 11:00:00,0.5581981,0.2473726,0.20255697,0.4242988651692867,0.18596658807083558,False
1982-04-12 12:00:00,0.57055676,0.24312852,0.19657165,0.4295405444949865,0.1835143835732269,False
1982-04-12 13:00:00,0.54447573,0.23501395,0.18849218,0.41106122271716594,0.18117589307450901,False
1982-04-12 14:00:00,0.47642866,0.22533782,0.18074916,0.36780944527685644,0.17880857125357938,False
1982-04-12 15:00:00,0.36928988,0.20568117,0.16618235,0.297950458586216,0.17605269663701975,False
1982-04-12 16:00:00,0.25902456,0.17363219,0.14284617,0.22124114237725734,0.17370966498404952,False
1982-04-12 17:00:00,0.14046746,0.13643539,0.115574844,0.1376354275792837,0.17173841727919467,False
1982-04-12 18:00:00,0.04038725,0.10371944,0.09144078,0.06651372025161982,0.1700502951228081,False
1982-04-12 19:00:00,0.00082359806,0.0917787,0.0825297,0.038798161372251345,0.16850840071699946,False
1982-04-12 20:00:00,0.0,0.08739454,0.07935857,0.03653394915908575,0.16695182779297577,False
1982-04-12 21:00:00,0.0,0.08535994,0.077600166,0.03568822626024485,0.16537524382938976,False
1982-04-12 22:00:00,0.0,0.09302698,0.08311461,0.038815144792199135,0.16378153006488103,False
1982-04-12 23:00:00,0.0,0.085114725,0.07575797,0.03549826403707266,0.16222574601177006,False
1982-04-13 00:00:00,0.0,0.07725054,0.0676195,0.032156902492046356,0.16073999136843597,False
1982-04-13 01:00:00,0.0,0.06822072,0.05859808,0.02833774182200432,0.1592062178757635,False
1982-04-13 02:00:00,0.0,0.057750646,0.04876958,0.02394354561343789,0.15760803103773036,False
1982-04-13 03:00:00,0.0,0.054000556,0.045889802,0.022404254660010336,0.1559511983363493,False
1982-04-13 04:00:00,0.0,0.05554876,0.046688482,0.023018670860677957,0.15424367499689218,False
1982-04-13 05:00:00,0.006142179,0.055689238,0.045961525,0.026575288484338672,0.15250915585854202,False
1982-04-13 06:00:00,0.07466771,0.062956996,0.049520575,0.06898850963264704,0.1508246386452628,False
1982-04-13 07:00:00,0.18715917,0.06549657,0.04955301,0.13483493603765964,0.14935898826706026,False
1982-04-13 08:00:00,0.3230716,0.054293595,0.039580032,0.20858397101610895,0.14762082853028663,False
1982-04-13 09:00:00,0.43213,0.040507473,0.029529946,0.26588088979199526,0.14612024358512635,False
1982-04-13 10:00:00,0.5476731,0.033617556,0.0245072,0.32973564929142596,0.1451665233242492,False
1982-04-13 11:00:00,0.6094096,0.039255112,0.028616974,0.3676597753725946,0.14435460268869177,False
1982-04-13 12:00:00,0.63774467,0.046198435,0.03367866,0.38684454189985984,0.14381287597376033,False
1982-04-13 13:00:00,0.600546,0.051223293,0.03734178,0.3674328946471214,0.14309712343934725,False
1982-04-13 14:00:00,0.525989,0.052591667,0.038339328,0.32497229938954114,0.14229286096640975,False
1982-04-13 15:00:00,0.42515674,0.05167139,0.03766844,0.26641627883538604,0.14125680434525437,False
1982-04-13 16:00:00,0.30457255,0.04826548,0.03518553,0.19544834335893393,0.14037788042930688,False
1982-04-13 17:00:00,0.16439076,0.036980487,0.026958775,0.10995504087209701,0.1397213032569282,False
1982-04-13 18:00:00,0.050376978,0.026975026,0.019664794,0.04008319978602231,0.13926392013680614,False
1982-04-13 19:00:00,0.0011058816,0.02135591,0.015568459,0.009359121390967628,0.13884013188653738,False
1982-04-13 20:00:00,0.0,0.016398244,0.011954321,0.006696485202759505,0.13835108522139236,False
1982-04-13 21:00:00,0.0,0.012478673,0.009096953,0.005095865766517818,0.13789222231041387,False
1982-04-13 22:00:00,0.0,0.01345564,0.0098091625,0.0054948257831856605,0.13746965334471062,False
1982-04-13 23:00:00,0.0,0.013673581,0.0099680405,0.005583825644105673,0.13701497253263115,False
1982-04-14 00:00:00,0.0,0.010726083,0.0078193145,0.004380167635157704,0.13665415736986072,False
1982-04-14 01:00:00,0.0,0.008621872,0.006285345,0.0035208795564249155,0.13639864124660128,False
1982-04-14 02:00:00,0.0,0.0074717854,0.005446932,0.0030512231360189618,0.13623100302810529,False
1982-04-14 03:00:00,0.0,0.0065855687,0.0048008794,0.0026893223212100564,0.13617391381296076,False
1982-04-14 04:00:00,0.0,0.005546904,0.004043693,0.0022651670705527067,0.13615460551716135,False
1982-04-14 05:00:00,0.0085598705,0.0054551275,0.003976788,0.007166733874473721,0.13610715681570332,False
1982-04-14 06:00:00,0.09338479,0.007738854,0.0056416243,0.057043307120911775,0.13610723597184543,False
1982-04-14 07:00:00,0.22908774,0.015675956,0.011427772,0.1385851536914706,0.13631916298454105,False
1982-04-14 08:00:00,0.3773167,0.031109277,0.022678662,0.23041571461781857,0.13692499734609487,False
1982-04-14 09:00:00,0.51199526,0.051845886,0.037795648,0.3165933595374227,0.13794334129966584,False
1982-04-14 10:00:00,0.58724815,0.06750976,0.0494294,0.3664224707707762,0.13956236640644049,False
1982-04-14 11:00:00,0.62844855,0.087294295,0.06425142,0.3982959828525781,0.14111824589852032,False
1982-04-14 12:00:00,0.61643124,0.09665134,0.07109733,0.39518442284315825,0.14257910288638223,False
1982-04-14 13:00:00,0.5721975,0.10355972,0.0756506,0.3724566240161657,0.1436760983498218,False
1982-04-14 14:00:00,0.47945148,0.1014659,0.07396864,0.3180787274613976,0.1445516668454195,False
1982-04-14 15:00:00,0.37514287,0.09624864,0.07016527,0.25576211062073706,0.14524961578908785,False
1982-04-14 16:00:00,0.2700544,0.08302368,0.06052427,0.18972543810307976,0.14572597172725113,False
1982-04-14 17:00:00,0.16658048,0.047908247,0.03492511,0.11568103781342506,0.1460929043998548,False
1982-04-14 18:00:00,0.05365685,0.03725061,0.027155692,0.046171884238719936,0.1462105414845742,False
1982-04-14 19:00:00,0.0013794634,0.03557586,0.025934797,0.015323921445291488,0.14627014750165343,False
1982-04-14 20:00:00,0.0,0.03552825,0.025900096,0.01450852943211794,0.14633552426812813,False
1982-04-14 21:00:00,0.0,0.037723307,0.027500292,0.015404915906488894,0.14643968483948258,False
1982-04-14 22:00:00,0.0,0.041605975,0.030330757,0.016990465812385083,0.14656894404845652,False
1982-04-14 23:00:00,0.0,0.044516772,0.03245273,0.018179136224091053,0.14666464945513863,False
1982-04-15 00:00:00,0.0,0.04871152,0.0355107,0.01989212857559323,0.14679036789239028,False
1982-04-15 01:00:00,0.0,0.049688533,0.03622294,0.020291107334196565,0.14692475261262725,False
1982-04-15 02:00:00,0.0,0.051922012,0.037852608,0.02120326328650117,0.1470603729519934,False
1982-04-15 03:00:00,0.0,0.052593645,0.03834077,0.021477456461638213,0.14718101324891897,False
1982-04-15 04:00:00,0.0,0.05079055,0.037026312,0.02074113319069147,0.14729618003751957,False
1982-04-15 05:00:00,0.009823187,0.051206782,0.037329745,0.02657908797916025,0.14740914964579852,False
1982-04-15 06:00:00,0.10050702,0.051836967,0.03778915,0.07916100624203683,0.14755575733884074,False
1982-04-15 07:00:00,0.24623749,0.05347153,0.03898075,0.16391498539224264,0.14776762133815394,False
1982-04-15 08:00:00,0.39747682,0.068860665,0.050199427,0.25746448078751566,0.14802805141943576,False
1982-04-15 09:00:00,0.53944564,0.07917888,0.057721402,0.34359409491717813,0.14819823810677424,False
1982-04-15 10:00:00,0.6441983,0.08011305,0.058402408,0.4044178649112582,0.148199328157294,False
1982-04-15 11:00:00,0.6949055,0.09016526,0.06573048,0.4377809107899665,0.14847756819816996,False
1982-04-15 12:00:00,0.69093937,0.09997265,0.07293336,0.43950032414495943,0.14862790581003832,False
1982-04-15 13:00:00,0.63635224,0.10354195,0.07551779,0.40946018243581056,0.14878157492845387,False
1982-04-15 14:00:00,0.5476867,0.10397199,0.07579558,0.3584738486856222,0.14879369650449362,False
1982-04-15 15:00:00,0.4356889,0.092781626,0.0676378,0.28928136386722325,0.14889773500929968,False
1982-04-15 16:00:00,0.3152981,0.07624068,0.055579457,0.2130611116439104,0.14884212674023964,False
1982-04-15 17:00:00,0.17455873,0.036440924,0.026565434,0.11560162093862891,0.14870337682995394,False
1982-04-15 18:00:00,0.05440844,0.028284969,0.020619743,0.0429442886058241,0.14860110357995523,False
1982-04-15 19:00:00,0.0015448802,0.028420119,0.020718269,0.012497206181753427,0.14877458811879227,False
1982-04-15 20:00:00,0.0,0.028641446,0.020879615,0.011696192627772687,0.14918523420267585,False
1982-04-15 21:00:00,0.0,0.02767201,0.020172894,0.011300307797268034,0.1496401365079436,False
1982-04-15 22:00:00,0.0,0.024705008,0.018009953,0.010088685303926467,0.15004888188387114,False
1982-04-15 23:00:00,0.0,0.02845073,0.020740584,0.011618310632184149,0.15045030448972094,False
1982-04-16 00:00:00,0.0,0.02652188,0.019334452,0.010830634206533431,0.15081164351166074,False
1982-04-16 01:00:00,0.0,0.024562906,0.017906358,0.010030655845999718,0.15111660484075393,False
1982-04-16 02:00:00,0.0,0.021652041,0.015784338,0.008841957388445735,0.15147000637920421,False
1982-04-16 03:00:00,0.0,0.02012246,0.014669273,0.008217328174039721,0.1518338938566375,False
1982-04-16 04:00:00,0.0,0.018825535,0.013723814,0.007687708267942071,0.15221873236205277,False
1982-04-16 05:00:00,0.011203803,0.018951893,0.013815931,0.014203903140500186,0.1526301512465797,False
1982-04-16 06:00:00,0.102133594,0.02028008,0.014784178,0.06721277908794582,0.15307265555373784,False
1982-04-16 07:00:00,0.24324127,0.026289131,0.019164776,0.15108579759299753,0.15339579235634535,False
1982-04-16 08:00:00,0.38788888,0.036175374,0.026371846,0.23858467561006547,0.1535130328679248,False
1982-04-16 09:00:00,0.5198007,0.04094529,0.02984912,0.31664568196237086,0.1530238702272787,False
1982-04-16 10:00:00,0.62679285,0.044368334,0.03234452,0.37977799273282287,0.15220390168985123,False
1982-04-16 11:00:00,0.6684296,0.04855522,0.035396755,0.4055121882222592,0.1512884265754473,False
1982-04-16 12:00:00,0.6614952,0.05112523,0.037270293,0.40256054052710527,0.15019334445401175,False
1982-04-16 13:00:00,0.60986745,0.051779382,0.037747167,0.3730384596660733,0.14911372506436352,False
1982-04-16 14:00:00,0.523879,0.050920982,0.037121393,0.3230725756920874,0.1482802675576361,False
1982-04-16 15:00:00,0.40250167,0.05105054,0.037255544,0.25309291370585557,0.14786150816413035,False
1982-04-16 16:00:00,0.28168634,0.050279472,0.03665373,0.18306544240936634,0.14757617544154097,False
1982-04-16 17:00:00,0.15593171,0.050921366,0.03721001,0.11077192181348801,0.14751114622616293,False
1982-04-16 18:00:00,0.04938353,0.063590676,0.04703494,0.05449914210289716,0.14784998241435818,False
1982-04-16 19:00:00,0.0017396003,0.083142295,0.062068094,0.03503493347170297,0.1483241588786889,False
1982-04-16 20:00:00,0.0,0.0888756,0.06571748,0.03634384008497,0.14874060151866914,False
1982-04-16 21:00:00,0.0,0.08564553,0.06336101,0.0350246939510107,0.14906421324972804,False
1982-04-16 22:00:00,0.0,0.08858893,0.06610066,0.036258750893175595,0.14933471432888226,False
1982-04-16 23:00:00,0.0,0.08669013,0.06545837,0.0355234092772007,0.14961511804653607,False
1982-04-17 00:00:00,0.0,0.084005244,0.065413654,0.034530272372066975,0.14972707102600297,False
1982-04-17 01:00:00,0.0,0.090329975,0.07264112,0.037254381179809566,0.1497905591438878,False
1982-04-17 02:00:00,0.0,0.09351527,0.07708755,0.0386698622033,0.14984838933394104,False
1982-04-17 03:00:00,0.0,0.096284434,0.08186571,0.039949704721570015,0.14994496509666833,False
1982-04-17 04:00:00,0.0,0.09723763,0.085343584,0.04048923964798451,0.1500705612838622,False
1982-04-17 05:00:00,0.011361787,0.09904147,0.08735632,0.04781929472275078,0.15022252129038527,False
1982-04-17 06:00:00,0.08854237,0.10467044,0.09183761,0.09467157276719808,0.15041561580617022,False
1982-04-17 07:00:00,0.20918147,0.117618926,0.10080438,0.16954252994805574,0.1506751786348647,False
1982-04-17 08:00:00,0.32961926,0.10529885,0.09146458,0.23398467403650283,0.15088822215804096,False
1982-04-17 09:00:00,0.4539261,0.10170615,0.08871639,0.30423560512065884,0.151182240384251,False
1982-04-17 10:00:00,0.5475968,0.10713117,0.092227735,0.36047505941987035,0.1515757679507063,False
1982-04-17 11:00:00,0.5900308,0.107972555,0.091246866,0.38521696896106,0.15152326254578505,False
1982-04-17 12:00:00,0.593942,0.10849695,0.09145728,0.38767859344184397,0.15126968789582648,False
1982-04-17 13:00:00,0.5619447,0.10899098,0.09248971,0.369454222112894,0.15106615452484737,False
1982-04-17 14:00:00,0.5059027,0.112060905,0.0947604,0.3383733977973461,0.15100769887461835,False
1982-04-17 15:00:00,0.39499614,0.11515332,0.09594532,0.27558539318293335,0.15082222329476735,False
1982-04-17 16:00:00,0.28484192,0.11044106,0.08950311,0.20993970930576322,0.15111392737398122,False
1982-04-17 17:00:00,0.16181345,0.09317082,0.07628449,0.131865757972002,0.1513107109328348,False
1982-04-17 18:00:00,0.0542672,0.0831959,0.06839436,0.06570475889369846,0.1514488613652147,False
1982-04-17 19:00:00,0.0020135278,0.07582391,0.061956007,0.032486452900804576,0.15125098641182647,False
1982-04-17 20:00:00,0.0,0.065919675,0.05379992,0.02722955571860075,0.1507009482818257,False
1982-04-17 21:00:00,0.0,0.058937468,0.046971,0.024284359596669674,0.15006079167474035,False
1982-04-17 22:00:00,0.0,0.05740692,0.04379463,0.02354806375131011,0.14944187825542848,False
1982-04-17 23:00:00,0.0,0.041590147,0.030468324,0.016992053646594285,0.1487945087919079,False
1982-04-18 00:00:00,0.0,0.03398079,0.024799114,0.013878063865005971,0.14817614057750414,False
1982-04-18 01:00:00,0.0,0.03135308,0.022911461,0.012806504968553782,0.14757169505770526,False
1982-04-18 02:00:00,0.0,0.032971922,0.024276938,0.013477593999356031,0.1468957208695074,False
1982-04-18 03:00:00,0.0,0.03483473,0.025776468,0.014245945159345866,0.14617390158827856,False
1982-04-18 04:00:00,2.3050605e-07,0.036686834,0.026744701,0.014981788581049002,0.14542363571692932,False
1982-04-18 05:00:00,0.014053492,0.03762207,0.027426492,0.02347243989817798,0.14466802946635648,False
1982-04-18 06:00:00,0.11056856,0.038871344,0.02833721,0.07967179486528038,0.1439622092277313,False
1982-04-18 07:00:00,0.24958302,0.04237004,0.030887758,0.16131188670545818,0.14349532814718133,False
1982-04-18 08:00:00,0.4063313,0.044676565,0.032569215,0.2526975504681468,0.14310879252494363,False
1982-04-18 09:00:00,0.5441425,0.05280751,0.038496673,0.33553500515222545,0.14315952440479665,False
1982-04-18 10:00:00,0.62582207,0.039568428,0.028845381,0.37725773329660295,0.1433800772717259,False
1982-04-18 11:00:00,0.6467798,0.049339745,0.035968676,0.39334060502424834,0.1434362088595165,False
1982-04-18 12:00:00,0.63745886,0.0611637,0.04458834,0.39279093872010706,0.14338337455216846,False
1982-04-18 13:00:00,0.5915986,0.070721395,0.051555898,0.37023258845508095,0.14299620964770413,False
1982-04-18 14:00:00,0.4905078,0.07627163,0.055602018,0.31416974785923957,0.14213309028508347,False
1982-04-18 15:00:00,0.40756172,0.078193575,0.057003114,0.267094709508121,0.141076738310865,False
1982-04-18 16:00:00,0.288039,0.064433746,0.046972197,0.19251105323433876,0.1400604828048223,False
1982-04-18 17:00:00,0.17840031,0.03542451,0.02582447,0.11740314256772398,0.1391122282888233,False
1982-04-18 18:00:00,0.06280673,0.021455409,0.01564099,0.04500114434026181,0.13835338211762302,False
1982-04-18 19:00:00,0.0028194922,0.017156806,0.012507312,0.00863310323166661,0.13770910030877345,False
1982-04-18 20:00:00,0.0,0.01375316,0.010026054,0.005616322944872081,0.13710927361935193,False
1982-04-18 21:00:00,0.0,0.013019815,0.0094914455,0.005316849824041127,0.13657820659172887,False
1982-04-18 22:00:00,0.0,0.012696984,0.009256101,0.005185016644187272,0.13610127578848788,False
1982-04-18 23:00:00,0.0,0.0143051455,0.01042845,0.0058417349858209495,0.13564415885718936,False
1982-04-19 00:00:00,0.0,0.013509664,0.009848546,0.00551688742171973,0.13531639814286484,False
1982-04-19 01:00:00,0.0,0.011772822,0.008582388,0.004807620146311819,0.13504828029547808,False
1982-04-19 02:00:00,0.0,0.009850322,0.007180885,0.004022536704316735,0.1347977926723821,False
1982-04-19 03:00:00,0.0,0.009640722,0.0070280856,0.003936942896805703,0.13452831640166424,False
1982-04-19 04:00:00,1.23897e-06,0.010332459,0.007532361,0.004220139620489022,0.13423972833776734,False
1982-04-19 05:00:00,0.016111823,0.011370686,0.00828923,0.01393992326874286,0.13393589156245955,False
1982-04-19 06:00:00,0.11534681,0.013973177,0.010186446,0.07226128090079872,0.13364764024390302,False
1982-04-19 07:00:00,0.25081977,0.015343617,0.011185496,0.15098882008064538,0.13330414316143321,False
1982-04-19 08:00:00,0.39343095,0.023043415,0.01679865,0.23641980426944792,0.13292305150333933,False
1982-04-19 09:00:00,0.5260732,0.027617129,0.020132886,0.314822142733261,0.13239347159804102,False
1982-04-19 10:00:00,0.6146183,0.020899428,0.015235681,0.36316937563382085,0.13173554101357185,False
1982-04-19 11:00:00,0.6484075,0.020936571,0.015262761,0.3826809222083538,0.1313835007779396,False
1982-04-19 12:00:00,0.62487084,0.02092291,0.015252802,0.3690946780275553,0.1313094094139115,False
1982-04-19 13:00:00,0.5523372,0.02283714,0.016648276,0.3280244927071035,0.13085622163070157,False
1982-04-19 14:00:00,0.48180228,0.023676272,0.017260004,0.28766850303485986,0.13006864562739098,False
1982-04-19 15:00:00,0.37641668,0.02353943,0.017160244,0.22680512889288362,0.12941063749933562,False
1982-04-19 16:00:00,0.27090365,0.01986475,0.014481404,0.1644234925378114,0.12866051888533583,False
1982-04-19 17:00:00,0.15869096,0.009492608,0.0069201114,0.09544114175438881,0.12810754981046954,False
1982-04-19 18:00:00,0.05617124,0.0057997666,0.00422803,0.03477923206891865,0.12766903045962472,False
1982-04-19 19:00:00,0.0029462706,0.004884769,0.0035609966,0.0036947718085721133,0.12747382758657025,False
1982-04-19 20:00:00,0.0,0.0042568147,0.0031032178,0.0017383383926935494,0.12735118311535223,False
1982-04-19 21:00:00,0.0,0.0034079258,0.002484378,0.0013916810411028564,0.12725598797034068,False
1982-04-19 22:00:00,0.0,0.003933851,0.0028677774,0.0016064510489813984,0.12716211380986384,False
1982-04-19 23:00:00,0.0,0.0030843394,0.0022484835,0.001259539359016344,0.12707331648069556,False
1982-04-20 00:00:00,0.0,0.002469371,0.0018001716,0.0010084071904420853,0.12696842064036934,False
1982-04-20 01:00:00,0.0,0.0019176402,0.0013979597,0.000783099059946835,0.12686947359294606,False
1982-04-20 02:00:00,0.0,0.0013290357,0.00096886704,0.0005427330048987641,0.12678225772509938,False
1982-04-20 03:00:00,0.0,0.00096413045,0.00070285104,0.0003937180922948755,0.1267078908161569,False
1982-04-20 04:00:00,3.1406446e-06,0.00096925604,0.0007065877,0.0003976233662754112,0.1266348665568297,False
1982-04-20 05:00:00,0.01575016,0.0013432412,0.0009792228,0.009636376607464626,0.12655703900589071,False
1982-04-20 06:00:00,0.1081222,0.0019527229,0.0014235349,0.06318393490673042,0.12647948963839034,False
1982-04-20 07:00:00,0.24608396,0.0025199018,0.0018370084,0.14301948711695148,0.12617655733538924,False
1982-04-20 08:00:00,0.39058673,0.0046751434,0.0034081794,0.22727771501382812,0.1257877371659151,False
1982-04-20 09:00:00,0.52078056,0.008482469,0.00618372,0.30395433709770436,0.12522348203690759,False
1982-04-20 10:00:00,0.6191933,0.007555132,0.005507691,0.3603598019862547,0.12437289637835325,False
1982-04-20 11:00:00,0.6667639,0.012394392,0.009035512,0.38978421955090015,0.12332333437591808,False
1982-04-20 12:00:00,0.63186085,0.015804972,0.011521825,0.371037925126031,0.12199387637446031,False
1982-04-20 13:00:00,0.5639578,0.0172034,0.01254128,0.33242894029617304,0.12092927494872885,False
1982-04-20 14:00:00,0.47795552,0.016664028,0.012148078,0.2825853577125817,0.12043100321007931,False
1982-04-20 15:00:00,0.38969812,0.015263763,0.011127284,0.23108901603613047,0.12015967999793821,False
1982-04-20 16:00:00,0.27962795,0.011321244,0.008253187,0.16596853764075786,0.11986543230013223,False
1982-04-20 17:00:00,0.16326399,0.005267066,0.003839691,0.09635421372717246,0.11968481088099148,False
1982-04-20 18:00:00,0.060045816,0.00241198,0.0017583333,0.0356314064336475,0.1195542915259845,False
1982-04-20 19:00:00,0.0030605728,0.0024003421,0.0017498494,0.002746168613201007,0.11955397271110056,False
1982-04-20 20:00:00,0.0,0.0025637688,0.0018689872,0.001046955984318629,0.11957246822343616,False
1982-04-20 21:00:00,0.0,0.0019856945,0.0014475712,0.0008108901211526245,0.11957959882048484,False
1982-04-20 22:00:00,0.0,0.0022596025,0.0016472501,0.0009227448441088199,0.11958461540568564,False
1982-04-20 23:00:00,0.0,0.0019755187,0.0014401531,0.0008067346501629799,0.11957585747117296,False
1982-04-21 00:00:00,0.0,0.001879268,0.0013699863,0.000767429145402275,0.11956827419176293,False
1982-04-21 01:00:00,0.0,0.0015213276,0.0011090479,0.0006212584896711633,0.11955869200632184,False
1982-04-21 02:00:00,0.0,0.0011091155,0.00080854516,0.0004529250750783831,0.1195497799706503,False
1982-04-21 03:00:00,0.0,0.001057332,0.000770795,0.0004317784490995109,0.11954540279842,False
1982-04-21 04:00:00,5.964344e-06,0.0011778056,0.0008586201,0.0004844171754170929,0.11954385047001813,False
1982-04-21 05:00:00,0.016651178,0.0014933272,0.0010886354,0.010217553628724998,0.1195419491250107,False
1982-04-21 06:00:00,0.09875882,0.0018040021,0.0013151173,0.057720530356746166,0.11959439395997497,False
1982-04-21 07:00:00,0.22785176,0.002093672,0.001526287,0.132325451945886,0.11970072733711305,False
1982-04-21 08:00:00,0.36027214,0.0035716335,0.002603721,0.2093355580770876,0.11979949980470729,False
1982-04-21 09:00:00,0.47261,0.0031786754,0.0023172544,0.27399403112265275,0.11986573052381116,False
1982-04-21 10:00:00,0.54055744,0.002176367,0.0015865715,0.31279039951693266,0.12000340529030684,False
1982-04-21 11:00:00,0.551011,0.0022861261,0.001666586,0.31886693813838063,0.12012322937202922,False
1982-04-21 12:00:00,0.54903716,0.0029369956,0.0021410699,0.31799380959244444,0.11987019527542027,False
1982-04-21 13:00:00,0.5243172,0.0038603165,0.0028141707,0.30410744925192557,0.1199206741264937,False
1982-04-21 14:00:00,0.4719649,0.0056842244,0.0041438,0.2746449888520874,0.12015367617530409,False
1982-04-21 15:00:00,0.36287287,0.008089787,0.0058974554,0.2126812393981963,0.12025415459445532,False
1982-04-21 16:00:00,0.26288185,0.009968606,0.0072671142,0.15575366441905497,0.1203042456125795,False
1982-04-21 17:00:00,0.14810209,0.009112676,0.0066431407,0.08917621271405368,0.12033239437607245,False
1982-04-21 18:00:00,0.055193316,0.007144046,0.00520801,0.03476392895448952,0.12046075684240622,False
1982-04-21 19:00:00,0.0035461045,0.0062112273,0.0045279856,0.0045825564006809144,0.12052730307997293,False
1982-04-21 20:00:00,0.0,0.0050949566,0.0037142234,0.0020806070510298014,0.1205331915249241,False
1982-04-21 21:00:00,0.0,0.0039975834,0.002914238,0.0016324771307408808,0.12051989243424548,False
1982-04-21 22:00:00,0.0,0.0029044293,0.002117329,0.0011860701923724264,0.12051245271437588,False
1982-04-21 23:00:00,0.0,0.0021929885,0.0015986885,0.0008955419473350048,0.12050285646023773,False
1982-04-22 00:00:00,0.0,0.0013430655,0.0009790946,0.0005484622892690822,0.12049782075185582,False
1982-04-22 01:00:00,0.0,0.0008701051,0.0006343067,0.00035532134771347045,0.12050165330393581,False
1982-04-22 02:00:00,0.0,0.00081453583,0.0005937966,0.00033262873784406115,0.12051846001503662,False
1982-04-22 03:00:00,0.0,0.00078166724,0.0005698355,0.00031920632900437343,0.12054901981290976,False
1982-04-22 04:00:00,2.2042139e-05,0.00071906205,0.0005241962,0.0003063588059194444,0.12058643355032626,False
1982-04-22 05:00:00,0.020506393,0.0007873815,0.0005740011,0.012153728685749229,0.12062821864194574,False
1982-04-22 06:00:00,0.117654145,0.0009831756,0.00071673497,0.06828793700935785,0.12076708634748956,False
1982-04-22 07:00:00,0.25452447,0.0022037749,0.0016065519,0.14776056556147524,0.12121658510347304,False
1982-04-22 08:00:00,0.3957247,0.0052003097,0.0037910258,0.23045678953081367,0.1219025935267294,False
1982-04-22 09:00:00,0.5329743,0.007435862,0.005420743,0.31056272588949646,0.12280833032278769,False
1982-04-22 10:00:00,0.63208425,0.003425225,0.002496989,0.36611135790892874,0.1239408027517514,False
1982-04-22 11:00:00,0.65150243,0.0042160233,0.003073481,0.37763858291367064,0.12539389811518503,False
1982-04-22 12:00:00,0.64333034,0.0055325525,0.0040332307,0.3734609099775552,0.12712897498576028,False
1982-04-22 13:00:00,0.59077644,0.0066974987,0.0048824763,0.34361303863907233,0.1285814238697758,False
1982-04-22 14:00:00,0.49288806,0.0073755146,0.0053767497,0.287408321831841,0.12939339732421135,False
1982-04-22 15:00:00,0.3993734,0.0074808532,0.005453542,0.23349338490609076,0.12939337970928289,False
1982-04-22 16:00:00,0.28541812,0.006448679,0.0047010873,0.1673196782884188,0.12950420766714496,False
1982-04-22 17:00:00,0.17579255,0.0026528006,0.0019338919,0.10251561211119405,0.12971228574591534,False
1982-04-22 18:00:00,0.06644299,0.0011950586,0.0008711977,0.038825625836849204,0.13012544582521002,False
1982-04-22 19:00:00,0.004596031,0.00092295685,0.0006728355,0.0030288139708573,0.13077672662421752,False
1982-04-22 20:00:00,0.0,0.0010005721,0.0007294171,0.0004085996317444369,0.13155003774886642,False
1982-04-22 21:00:00,0.0,0.0011112178,0.00081007794,0.00045378356741275635,0.13239069905072606,False
1982-04-22 22:00:00,0.0,0.0011316433,0.00082496786,0.0004621246454771608,0.13330806928510933,False
1982-04-22 23:00:00,0.0,0.0013836133,0.0010086542,0.0005650206478312611,0.13427482853693287,False
1982-04-23 00:00:00,0.0,0.0023297523,0.0016983896,0.0009513916452415287,0.13531978120867494,False
1982-04-23 01:00:00,0.0,0.0034968157,0.0025491784,0.0014279806225094946,0.13630959273414406,False
1982-04-23 02:00:00,0.0,0.0047011636,0.003427148,0.0019197953729890287,0.13728228956093733,False
1982-04-23 03:00:00,0.0,0.005455003,0.003976698,0.0022276378450915217,0.1382712474415515,False
1982-04-23 04:00:00,4.2470732e-05,0.006037711,0.0044014915,0.0024901015731520603,0.13929026186646876,False
1982-04-23 05:00:00,0.024159223,0.007207583,0.0052543283,0.01688320349482819,0.1403232584545077,False
1982-04-23 06:00:00,0.13148461,0.0083989585,0.00612284,0.07929647064395247,0.14139404228938424,False
1982-04-23 07:00:00,0.27932236,0.010002931,0.007292138,0.16525385626219213,0.14226426192792385,False
1982-04-23 08:00:00,0.4294112,0.012343487,0.008998402,0.2528109242878854,0.1431210527648777,False
1982-04-23 09:00:00,0.55839926,0.015075532,0.010990064,0.32835270771291103,0.1437024512074205,False
1982-04-23 10:00:00,0.65072626,0.017312719,0.0126209725,0.3825389769617468,0.14364733067154653,False
1982-04-23 11:00:00,0.67533904,0.030556269,0.02230994,0.402150627925992,0.14348010238887957,False
1982-04-23 12:00:00,0.63996625,0.045027588,0.033993524,0.38771135602518914,0.14288716789996894,False
1982-04-23 13:00:00,0.55628437,0.05383916,0.04147121,0.34308217506483196,0.1421112547828259,False
1982-04-23 14:00:00,0.42993867,0.06448108,0.051407594,0.2746441433355212,0.14171694177564992,False
1982-04-23 15:00:00,0.3230881,0.07630403,0.063388035,0.21800098137557505,0.14182873920999564,False
1982-04-23 16:00:00,0.22336966,0.08886813,0.07527367,0.16574141220003363,0.14191910949530098,False
1982-04-23 17:00:00,0.12057658,0.09488231,0.081919186,0.10900789652019739,0.1423014710711748,False
1982-04-23 18:00:00,0.04467178,0.09682348,0.08373933,0.06602540730684996,0.1428075403324305,False
1982-04-23 19:00:00,0.0031338448,0.09588221,0.08356903,0.04170149038382806,0.14334863027417802,False
1982-04-23 20:00:00,0.0,0.101997264,0.08880295,0.042432349540293214,0.14387921600776718,False
1982-04-23 21:00:00,0.0,0.10989189,0.09474334,0.04566624838113785,0.1443140132658471,False
1982-04-23 22:00:00,0.0,0.1144918,0.0989452,0.04759051427990198,0.14466575150984393,False
1982-04-23 23:00:00,0.0,0.12294842,0.10528337,0.05105327019095421,0.14491451069846045,False
1982-04-24 00:00:00,0.0,0.11564102,0.09977554,0.04805941551178693,0.14509534219826567,False
1982-04-24 01:00:00,0.0,0.113169655,0.09787345,0.04704476903378964,0.145226066613245,False
1982-04-24 02:00:00,0.0,0.11505263,0.09904047,0.04780260700732469,0.14532314158322227,False
1982-04-24 03:00:00,0.0,0.118583545,0.10138094,0.04923189872503281,0.14539276041079832,False
1982-04-24 04:00:00,7.033315e-05,0.12009619,0.10248367,0.049890195031788605,0.14544280319987848,False
1982-04-24 05:00:00,0.018858766,0.12700233,0.10751825,0.06355135275982321,0.14547702880960603,False
1982-04-24 06:00:00,0.092469804,0.13691568,0.11447251,0.11005847965925933,0.14554996389241023,False
1982-04-24 07:00:00,0.19135061,0.19005056,0.15460312,0.18888652573525905,0.14561982973448842,False
1982-04-24 08:00:00,0.29902458,0.20768268,0.1702189,0.25836391477286813,0.14554845327081845,False
1982-04-24 09:00:00,0.39629918,0.19165848,0.1579691,0.3079169401675463,0.14539151761821692,False
1982-04-24 10:00:00,0.4794436,0.19690897,0.16270424,0.3580844003409147,0.14509495305117828,False
1982-04-24 11:00:00,0.49069002,0.1595114,0.13314587,0.34917772744596,0.1445519887590702,False
1982-04-24 12:00:00,0.47688386,0.14767817,0.12151575,0.33621708035469056,0.14391218227248162,False
1982-04-24 13:00:00,0.46881276,0.13121445,0.10672066,0.3246860142946243,0.14329930904390434,False
1982-04-24 14:00:00,0.42201295,0.11939236,0.096617475,0.2927745986804366,0.14316408511033116,False
1982-04-24 15:00:00,0.33253217,0.11159062,0.08857705,0.23783115860074758,0.14387497603970104,False
1982-04-24 16:00:00,0.25317323,0.09593295,0.0776448,0.18567303393036125,0.14445671820841563,False
1982-04-24 17:00:00,0.16355665,0.07828671,0.06568434,0.12680693665146828,0.14489522579575412,False
1982-04-24 18:00:00,0.06323308,0.06834806,0.057259705,0.06479794304072857,0.14519226046417982,False
1982-04-24 19:00:00,0.0046404894,0.062885314,0.04842011,0.02849692918313667,0.14530363745482158,False
1982-04-24 20:00:00,0.0,0.052078247,0.03818509,0.02127886801958084,0.14529348129164704,False
1982-04-24 21:00:00,0.0,0.0424551,0.03094977,0.017337219279259443,0.1452332813594518,False
1982-04-24 22:00:00,0.0,0.0303712,0.022140607,0.012402565699070691,0.1451585588063141,False
1982-04-24 23:00:00,0.0,0.02263884,0.016503712,0.009244932638481258,0.14518607304329328,False
1982-04-25 00:00:00,0.0,0.017695311,0.012899882,0.007226163564249873,0.14516461339025102,False
1982-04-25 01:00:00,0.0,0.0149071645,0.010867324,0.006087579181417823,0.14525339122712888,False
1982-04-25 02:00:00,0.0,0.012884273,0.009392635,0.005261499096639454,0.1454308381233392,False
1982-04-25 03:00:00,0.0,0.011337114,0.008264756,0.004629691720940172,0.14564950185353212,False
1982-04-25 04:00:00,0.0001158581,0.009956952,0.007258618,0.004132930840074551,0.1458983960029697,False
1982-04-25 05:00:00,0.02736311,0.011253564,0.008203848,0.02038408746942878,0.14620890688878943,False
1982-04-25 06:00:00,0.13026766,0.018330587,0.013362997,0.08265003106370566,0.14652539375282972,False
1982-04-25 07:00:00,0.25953388,0.029573314,0.021558948,0.1618277860060334,0.14684035571864643,False
1982-04-25 08:00:00,0.40410063,0.029659549,0.021621812,0.24527801296301185,0.1468426663743471,False
1982-04-25 09:00:00,0.5209091,0.033188548,0.024194451,0.3141176084950566,0.14689156110226015,False
1982-04-25 10:00:00,0.5912023,0.03759606,0.027407523,0.3564766909405589,0.14696552355694423,False
1982-04-25 11:00:00,0.6114682,0.04560313,0.033244677,0.37143991656973957,0.146500630091393,False
1982-04-25 12:00:00,0.58191603,0.055165928,0.04021596,0.35829344105347993,0.14670156477250307,False
1982-04-25 13:00:00,0.53387374,0.069903664,0.050959777,0.33659142625331884,0.14732863788724093,False
1982-04-25 14:00:00,0.4718577,0.089321464,0.06565549,0.3087669079452753,0.14793318982591377,False
1982-04-25 15:00:00,0.35616007,0.09865475,0.07438224,0.24592460547387598,0.14876042517583343,False
1982-04-25 16:00:00,0.25721765,0.093515255,0.07163085,0.18678977639228103,0.15000693331424295,False
1982-04-25 17:00:00,0.15565805,0.08160076,0.06185525,0.1232655606046319,0.15120840123200938,False
1982-04-25 18:00:00,0.062177848,0.08651595,0.066120364,0.07137150285765527,0.15221247749960198,False
1982-04-25 19:00:00,0.0053386353,0.0929141,0.07126482,0.041213994551450014,0.15323611153474226,False
1982-04-25 20:00:00,0.0,0.096424736,0.07337084,0.0395427527949214,0.1541408344661296,False
1982-04-25 21:00:00,0.0,0.10253302,0.078608915,0.042079565830528735,0.15492675657341637,False
1982-04-25 22:00:00,0.0,0.118185006,0.09816538,0.048911197654902934,0.15565380866946102,False
1982-04-25 23:00:00,0.0,0.12048514,0.103040546,0.05002320684492588,0.15635865690423556,False
1982-04-26 00:00:00,0.0,0.12558761,0.11072079,0.05232075168192387,0.15702148913281885,False
1982-04-26 01:00:00,0.0,0.1332015,0.11871979,0.05556222005188465,0.15763994853062935,False
1982-04-26 02:00:00,0.0,0.13960597,0.1256271,0.05829846605658531,0.1582388217467061,False
1982-04-26 03:00:00,0.0,0.14630893,0.13316339,0.061178817898035046,0.1588757177134804,False
1982-04-26 04:00:00,8.600757e-05,0.15482019,0.14104521,0.06479471755113626,0.15953966080983548,False
1982-04-26 05:00:00,0.018204963,0.16358127,0.14586984,0.07874272223375738,0.16020716318229686,False
1982-04-26 06:00:00,0.084025614,0.18383022,0.1640838,0.1251766540184617,0.1608827839521071,False
1982-04-26 07:00:00,0.16602316,0.22386155,0.19624372,0.18899743720889092,0.16144581247991888,False
1982-04-26 08:00:00,0.255072,0.27357313,0.233071,0.26071086171269414,0.161888468949295,False
1982-04-26 09:00:00,0.33035904,0.2919556,0.24293256,0.311467137992382,0.1619764719487246,False
1982-04-26 10:00:00,0.38066193,0.28084713,0.23138863,0.3357695139944553,0.1620306858763177,False
1982-04-26 11:00:00,0.40368327,0.30501428,0.247168,0.35882259213924406,0.16235163964064953,False
1982-04-26 12:00:00,0.4077829,0.31771216,0.25537154,0.3663165898621082,0.16269959049009877,False
1982-04-26 13:00:00,0.3813595,0.32427612,0.2592999,0.3537045073509216,0.16339900075455668,False
1982-04-26 14:00:00,0.3477981,0.31967512,0.2563383,0.33248189547657964,0.1639822535277112,False
1982-04-26 15:00:00,0.29404598,0.3104834,0.24871561,0.29766354924440386,0.16432698830928813,False
1982-04-26 16:00:00,0.23050968,0.26724473,0.21715005,0.2433434939831495,0.16481846485408805,False
1982-04-26 17:00:00,0.14395511,0.2223471,0.18323,0.17500259749591351,0.16511140341433547,False
1982-04-26 18:00:00,0.060073704,0.19143505,0.15982065,0.11393237672746181,0.16520015499257332,False
1982-04-26 19:00:00,0.0062407204,0.16493498,0.13818014,0.07192362988973038,0.1650643463633567,False
1982-04-26 20:00:00,0.0,0.14231175,0.1201869,0.0590031291693449,0.16480063782302126,False
1982-04-26 21:00:00,0.0,0.1259142,0.10691444,0.052235719889402385,0.16446966065555274,False
1982-04-26 22:00:00,0.0,0.11126795,0.09587794,0.04623528096824884,0.16411890697218873,False
1982-04-26 23:00:00,0.0,0.098798506,0.085263535,0.041060879610478884,0.16370203666827104,False
1982-04-27 00:00:00,0.0,0.088748656,0.07711038,0.03691221465915442,0.16336412218930593,False
1982-04-27 01:00:00,0.0,0.08377742,0.07258566,0.034833493553102016,0.1630284751045557,False
1982-04-27 02:00:00,0.0,0.08635128,0.07349782,0.035832505501806736,0.16267676487211533,False
1982-04-27 03:00:00,0.0,0.08802201,0.07442295,0.0364989603459835,0.16233162316140182,False
1982-04-27 04:00:00,0.00024983974,0.08697028,0.07290472,0.0361730447182199,0.1620018036898265,False
1982-04-27 05:00:00,0.029576143,0.08645163,0.07125554,0.05281388442032039,0.16166440973876778,False
1982-04-27 06:00:00,0.12515259,0.09073972,0.073692605,0.10967540039867163,0.16138303805119006,False
1982-04-27 07:00:00,0.2476678,0.097899646,0.074926004,0.18307529653608798,0.1610408010013211,False
1982-04-27 08:00:00,0.37082997,0.08686053,0.06447646,0.24950215693563224,0.16053287165014032,False
1982-04-27 09:00:00,0.48539233,0.089735925,0.06548046,0.31671987701952453,0.1596051173501147,False
1982-04-27 10:00:00,0.57927746,0.092064075,0.067921035,0.37188247162848714,0.1585896238295792,False
1982-04-27 11:00:00,0.6055119,0.09491777,0.069195054,0.38814155734330413,0.15749680105060918,False
1982-04-27 12:00:00,0.6121101,0.09471312,0.069045864,0.39186513374745846,0.15607497849431468,False
1982-04-27 13:00:00,0.563235,0.09697422,0.07069421,0.3645875593647361,0.15477906308252942,False
1982-04-27 14:00:00,0.4896261,0.10480773,0.07640483,0.32531417746096847,0.15361111407532624,False
1982-04-27 15:00:00,0.3927414,0.105061844,0.07659008,0.26951547962427136,0.15248548812162707,False
1982-04-27 16:00:00,0.28375337,0.090911426,0.066274434,0.20085082728415726,0.15139842696852318,False
1982-04-27 17:00:00,0.17239016,0.06870433,0.05008546,0.12752563636004924,0.1502522718176055,False
1982-04-27 18:00:00,0.0698146,0.060150072,0.043968294,0.06485268865525723,0.1494385313640779,False
1982-04-27 19:00:00,0.0064144647,0.060813762,0.04471408,0.028555984615348282,0.1488347574896144,False
1982-04-27 20:00:00,0.0,0.05787979,0.04255937,0.02365584875643253,0.14844859083497078,False
1982-04-27 21:00:00,0.0,0.061759125,0.045449477,0.025243389029055832,0.14817407349252257,False
1982-04-27 22:00:00,0.0,0.07064759,0.052453008,0.028901423066854476,0.1480144963696331,False
1982-04-27 23:00:00,0.0,0.082532786,0.06201322,0.033803311854600906,0.14811543403740154,False
1982-04-28 00:00:00,0.0,0.08837469,0.066656135,0.03620969161391258,0.14828142212878095,False
1982-04-28 01:00:00,0.0,0.09425748,0.07220589,0.0386801288947463,0.14853090711857306,False
1982-04-28 02:00:00,0.0,0.101500854,0.07921942,0.04173166394233704,0.14882637763616743,False
1982-04-28 03:00:00,0.0,0.10983351,0.08923923,0.045347483262419705,0.14912812237848644,False
1982-04-28 04:00:00,0.00027605979,0.11655986,0.100554295,0.04859980790031841,0.14945804109878022,False
1982-04-28 05:00:00,0.024052959,0.12312343,0.10973664,0.06523688123002648,0.1498444278922496,False
1982-04-28 06:00:00,0.09728882,0.12601005,0.1132578,0.10874927562475203,0.15024770606026883,False
1982-04-28 07:00:00,0.17604443,0.15142286,0.13266954,0.1646168283522129,0.15031274042446374,False
1982-04-28 08:00:00,0.2581588,0.16193442,0.13828194,0.21617865531146524,0.15002816566651275,False
1982-04-28 09:00:00,0.33089155,0.17337207,0.1449024,0.2627234490066767,0.14953792892455642,False
1982-04-28 10:00:00,0.3681033,0.17100108,0.1447967,0.28331402060389516,0.1484693899713167,False
1982-04-28 11:00:00,0.3683642,0.18830968,0.15819785,0.290575109437108,0.14694352738727093,False
1982-04-28 12:00:00,0.3840002,0.19932976,0.16651565,0.30411265009641647,0.14530307504066162,False
1982-04-28 13:00:00,0.36678886,0.20773,0.17321134,0.2976429550051689,0.14399889650317116,False
1982-04-28 14:00:00,0.3306905,0.21168095,0.17653999,0.27845184969902037,0.14293971251522708,False
1982-04-28 15:00:00,0.27489933,0.2098169,0.17491224,0.24548461389541623,0.14199961765045507,False
1982-04-28 16:00:00,0.19274627,0.18627076,0.15517668,0.1883280467391014,0.14145578858191354,False
1982-04-28 17:00:00,0.12498855,0.15409572,0.12895076,0.13594305572658777,0.14152127814802237,False
1982-04-28 18:00:00,0.05158705,0.13319148,0.11181198,0.08495123075321316,0.1421543921446138,False
1982-04-28 19:00:00,0.005990621,0.120530285,0.10102531,0.053387630466837435,0.14307071294857707,False
1982-04-28 20:00:00,0.0,0.11052421,0.093386374,0.04582629673182964,0.14396586195904348,False
1982-04-28 21:00:00,0.0,0.10743679,0.09133041,0.04457601799070835,0.144803955705497,False
1982-04-28 22:00:00,0.0,0.12239988,0.10953209,0.05108028902113437,0.14558325398516428,False
1982-04-28 23:00:00,0.0,0.117367096,0.10592314,0.04902830799669028,0.14612923212525022,False
1982-04-29 00:00:00,0.0,0.1169846,0.10592921,0.04888749416917563,0.1465800416421942,False
1982-04-29 01:00:00,0.0,0.11727388,0.10633363,0.04901607839763164,0.14699767665647487,False
1982-04-29 02:00:00,0.0,0.12029178,0.109788656,0.050316253133118154,0.14738073662331844,False
1982-04-29 03:00:00,0.0,0.124998204,0.11501336,0.052335058920085435,0.1476762458303809,False
1982-04-29 04:00:00,0.00038661627,0.13008866,0.1202559,0.054719610804750116,0.14785667997541424,False
1982-04-29 05:00:00,0.023569211,0.13990812,0.12862417,0.07217123648524285,0.14796176664246755,False
1982-04-29 06:00:00,0.08667269,0.15001297,0.13763185,0.11279704988002777,0.1480890637305445,False
1982-04-29 07:00:00,0.16860457,0.17279692,0.15497795,0.1694157081544399,0.1487956916997089,False
1982-04-29 08:00:00,0.24318525,0.20579432,0.17990369,0.2259707933217287,0.14982362381957512,False
1982-04-29 09:00:00,0.28616238,0.24182121,0.20522755,0.26543000726401805,0.15098782162491273,False
1982-04-29 10:00:00,0.3156693,0.2815433,0.23352592,0.29864106759428977,0.15253914391248216,False
1982-04-29 11:00:00,0.32558793,0.29413125,0.24076258,0.30939984470605847,0.154917549998177,False
1982-04-29 12:00:00,0.35594255,0.29986548,0.24509908,0.329264563947916,0.1578997716158508,False
1982-04-29 13:00:00,0.33502698,0.29118726,0.24051969,0.3137467279434204,0.16064159058436792,False
1982-04-29 14:00:00,0.29705507,0.26272827,0.21929848,0.28018962395191194,0.16283512711275408,False
1982-04-29 15:00:00,0.24269296,0.24966754,0.20834301,0.2434116843342781,0.16444602168940048,False
1982-04-29 16:00:00,0.18532571,0.23415421,0.1973794,0.20399432645738125,0.16534560398414772,False
1982-04-29 17:00:00,0.11928468,0.21528652,0.17865036,0.15791510819643736,0.16588455689138462,False
1982-04-29 18:00:00,0.054179866,0.18754604,0.15499656,0.10883608724549412,0.16599510091216033,False
1982-04-29 19:00:00,0.007187466,0.16268198,0.13604292,0.07152313711773603,0.1660412504225073,False
1982-04-29 20:00:00,0.0,0.15414505,0.129719,0.06388434858620166,0.16612245406288773,False
1982-04-29 21:00:00,0.0,0.15092576,0.12885375,0.06264970645308494,0.1664042075498414,False
1982-04-29 22:00:00,0.0,0.13242388,0.11562894,0.05510837379097938,0.16686225591026363,False
1982-04-29 23:00:00,0.0,0.13321094,0.116432056,0.05544216866791248,0.1673959908139345,False
1982-04-30 00:00:00,0.0,0.13515308,0.11823489,0.05625617229938507,0.16804352125557256,False
1982-04-30 01:00:00,0.0,0.13714443,0.11964282,0.05706700730323792,0.16874327929116903,False
1982-04-30 02:00:00,0.0,0.13441037,0.117012605,0.05591610588133335,0.1694822901411366,False
1982-04-30 03:00:00,0.0,0.12983425,0.11295341,0.05400832222402096,0.17019419549064826,False
1982-04-30 04:00:00,0.0004982388,0.12833965,0.11109544,0.05364396791887702,0.17090330065026993,False
1982-04-30 05:00:00,0.029973937,0.13015391,0.11158124,0.07134714145772159,0.17155921957943074,False
1982-04-30 06:00:00,0.12363421,0.17280728,0.14008506,0.1426674181446433,0.17201402796399887,False
1982-04-30 07:00:00,0.23912442,0.18514925,0.14190198,0.21395757010579108,0.17200802529244788,False
1982-04-30 08:00:00,0.35683566,0.16146657,0.121940896,0.2720601499676705,0.171409052638633,False
1982-04-30 09:00:00,0.48341218,0.14249326,0.10514961,0.33718691881000995,0.1705347331563487,False
1982-04-30 10:00:00,0.5591308,0.18197289,0.14279725,0.39747751271724696,0.16952359618214063,False
1982-04-30 11:00:00,0.62637544,0.1753708,0.14057955,0.4337217470854521,0.1684303666983276,False
1982-04-30 12:00:00,0.6262609,0.18050008,0.14375754,0.43571996058523654,0.16724098133511636,False
1982-04-30 13:00:00,0.56693333,0.18359853,0.14933918,0.4029327083677053,0.16571317013910455,False
1982-04-30 14:00:00,0.48689994,0.18085627,0.14995478,0.35577478937804696,0.16458216537844186,False
1982-04-30 15:00:00,0.37331825,0.17687863,0.14799474,0.28866456404328344,0.16385191864084248,False
1982-04-30 16:00:00,0.2540451,0.16290735,0.13890654,0.21419778628647324,0.16315993627066208,False
1982-04-30 17:00:00,0.14024967,0.14521182,0.124850914,0.14124916872382165,0.16278658013354783,False
1982-04-30 18:00:00,0.055728264,0.1323295,0.11447436,0.0871664072498679,0.16278806359102124,False
1982-04-30 19:00:00,0.005315037,0.13027807,0.11381523,0.05728540520509705,0.16304119801271502,False
1982-04-30 20:00:00,0.0,0.14269398,0.12400713,0.05935046410560608,0.16357676955654468,False
1982-04-30 21:00:00,0.0,0.16018485,0.13803947,0.06656233929097652,0.1642160857223692,False
1982-04-30 22:00:00,0.0,0.18434978,0.16063884,0.07669956439733505,0.1648995565647977,False
1982-04-30 23:00:00,0.0,0.19243762,0.16852385,0.08010976919531822,0.1655823898712891,False
1982-05-01 00:00:00,0.0,0.19810477,0.17361519,0.08247587987780572,0.16614387582305548,False
1982-05-01 01:00:00,0.0,0.20314915,0.1764178,0.08448859919607639,0.16662540465749529,False
1982-05-01 02:00:00,0.0,0.20320898,0.1759925,0.08448770990967751,0.16709705486025392,False
1982-05-01 03:00:00,0.0,0.20778432,0.1796239,0.08637210658192634,0.1674473935465115,False
1982-05-01 04:00:00,0.00024306861,0.20698428,0.17937535,0.08620371940446785,0.16770394981436162,False
1982-05-01 05:00:00,0.013420869,0.20733103,0.18061198,0.0940020389445126,0.16789784416388528,False
1982-05-01 06:00:00,0.046290047,0.20659707,0.17713414,0.11250892164558171,0.16819402964908903,False
1982-05-01 07:00:00,0.08459882,0.22224748,0.18226264,0.14066502077132464,0.16845888336172601,False
1982-05-01 08:00:00,0.14036694,0.2502794,0.19738214,0.1840034581720829,0.1692472711458395,False
1982-05-01 09:00:00,0.19327605,0.25675538,0.19689661,0.2168954325020313,0.17015197938446855,False
1982-05-01 10:00:00,0.23077264,0.27601403,0.20668629,0.2461660523712635,0.1710902553068688,False
1982-05-01 11:00:00,0.25531176,0.25680256,0.18952443,0.2523093472719192,0.17186557644340797,False
1982-05-01 12:00:00,0.26791516,0.2478524,0.18305637,0.25592962653934953,0.17258537516819591,False
1982-05-01 13:00:00,0.2680032,0.2557645,0.19339907,0.2594584994316101,0.17311717420675757,False
1982-05-01 14:00:00,0.23806658,0.2621602,0.20437488,0.245137780547142,0.17391387225329533,False
1982-05-01 15:00:00,0.19432034,0.23811787,0.18904077,0.21019653056561946,0.17507831009647154,False
1982-05-01 16:00:00,0.15419914,0.23563023,0.18801434,0.18607323187589644,0.17615874238419935,False
1982-05-01 17:00:00,0.10497498,0.23625742,0.18956971,0.15798631415516137,0.17702101379647506,False
1982-05-01 18:00:00,0.047170926,0.2269422,0.18568972,0.12098653948679566,0.1775199798011745,False
1982-05-01 19:00:00,0.006830614,0.22546238,0.18692018,0.09723057122156023,0.17769201363172035,False
1982-05-01 20:00:00,2.8813255e-07,0.22877052,0.1880562,0.09457152454577872,0.17753713182418143,False
1982-05-01 21:00:00,0.0,0.23104782,0.18888259,0.0954563068896532,0.177187922158036,False
1982-05-01 22:00:00,0.0,0.21223316,0.17722848,0.0878843725025654,0.17669136736517732,False
1982-05-01 23:00:00,0.0,0.19909541,0.16532013,0.08239349435269833,0.17610650316089352,False
1982-05-02 00:00:00,0.0,0.19196452,0.15804903,0.07936955635249615,0.17555559317883065,False
1982-05-02 01:00:00,0.0,0.19209234,0.16341004,0.0797062170356512,0.17510984474442862,False
1982-05-02 02:00:00,0.0,0.1747408,0.15283343,0.07273236282169819,0.17478977053448522,False
1982-05-02 03:00:00,0.0,0.15911454,0.14092144,0.0663230230808258,0.17460291529003494,False
1982-05-02 04:00:00,0.0009225428,0.14956509,0.13387172,0.06295089669601293,0.17454015349619054,False
1982-05-02 05:00:00,0.037987623,0.15239498,0.13724886,0.08556404474750161,0.17467985757761806,False
1982-05-02 06:00:00,0.13798392,0.18198596,0.1594603,0.15538039635121823,0.17535067560899553,False
1982-05-02 07:00:00,0.26268348,0.24174294,0.20423464,0.2518001837432384,0.17695923334378919,False
1982-05-02 08:00:00,0.37583247,0.23771717,0.20209587,0.3154861454218626,0.17968140311604539,False
1982-05-02 09:00:00,0.47816396,0.25663444,0.2152861,0.3822241630852222,0.18408724535570342,False
1982-05-02 10:00:00,0.55003995,0.28333095,0.23649552,0.4346929272711277,0.19022541447607974,False
1982-05-02 11:00:00,0.59608305,0.30062565,0.24817228,0.46827208587527275,0.19618179656506377,False
1982-05-02 12:00:00,0.5767254,0.31066486,0.2563039,0.4612463144361973,0.20162414984842936,False
1982-05-02 13:00:00,0.54694027,0.30352986,0.25161412,0.44117421460151673,0.2072826420643384,False
1982-05-02 14:00:00,0.49938574,0.2985272,0.24751279,0.4116678058505058,0.21225232492732057,False
1982-05-02 15:00:00,0.40190127,0.26217592,0.22009934,0.3405253138542175,0.21614286242025146,False
1982-05-02 16:00:00,0.2837909,0.22111383,0.18978646,0.2555868140757084,0.21904587456773517,False
1982-05-02 17:00:00,0.17355698,0.15568328,0.14092644,0.1651995369493961,0.22059635397484698,False
1982-05-02 18:00:00,0.07749088,0.120943286,0.11266149,0.09542403111606836,0.22103296990897678,False
1982-05-02 19:00:00,0.010620624,0.104483865,0.09571171,0.049851078443229196,0.22070614618275797,False
1982-05-02 20:00:00,8.355844e-07,0.10184038,0.09275591,0.042588400130624676,0.21982243406605148,False
1982-05-02 21:00:00,0.0,0.102333054,0.091978006,0.04272770923376083,0.21880177831039926,False
1982-05-02 22:00:00,0.0,0.11691893,0.101537,0.04862608259171247,0.21780637159706254,False
1982-05-02 23:00:00,0.0,0.12930687,0.11021955,0.05366609005630016,0.21701150788641696,False
1982-05-03 00:00:00,0.0,0.1472477,0.12491765,0.06107995502650738,0.216360521780282,False
1982-05-03 01:00:00,0.0,0.16672184,0.1408274,0.06912503711879253,0.21581255597244178,False
1982-05-03 02:00:00,0.0,0.18196996,0.1550323,0.0755186581760645,0.21535494064907704,False
1982-05-03 03:00:00,0.0,0.20065643,0.17254293,0.08335954047739505,0.2151680801547614,False
1982-05-03 04:00:00,0.0011087052,0.22198628,0.19179362,0.09290951531298924,0.21517589499983167,False
1982-05-03 05:00:00,0.03755237,0.25159687,0.21656188,0.12620130445063113,0.21530128875662183,False
1982-05-03 06:00:00,0.13212284,0.27330926,0.2339573,0.18971969291567803,0.2154354784662548,False
1982-05-03 07:00:00,0.25070402,0.30522692,0.26007807,0.2713291698396206,0.21528079790839538,False
1982-05-03 08:00:00,0.37165448,0.43661296,0.3690568,0.3954838856756687,0.2147368340545047,False
1982-05-03 09:00:00,0.47888094,0.5662372,0.48651326,0.5115275502800941,0.2147754538453518,False
1982-05-03 10:00:00,0.5426778,0.52973616,0.4347157,0.532072392642498,0.21509841907055663,False
1982-05-03 11:00:00,0.5196933,0.5182161,0.4158802,0.5135423048734664,0.2153550290331889,False
1982-05-03 12:00:00,0.5160911,0.55733085,0.44625187,0.5275372529029846,0.2150148134216069,False
1982-05-03 13:00:00,0.48739806,0.5262825,0.41808072,0.49800327685475343,0.21437171513059725,False
1982-05-03 14:00:00,0.42336082,0.45526212,0.36319742,0.4318835802078247,0.21320186840153224,False
1982-05-03 15:00:00,0.3535472,0.35291606,0.28367335,0.3495411136448383,0.2117127044840429,False
1982-05-03 16:00:00,0.26933196,0.25440696,0.20769507,0.260496243417263,0.2100514440806606,False
1982-05-03 17:00:00,0.17242701,0.19222525,0.15782177,0.17894387899339198,0.2086549249879729,False
1982-05-03 18:00:00,0.07710398,0.14693367,0.12206441,0.10529900062829256,0.20765436103241752,False
1982-05-03 19:00:00,0.010471687,0.117587455,0.09963807,0.05481238961964846,0.20695218527022363,False
1982-05-03 20:00:00,3.1118316e-06,0.10972892,0.09422745,0.045580048274473484,0.2064326320345304,False
1982-05-03 21:00:00,0.0,0.11471616,0.09900968,0.047676784649491315,0.20587576743306613,False
1982-05-03 22:00:00,0.0,0.11969545,0.10302397,0.049730914391577244,0.20528142552727854,False
1982-05-03 23:00:00,0.0,0.12314351,0.10567049,0.05114616125822067,0.20458266998895466,False
1982-05-04 00:00:00,0.0,0.12781575,0.109318234,0.0530671975761652,0.2037148393203786,False
1982-05-04 01:00:00,0.0,0.13916573,0.11830606,0.05774068151414394,0.2026350541381214,False
1982-05-04 02:00:00,0.0,0.15364386,0.13089767,0.06376305909454823,0.2013208616747104,False
1982-05-04 03:00:00,0.0,0.160539,0.13813415,0.06669813564419746,0.19983021667824843,False
1982-05-04 04:00:00,0.0010342516,0.16451815,0.14195995,0.06896979702194221,0.19814668755056822,False
1982-05-04 05:00:00,0.037613973,0.16906548,0.14660607,0.09200515080988407,0.19626626710814501,False
1982-05-04 06:00:00,0.12770501,0.17877463,0.15374266,0.14795572957396508,0.19404534580523225,False
1982-05-04 07:00:00,0.24442811,0.20375146,0.17538165,0.22568991875648495,0.1912863552402666,False
1982-05-04 08:00:00,0.37091565,0.24911563,0.21107216,0.3173398953825235,0.18782803401115813,False
1982-05-04 09:00:00,0.48058394,0.29087082,0.24255985,0.3977264938950539,0.18289301334423944,False
1982-05-04 10:00:00,0.5474708,0.31741497,0.2591375,0.4470102054774761,0.17643902478228943,False
1982-05-04 11:00:00,0.5712055,0.29597786,0.24333952,0.45194173651933667,0.17007593411658886,False
1982-05-04 12:00:00,0.5531295,0.26892686,0.22199754,0.4303775964677333,0.16444982360708524,False
1982-05-04 13:00:00,0.4990771,0.2350814,0.19090815,0.3850215716063976,0.1585839426011623,False
1982-05-04 14:00:00,0.44547898,0.20149677,0.16285671,0.3401879378110171,0.15323850271371192,False
1982-05-04 15:00:00,0.3373411,0.16013326,0.13055237,0.260784814491868,0.14873251102284216,False
1982-05-04 16:00:00,0.2451338,0.11379174,0.09486187,0.188553897626698,0.14524096885550145,False
1982-05-04 17:00:00,0.14867415,0.07551475,0.06523228,0.11717246708273887,0.14262210612008347,False
1982-05-04 18:00:00,0.06611475,0.056765527,0.048609305,0.061719594530761236,0.14081127369490762,False
1982-05-04 19:00:00,0.010488918,0.045661826,0.037244514,0.02491252312995493,0.139720965684019,False
1982-05-04 20:00:00,6.7423016e-06,0.038612556,0.029758813,0.01585889926033906,0.13909031653935477,False
1982-05-04 21:00:00,0.0,0.034693826,0.02587548,0.01419929775595665,0.1385091451333907,False
1982-05-04 22:00:00,0.0,0.036890358,0.027282866,0.015085816752165556,0.13789512886894648,False
1982-05-04 23:00:00,0.0,0.029410426,0.021440202,0.012010217964649201,0.13725724118594793,False
1982-05-05 00:00:00,0.0,0.022651901,0.016513234,0.009250266278162599,0.13660263667857056,False
1982-05-05 01:00:00,0.0,0.014799956,0.010789167,0.006043798875063658,0.13588289555297944,False
1982-05-05 02:00:00,0.0,0.009716035,0.0070829904,0.003967698345892131,0.1350432421920892,False
1982-05-05 03:00:00,0.0,0.006244747,0.0045524207,0.0025501423487439747,0.13404671998224932,False
1982-05-05 04:00:00,0.0012324004,0.004746328,0.0034600734,0.0026493340766755866,0.13297363362015005,False
1982-05-05 05:00:00,0.030642694,0.004692476,0.0034208146,0.01959708191081881,0.13183877895124346,False
1982-05-05 06:00:00,0.09366227,0.007946343,0.0057928837,0.05728814579732716,0.13058894896534362,False
1982-05-05 07:00:00,0.17197657,0.014935798,0.0108881965,0.10532975084241479,0.12907440942514156,False
1982-05-05 08:00:00,0.25845703,0.02319778,0.016911184,0.15860289366357028,0.1269467760440887,False
1982-05-05 09:00:00,0.3247414,0.035165306,0.025635507,0.20173609930649397,0.12424112755913842,False
1982-05-05 10:00:00,0.36783934,0.035264306,0.02570768,0.2266440406888723,0.12097983179703135,False
1982-05-05 11:00:00,0.39500797,0.0381261,0.027793927,0.2434890004172921,0.11726654497452481,False
1982-05-05 12:00:00,0.3982855,0.039570935,0.028936137,0.24597496461868285,0.11391616368340263,False
1982-05-05 13:00:00,0.38411427,0.048439458,0.03544576,0.2414221622571349,0.11109179961126388,False
1982-05-05 14:00:00,0.3364014,0.052538496,0.03899379,0.21559597904607652,0.1087680924608521,False
1982-05-05 15:00:00,0.27790374,0.052527763,0.040997956,0.18194708961248396,0.10675988021935273,False
1982-05-05 16:00:00,0.19835167,0.0494064,0.03909182,0.1347908321171999,0.10532088446640346,False
1982-05-05 17:00:00,0.12537813,0.047671154,0.03870527,0.09202392258495092,0.1042696626167738,False
1982-05-05 18:00:00,0.057831343,0.04748911,0.038371284,0.052964216105639936,0.10366935598081845,False
1982-05-05 19:00:00,0.011046858,0.044020515,0.035622664,0.02454123067576438,0.1033124303897293,False
1982-05-05 20:00:00,1.2879524e-05,0.042952497,0.033831816,0.017683820788197406,0.10316851630152991,False
1982-05-05 21:00:00,0.0,0.044328187,0.03420191,0.01820400395616889,0.10315096279901637,False
1982-05-05 22:00:00,0.0,0.046384078,0.036973722,0.019112305607646703,0.10319322717042824,False
1982-05-05 23:00:00,0.0,0.047716293,0.039219122,0.019725144904106855,0.10330776133776827,False
1982-05-06 00:00:00,0.0,0.044674806,0.03767815,0.018519623547792435,0.10350453876696712,False
1982-05-06 01:00:00,0.0,0.04206196,0.035489954,0.017437320191413162,0.10376667923018985,False
1982-05-06 02:00:00,0.0,0.03841355,0.032507274,0.015929993022233246,0.1041305919811567,False
1982-05-06 03:00:00,0.0,0.036613714,0.031102404,0.015189990263432264,0.10457152991856865,False
1982-05-06 04:00:00,0.0010435872,0.03363471,0.027470643,0.014496772914426402,0.10510441964682841,False
1982-05-06 05:00:00,0.032645214,0.032042045,0.025064966,0.03201331148669123,0.10571039260603488,False
1982-05-06 06:00:00,0.10971223,0.029201817,0.021822326,0.07525783164426685,0.10627531509646371,False
1982-05-06 07:00:00,0.19759138,0.023380117,0.017148653,0.12356351646594702,0.10685511136332217,False
1982-05-06 08:00:00,0.310035,0.021007083,0.0153141655,0.18746876810491084,0.10737136860207112,False
1982-05-06 09:00:00,0.4033545,0.020689169,0.015082406,0.2411842973139137,0.10788264324938801,False
1982-05-06 10:00:00,0.45015296,0.022122748,0.016127482,0.2687724379971623,0.10822803294421718,False
1982-05-06 11:00:00,0.48941422,0.02138139,0.015587033,0.29112343454547224,0.10901278821980194,False
1982-05-06 12:00:00,0.49317214,0.025094638,0.018293992,0.29480812100507314,0.11010477374815926,False
1982-05-06 13:00:00,0.45594192,0.025479944,0.018574882,0.2734836283866316,0.11198942020826275,False
1982-05-06 14:00:00,0.4019957,0.028999079,0.021140328,0.24379375021904706,0.11400239496518781,False
1982-05-06 15:00:00,0.31092215,0.03014683,0.021977037,0.19171301835030316,0.1161705133783375,False
1982-05-06 16:00:00,0.21957454,0.027866367,0.020704616,0.13809524884447455,0.11793427799288729,False
1982-05-06 17:00:00,0.13615543,0.023964923,0.01764835,0.08835774855688212,0.11955389787198278,False
1982-05-06 18:00:00,0.06058522,0.02358055,0.01719022,0.04458716615848243,0.12077455025511408,False
1982-05-06 19:00:00,0.009897555,0.030104753,0.021946367,0.018004646896384657,0.12132337546693706,False
1982-05-06 20:00:00,1.2620205e-05,0.036753915,0.026793603,0.01501633113968819,0.12156634488519204,False
1982-05-06 21:00:00,0.0,0.03970376,0.02920926,0.016227987583726643,0.12187628244716085,False
1982-05-06 22:00:00,0.0,0.05033586,0.037213404,0.02058345678448677,0.12232787074838175,False
1982-05-06 23:00:00,0.0,0.052539963,0.03830163,0.02145553456619382,0.12289086004826581,False
1982-05-07 00:00:00,0.0,0.053464316,0.03897548,0.021833008512854576,0.1234255651537363,False
1982-05-07 01:00:00,0.0,0.05757485,0.041972063,0.02351161092147231,0.12403717389041898,False
1982-05-07 02:00:00,0.0,0.061544593,0.044866007,0.025132719341665506,0.1247305370151565,False
1982-05-07 03:00:00,0.0,0.06888147,0.050214592,0.0281288493052125,0.12553114422727715,False
1982-05-07 04:00:00,0.0011916873,0.076030895,0.055426523,0.031736036118585616,0.12641943147885953,False
1982-05-07 05:00:00,0.02111441,0.084549375,0.061696798,0.046713361451402306,0.1273900953822231,False
1982-05-07 06:00:00,0.06276385,0.119510055,0.088970676,0.08511836660653353,0.12870447215918346,False
1982-05-07 07:00:00,0.12802415,0.13691953,0.10586778,0.13011009830236434,0.13065200469230817,False
1982-05-07 08:00:00,0.21562175,0.14305486,0.11005707,0.18314407673478125,0.1337991524341366,False
1982-05-07 09:00:00,0.28401315,0.13281713,0.10054988,0.2183148046582937,0.13736340806628627,False
1982-05-07 10:00:00,0.3740914,0.118370935,0.08856831,0.26431229391694067,0.14109700542827341,False
1982-05-07 11:00:00,0.43329856,0.1121769,0.083291866,0.2959043057784438,0.14479290894604493,False
1982-05-07 12:00:00,0.49453464,0.124895886,0.09268379,0.33643799470365043,0.1481512464231661,False
1982-05-07 13:00:00,0.49766418,0.12435478,0.09270006,0.3380449505895376,0.15112713863956015,False
1982-05-07 14:00:00,0.46741682,0.12228551,0.08968155,0.3196656628772616,0.1536131649888436,False
1982-05-07 15:00:00,0.38235134,0.112524256,0.082770705,0.2666077911108732,0.15597796623411947,False
1982-05-07 16:00:00,0.29340807,0.10562197,0.07891898,0.2125325863137841,0.15797146476420312,False
1982-05-07 17:00:00,0.19880849,0.08761985,0.06612988,0.15061523697525261,0.15967861149331292,False
1982-05-07 18:00:00,0.08926441,0.06783358,0.05132726,0.07930782627314328,0.16104883446578605,False
1982-05-07 19:00:00,0.015339312,0.06660503,0.05140228,0.036203762752003966,0.16205206906988798,False
1982-05-07 20:00:00,1.6250675e-05,0.079014495,0.062872194,0.03256082376270024,0.1626651763971628,False
1982-05-07 21:00:00,0.0,0.0963769,0.0799475,0.039880242414772504,0.16306028978593898,False
1982-05-07 22:00:00,0.0,0.110951096,0.0962007,0.04613579200208187,0.1633988270424052,False
1982-05-07 23:00:00,0.0,0.10904013,0.09546631,0.04539098996669054,0.1637305452804758,False
1982-05-08 00:00:00,0.0,0.115098305,0.10010312,0.04787684290856123,0.1640105788421097,False
1982-05-08 01:00:00,0.0,0.12201072,0.105496176,0.050718750178813936,0.1642545572931158,False
1982-05-08 02:00:00,0.0,0.13069563,0.11356395,0.05435913920402526,0.1644621828384443,False
1982-05-08 03:00:00,0.0,0.13883683,0.12216644,0.05782777833938598,0.1646176628696012,False
1982-05-08 04:00:00,0.0027446928,0.14269756,0.12684359,0.06108864027587697,0.16470759396694848,False
1982-05-08 05:00:00,0.05496765,0.15211165,0.1344049,0.0951033967807889,0.1647444452339684,False
1982-05-08 06:00:00,0.1711534,0.16825998,0.14622132,0.1687393932342529,0.1650815697322578,False
1982-05-08 07:00:00,0.30068853,0.24381134,0.2067211,0.27462660807371136,0.16590571743429733,False
1982-05-08 08:00:00,0.4209001,0.27922976,0.23440547,0.3585530384480953,0.1673186362807307,False
1982-05-08 09:00:00,0.51575804,0.29666668,0.24693662,0.42039697068929666,0.16900410577120664,False
1982-05-08 10:00:00,0.5925186,0.25261998,0.20510714,0.44617580685019487,0.1712013049073806,False
1982-05-08 11:00:00,0.6132369,0.23825763,0.19571988,0.45232363344728943,0.17322604663089322,False
1982-05-08 12:00:00,0.5919289,0.2319538,0.19475964,0.4376509473919868,0.17476105934142228,False
1982-05-08 13:00:00,0.52127725,0.22209007,0.18675345,0.39281289315223694,0.17506815596213346,False
1982-05-08 14:00:00,0.47307834,0.20349647,0.17125574,0.3573042099922895,0.17508765431029194,False
1982-05-08 15:00:00,0.37117857,0.17633714,0.1511576,0.2874009477943182,0.1743860199717007,False
1982-05-08 16:00:00,0.2753299,0.14698088,0.12846299,0.22003829184174536,0.17378382410071572,False
1982-05-08 17:00:00,0.18137108,0.11876858,0.104661725,0.15412845123559232,0.17294954258499762,False
1982-05-08 18:00:00,0.08867323,0.099828936,0.08779811,0.09274242715537548,0.17206816646395964,False
1982-05-08 19:00:00,0.017746398,0.089301616,0.07855242,0.04743379860557616,0.17152423559524443,False
1982-05-08 20:00:00,4.8896094e-05,0.08155127,0.07150264,0.033981773800944214,0.17104587245413738,False
1982-05-08 21:00:00,0.0,0.07809686,0.06777842,0.032477775894105436,0.17042573813167192,False
1982-05-08 22:00:00,0.0,0.08756131,0.07770017,0.03650593221187592,0.16965145743561236,False
1982-05-08 23:00:00,0.0,0.08369942,0.0742974,0.03489714552462101,0.1687318476884547,False
1982-05-09 00:00:00,0.0,0.080446646,0.07146596,0.03354397416114807,0.1678318706106374,False
1982-05-09 01:00:00,0.0,0.08029267,0.07128965,0.03347763709723949,0.16688953449252672,False
1982-05-09 02:00:00,0.0,0.07812971,0.06973886,0.032595760837197306,0.16589477963936308,False
1982-05-09 03:00:00,0.0,0.07767646,0.070054226,0.03244554197788238,0.16481853921372472,False
1982-05-09 04:00:00,0.0031017181,0.075871244,0.06886512,0.033504896935541185,0.1636617482775045,False
1982-05-09 05:00:00,0.054298487,0.075552374,0.06826453,0.06289533736929297,0.16246474889129445,False
1982-05-09 06:00:00,0.1611343,0.075975955,0.0679229,0.12467745630443094,0.16107072856189517,False
1982-05-09 07:00:00,0.28327176,0.08304812,0.07106743,0.1979302029311657,0.1592103702741645,False
1982-05-09 08:00:00,0.39917743,0.08138704,0.0683225,0.26404661227762694,0.15677522786864903,False
1982-05-09 09:00:00,0.507243,0.07534778,0.061070997,0.3237803631946444,0.1541667880066873,False
1982-05-09 10:00:00,0.58043325,0.06462356,0.050811466,0.36149989664554594,0.15148898615326314,False
1982-05-09 11:00:00,0.59850335,0.059010543,0.045807257,0.3695849158838391,0.1489165015238889,False
1982-05-09 12:00:00,0.5669064,0.05867964,0.04483068,0.3511786324977874,0.14647271520675556,False
1982-05-09 13:00:00,0.5448661,0.06002743,0.045241073,0.33898087130114435,0.1442315956939428,False
1982-05-09 14:00:00,0.4564592,0.05531892,0.040695876,0.28598721462488175,0.1424982491395891,False
1982-05-09 15:00:00,0.38014966,0.044948857,0.03277603,0.23770238930359483,0.14057013887019607,False
1982-05-09 16:00:00,0.2756553,0.032896876,0.023981823,0.172487073559314,0.13923727682445403,False
1982-05-09 17:00:00,0.1734237,0.020187069,0.014716374,0.108309183165431,0.1380925483679272,False
1982-05-09 18:00:00,0.08304259,0.012938318,0.009432034,0.05319914457481355,0.1370593855757042,False
1982-05-09 19:00:00,0.016619023,0.008945788,0.006521479,0.013242331978864968,0.13617944412979308,False
1982-05-09 20:00:00,6.575185e-05,0.006749919,0.004920691,0.0027943762843569858,0.13544752249594205,False
1982-05-09 21:00:00,0.0,0.006647882,0.004846306,0.0027147690039128064,0.13477744716541032,False
1982-05-09 22:00:00,0.0,0.0048841583,0.0035605507,0.0019945241385139526,0.13414302598977348,False
1982-05-09 23:00:00,0.0,0.0053679547,0.0039132396,0.0021920902314595874,0.1334239456710767,False
1982-05-10 00:00:00,0.0,0.006476321,0.0047212383,0.0026447092392481862,0.13274301112103978,False
1982-05-10 01:00:00,0.0,0.007274154,0.0053028585,0.00297051722696051,0.13208814420840476,False
1982-05-10 02:00:00,0.0,0.0066107335,0.0048192246,0.002699598773382604,0.13144075791978516,False
1982-05-10 03:00:00,0.0,0.005636643,0.0041091125,0.002301813400816172,0.13081268770711735,False
1982-05-10 04:00:00,0.0029749398,0.0046921866,0.0034206044,0.0036326697377953676,0.13019022352677542,False
1982-05-10 05:00:00,0.046098124,0.003897982,0.0028416286,0.02819042096962221,0.129587997000818,False
1982-05-10 06:00:00,0.13504396,0.0037266284,0.002716712,0.07944219542318022,0.1288665830784189,False
1982-05-10 07:00:00,0.2705099,0.004054111,0.002955447,0.15773977260896935,0.12788474976721362,False
1982-05-10 08:00:00,0.40055415,0.0054563317,0.0039776657,0.23334792507393284,0.12671435372383785,False
1982-05-10 09:00:00,0.50110835,0.0066679516,0.0048609367,0.29186248172493656,0.1256338693186003,False
1982-05-10 10:00:00,0.55507123,0.0059271394,0.0043208846,0.32269654464023184,0.12449368646585525,False
1982-05-10 11:00:00,0.57546675,0.0072914353,0.005315457,0.33502189022488893,0.12337288630450909,False
1982-05-10 12:00:00,0.56711054,0.006989882,0.0050956234,0.3300772107769735,0.12247890561562795,False
1982-05-10 13:00:00,0.5319152,0.0066048475,0.004814934,0.30961225854326035,0.12199228381186866,False
1982-05-10 14:00:00,0.45396653,0.006896339,0.0050274306,0.264754917061422,0.12140120674444504,False
1982-05-10 15:00:00,0.3817383,0.0077395462,0.0056421296,0.22342356959870086,0.1212460234304873,False
1982-05-10 16:00:00,0.28035226,0.008149722,0.005941147,0.16509132592845707,0.12123855794554718,False
1982-05-10 17:00:00,0.1761001,0.0071672876,0.005224953,0.10453663720889016,0.12147893947261838,False
1982-05-10 18:00:00,0.08292624,0.006505917,0.0047428133,0.05050523775164038,0.12185632221008637,False
1982-05-10 19:00:00,0.017714849,0.0050936965,0.0037133044,0.012301560180727393,0.12215510437472477,False
1982-05-10 20:00:00,9.972267e-05,0.0043113725,0.0031429906,0.0018181579354204587,0.1222718698505567,False
1982-05-10 21:00:00,0.0,0.004960157,0.0036159544,0.0020255594635382296,0.12236138556678207,False
1982-05-10 22:00:00,0.0,0.004873268,0.0035526126,0.0019900769144296647,0.1224487205149083,False
1982-05-10 23:00:00,0.0,0.0054174126,0.003949294,0.002212287122849375,0.12252774615928075,False
1982-05-11 00:00:00,0.0,0.005167821,0.0037673411,0.0021103623546659947,0.12257675984718963,False
1982-05-11 01:00:00,0.0,0.0058846604,0.0042899176,0.002403095243498683,0.12260773069293947,False
1982-05-11 02:00:00,0.0,0.005995579,0.004370777,0.0024483906291425227,0.12262301864424381,False
1982-05-11 03:00:00,0.0,0.0062866677,0.0045829806,0.0025672613214701417,0.12265100373463367,False
1982-05-11 04:00:00,0.0028570362,0.0072227214,0.0052653635,0.0045980236895848065,0.1226912923310768,False
1982-05-11 05:00:00,0.042590395,0.009042896,0.0065922714,0.028267469094134863,0.12276632425232976,False
1982-05-11 06:00:00,0.1265241,0.01112984,0.008113654,0.07754945736657827,0.12308490406695455,False
1982-05-11 07:00:00,0.23331876,0.017450688,0.012721551,0.14175119284912943,0.12385743345190531,False
1982-05-11 08:00:00,0.34886324,0.026665464,0.019439125,0.21218336082622405,0.1246016713443417,False
1982-05-11 09:00:00,0.4454861,0.02940036,0.021432864,0.2690515862628817,0.12557929241085183,False
1982-05-11 10:00:00,0.5028487,0.042995248,0.031343542,0.30770148890092963,0.12693848638775246,False
1982-05-11 11:00:00,0.5360485,0.04254486,0.031015204,0.3266738428175449,0.12856660956984764,False
1982-05-11 12:00:00,0.5381158,0.04243245,0.030933253,0.3278207859173417,0.13045920626673915,False
1982-05-11 13:00:00,0.5107482,0.03895392,0.028397411,0.310609172064811,0.1321384667536216,False
1982-05-11 14:00:00,0.45814767,0.0347414,0.025326481,0.2785384155549109,0.13369087404116786,False
1982-05-11 15:00:00,0.3893015,0.031141367,0.022702059,0.23734404602646827,0.1352957793881487,False
1982-05-11 16:00:00,0.30107135,0.025240153,0.018400071,0.1840253868587315,0.13674667066532917,False
1982-05-11 17:00:00,0.20601177,0.018499978,0.013486485,0.12642355456389487,0.13800649242445856,False
1982-05-11 18:00:00,0.10648246,0.014938336,0.010890046,0.06754068847745656,0.13897522880996802,False
1982-05-11 19:00:00,0.022100458,0.0149256075,0.010880767,0.018847074818797407,0.13955081294609226,False
1982-05-11 20:00:00,0.00013732398,0.017170614,0.012517376,0.007091130663175136,0.13981131765121546,False
1982-05-11 21:00:00,0.0,0.016913373,0.012329849,0.006906846513971686,0.13998649886233108,False
1982-05-11 22:00:00,0.0,0.01417296,0.010332089,0.005787755068391562,0.1401619845456451,False
1982-05-11 23:00:00,0.0,0.011129103,0.008113118,0.004544747251085937,0.14039095398923454,False
1982-05-12 00:00:00,0.0,0.010116684,0.007375062,0.004131309835240245,0.14059629452219888,False
1982-05-12 01:00:00,0.0,0.009071125,0.0066128494,0.003704338889569044,0.1408092562259706,False
1982-05-12 02:00:00,0.0,0.009900146,0.007217207,0.004042883112095296,0.1410156190019632,False
1982-05-12 03:00:00,0.0,0.01037223,0.007561356,0.004235666030086577,0.14123944885112066,False
1982-05-12 04:00:00,0.004709814,0.011060272,0.008062938,0.00723420195793733,0.1414794436961245,False
1982-05-12 05:00:00,0.06757484,0.010998887,0.008018189,0.043482252071611584,0.14177171593638266,False
1982-05-12 06:00:00,0.1939974,0.011232833,0.008188736,0.11652360590081662,0.14238752548345726,False
1982-05-12 07:00:00,0.3275095,0.010995563,0.008015767,0.19346319144591687,0.14358467068885583,False
1982-05-12 08:00:00,0.47679713,0.012640107,0.009214639,0.28027373626641927,0.14527068369282228,False
1982-05-12 09:00:00,0.6087408,0.014350723,0.010461678,0.3571037926161662,0.14737490489028834,False
1982-05-12 10:00:00,0.6856636,0.012779152,0.009316002,0.4008464573808014,0.14993097297340452,False
1982-05-12 11:00:00,0.72831845,0.013778778,0.010044729,0.4258665316756814,0.15280677222822922,False
1982-05-12 12:00:00,0.7004725,0.01593937,0.011619799,0.41068171414732935,0.155939810183419,False
1982-05-12 13:00:00,0.65267813,0.018445527,0.013446789,0.3841278083454817,0.15924168897510946,False
1982-05-12 14:00:00,0.57682365,0.021948759,0.016000643,0.34179037371650334,0.16243851765242845,False
1982-05-12 15:00:00,0.49046052,0.024660803,0.017977728,0.293066350903362,0.1653591825177968,False
1982-05-12 16:00:00,0.3730832,0.025207195,0.018376047,0.2255627703666687,0.16772219151434617,False
1982-05-12 17:00:00,0.24513593,0.02349008,0.01712427,0.1510359837133437,0.1694378388214155,False
1982-05-12 18:00:00,0.11919778,0.022911208,0.016702268,0.07813327628560364,0.17041747688356138,False
1982-05-12 19:00:00,0.026126646,0.023828408,0.01737091,0.024805786026641727,0.1708405653854674,False
1982-05-12 20:00:00,0.00018993698,0.024774987,0.018060965,0.010226856068969937,0.17101279401518765,False
1982-05-12 21:00:00,0.0,0.025587028,0.018652944,0.010448872262611986,0.1710531489191903,False
1982-05-12 22:00:00,0.0,0.031786706,0.02317251,0.012980610206723213,0.17106197088066022,False
1982-05-12 23:00:00,0.0,0.029553471,0.021544479,0.012068632705137134,0.171056514794121,False
1982-05-13 00:00:00,0.0,0.030199684,0.022015568,0.012332524135708808,0.17107300699257524,False
1982-05-13 01:00:00,0.0,0.030140875,0.021972697,0.012308508491143583,0.17108688861969626,False
1982-05-13 02:00:00,0.0,0.0323049,0.023550272,0.013192223388701676,0.1710891759476485,False
1982-05-13 03:00:00,0.0,0.03449605,0.025147617,0.014087013881653548,0.17106247245776238,False
1982-05-13 04:00:00,0.005336531,0.03806152,0.02783727,0.018627091221977025,0.17101268943826786,False
1982-05-13 05:00:00,0.07181208,0.04011736,0.02939726,0.057826327353715894,0.17095520770403053,False
1982-05-13 06:00:00,0.20313618,0.043590747,0.031812374,0.13501242722570897,0.1709511861505187,False
1982-05-13 07:00:00,0.35444087,0.044484403,0.03245725,0.22267981703951953,0.17100749094809498,False
1982-05-13 08:00:00,0.51226264,0.043124143,0.031437498,0.3131859783045947,0.17125628447378782,False
1982-05-13 09:00:00,0.64950275,0.04157977,0.030311653,0.3917428542524576,0.17151482545273652,False
1982-05-13 10:00:00,0.74700665,0.036038782,0.02627227,0.4457398531325161,0.1717816187110355,False
1982-05-13 11:00:00,0.7990333,0.039223295,0.028593777,0.47705966466665267,0.1723628553872418,False
1982-05-13 12:00:00,0.8113756,0.044438656,0.03239578,0.4863109679184853,0.1730908205002599,False
1982-05-13 13:00:00,0.7697105,0.048808847,0.035621047,0.4640569485761225,0.17422289038291047,False
1982-05-13 14:00:00,0.6896931,0.050879393,0.03709108,0.418730329092592,0.1754397978203307,False
1982-05-13 15:00:00,0.5728023,0.049616147,0.036170177,0.35076847786083815,0.17642128465757453,False
1982-05-13 16:00:00,0.43196732,0.041950885,0.030582193,0.26637645759806033,0.17698976608392103,False
1982-05-13 17:00:00,0.2779392,0.03201849,0.023341483,0.17344618154689667,0.17731512239850067,False
1982-05-13 18:00:00,0.13299368,0.02720986,0.019835986,0.08784893656894564,0.1774424567764231,False
1982-05-13 19:00:00,0.028999534,0.025421603,0.018532349,0.02711404904536903,0.1774146891992339,False
1982-05-13 20:00:00,0.00024788044,0.021757783,0.015861426,0.009028166055300973,0.177297464378519,False
1982-05-13 21:00:00,0.0,0.01795032,0.013085784,0.007330300664529204,0.17712967759119494,False
1982-05-13 22:00:00,0.0,0.013531643,0.009864568,0.005525862914510071,0.1769471242303742,False
1982-05-13 23:00:00,0.0,0.013067623,0.0095262965,0.0053363727768883104,0.17671890977021107,False
1982-05-14 00:00:00,0.0,0.011748353,0.0085645495,0.0047976279370486735,0.17649988698770613,False
1982-05-14 01:00:00,0.0,0.009339981,0.0068088467,0.003814130631275475,0.17626617594789862,False
1982-05-14 02:00:00,0.0,0.006761375,0.004929042,0.0027611155975610017,0.17602564417817199,False
1982-05-14 03:00:00,0.0,0.0045206533,0.0032955562,0.0018460810943506658,0.175762461017698,False
1982-05-14 04:00:00,0.0058374787,0.0027104449,0.0019759142,0.004475078714545816,0.17547898344950671,False
1982-05-14 05:00:00,0.073735625,0.0018213126,0.0013277369,0.04328921750304289,0.17517917049576215,False
1982-05-14 06:00:00,0.20557094,0.0014981806,0.0010921735,0.11922623618447688,0.1748991475394525,False
1982-05-14 07:00:00,0.3553176,0.0009477521,0.0006909114,0.2054052806791733,0.17460216382292815,False
1982-05-14 08:00:00,0.50654805,0.000992933,0.0007238482,0.292683703255956,0.17437120322427976,False
1982-05-14 09:00:00,0.6402226,0.0012278779,0.00089512306,0.3699098690145183,0.17410566317860218,False
1982-05-14 10:00:00,0.7411593,0.002686047,0.0019581283,0.4287458178387023,0.17382453925241093,False
1982-05-14 11:00:00,0.7964903,0.00302167,0.0022027972,0.46080885710055003,0.17363688967124188,False
1982-05-14 12:00:00,0.80344933,0.0035037284,0.0025542176,0.4650210685145575,0.17348182769349618,False
1982-05-14 13:00:00,0.76427245,0.0038058038,0.002774431,0.44253936534165395,0.17327393190477314,False
1982-05-14 14:00:00,0.67095554,0.004310829,0.0031425946,0.38890174190420657,0.17309534465099044,False
1982-05-14 15:00:00,0.5513759,0.005410711,0.003944408,0.32035345936799414,0.17286603425961666,False
1982-05-14 16:00:00,0.41375634,0.005981068,0.0043601985,0.24117987346649167,0.1726219288691011,False
1982-05-14 17:00:00,0.26857555,0.0053382064,0.0038915526,0.1571480338536203,0.17239633010115804,False
1982-05-14 18:00:00,0.12939352,0.0052413098,0.003820915,0.07680043258052319,0.17223537609820738,False
1982-05-14 19:00:00,0.029619765,0.0051140166,0.003728118,0.019178994632326064,0.17212464674573333,False
1982-05-14 20:00:00,0.0002963731,0.0049026683,0.0035740444,0.0021730902774143033,0.17203837156248683,False
1982-05-14 21:00:00,0.0,0.0041294107,0.0030103405,0.0016863109432160854,0.17198220523859242,False
1982-05-14 22:00:00,0.0,0.00496201,0.0036173053,0.002026316118892282,0.17198123619594016,False
1982-05-14 23:00:00,0.0,0.003809179,0.002776891,0.0015555391449015587,0.17204233215445755,False
1982-05-15 00:00:00,0.0,0.0027289104,0.0019893756,0.0011143942249473183,0.17211430627683047,False
1982-05-15 01:00:00,0.0,0.0018683816,0.0013620504,0.0007629835442639887,0.17219566391029265,False
1982-05-15 02:00:00,0.0,0.0013699272,0.0009986769,0.0005594316859496757,0.17227942838402568,False
1982-05-15 03:00:00,0.0,0.001175638,0.0008570401,0.0004800906084710732,0.1723671704817015,False
1982-05-15 04:00:00,0.0065328004,0.0011427093,0.0008330351,0.004236069442238658,0.17245792827550124,False
1982-05-15 05:00:00,0.07605088,0.0012338664,0.00089948846,0.04438522545085288,0.1725770352905053,False
1982-05-15 06:00:00,0.20857884,0.0009971893,0.000726951,0.1207572088325396,0.17275638354936476,False
1982-05-15 07:00:00,0.36614755,0.00079970696,0.00058298634,0.2115937083043973,0.17294073560817777,False
1982-05-15 08:00:00,0.5200967,0.0008429916,0.0006145408,0.30044005611207103,0.17320804400024134,False
1982-05-15 09:00:00,0.6547586,0.0011098118,0.00080905284,0.3782489057952771,0.17348723594721838,False
1982-05-15 10:00:00,0.75522214,0.0023740896,0.0017307112,0.43673267323640175,0.17371025948489574,False
1982-05-15 11:00:00,0.81200314,0.0026713302,0.0019473998,0.46961668973485937,0.1739110000041956,False
1982-05-15 12:00:00,0.82333905,0.0030985465,0.0022588407,0.47633197005977845,0.1740990533926061,False
1982-05-15 13:00:00,0.7868776,0.003566411,0.0025999139,0.4554847603945527,0.17408777191323774,False
1982-05-15 14:00:00,0.70347565,0.0044518346,0.0032453872,0.40772343030665065,0.174050503784298,False
1982-05-15 15:00:00,0.58333683,0.0060388674,0.0044023343,0.339051419116091,0.17401768752912392,False
1982-05-15 16:00:00,0.43740463,0.0077509973,0.0056504766,0.2555477167367935,0.17402874948936342,False
1982-05-15 17:00:00,0.28089735,0.008919986,0.0065026693,0.16572038940526546,0.17393060417529801,False
1982-05-15 18:00:00,0.13597995,0.009975111,0.0072718565,0.08253392765019088,0.17379815389318998,False
1982-05-15 19:00:00,0.031424887,0.011853779,0.008641404,0.02297284024953842,0.17379225438654952,False
1982-05-15 20:00:00,0.0003803926,0.01496867,0.010912162,0.006332182508369442,0.17394458614497588,False
1982-05-15 21:00:00,0.0,0.017836418,0.013002748,0.007283786617219449,0.174123586482407,False
1982-05-15 22:00:00,0.0,0.02071296,0.01509975,0.008458468923345208,0.17429549481467477,False
1982-05-15 23:00:00,0.0,0.021527577,0.015693605,0.008791130650788546,0.17442466451985314,False
1982-05-16 00:00:00,0.0,0.02131126,0.01553591,0.008702794343233108,0.17452902150456287,False
1982-05-16 01:00:00,0.0,0.019185793,0.013986442,0.007834825370460749,0.17461391083987332,False
1982-05-16 02:00:00,0.0,0.017074723,0.012447474,0.006972736285999417,0.17469105212501967,False
1982-05-16 03:00:00,2.8813256e-08,0.01518843,0.011072366,0.006202455196738933,0.17475681161889448,False
1982-05-16 04:00:00,0.007240512,0.014728063,0.010736757,0.010192215434741228,0.1748115537249132,False
1982-05-16 05:00:00,0.078588985,0.01604465,0.01169655,0.05189793392829596,0.1748701039148706,False
1982-05-16 06:00:00,0.2098948,0.017057816,0.012435147,0.12807513500750065,0.1747896945080553,False
1982-05-16 07:00:00,0.36636838,0.016753418,0.012213241,0.2182360834982246,0.17428248097448065,False
1982-05-16 08:00:00,0.51989377,0.014952797,0.010900589,0.3060849167108536,0.17323537759787389,False
1982-05-16 09:00:00,0.6504098,0.013048427,0.009512303,0.38061499882303174,0.1718694079799076,False
1982-05-16 10:00:00,0.7500013,0.013788137,0.01005155,0.4383813627650961,0.17008542694947662,False
1982-05-16 11:00:00,0.8037137,0.014919525,0.010876334,0.4698354197442531,0.1680933484930165,False
1982-05-16 12:00:00,0.79428065,0.015132561,0.011031636,0.46447955750487746,0.16594782551136722,False
1982-05-16 13:00:00,0.7526929,0.015786584,0.011508421,0.4407504951525479,0.1636457312213779,False
1982-05-16 14:00:00,0.6597462,0.016291726,0.011876669,0.38732656165584917,0.1613321819787358,False
1982-05-16 15:00:00,0.54352194,0.017808225,0.012982197,0.3208844334594905,0.1590513882236437,False
1982-05-16 16:00:00,0.39690247,0.018258553,0.013310484,0.2364688983913511,0.15696212310107058,False
1982-05-16 17:00:00,0.2472422,0.019912707,0.014516364,0.15079042031243442,0.15518020054930123,False
1982-05-16 18:00:00,0.11684968,0.022271661,0.016236039,0.07651725626178085,0.15401574089143136,False
1982-05-16 19:00:00,0.028164698,0.025075272,0.018279873,0.026490919036790725,0.15346034271860146,False
1982-05-16 20:00:00,0.00042842428,0.025756076,0.018776178,0.010765106474107597,0.15328053798530192,False
1982-05-16 21:00:00,0.0,0.024335794,0.017740794,0.00993791089206934,0.15316440256208896,False
1982-05-16 22:00:00,0.0,0.020144826,0.014685579,0.00822646196745336,0.15301987896402805,False
1982-05-16 23:00:00,0.0,0.016075468,0.011719015,0.006564674410969019,0.1528488650821973,False
1982-05-17 00:00:00,0.0,0.01270694,0.00926336,0.005189082319848239,0.1526696352196477,False
1982-05-17 01:00:00,0.0,0.010935693,0.00797212,0.004465765231288969,0.15249365206485796,False
1982-05-17 02:00:00,0.0,0.009099404,0.0066334666,0.0037158873919397595,0.15234106366205646,False
1982-05-17 03:00:00,1.1525302e-07,0.007609951,0.0055476543,0.0031077116973688493,0.15220403500299193,False
1982-05-17 04:00:00,0.0073711504,0.006840248,0.004986541,0.007046478560194373,0.15207955252794458,False
1982-05-17 05:00:00,0.06529634,0.0069780233,0.005086979,0.04052557392371818,0.15193949428167863,False
1982-05-17 06:00:00,0.16256467,0.0063941353,0.004661325,0.09641095922095701,0.15157165207243245,False
1982-05-17 07:00:00,0.27540204,0.005940185,0.004330395,0.16133274622727184,0.15079533561380234,False
1982-05-17 08:00:00,0.40258706,0.0063197794,0.004607119,0.2348735144496895,0.14975349834047305,False
1982-05-17 09:00:00,0.50231886,0.0068072136,0.004962459,0.29261781633459033,0.14855590870461496,False
1982-05-17 10:00:00,0.5889118,0.0032099024,0.0023400187,0.34111290732631455,0.14729005840970852,False
1982-05-17 11:00:00,0.6330347,0.0033562079,0.0024466757,0.3666315866156946,0.14592644630478183,False
1982-05-17 12:00:00,0.6318778,0.0030315088,0.0022099698,0.36583144414029084,0.14426019332701226,False
1982-05-17 13:00:00,0.59463054,0.0032631892,0.0023788644,0.34443439674773246,0.1425501303608517,False
1982-05-17 14:00:00,0.51430076,0.0036579673,0.0026666578,0.2982453300622292,0.1407692474401214,False
1982-05-17 15:00:00,0.41108528,0.0038457853,0.0028035773,0.238766693232581,0.13946108997576545,False
1982-05-17 16:00:00,0.29274574,0.0026964603,0.0019657195,0.17001543425186535,0.1382700638493283,False
1982-05-17 17:00:00,0.18858108,0.002485621,0.0018120175,0.109826325827511,0.13725038407980392,False
1982-05-17 18:00:00,0.095214464,0.0022922324,0.0016710374,0.055874815354356545,0.13640868513604293,False
1982-05-17 19:00:00,0.02342924,0.0020166764,0.001470157,0.014342213051160796,0.13590243837582458,False
1982-05-17 20:00:00,0.00044882405,0.0012212347,0.00089028,0.0007576821941474918,0.1356359590375624,False
1982-05-17 21:00:00,0.0,0.00084888045,0.0006188338,0.00034665391029557215,0.13542893246059104,False
1982-05-17 22:00:00,0.0,0.0006117125,0.00044593847,0.00024980259547010067,0.1352327218499544,False
1982-05-17 23:00:00,0.0,0.00046060947,0.0003357843,0.00018809724840684793,0.13508074838213946,False
1982-05-18 00:00:00,0.0,0.00062591623,0.00045629303,0.0002556029133265838,0.13496803793759174,False
1982-05-18 01:00:00,0.0,0.001250305,0.0009114722,0.0005105820359895005,0.13488709967261678,False
1982-05-18 02:00:00,0.0,0.0009681527,0.0007057833,0.0003953606509021483,0.13482286770430657,False
1982-05-18 03:00:00,2.8813255e-07,0.0005561926,0.00040546435,0.00022729639446615124,0.13477479403077305,False
1982-05-18 04:00:00,0.0057903985,0.00031432515,0.00022914303,0.003469419613975333,0.13475849496915468,False
1982-05-18 05:00:00,0.059182946,0.00022761016,0.00016592782,0.03424150788447877,0.13476601182798234,False
1982-05-18 06:00:00,0.15725374,0.00018741946,0.00013662878,0.09081194499325647,0.13465785668332245,False
1982-05-18 07:00:00,0.29135576,0.00028313202,0.00020640326,0.16822789437841856,0.13434242731166693,False
1982-05-18 08:00:00,0.4305778,0.00038498596,0.00028065476,0.24860061418966503,0.1337034520450475,False
1982-05-18 09:00:00,0.5538887,0.00063770526,0.00046488707,0.31985418466752163,0.13280889863666184,False
1982-05-18 10:00:00,0.64615405,0.00023776993,0.00017333425,0.37292798172861513,0.13206521943488816,False
1982-05-18 11:00:00,0.6753696,0.0004089613,0.00029813274,0.38985527681131493,0.13133663642294702,False
1982-05-18 12:00:00,0.662208,0.0007407747,0.0005400248,0.38239653512916993,0.13071855433366045,False
1982-05-18 13:00:00,0.61482525,0.0012585437,0.00091747823,0.3552681149574928,0.12980964306039386,False
1982-05-18 14:00:00,0.5610854,0.001931419,0.0014080044,0.3245350033667637,0.12932081962872857,False
1982-05-18 15:00:00,0.45495483,0.002953823,0.002153337,0.2637151793905068,0.12924304886859123,False
1982-05-18 16:00:00,0.323645,0.001912762,0.0013944034,0.18752426945418119,0.12937388483192672,False
1982-05-18 17:00:00,0.19046538,0.0012007591,0.0008753534,0.1103888710119063,0.12978204483782171,False
1982-05-18 18:00:00,0.08962531,0.0012332319,0.00089902605,0.052217411771300244,0.13008757349191288,False
1982-05-18 19:00:00,0.022715362,0.0014524888,0.0010588643,0.013699910800205543,0.13029496426800613,False
1982-05-18 20:00:00,0.00036641816,0.0015094486,0.0011003881,0.0008278307794826105,0.13038473337274917,False
1982-05-18 21:00:00,0.0,0.0012728816,0.0009279307,0.000519801581511274,0.1303985256929177,False
1982-05-18 22:00:00,0.0,0.0022816188,0.0016632997,0.0009317355123348533,0.13040778836414985,False
1982-05-18 23:00:00,0.0,0.0028272998,0.0020611011,0.001154573072679341,0.1304258912041464,False
1982-05-19 00:00:00,0.0,0.0031933256,0.0023279344,0.001304045601049438,0.13044562324887785,False
1982-05-19 01:00:00,0.0,0.0033857636,0.0024682218,0.0013826307523995638,0.13046117524277043,False
1982-05-19 02:00:00,0.0,0.003448747,0.0025141367,0.0014083510623313486,0.1304722966553277,False
1982-05-19 03:00:00,7.203314e-07,0.005693278,0.0041504,0.00232535673968664,0.1304828488940407,False
1982-05-19 04:00:00,0.0059144394,0.009782049,0.0071311146,0.0074072877839207645,0.13048922178258204,False
1982-05-19 05:00:00,0.051262323,0.014094627,0.010274985,0.03533412698004394,0.13050687452502727,False
1982-05-19 06:00:00,0.12920888,0.016448056,0.011990633,0.08127034938149154,0.1305247026867312,False
1982-05-19 07:00:00,0.2137928,0.01788466,0.013037918,0.1306619334295392,0.13049080205486,False
1982-05-19 08:00:00,0.31824523,0.020343153,0.014830158,0.1919349508471787,0.1302256345274281,False
1982-05-19 09:00:00,0.43072045,0.020558802,0.014987366,0.2569212146494537,0.12957921764183836,False
1982-05-19 10:00:00,0.515554,0.021221792,0.015470687,0.3061409227531403,0.1288058152436457,False
1982-05-19 11:00:00,0.5681743,0.02235023,0.016293317,0.33696364632993936,0.12759056234985225,False
1982-05-19 12:00:00,0.5419726,0.023228,0.016933212,0.32220370302349327,0.126313676147755,False
1982-05-19 13:00:00,0.53651434,0.027921269,0.020354604,0.3209708720277995,0.12513705256131344,False
1982-05-19 14:00:00,0.48968694,0.02929473,0.021355858,0.2945123335756361,0.124017085905841,False
1982-05-19 15:00:00,0.40790573,0.023716995,0.01728969,0.24504681947268545,0.12282387228317075,False
1982-05-19 16:00:00,0.31551433,0.018501414,0.01348753,0.1896071145348251,0.12183307966346117,False
1982-05-19 17:00:00,0.20857583,0.0101464065,0.0073967297,0.1244917012238875,0.12125628066172728,False
1982-05-19 18:00:00,0.110237494,0.005442516,0.003967595,0.06582957260683178,0.12110455721216017,False
1982-05-19 19:00:00,0.030010128,0.0032698265,0.0023837038,0.018651130078826097,0.12110487074528337,False
1982-05-19 20:00:00,0.0006765352,0.0025206623,0.0018375627,0.0014197135622380302,0.12113270894021534,False
1982-05-19 21:00:00,0.0,0.0019376298,0.0014125323,0.0007912621294381097,0.12116121888480659,False
1982-05-19 22:00:00,0.0,0.0027395496,0.0019971316,0.0011187389153055846,0.1211884622686611,False
1982-05-19 23:00:00,0.0,0.002779946,0.0020265803,0.0011352353955153376,0.12118733975908065,False
1982-05-20 00:00:00,0.0,0.0024539228,0.0017889097,0.0010020986201707274,0.12117604821704837,False
1982-05-20 01:00:00,0.0,0.0025575338,0.001864442,0.0010444098387379199,0.12116261732428203,False
1982-05-20 02:00:00,0.0,0.00220848,0.0016099819,0.000901868109125644,0.1211482458542213,False
1982-05-20 03:00:00,1.2965965e-06,0.0013038473,0.00095050473,0.0005331950444514178,0.12113647542852224,False
1982-05-20 04:00:00,0.007083306,0.00056244555,0.00041002277,0.004316751251346431,0.12110765459008442,False
1982-05-20 05:00:00,0.060671665,0.00021967811,0.00016014533,0.035097259646267046,0.12104404277564264,False
1982-05-20 06:00:00,0.15447183,0.00013338285,9.7236094e-05,0.08918471466343908,0.12084202086490642,False
1982-05-20 07:00:00,0.2693156,0.0002565141,0.00018699879,0.15549985306168673,0.12047782240671945,False
1982-05-20 08:00:00,0.3768037,0.00038414315,0.00028004035,0.21757260368135758,0.12023291150892566,False
1982-05-20 09:00:00,0.4896256,0.000531133,0.0003871959,0.2827308695542742,0.11993407237337907,False
1982-05-20 10:00:00,0.5442431,0.0013898701,0.0010132153,0.3145958428265294,0.11926887265645437,False
1982-05-20 11:00:00,0.5686734,0.0010779627,0.0007858348,0.3285647391106467,0.11892558666478721,False
1982-05-20 12:00:00,0.5643015,0.0007753897,0.0005652591,0.32591860297997477,0.11826293879667593,False
1982-05-20 13:00:00,0.5218412,0.0009974556,0.00072714506,0.3015097154948162,0.11828603258361055,False
1982-05-20 14:00:00,0.46173313,0.0020587707,0.0015008438,0.2672607494785916,0.11799766988138188,False
1982-05-20 15:00:00,0.37244993,0.003069603,0.0022377404,0.2161571336444467,0.11746170001310864,False
1982-05-20 16:00:00,0.27451453,0.0035336826,0.0025760543,0.1598379173709545,0.11708013788160797,False
1982-05-20 17:00:00,0.17583628,0.004037094,0.0029430417,0.10310614543268456,0.11655621466057826,False
1982-05-20 18:00:00,0.087472975,0.0043112175,0.0031428777,0.05223246136121451,0.11630075069917921,False
1982-05-20 19:00:00,0.02301816,0.004296796,0.003132364,0.01503614415694028,0.11614335370685418,False
1982-05-20 20:00:00,0.00065581844,0.004451646,0.00324525,0.002196308119862806,0.11604996667897949,False
1982-05-20 21:00:00,0.0,0.004475113,0.0032623576,0.0018274840065278114,0.11603062536460945,False
1982-05-20 22:00:00,0.0,0.0021496771,0.0015671146,0.0008778550524730235,0.11601713877428754,False
1982-05-20 23:00:00,0.0,0.0015000736,0.0010935537,0.0006125790551304817,0.1160097695493232,False
1982-05-21 00:00:00,0.0,0.0016146367,0.0011770702,0.0006593627482652664,0.1160201475822605,False
1982-05-21 01:00:00,0.0,0.0016965178,0.0012367615,0.0006928001894848421,0.11604905286954363,False
1982-05-21 02:00:00,0.0,0.0020652323,0.0015055542,0.0008433706287760288,0.11608531776248765,False
1982-05-21 03:00:00,1.699982e-06,0.0023042457,0.0016797951,0.0009419564946711034,0.11612238405587323,False
1982-05-21 04:00:00,0.0055206195,0.0028614607,0.0020860052,0.004353920690715313,0.11616419857296184,False
1982-05-21 05:00:00,0.042268787,0.0030560463,0.0022278577,0.025637075264705343,0.11620995458097462,False
1982-05-21 06:00:00,0.10843326,0.0029944498,0.002182954,0.0637888233885169,0.11613720868699005,False
1982-05-21 07:00:00,0.20420979,0.002637736,0.0019229096,0.1189062103354372,0.11574612104416498,False
1982-05-21 08:00:00,0.3058875,0.0026779661,0.0019522372,0.17759067234094253,0.11497946079386484,False
1982-05-21 09:00:00,0.38813645,0.0025391404,0.0018510335,0.22499162823706864,0.11380704505588539,False
1982-05-21 10:00:00,0.50104547,0.0013712248,0.000999623,0.2896631951531162,0.11232548273666766,False
1982-05-21 11:00:00,0.52766895,0.0016934877,0.0012345525,0.30515654866059777,0.11069618209050634,False
1982-05-21 12:00:00,0.5582731,0.0029107207,0.0021219156,0.3233122047963552,0.10871063463232088,False
1982-05-21 13:00:00,0.53013384,0.003041964,0.0022175915,0.3071294623208232,0.10656233348634225,False
1982-05-21 14:00:00,0.46429294,0.0021763602,0.0015865664,0.26878577989852054,0.10449285909584534,False
1982-05-21 15:00:00,0.39189303,0.0014926789,0.0010881629,0.22673183716065248,0.10261202872772608,False
1982-05-21 16:00:00,0.2842531,0.0010891373,0.00079398113,0.16445879992539994,0.10118018692800838,False
1982-05-21 17:00:00,0.1942539,0.0003548948,0.0002587183,0.112229431076732,0.10017571960888845,False
1982-05-21 18:00:00,0.10083475,0.00022740981,0.00016578175,0.05827451697523065,0.09968041787565846,False
1982-05-21 19:00:00,0.024435138,0.00017013641,0.00012402944,0.014168552740840822,0.09957276718739115,False
1982-05-21 20:00:00,0.0007169602,0.00019013447,0.00013860804,0.0004913304724759655,0.09973624837999624,False
1982-05-21 21:00:00,0.0,0.00035239416,0.00025689538,0.00014390579398605044,0.09994793022727493,False
1982-05-21 22:00:00,0.0,0.001873359,0.0013656789,0.0007650161170167849,0.1001526013056656,False
1982-05-21 23:00:00,0.0,0.0039997967,0.0029158518,0.0016333809765055776,0.10034163697942233,False
1982-05-22 00:00:00,0.0,0.005851497,0.0042657414,0.0023895524097606543,0.10052938438631202,False
1982-05-22 01:00:00,0.0,0.006820168,0.004971903,0.002785124700050801,0.1007183121244244,False
1982-05-22 02:00:00,0.0,0.006565312,0.004786113,0.002681050191633403,0.1009403395217679,False
1982-05-22 03:00:00,4.725374e-06,0.0062139486,0.0045299684,0.0025402918647046135,0.10118414871888047,False
1982-05-22 04:00:00,0.0067166863,0.0064586955,0.004708389,0.006513039635960013,0.10144097616604174,False
1982-05-22 05:00:00,0.048254076,0.009214417,0.0067173103,0.03160545673500746,0.10172979849152182,False
1982-05-22 06:00:00,0.112530455,0.013425298,0.009787043,0.07041250780783594,0.10202559808875135,False
1982-05-22 07:00:00,0.1919067,0.019516787,0.014227736,0.11870016104727983,0.10225540549945099,False
1982-05-22 08:00:00,0.25873777,0.029397534,0.021430802,0.16129664825834336,0.10237777911487163,False
1982-05-22 09:00:00,0.3386627,0.039688643,0.02893302,0.21161587823182343,0.10239938092722782,False
1982-05-22 10:00:00,0.38413224,0.03610759,0.026322432,0.23638941181078552,0.1025560262938394,False
1982-05-22 11:00:00,0.37595522,0.039994262,0.029155817,0.23325846111774443,0.10225600524401333,False
1982-05-22 12:00:00,0.3548695,0.04417713,0.03220513,0.222800147973001,0.10211923175280536,False
1982-05-22 13:00:00,0.31675237,0.047528014,0.034647923,0.20217494475096462,0.10157512950338086,False
1982-05-22 14:00:00,0.27221748,0.048758723,0.035545107,0.17698089180886745,0.10128864398023048,False
1982-05-22 15:00:00,0.22223808,0.047010172,0.034270413,0.1474287272579968,0.10113694697536657,False
1982-05-22 16:00:00,0.16233394,0.043972332,0.03205583,0.11162348605319856,0.10095163649526417,False
1982-05-22 17:00:00,0.111579694,0.036609754,0.026688512,0.0793316622376442,0.1006696646336801,False
1982-05-22 18:00:00,0.058089275,0.033175427,0.024184888,0.04706522832438349,0.10033225831607732,False
1982-05-22 19:00:00,0.01795714,0.0306636,0.022353765,0.022883241401985287,0.10012883008744511,False
1982-05-22 20:00:00,0.00064161356,0.029353144,0.02139844,0.012357036789238917,0.10014973069214068,False
1982-05-22 21:00:00,0.0,0.028532483,0.020800179,0.011651695769280195,0.10024417752765473,False
1982-05-22 22:00:00,0.0,0.024369236,0.017765172,0.009951567392796278,0.10038315735459762,False
1982-05-22 23:00:00,0.0,0.023568207,0.017181223,0.009624454585835338,0.10053459437373381,False
1982-05-23 00:00:00,0.0,0.023821509,0.01736588,0.009727894177660346,0.10067182058586328,False
1982-05-23 01:00:00,0.0,0.027793977,0.020261807,0.01135011526197195,0.10080155088573517,False
1982-05-23 02:00:00,0.0,0.030722959,0.022397041,0.012546212090179325,0.10095234849669212,False
1982-05-23 03:00:00,6.684675e-06,0.032485116,0.023681648,0.013269673958411658,0.10116566177258207,False
1982-05-23 04:00:00,0.006437111,0.03551515,0.025890546,0.018217392313759774,0.10138362950318854,False
1982-05-23 05:00:00,0.039843716,0.04125131,0.030072201,0.039835455931723114,0.1016065933854301,False
1982-05-23 06:00:00,0.09619161,0.047303207,0.03448404,0.07481957910209894,0.10176585122837582,False
1982-05-23 07:00:00,0.17499298,0.05830357,0.042503305,0.1247801438756287,0.10194267115803486,False
1982-05-23 08:00:00,0.26408234,0.0642828,0.04688325,0.17862755933403968,0.10202179070189026,False
1982-05-23 09:00:00,0.35615695,0.06613078,0.048255384,0.23251060583442448,0.102268295821146,False
1982-05-23 10:00:00,0.4318834,0.0638023,0.04671142,0.2752621847614646,0.10247135416801915,False
1982-05-23 11:00:00,0.47659752,0.057778202,0.04212031,0.2985914210826158,0.10299352579070463,False
1982-05-23 12:00:00,0.48035905,0.04904455,0.035753474,0.29719529682397844,0.10424003617833576,False
1982-05-23 13:00:00,0.47754103,0.043678913,0.03184193,0.293378157209605,0.10646807366496469,False
1982-05-23 14:00:00,0.42419612,0.041000377,0.029889274,0.26150432366505266,0.10902615193847463,False
1982-05-23 15:00:00,0.35396492,0.03330143,0.024276745,0.21783693411573768,0.1118629680722507,False
1982-05-23 16:00:00,0.24342655,0.0256315,0.018685363,0.15092415056936442,0.11446174792048418,False
1982-05-23 17:00:00,0.15466163,0.016637452,0.012128705,0.09603392783179879,0.11646794123756905,False
1982-05-23 18:00:00,0.076435655,0.010790783,0.00786648,0.04850996200088411,0.11791576330351539,False
1982-05-23 19:00:00,0.020212613,0.008593037,0.0062643234,0.015171781766228376,0.11873436527873284,False
1982-05-23 20:00:00,0.0008278048,0.01113495,0.00811738,0.005024778577149845,0.11899992756614823,False
1982-05-23 21:00:00,0.0,0.016688308,0.012165776,0.006814937487244606,0.11909472277870893,False
1982-05-23 22:00:00,0.0,0.019673511,0.014341988,0.008033993035554885,0.1192501015075811,False
1982-05-23 23:00:00,0.0,0.020129588,0.01467447,0.008220239158719778,0.11954503565811113,False
1982-05-24 00:00:00,0.0,0.021100206,0.01538205,0.008616606803610921,0.11987349457182948,False
1982-05-24 01:00:00,0.0,0.024545163,0.017893424,0.01002341002598405,0.1202778417944771,False
1982-05-24 02:00:00,0.0,0.0316385,0.023064466,0.012920087434351444,0.12068668058112757,False
1982-05-24 03:00:00,4.062669e-06,0.031835165,0.023207832,0.013002742933815172,0.12112563571805161,False
1982-05-24 04:00:00,0.0065744068,0.032867264,0.023960238,0.017215305983554575,0.12157932169242684,False
1982-05-24 05:00:00,0.04556217,0.031737365,0.023136541,0.039249833196401594,0.12207983200889506,False
1982-05-24 06:00:00,0.11096231,0.036424708,0.026553612,0.07889986443147062,0.12292335796202027,False
1982-05-24 07:00:00,0.1844107,0.039408084,0.028728494,0.1224978991523385,0.1244343702192523,False
1982-05-24 08:00:00,0.26855958,0.044494446,0.032436453,0.17312889398261905,0.12633655097344385,False
1982-05-24 09:00:00,0.34724686,0.051427502,0.037490647,0.2213626788817346,0.1287769832621278,False
1982-05-24 10:00:00,0.42108017,0.045278966,0.033008367,0.26145364969968793,0.131147292057606,False
1982-05-24 11:00:00,0.46950692,0.05432741,0.039604686,0.2930909597240388,0.13302929311704628,False
1982-05-24 12:00:00,0.5250063,0.065669805,0.04787329,0.3297459473311901,0.1338899404724078,False
1982-05-24 13:00:00,0.5118765,0.07250836,0.05285859,0.3249627018794417,0.1345328904940696,False
1982-05-24 14:00:00,0.48183933,0.08601787,0.06270703,0.31314806623011826,0.13453929354624006,False
1982-05-24 15:00:00,0.4074092,0.09083777,0.06622074,0.2721701599732041,0.13438804415249692,False
1982-05-24 16:00:00,0.30136335,0.08334218,0.060756456,0.207920765273273,0.13469245838266292,False
1982-05-24 17:00:00,0.21454711,0.061301474,0.044688772,0.14882712140306828,0.13568718241074704,False
1982-05-24 18:00:00,0.11837549,0.044213932,0.03223196,0.08635812313482165,0.13663953053824254,False
1982-05-24 19:00:00,0.034804307,0.038074046,0.027755981,0.035630231197923426,0.13741339336035965,False
1982-05-24 20:00:00,0.0014784657,0.039313097,0.028659252,0.01690720699215308,0.13778666111397206,False
1982-05-24 21:00:00,0.0,0.04679595,0.03411425,0.01910987475514412,0.13792310085696305,False
1982-05-24 22:00:00,0.0,0.059022628,0.043130685,0.024108406618237495,0.13800976963692016,False
1982-05-24 23:00:00,0.0,0.0621758,0.04532616,0.025390482444316145,0.1380444756393707,False
1982-05-25 00:00:00,0.0,0.071309015,0.05228767,0.02913656086474657,0.13806311023341628,False
1982-05-25 01:00:00,0.0,0.075701654,0.05630494,0.030974377021193503,0.13806311578048994,False
1982-05-25 02:00:00,0.0,0.08188471,0.06297407,0.03361605866253376,0.1380243668924239,False
1982-05-25 03:00:00,1.887268e-05,0.084991224,0.0680361,0.03504660072842307,0.13791681229359606,False
1982-05-25 04:00:00,0.0110247005,0.08664984,0.07234895,0.04224188750423491,0.13780298794705476,False
1982-05-25 05:00:00,0.07522319,0.08890118,0.076229356,0.08032470168173313,0.1377532638624871,False
1982-05-25 06:00:00,0.18401268,0.09913325,0.08504963,0.14734816744923593,0.1381417076893789,False
1982-05-25 07:00:00,0.29352424,0.11260222,0.09576143,0.21608482007682323,0.13920605189957982,False
1982-05-25 08:00:00,0.42030975,0.12856658,0.10756509,0.2957683091908693,0.14111002597262634,False
1982-05-25 09:00:00,0.50682396,0.13009626,0.10819419,0.3462854280173778,0.14374528862655644,False
1982-05-25 10:00:00,0.5495366,0.11715739,0.097862,0.36559823561459776,0.1469976748945519,False
1982-05-25 11:00:00,0.5101436,0.10996833,0.092061795,0.3399024941399693,0.15066257778977524,False
1982-05-25 12:00:00,0.49083567,0.10829586,0.09043605,0.32805689786374564,0.15437568450058825,False
1982-05-25 13:00:00,0.4439336,0.09075048,0.07497938,0.29368550371378654,0.15748632470087007,False
1982-05-25 14:00:00,0.38437137,0.078739144,0.06309867,0.2542443527653813,0.1602992428634449,False
1982-05-25 15:00:00,0.35359272,0.06910253,0.05420335,0.23244881716370583,0.1624326115593758,False
1982-05-25 16:00:00,0.30534542,0.05482048,0.041811872,0.19867090391740203,0.16410500234522019,False
1982-05-25 17:00:00,0.21706903,0.040399563,0.02945128,0.14174663795158268,0.16542353385800743,False
1982-05-25 18:00:00,0.12616445,0.03148766,0.022954501,0.08565537746250629,0.16610102592640882,False
1982-05-25 19:00:00,0.03788335,0.027494866,0.020080296,0.03308863393962383,0.1663426282491358,False
1982-05-25 20:00:00,0.0013569602,0.026418364,0.019306371,0.011573886240716091,0.16635250374998214,False
1982-05-25 21:00:00,0.0,0.026868192,0.019642146,0.010975038925185799,0.1662516245052769,False
1982-05-25 22:00:00,0.0,0.023752911,0.01731587,0.009699881153181196,0.16609333699197426,False
1982-05-25 23:00:00,0.0,0.022319928,0.016271228,0.00911469967290759,0.16580196050357457,False
1982-05-26 00:00:00,0.0,0.021100858,0.0153825255,0.008616873063147068,0.16550502659299793,False
1982-05-26 01:00:00,0.0,0.019990556,0.014573116,0.008163463398814201,0.1651325354541271,False
1982-05-26 02:00:00,0.0,0.018996358,0.013848345,0.007757466690614819,0.16471122291615148,False
1982-05-26 03:00:00,1.990996e-05,0.018433675,0.01343815,0.0075391742998326666,0.16421646866016937,False
1982-05-26 04:00:00,0.011711781,0.019763771,0.01440779,0.01482854992430657,0.16367455260315453,False
1982-05-26 05:00:00,0.08520555,0.021381643,0.015587219,0.05789513688720762,0.16317090138961338,False
1982-05-26 06:00:00,0.21076152,0.020518336,0.0149578685,0.1299883865211159,0.16287572785705104,False
1982-05-26 07:00:00,0.3579226,0.01804094,0.013151846,0.21388865465857085,0.16276834573710736,False
1982-05-26 08:00:00,0.5074906,0.016650356,0.01213811,0.2996215013712645,0.16301274066447058,False
1982-05-26 09:00:00,0.6422073,0.016954383,0.012359745,0.3774772197455168,0.16338256963406003,False
1982-05-26 10:00:00,0.74572045,0.017357692,0.012653757,0.4373689886704087,0.1643057905453561,False
1982-05-26 11:00:00,0.80497634,0.016771061,0.012226105,0.47132008184306323,0.1658920100383454,False
1982-05-26 12:00:00,0.8191837,0.015642041,0.011403048,0.47905667694471776,0.16864769565532847,False
1982-05-26 13:00:00,0.7865323,0.015068949,0.010985264,0.45998277368303386,0.17166579037976074,False
1982-05-26 14:00:00,0.70929706,0.015391486,0.011220393,0.4155497636348009,0.17470316925320398,False
1982-05-26 15:00:00,0.5993501,0.016210735,0.011817627,0.3524449176937341,0.17743905404991558,False
1982-05-26 16:00:00,0.4593665,0.01507424,0.010989122,0.27121027788706126,0.17906728341315495,False
1982-05-26 17:00:00,0.3062894,0.011307881,0.008243445,0.18134674068633466,0.17980856834388426,False
1982-05-26 18:00:00,0.15922077,0.014899992,0.010862095,0.0979550346257165,0.17998398874251417,False
1982-05-26 19:00:00,0.0481651,0.020356718,0.014840047,0.03610425523854791,0.17994214537551093,False
1982-05-26 20:00:00,0.0020769744,0.026609926,0.019398639,0.012065003246301784,0.17990964602859003,False
1982-05-26 21:00:00,0.0,0.02819058,0.020550933,0.01151207411661744,0.17990529755545168,False
1982-05-26 22:00:00,0.0,0.02478741,0.018070022,0.010122335175052285,0.17998388891255335,False
1982-05-26 23:00:00,0.0,0.027273707,0.019882534,0.01113765473663807,0.1802826525803687,False
1982-05-27 00:00:00,0.0,0.027565924,0.020095557,0.011256986198946833,0.18077213930893077,False
1982-05-27 01:00:00,0.0,0.026327793,0.019192958,0.010751375198364258,0.18135907431268453,False
1982-05-27 02:00:00,0.0,0.02416424,0.017615732,0.009867854375392199,0.1820344490469,False
1982-05-27 03:00:00,3.405727e-05,0.022075733,0.016093211,0.009034629991710973,0.18276763943170984,False
1982-05-27 04:00:00,0.014583972,0.02363487,0.017229822,0.018066629254259167,0.18352776167211726,False
1982-05-27 05:00:00,0.095978305,0.026390273,0.01923851,0.06615637211874127,0.18429235409176736,False
1982-05-27 06:00:00,0.22845973,0.025400158,0.018516717,0.14219382569193836,0.18482557556269674,False
1982-05-27 07:00:00,0.37646303,0.025948808,0.01891668,0.2278157765902579,0.18489144462797,False
1982-05-27 08:00:00,0.5243261,0.026897313,0.01960814,0.3135200997311622,0.18400926236152323,False
1982-05-27 09:00:00,0.65836895,0.026253778,0.019139003,0.39060003175958985,0.18270529163702376,False
1982-05-27 10:00:00,0.7520272,0.019142311,0.013954746,0.4417367712780833,0.18052664105900548,False
1982-05-27 11:00:00,0.8050857,0.01871102,0.013640333,0.47217540375515815,0.17793617773998824,False
1982-05-27 12:00:00,0.80474705,0.021026235,0.015328128,0.4729254446364939,0.17480052615764066,False
1982-05-27 13:00:00,0.74517983,0.023290202,0.016978556,0.43947968963906164,0.17172157566299642,False
1982-05-27 14:00:00,0.6511436,0.024137562,0.017596284,0.38556682300753886,0.16870109335462932,False
1982-05-27 15:00:00,0.52165896,0.023524506,0.017149365,0.31060382659919555,0.16616198608005478,False
1982-05-27 16:00:00,0.39269817,0.018771732,0.013684593,0.23425258059240878,0.16416909732007792,False
1982-05-27 17:00:00,0.2465937,0.019301932,0.014071108,0.15016681708581744,0.16289602093151986,False
1982-05-27 18:00:00,0.12859684,0.023132479,0.016863577,0.08364689584635197,0.16236028343935635,False
1982-05-27 19:00:00,0.037889656,0.023648405,0.017408747,0.031528665287420155,0.16239507492497623,False
1982-05-27 20:00:00,0.0014633386,0.025698561,0.019223038,0.011365159530076198,0.16277244228483392,False
1982-05-27 21:00:00,0.0,0.0359361,0.027537106,0.014747424066066741,0.1631624903833127,False
1982-05-27 22:00:00,0.0,0.058242097,0.047207467,0.02404053720831871,0.16353329719026632,False
1982-05-27 23:00:00,0.0,0.07888836,0.06481961,0.032610062643885614,0.16401328750926594,False
1982-05-28 00:00:00,0.0,0.08898011,0.073260985,0.036789753243327145,0.16442020751343633,False
1982-05-28 01:00:00,0.0,0.09834455,0.07948726,0.040581450641155245,0.16479824029869458,False
1982-05-28 02:00:00,0.0,0.103871174,0.08559522,0.042950605161488055,0.1651752697069297,False
1982-05-28 03:00:00,3.9474155e-05,0.10663951,0.08615343,0.044025041839388,0.1655427137362404,False
1982-05-28 04:00:00,0.011921571,0.108299464,0.086809956,0.05152898606751115,0.16587918303283042,False
1982-05-28 05:00:00,0.06427243,0.112457216,0.09088631,0.08348976749181747,0.1661093663042694,False
1982-05-28 06:00:00,0.14824846,0.11529859,0.093806624,0.13315010165423152,0.1660568023227283,False
1982-05-28 07:00:00,0.21435747,0.1159299,0.09410212,0.1715439058691263,0.16574534852456338,False
1982-05-28 08:00:00,0.3243739,0.12091743,0.097196914,0.23703090659528972,0.16490166151472094,False
1982-05-28 09:00:00,0.3895418,0.11667322,0.09414724,0.2729019920006394,0.16352756616510952,False
1982-05-28 10:00:00,0.454172,0.12343192,0.100428425,0.3130267493575811,0.16132015804565084,False
1982-05-28 11:00:00,0.4777499,0.10975977,0.08603241,0.3208088058903813,0.15821328285739017,False
1982-05-28 12:00:00,0.5014539,0.102120906,0.078621335,0.33126705320179467,0.15465406578491012,False
1982-05-28 13:00:00,0.47516432,0.09954603,0.07587635,0.3149996228814125,0.15119085991032302,False
1982-05-28 14:00:00,0.4360053,0.10277474,0.077290386,0.2936726144552231,0.14820162981809618,False
1982-05-28 15:00:00,0.36901402,0.10716512,0.08002288,0.25678625721484427,0.14584591893513102,False
1982-05-28 16:00:00,0.28913096,0.10548208,0.08057708,0.21010261123627424,0.1444764767320877,False
1982-05-28 17:00:00,0.20153965,0.09577989,0.07407748,0.15563134106248616,0.143872621070001,False
1982-05-28 18:00:00,0.11016103,0.08781783,0.06772837,0.09962502593547105,0.14376213299524696,False
1982-05-28 19:00:00,0.036492996,0.08084504,0.061659425,0.05421788851171732,0.1438119073076224,False
1982-05-28 20:00:00,0.0022457337,0.07202473,0.05397032,0.030787311973283063,0.14384435608628862,False
1982-05-28 21:00:00,0.0,0.07164305,0.053231787,0.029310800850391387,0.14374373659417003,False
1982-05-28 22:00:00,0.0,0.080772124,0.062165864,0.03316187048703432,0.1435443062782983,False
1982-05-28 23:00:00,0.0,0.07492293,0.055986203,0.03066981493681669,0.14313604921092016,False
1982-05-29 00:00:00,0.0,0.07184368,0.05356001,0.029402559891343116,0.14256113853359098,False
1982-05-29 01:00:00,0.0,0.07050202,0.052472986,0.028848786793649196,0.1419053455582584,False
1982-05-29 02:00:00,0.0,0.06728467,0.049576357,0.02750516778230667,0.14116670977331203,False
1982-05-29 03:00:00,5.1460473e-05,0.061544012,0.045291167,0.025185156228031698,0.1403754560744969,False
1982-05-29 04:00:00,0.013086952,0.052800555,0.03853426,0.029115426283329724,0.1395624874145706,False
1982-05-29 05:00:00,0.077995025,0.04562126,0.033257898,0.06363330100476741,0.13879418836192361,False
1982-05-29 06:00:00,0.18608586,0.048663452,0.035475656,0.12724404338002204,0.13837002304157375,False
1982-05-29 07:00:00,0.29311252,0.044550423,0.032477263,0.18731880011782048,0.13849013080420572,False
1982-05-29 08:00:00,0.39890328,0.04259985,0.03105529,0.24756352294981476,0.1398385198726689,False
1982-05-29 09:00:00,0.46605742,0.03851768,0.028079387,0.28464444202557204,0.14181317291606507,False
1982-05-29 10:00:00,0.48470846,0.03166273,0.02308213,0.29260676224157217,0.14474774347257158,False
1982-05-29 11:00:00,0.50034463,0.030938253,0.022553984,0.3013329842761159,0.1478872868275485,False
1982-05-29 12:00:00,0.5089125,0.031954296,0.023294682,0.30669156265631314,0.1514589835155039,False
1982-05-29 13:00:00,0.48872027,0.03429534,0.025001304,0.2959966452121734,0.15509346796909637,False
1982-05-29 14:00:00,0.4463091,0.036654245,0.026795175,0.27249270062521097,0.1587457912647691,False
1982-05-29 15:00:00,0.39797446,0.037304476,0.02729602,0.2448706008531153,0.16192823309742202,False
1982-05-29 16:00:00,0.33072266,0.035361744,0.02577871,0.2052675088122487,0.16453578703147959,False
1982-05-29 17:00:00,0.23335773,0.025016727,0.018237194,0.1448633894976228,0.16643398218318486,False
1982-05-29 18:00:00,0.1368923,0.017261975,0.01258398,0.08603606284037232,0.16742244078362337,False
1982-05-29 19:00:00,0.04807751,0.013089934,0.009542561,0.03308620666339993,0.16776782457635095,False
1982-05-29 20:00:00,0.0027839076,0.012070322,0.008799264,0.006535423908382654,0.16766922234522466,False
1982-05-29 21:00:00,0.0,0.01267189,0.009237807,0.005174768904224038,0.16746888786272338,False
1982-05-29 22:00:00,0.0,0.01088288,0.0079336185,0.004444197974167764,0.16725132555023026,False
1982-05-29 23:00:00,0.0,0.012279059,0.008951434,0.0050143501320853824,0.1668871568026692,False
1982-05-30 00:00:00,0.0,0.013007181,0.009482236,0.005311690427362919,0.1665612594443113,False
1982-05-30 01:00:00,0.0,0.01255475,0.009152412,0.005126932963728905,0.16625903069318462,False
1982-05-30 02:00:00,0.0,0.012171502,0.008873024,0.0049704276183620095,0.1659566610792857,False
1982-05-30 03:00:00,6.523321e-05,0.012157982,0.00886317,0.005002546162926592,0.16567407088700872,False
1982-05-30 04:00:00,0.016011035,0.013253464,0.009661777,0.014650631540454923,0.1654304515275363,False
1982-05-30 05:00:00,0.096981324,0.017561717,0.01280249,0.06312983211502432,0.1653008619669006,False
1982-05-30 06:00:00,0.2274426,0.018808838,0.013711642,0.13891527426056563,0.16549198066523493,False
1982-05-30 07:00:00,0.38411883,0.03582575,0.026116975,0.23626658115535973,0.16597694070298422,False
1982-05-30 08:00:00,0.53707814,0.05367774,0.039131075,0.33181425267830483,0.16708314421022818,False
1982-05-30 09:00:00,0.6658989,0.07233144,0.052729625,0.4137613787129521,0.16871529313909087,False
1982-05-30 10:00:00,0.75438637,0.06965295,0.050777003,0.4637248303964734,0.17112571158743972,False
1982-05-30 11:00:00,0.79982626,0.075301304,0.05489465,0.492250246912241,0.17453786450518494,False
1982-05-30 12:00:00,0.82251054,0.07623976,0.05557879,0.5057223069742321,0.1784221499618411,False
1982-05-30 13:00:00,0.7953782,0.076837726,0.056014705,0.49031114107370366,0.18234320364840836,False
1982-05-30 14:00:00,0.7187092,0.07771125,0.056651495,0.44642982242256396,0.18604931917921216,False
1982-05-30 15:00:00,0.60645145,0.07842562,0.057172284,0.3819488460496068,0.18918919169843393,False
1982-05-30 16:00:00,0.46858934,0.075491965,0.05524809,0.3012159785181283,0.19153453562822698,False
1982-05-30 17:00:00,0.31534347,0.051632863,0.03836381,0.20307735388353465,0.19295113696234342,False
1982-05-30 18:00:00,0.16903488,0.045586187,0.034241058,0.11620344798639416,0.193756466940305,False
1982-05-30 19:00:00,0.054261267,0.04438127,0.033324856,0.04948498141765594,0.1940776207836535,False
1982-05-30 20:00:00,0.003132577,0.047363155,0.034939922,0.02117125681322068,0.19418875025386184,False
1982-05-30 21:00:00,0.0,0.046203185,0.033682123,0.01886780985072255,0.19426835865597006,False
1982-05-30 22:00:00,0.0,0.038401265,0.027994517,0.015681770604103803,0.19432692303403512,False
1982-05-30 23:00:00,0.0,0.03679724,0.026825186,0.015026741735637186,0.19436856726283205,False
1982-05-31 00:00:00,0.0,0.036476053,0.02659104,0.01489557983726263,0.19438275629956972,False
1982-05-31 01:00:00,0.0,0.035103425,0.025590396,0.01433504532650113,0.19438194308610168,False
1982-05-31 02:00:00,0.0,0.0341381,0.024886671,0.013940838553011417,0.1943688336549071,False
1982-05-31 03:00:00,7.586529e-05,0.032930393,0.024006255,0.013491426973356284,0.19435338959458517,False
1982-05-31 04:00:00,0.017274497,0.031657245,0.023078132,0.022895127372816206,0.19433258377250887,False
1982-05-31 05:00:00,0.10241913,0.033575665,0.024476662,0.07280699852481484,0.1943265445248548,False
1982-05-31 06:00:00,0.2376913,0.032750636,0.02387521,0.15052212519198654,0.19431075654097893,False
1982-05-31 07:00:00,0.39001676,0.03765469,0.027450271,0.24041656846553086,0.1942733099061835,False
1982-05-31 08:00:00,0.53863513,0.037011404,0.026981313,0.3259066715352237,0.19393074642707306,False
1982-05-31 09:00:00,0.6682261,0.03618826,0.026381237,0.4003445275463164,0.19338305176406034,False
1982-05-31 10:00:00,0.7661135,0.03512193,0.025603883,0.45639010229334226,0.1926566896223477,False
1982-05-31 11:00:00,0.8198863,0.03600759,0.026249532,0.48777868619561193,0.1920757907494509,False
1982-05-31 12:00:00,0.831511,0.037026297,0.026992166,0.49490213961154217,0.19150810901395784,False
1982-05-31 13:00:00,0.79529256,0.036747392,0.026788851,0.47389019069075583,0.1906608876348768,False
1982-05-31 14:00:00,0.7092848,0.034158725,0.024901712,0.42320658154785634,0.1895262709230984,False
1982-05-31 15:00:00,0.59765667,0.030852746,0.02249165,0.35744710948318237,0.18831132194175773,False
1982-05-31 16:00:00,0.45562705,0.025387919,0.018507792,0.2732643728498369,0.18699732080079692,False
1982-05-31 17:00:00,0.3047481,0.018805634,0.013709307,0.18351922843977808,0.1858983389865514,False
1982-05-31 18:00:00,0.1635504,0.017344398,0.012644067,0.101451447321102,0.18515089903064694,False
1982-05-31 19:00:00,0.053675085,0.018243186,0.013299284,0.0384204212334007,0.18469043211948435,False
1982-05-31 20:00:00,0.0033591357,0.020614855,0.01502823,0.01035662720957771,0.18442746876838925,False
1982-05-31 21:00:00,0.0,0.019555641,0.014256063,0.007985859051346779,0.18416651282612814,False
1982-05-31 22:00:00,0.0,0.01577781,0.011502023,0.006443120956420898,0.18389223801230192,False
1982-05-31 23:00:00,0.0,0.013946861,0.0101672625,0.005695423895493149,0.18366226852663903,False
1982-06-01 00:00:00,0.0,0.0129115945,0.009412552,0.005272656180895865,0.18341995902640854,False
1982-06-01 01:00:00,0.0,0.011013846,0.008029095,0.00449768026638776,0.183155442771929,False
1982-06-01 02:00:00,0.0,0.010356182,0.007549657,0.0042291127229109405,0.18289002983925973,False
1982-06-01 03:00:00,9.153971e-05,0.0096752625,0.007053267,0.004003866703264066,0.1826224681879882,False
1982-06-01 04:00:00,0.017746802,0.010091052,0.0073563764,0.014360747653059662,0.18236101599708143,False
1982-06-01 05:00:00,0.10147607,0.009355124,0.0068198857,0.06237200888898223,0.18211627112839432,False
1982-06-01 06:00:00,0.23271495,0.0069577512,0.0050722007,0.13711783579038458,0.1818350171281189,False
1982-06-01 07:00:00,0.37752572,0.004876007,0.0035546094,0.21982353415805847,0.18150580456352708,False
1982-06-01 08:00:00,0.52735955,0.0030326992,0.0022108378,0.3055249088536948,0.18096217005803572,False
1982-06-01 09:00:00,0.65499514,0.0023601332,0.0017205371,0.3788959959107451,0.1803213837020244,False
1982-06-01 10:00:00,0.7539018,0.002057854,0.0015001756,0.43584168449742716,0.17971117402251688,False
1982-06-01 11:00:00,0.80341816,0.0034999133,0.002551437,0.4650015236085746,0.17913360890745045,False
1982-06-01 12:00:00,0.8020024,0.005632969,0.004106435,0.46505568077834325,0.17861247993054852,False
1982-06-01 13:00:00,0.7495331,0.008249782,0.0060140914,0.43584953890834005,0.17795717938722513,False
1982-06-01 14:00:00,0.6652759,0.010402662,0.0075835395,0.3881122713182121,0.17720278650242735,False
1982-06-01 15:00:00,0.54336137,0.013118828,0.009563626,0.3188767912834882,0.17648957277166866,False
1982-06-01 16:00:00,0.4204169,0.01440939,0.010504444,0.24846485143434255,0.1759061817428048,False
1982-06-01 17:00:00,0.27915594,0.015004331,0.010938157,0.1672002360001206,0.17541785590042025,False
1982-06-01 18:00:00,0.1514879,0.016388526,0.011947236,0.09410103625059127,0.17503303211624632,False
1982-06-01 19:00:00,0.052003227,0.016791012,0.012240648,0.03686274056509137,0.1747532368355692,False
1982-06-01 20:00:00,0.0033558798,0.01642896,0.011976713,0.008645371584687382,0.17466756820222648,False
1982-06-01 21:00:00,0.0,0.01396448,0.010180106,0.005702618787065149,0.1746112910005506,False
1982-06-01 22:00:00,0.0,0.011370279,0.008288933,0.004643235292285681,0.1745526449020728,False
1982-06-01 23:00:00,0.0,0.0083157895,0.006062211,0.003395885724574327,0.17452857347786285,False
1982-06-02 00:00:00,0.0,0.0053843847,0.0039252164,0.002198799622245133,0.17449908307117967,False
1982-06-02 01:00:00,0.0,0.00390636,0.0028477362,0.0015952245583757756,0.17446516341365734,False
1982-06-02 02:00:00,0.0,0.002688469,0.0019598939,0.0010978792919777334,0.1744317147096046,False
1982-06-02 03:00:00,0.00010418872,0.0021588597,0.0015738087,0.0009417218098315061,0.1743978842006947,False
1982-06-02 04:00:00,0.018044906,0.00180099,0.0013129216,0.011147373675834387,0.17437094840709144,False
1982-06-02 05:00:00,0.10169362,0.0015417204,0.0011239141,0.05930680651159491,0.1743569979272246,False
1982-06-02 06:00:00,0.23274451,0.001044007,0.0007610811,0.13471992209157907,0.17435549689615984,False
1982-06-02 07:00:00,0.37037316,0.0015104075,0.0011010871,0.21432211220194586,0.1743672220934247,False
1982-06-02 08:00:00,0.5099874,0.0021700843,0.0015819914,0.29514892644667995,0.17443219444969693,False
1982-06-02 09:00:00,0.6411923,0.0026605937,0.0019395729,0.37105446292995475,0.17450997771372267,False
1982-06-02 10:00:00,0.74042755,0.00352693,0.0025711323,0.42866697677015325,0.1746466394082533,False
1982-06-02 11:00:00,0.7991826,0.0040065497,0.0029207745,0.46276449530431996,0.17476681350011558,False
1982-06-02 12:00:00,0.79996395,0.004575586,0.0033356023,0.4634477135320194,0.17497337372836352,False
1982-06-02 13:00:00,0.7545064,0.0057035456,0.004157885,0.4376793322204612,0.1751407593304133,False
1982-06-02 14:00:00,0.66923606,0.0069131944,0.005039719,0.3889723224714398,0.17529251908448415,False
1982-06-02 15:00:00,0.5647585,0.008763456,0.006388559,0.3294443400977179,0.17538285257391364,False
1982-06-02 16:00:00,0.42723134,0.00811098,0.0059129046,0.2498247324153781,0.17543409167807902,False
1982-06-02 17:00:00,0.28125408,0.0067686364,0.0049343356,0.16504768679942933,0.17542531616098678,False
1982-06-02 18:00:00,0.14663142,0.008362461,0.006096234,0.08802127384860069,0.17520327249756826,False
1982-06-02 19:00:00,0.050983008,0.011977322,0.008731468,0.03430832683295011,0.1752034322924986,False
1982-06-02 20:00:00,0.0035884315,0.013675959,0.009969773,0.007655321529135108,0.17543341469739063,False
1982-06-02 21:00:00,0.0,0.012662284,0.009230806,0.0051708463244140145,0.17568652728215542,False
1982-06-02 22:00:00,0.0,0.012948415,0.009439396,0.005287692594341933,0.17594032006202484,False
1982-06-02 23:00:00,0.0,0.010480511,0.007640293,0.004279884374700487,0.17613193128285218,False
1982-06-03 00:00:00,0.0,0.008924623,0.0065060505,0.0036445126198232174,0.17631141299746686,False
1982-06-03 01:00:00,0.0,0.0070822313,0.0051629464,0.002892142471857369,0.17647083262107788,False
1982-06-03 02:00:00,0.0,0.0063796896,0.0046507935,0.002605248295236379,0.17659214826130062,False
1982-06-03 03:00:00,0.00011775978,0.006472138,0.004718189,0.0027109486103072413,0.17669256281405557,False
1982-06-03 04:00:00,0.018354706,0.0075923535,0.005534825,0.013691124619450419,0.17677539203354706,False
1982-06-03 05:00:00,0.1016177,0.008978577,0.006545383,0.06229995939787477,0.1768612270632771,False
1982-06-03 06:00:00,0.2321615,0.009117938,0.0066469763,0.1376806452590972,0.17693082671575808,False
1982-06-03 07:00:00,0.37923416,0.010099014,0.007362182,0.222942207259126,0.17696891822897476,False
1982-06-03 08:00:00,0.5280213,0.011240479,0.008194309,0.30925850552693007,0.17703392894777717,False
1982-06-03 09:00:00,0.658246,0.013830305,0.010082292,0.38545575724821535,0.17705984401725364,False
1982-06-03 10:00:00,0.75238544,0.018325824,0.013359524,0.4416100409068167,0.17690416959263458,False
1982-06-03 11:00:00,0.8050902,0.025416845,0.01852888,0.47491641456447536,0.17676505718818883,False
1982-06-03 12:00:00,0.7972239,0.03205944,0.02337133,0.4730901896767318,0.17652793556893379,False
1982-06-03 13:00:00,0.74247485,0.03606083,0.026288344,0.4431340071037412,0.1761848794765943,False
1982-06-03 14:00:00,0.6552432,0.035196226,0.025658049,0.39244827881082894,0.1759272003619231,False
1982-06-03 15:00:00,0.53102404,0.03657356,0.026662122,0.32133626828342676,0.17578817317407014,False
1982-06-03 16:00:00,0.40404734,0.03650723,0.026613766,0.24804362661391496,0.17540653994552538,False
1982-06-03 17:00:00,0.2453177,0.036716644,0.026766429,0.15654214015603066,0.17512618033608482,False
1982-06-03 18:00:00,0.13358192,0.041690722,0.030519653,0.09410870640724897,0.17484416085473087,False
1982-06-03 19:00:00,0.05030941,0.0461895,0.033878565,0.04790189599990845,0.174732336541494,False
1982-06-03 20:00:00,0.0037651432,0.045587476,0.033342764,0.020794775653397664,0.17475563932393734,False
1982-06-03 21:00:00,0.0,0.043795694,0.03192706,0.017884672220796347,0.17479528249419118,False
1982-06-03 22:00:00,0.0,0.033892572,0.024707682,0.013840573891997337,0.1748147485707613,False
1982-06-03 23:00:00,0.0,0.02941236,0.021441609,0.012011008026078344,0.17475753036397682,False
1982-06-04 00:00:00,0.0,0.024122825,0.01758554,0.009850941555574536,0.1747115184199082,False
1982-06-04 01:00:00,0.0,0.018165996,0.013243012,0.007418375289067626,0.17466824799847555,False
1982-06-04 02:00:00,0.0,0.014491358,0.0105642,0.0059177778242155915,0.17463425380933215,False
1982-06-04 03:00:00,0.00013187827,0.011855616,0.008642744,0.0049175243454228626,0.1745996079298365,False
1982-06-04 04:00:00,0.018525627,0.0112109445,0.008172779,0.015267455102875829,0.17456130597682729,False
1982-06-04 05:00:00,0.10140573,0.01012935,0.007384297,0.06264758983068168,0.17451778843582522,False
1982-06-04 06:00:00,0.23056564,0.008599986,0.0062693893,0.13654831472598014,0.1744296834982334,False
1982-06-04 07:00:00,0.3708757,0.008441828,0.0061540934,0.21744262670446185,0.17428251130357034,False
1982-06-04 08:00:00,0.50771666,0.008424647,0.006141567,0.29639284978155045,0.17404373322520686,False
1982-06-04 09:00:00,0.62353784,0.009307234,0.006784973,0.3635820905482396,0.1737100126202159,False
1982-06-04 10:00:00,0.72479796,0.009259233,0.0067499815,0.42198958135675635,0.1732154409761816,False
1982-06-04 11:00:00,0.77600205,0.008887799,0.0064792046,0.45138265758007756,0.1727299122228679,False
1982-06-04 12:00:00,0.76822096,0.009103418,0.0066363923,0.4469810210997239,0.1719712346547704,False
1982-06-04 13:00:00,0.73022383,0.0097255455,0.007089924,0.42531073471624403,0.17124476642102712,False
1982-06-04 14:00:00,0.65395546,0.012162416,0.008866401,0.3822990174544975,0.17058366428881508,False
1982-06-04 15:00:00,0.5289416,0.014513104,0.010580052,0.3111259451275691,0.16990218049728031,False
1982-06-04 16:00:00,0.3984564,0.015814567,0.011528819,0.23636747116222978,0.169336849453954,False
1982-06-04 17:00:00,0.25090104,0.016506882,0.012033519,0.15151075169444084,0.1686544034776141,False
1982-06-04 18:00:00,0.13120362,0.01701713,0.012405486,0.0826537068132311,0.16828528534346252,False
1982-06-04 19:00:00,0.04872765,0.017903073,0.01305134,0.03542686039023101,0.1679045739639821,False
1982-06-04 20:00:00,0.003908201,0.017883863,0.013037335,0.009558193701319396,0.16754929684658215,False
1982-06-04 21:00:00,0.0,0.014950358,0.010898811,0.006105217999778688,0.16720170018766942,False
1982-06-04 22:00:00,0.0,0.006222895,0.00453649,0.002541218668688089,0.1668610271390236,False
1982-06-04 23:00:00,0.0,0.0050721928,0.0036976284,0.00207131105940789,0.16662906612984366,False
1982-06-05 00:00:00,0.0,0.0038385477,0.0027983014,0.0015675323910545557,0.16644772862502136,False
1982-06-05 01:00:00,0.0,0.0030864994,0.0022500576,0.0012604213929735123,0.166305941716436,False
1982-06-05 02:00:00,0.0,0.0023073568,0.0016820633,0.0009422460794448852,0.16621240197865986,False
1982-06-05 03:00:00,0.00013899515,0.0019400603,0.001414304,0.0008724548658647108,0.16615429290836903,False
1982-06-05 04:00:00,0.01880961,0.0018344774,0.0013373338,0.011602282651350831,0.16612475813276384,False
1982-06-05 05:00:00,0.09927315,0.0019353064,0.0014108383,0.058070922393468206,0.16611277229305063,False
1982-06-05 06:00:00,0.2251029,0.0017925238,0.00130675,0.13061637991527095,0.16604818841796695,False
1982-06-05 07:00:00,0.36533672,0.001669028,0.0012167213,0.21148085949767845,0.16589210043406286,False
1982-06-05 08:00:00,0.5073831,0.0011750809,0.0008566341,0.2932399164873641,0.16550105105483223,False
1982-06-05 09:00:00,0.62607753,0.0011499046,0.0008382804,0.3617163183345692,0.16519832997110534,False
1982-06-05 10:00:00,0.72373104,0.0017431669,0.0012707688,0.418304660747759,0.16504039862454264,False
1982-06-05 11:00:00,0.7586154,0.0019071621,0.0013903212,0.43849989129579625,0.1647115893722234,False
1982-06-05 12:00:00,0.7581401,0.0018926262,0.0013797246,0.4382197144570527,0.1641339412678415,False
1982-06-05 13:00:00,0.7115907,0.0019915141,0.0014518136,0.41140110475756225,0.1637403379402156,False
1982-06-05 14:00:00,0.6215784,0.0026601693,0.0019392635,0.35973705681716095,0.1631973131127417,False
1982-06-05 15:00:00,0.50709176,0.003938703,0.002871314,0.29420037820376455,0.16259754059654988,False
1982-06-05 16:00:00,0.3688113,0.006078112,0.0044309436,0.2152862197495997,0.1621483936053229,False
1982-06-05 17:00:00,0.2360707,0.0063954187,0.00466226,0.1388244697167538,0.1618003676901876,False
1982-06-05 18:00:00,0.12786281,0.005038907,0.0036733625,0.0758345601921901,0.16173015526696824,False
1982-06-05 19:00:00,0.050106276,0.004743963,0.0034583493,0.030848594364710148,0.16174608432873247,False
1982-06-05 20:00:00,0.004256524,0.004050586,0.0029528777,0.004110136025585234,0.16177826069414866,False
1982-06-05 21:00:00,0.0,0.0037524325,0.0027355237,0.0015323658857960254,0.1617756415311901,False
1982-06-05 22:00:00,0.0,0.0066274996,0.0048314463,0.0027064454513601958,0.16181154483280397,False
1982-06-05 23:00:00,0.0,0.008097657,0.005903192,0.003306807794608176,0.16194166440301477,False
1982-06-06 00:00:00,0.0,0.0074569625,0.0054361257,0.0030451699434779584,0.16215830997331201,False
1982-06-06 01:00:00,0.0,0.0071711843,0.005227794,0.002928467875812203,0.1624519505672956,False
1982-06-06 02:00:00,0.0,0.0076611238,0.005584959,0.003128542450256646,0.16279935764493847,False
1982-06-06 03:00:00,0.00015037636,0.008357914,0.006092919,0.00349985511637351,0.16318453715970235,False
1982-06-06 04:00:00,0.018129472,0.010361856,0.007553793,0.014692134796641767,0.16359007904714948,False
1982-06-06 05:00:00,0.09637783,0.009642227,0.007029183,0.05954756382666528,0.1639880960822749,False
1982-06-06 06:00:00,0.21789517,0.008155873,0.0059456313,0.12905609149858355,0.1641863714846936,False
1982-06-06 07:00:00,0.33761778,0.009468944,0.00690286,0.1986722565013915,0.16402374146974746,False
1982-06-06 08:00:00,0.48217922,0.008925389,0.0065066083,0.2818622377626598,0.16335154815529176,False
1982-06-06 09:00:00,0.60950434,0.010572331,0.0077072293,0.3560013859132305,0.16207945519477393,False
1982-06-06 10:00:00,0.69825476,0.0081146285,0.005915564,0.406206737245433,0.16054723889756117,False
1982-06-06 11:00:00,0.7264719,0.010973641,0.007999783,0.42365554856974624,0.15862710733681631,False
1982-06-06 12:00:00,0.7305268,0.016098537,0.011735832,0.42808806137368083,0.15690480953448652,False
1982-06-06 13:00:00,0.6776011,0.020250728,0.01476278,0.3992455429974943,0.15551521123943515,False
1982-06-06 14:00:00,0.59374535,0.026737949,0.019491965,0.3535099366772919,0.15425624985245653,False
1982-06-06 15:00:00,0.4808295,0.029699495,0.02165093,0.2895668895486742,0.15350035770306555,False
1982-06-06 16:00:00,0.35848662,0.031382255,0.022877663,0.21966222723573445,0.15306566726242926,False
1982-06-06 17:00:00,0.23963644,0.024170307,0.017620154,0.14814055537991225,0.15278889886694608,False
1982-06-06 18:00:00,0.13012668,0.020411113,0.0148797,0.08341830177791416,0.15281737848804175,False
1982-06-06 19:00:00,0.050332636,0.019417373,0.014155266,0.03697132593020797,0.15287114170754637,False
1982-06-06 20:00:00,0.004446663,0.016815184,0.01225827,0.009432473879307507,0.15287272712307204,False
1982-06-06 21:00:00,0.0,0.019155795,0.014075708,0.007828576477244496,0.1529459073851587,False
1982-06-06 22:00:00,0.0,0.021442164,0.016199993,0.008786958038806915,0.15305046223787686,False
1982-06-06 23:00:00,0.0,0.03006387,0.025495011,0.012470298433676362,0.1531433893840851,False
1982-06-07 00:00:00,0.0,0.037468657,0.034006417,0.015662280902266502,0.1532110408301207,False
1982-06-07 01:00:00,0.0,0.0428728,0.039183285,0.017935961119830608,0.15328215002661197,False
1982-06-07 02:00:00,0.0,0.046541695,0.04179588,0.019430862788110972,0.15336358276777642,False
1982-06-07 03:00:00,0.000102258244,0.048791803,0.042134944,0.020338465463326426,0.15348088302340798,False
1982-06-07 04:00:00,0.015286526,0.052812368,0.044426136,0.030707100337371233,0.15362775309657825,False
1982-06-07 05:00:00,0.07756073,0.055163607,0.045930173,0.06758814170956612,0.15376604224392593,False
1982-06-07 06:00:00,0.17298406,0.0557811,0.044724233,0.12281013919785619,0.1538029247377649,False
1982-06-07 07:00:00,0.2723265,0.053871885,0.040823422,0.17921558040380478,0.1536435609307411,False
1982-06-07 08:00:00,0.36894888,0.047239963,0.03452604,0.23217945438250898,0.1531894189817093,False
1982-06-07 09:00:00,0.4720831,0.03863689,0.028166296,0.288169936068356,0.15264776144060688,False
1982-06-07 10:00:00,0.5460918,0.027042849,0.019714238,0.3261383458320051,0.1521714652273648,False
1982-06-07 11:00:00,0.60253036,0.020005532,0.014584033,0.3558295967839658,0.15178172915258514,False
1982-06-07 12:00:00,0.6323603,0.016277347,0.011866186,0.3715189962945878,0.15175059943435085,False
1982-06-07 13:00:00,0.5978554,0.014713269,0.010725972,0.35097095818258817,0.1516852819796806,False
1982-06-07 14:00:00,0.5501408,0.014749007,0.010752027,0.3234542336463928,0.15162683460343776,False
1982-06-07 15:00:00,0.46297807,0.015174852,0.0110624675,0.27333523705322293,0.15200384174697093,False
1982-06-07 16:00:00,0.33970734,0.014668701,0.010693483,0.20200133676640686,0.15261939490185267,False
1982-06-07 17:00:00,0.23374842,0.01302423,0.009494664,0.14019149152934549,0.1533828757540555,False
1982-06-07 18:00:00,0.12845969,0.010514961,0.007665407,0.07841519472841173,0.1541374604421667,False
1982-06-07 19:00:00,0.04665393,0.009808301,0.0071502514,0.03092469430994242,0.15483968532786233,False
1982-06-07 20:00:00,0.0044734017,0.012345876,0.009000143,0.007622788605745882,0.1554449227032639,False
1982-06-07 21:00:00,0.0,0.01604198,0.011694602,0.0065509988162666555,0.1559435878926344,False
1982-06-07 22:00:00,0.0,0.017550306,0.012794174,0.007166948469355702,0.15638516848801412,False
1982-06-07 23:00:00,0.0,0.016049517,0.011700098,0.006554077204316854,0.15692114318149872,False
1982-06-08 00:00:00,0.0,0.015815252,0.011529319,0.006458411375060678,0.1573927582735127,False
1982-06-08 01:00:00,0.0,0.01674292,0.012205589,0.006837239451706409,0.1577684621717712,False
1982-06-08 02:00:00,0.0,0.021448785,0.015636165,0.008758954720571638,0.1580622985311715,False
1982-06-08 03:00:00,0.00016835585,0.025583077,0.0187467,0.010549618628545431,0.15829181220684443,False
1982-06-08 04:00:00,0.016501466,0.028892409,0.021247577,0.021330013869330287,0.15846783028740033,False
1982-06-08 05:00:00,0.08221303,0.033977836,0.024873778,0.061317923530936236,0.15857333798499995,False
1982-06-08 06:00:00,0.18270783,0.039101556,0.028809926,0.12140662876144051,0.15864157760635236,False
1982-06-08 07:00:00,0.27526718,0.044105887,0.032763064,0.17687344294786453,0.15876049847477022,False
1982-06-08 08:00:00,0.4063477,0.05236363,0.03847922,0.2558626757897437,0.15858989819778654,False
1982-06-08 09:00:00,0.5340255,0.061067734,0.045786407,0.3331391676776111,0.15874668747717421,False
1982-06-08 10:00:00,0.62863606,0.060367238,0.046312723,0.3874994056560099,0.1589457429048596,False
1982-06-08 11:00:00,0.6797691,0.07299749,0.05552739,0.4221613220945,0.15970009318854722,False
1982-06-08 12:00:00,0.6708781,0.092240945,0.070726745,0.42495282354950903,0.16051464844470906,False
1982-06-08 13:00:00,0.6131596,0.10377563,0.08062546,0.396440068937838,0.16152595666189742,False
1982-06-08 14:00:00,0.5686707,0.10578212,0.08240164,0.37160627956688397,0.1627775484576036,False
1982-06-08 15:00:00,0.47969076,0.1028961,0.0808002,0.31911344098299743,0.16371865267658825,False
1982-06-08 16:00:00,0.371563,0.10189879,0.079940945,0.2563093081414699,0.16470898702027728,False
1982-06-08 17:00:00,0.24995954,0.09771465,0.075504795,0.18436062040925025,0.16579656505977722,False
1982-06-08 18:00:00,0.13889478,0.09008604,0.06927884,0.11712509629130362,0.16674970283069324,False
1982-06-08 19:00:00,0.05323381,0.08598284,0.06628046,0.06602271994948387,0.16753088798113078,False
1982-06-08 20:00:00,0.0049715824,0.074298225,0.05710657,0.03336840296909213,0.1680687309896758,False
1982-06-08 21:00:00,5.762651e-08,0.07070261,0.05435459,0.029024445055471252,0.16855266870665078,False
1982-06-08 22:00:00,0.0,0.083888575,0.065904796,0.03451374332606792,0.1689763415332646,False
1982-06-08 23:00:00,0.0,0.085240066,0.06767108,0.03510782285034657,0.16937178048528687,False
1982-06-09 00:00:00,0.0,0.08179636,0.065059446,0.03369606801867485,0.16975344848693305,False
1982-06-09 01:00:00,0.0,0.07769804,0.062398717,0.03204010637104511,0.17012104328258384,False
1982-06-09 02:00:00,0.0,0.07383196,0.05932455,0.030447519220411775,0.1704651252483246,False
1982-06-09 03:00:00,0.00017432017,0.069590256,0.05570271,0.02878733333000855,0.17072398447724946,False
1982-06-09 04:00:00,0.015412642,0.06518008,0.052350495,0.03577146982215345,0.1709244420508669,False
1982-06-09 05:00:00,0.080760784,0.05889623,0.046888195,0.07086364353448152,0.17107366850883401,False
1982-06-09 06:00:00,0.1808419,0.058720518,0.046383288,0.1285183408819139,0.17116753257349768,False
1982-06-09 07:00:00,0.25516897,0.057762954,0.045921087,0.1710267671085894,0.17125786270065868,False
1982-06-09 08:00:00,0.37260586,0.059854757,0.04861765,0.23970533979311584,0.1715579841530076,False
1982-06-09 09:00:00,0.47154728,0.062002122,0.05116732,0.2977245965972543,0.17156046563236058,False
1982-06-09 10:00:00,0.5853711,0.059934396,0.045782514,0.362347159449011,0.17105896935849155,False
1982-06-09 11:00:00,0.64267534,0.058786932,0.044670366,0.39492824907973406,0.17037943427757996,False
1982-06-09 12:00:00,0.68261826,0.063858904,0.04865035,0.4200617907196283,0.16958919597118796,False
1982-06-09 13:00:00,0.66362673,0.0685205,0.052790295,0.4110473643764853,0.16903458335293783,False
1982-06-09 14:00:00,0.5907197,0.067565165,0.052785616,0.3686272361576557,0.16902325391812575,False
1982-06-09 15:00:00,0.5052352,0.07117625,0.057158157,0.3208712855502963,0.16877510702622137,False
1982-06-09 16:00:00,0.38743028,0.07406012,0.061659753,0.2542050826624036,0.168527348802779,False
1982-06-09 17:00:00,0.27126947,0.070929304,0.060124204,0.1859421045333147,0.16855323308314832,False
1982-06-09 18:00:00,0.15205397,0.0678674,0.058034685,0.11591208194941281,0.16864622886863553,False
1982-06-09 19:00:00,0.049445096,0.06795409,0.058079217,0.05674115872010588,0.16881577116837432,False
1982-06-09 20:00:00,0.004499564,0.068167,0.057443097,0.030851799020543694,0.16886622499050277,False
1982-06-09 21:00:00,1.4406628e-07,0.065034926,0.053505994,0.02688729449372981,0.16901069159245521,False
1982-06-09 22:00:00,0.0,0.06314002,0.052765757,0.026148018166422843,0.16918145624202455,False
1982-06-09 23:00:00,0.0,0.060132444,0.049727213,0.0248741412833333,0.16926136074893885,False
1982-06-10 00:00:00,0.0,0.058364738,0.047525432,0.0241029615662992,0.16933370172259177,False
1982-06-10 01:00:00,0.0,0.05661907,0.0455692,0.023353173807263376,0.16942430241106787,False
1982-06-10 02:00:00,0.0,0.051512696,0.040296536,0.021184197708964347,0.16954107500825788,False
1982-06-10 03:00:00,0.000115108945,0.04900557,0.03744645,0.02017158216218377,0.16967093776332923,False
1982-06-10 04:00:00,0.013824483,0.050063916,0.03782541,0.028492883851751687,0.16984447707862046,False
1982-06-10 05:00:00,0.07659445,0.052891,0.039104108,0.06582339863479138,0.17011175472279152,False
1982-06-10 06:00:00,0.17905605,0.054919202,0.0400361,0.12574247486516832,0.17042967395024136,False
1982-06-10 07:00:00,0.29384696,0.053211026,0.03879084,0.19127927266061304,0.17069613811992182,False
1982-06-10 08:00:00,0.40797278,0.05039962,0.03674132,0.2559817867986858,0.17120315615031012,False
1982-06-10 09:00:00,0.4987898,0.05207495,0.03796264,0.30906734653189777,0.17126630683675484,False
1982-06-10 10:00:00,0.56706417,0.06775919,0.049676955,0.35488172177225347,0.17105762885632692,False
1982-06-10 11:00:00,0.61456925,0.07250967,0.053099263,0.38422988338768477,0.1699517441322631,False
1982-06-10 12:00:00,0.6375786,0.07450745,0.054727998,0.39833141787350174,0.16834121983123398,False
1982-06-10 13:00:00,0.6386429,0.067015834,0.049452886,0.3958962560668588,0.1659936535575497,False
1982-06-10 14:00:00,0.5819177,0.058411255,0.043980755,0.35969522875547405,0.16330173463403014,False
1982-06-10 15:00:00,0.4927947,0.05582353,0.04221529,0.3072210462577641,0.1603993766071655,False
1982-06-10 16:00:00,0.40203175,0.062435884,0.047048017,0.2575517535991967,0.1573467651116421,False
1982-06-10 17:00:00,0.27312526,0.076186396,0.05774745,0.1888244181126356,0.1547396401372342,False
1982-06-10 18:00:00,0.15966369,0.08076355,0.061767165,0.12526312667876482,0.15270723320300766,False
1982-06-10 19:00:00,0.05947254,0.08309298,0.064213686,0.06844450341165066,0.15148203940594024,False
1982-06-10 20:00:00,0.0058823125,0.089272,0.073469214,0.04030279986280948,0.1509624302518546,False
1982-06-10 21:00:00,2.5931928e-07,0.08957242,0.07719953,0.03722114823479985,0.15083853197106525,False
1982-06-10 22:00:00,0.0,0.0922218,0.07998735,0.03834915965795517,0.15086183140547527,False
1982-06-10 23:00:00,0.0,0.09291993,0.079495095,0.03858018958568573,0.1510615588224451,False
1982-06-11 00:00:00,0.0,0.09148986,0.0793545,0.03804490106552839,0.1513151616498786,False
1982-06-11 01:00:00,0.0,0.090483256,0.07883092,0.03764519103616476,0.15157480066367005,False
1982-06-11 02:00:00,0.0,0.08817482,0.07674857,0.03668093146383762,0.15187246330040086,False
1982-06-11 03:00:00,0.00023661443,0.08892451,0.07717683,0.03711722046398791,0.15228608508877967,False
1982-06-11 04:00:00,0.019176258,0.09024951,0.07840791,0.04860079674236476,0.15275721356625124,False
1982-06-11 05:00:00,0.08408655,0.09046979,0.07819393,0.08612376645207405,0.15325101825107199,False
1982-06-11 06:00:00,0.1762134,0.09543971,0.08178217,0.14130862102657557,0.153732015650499,False
1982-06-11 07:00:00,0.2659283,0.101124205,0.085336536,0.19536363256722689,0.15422930230993157,False
1982-06-11 08:00:00,0.347886,0.10170446,0.082914926,0.24273657274246213,0.15449090892621006,False
1982-06-11 09:00:00,0.42332673,0.10614794,0.079258166,0.28770805353671314,0.15477878019114025,False
1982-06-11 10:00:00,0.46510163,0.099978656,0.07423942,0.30926469269394874,0.15511369931528346,False
1982-06-11 11:00:00,0.4834285,0.0946543,0.06958143,0.31762308263033623,0.15493855961692832,False
1982-06-11 12:00:00,0.47390223,0.083076425,0.06077453,0.3073786095827818,0.15450414818402383,False
1982-06-11 13:00:00,0.43576065,0.074334815,0.055033628,0.2818352560475469,0.1537108956963569,False
1982-06-11 14:00:00,0.3471127,0.070914574,0.05301025,0.22931405086815354,0.15280112732808418,False
1982-06-11 15:00:00,0.2570002,0.0636203,0.04779488,0.17434593376517296,0.1521265053368919,False
1982-06-11 16:00:00,0.18298924,0.05730534,0.043196708,0.12906308389082552,0.1517318387740261,False
1982-06-11 17:00:00,0.11942201,0.047434203,0.03660834,0.08838657169044017,0.15113432816665623,False
1982-06-11 18:00:00,0.06659878,0.045502555,0.034904458,0.05710277969017625,0.15063725299078976,False
1982-06-11 19:00:00,0.021804256,0.047047306,0.034414954,0.03179991932399571,0.15020183028716597,False
1982-06-11 20:00:00,0.002620911,0.057266187,0.041873943,0.024904681542655453,0.1499567423856476,False
1982-06-11 21:00:00,2.3050605e-07,0.06828454,0.052009974,0.028005667345410143,0.1497530517816901,False
1982-06-11 22:00:00,0.0,0.08698057,0.06739084,0.03573493418097496,0.1496123366005163,False
1982-06-11 23:00:00,0.0,0.08995636,0.0713552,0.03704707700014114,0.1495131146706085,False
1982-06-12 00:00:00,0.0,0.088669054,0.07123617,0.03656563422828913,0.14939302035592525,False
1982-06-12 01:00:00,0.0,0.09120556,0.0738172,0.037640980370342726,0.14934384357914357,False
1982-06-12 02:00:00,0.0,0.09924363,0.08179894,0.041038043551146985,0.1493927077444646,False
1982-06-12 03:00:00,5.0423198e-05,0.10328109,0.0860358,0.04278574908082009,0.1495292474481653,False
1982-06-12 04:00:00,0.011654039,0.109764114,0.09200315,0.05219550872314721,0.1496722084454979,False
1982-06-12 05:00:00,0.065726005,0.122720025,0.1056237,0.08891127380728721,0.1497764324788994,False
1982-06-12 06:00:00,0.15117905,0.15001898,0.13009118,0.14961223451793193,0.1498526956339115,False
1982-06-12 07:00:00,0.22256272,0.18143353,0.15682836,0.20383639024198055,0.15002681065298581,False
1982-06-12 08:00:00,0.32647088,0.19597033,0.16875663,0.26979960751533505,0.1501823026425574,False
1982-06-12 09:00:00,0.41372326,0.20828484,0.17718588,0.3251434644907713,0.15048218532677082,False
1982-06-12 10:00:00,0.45819032,0.19849233,0.16399129,0.34647501625120636,0.15083493014155538,False
1982-06-12 11:00:00,0.49205652,0.19246373,0.1563409,0.36337813460826873,0.15155494173688155,False
1982-06-12 12:00:00,0.48891243,0.18944314,0.1527464,0.3602552984654903,0.15267150318399655,False
1982-06-12 13:00:00,0.46667376,0.20109655,0.16207384,0.35222737438976764,0.15442034445573227,False
1982-06-12 14:00:00,0.41252738,0.21680546,0.17192332,0.3273133731782436,0.15678704822197517,False
1982-06-12 15:00:00,0.34665188,0.21433103,0.16982898,0.28827705124020575,0.15946673626369448,False
1982-06-12 16:00:00,0.2628838,0.1875477,0.14781822,0.22887124444544313,0.1624685430239013,False
1982-06-12 17:00:00,0.19013673,0.13415045,0.106562994,0.16496480967104435,0.1655059545633286,False
1982-06-12 18:00:00,0.11099856,0.0978134,0.07821337,0.10436283690482377,0.16803429368419842,False
1982-06-12 19:00:00,0.043453407,0.0766488,0.061560385,0.05668028413876891,0.16988857755556042,False
1982-06-12 20:00:00,0.004584073,0.06767983,0.053829324,0.030525650872848926,0.1711792870918114,False
1982-06-12 21:00:00,3.4575908e-07,0.0740931,0.057893794,0.03046681953845666,0.17206968858716523,False
1982-06-12 22:00:00,0.0,0.08177523,0.063174926,0.03358650702238083,0.17286395140346297,False
1982-06-12 23:00:00,0.0,0.079993375,0.06107606,0.03281566248089075,0.1735849133113415,False
1982-06-13 00:00:00,0.0,0.08701039,0.06625151,0.03568441578000784,0.17430740997363037,False
1982-06-13 01:00:00,0.0,0.09739276,0.075050786,0.0399906709715724,0.1750221375518494,False
1982-06-13 02:00:00,0.0,0.10512356,0.08230083,0.043234837241470814,0.17570827990658736,False
1982-06-13 03:00:00,0.00020837745,0.10646794,0.0846749,0.043979348335953544,0.17633472775789136,False
1982-06-13 04:00:00,0.014128954,0.1101224,0.0891848,0.05360355034563691,0.17695632634387193,False
1982-06-13 05:00:00,0.06619781,0.12478607,0.10263333,0.08978439789265395,0.17753677111626986,False
1982-06-13 06:00:00,0.13939367,0.16755214,0.13720837,0.14966614194214342,0.1780020040493652,False
1982-06-13 07:00:00,0.22179246,0.18114817,0.14832081,0.20282724806666372,0.17832981081023266,False
1982-06-13 08:00:00,0.3160501,0.18106352,0.14736275,0.25713094158470634,0.1784540218490059,False
1982-06-13 09:00:00,0.39971504,0.1790858,0.14669567,0.3046398046463728,0.17852151095924973,False
1982-06-13 10:00:00,0.48431012,0.15564273,0.12863225,0.34382524926960467,0.17851790837039003,False
1982-06-13 11:00:00,0.5141135,0.18046495,0.14783302,0.371218032091856,0.17888228589043717,False
1982-06-13 12:00:00,0.52312684,0.21675473,0.17585753,0.3913229906260967,0.1791351471409395,False
1982-06-13 13:00:00,0.5177518,0.23398899,0.19170935,0.3954370368272066,0.1800420351406753,False
1982-06-13 14:00:00,0.44579163,0.2439183,0.19836023,0.35793907687067983,0.18098128232355615,False
1982-06-13 15:00:00,0.37244016,0.25084338,0.2032126,0.3184326582551002,0.18180983820522278,False
1982-06-13 16:00:00,0.3022928,0.24342564,0.19651547,0.2748588377833366,0.18259885820959457,False
1982-06-13 17:00:00,0.20902017,0.21613358,0.17386892,0.20974684949219224,0.1834201268677483,False
1982-06-13 18:00:00,0.12142937,0.1840618,0.15046032,0.14610840551555157,0.18406149320393253,False
1982-06-13 19:00:00,0.044923756,0.1639137,0.13608918,0.09375397706404329,0.1844809109366382,False
1982-06-13 20:00:00,0.0045945905,0.15701884,0.13060968,0.06764395331963897,0.18476116289240693,False
1982-06-13 21:00:00,6.338916e-07,0.15973406,0.13311204,0.0661302825277009,0.18494371700805493,False
1982-06-13 22:00:00,0.0,0.16976869,0.14252701,0.07034110575914383,0.18503356678875219,False
1982-06-13 23:00:00,0.0,0.17322078,0.14460088,0.07172691679000853,0.18510614078629817,False
1982-06-14 00:00:00,0.0,0.17108978,0.14334126,0.0708725579828024,0.18521605447351988,False
1982-06-14 01:00:00,0.0,0.17040701,0.14251159,0.07057581339776516,0.18522174829335938,False
1982-06-14 02:00:00,0.0,0.17172833,0.1433294,0.0711075404137373,0.18508409257696998,False
1982-06-14 03:00:00,7.966865e-05,0.17552054,0.14461914,0.07262248120788717,0.1848421429851843,False
1982-06-14 04:00:00,0.012053851,0.17681596,0.1454944,0.08005685779824852,0.18459321519485802,False
1982-06-14 05:00:00,0.060247622,0.18516798,0.1509739,0.11124245459586382,0.18430509871294617,False
1982-06-14 06:00:00,0.13795023,0.20752102,0.16989669,0.1653469590395689,0.18396330225269517,False
1982-06-14 07:00:00,0.21172665,0.2121695,0.1729944,0.20979852010309696,0.18364491000092173,False
1982-06-14 08:00:00,0.31557822,0.22051759,0.1773974,0.27303908480703826,0.18353692605287972,False
1982-06-14 09:00:00,0.401604,0.2263133,0.18028572,0.32497054022550576,0.1837976691332076,False
1982-06-14 10:00:00,0.49034992,0.19673279,0.15627472,0.3639651372134685,0.18405335766996458,False
1982-06-14 11:00:00,0.5074438,0.20075186,0.1600551,0.37551547463238233,0.1843709622226086,False
1982-06-14 12:00:00,0.54844666,0.21184863,0.16963069,0.40378592245280737,0.18432879991848536,False
1982-06-14 13:00:00,0.5292831,0.2228464,0.17934377,0.3973112391680479,0.18374624661297742,False
1982-06-14 14:00:00,0.47235408,0.2289149,0.18641019,0.36708405549824236,0.18267082704715945,False
1982-06-14 15:00:00,0.40520525,0.22325745,0.1845293,0.32615001145005224,0.18148508020447462,False
1982-06-14 16:00:00,0.3227957,0.19826394,0.16443764,0.26829214003682134,0.18051658128919598,False
1982-06-14 17:00:00,0.22520356,0.15879978,0.13353372,0.195750393807888,0.17933793937402984,False
1982-06-14 18:00:00,0.12960254,0.11963823,0.1031059,0.12449488807469607,0.17818076204240527,False
1982-06-14 19:00:00,0.049235452,0.10015592,0.088259034,0.0701323780156672,0.17700770818763925,False
1982-06-14 20:00:00,0.005216409,0.086795315,0.07872054,0.03928824842395261,0.17587311325613922,False
1982-06-14 21:00:00,1.0949036e-06,0.083127834,0.076014936,0.034779609011925686,0.17468936578866104,False
1982-06-14 22:00:00,0.0,0.0886736,0.08054631,0.03707005890458823,0.17345357159109046,False
1982-06-14 23:00:00,0.0,0.09124624,0.08188254,0.038091519467532635,0.17216739522657085,False
1982-06-15 00:00:00,0.0,0.08610053,0.07753004,0.03595771913230419,0.17086157269871985,False
1982-06-15 01:00:00,0.0,0.079840146,0.07263301,0.033383196584880356,0.16956785291785567,False
1982-06-15 02:00:00,0.0,0.07560163,0.06896769,0.031621256835758685,0.1682705820438285,False
1982-06-15 03:00:00,0.00017455069,0.076427326,0.06904473,0.032030814400292,0.16693675676037747,False
1982-06-15 04:00:00,0.014750542,0.074841075,0.067528516,0.03977395921386778,0.16554430945439783,False
1982-06-15 05:00:00,0.07277476,0.07523729,0.06712169,0.07337816780060528,0.16415352019944127,False
1982-06-15 06:00:00,0.16716014,0.091404654,0.07784438,0.13438331385701896,0.16271274731782628,False
1982-06-15 07:00:00,0.2707757,0.10020174,0.082073964,0.19764401856064792,0.16096476510447502,False
1982-06-15 08:00:00,0.39297125,0.10416463,0.08269354,0.2696466094404459,0.15887240689510765,False
1982-06-15 09:00:00,0.47299922,0.107238434,0.08187639,0.31691285441070793,0.15634707016968377,False
1982-06-15 10:00:00,0.5356562,0.12165825,0.094532184,0.3590702677965164,0.15309516356793285,False
1982-06-15 11:00:00,0.55246043,0.12292206,0.093820944,0.3691942414939403,0.14934413968307017,False
1982-06-15 12:00:00,0.54682803,0.11680431,0.08777533,0.3633604319617152,0.14545384528702332,False
1982-06-15 13:00:00,0.51726836,0.11069886,0.08342919,0.3438168976679444,0.14100789783581677,False
1982-06-15 14:00:00,0.44744992,0.10458213,0.078774385,0.3010232284218073,0.13619627342059795,False
1982-06-15 15:00:00,0.40275845,0.0966002,0.07236319,0.2719447103217244,0.1324118393979832,False
1982-06-15 16:00:00,0.32093927,0.08100331,0.059478607,0.21828402585536238,0.12926790784971684,False
1982-06-15 17:00:00,0.22601071,0.058229182,0.042733144,0.15420233757421373,0.12683554448673398,False
1982-06-15 18:00:00,0.13037191,0.035685886,0.026095087,0.08980182048678396,0.12527938363162697,False
1982-06-15 19:00:00,0.0509021,0.024299059,0.017714014,0.03929342035204172,0.12438840916198884,False
1982-06-15 20:00:00,0.005629822,0.01855117,0.013523805,0.010824074880685658,0.12382851554108991,False
1982-06-15 21:00:00,1.4406626e-06,0.016679473,0.012159336,0.00681216104431337,0.1234692058133079,False
1982-06-15 22:00:00,0.0,0.021070903,0.015360685,0.00860464026220143,0.123179598404351,False
1982-06-15 23:00:00,0.0,0.022155212,0.01615115,0.009047435453161596,0.12281617949556124,False
1982-06-16 00:00:00,0.0,0.021485649,0.015663037,0.008774008501321076,0.12240516344180828,False
1982-06-16 01:00:00,0.0,0.020341584,0.014829014,0.008306811444461345,0.12203368914828201,False
1982-06-16 02:00:00,0.0,0.017347004,0.012645967,0.0070839268080890175,0.1217644110485216,False
1982-06-16 03:00:00,0.00024837026,0.013815305,0.010071357,0.005785010520863579,0.12161116453122846,False
1982-06-16 04:00:00,0.015141192,0.01117259,0.008144818,0.01329897356033325,0.12150526724743572,False
1982-06-16 05:00:00,0.06517216,0.010973051,0.007999354,0.04208535627834499,0.12147474639984462,False
1982-06-16 06:00:00,0.13241842,0.012337908,0.008994335,0.08144381279870867,0.12138474993358671,False
1982-06-16 07:00:00,0.18072376,0.012458722,0.009082409,0.10936532605346291,0.12103100245443477,False
1982-06-16 08:00:00,0.25218076,0.015463154,0.011272639,0.15182292198669164,0.12043914159136508,False
1982-06-16 09:00:00,0.27563572,0.024089208,0.01756103,0.16887902334146201,0.11968401210193826,False
1982-06-16 10:00:00,0.3029683,0.022291977,0.01625085,0.18391599074006082,0.11886337772164486,False
1982-06-16 11:00:00,0.30566293,0.030398792,0.02216072,0.18878134362213314,0.11789042388288297,False
1982-06-16 12:00:00,0.29981577,0.042576373,0.03103818,0.19038044479489324,0.11710409770546475,False
1982-06-16 13:00:00,0.25306055,0.049801722,0.036305457,0.16635326723754404,0.1162005759725719,False
1982-06-16 14:00:00,0.2787289,0.060251456,0.043923307,0.1854312224127352,0.11555819136662403,False
1982-06-16 15:00:00,0.25435135,0.069742754,0.050842468,0.17524129713326692,0.11568178534893313,False
1982-06-16 16:00:00,0.21162403,0.07207171,0.052540276,0.15153869861364364,0.11556031380249802,False
1982-06-16 17:00:00,0.16110949,0.06879734,0.050153267,0.12105467276275157,0.11549259793181588,False
1982-06-16 18:00:00,0.10018178,0.058582805,0.04270687,0.08172811353206634,0.11568788136438461,False
1982-06-16 19:00:00,0.040519703,0.04867598,0.03548479,0.04325748421251773,0.1160387638321984,False
1982-06-16 20:00:00,0.0055164704,0.046180088,0.03366529,0.022041381490416827,0.11636605877845851,False
1982-06-16 21:00:00,1.9016746e-06,0.05112413,0.037269488,0.020878453381993838,0.11665966141042915,False
1982-06-16 22:00:00,0.0,0.04805971,0.03503553,0.019625951282680035,0.11692833396114218,False
1982-06-16 23:00:00,0.0,0.044964287,0.03279494,0.018362748887389896,0.11707920846305131,False
1982-06-17 00:00:00,0.0,0.044388987,0.03235957,0.01812695304304361,0.11718956426248694,False
1982-06-17 01:00:00,0.0,0.050068103,0.036716998,0.02045784779638052,0.11724905706799398,False
1982-06-17 02:00:00,0.0,0.059117697,0.045388773,0.024265424005687236,0.11725959833033191,False
1982-06-17 03:00:00,0.00024030253,0.06523326,0.05070402,0.02694774477824103,0.11725270948823814,False
1982-06-17 04:00:00,0.014802462,0.07229901,0.057214864,0.0383089585294947,0.11724473951964666,False
1982-06-17 05:00:00,0.066229574,0.07497415,0.05885948,0.06905833742022514,0.1172835428746971,False
1982-06-17 06:00:00,0.14576617,0.081048384,0.06276855,0.11740343485772609,0.11759423935297049,False
1982-06-17 07:00:00,0.23263936,0.08545515,0.064237736,0.16923469713330266,0.11843775419343833,False
1982-06-17 08:00:00,0.33785698,0.0939682,0.07004912,0.23340039394795892,0.12007248968642775,False
1982-06-17 09:00:00,0.40996537,0.100019686,0.07528007,0.27752240415662527,0.12219955077647181,False
1982-06-17 10:00:00,0.4555903,0.11988386,0.09732838,0.31236848353594543,0.12508807687022983,False
1982-06-17 11:00:00,0.48252004,0.12839374,0.10480055,0.3314505849778652,0.12827646859964306,False
1982-06-17 12:00:00,0.46242213,0.12858795,0.10601604,0.3199913887828588,0.13163717738314015,False
1982-06-17 13:00:00,0.45268416,0.1251437,0.10380826,0.3129824365824461,0.13479170919105052,False
1982-06-17 14:00:00,0.45084497,0.11309917,0.09415917,0.3069557395726442,0.13806955010246127,False
1982-06-17 15:00:00,0.3897207,0.09969306,0.0825646,0.2661140760928392,0.14026742076877766,False
1982-06-17 16:00:00,0.31142324,0.08577591,0.06835448,0.2150336640626192,0.1415458707619702,False
1982-06-17 17:00:00,0.2314801,0.073099755,0.05626132,0.16357594233751296,0.14211346115757972,False
1982-06-17 18:00:00,0.139774,0.06351294,0.04737607,0.10664417894184589,0.14204157825990218,False
1982-06-17 19:00:00,0.05447218,0.057528745,0.04342637,0.055003577772527935,0.14180147159359677,False
1982-06-17 20:00:00,0.00653159,0.05156735,0.03925781,0.024917001215275375,0.14154733808854855,False
1982-06-17 21:00:00,2.045741e-06,0.047981206,0.03707774,0.019708443478539266,0.14134191071365404,False
1982-06-17 22:00:00,0.0,0.03879797,0.02833639,0.015846616353839636,0.1411337003758086,False
1982-06-17 23:00:00,0.0,0.03512661,0.025607299,0.014344513826072216,0.1410173680464646,False
1982-06-18 00:00:00,0.0,0.02847853,0.02076085,0.01162966316565871,0.14092162734096889,False
1982-06-18 01:00:00,0.0,0.021580622,0.015732272,0.008812792036682367,0.14080055786519333,False
1982-06-18 02:00:00,0.0,0.016537279,0.0120556755,0.00675326238758862,0.14059866316431688,False
1982-06-18 03:00:00,0.00021742482,0.012922226,0.009420303,0.0054024520284729075,0.14029732058641056,False
1982-06-18 04:00:00,0.018842656,0.010503622,0.00765714,0.015161534602753818,0.13993389228418338,False
1982-06-18 05:00:00,0.092522606,0.008848052,0.00645023,0.05699878723546862,0.1394945386408877,False
1982-06-18 06:00:00,0.20460565,0.009489191,0.0069176196,0.12193252514116466,0.1390273320706455,False
1982-06-18 07:00:00,0.3173149,0.011611977,0.008465131,0.1878326297169551,0.13869675824594552,False
1982-06-18 08:00:00,0.43049192,0.0135369105,0.009868408,0.2539218543088063,0.13837402083116762,False
1982-06-18 09:00:00,0.52093863,0.017010925,0.012400964,0.30752827584184705,0.1378455041260973,False
1982-06-18 10:00:00,0.5664823,0.02472905,0.018027477,0.3369587937518954,0.1374195297553408,False
1982-06-18 11:00:00,0.58566034,0.029800106,0.021724276,0.350095365229994,0.1372834599608449,False
1982-06-18 12:00:00,0.57171017,0.02919245,0.021281296,0.3417979715745895,0.1370755210752182,False
1982-06-18 13:00:00,0.5375427,0.033125903,0.024148783,0.32368963098526,0.1371180192290078,False
1982-06-18 14:00:00,0.4762122,0.039559055,0.028838549,0.2909290143959224,0.1375406277655207,False
1982-06-18 15:00:00,0.3756332,0.048648845,0.035465013,0.2366068968065083,0.13736045865517907,False
1982-06-18 16:00:00,0.2799535,0.042241182,0.030793821,0.17878303760290146,0.13730527218389812,False
1982-06-18 17:00:00,0.18146273,0.031590033,0.023029136,0.11760429367423057,0.13717618464109357,False
1982-06-18 18:00:00,0.104755916,0.023897264,0.017421106,0.07020299354940653,0.13686303186080287,False
1982-06-18 19:00:00,0.0383832,0.021823484,0.015909322,0.03105907597020268,0.13636800802360624,False
1982-06-18 20:00:00,0.0045004287,0.023469437,0.01710922,0.012180867495480925,0.1358825276692447,False
1982-06-18 21:00:00,1.2677832e-06,0.026651645,0.019429049,0.010884357165412781,0.13552756010817932,False
1982-06-18 22:00:00,0.0,0.03438582,0.025067264,0.014041999474167824,0.13521181096312662,False
1982-06-18 23:00:00,0.0,0.033712883,0.024576692,0.013767195023596288,0.13495320513572384,False
1982-06-19 00:00:00,0.0,0.030158285,0.02198539,0.012315618205815554,0.13473798907037432,False
1982-06-19 01:00:00,0.0,0.026365815,0.019220676,0.010766902154311538,0.13457797647076966,False
1982-06-19 02:00:00,0.0,0.02400048,0.01749635,0.009800980266183614,0.13448265924032618,False
1982-06-19 03:00:00,0.00014879163,0.023061013,0.016811477,0.009503186271336745,0.1344350081588638,False
1982-06-19 04:00:00,0.012245028,0.024866425,0.018127624,0.017219983651302753,0.13442872307146217,False
1982-06-19 05:00:00,0.060416494,0.02882734,0.02101513,0.04663242204859853,0.13439889799379837,False
1982-06-19 06:00:00,0.14538087,0.0432238,0.03151015,0.10153589127212762,0.1341566998917386,False
1982-06-19 07:00:00,0.22619899,0.05687664,0.04146307,0.15374330122396349,0.1336307535356541,False
1982-06-19 08:00:00,0.3217425,0.05481888,0.039962966,0.20803159210458397,0.1329515067216057,False
1982-06-19 09:00:00,0.40035763,0.06383803,0.046537917,0.2570756343603134,0.132351821779189,False
1982-06-19 10:00:00,0.4993505,0.043372616,0.031618636,0.3058371334001421,0.13179868738232273,False
1982-06-19 11:00:00,0.5196178,0.05301629,0.038648874,0.32146951846778393,0.1314862991965618,False
1982-06-19 12:00:00,0.51165813,0.065638565,0.047850512,0.32203130016475917,0.13112600189462242,False
1982-06-19 13:00:00,0.52510494,0.0741543,0.05405849,0.3332676463350654,0.1312878894654112,False
1982-06-19 14:00:00,0.46041766,0.07994454,0.058279574,0.2983076222762465,0.13187089971580326,False
1982-06-19 15:00:00,0.40083143,0.07881506,0.057456173,0.26346512547135353,0.13259427536600363,False
1982-06-19 16:00:00,0.31478482,0.06662312,0.048568264,0.2088374620079994,0.1335606841309471,False
1982-06-19 17:00:00,0.22382638,0.04749854,0.034626435,0.14854460888355966,0.13461783684909745,False
1982-06-19 18:00:00,0.12359122,0.02833463,0.020655945,0.08288303475640714,0.1355394949491145,False
1982-06-19 19:00:00,0.043651216,0.015950812,0.011628142,0.0317005207631737,0.13606660109916793,False
1982-06-19 20:00:00,0.005465125,0.011570946,0.0084352195,0.007878558284137398,0.13627182858343484,False
1982-06-19 21:00:00,2.6796329e-06,0.011144264,0.008124168,0.00455248451601028,0.13621220440202447,False
1982-06-19 22:00:00,0.0,0.008407989,0.006129423,0.003433536638505757,0.13608530671428556,False
1982-06-19 23:00:00,0.0,0.009829767,0.007165901,0.004014142689295113,0.13589607642980658,False
1982-06-20 00:00:00,0.0,0.00967039,0.0070497137,0.003949058384634554,0.1357467130900444,False
1982-06-20 01:00:00,0.0,0.01037688,0.007564746,0.004237564975395799,0.13565584709617212,False
1982-06-20 02:00:00,0.0,0.010936294,0.007972557,0.004466010477393865,0.13564046155061477,False
1982-06-20 03:00:00,0.00017472358,0.012243802,0.008925731,0.0051007678331952775,0.13566124950203481,False
1982-06-20 04:00:00,0.012867654,0.015440303,0.01125598,0.013729930874891577,0.13566962348049252,False
1982-06-20 05:00:00,0.06327705,0.02170215,0.015820865,0.04537327833659947,0.13570582832926087,False
1982-06-20 06:00:00,0.14547661,0.031214882,0.022755649,0.09668710004910827,0.1359420784716337,False
1982-06-20 07:00:00,0.24291542,0.036894806,0.026896315,0.1552287826426327,0.1362045868116972,False
1982-06-20 08:00:00,0.36389655,0.037144788,0.027078552,0.22513697707280517,0.13626652347911902,False
1982-06-20 09:00:00,0.46092683,0.036788184,0.026818583,0.28097782479226585,0.13643162281883392,False
1982-06-20 10:00:00,0.5381605,0.028027678,0.020432176,0.32196416083537044,0.13678638314108807,False
1982-06-20 11:00:00,0.5497685,0.038163476,0.027821174,0.3328010947369039,0.1364086769079865,False
1982-06-20 12:00:00,0.5722746,0.04742343,0.034571677,0.3495685749724507,0.1361365746016224,False
1982-06-20 13:00:00,0.5731039,0.051407732,0.037476238,0.35167412300407885,0.1354048790139532,False
1982-06-20 14:00:00,0.53085923,0.04737238,0.034534466,0.32565104560554026,0.13377335874032362,False
1982-06-20 15:00:00,0.46009785,0.042897936,0.031272594,0.28299451752379534,0.13213366959576164,False
1982-06-20 16:00:00,0.37271643,0.035431426,0.02582951,0.22952636807411905,0.1306759134129619,False
1982-06-20 17:00:00,0.26175344,0.02647661,0.019301452,0.1618438824750483,0.12967594286995762,False
1982-06-20 18:00:00,0.15233175,0.018631978,0.013582713,0.09550408875197172,0.12897911787951188,False
1982-06-20 19:00:00,0.06017429,0.015156575,0.011049145,0.04090999521501362,0.12876762806230668,False
1982-06-20 20:00:00,0.0071188323,0.012761446,0.009303094,0.009318906787782908,0.12885985277098735,False
1982-06-20 21:00:00,3.1694578e-06,0.011733199,0.008553502,0.004793268153945747,0.12891501824268078,False
1982-06-20 22:00:00,0.0,0.012143386,0.008852528,0.004958945819176734,0.12893981989252448,False
1982-06-20 23:00:00,0.0,0.016156474,0.01177807,0.006597754715010524,0.1289615761812946,False
1982-06-21 00:00:00,0.0,0.01947775,0.014199278,0.007954050499945879,0.12898903141997822,False
1982-06-21 01:00:00,0.0,0.024557373,0.017902324,0.010028395967558027,0.12903015489422784,False
1982-06-21 02:00:00,0.0,0.02644393,0.019277623,0.010798801934346557,0.12905089477560786,False
1982-06-21 03:00:00,0.00022670269,0.02393522,0.017448775,0.009905137237306917,0.12904683460144395,False
1982-06-21 04:00:00,0.018397177,0.020429334,0.014892988,0.018957816392183302,0.12901813363036632,False
1982-06-21 05:00:00,0.08639087,0.019896118,0.014504271,0.05797242888249457,0.12898598341989317,False
1982-06-21 06:00:00,0.18305558,0.02084704,0.015197493,0.11413629159517587,0.1290028346932585,False
1982-06-21 07:00:00,0.25358742,0.025458332,0.018559122,0.1567162612602115,0.12906362630058374,False
1982-06-21 08:00:00,0.35109216,0.032755382,0.02387867,0.2159563604108989,0.12934114183567139,False
1982-06-21 09:00:00,0.448461,0.037539583,0.02759313,0.2741041298285126,0.12952930415575145,False
1982-06-21 10:00:00,0.46781662,0.043350615,0.032975316,0.28770723421126604,0.12976059991069044,False
1982-06-21 11:00:00,0.5035762,0.04342713,0.033713315,0.30840860776230694,0.1299099874224256,False
1982-06-21 12:00:00,0.4686952,0.040260207,0.029940166,0.28690991195663806,0.13025335184626496,False
1982-06-21 13:00:00,0.41681477,0.03539045,0.025805034,0.2549546732008457,0.13012976613988228,False
1982-06-21 14:00:00,0.36003402,0.029049711,0.021177242,0.2196025433372706,0.12966136286467997,False
1982-06-21 15:00:00,0.3169951,0.02592441,0.018898895,0.19349282869696616,0.12885563277540635,False
1982-06-21 16:00:00,0.26188913,0.023823844,0.017367583,0.1608388759437948,0.1280549763610484,False
1982-06-21 17:00:00,0.18252814,0.023944877,0.017455814,0.1150970093421638,0.1270433044346102,False
1982-06-21 18:00:00,0.10935509,0.02359069,0.01719761,0.07273152353055774,0.12625552928123837,False
1982-06-21 19:00:00,0.0473362,0.021584364,0.015735002,0.036127306779846546,0.12590143081594474,False
1982-06-21 20:00:00,0.0064611416,0.016647866,0.01213629,0.010526500925421714,0.12594597026703938,False
1982-06-21 21:00:00,3.1694578e-06,0.014058798,0.010248863,0.005742963708507659,0.12637900609178315,False
1982-06-21 22:00:00,0.0,0.010965258,0.007993673,0.004477838499471545,0.12695409020239654,False
1982-06-21 23:00:00,0.0,0.0130569,0.00951848,0.0053319941461086266,0.12766127211460312,False
1982-06-22 00:00:00,0.0,0.0145041095,0.010573495,0.0059229851486161346,0.12849545798764497,False
1982-06-22 01:00:00,0.0,0.012814679,0.009341901,0.005233079281635583,0.1293739159350463,False
1982-06-22 02:00:00,0.0,0.010459054,0.00762465,0.004271122117526829,0.1302435013966116,False
1982-06-22 03:00:00,0.00021779939,0.008809379,0.0064220373,0.0037231212214683183,0.13111854948626764,False
1982-06-22 04:00:00,0.015975712,0.00726979,0.0052996767,0.012186720772180706,0.1320267289688317,False
1982-06-22 05:00:00,0.07509019,0.0069915187,0.0050968174,0.04618213945813476,0.13286660390080177,False
1982-06-22 06:00:00,0.16757637,0.007134605,0.0052011274,0.0996050972007215,0.13333875251197325,False
1982-06-22 07:00:00,0.286551,0.007859621,0.005729664,0.1685495283268392,0.13333025309059993,False
1982-06-22 08:00:00,0.3998644,0.008440973,0.0061534704,0.23416876843664794,0.1334414155772413,False
1982-06-22 09:00:00,0.500548,0.007992394,0.0058264555,0.2920800210293382,0.1333927740853271,False
1982-06-22 10:00:00,0.56361455,0.009621682,0.0070142057,0.3291347613986581,0.1333961461605185,False
1982-06-22 11:00:00,0.5964867,0.012512717,0.00912177,0.34928258708119386,0.13364174982638322,False
1982-06-22 12:00:00,0.58503217,0.014871223,0.010841122,0.3436364610660821,0.13377121406720552,False
1982-06-22 13:00:00,0.55789053,0.017846394,0.013011258,0.32919076579436657,0.13469190452244664,False
1982-06-22 14:00:00,0.48080146,0.023188425,0.018463485,0.2869760013204068,0.13612022139998065,False
1982-06-22 15:00:00,0.40176937,0.030912362,0.02473003,0.24456300963461397,0.1376815874362433,False
1982-06-22 16:00:00,0.28776526,0.036193546,0.029076658,0.18096611560508608,0.13904528747406544,False
1982-06-22 17:00:00,0.18538266,0.041326962,0.033615347,0.12403067511320114,0.13980690862436998,False
1982-06-22 18:00:00,0.101529464,0.04819464,0.039648883,0.07850736241787673,0.14038611917186747,False
1982-06-22 19:00:00,0.034387983,0.056133956,0.046159126,0.043047888867557046,0.14081068746575529,False
1982-06-22 20:00:00,0.0036283091,0.067764744,0.05566484,0.03010462637548335,0.14109453504785494,False
1982-06-22 21:00:00,2.1898072e-06,0.07843383,0.06396222,0.03239730546338842,0.1414097227978899,False
1982-06-22 22:00:00,0.0,0.09413574,0.07717759,0.03890367760509252,0.14179394201447734,False
1982-06-22 23:00:00,0.0,0.112630405,0.0940381,0.046638676621019844,0.1423081927948167,False
1982-06-23 00:00:00,0.0,0.12110656,0.10058726,0.050120031975209714,0.14287441694703898,False
1982-06-23 01:00:00,0.0,0.12503739,0.10425375,0.05176849812269211,0.14343695370500223,False
1982-06-23 02:00:00,0.0,0.12762731,0.105678365,0.05280111023783683,0.14399566954306808,False
1982-06-23 03:00:00,6.0392576e-05,0.12903418,0.10832027,0.05349775240038071,0.14455746214728585,False
1982-06-23 04:00:00,0.0071772956,0.13295528,0.11240767,0.059271813126746564,0.14510249932541633,False
1982-06-23 05:00:00,0.041087814,0.1374425,0.11502984,0.08063556221872568,0.1456487557099667,False
1982-06-23 06:00:00,0.1007993,0.13428259,0.11142311,0.11372831936925648,0.1461688347436876,False
1982-06-23 07:00:00,0.16664647,0.15972742,0.128845,0.1620520606189966,0.14667821523583652,False
1982-06-23 08:00:00,0.2422647,0.17889796,0.14484236,0.21362156879901886,0.14676290481023027,False
1982-06-23 09:00:00,0.3354137,0.19531034,0.16042171,0.2742659894376993,0.14661326885125991,False
1982-06-23 10:00:00,0.39984027,0.16648738,0.13619506,0.2994962101727724,0.14658145664026576,False
1982-06-23 11:00:00,0.43015724,0.16083153,0.1310246,0.3146228913217783,0.14634139070446064,False
1982-06-23 12:00:00,0.46441215,0.15292421,0.12422608,0.3311030538082123,0.14649041000788182,False
1982-06-23 13:00:00,0.45355126,0.14975378,0.121401116,0.3235138833224773,0.146674095064553,False
1982-06-23 14:00:00,0.40419066,0.14907867,0.117038414,0.2945481130778789,0.14711009674371459,False
1982-06-23 15:00:00,0.3526711,0.13506292,0.10409253,0.2589504305124283,0.14801496581123605,False
1982-06-23 16:00:00,0.26565245,0.107361555,0.08331139,0.1973966911584139,0.14890799080032938,False
1982-06-23 17:00:00,0.19232433,0.07771138,0.060231116,0.1428991156220436,0.14990827728997688,False
1982-06-23 18:00:00,0.1191001,0.05932992,0.04624635,0.0931108016371727,0.15063464044232006,False
1982-06-23 19:00:00,0.047454078,0.054431725,0.04232743,0.04975199072062969,0.1509165395456716,False
1982-06-23 20:00:00,0.00579763,0.0543399,0.041830685,0.025655512927100062,0.15079469783033328,False
1982-06-23 21:00:00,1.4694759e-06,0.05887928,0.045521934,0.024185486104704865,0.15032615617511433,False
1982-06-23 22:00:00,0.0,0.071018085,0.054744493,0.029161875955760478,0.14971806172809382,False
1982-06-23 23:00:00,0.0,0.07914186,0.06124826,0.03251075345277786,0.14895739091017102,False
1982-06-24 00:00:00,0.0,0.08015767,0.061973523,0.03292474953085184,0.1480239048548211,False
1982-06-24 01:00:00,0.0,0.07805823,0.060147285,0.032051439508795736,0.1470043208888929,False
1982-06-24 02:00:00,0.0,0.07607364,0.058629524,0.031237167119979856,0.14594556906132136,False
1982-06-24 03:00:00,0.00018754546,0.072537705,0.055745903,0.029884905771730703,0.14486922226151736,False
1982-06-24 04:00:00,0.013952703,0.07387511,0.057340797,0.03840702723059803,0.14378047985445694,False
1982-06-24 05:00:00,0.06381652,0.08349168,0.06509947,0.07114593307673932,0.14278403700998174,False
1982-06-24 06:00:00,0.14304762,0.100991786,0.078720696,0.1240553608238697,0.14219623276842958,False
1982-06-24 07:00:00,0.21576966,0.11715998,0.09043519,0.1726146278977394,0.14220773125359756,False
1982-06-24 08:00:00,0.30801487,0.120034374,0.09201812,0.2269862424060702,0.1422983306672871,False
1982-06-24 09:00:00,0.41361353,0.1264829,0.09677477,0.29055303490161893,0.14267167127810929,False
1982-06-24 10:00:00,0.48257095,0.09590837,0.06996242,0.3176115964800119,0.1430032463355786,False
1982-06-24 11:00:00,0.55058956,0.09482893,0.06950852,0.3564355136454105,0.14383306002088556,False
1982-06-24 12:00:00,0.5333887,0.10943144,0.07977552,0.3524533437862992,0.14491100097866152,False
1982-06-24 13:00:00,0.5284982,0.11062478,0.08064548,0.35011884639412166,0.14562434995895607,False
1982-06-24 14:00:00,0.4985443,0.10468465,0.07631511,0.33040971656143664,0.14596177389379014,False
1982-06-24 15:00:00,0.43143535,0.09425372,0.06871096,0.28742820911109446,0.14606704719814206,False
1982-06-24 16:00:00,0.34904385,0.067541294,0.0492376,0.2289798671081662,0.1462090907483304,False
1982-06-24 17:00:00,0.24689932,0.040246245,0.029339511,0.15889610642567276,0.14661220007738454,False
1982-06-24 18:00:00,0.14387777,0.022090584,0.016104037,0.0920385193787515,0.14684042714675313,False
1982-06-24 19:00:00,0.05491881,0.013496062,0.009838629,0.03719948653131724,0.14678135416097363,False
1982-06-24 20:00:00,0.006724668,0.0091449665,0.0066666803,0.007614626924972981,0.14670407344291653,False
1982-06-24 21:00:00,4.783e-06,0.00785083,0.005723255,0.0032087720064046155,0.14676585678960358,False
1982-06-24 22:00:00,0.0,0.005856213,0.0042691794,0.0023914783447980884,0.1468858568141426,False
1982-06-24 23:00:00,0.0,0.00448457,0.0032692517,0.0018313459642231463,0.14694582341371135,False
1982-06-25 00:00:00,0.0,0.0028895687,0.0021064957,0.0011800016106572003,0.14695266423134162,False
1982-06-25 01:00:00,0.0,0.002322452,0.0016930675,0.0009484103992581368,0.14700961178114666,False
1982-06-25 02:00:00,0.0,0.0027829541,0.0020287735,0.0011364638472441584,0.14709995333610132,False
1982-06-25 03:00:00,0.00019114713,0.0027617994,0.0020133518,0.001238116861481103,0.1472042473148744,False
1982-06-25 04:00:00,0.017744556,0.0029482075,0.0021492436,0.011442556591937316,0.1473047086195019,False
1982-06-25 05:00:00,0.08819258,0.0037560393,0.0027381524,0.05242095862422138,0.14730972793979338,False
1982-06-25 06:00:00,0.19494763,0.004396703,0.0032051965,0.11428024665731935,0.1469699124083241,False
1982-06-25 07:00:00,0.2829323,0.0077109477,0.005621281,0.16640083247609433,0.1461060025593584,False
1982-06-25 08:00:00,0.39278808,0.012006863,0.008753003,0.23154191811848432,0.14502731352681372,False
1982-06-25 09:00:00,0.49249816,0.014717568,0.010729106,0.29018159219622613,0.14357028539317426,False
1982-06-25 10:00:00,0.57591516,0.017200798,0.012539382,0.3393272670675069,0.14178134698600897,False
1982-06-25 11:00:00,0.6214194,0.01911287,0.013933282,0.3663640572950244,0.1403231489403181,False
1982-06-25 12:00:00,0.6157168,0.024669722,0.018001394,0.3653438048623502,0.1386932270496781,False
1982-06-25 13:00:00,0.56859344,0.028473895,0.020832382,0.339710232194513,0.13760611869520586,False
1982-06-25 14:00:00,0.5007681,0.026099194,0.019026315,0.29960123168677083,0.13631574738989663,False
1982-06-25 15:00:00,0.43732253,0.032895546,0.023980854,0.2657685209214687,0.13484558601275473,False
1982-06-25 16:00:00,0.34600687,0.041873097,0.030533368,0.21674593895301222,0.13365073530447436,False
1982-06-25 17:00:00,0.23764972,0.040968455,0.029866004,0.15385401495173573,0.13257007812923674,False
1982-06-25 18:00:00,0.12568249,0.043481834,0.031698257,0.09027529831975697,0.13195854504276144,False
1982-06-25 19:00:00,0.04232353,0.052931502,0.038705837,0.04604251625388861,0.1315717381844654,False
1982-06-25 20:00:00,0.004843652,0.063143685,0.046783455,0.028621113568078727,0.1314618851612485,False
1982-06-25 21:00:00,2.9965786e-06,0.07310433,0.05496779,0.02994548728257814,0.13144837148429048,False
1982-06-25 22:00:00,0.0,0.07808519,0.05975624,0.032040272735059265,0.13144091800792781,False
1982-06-25 23:00:00,0.0,0.079958044,0.06175175,0.03283911269903183,0.13143114349869253,False
1982-06-26 00:00:00,0.0,0.08651281,0.06916675,0.035658231921494005,0.13143257800798572,False
1982-06-26 01:00:00,0.0,0.08812982,0.071628354,0.03638783414661884,0.1314551464448054,False
1982-06-26 02:00:00,0.0,0.08810143,0.06914537,0.036243278101086615,0.13149637026981914,False
1982-06-26 03:00:00,0.000109403925,0.08437246,0.06500897,0.034707048393851435,0.13155338483184864,False
1982-06-26 04:00:00,0.008553243,0.082132906,0.06306835,0.03864795460458845,0.13163832551968438,False
1982-06-26 05:00:00,0.03612865,0.082792975,0.0636657,0.0548347875662148,0.13166321433674524,False
1982-06-26 06:00:00,0.08448225,0.082322344,0.0641571,0.0825876880735159,0.13137371491349203,False
1982-06-26 07:00:00,0.1500039,0.083240286,0.06610447,0.12083755433559416,0.13060763241022183,False
1982-06-26 08:00:00,0.21659923,0.07792267,0.06143838,0.15704889199137687,0.12961309777337415,False
1982-06-26 09:00:00,0.30188167,0.07409961,0.058435407,0.20468399135768411,0.12816411777146683,False
1982-06-26 10:00:00,0.38362402,0.06377929,0.050601397,0.24761809028685092,0.12646781059936055,False
1982-06-26 11:00:00,0.43847665,0.060989268,0.049873978,0.27819926289469005,0.12448779791437765,False
1982-06-26 12:00:00,0.48255256,0.05281886,0.04350291,0.30027214277163145,0.12203480404979605,False
1982-06-26 13:00:00,0.46734828,0.044722363,0.037379917,0.28818102373927823,0.12029501736644711,False
1982-06-26 14:00:00,0.4239219,0.036757626,0.03102709,0.2598419704586267,0.11879479948547104,False
1982-06-26 15:00:00,0.3783872,0.028321616,0.02398661,0.23007537511363624,0.11782270867384716,False
1982-06-26 16:00:00,0.2913181,0.02179624,0.018055057,0.17710832269676027,0.1170146279056345,False
1982-06-26 17:00:00,0.21328399,0.015663117,0.012925337,0.1295425182748586,0.11611024537441378,False
1982-06-26 18:00:00,0.11864261,0.012126335,0.010007124,0.07347179018054158,0.11558761208352535,False
1982-06-26 19:00:00,0.048639398,0.009378129,0.0074273935,0.03192654141690582,0.11524900236542858,False
1982-06-26 20:00:00,0.006679028,0.007600059,0.0056990683,0.006965970430988819,0.11495728452303271,False
1982-06-26 21:00:00,4.4660546e-06,0.0069751847,0.005084909,0.0028510051409966763,0.11450670370948907,False
1982-06-26 22:00:00,0.0,0.0047073015,0.003431623,0.0019223019015043973,0.11397521711647544,False
1982-06-26 23:00:00,0.0,0.0046531847,0.0033921716,0.0019002024102956056,0.11346647586656301,False
1982-06-27 00:00:00,0.0,0.0055422992,0.0040403362,0.0022632865780033173,0.11296468319063108,False
1982-06-27 01:00:00,0.0,0.007167967,0.0052254475,0.002927153999917209,0.11242924642010159,False
1982-06-27 02:00:00,0.0,0.009484538,0.0069142287,0.00387316282466054,0.11192149739194694,False
1982-06-27 03:00:00,0.0001545543,0.012797569,0.009329428,0.005315269877595711,0.11142457066889884,False
1982-06-27 04:00:00,0.01248461,0.013305711,0.009699862,0.012637219810858368,0.11097553684238491,False
1982-06-27 05:00:00,0.057433575,0.013188692,0.009614556,0.038524986308068034,0.11057045350792344,False
1982-06-27 06:00:00,0.12287997,0.016178,0.011793763,0.07750828650034965,0.11040285206852007,False
1982-06-27 07:00:00,0.19422741,0.016147165,0.011771282,0.11866316990740597,0.11076792515948253,False
1982-06-27 08:00:00,0.27012914,0.015002135,0.0109365545,0.16199087802693246,0.11132334999517064,False
1982-06-27 09:00:00,0.34910867,0.017932804,0.013073014,0.20875884793512522,0.11243385300469111,False
1982-06-27 10:00:00,0.41090268,0.017620988,0.0128457,0.24428665818832815,0.1136938311117126,False
1982-06-27 11:00:00,0.41542485,0.021843668,0.015924033,0.2486203517951071,0.11491023942341244,False
1982-06-27 12:00:00,0.46911898,0.027309794,0.019908836,0.2818340440616011,0.11616818687469226,False
1982-06-27 13:00:00,0.44335,0.029108278,0.021219935,0.2676997739076614,0.11692430891036514,False
1982-06-27 14:00:00,0.41512355,0.032849412,0.023947222,0.2529408727288246,0.11756610745053886,False
1982-06-27 15:00:00,0.36638793,0.038139332,0.027803572,0.22698064404726026,0.11834974973262746,False
1982-06-27 16:00:00,0.27358344,0.037902106,0.027630638,0.1733355774544179,0.11862961356305045,False
1982-06-27 17:00:00,0.20422982,0.02675789,0.019506503,0.12876761698909103,0.11926247065613349,False
1982-06-27 18:00:00,0.11708376,0.01583066,0.011540552,0.07402203185111284,0.11968481593565543,False
1982-06-27 19:00:00,0.048321094,0.010183973,0.0074241157,0.03204005981888622,0.11995586990277973,False
1982-06-27 20:00:00,0.006109044,0.008493156,0.00619151,0.0069932345179840915,0.1201478731072088,False
1982-06-27 21:00:00,4.264362e-06,0.010852202,0.007911256,0.004434130817924142,0.12035792041313904,False
1982-06-27 22:00:00,0.0,0.018661428,0.01360418,0.007620692739263177,0.12063579833967603,False
1982-06-27 23:00:00,0.0,0.021434361,0.015625648,0.008753064254298806,0.12095682952582361,False
1982-06-28 00:00:00,0.0,0.024383193,0.017775347,0.009957266936078667,0.12134229624964288,False
1982-06-28 01:00:00,0.0,0.029424293,0.02145031,0.012015880795195699,0.12179108671515355,False
1982-06-28 02:00:00,0.0,0.030342378,0.022119593,0.012390795394778251,0.12234953012495176,False
1982-06-28 03:00:00,0.0001175869,0.032043748,0.023359893,0.01315342472118209,0.122943830378967,False
1982-06-28 04:00:00,0.01164309,0.030575247,0.022289354,0.01920395455043763,0.12355132122994529,False
1982-06-28 05:00:00,0.056968812,0.03408441,0.024847535,0.04678991847485303,0.1242520697196881,False
1982-06-28 06:00:00,0.13234012,0.058160935,0.04239932,0.10011119643971324,0.12516179210126996,False
1982-06-28 07:00:00,0.19835669,0.08092284,0.058992755,0.14749794644862413,0.1264665341865129,False
1982-06-28 08:00:00,0.29691234,0.09558733,0.069683164,0.21035303644835948,0.12810541596357686,False
1982-06-28 09:00:00,0.38128468,0.11059118,0.08062097,0.26516294049471617,0.13013700003961695,False
1982-06-28 10:00:00,0.46854988,0.087253526,0.06399739,0.3060056892484426,0.13257794195115694,False
1982-06-28 11:00:00,0.5208623,0.093100324,0.06831823,0.33858074055612086,0.1347875987918517,False
1982-06-28 12:00:00,0.5154875,0.09581693,0.06987536,0.3365660004839301,0.1382703186567808,False
1982-06-28 13:00:00,0.48376602,0.09759471,0.07114654,0.3189873536676168,0.1414135403273873,False
1982-06-28 14:00:00,0.44440484,0.10044621,0.07352881,0.29745679999887936,0.14524182215155387,False
1982-06-28 15:00:00,0.35416543,0.095865615,0.070017986,0.2435088389739394,0.14854871332467817,False
1982-06-28 16:00:00,0.2990296,0.0855737,0.062383223,0.20748546316474675,0.1514913002774986,False
1982-06-28 17:00:00,0.21625349,0.061309777,0.044694826,0.1498150916919112,0.1542187499585652,False
1982-06-28 18:00:00,0.11827656,0.044657994,0.032555673,0.08648238060250878,0.15593572007597864,False
1982-06-28 19:00:00,0.04604263,0.035693713,0.026020715,0.04114269522950053,0.1573861155189897,False
1982-06-28 20:00:00,0.0055565494,0.03389634,0.024710432,0.017048241115640846,0.15857117875307383,False
1982-06-28 21:00:00,3.6592833e-06,0.039638545,0.0288965,0.01618914561477186,0.15964324744764533,False
1982-06-28 22:00:00,0.0,0.042441826,0.030940091,0.01733179883658886,0.16072839535757608,False
1982-06-28 23:00:00,0.0,0.049961567,0.03642198,0.020402605153620242,0.16178694344867192,False
1982-06-29 00:00:00,0.0,0.05822515,0.042965706,0.023805228922516106,0.16287242543332917,False
1982-06-29 01:00:00,0.0,0.07258142,0.054627676,0.029732437670230864,0.16397825805862606,False
1982-06-29 02:00:00,0.0,0.07909099,0.05953703,0.032399575017392636,0.16510377749319827,False
1982-06-29 03:00:00,6.3302716e-05,0.084208846,0.062319275,0.03447483072455361,0.16629000743277078,False
1982-06-29 04:00:00,0.011152487,0.0971914,0.073602505,0.0462731473185122,0.16745499084595253,False
1982-06-29 05:00:00,0.059460502,0.11648235,0.09075861,0.08219166062399745,0.1686711148208928,False
1982-06-29 06:00:00,0.14302078,0.14014478,0.109249875,0.14013590659201144,0.16994367242207023,False
1982-06-29 07:00:00,0.21740523,0.17485918,0.1363637,0.19732949520647525,0.17134596628585416,False
1982-06-29 08:00:00,0.31302994,0.19182555,0.1500927,0.25950691367685796,0.1728605274787628,False
1982-06-29 09:00:00,0.41648898,0.20807305,0.1635364,0.3259240596890449,0.17430326606455773,False
1982-06-29 10:00:00,0.47603425,0.1838926,0.14485288,0.3503501865416765,0.17610153464117603,False
1982-06-29 11:00:00,0.58335376,0.19231795,0.152416,0.41579090531170365,0.17826994708504731,False
1982-06-29 12:00:00,0.5890509,0.22549854,0.17809924,0.4327086842507124,0.1806198592836182,False
1982-06-29 13:00:00,0.60374075,0.25056306,0.19705778,0.45145730146765706,0.18332969991861114,False
1982-06-29 14:00:00,0.5286748,0.2590555,0.20434856,0.4116716490387916,0.18587707262826045,False
1982-06-29 15:00:00,0.44736624,0.2674516,0.21120098,0.3682248177826405,0.18847643822740345,False
1982-06-29 16:00:00,0.35347208,0.24317148,0.19573134,0.3042531621456146,0.191057545498773,False
1982-06-29 17:00:00,0.2307566,0.18856364,0.15658596,0.2111821826249361,0.19296446608315734,False
1982-06-29 18:00:00,0.13609928,0.15705636,0.1325543,0.14364101311564445,0.1944706105532269,False
1982-06-29 19:00:00,0.05332201,0.14011993,0.11948228,0.08892309505492449,0.1957612287083009,False
1982-06-29 20:00:00,0.006184621,0.13190733,0.11500373,0.05845253185741603,0.19676784340383688,False
1982-06-29 21:00:00,3.3423375e-06,0.13561307,0.119964436,0.05652123049459897,0.1975499589498532,False
1982-06-29 22:00:00,0.0,0.14010045,0.124702506,0.05843100111186504,0.19824987729264917,False
1982-06-29 23:00:00,0.0,0.14598484,0.12940356,0.060856199517846106,0.1990373732056332,False
1982-06-30 00:00:00,0.0,0.15138234,0.13291016,0.06303723295032979,0.19973878439002235,False
1982-06-30 01:00:00,0.0,0.15881509,0.13774161,0.06604081365466118,0.20036369120677497,False
1982-06-30 02:00:00,0.0,0.16688189,0.14352621,0.06932983249425888,0.20086118918725784,False
1982-06-30 03:00:00,8.39042e-05,0.16617335,0.1427083,0.06907262855390581,0.2012860095559017,False
1982-06-30 04:00:00,0.011610186,0.17074706,0.14579934,0.07757790534757078,0.2016210062629311,False
1982-06-30 05:00:00,0.061935708,0.17391223,0.14744756,0.10787268333137036,0.20182349198293725,False
1982-06-30 06:00:00,0.15177412,0.19287525,0.16067898,0.16742130190134047,0.20201558014274737,False
1982-06-30 07:00:00,0.23740622,0.2010653,0.16704437,0.22019688370823862,0.20247327701675247,False
1982-06-30 08:00:00,0.34366345,0.19637935,0.1638277,0.2796044885665178,0.20302976573683174,False
1982-06-30 09:00:00,0.46526268,0.20078048,0.16546792,0.3514798321723938,0.20371064818671447,False
1982-06-30 10:00:00,0.556146,0.21597339,0.1759083,0.410089486554265,0.2045658640207025,False
1982-06-30 11:00:00,0.6254649,0.21890813,0.17974387,0.45137652608752243,0.20535762555281792,False
1982-06-30 12:00:00,0.6289921,0.25104156,0.20510341,0.46663835096359246,0.20487317323348644,False
1982-06-30 13:00:00,0.57560694,0.2640404,0.2167616,0.4412612437307834,0.20398332377513098,False
1982-06-30 14:00:00,0.53081375,0.28054652,0.23009534,0.42222634875774384,0.20244527372956125,False
1982-06-30 15:00:00,0.44614482,0.26585293,0.21993883,0.3674019879996776,0.20068862966344855,False
1982-06-30 16:00:00,0.34363803,0.24324258,0.20337029,0.29901765121519563,0.1987448864748935,False
1982-06-30 17:00:00,0.23937024,0.20205429,0.17472894,0.22211002625524995,0.19704028663013604,False
1982-06-30 18:00:00,0.14211662,0.15949087,0.14034502,0.14843205204606055,0.19585663845038515,False
1982-06-30 19:00:00,0.05626511,0.13665769,0.121639766,0.08946020061522722,0.1950070863580099,False
1982-06-30 20:00:00,0.006676694,0.121984854,0.106017105,0.054589787324424835,0.19412097400300365,False
1982-06-30 21:00:00,3.284711e-06,0.11984008,0.10300633,0.04978522606897786,0.19328300485491834,False
1982-06-30 22:00:00,0.0,0.13205567,0.11857519,0.05513160265982151,0.19240053919715647,False
1982-06-30 23:00:00,0.0,0.12935472,0.11737874,0.054070342004299166,0.191397538940551,False
1982-07-01 00:00:00,0.0,0.12862857,0.117348425,0.05380075612664223,0.19031894316851464,False
1982-07-01 01:00:00,0.0,0.12833281,0.115880266,0.053612340733408925,0.18918899820746227,False
1982-07-01 02:00:00,0.0,0.12657337,0.112692215,0.05279095271229744,0.1879572696385563,False
1982-07-01 03:00:00,0.0001000108,0.121161066,0.10719506,0.05055467266196502,0.1866142736060552,False
1982-07-01 04:00:00,0.013966072,0.115107134,0.10110196,0.05599246187880635,0.18524463571019947,False
1982-07-01 05:00:00,0.078132614,0.111414805,0.096616864,0.09141189229488374,0.18380881420831208,False
1982-07-01 06:00:00,0.18409185,0.1347818,0.11388661,0.16210535654425623,0.1823270992171482,False
1982-07-01 07:00:00,0.30072847,0.121873125,0.10276747,0.22404095377027988,0.1805936385367606,False
1982-07-01 08:00:00,0.42122492,0.11859791,0.099627085,0.2921892712712288,0.1790212497738517,False
1982-07-01 09:00:00,0.54910105,0.12108261,0.10117829,0.3669744197204709,0.17784859365438044,False
1982-07-01 10:00:00,0.5941917,0.10986225,0.091981016,0.38835474008321763,0.17663397127710798,False
1982-07-01 11:00:00,0.6027279,0.10821432,0.08948366,0.3925371939837933,0.17506069511363134,False
1982-07-01 12:00:00,0.59425527,0.11404043,0.09314264,0.38999591024965047,0.17314851328919534,False
1982-07-01 13:00:00,0.57385695,0.11284101,0.09031679,0.3776308992803097,0.17087330185023183,False
1982-07-01 14:00:00,0.48986667,0.10845865,0.08663741,0.3273527338653803,0.16871963380409838,False
1982-07-01 15:00:00,0.40469047,0.100523725,0.0801016,0.2749251447319984,0.1664443524515447,False
1982-07-01 16:00:00,0.3225337,0.08824585,0.06977239,0.22243236959725615,0.16442825238132855,False
1982-07-01 17:00:00,0.21678971,0.07114103,0.056080922,0.1543670699968934,0.16283149618737677,False
1982-07-01 18:00:00,0.13616043,0.05911718,0.04599451,0.10286251268163324,0.16150985492233078,False
1982-07-01 19:00:00,0.04526124,0.04953128,0.036980055,0.04638970201462507,0.1604129064850545,False
1982-07-01 20:00:00,0.0047401832,0.037943725,0.027660975,0.01823001274932176,0.1594469795498567,False
1982-07-01 21:00:00,1.5271024e-06,0.03467967,0.025281474,0.014162878922029335,0.15864929707017308,False
1982-07-01 22:00:00,0.0,0.02519061,0.018363954,0.01028698879480362,0.15798721270502405,False
1982-07-01 23:00:00,0.0,0.022243777,0.016215716,0.009083602460101247,0.1571350900128656,False
1982-07-02 00:00:00,0.0,0.02154899,0.015709212,0.008799874819815158,0.15635863510316098,False
1982-07-02 01:00:00,0.0,0.0169403,0.012349479,0.006917842347174882,0.15563720985764498,False
1982-07-02 02:00:00,0.0,0.011915837,0.008686647,0.00486602293420583,0.15501328338828732,False
1982-07-02 03:00:00,0.00010562939,0.008005224,0.005835809,0.003330009552832053,0.15445237350516813,False
1982-07-02 04:00:00,0.010025917,0.0070366273,0.005129702,0.008658473256975411,0.1540005388210152,False
1982-07-02 05:00:00,0.059031326,0.006585486,0.004800819,0.03675036375550553,0.1536706262451997,False
1982-07-02 06:00:00,0.14119537,0.006723037,0.0049010944,0.08421518924273551,0.1533561799166814,False
1982-07-02 07:00:00,0.2460197,0.0067803212,0.004942854,0.1447222230886109,0.15266299782871237,False
1982-07-02 08:00:00,0.38273773,0.006066438,0.004422433,0.2233169948318973,0.15182006131600867,False
1982-07-02 09:00:00,0.50442,0.005210101,0.0037981644,0.2931779580633156,0.1510349988338938,False
1982-07-02 10:00:00,0.575798,0.0057223155,0.004171568,0.33457223070738834,0.1498371823475786,False
1982-07-02 11:00:00,0.6197895,0.004832106,0.0035226056,0.3595917985145934,0.14931610094530165,False
1982-07-02 12:00:00,0.61562407,0.005419436,0.0039507695,0.3574282018933445,0.14953510668896416,False
1982-07-02 13:00:00,0.58132195,0.0060299085,0.0043958034,0.3378851775163784,0.1496298143966834,False
1982-07-02 14:00:00,0.5386203,0.005458179,0.0039790124,0.3130128438351676,0.14952540412955884,False
1982-07-02 15:00:00,0.46541137,0.005110188,0.003725327,0.27062918462930247,0.14912391898850255,False
1982-07-02 16:00:00,0.3812125,0.0059107267,0.00430892,0.22237335390551013,0.1486150213584704,False
1982-07-02 17:00:00,0.26983103,0.0072942907,0.005317538,0.15867124553304163,0.14760335682339623,False
1982-07-02 18:00:00,0.15842338,0.010696868,0.0077980165,0.09577852705679833,0.14680387410117282,False
1982-07-02 19:00:00,0.06205202,0.017855778,0.013016863,0.04309570772573351,0.14613994595019736,False
1982-07-02 20:00:00,0.0070348713,0.029977784,0.021853805,0.01630102829961106,0.1459506182159853,False
1982-07-02 21:00:00,1.8728614e-06,0.044088136,0.03214025,0.01800517654182556,0.14599714008762701,False
1982-07-02 22:00:00,0.0,0.03484549,0.025402363,0.014229713436216117,0.14620755128816856,False
1982-07-02 23:00:00,0.0,0.041140806,0.029991647,0.016800506338477135,0.14681762844997612,False
1982-07-03 00:00:00,0.0,0.046948925,0.034225762,0.01917234434187412,0.14758539487128766,False
1982-07-03 01:00:00,0.0,0.0579477,0.042243876,0.023663870204240083,0.14841675994578438,False
1982-07-03 02:00:00,0.0,0.06334247,0.04618348,0.025867278322577476,0.14934838874182352,False
1982-07-03 03:00:00,0.00010401584,0.07047332,0.05188769,0.028866607822623336,0.15039458997609947,False
1982-07-03 04:00:00,0.013088882,0.07968014,0.059303753,0.04015665823966264,0.15153765796211077,False
1982-07-03 05:00:00,0.06529948,0.094216526,0.071755,0.07631846852600574,0.1527408395126772,False
1982-07-03 06:00:00,0.15035293,0.10256814,0.07835804,0.12883261632174253,0.15395468674846338,False
1982-07-03 07:00:00,0.24046318,0.10926868,0.0835667,0.1835800011605024,0.1551974675038538,False
1982-07-03 08:00:00,0.3565246,0.11872294,0.09227447,0.25450627212971444,0.15610619044684956,False
1982-07-03 09:00:00,0.44366273,0.13026111,0.10036079,0.30947922837734215,0.15701334608508036,False
1982-07-03 10:00:00,0.5384918,0.12834051,0.097693026,0.3633428327739239,0.1580010772930283,False
1982-07-03 11:00:00,0.5983587,0.14125122,0.10508897,0.40304946967959404,0.15955835613640176,False
1982-07-03 12:00:00,0.59434867,0.12634653,0.09223758,0.3945418802201748,0.16162560806019652,False
1982-07-03 13:00:00,0.56442386,0.114956215,0.08384808,0.3726192064583301,0.16430149349830067,False
1982-07-03 14:00:00,0.45729202,0.10829489,0.078946985,0.3080814470946789,0.16734894667901287,False
1982-07-03 15:00:00,0.36895862,0.09209614,0.06713809,0.25049805849045514,0.17042004566131116,False
1982-07-03 16:00:00,0.2522309,0.06938686,0.050583024,0.17387247191369531,0.1728865615663118,False
1982-07-03 17:00:00,0.16005094,0.05789538,0.04220573,0.11599189933016896,0.17466341092357754,False
1982-07-03 18:00:00,0.08850619,0.04879419,0.035570964,0.07099396143481135,0.175901620459508,False
1982-07-03 19:00:00,0.034333814,0.042832557,0.031224936,0.037301970772445195,0.17686971445812175,False
1982-07-03 20:00:00,0.0042365566,0.04412358,0.03216609,0.020463062588125466,0.177825958152416,False
1982-07-03 21:00:00,2.1033675e-06,0.059401676,0.043373786,0.02426261654802238,0.1787652662912519,False
1982-07-03 22:00:00,0.0,0.09623092,0.07521267,0.039570692561566825,0.17959334219168732,False
1982-07-03 23:00:00,0.0,0.111041024,0.09189357,0.045936390683054926,0.18065901137973042,False
1982-07-04 00:00:00,0.0,0.117496476,0.09905924,0.04870539839565754,0.18160385265565337,False
1982-07-04 01:00:00,0.0,0.124575324,0.10495796,0.051636024557054044,0.18248442727598221,False
1982-07-04 02:00:00,0.0,0.13267548,0.11345238,0.055083682179450984,0.18324375751815594,False
1982-07-04 03:00:00,3.4748784e-05,0.14016636,0.11955254,0.05819727288137437,0.1839702831545458,False
1982-07-04 04:00:00,0.008800721,0.147775,0.12600368,0.06641118768416344,0.18466249634830423,False
1982-07-04 05:00:00,0.04867861,0.16103446,0.13899547,0.09501503107324243,0.18526828716874263,False
1982-07-04 06:00:00,0.11277911,0.18974225,0.1625968,0.14386866550147534,0.18589104141489432,False
1982-07-04 07:00:00,0.17281497,0.21364442,0.18133149,0.18834092435240746,0.1868325364793851,False
1982-07-04 08:00:00,0.28208977,0.25116557,0.21138099,0.26686046546697617,0.1881985838030665,False
1982-07-04 09:00:00,0.38267282,0.28921705,0.24195829,0.340589056044817,0.1895742699250158,False
1982-07-04 10:00:00,0.5017153,0.2890919,0.24364758,0.40932161518931387,0.19093287214769186,False
1982-07-04 11:00:00,0.578242,0.30216902,0.25322008,0.45881989085674285,0.1917222620795991,False
1982-07-04 12:00:00,0.61269957,0.31950223,0.267532,0.4858707029223442,0.19222219555646938,False
1982-07-04 13:00:00,0.6024052,0.32971895,0.2760897,0.48416293019056317,0.19316530591723335,False
1982-07-04 14:00:00,0.5587726,0.33336306,0.27783006,0.460425594985485,0.19429186814379706,False
1982-07-04 15:00:00,0.44618836,0.3176421,0.2659506,0.389021948069334,0.1964720185570619,False
1982-07-04 16:00:00,0.3391669,0.26986513,0.22930713,0.307662123054266,0.1990031990557178,False
1982-07-04 17:00:00,0.22951098,0.20572408,0.18083861,0.21810530325770378,0.20153836713475626,False
1982-07-04 18:00:00,0.12415896,0.16890879,0.15333284,0.14224703899025914,0.2036654913035887,False
1982-07-04 19:00:00,0.045498464,0.14975223,0.13859664,0.08899540505185723,0.2051558716749662,False
1982-07-04 20:00:00,0.0049651577,0.139451,0.13084269,0.06138781896373256,0.2061034948519321,False
1982-07-04 21:00:00,1.4406627e-06,0.13780063,0.1278436,0.05775281976272652,0.20668140018167191,False
1982-07-04 22:00:00,0.0,0.1562422,0.14311963,0.06538183446228504,0.2070408666821469,False
1982-07-04 23:00:00,0.0,0.14847109,0.13642697,0.062152887582778926,0.2070991923006524,False
1982-07-05 00:00:00,0.0,0.14677465,0.1348163,0.06143992611765861,0.20698612893869098,False
1982-07-05 01:00:00,0.0,0.14360408,0.13188545,0.060111721828579906,0.2067509993983705,False
1982-07-05 02:00:00,0.0,0.1452959,0.1319689,0.060740508869290354,0.20638581120393165,False
1982-07-05 03:00:00,6.330272e-05,0.14857218,0.13394782,0.06209284112302703,0.20589293010703213,False
1982-07-05 04:00:00,0.012181178,0.14896534,0.13403456,0.06923461762070655,0.20528702507335736,False
1982-07-05 05:00:00,0.07511593,0.15057372,0.13531633,0.10621067234128713,0.2045828093960769,False
1982-07-05 06:00:00,0.17984083,0.16858377,0.14905202,0.17402437941730023,0.20392135662033342,False
1982-07-05 07:00:00,0.27494696,0.2178855,0.18715057,0.24915027269721032,0.20346766394243695,False
1982-07-05 08:00:00,0.38675153,0.23464651,0.19998163,0.3205392059832811,0.20324939536185746,False
1982-07-05 09:00:00,0.46242964,0.26066127,0.2164115,0.37469213506579396,0.2028115439041561,False
1982-07-05 10:00:00,0.5373172,0.22027326,0.18371637,0.40123354950547213,0.2020469826196674,False
1982-07-05 11:00:00,0.57162285,0.23474467,0.19627982,0.4270462765693664,0.200608860052878,False
1982-07-05 12:00:00,0.584562,0.24761735,0.20644629,0.4398111775368452,0.19785502782152464,False
1982-07-05 13:00:00,0.5543198,0.2582266,0.21418616,0.4266941933333874,0.19457451076936405,False
1982-07-05 14:00:00,0.52880174,0.25980318,0.21745725,0.4127286669313907,0.19124075349799474,False
1982-07-05 15:00:00,0.46310014,0.25280422,0.21298495,0.3719947224259377,0.18743724925558822,False
1982-07-05 16:00:00,0.36054,0.21061279,0.18171924,0.2955605397075415,0.18418573497940904,False
1982-07-05 17:00:00,0.2579842,0.16611063,0.14707698,0.2180938594341278,0.18151797564505098,False
1982-07-05 18:00:00,0.14761625,0.13763373,0.12168142,0.14253221926093101,0.17945671739501842,False
1982-07-05 19:00:00,0.05696179,0.11997123,0.10465827,0.08278788326680661,0.1778460393180027,False
1982-07-05 20:00:00,0.006287311,0.1075168,0.09075999,0.048202518415637316,0.17656235576540194,False
1982-07-05 21:00:00,1.2677832e-06,0.100402445,0.082736574,0.04151700857082176,0.17542528378883768,False
1982-07-05 22:00:00,0.0,0.10232703,0.08540092,0.04237032224982977,0.1743069953454978,False
1982-07-05 23:00:00,0.0,0.09789827,0.08120164,0.04050934930890798,0.1730239275318308,False
1982-07-06 00:00:00,0.0,0.09078654,0.0725731,0.03741918046027422,0.17182189141346307,False
1982-07-06 01:00:00,0.0,0.08295954,0.06472076,0.03410699122399092,0.1706489006983319,False
1982-07-06 02:00:00,0.0,0.076687716,0.057918932,0.03142538952827453,0.16951908444768915,False
1982-07-06 03:00:00,6.315866e-05,0.070980564,0.05343631,0.02911383126498549,0.16838047388503027,False
1982-07-06 04:00:00,0.012733932,0.061730977,0.045974556,0.03260883517470211,0.16720638119000686,False
1982-07-06 05:00:00,0.072226934,0.052854203,0.038651038,0.06326529783755541,0.16598523392656486,False
1982-07-06 06:00:00,0.1746857,0.052153625,0.038019992,0.12209141696244477,0.1645984237363653,False
1982-07-06 07:00:00,0.27050257,0.05334443,0.038888093,0.17786403248459098,0.16287433066746973,False
1982-07-06 08:00:00,0.3870845,0.055087425,0.040158726,0.24584359549731014,0.16084457943706984,False
1982-07-06 09:00:00,0.48908192,0.053113744,0.03871992,0.3038901143893599,0.15875531974739607,False
1982-07-06 10:00:00,0.5571839,0.04602883,0.03355502,0.34029173198342316,0.15687908311574464,False
1982-07-06 11:00:00,0.53784627,0.039911862,0.029095747,0.3266359437517821,0.15523548946787813,False
1982-07-06 12:00:00,0.5442265,0.035231087,0.025683463,0.32840588441863655,0.1536028817109195,False
1982-07-06 13:00:00,0.537353,0.034503147,0.025152795,0.32414258116483685,0.15186772142725274,False
1982-07-06 14:00:00,0.45717192,0.034452416,0.02511581,0.2778573913499713,0.150320237921688,False
1982-07-06 15:00:00,0.38118437,0.03184859,0.023217624,0.23294926281273365,0.14834163130852915,False
1982-07-06 16:00:00,0.2903978,0.029508207,0.021511482,0.1796096750050783,0.14628702593235973,False
1982-07-06 17:00:00,0.19058757,0.022518726,0.016416151,0.11916490725614129,0.14483570804577064,False
1982-07-06 18:00:00,0.09979889,0.017999865,0.013121902,0.06493449129350483,0.14363135153458897,False
1982-07-06 19:00:00,0.037515894,0.014036242,0.01023242,0.02737859452702105,0.1426423805729538,False
1982-07-06 20:00:00,0.0043903906,0.010468816,0.007631768,0.006808364088647067,0.1417279516150412,False
1982-07-06 21:00:00,8.355844e-07,0.00997755,0.0072736354,0.004074974482412244,0.14085346728048304,False
1982-07-06 22:00:00,0.0,0.009292104,0.006773943,0.0037945794062688946,0.14004247515143556,False
1982-07-06 23:00:00,0.0,0.010909708,0.007953177,0.004455153901129961,0.13921411496434208,False
1982-07-07 00:00:00,0.0,0.012577863,0.009169263,0.0051363717913627625,0.1384154825231953,False
1982-07-07 01:00:00,0.0,0.014400175,0.010497727,0.005880541797727346,0.13767156386426263,False
1982-07-07 02:00:00,0.0,0.014906241,0.010866649,0.006087201861664652,0.1370011423048408,False
1982-07-07 03:00:00,4.97893e-05,0.013976833,0.010189111,0.005736391761904087,0.13639509616004844,False
1982-07-07 04:00:00,0.010074209,0.011770642,0.008580798,0.010619548975490032,0.13584481503439172,False
1982-07-07 05:00:00,0.06114818,0.010679837,0.0077856015,0.03964378321170807,0.13538169035693046,False
1982-07-07 06:00:00,0.14962415,0.012084197,0.008809379,0.09126791211031375,0.13512444585922792,False
1982-07-07 07:00:00,0.25295538,0.01412204,0.010294968,0.15172221363801505,0.13508490734151718,False
1982-07-07 08:00:00,0.36931047,0.01753966,0.012786412,0.22025474087893962,0.13547670611615134,False
1982-07-07 09:00:00,0.47903877,0.020147132,0.014687259,0.2846327767465263,0.13622076151265994,False
1982-07-07 10:00:00,0.5488688,0.013820374,0.010075053,0.3223410544078797,0.13726092471461895,False
1982-07-07 11:00:00,0.59211916,0.01721091,0.012546753,0.34868110423535104,0.13831690204789782,False
1982-07-07 12:00:00,0.60238606,0.021908604,0.015971372,0.3565234839208424,0.14033217444313686,False
1982-07-07 13:00:00,0.5938722,0.023877433,0.01740665,0.3524149850662797,0.14241827528413617,False
1982-07-07 14:00:00,0.5343554,0.02309811,0.016838523,0.31775554949976503,0.1443049931455089,False
1982-07-07 15:00:00,0.45875892,0.021230385,0.01547695,0.2733736643698066,0.14630922046460093,False
1982-07-07 16:00:00,0.37886396,0.01785843,0.013018796,0.2258972811512649,0.14820367680393157,False
1982-07-07 17:00:00,0.26994148,0.01108935,0.008084136,0.16028474689740685,0.14982622168595514,False
1982-07-07 18:00:00,0.1597871,0.007014429,0.0051135183,0.09506161310244352,0.15109089850747023,False
1982-07-07 19:00:00,0.06291256,0.0063539706,0.004632045,0.038895293287001545,0.15192023640740235,False
1982-07-07 20:00:00,0.0067540864,0.005706064,0.004159721,0.00622727035684511,0.15218963017442882,False
1982-07-07 21:00:00,5.762651e-07,0.006340033,0.004621884,0.002589386376543359,0.15217393560013112,False
1982-07-07 22:00:00,0.0,0.006388958,0.0046575507,0.002609033269342035,0.1521431104457285,False
1982-07-07 23:00:00,0.0,0.0053260853,0.0038827162,0.00217499213386327,0.1521250851459324,False
1982-07-08 00:00:00,0.0,0.0041900766,0.003054566,0.0017110848315060137,0.15210585919307662,False
1982-07-08 01:00:00,0.0,0.0047182096,0.0034395745,0.0019267563717439771,0.15206592354574125,False
1982-07-08 02:00:00,0.0,0.0057183374,0.0041686683,0.002335174578242004,0.1519987614335539,False
1982-07-08 03:00:00,4.9155413e-05,0.006543088,0.0047699106,0.0027003372334620506,0.15191521479072864,False
1982-07-08 04:00:00,0.013175581,0.0067991475,0.004956578,0.010378850656561552,0.15184169725834937,False
1982-07-08 05:00:00,0.08313249,0.0072241933,0.005266437,0.05091756194783374,0.1518278477041443,False
1982-07-08 06:00:00,0.20244464,0.008284258,0.0060392246,0.12019356811232865,0.15211965939716748,False
1982-07-08 07:00:00,0.3349594,0.008322943,0.006067425,0.1966703736670315,0.15284172473556676,False
1982-07-08 08:00:00,0.48223832,0.008097497,0.0059030764,0.281558254529722,0.1540524707419084,False
1982-07-08 09:00:00,0.607304,0.008334566,0.0060758987,0.35381794808339323,0.15563268778828052,False
1982-07-08 10:00:00,0.6725913,0.0070854267,0.005165276,0.39097864398080856,0.15748766446709092,False
1982-07-08 11:00:00,0.72900486,0.006693051,0.0048792344,0.42336901872325683,0.1598417111363751,False
1982-07-08 12:00:00,0.7379503,0.0067130644,0.004893824,0.42853872478660193,0.16242482004343609,False
1982-07-08 13:00:00,0.71394086,0.006761491,0.0049291267,0.4147050385107286,0.164907113637599,False
1982-07-08 14:00:00,0.6429442,0.0075459015,0.0055009625,0.3740603026663884,0.1672186632266369,False
1982-07-08 15:00:00,0.55608934,0.007394389,0.0053905095,0.3238831671006046,0.16945931385932722,False
1982-07-08 16:00:00,0.44134364,0.006946102,0.0050637075,0.2574918293422088,0.17143557292911613,False
1982-07-08 17:00:00,0.3077231,0.005664436,0.004129374,0.17986939468886703,0.17280814907852948,False
1982-07-08 18:00:00,0.17822085,0.0046754093,0.0034083733,0.10474271049024537,0.1737677002434681,False
1982-07-08 19:00:00,0.066411175,0.0048736855,0.0035529167,0.04030949534429237,0.1743793784252081,False
1982-07-08 20:00:00,0.006600886,0.0055007352,0.0040100357,0.006055024522356689,0.17478983457584243,False
1982-07-08 21:00:00,4.3219882e-07,0.006354882,0.0046327086,0.00259536707108748,0.17522000678687707,False
1982-07-08 22:00:00,0.0,0.0071733813,0.005229395,0.002929365016054362,0.17570478394125488,False
1982-07-08 23:00:00,0.0,0.008649859,0.0063057467,0.003532308164052665,0.1761889732452833,False
1982-07-09 00:00:00,0.0,0.007883763,0.005747263,0.0032194607192650437,0.1767122803969683,False
1982-07-09 01:00:00,0.0,0.0065058316,0.004742751,0.0026567604127340017,0.17726794204571303,False
1982-07-09 02:00:00,0.0,0.005086033,0.003707718,0.0020769630060531196,0.1778239291607893,False
1982-07-09 03:00:00,3.7601298e-05,0.0053526843,0.0039021065,0.0022075502076986595,0.17833619441407753,False
1982-07-09 04:00:00,0.013006677,0.005999319,0.004373503,0.00995477037364617,0.1788007028268633,False
1982-07-09 05:00:00,0.08774863,0.0073947976,0.005390807,0.05365074447682128,0.17922450472450022,False
1982-07-09 06:00:00,0.21223183,0.008495523,0.0061932355,0.12592704835347832,0.1796083455142179,False
1982-07-09 07:00:00,0.35675544,0.009770979,0.0071230438,0.20983802194241435,0.1799697134893079,False
1982-07-09 08:00:00,0.5037198,0.0133674955,0.009744904,0.2961051591048017,0.18036117757842896,False
1982-07-09 09:00:00,0.6345399,0.018469054,0.01346394,0.3736716573294252,0.18059636694712508,False
1982-07-09 10:00:00,0.7398945,0.020609362,0.015024223,0.4353352945335209,0.18070879098766815,False
1982-07-09 11:00:00,0.80086535,0.02588615,0.018871004,0.4726703317742795,0.18117558998156283,False
1982-07-09 12:00:00,0.8039462,0.028887372,0.021058895,0.4756735764406621,0.18152905189654966,False
1982-07-09 13:00:00,0.7811537,0.030961668,0.022571057,0.4633693653400987,0.18178164331071334,False
1982-07-09 14:00:00,0.71324617,0.033704426,0.024570527,0.42530677986890075,0.18195875538038306,False
1982-07-09 15:00:00,0.61227393,0.036482286,0.027594034,0.3682340997196733,0.182170244533109,False
1982-07-09 16:00:00,0.47859475,0.03792386,0.030330753,0.29178093632310625,0.18207026116718406,False
1982-07-09 17:00:00,0.32981706,0.03867341,0.032745805,0.20634320281445978,0.18189894663181258,False
1982-07-09 18:00:00,0.18556322,0.0418026,0.035685696,0.12442216582596301,0.18185554597314935,False
1982-07-09 19:00:00,0.068300724,0.046332866,0.03871932,0.058597188517451285,0.18183236315901374,False
1982-07-09 20:00:00,0.006668713,0.055594873,0.04654039,0.02687553648650646,0.18188994662655386,False
1982-07-09 21:00:00,2.3050605e-07,0.06210065,0.05450773,0.025858689786678112,0.18197063414361156,False
1982-07-09 22:00:00,0.0,0.06202394,0.054875657,0.02585011986270547,0.1820168852239605,False
1982-07-09 23:00:00,0.0,0.065523736,0.057694014,0.027293735414743423,0.18202121409880254,False
1982-07-10 00:00:00,0.0,0.06803884,0.060676124,0.02838284397125244,0.18198824549514592,False
1982-07-10 01:00:00,0.0,0.06872059,0.060300767,0.02861413789540529,0.18194916360292898,False
1982-07-10 02:00:00,0.0,0.065181784,0.053182006,0.026923906736075878,0.18191318131484346,False
1982-07-10 03:00:00,3.2270844e-05,0.060504425,0.049110886,0.024996741047179968,0.18188537871162602,False
1982-07-10 04:00:00,0.012858405,0.056327283,0.046616197,0.03072134174313396,0.18185761601803965,False
1982-07-10 05:00:00,0.08178939,0.05367937,0.043365832,0.06934191985428333,0.18181599105604154,False
1982-07-10 06:00:00,0.19398966,0.062255416,0.048795298,0.13753923091664907,0.18167884662813008,False
1982-07-10 07:00:00,0.32484823,0.06833265,0.05200872,0.21546064994484185,0.18145203075567307,False
1982-07-10 08:00:00,0.46155933,0.06495759,0.047375243,0.2928473442271352,0.18099201601203965,False
1982-07-10 09:00:00,0.5820983,0.057157,0.041715693,0.35921430202946064,0.18033352390061333,False
1982-07-10 10:00:00,0.68375814,0.04617561,0.033662017,0.41338499568775294,0.1795562475165512,False
1982-07-10 11:00:00,0.73539853,0.03920561,0.028580887,0.4403351906426251,0.17856005108148523,False
1982-07-10 12:00:00,0.7382676,0.035954773,0.026211033,0.44066311266645786,0.17739439924974812,False
1982-07-10 13:00:00,0.70823854,0.035636608,0.02597909,0.4232064178548753,0.1764172449758591,False
1982-07-10 14:00:00,0.64145625,0.034507103,0.02515568,0.3842117819972336,0.17549240226800747,False
1982-07-10 15:00:00,0.5293453,0.03342625,0.024397328,0.31908396553620694,0.17458376628391017,False
1982-07-10 16:00:00,0.40998727,0.0311103,0.022710662,0.24926873164437707,0.17385645872367742,False
1982-07-10 17:00:00,0.28855696,0.027634904,0.020213256,0.17778616307303308,0.17323530791076716,False
1982-07-10 18:00:00,0.16238949,0.024314528,0.01776186,0.10362993541173636,0.17290301764560126,False
1982-07-10 19:00:00,0.060305014,0.020269828,0.014776705,0.04307350178621709,0.17273400977577588,False
1982-07-10 20:00:00,0.0057477546,0.016190307,0.011802733,0.009928025341127068,0.17263888569740463,False
1982-07-10 21:00:00,1.1525302e-07,0.011791756,0.008596191,0.004815418927836199,0.1724966936159825,False
1982-07-10 22:00:00,0.0,0.0076822042,0.0056003267,0.003137151008471847,0.17230504490695064,False
1982-07-10 23:00:00,0.0,0.0047746757,0.003480738,0.0019498151885345577,0.17216837464532916,False
1982-07-11 00:00:00,0.0,0.003290014,0.0023984201,0.0013435298928525297,0.17198041737339562,False
1982-07-11 01:00:00,0.0,0.0022764152,0.0016595067,0.0009296105846296996,0.17175361158469793,False
1982-07-11 02:00:00,0.0,0.0018180702,0.0013253732,0.000742438051616773,0.17150842354753157,False
1982-07-11 03:00:00,2.5298035e-05,0.0021067963,0.0015358543,0.0008749409155534521,0.17129200654527274,False
1982-07-11 04:00:00,0.011182309,0.0036843906,0.0026859206,0.007956772197736427,0.17112314376586182,False
1982-07-11 05:00:00,0.07705434,0.0063851047,0.0046547414,0.04706781193707139,0.17101496123194607,False
1982-07-11 06:00:00,0.19334123,0.008526663,0.0062159384,0.11503988647554068,0.1709644661611527,False
1982-07-11 07:00:00,0.31778324,0.0107658,0.007848268,0.18775731424801054,0.17093100725050306,False
1982-07-11 08:00:00,0.44921678,0.012977216,0.009460391,0.2644975377563387,0.17093584224486635,False
1982-07-11 09:00:00,0.57177407,0.015791606,0.011512082,0.3363623908944428,0.17105408265439706,False
1982-07-11 10:00:00,0.6581619,0.018998794,0.013850123,0.3875178656503558,0.17132114465183493,False
1982-07-11 11:00:00,0.7052515,0.023970947,0.017474823,0.4167190438508987,0.1716129280421688,False
1982-07-11 12:00:00,0.7213592,0.030722236,0.02239651,0.42877017129398876,0.17186097087235727,False
1982-07-11 13:00:00,0.6982515,0.039390665,0.028715793,0.4189769153632223,0.1722319488394811,False
1982-07-11 14:00:00,0.6293848,0.045393627,0.033091955,0.38169225263223044,0.17260920709020375,False
1982-07-11 15:00:00,0.5410666,0.051727947,0.037783403,0.3333233368285,0.17285841057230322,False
1982-07-11 16:00:00,0.417492,0.05160276,0.03761841,0.2619656973034143,0.1734092059794153,False
1982-07-11 17:00:00,0.29521492,0.049108546,0.03580013,0.19039327008649704,0.1740220717614865,False
1982-07-11 18:00:00,0.16991876,0.044731107,0.03260898,0.11630978807434438,0.17434895082363308,False
1982-07-11 19:00:00,0.063494466,0.04259641,0.03105278,0.05403123275563121,0.17467966154968592,False
1982-07-11 20:00:00,0.0056900703,0.041059114,0.029932091,0.020050316578242928,0.17501724735432064,False
1982-07-11 21:00:00,5.762651e-08,0.040795557,0.029739961,0.016659551753149815,0.1753356388969113,False
1982-07-11 22:00:00,0.0,0.04679024,0.03748795,0.01928994730487466,0.17563064588331465,False
1982-07-11 23:00:00,0.0,0.04416289,0.036586653,0.018271786361932756,0.17592691023873477,False
1982-07-12 00:00:00,0.0,0.04223812,0.035375923,0.017496166113764047,0.1761739121845326,False
1982-07-12 01:00:00,0.0,0.040689144,0.033904035,0.01684511211141944,0.17635725269167005,False
1982-07-12 02:00:00,0.0,0.040037084,0.032633454,0.016535890627652407,0.17649542153197537,False
1982-07-12 03:00:00,1.8959121e-05,0.040932924,0.03289147,0.016891327635456036,0.17660217721952495,False
1982-07-12 04:00:00,0.011209336,0.046161536,0.037540488,0.025528580115176735,0.17669648263705773,False
1982-07-12 05:00:00,0.07920507,0.051394064,0.041711472,0.06691815645620226,0.17676107195974303,False
1982-07-12 06:00:00,0.19546095,0.05619096,0.044773582,0.13593320320546626,0.17680302347982046,False
1982-07-12 07:00:00,0.33082217,0.060395956,0.04670796,0.2156927296742797,0.17680105235965046,False
1982-07-12 08:00:00,0.46845877,0.0687599,0.052773487,0.2985228838846087,0.1768085384525473,False
1982-07-12 09:00:00,0.58845854,0.07929314,0.05988024,0.3720332779064774,0.17685494894895215,False
1982-07-12 10:00:00,0.67154175,0.09707811,0.07572568,0.42739059842377897,0.17695600364019606,False
1982-07-12 11:00:00,0.7143537,0.09771091,0.07414533,0.4522412464916706,0.1767072302608671,False
1982-07-12 12:00:00,0.7257539,0.09701891,0.07240878,0.45847005508840083,0.1762709243117907,False
1982-07-12 13:00:00,0.7000378,0.09155134,0.066862434,0.44131481388956306,0.17554326177481538,False
1982-07-12 14:00:00,0.62408656,0.08833525,0.06444252,0.3961735491380095,0.17433169929900494,False
1982-07-12 15:00:00,0.5346965,0.09042229,0.06734128,0.34552214507758616,0.17346668675033508,False
1982-07-12 16:00:00,0.4218207,0.0860097,0.06589194,0.27868628918379545,0.1725608589640273,False
1982-07-12 17:00:00,0.28222108,0.0744643,0.058471654,0.19347635805606841,0.1719897316934461,False
1982-07-12 18:00:00,0.16110602,0.064488165,0.05092118,0.11950405026227234,0.1715651889181461,False
1982-07-12 19:00:00,0.059798714,0.060262047,0.046982728,0.05927762040868401,0.17131621950806564,False
1982-07-12 20:00:00,0.005644459,0.05358092,0.040418644,0.025210819385480133,0.1712416385601195,False
1982-07-12 21:00:00,2.8813256e-08,0.04642612,0.034157388,0.018975754275195992,0.17133587744558443,False
1982-07-12 22:00:00,0.0,0.042483866,0.031135064,0.017357840068638324,0.17148358892371063,False
1982-07-12 23:00:00,0.0,0.033807684,0.024645802,0.0138059085868299,0.171443885586235,False
1982-07-13 00:00:00,0.0,0.024840154,0.018108472,0.01014387423545122,0.17144644150232083,False
1982-07-13 01:00:00,0.0,0.018517004,0.013498895,0.007561714919283986,0.1714454868887656,False
1982-07-13 02:00:00,0.0,0.014366306,0.010473037,0.005866711053997278,0.17143084330438754,False
1982-07-13 03:00:00,1.3138844e-05,0.013208788,0.009629206,0.005401600957127811,0.17145484418353185,False
1982-07-13 04:00:00,0.009866782,0.013135095,0.009575483,0.011057059686630963,0.17153118716450624,False
1982-07-13 05:00:00,0.07533763,0.013741767,0.010017747,0.04908148490078747,0.17157522061619115,False
1982-07-13 06:00:00,0.18973327,0.013392833,0.009763377,0.11494527270738035,0.17154566975710742,False
1982-07-13 07:00:00,0.3162706,0.013783019,0.010047821,0.18811664670705794,0.17141759189346947,False
1982-07-13 08:00:00,0.45198295,0.014523937,0.01058795,0.266725241583772,0.17111369625599884,False
1982-07-13 09:00:00,0.5803986,0.01548369,0.011287612,0.3412130160741507,0.17076140288027455,False
1982-07-13 10:00:00,0.63698256,0.019682849,0.014348797,0.3755767434425652,0.1703815101909434,False
1982-07-13 11:00:00,0.6702783,0.022102166,0.016112477,0.395776358295232,0.17019750456679442,False
1982-07-13 12:00:00,0.66764736,0.02108364,0.015369975,0.3938423695191741,0.1699201874065196,False
1982-07-13 13:00:00,0.6088249,0.023336772,0.017012507,0.36082191652432083,0.16928955225488,False
1982-07-13 14:00:00,0.56915766,0.028816504,0.021007229,0.3401716502960771,0.16877794593584863,False
1982-07-13 15:00:00,0.47668785,0.036229055,0.026410982,0.28984360308572643,0.16824093698908715,False
1982-07-13 16:00:00,0.37568298,0.043545518,0.03174468,0.2345515883155167,0.1677760457526565,False
1982-07-13 17:00:00,0.2646597,0.042380042,0.03089505,0.17001521687209603,0.16742921992543294,False
1982-07-13 18:00:00,0.15193665,0.04087463,0.029797604,0.10435925639048219,0.16724542855142135,False
1982-07-13 19:00:00,0.055070516,0.04573265,0.0333391,0.05045134725421667,0.1671885469720061,False
1982-07-13 20:00:00,0.004962075,0.05314661,0.038880877,0.024573783080559224,0.16736220951204328,False
1982-07-13 21:00:00,0.0,0.058094982,0.042826932,0.02374970270320773,0.167687169861559,False
1982-07-13 22:00:00,0.0,0.042570114,0.03103361,0.0173841871060431,0.1680712373143972,False
1982-07-13 23:00:00,0.0,0.04504408,0.03283713,0.01839447033405304,0.16839276246111623,False
1982-07-14 00:00:00,0.0,0.04273212,0.031151714,0.017450344663113355,0.16879334482797204,False
1982-07-14 01:00:00,0.0,0.039528806,0.028816495,0.016142220061272382,0.16917626188476353,False
1982-07-14 02:00:00,0.0,0.04331392,0.031575855,0.017687932826578615,0.1695121762645642,False
1982-07-14 03:00:00,9.220242e-06,0.050323658,0.036685944,0.02055579072222736,0.1698063519583295,False
1982-07-14 04:00:00,0.009198919,0.054692138,0.039870568,0.027642185796052217,0.1700382390705151,False
1982-07-14 05:00:00,0.07352973,0.05649859,0.041205227,0.06549971522018312,0.17021193762027545,False
1982-07-14 06:00:00,0.18557335,0.055610996,0.040540423,0.1297854657508433,0.17031171446108304,False
1982-07-14 07:00:00,0.30916667,0.05562797,0.040552784,0.2011057390756905,0.170350148681658,False
1982-07-14 08:00:00,0.44664663,0.058520287,0.042661294,0.28161280184984205,0.1703955666130933,False
1982-07-14 09:00:00,0.56454957,0.068696536,0.050079774,0.3537984288185835,0.17036361864202387,False
1982-07-14 10:00:00,0.6585831,0.09413403,0.0707485,0.4185583284646272,0.1702044062361141,False
1982-07-14 11:00:00,0.69254607,0.09601087,0.072276466,0.43893002279847854,0.17030332740502008,False
1982-07-14 12:00:00,0.673635,0.09648287,0.07240721,0.4281995678097009,0.17057615088470632,False
1982-07-14 13:00:00,0.6512007,0.10011503,0.075415805,0.4167577105760574,0.17088910356025253,False
1982-07-14 14:00:00,0.57063085,0.100470595,0.07536057,0.37039711969345807,0.17147937553796025,False
1982-07-14 15:00:00,0.48929876,0.099720545,0.07564999,0.32320736572891473,0.171851890144763,False
1982-07-14 16:00:00,0.3846708,0.09763274,0.07513183,0.26203864947706457,0.17189850134089166,False
1982-07-14 17:00:00,0.25201142,0.09517235,0.07639232,0.18465437210351227,0.17159109110941065,False
1982-07-14 18:00:00,0.13576816,0.09294376,0.07665295,0.11677373445034027,0.1710385691269476,False
1982-07-14 19:00:00,0.051069822,0.092310205,0.075623505,0.0676134223304689,0.1706550734842216,False
1982-07-14 20:00:00,0.004090819,0.09321017,0.07507336,0.0408089161622338,0.1705579963185689,False
1982-07-14 21:00:00,0.0,0.09058951,0.07376784,0.03741099201142788,0.17054802661490978,False
1982-07-14 22:00:00,0.0,0.0797264,0.06244456,0.032791047111153604,0.17054427095651048,False
1982-07-14 23:00:00,0.0,0.07996412,0.06531668,0.03303386219590902,0.1706592418335786,False
1982-07-15 00:00:00,0.0,0.069178216,0.05550243,0.028523892961442473,0.17078017395859937,False
1982-07-15 01:00:00,0.0,0.05770458,0.044307694,0.023685605149716137,0.17090802368088046,False
1982-07-15 02:00:00,0.0,0.048806068,0.036624175,0.019987144354730847,0.17109442201800995,False
1982-07-15 03:00:00,6.281289e-06,0.040464237,0.029578786,0.016532182342036777,0.1712847197520023,False
1982-07-15 04:00:00,0.008999187,0.03477777,0.025352994,0.019394590075127782,0.17143824835871146,False
1982-07-15 05:00:00,0.07225929,0.029819235,0.021738222,0.05387077325955033,0.17154944728305752,False
1982-07-15 06:00:00,0.18583006,0.023425488,0.017077178,0.11679011529497803,0.17158665993171932,False
1982-07-15 07:00:00,0.31635913,0.01899641,0.013848382,0.19029670741595328,0.17155863327803278,False
1982-07-15 08:00:00,0.44682404,0.018057982,0.013164267,0.2651917389724403,0.17165969208719709,False
1982-07-15 09:00:00,0.5655084,0.01780868,0.012982528,0.3335708205904811,0.17156983618188526,False
1982-07-15 10:00:00,0.6458103,0.018837055,0.013732214,0.3803249595500528,0.17136171940285902,False
1982-07-15 11:00:00,0.69112414,0.0247162,0.01801811,0.4088718853201717,0.17091253282237054,False
1982-07-15 12:00:00,0.68540514,0.03277779,0.023895008,0.4088640979453921,0.17048470955146666,False
1982-07-15 13:00:00,0.6435016,0.043721955,0.031873304,0.3891549714542925,0.1703201789022287,False
1982-07-15 14:00:00,0.58340985,0.052464873,0.038246896,0.35805235142260783,0.16976809871839546,False
1982-07-15 15:00:00,0.47382763,0.045744285,0.033384383,0.29208094049990174,0.16938620423648384,False
1982-07-15 16:00:00,0.35156783,0.04148242,0.03026378,0.21979589720442888,0.16862890716477796,False
1982-07-15 17:00:00,0.2211971,0.038833402,0.02840575,0.1434941617138684,0.16778763624729467,False
1982-07-15 18:00:00,0.12156523,0.038703352,0.028273903,0.08595146553963422,0.16706793988029042,False
1982-07-15 19:00:00,0.04530282,0.048091657,0.035298053,0.04579164330288767,0.16640422556765258,False
1982-07-15 20:00:00,0.0034005693,0.05410137,0.04017969,0.024095237304922194,0.16575531042571526,False
1982-07-15 21:00:00,0.0,0.057625238,0.042698488,0.023569431100040675,0.16508181451712248,False
1982-07-15 22:00:00,0.0,0.055988483,0.041537758,0.02290278920531273,0.16440913501809795,False
1982-07-15 23:00:00,0.0,0.05905232,0.044609386,0.024199212335050103,0.16381298255172536,False
1982-07-16 00:00:00,0.0,0.057609003,0.043137208,0.02358713133260608,0.16320978846037273,False
1982-07-16 01:00:00,0.0,0.061073076,0.047284726,0.02508934024348855,0.1627249674708883,False
1982-07-16 02:00:00,0.0,0.064899445,0.053228315,0.026822224058210848,0.1623845541698693,False
1982-07-16 03:00:00,3.8033497e-06,0.06721897,0.057762418,0.02792516384426858,0.1621404246738248,False
1982-07-16 04:00:00,0.008192358,0.06771464,0.06048226,0.032979734164662655,0.1619414223397285,False
1982-07-16 05:00:00,0.06793122,0.06723328,0.060750525,0.06728592235594986,0.16172300271420761,False
1982-07-16 06:00:00,0.17113954,0.071393095,0.062011495,0.12844018637388943,0.1613048595899074,False
1982-07-16 07:00:00,0.30702552,0.070033975,0.05482035,0.20595656191557646,0.1604599837325958,False
1982-07-16 08:00:00,0.4390058,0.058640406,0.043612346,0.27729971839487555,0.15927075375095187,False
1982-07-16 09:00:00,0.5590032,0.05189335,0.03917307,0.3438088234253227,0.15782683853297283,False
1982-07-16 10:00:00,0.652014,0.050398555,0.040522557,0.39699737260118123,0.1558873188613272,False
1982-07-16 11:00:00,0.6844762,0.056557257,0.0478169,0.4183945057950914,0.15378657254639336,False
1982-07-16 12:00:00,0.68681365,0.05773365,0.05012781,0.42030209664627904,0.1514710633803293,False
1982-07-16 13:00:00,0.63630563,0.055465963,0.048936535,0.39025786175206295,0.14938598444879933,False
1982-07-16 14:00:00,0.5725459,0.05222849,0.045090646,0.35206618456169964,0.14710656986956586,False
1982-07-16 15:00:00,0.4607254,0.050749335,0.042445324,0.2868571062870323,0.145138623063303,False
1982-07-16 16:00:00,0.34902108,0.049089942,0.03996843,0.22165764543786645,0.14362241864270944,False
1982-07-16 17:00:00,0.2294644,0.04304538,0.033782307,0.15010894648730755,0.14292827546736794,False
1982-07-16 18:00:00,0.12293278,0.03420902,0.02518716,0.08491544744372366,0.14283508910871834,False
1982-07-16 19:00:00,0.045979068,0.02433007,0.017736621,0.03646549551747739,0.14272856184270336,False
1982-07-16 20:00:00,0.0035229966,0.015790598,0.011511346,0.008481112549779936,0.14248791631420402,False
1982-07-16 21:00:00,0.0,0.012543591,0.009144279,0.005122376058250665,0.14215065020641568,False
1982-07-16 22:00:00,0.0,0.010225456,0.007454359,0.004175728725269437,0.14176446352705616,False
1982-07-16 23:00:00,0.0,0.009992374,0.00728444,0.004080545810982585,0.14137116462945495,False
1982-07-17 00:00:00,0.0,0.012862201,0.009376544,0.005252485466189682,0.14094710627464602,False
1982-07-17 01:00:00,0.0,0.017988194,0.0131133925,0.007345766700804233,0.14052752758223588,False
1982-07-17 02:00:00,0.0,0.020248817,0.014761388,0.008268928544595837,0.14006880142052333,False
1982-07-17 03:00:00,2.2474337e-06,0.017089507,0.012458252,0.006980070305412937,0.13956672212410276,False
1982-07-17 04:00:00,0.00596443,0.013392329,0.009763008,0.008910448050126434,0.13904246551362445,False
1982-07-17 05:00:00,0.049389172,0.01298431,0.009465562,0.033799903293140234,0.13849156775954566,False
1982-07-17 06:00:00,0.1224914,0.013611658,0.009922897,0.07623607414402066,0.1378006643809048,False
1982-07-17 07:00:00,0.22035101,0.014866897,0.0108379675,0.13321366829704492,0.1368567525595174,False
1982-07-17 08:00:00,0.32872698,0.015202888,0.011082906,0.19588380850944667,0.1354008769077035,False
1982-07-17 09:00:00,0.4071084,0.013645435,0.0099475235,0.24047387635149062,0.13365023742407983,False
1982-07-17 10:00:00,0.47261786,0.016623883,0.012118813,0.27948913643322887,0.13159347166696675,False
1982-07-17 11:00:00,0.50189584,0.019917287,0.014519703,0.2977274453490973,0.12923619461216143,False
1982-07-17 12:00:00,0.5211075,0.019838294,0.014462115,0.3087803092319518,0.12677255728679201,False
1982-07-17 13:00:00,0.46943948,0.021736613,0.015845992,0.2797430716510862,0.12409235192266249,False
1982-07-17 14:00:00,0.4352421,0.030466327,0.022484183,0.2635909047219902,0.12187271492836488,False
1982-07-17 15:00:00,0.35802692,0.031126799,0.022885289,0.21930312831141055,0.12016766381513438,False
1982-07-17 16:00:00,0.30164936,0.030426977,0.022181267,0.18647702478803693,0.11896652950433194,False
1982-07-17 17:00:00,0.22091214,0.028295474,0.020627402,0.13902121649868784,0.11827122068883807,False
1982-07-17 18:00:00,0.12377183,0.023071975,0.016819471,0.08083815677091478,0.11783665323681775,False
1982-07-17 19:00:00,0.047198847,0.01715844,0.012508502,0.034240657934919,0.11766176633099672,False
1982-07-17 20:00:00,0.003962629,0.013762231,0.010032666,0.007906464131083339,0.11757824466906598,False
1982-07-17 21:00:00,0.0,0.012323432,0.008983782,0.005032470490783453,0.11757286771525972,False
1982-07-17 22:00:00,0.0,0.009854988,0.0071842866,0.004024442120455205,0.11759031360787915,False
1982-07-17 23:00:00,0.0,0.009414132,0.0068629016,0.0038444113042205574,0.11762515254591703,False
1982-07-18 00:00:00,0.0,0.0084418245,0.00615409,0.0034473540969192982,0.11766708592906938,False
1982-07-18 01:00:00,0.0,0.0075189522,0.0054813167,0.0030704844812862574,0.11767565315542156,False
1982-07-18 02:00:00,0.0,0.0066666123,0.0048599606,0.0027224178300239146,0.11765149295061705,False
1982-07-18 03:00:00,1.5559157e-06,0.0067585176,0.004926959,0.0027608465413098884,0.1176330917614919,False
1982-07-18 04:00:00,0.0064608245,0.006878012,0.0050140712,0.006536641968879849,0.11767566289670683,False
1982-07-18 05:00:00,0.054261293,0.006890373,0.0050230813,0.034122560181189324,0.11778761183712472,False
1982-07-18 06:00:00,0.13776845,0.008913633,0.0064980383,0.08313241894729434,0.11789673870564667,False
1982-07-18 07:00:00,0.22746658,0.011818594,0.0086157555,0.13607453062850983,0.11804860095531754,False
1982-07-18 08:00:00,0.3244076,0.014902891,0.010864206,0.19326902318093925,0.11808133527917318,False
1982-07-18 09:00:00,0.41036296,0.020336267,0.014825137,0.24508406708389519,0.11809073045472844,False
1982-07-18 10:00:00,0.4795233,0.017540954,0.012787355,0.2838480739705264,0.11828834135659112,False
1982-07-18 11:00:00,0.5074862,0.017925985,0.013068043,0.30013991417735814,0.11863157235725702,False
1982-07-18 12:00:00,0.49232328,0.01856596,0.013534586,0.29165223916806277,0.11854444304360306,False
1982-07-18 13:00:00,0.47787085,0.01955061,0.014252395,0.28371528602577745,0.1181128970702745,False
1982-07-18 14:00:00,0.45198983,0.023081254,0.016826235,0.2702237311266362,0.11790829457935796,False
1982-07-18 15:00:00,0.3777561,0.027517952,0.020060588,0.22920265936851503,0.11761230562960491,False
1982-07-18 16:00:00,0.3048499,0.0303268,0.022108236,0.1882828222941607,0.117432640711655,False
1982-07-18 17:00:00,0.20439462,0.027705565,0.02019736,0.12924970879033207,0.11691456277473901,False
1982-07-18 18:00:00,0.117626764,0.02118255,0.015442078,0.07652087596431373,0.11645185027600803,False
1982-07-18 19:00:00,0.043933034,0.017403739,0.012687326,0.03245645574480295,0.11629265449238237,False
1982-07-18 20:00:00,0.0033435763,0.015412094,0.011235417,0.008223018767079338,0.11627576361576632,False
1982-07-18 21:00:00,0.0,0.014594209,0.010639179,0.005959778903983534,0.11635732639676459,False
1982-07-18 22:00:00,0.0,0.014320482,0.010439631,0.00584799775108695,0.11642094376010387,False
1982-07-18 23:00:00,0.0,0.014921292,0.010877621,0.006093348202295601,0.11646475409392765,False
1982-07-19 00:00:00,0.0,0.013869206,0.010110651,0.005663712331093848,0.11649650023769387,False
1982-07-19 01:00:00,0.0,0.015148364,0.011043158,0.006186076870188116,0.11650134434768729,False
1982-07-19 02:00:00,0.0,0.018085912,0.013184629,0.007385671466588974,0.11648603002246267,False
1982-07-19 03:00:00,6.9151815e-07,0.022095585,0.016107682,0.009023484795729246,0.1164700814730258,False
1982-07-19 04:00:00,0.005248363,0.027562754,0.020093247,0.014283997190184892,0.1164523652268855,False
1982-07-19 05:00:00,0.04893669,0.026450591,0.019282483,0.03903799298219383,0.1164353131423675,False
1982-07-19 06:00:00,0.12804423,0.023615923,0.017216006,0.08352546212822198,0.11643982213594618,False
1982-07-19 07:00:00,0.21352714,0.028356314,0.020671751,0.13478491584211588,0.11655242261141828,False
1982-07-19 08:00:00,0.31846967,0.030800251,0.022453383,0.1963347769360989,0.11689900681078336,False
1982-07-19 09:00:00,0.40617487,0.038191967,0.027841942,0.24995919964089988,0.11757088940426376,False
1982-07-19 10:00:00,0.4741855,0.054752827,0.039914813,0.29596422446519133,0.1186815708274827,False
1982-07-19 11:00:00,0.47822085,0.043127507,0.031439956,0.2935452382937074,0.11986058659640741,False
1982-07-19 12:00:00,0.47247294,0.037831794,0.027579376,0.28806610251218073,0.12093073858596907,False
1982-07-19 13:00:00,0.44221672,0.036151644,0.02635455,0.2699221520870924,0.12191625001538292,False
1982-07-19 14:00:00,0.4054588,0.0377938,0.027551679,0.2493834351338446,0.12285030003470893,False
1982-07-19 15:00:00,0.33769768,0.038758487,0.028254937,0.21067921224981545,0.123470956220764,False
1982-07-19 16:00:00,0.2538797,0.03702732,0.026992915,0.16160928381606934,0.12402739513588507,False
1982-07-19 17:00:00,0.17880763,0.033398993,0.024347868,0.11681101655960083,0.12425575038143337,False
1982-07-19 18:00:00,0.105602935,0.030031554,0.021893002,0.07319675915688274,0.124654675269545,False
1982-07-19 19:00:00,0.038243257,0.027826844,0.020285768,0.03342989585734904,0.12494589203686045,False
1982-07-19 20:00:00,0.002869944,0.024893159,0.018147115,0.011821477618999779,0.1251707734635245,False
1982-07-19 21:00:00,0.0,0.01980112,0.014435017,0.008086103931069373,0.12543425780671724,False
1982-07-19 22:00:00,0.0,0.015004526,0.010938298,0.006127338143996894,0.12573128467556863,False
1982-07-19 23:00:00,0.0,0.013145625,0.009583161,0.005368226204998791,0.1259527156862042,False
1982-07-20 00:00:00,0.0,0.009011209,0.0065691713,0.003679871376603842,0.12617665884664356,False
1982-07-20 01:00:00,0.0,0.0057188817,0.004169065,0.0023353968705050647,0.12640488936312805,False
1982-07-20 02:00:00,0.0,0.004791994,0.0034933635,0.0019568874570541086,0.1265912132106333,False
1982-07-20 03:00:00,3.4575905e-07,0.004677831,0.0034101391,0.0019104667265747535,0.12676288539814604,False
1982-07-20 04:00:00,0.005921441,0.005635803,0.0041085007,0.005718141912017018,0.1269205496200568,False
1982-07-20 05:00:00,0.053772654,0.008110789,0.0059127645,0.03433899187296629,0.12705367160023637,False
1982-07-20 06:00:00,0.14583308,0.010753974,0.007839647,0.08853724176995456,0.1273001741648743,False
1982-07-20 07:00:00,0.25523108,0.013326863,0.009715282,0.15271057219803333,0.12777235758814634,False
1982-07-20 08:00:00,0.37979433,0.015606601,0.011467109,0.22551938766799867,0.12861064285355914,False
1982-07-20 09:00:00,0.50577986,0.016062222,0.0117561985,0.2983967753984034,0.12980164428375177,False
1982-07-20 10:00:00,0.57833,0.016515655,0.012039914,0.34044083087891336,0.13143156311771348,False
1982-07-20 11:00:00,0.5996145,0.013540898,0.009871316,0.3515072096763179,0.1332693914474778,False
1982-07-20 12:00:00,0.57871825,0.012332957,0.0089907255,0.3389567877799272,0.13577546595496573,False
1982-07-20 13:00:00,0.5587178,0.015107829,0.011013607,0.32854968695342535,0.1385063453755355,False
1982-07-20 14:00:00,0.5034873,0.023270944,0.016964518,0.30001522805728015,0.14139643121147663,False
1982-07-20 15:00:00,0.42280892,0.029260512,0.021367667,0.2559117272943258,0.14372751146044407,False
1982-07-20 16:00:00,0.32035834,0.035216253,0.02596883,0.19924387408047914,0.1456691965170684,False
1982-07-20 17:00:00,0.22999497,0.038379516,0.028314177,0.1483981034196913,0.14745029525359607,False
1982-07-20 18:00:00,0.12860608,0.039867092,0.029307688,0.09049928079545498,0.14868930954480059,False
1982-07-20 19:00:00,0.044589605,0.042868063,0.031560127,0.04325076422467828,0.14939912072640668,False
1982-07-20 20:00:00,0.0028175618,0.047006592,0.035168547,0.020870267240330576,0.14994000699454277,False
1982-07-20 21:00:00,0.0,0.049408186,0.036767554,0.020217068608850242,0.15040334115227585,False
1982-07-20 22:00:00,0.0,0.04034784,0.029413575,0.016476686261594296,0.15086867325104675,False
1982-07-20 23:00:00,0.0,0.041243933,0.030066825,0.01684261990338564,0.1513351064198431,False
1982-07-21 00:00:00,0.0,0.04069579,0.029667232,0.016618777122348546,0.15177703424360503,False
1982-07-21 01:00:00,0.0,0.03704917,0.027008845,0.01512962155044079,0.15220268907960405,False
1982-07-21 02:00:00,0.0,0.03826454,0.027894843,0.015625936467200518,0.15265848985722538,False
1982-07-21 03:00:00,8.643977e-08,0.04062855,0.029618206,0.016591367447446402,0.15317108763379642,False
1982-07-21 04:00:00,0.0055973493,0.042698696,0.031265978,0.0206738522388041,0.15364011894458302,False
1982-07-21 05:00:00,0.056869067,0.044204235,0.0323204,0.050870116084814065,0.15398855597394692,False
1982-07-21 06:00:00,0.15244584,0.04463332,0.032580044,0.10619026644527912,0.15429053310996405,False
1982-07-21 07:00:00,0.27391246,0.04155535,0.030392513,0.1750226085819304,0.15457817966627596,False
1982-07-21 08:00:00,0.4094699,0.042172633,0.031055745,0.25350284558534625,0.15481775539986187,False
1982-07-21 09:00:00,0.53538716,0.047198974,0.034453556,0.328195303671062,0.1547737821047274,False
1982-07-21 10:00:00,0.63075596,0.049548186,0.03612063,0.38417998429387806,0.15429887040759613,False
1982-07-21 11:00:00,0.67866904,0.05446252,0.03977985,0.4138368146531283,0.15381330654119005,False
1982-07-21 12:00:00,0.6827571,0.061562054,0.04594596,0.4191483146995305,0.15377314590890523,False
1982-07-21 13:00:00,0.66127855,0.066116974,0.049840517,0.4086462722122669,0.1540510037351518,False
1982-07-21 14:00:00,0.576576,0.06973381,0.052947428,0.3612752870842814,0.1544183991675073,False
1982-07-21 15:00:00,0.4721019,0.076675035,0.058966897,0.3038800949677825,0.1546958910514641,False
1982-07-21 16:00:00,0.36882877,0.08330369,0.065717764,0.2471020231693983,0.15494233130173543,False
1982-07-21 17:00:00,0.24222435,0.088672295,0.07037362,0.17628370253741737,0.15527109823149726,False
1982-07-21 18:00:00,0.124439366,0.08586276,0.07005226,0.10726769587397575,0.1553519130579547,False
1982-07-21 19:00:00,0.043962687,0.082277805,0.06787882,0.05939243672788143,0.15529420529359117,False
1982-07-21 20:00:00,0.0024683736,0.07893805,0.064983785,0.03406151719018817,0.1552159355442546,False
1982-07-21 21:00:00,0.0,0.07366291,0.060008,0.03042204467207193,0.15510892211472013,False
1982-07-21 22:00:00,0.0,0.06910561,0.055854816,0.02851613024622202,0.15494912812859615,False
1982-07-21 23:00:00,0.0,0.06459353,0.0508472,0.02658076174557209,0.15484727914783503,False
1982-07-22 00:00:00,0.0,0.058651354,0.045721367,0.024111303504556418,0.15468425926753185,False
1982-07-22 01:00:00,0.0,0.058941975,0.045634173,0.024213834196329116,0.1544803991884771,False
1982-07-22 02:00:00,0.0,0.064490296,0.051197436,0.02656158073246479,0.1542809998983946,False
1982-07-22 03:00:00,2.8813256e-08,0.05914539,0.048135255,0.024423969644331134,0.154053855474697,False
1982-07-22 04:00:00,0.0053915647,0.046914354,0.037422035,0.02244311932148412,0.1538097417679913,False
1982-07-22 05:00:00,0.05563675,0.040682316,0.03184659,0.04883389440178871,0.1535497630812215,False
1982-07-22 06:00:00,0.14828523,0.04079418,0.032049067,0.10234427647292613,0.15315621578995556,False
1982-07-22 07:00:00,0.25516397,0.041267708,0.032459516,0.16421020741015674,0.15255037908637772,False
1982-07-22 08:00:00,0.3596732,0.0386948,0.029608354,0.22340866950154303,0.15163950025646744,False
1982-07-22 09:00:00,0.45120743,0.03724878,0.027954219,0.2756010139361024,0.150052385300839,False
1982-07-22 10:00:00,0.52273256,0.03794936,0.02803271,0.31713376529142256,0.14817501930001378,False
1982-07-22 11:00:00,0.57914495,0.037737317,0.027551673,0.34957949932664634,0.14586187561349626,False
1982-07-22 12:00:00,0.579726,0.043567896,0.03176887,0.35229396343976255,0.14322586840626386,False
1982-07-22 13:00:00,0.5629903,0.052254386,0.038099844,0.34618466770648954,0.1407289530864167,False
1982-07-22 14:00:00,0.50118864,0.059132196,0.043133616,0.31333483848720783,0.13828773220606644,False
1982-07-22 15:00:00,0.41995502,0.062239796,0.045561682,0.2677408593073487,0.13605824757574467,False
1982-07-22 16:00:00,0.32748592,0.06376009,0.046997026,0.21502468670904634,0.13418373221001306,False
1982-07-22 17:00:00,0.22263949,0.058268506,0.042836163,0.15227721508964895,0.13244167133596754,False
1982-07-22 18:00:00,0.117411494,0.048885383,0.036003143,0.08772930810600518,0.13108865953773755,False
1982-07-22 19:00:00,0.039523687,0.04084465,0.029943949,0.03949381625652313,0.13015936159792155,False
1982-07-22 20:00:00,0.0023309635,0.03523471,0.025686098,0.01573362262267619,0.12946403869729908,False
1982-07-22 21:00:00,0.0,0.030724784,0.022398368,0.012546957274898888,0.12888772709894908,False
1982-07-22 22:00:00,0.0,0.028376346,0.020686358,0.011587935185059904,0.1283405711006511,False
1982-07-22 23:00:00,0.0,0.022082312,0.01609801,0.009017665648832917,0.1278067076116007,False
1982-07-23 00:00:00,0.0,0.016733747,0.012198902,0.006833493327721953,0.12729731187754292,False
1982-07-23 01:00:00,0.0,0.013611455,0.009922751,0.005558455626480282,0.12682566158489714,False
1982-07-23 02:00:00,0.0,0.011565615,0.008431334,0.004723004129715264,0.12635381630635165,False
1982-07-23 03:00:00,0.0,0.01193515,0.008700724,0.004873909525573253,0.1258440122494525,False
1982-07-23 04:00:00,0.0043649487,0.01390003,0.010133123,0.00819487527385354,0.12536637334661668,False
1982-07-23 05:00:00,0.04521912,0.014419452,0.010511781,0.03197984610404819,0.12497073861203073,False
1982-07-23 06:00:00,0.123016916,0.015009438,0.01094188,0.07711010467354208,0.12449119516048594,False
1982-07-23 07:00:00,0.21799943,0.013504441,0.009844737,0.13130042474623768,0.12374691426357481,False
1982-07-23 08:00:00,0.29912522,0.011573131,0.008436812,0.17732132771518078,0.12276594449964395,False
1982-07-23 09:00:00,0.4053859,0.010221382,0.0074513867,0.238081735631451,0.12177554909278139,False
1982-07-23 10:00:00,0.4678923,0.0077754674,0.0056683156,0.27314908734103666,0.12079501734220467,False
1982-07-23 11:00:00,0.4937193,0.0059564877,0.00434228,0.2873084687059745,0.11977431374226122,False
1982-07-23 12:00:00,0.51473796,0.0056140185,0.0040926198,0.29929637934686615,0.11850562438502216,False
1982-07-23 13:00:00,0.49874863,0.009035302,0.0065867356,0.29146766995545476,0.1172267506226347,False
1982-07-23 14:00:00,0.4299724,0.0150990635,0.011007217,0.2542600248288363,0.1153250033107036,False
1982-07-23 15:00:00,0.3573306,0.018913442,0.013787898,0.21390335741266608,0.11336101486828341,False
1982-07-23 16:00:00,0.2717435,0.016375257,0.011937563,0.16348310121521353,0.1116007134934337,False
1982-07-23 17:00:00,0.18312134,0.013904497,0.01013638,0.11133913622237741,0.11005379899697464,False
1982-07-23 18:00:00,0.09929513,0.013145325,0.009582941,0.06266139476280659,0.10881623380774329,False
1982-07-23 19:00:00,0.035299003,0.01383419,0.0100851245,0.026016937498003243,0.10808275387478378,False
1982-07-23 20:00:00,0.0019311219,0.012940115,0.009433344,0.00639856046938803,0.10765731948080091,False
1982-07-23 21:00:00,0.0,0.010183406,0.007423702,0.004158556753769517,0.1074222501685923,False
1982-07-23 22:00:00,0.0,0.007078657,0.00516034,0.0028906827718019486,0.10723296787038782,False
1982-07-23 23:00:00,0.0,0.0052153375,0.003801981,0.002129766510799527,0.10706474301872877,False
1982-07-24 00:00:00,0.0,0.0036048286,0.0026279204,0.001472089457558468,0.10697024589569411,False
1982-07-24 01:00:00,0.0,0.0038329852,0.0027942462,0.0015652608261443673,0.10693289291127223,False
1982-07-24 02:00:00,0.0,0.0051203724,0.0037327516,0.002090986001305282,0.10692653563952409,False
1982-07-24 03:00:00,0.0,0.0036665695,0.002672929,0.0014973023082129656,0.10693249297155637,False
1982-07-24 04:00:00,0.004136719,0.0026098287,0.001902565,0.003452652061358094,0.10692898889685386,False
1982-07-24 05:00:00,0.04318401,0.0022005648,0.0016042116,0.025815808727638796,0.10690618177732324,False
1982-07-24 06:00:00,0.114477396,0.0013843854,0.0010092169,0.06661879342119209,0.1067618960840242,False
1982-07-24 07:00:00,0.20205718,0.0013141747,0.00095803326,0.11712365874147508,0.10633966882738388,False
1982-07-24 08:00:00,0.3035001,0.0018369313,0.0013391231,0.1758696899721399,0.10564319301986473,False
1982-07-24 09:00:00,0.39450192,0.0022232004,0.0016207133,0.22853548990841954,0.10491846258975203,False
1982-07-24 10:00:00,0.4608512,0.0054579824,0.003978869,0.2681399924941361,0.10419945703270328,False
1982-07-24 11:00:00,0.4969155,0.0048049367,0.0035027987,0.2886824101791717,0.10335753160694756,False
1982-07-24 12:00:00,0.5001501,0.0056846654,0.0041441214,0.2909080228451639,0.10295890008108134,False
1982-07-24 13:00:00,0.4366251,0.007268279,0.005298575,0.2549007967337966,0.10268864029176404,False
1982-07-24 14:00:00,0.37343714,0.008791539,0.0064090313,0.21906339325103907,0.10244003551777399,False
1982-07-24 15:00:00,0.30994442,0.010795371,0.007869826,0.18324639331456274,0.10216904578771234,False
1982-07-24 16:00:00,0.23562048,0.011802578,0.00860408,0.14077279087901115,0.10202626967338947,False
1982-07-24 17:00:00,0.15312666,0.011068515,0.008068945,0.09287408600654451,0.10214979958062782,False
1982-07-24 18:00:00,0.084099405,0.00978758,0.0071351463,0.05252227132394909,0.10235459571042665,False
1982-07-24 19:00:00,0.026493728,0.009271301,0.006758778,0.019072965345345437,0.10263015225001947,False
1982-07-24 20:00:00,0.0014961569,0.008783819,0.0064034043,0.004450295636663213,0.1029315655206643,False
1982-07-24 21:00:00,0.0,0.008476237,0.006179177,0.003461406961083412,0.10331934322576151,False
1982-07-24 22:00:00,0.0,0.008602926,0.0062715327,0.0035131423054262996,0.10374204186963497,False
1982-07-24 23:00:00,0.0,0.010974968,0.008000752,0.004481803743168712,0.10426753363114429,False
1982-07-25 00:00:00,0.0,0.012343217,0.008998206,0.005040550075471401,0.1048154785579175,False
1982-07-25 01:00:00,0.0,0.012864212,0.0093780095,0.005253306582570076,0.10538521560465623,False
1982-07-25 02:00:00,0.0,0.01226585,0.008941805,0.00500895606726408,0.1059842180241906,False
1982-07-25 03:00:00,0.0,0.011523276,0.008400467,0.0047057139398530125,0.10662539930357186,False
1982-07-25 04:00:00,0.0035480931,0.0123734195,0.009020222,0.0071001335363835094,0.10733769007473191,False
1982-07-25 05:00:00,0.03346351,0.014069944,0.010256989,0.025054132825694974,0.10807425165260091,False
1982-07-25 06:00:00,0.087065324,0.0161779,0.011793688,0.05684319635480642,0.10866236039549672,False
1982-07-25 07:00:00,0.1574613,0.017176786,0.012521878,0.09786958598531781,0.10905881119444072,False
1982-07-25 08:00:00,0.23367646,0.018862853,0.013751019,0.14253426706977185,0.10911780715094481,False
1982-07-25 09:00:00,0.33890536,0.019641874,0.014318927,0.20356946889311076,0.10876791180991402,False
1982-07-25 10:00:00,0.38942263,0.01968776,0.014352378,0.23273666690476236,0.10806622102031087,False
1982-07-25 11:00:00,0.44932956,0.021821117,0.015907593,0.2681741554643958,0.1071786494143795,False
1982-07-25 12:00:00,0.47726104,0.026800202,0.019537346,0.28632390945963565,0.10626664676214596,False
1982-07-25 13:00:00,0.45899782,0.035979737,0.026229227,0.27953464080393314,0.10556189102171172,False
1982-07-25 14:00:00,0.38633364,0.044905808,0.03273633,0.241252517785877,0.10533773612762674,False
1982-07-25 15:00:00,0.32115865,0.05324039,0.03881224,0.20705010392516848,0.10573164873479039,False
1982-07-25 16:00:00,0.25023463,0.061286084,0.044677556,0.16941253676265475,0.10639190876425736,False
1982-07-25 17:00:00,0.16256061,0.06702178,0.048904456,0.12116935045272112,0.10720714622677796,False
1982-07-25 18:00:00,0.083248526,0.068182476,0.049895845,0.07588810866326093,0.10804994486045351,False
1982-07-25 19:00:00,0.02509084,0.063641585,0.04673361,0.04048477448895574,0.10885904015055496,False
1982-07-25 20:00:00,0.001077875,0.059673786,0.043894988,0.025011890314053743,0.10958332267434673,False
1982-07-25 21:00:00,0.0,0.05979706,0.044129197,0.024448091659694908,0.11027808157506203,False
1982-07-25 22:00:00,0.0,0.06860243,0.051851694,0.028114287324249743,0.11096620584337775,False
1982-07-25 23:00:00,0.0,0.06927764,0.053105094,0.02843112299591303,0.1117126288083991,False
1982-07-26 00:00:00,0.0,0.07014647,0.054359626,0.028819467701017856,0.11241821492970028,False
1982-07-26 01:00:00,0.0,0.073765256,0.057370327,0.030317376963794232,0.11302379358973391,False
1982-07-26 02:00:00,0.0,0.07983103,0.06314886,0.03286768741160631,0.11353524577099867,False
1982-07-26 03:00:00,0.0,0.08643874,0.070210464,0.03568725932389498,0.11395734388538674,False
1982-07-26 04:00:00,0.0025492527,0.09038862,0.07376461,0.03880760779906996,0.11430093192216279,False
1982-07-26 05:00:00,0.027468568,0.09250703,0.075195774,0.05404502838663757,0.11456867557523247,False
1982-07-26 06:00:00,0.07482545,0.10290929,0.083344795,0.08564843177050352,0.11482616303195418,False
1982-07-26 07:00:00,0.1317032,0.106868245,0.083858095,0.11995546465367078,0.1152424434566422,False
1982-07-26 08:00:00,0.19666006,0.11112432,0.08512937,0.15907471360266207,0.11566893482757129,False
1982-07-26 09:00:00,0.2581748,0.111770354,0.08600385,0.1948543320074677,0.11627128930942639,False
1982-07-26 10:00:00,0.3005052,0.12673227,0.09964538,0.2255365554094314,0.11656491543385374,False
1982-07-26 11:00:00,0.33581972,0.124341786,0.097336754,0.24490628287196156,0.11708977365025959,False
1982-07-26 12:00:00,0.35638595,0.12511115,0.09776005,0.2570797473043203,0.11723802995326482,False
1982-07-26 13:00:00,0.3367317,0.121350095,0.09387009,0.24414136181771753,0.11721665985235963,False
1982-07-26 14:00:00,0.3250999,0.12255642,0.09565271,0.23797119839489456,0.11725295271993945,False
1982-07-26 15:00:00,0.2866788,0.12029087,0.09514596,0.21493887472897769,0.11761603380504704,False
1982-07-26 16:00:00,0.22765101,0.11771086,0.09470827,0.1799041890799999,0.11828052941133287,False
1982-07-26 17:00:00,0.14886364,0.11480702,0.09389461,0.13332842042297124,0.11866440582568155,False
1982-07-26 18:00:00,0.08147083,0.10724692,0.08844558,0.09135884524881838,0.11898106951978386,False
1982-07-26 19:00:00,0.023866996,0.096915856,0.07972813,0.05383852648735046,0.11924918130224278,False
1982-07-26 20:00:00,0.00114622,0.090040736,0.072450414,0.037798722870997156,0.11938466626558782,False
1982-07-26 21:00:00,0.0,0.088728964,0.069451556,0.03649137184023857,0.11944247086093703,False
1982-07-26 22:00:00,0.0,0.09529893,0.07733591,0.03934144462645054,0.11944800742858963,False
1982-07-26 23:00:00,0.0,0.093021296,0.07453851,0.038349937565624714,0.11935878226071539,False
1982-07-27 00:00:00,0.0,0.083120875,0.063643016,0.03410832575708628,0.11919034653556476,False
1982-07-27 01:00:00,0.0,0.07272661,0.054942466,0.029803011283278464,0.11894077458213026,False
1982-07-27 02:00:00,0.0,0.061712693,0.046253365,0.02526966555789113,0.11860055740158015,False
1982-07-27 03:00:00,0.0,0.05184071,0.038309578,0.021197939705103634,0.11816961864280923,False
1982-07-27 04:00:00,0.0025774033,0.045110233,0.03368502,0.019951828883728012,0.11765614352972655,False
1982-07-27 05:00:00,0.03303941,0.04465604,0.034661356,0.03741353074833751,0.11710510203691259,False
1982-07-27 06:00:00,0.09783587,0.04944577,0.03940502,0.07682465673983097,0.11667246465686458,False
1982-07-27 07:00:00,0.16546191,0.055472184,0.04445208,0.11834117178991437,0.11653566228247929,False
1982-07-27 08:00:00,0.25443938,0.05980358,0.047559947,0.17144728219881653,0.11679778991836338,False
1982-07-27 09:00:00,0.3343714,0.060118046,0.047179133,0.2176635228656232,0.11745841171769796,False
1982-07-27 10:00:00,0.39951605,0.06660623,0.052433398,0.257929861292243,0.11850159606239352,False
1982-07-27 11:00:00,0.4279584,0.068967015,0.0538821,0.27529045800864693,0.1198572667450914,False
1982-07-27 12:00:00,0.44484028,0.06965661,0.054111343,0.2852981446161866,0.12125651422560896,False
1982-07-27 13:00:00,0.43391564,0.07516235,0.05874933,0.2812766984477639,0.12233093165213148,False
1982-07-27 14:00:00,0.3931425,0.07732509,0.061189514,0.25868040987104174,0.12332728879439704,False
1982-07-27 15:00:00,0.35738033,0.07929548,0.06439649,0.23894589302688835,0.12382190428688561,False
1982-07-27 16:00:00,0.26966515,0.07779267,0.06548737,0.1878386046513915,0.12432153592226465,False
1982-07-27 17:00:00,0.18249108,0.07462697,0.06545378,0.13636920776963232,0.12433614286111727,False
1982-07-27 18:00:00,0.10335816,0.069789946,0.062357917,0.08875747422128914,0.12426352078155985,False
1982-07-27 19:00:00,0.03198502,0.06844663,0.06066465,0.04698805272951723,0.1239430300996443,False
1982-07-27 20:00:00,0.0011903332,0.065435864,0.054701015,0.027786510890815404,0.12343220648738772,False
1982-07-27 21:00:00,0.0,0.060152106,0.04662444,0.024713846907019617,0.12286496717858032,False
1982-07-27 22:00:00,0.0,0.058016203,0.044879634,0.023831479266285895,0.1222756942399116,False
1982-07-27 23:00:00,0.0,0.049546715,0.038212415,0.020346208188682793,0.121639049755902,False
1982-07-28 00:00:00,0.0,0.041118424,0.03087621,0.016840013936161996,0.12099927861595432,False
1982-07-28 01:00:00,0.0,0.034229066,0.025119016,0.013986952297389508,0.12042054843352314,False
1982-07-28 02:00:00,0.0,0.029832618,0.021747978,0.01218262699060142,0.11990686461890952,False
1982-07-28 03:00:00,0.0,0.027035683,0.019709013,0.011040453895926476,0.11947221243413303,False
1982-07-28 04:00:00,0.0028023485,0.026301555,0.019173836,0.012357616143999621,0.11912693320904298,False
1982-07-28 05:00:00,0.040408283,0.024396876,0.017785322,0.033278434144333,0.11885086249600652,False
1982-07-28 06:00:00,0.12133958,0.022207968,0.016189609,0.07908191780000924,0.11876241585276422,False
1982-07-28 07:00:00,0.21529326,0.020357672,0.014840742,0.13253759117610753,0.11906764330365484,False
1982-07-28 08:00:00,0.31719887,0.019004546,0.013854315,0.19078455997072158,0.11965441960068984,False
1982-07-28 09:00:00,0.40951794,0.021146048,0.015415468,0.24492718055285512,0.12078415338200073,False
1982-07-28 10:00:00,0.49119663,0.01760257,0.012832275,0.29060874817892907,0.12258674228901299,False
1982-07-28 11:00:00,0.52811235,0.017996931,0.013119763,0.31207016193680465,0.12467823361733253,False
1982-07-28 12:00:00,0.5204729,0.020420235,0.014886352,0.3086517837774008,0.12724531812550446,False
1982-07-28 13:00:00,0.48684835,0.027071314,0.019734988,0.2919665046464652,0.12973955060665596,False
1982-07-28 14:00:00,0.4298808,0.0334786,0.0244059,0.2617127420343458,0.1321712430168388,False
1982-07-28 15:00:00,0.38578284,0.03997516,0.029141892,0.2389211932271719,0.1344257508700615,False
1982-07-28 16:00:00,0.2852483,0.039222285,0.028593045,0.18060532214492558,0.13580653048884692,False
1982-07-28 17:00:00,0.20133312,0.033483077,0.024409162,0.12984256060421465,0.13689678703981709,False
1982-07-28 18:00:00,0.111137874,0.029014999,0.021151932,0.07597529251687227,0.1374937984366725,False
1982-07-28 19:00:00,0.03143379,0.027381554,0.019961152,0.02931899309903383,0.1375206067712258,False
1982-07-28 20:00:00,0.0010583684,0.02439125,0.017781222,0.010571236048243008,0.1372285621887207,False
1982-07-28 21:00:00,0.0,0.020095382,0.014649535,0.008206270784139633,0.1369034291241287,False
1982-07-28 22:00:00,0.0,0.021506466,0.015678212,0.00878250939399004,0.1365906579193861,False
1982-07-28 23:00:00,0.0,0.018710967,0.013640296,0.007640922848135233,0.13626101794521947,False
1982-07-29 00:00:00,0.0,0.01549903,0.011298793,0.006329277000389993,0.13598706016256165,False
1982-07-29 01:00:00,0.0,0.012601902,0.009186786,0.0051461881818249825,0.13576604074178886,False
1982-07-29 02:00:00,0.0,0.010790224,0.007866073,0.004406360688619315,0.13559042766437324,False
1982-07-29 03:00:00,0.0,0.01132449,0.008255554,0.004624536900781095,0.1354429014156658,False
1982-07-29 04:00:00,0.0028341005,0.012403478,0.009042135,0.006700434657977893,0.13531954490355838,False
1982-07-29 05:00:00,0.048384454,0.012856755,0.009372576,0.03316809187270701,0.13521045060325107,False
1982-07-29 06:00:00,0.15049338,0.011364541,0.00828475,0.09147557438258082,0.1352799088417017,False
1982-07-29 07:00:00,0.24647653,0.010503998,0.0076574143,0.14650643404759464,0.13575501716792043,False
1982-07-29 08:00:00,0.38334352,0.010983515,0.0080069825,0.225674503701739,0.13679809588674383,False
1982-07-29 09:00:00,0.518188,0.012717304,0.009270916,0.30418779040221117,0.13842866391443417,False
1982-07-29 10:00:00,0.6092285,0.016643416,0.012133051,0.3583214450515806,0.14049762160493298,False
1982-07-29 11:00:00,0.67715675,0.01907865,0.013908334,0.39851051440089935,0.14300807050319936,False
1982-07-29 12:00:00,0.68827564,0.01931175,0.014078265,0.405021303711459,0.14590385287048688,False
1982-07-29 13:00:00,0.6745284,0.02153714,0.015700577,0.39799793413653967,0.1492529037642068,False
1982-07-29 14:00:00,0.618538,0.02448869,0.017852254,0.3668967868257314,0.15258609225146244,False
1982-07-29 15:00:00,0.50840884,0.029070519,0.021192407,0.3052233147285878,0.1555664133651811,False
1982-07-29 16:00:00,0.39371896,0.03182214,0.023198338,0.24017091909796,0.1576197862110109,False
1982-07-29 17:00:00,0.2643952,0.030535648,0.022260487,0.16502575481869278,0.15933076558963788,False
1982-07-29 18:00:00,0.13492803,0.02985263,0.021762569,0.09004427427984774,0.16031296357484617,False
1982-07-29 19:00:00,0.03611479,0.029707858,0.021657027,0.03296991276927292,0.1607895131782404,False
1982-07-29 20:00:00,0.0010236197,0.028380167,0.020689143,0.012180123790400102,0.1610236876533142,False
1982-07-29 21:00:00,0.0,0.023755232,0.017317565,0.009700829079374671,0.16122698208315375,False
1982-07-29 22:00:00,0.0,0.019611722,0.014296947,0.008008760506287217,0.16148701243263744,False
1982-07-29 23:00:00,0.0,0.017622022,0.012846454,0.007196234621107578,0.16175707285733038,False
1982-07-30 00:00:00,0.0,0.015258571,0.0111235,0.006231081739068031,0.16203563736959437,False
1982-07-30 01:00:00,0.0,0.013609176,0.009921089,0.0055575245814397925,0.1623299888627774,False
1982-07-30 02:00:00,0.0,0.0124921445,0.009106773,0.005101367052644491,0.1626411570545573,False
1982-07-30 03:00:00,0.0,0.01253616,0.009138859,0.0051193413147702805,0.1629748296857982,False
1982-07-30 04:00:00,0.0026800649,0.0136512155,0.009951737,0.007121089729247614,0.16332529494385778,False
1982-07-30 05:00:00,0.05307159,0.014668516,0.010693348,0.03661242958996445,0.16365231290696983,False
1982-07-30 06:00:00,0.16521485,0.016059486,0.0117073655,0.1018871174585074,0.16397072590810577,False
1982-07-30 07:00:00,0.3042361,0.017291185,0.012605274,0.1826053696796298,0.16423514920533885,False
1982-07-30 08:00:00,0.45020288,0.022736374,0.016574817,0.269051825299859,0.16476875121622445,False
1982-07-30 09:00:00,0.5758076,0.029376052,0.021415142,0.3442371496967971,0.16522168991750283,False
1982-07-30 10:00:00,0.6793542,0.046827912,0.034137547,0.41111029529571536,0.16546225393053862,False
1982-07-30 11:00:00,0.7427653,0.05507837,0.040152133,0.4510677155666053,0.1658364949519228,False
1982-07-30 12:00:00,0.7708236,0.060340505,0.043988228,0.4694062266759574,0.16595235479990428,False
1982-07-30 13:00:00,0.7394507,0.061945662,0.045158386,0.4519595520347356,0.16626531841946088,False
1982-07-30 14:00:00,0.6531822,0.06827704,0.04977396,0.4047681554928422,0.1662635151729013,False
1982-07-30 15:00:00,0.5328513,0.07333713,0.054935202,0.3374830898270011,0.1658689480719104,False
1982-07-30 16:00:00,0.4006158,0.07705081,0.058245543,0.2627323323190212,0.1656912178489793,False
1982-07-30 17:00:00,0.2601586,0.065472886,0.050315883,0.17698806389421223,0.16549595040031187,False
1982-07-30 18:00:00,0.13223924,0.05486709,0.04262366,0.09884967347979545,0.165475659811313,False
1982-07-30 19:00:00,0.035675246,0.048533056,0.038260244,0.04055936790257692,0.16568757690274563,False
1982-07-30 20:00:00,0.0008792652,0.048091587,0.038448837,0.020329368680540937,0.1661002981122065,False
1982-07-30 21:00:00,0.0,0.05013917,0.040488403,0.02068772755935788,0.16656648402416405,False
1982-07-30 22:00:00,0.0,0.05254145,0.043659534,0.02174540977925062,0.16703752865013458,False
1982-07-30 23:00:00,0.0,0.050871152,0.04149193,0.02101201943680644,0.16749749622435564,False
1982-07-31 00:00:00,0.0,0.049625076,0.039749917,0.020458148673176763,0.1678973870751194,False
1982-07-31 01:00:00,0.0,0.048724454,0.038943294,0.02008226138725877,0.16823717545426706,False
1982-07-31 02:00:00,0.0,0.049536984,0.03969444,0.02042264698818326,0.16849414322309683,False
1982-07-31 03:00:00,0.0,0.052028026,0.0416394,0.021446869287639857,0.16870298443495782,False
1982-07-31 04:00:00,0.0023998846,0.051051434,0.04027008,0.02239729688735679,0.16889980529760729,False
1982-07-31 05:00:00,0.047224343,0.051615566,0.039950486,0.048451915927231304,0.16908191411340068,False
1982-07-31 06:00:00,0.14344367,0.052095287,0.040328372,0.10416789264976979,0.16913540169520305,False
1982-07-31 07:00:00,0.25649196,0.05874186,0.04532822,0.17211933057010176,0.16890704588791203,False
1982-07-31 08:00:00,0.38402566,0.06297857,0.048030745,0.24741556136310097,0.16820878474741555,False
1982-07-31 09:00:00,0.49783474,0.06945842,0.052852977,0.31573486302793025,0.16707703823523753,False
1982-07-31 10:00:00,0.5958322,0.07912579,0.06097039,0.376285014078021,0.16581918005984123,False
1982-07-31 11:00:00,0.6341091,0.09307584,0.071219675,0.40407178710401054,0.16420608137774284,False
1982-07-31 12:00:00,0.65173006,0.10728003,0.0816478,0.42004355745017524,0.16229239747402882,False
1982-07-31 13:00:00,0.6028961,0.12207004,0.09252756,0.3979113783016801,0.16030659433211047,False
1982-07-31 14:00:00,0.5141219,0.12517582,0.09480293,0.3479575659781694,0.1583430966897604,False
1982-07-31 15:00:00,0.42862502,0.120553695,0.09057992,0.2966922640278935,0.15690692729391625,False
1982-07-31 16:00:00,0.32129467,0.11097622,0.08260805,0.23079808156192302,0.15559180158987176,False
1982-07-31 17:00:00,0.21507253,0.09762216,0.07282185,0.16405180654674767,0.15464186020868056,False
1982-07-31 18:00:00,0.109385364,0.09048262,0.06875652,0.10021629466861486,0.15397999665592488,False
1982-07-31 19:00:00,0.03002589,0.08627202,0.06705955,0.05278053082339466,0.15353562381616484,False
1982-07-31 20:00:00,0.0007138772,0.08307057,0.06466853,0.03455704756436171,0.15325384337658063,False
1982-07-31 21:00:00,0.0,0.07868469,0.06067262,0.03231097112596035,0.15309304986786476,False
1982-07-31 22:00:00,0.0,0.07321685,0.056855317,0.030087204068899157,0.15296324273440434,False
1982-07-31 23:00:00,0.0,0.06435098,0.04899046,0.02639099545776844,0.152820235813357,False
1982-08-01 00:00:00,0.0,0.055119425,0.040775113,0.022540923938155173,0.1526927357351818,False
1982-08-01 01:00:00,0.0,0.043813583,0.031940103,0.01789197748526931,0.15255535165601788,False
1982-08-01 02:00:00,0.0,0.03703968,0.027001923,0.015125745221972464,0.15237473904769316,False
1982-08-01 03:00:00,0.0,0.035670802,0.026004015,0.014566742721945046,0.15216473272824108,False
1982-08-01 04:00:00,0.0020462018,0.035952196,0.026209153,0.01586231288732961,0.15192927410602017,False
1982-08-01 05:00:00,0.042214613,0.036295876,0.026459692,0.03917983351647854,0.15170097809451574,False
1982-08-01 06:00:00,0.13369797,0.033749893,0.024603674,0.09092603870853781,0.15148397726441212,False
1982-08-01 07:00:00,0.23844542,0.028175289,0.020539783,0.14908883493579922,0.1514250103556918,False
1982-08-01 08:00:00,0.35742998,0.020792361,0.015157633,0.214727992715314,0.1516189486486428,False
1982-08-01 09:00:00,0.47925013,0.017956026,0.013089944,0.2838599572777748,0.1519948512201642,False
1982-08-01 10:00:00,0.565217,0.018491596,0.013480374,0.3336815585549921,0.1526244532444959,False
1982-08-01 11:00:00,0.6105479,0.016957214,0.012361811,0.3592108881883323,0.15326721505975763,False
1982-08-01 12:00:00,0.63618433,0.017164296,0.012512771,0.3740876758638769,0.15394868623084798,False
1982-08-01 13:00:00,0.60703725,0.018246314,0.013301563,0.3577116652019321,0.1542443640603818,False
1982-08-01 14:00:00,0.56919837,0.018132178,0.013218357,0.33583202449232336,0.1545936525874595,False
1982-08-01 15:00:00,0.46315846,0.017422179,0.012700769,0.2743570560328662,0.15523047781650076,False
1982-08-01 16:00:00,0.36450097,0.01669602,0.012171398,0.21713514602184295,0.15563072112737944,False
1982-08-01 17:00:00,0.24068232,0.015537325,0.011326711,0.14521861336193978,0.1559492866023578,False
1982-08-01 18:00:00,0.123606615,0.015179424,0.011065799,0.07751977717131375,0.15605118882834393,False
1982-08-01 19:00:00,0.031823665,0.021235,0.015480315,0.027033906802535056,0.15608666004325675,False
1982-08-01 20:00:00,0.00057963625,0.030063301,0.021916147,0.012611280262179206,0.156118878342442,False
1982-08-01 21:00:00,0.0,0.03540203,0.025808077,0.014456985153257848,0.1562219921896719,False
1982-08-01 22:00:00,0.0,0.03644054,0.026565153,0.01488107756897807,0.15638047744115074,False
1982-08-01 23:00:00,0.0,0.036467325,0.026584681,0.01489201568439603,0.15656863263775786,False
1982-08-02 00:00:00,0.0,0.033949234,0.024748994,0.01386371287330985,0.156794463799011,False
1982-08-02 01:00:00,0.0,0.027947616,0.020373814,0.011412856187671423,0.15706192194172372,False
1982-08-02 02:00:00,0.0,0.025326163,0.018462772,0.010342343654483556,0.15739059811821396,False
1982-08-02 03:00:00,0.0,0.024842557,0.018110223,0.010144855421036483,0.15771350616719762,False
1982-08-02 04:00:00,0.0018380265,0.025414817,0.0185274,0.011439088335144334,0.15796901268759,False
1982-08-02 05:00:00,0.04774999,0.025673373,0.01871589,0.038035876082256434,0.15816466838813206,False
1982-08-02 06:00:00,0.15875126,0.02384626,0.017383924,0.10133748103119432,0.1583446632047911,False
1982-08-02 07:00:00,0.2966164,0.025175218,0.018352732,0.18142836863175033,0.15860869380421447,False
1982-08-02 08:00:00,0.44294757,0.024189426,0.01763409,0.2654588847961276,0.15918083512881123,False
1982-08-02 09:00:00,0.57861537,0.029617287,0.021591004,0.3459557601958513,0.16009621799986629,False
1982-08-02 10:00:00,0.67572784,0.042223435,0.030780882,0.4071375812105834,0.16111078457100755,False
1982-08-02 11:00:00,0.71972626,0.052649703,0.038381636,0.43678240331634877,0.1623689456441313,False
1982-08-02 12:00:00,0.7086145,0.06211465,0.045281578,0.43423609326779844,0.16380559568337139,False
1982-08-02 13:00:00,0.6648295,0.07601132,0.05597097,0.4146772276014089,0.1650701698748656,False
1982-08-02 14:00:00,0.59503967,0.086024955,0.06377929,0.37852517697215077,0.16620540043216017,False
1982-08-02 15:00:00,0.48041296,0.09458662,0.07042968,0.3159039429500699,0.16668054436536325,False
1982-08-02 16:00:00,0.35976428,0.09411558,0.06993681,0.2460892243608832,0.16708985128635048,False
1982-08-02 17:00:00,0.23080628,0.08739152,0.065193,0.1689431133940816,0.16717454679427798,False
1982-08-02 18:00:00,0.11561953,0.08583674,0.06542011,0.10191891298443077,0.1674308730774898,False
1982-08-02 19:00:00,0.029250523,0.09104364,0.071376905,0.054327009184286006,0.16788524105024497,False
1982-08-02 20:00:00,0.00048224741,0.09518052,0.07604896,0.03950651223139721,0.16855602298511166,False
1982-08-02 21:00:00,0.0,0.09688026,0.077212006,0.03991826319694519,0.16925549107703378,False
1982-08-02 22:00:00,0.0,0.094813734,0.07652566,0.039118653506040574,0.16990060256008988,False
1982-08-02 23:00:00,0.0,0.09059107,0.07042195,0.03723089119791985,0.17048174335185437,False
1982-08-03 00:00:00,0.0,0.08633469,0.06521137,0.03537891478836536,0.17102835988213305,False
1982-08-03 01:00:00,0.0,0.08235437,0.060734678,0.03366843395680189,0.1715403455149568,False
1982-08-03 02:00:00,0.0,0.07498618,0.05473019,0.030625331573188305,0.17205200666195708,False
1982-08-03 03:00:00,0.0,0.06570345,0.047897816,0.026831055700778962,0.17249900127790863,False
1982-08-03 04:00:00,0.0015675852,0.059626143,0.043467462,0.02525378651334904,0.17282844504394565,False
1982-08-03 05:00:00,0.041789852,0.058052924,0.04232058,0.04781958471611142,0.17304911029122463,False
1982-08-03 06:00:00,0.13933896,0.05681406,0.04141745,0.10359950748085975,0.17304681184132123,False
1982-08-03 07:00:00,0.25981137,0.06523672,0.047557563,0.17655161851644513,0.17262216807258632,False
1982-08-03 08:00:00,0.40046433,0.067582645,0.04926775,0.25866637052595615,0.1717716779372904,False
1982-08-03 09:00:00,0.52080053,0.07850126,0.05722742,0.33255915269255637,0.17049200856682697,False
1982-08-03 10:00:00,0.61623275,0.09429529,0.06874127,0.3940732900649309,0.16881969308229328,False
1982-08-03 11:00:00,0.6688225,0.103484355,0.075440094,0.42817009007185697,0.16693138074336425,False
1982-08-03 12:00:00,0.67889357,0.10545846,0.07687921,0.4347872370555997,0.1647472626144393,False
1982-08-03 13:00:00,0.6387433,0.10685912,0.07808971,0.41220273195207113,0.16311656681647066,False
1982-08-03 14:00:00,0.5415766,0.112886325,0.083225325,0.3586389332860708,0.16134090974365214,False
1982-08-03 15:00:00,0.42830122,0.11449837,0.08563127,0.29400378824025386,0.15979151244241288,False
1982-08-03 16:00:00,0.3021468,0.11444453,0.08577406,0.22120053040236234,0.15834777417589765,False
1982-08-03 17:00:00,0.19592693,0.10848549,0.08224607,0.15752227495610716,0.15729853637482513,False
1982-08-03 18:00:00,0.096766144,0.10563579,0.083625324,0.09932943986356257,0.1566502051964729,False
1982-08-03 19:00:00,0.025428418,0.10784314,0.088243045,0.059231439676135776,0.1561942031661065,False
1982-08-03 20:00:00,0.00034921663,0.1111743,0.091869146,0.04618574867444113,0.15606567771070182,False
1982-08-03 21:00:00,0.0,0.10965781,0.091826014,0.04542233633995056,0.15602215475573697,False
1982-08-03 22:00:00,0.0,0.1035085,0.084837005,0.042775835573673246,0.1559459430066266,False
1982-08-03 23:00:00,0.0,0.09968403,0.080485225,0.04112960913777351,0.15581381977241046,False
1982-08-04 00:00:00,0.0,0.09319427,0.07500626,0.038439023248851296,0.155662296519927,False
1982-08-04 01:00:00,0.0,0.08746726,0.06846615,0.03597259124368429,0.15550713592379845,False
1982-08-04 02:00:00,0.0,0.077815376,0.057115026,0.031798085220158104,0.15531300414035587,False
1982-08-04 03:00:00,0.0,0.06356591,0.046339545,0.025958156190812588,0.15512484769973464,False
1982-08-04 04:00:00,0.0012100702,0.052239437,0.038082547,0.022031020204536615,0.15500341002022408,False
1982-08-04 05:00:00,0.03352722,0.045499243,0.033168945,0.03792555048689246,0.15490628840525641,False
1982-08-04 06:00:00,0.11134482,0.04091579,0.029827613,0.08095458013191818,0.1546645760617654,False
1982-08-04 07:00:00,0.21526234,0.040156312,0.029273955,0.14060484213754534,0.1540993714308491,False
1982-08-04 08:00:00,0.3262099,0.03871929,0.02822636,0.2040347550138831,0.1531491790924501,False
1982-08-04 09:00:00,0.42893896,0.044535637,0.03246648,0.26568461693823336,0.1517081850478395,False
1982-08-04 10:00:00,0.5105466,0.053660654,0.039118618,0.3164985889419913,0.14971064721594726,False
1982-08-04 11:00:00,0.53028303,0.063598394,0.046363242,0.3319447331279516,0.1473294182218348,False
1982-08-04 12:00:00,0.56548774,0.072656944,0.05307139,0.35596269496530286,0.14529894188298384,False
1982-08-04 13:00:00,0.5150822,0.07893255,0.057725143,0.3294456881061196,0.14298678627862135,False
1982-08-04 14:00:00,0.47038242,0.08012017,0.058872346,0.3041541065126658,0.14115655361748153,False
1982-08-04 15:00:00,0.3720836,0.077951744,0.058297645,0.24660450615733862,0.13961687422306748,False
1982-08-04 16:00:00,0.28490707,0.076341994,0.05859691,0.1957258099094033,0.1386779376143016,False
1982-08-04 17:00:00,0.1867362,0.07300503,0.058103263,0.13782321683317422,0.1379436018496023,False
1982-08-04 18:00:00,0.08428477,0.076042384,0.061830834,0.08003081552684306,0.13729468659951513,False
1982-08-04 19:00:00,0.022409106,0.08533528,0.06924104,0.04815778732486069,0.13668499575566664,False
1982-08-04 20:00:00,0.00023289754,0.09040958,0.07262768,0.037417410393085444,0.13607570048937426,False
1982-08-04 21:00:00,0.0,0.08823035,0.06857593,0.03626009923964739,0.13544684953685404,False
1982-08-04 22:00:00,0.0,0.08011104,0.059551183,0.03277673826366663,0.13479313438782023,False
1982-08-04 23:00:00,0.0,0.07325134,0.05422281,0.029957775078713892,0.13422923102044054,False
1982-08-05 00:00:00,0.0,0.06827554,0.05069503,0.02793120617419481,0.1337189383336857,False
1982-08-05 01:00:00,0.0,0.05961008,0.043592386,0.024350108351558448,0.13322822668985948,False
1982-08-05 02:00:00,0.0,0.0528786,0.038548503,0.02159382242336869,0.13274555255636125,False
1982-08-05 03:00:00,0.0,0.0514248,0.03752399,0.021002047084271905,0.13228359182458857,False
1982-08-05 04:00:00,0.0010616533,0.04890715,0.03578957,0.02059194899490103,0.1318898949117914,False
1982-08-05 05:00:00,0.03157261,0.044078097,0.032132935,0.036217392228543754,0.13154907951990996,False
1982-08-05 06:00:00,0.101896375,0.043283418,0.03155362,0.07646968519687652,0.13121117901988327,False
1982-08-05 07:00:00,0.19757646,0.041484274,0.030242035,0.1309423862732947,0.13080435723541692,False
1982-08-05 08:00:00,0.30360702,0.035060234,0.025558911,0.18949865638464686,0.13037518066777073,False
1982-08-05 09:00:00,0.38893884,0.030021166,0.02188543,0.23667733676172792,0.12984468926709572,False
1982-08-05 10:00:00,0.46083656,0.033968557,0.024763076,0.27977429834753276,0.12919643810731943,False
1982-08-05 11:00:00,0.5468182,0.03720468,0.027122216,0.3307072258070111,0.1284196332960176,False
1982-08-05 12:00:00,0.53312016,0.039628822,0.029081536,0.3238037680462002,0.1278651118563042,False
1982-08-05 13:00:00,0.53368497,0.04017987,0.029425273,0.32435156421735883,0.1266605332531132,False
1982-08-05 14:00:00,0.46386868,0.04182157,0.030554377,0.2847343223541975,0.12582719511094426,False
1982-08-05 15:00:00,0.39854163,0.046463322,0.0339138,0.24893483101949096,0.12480054493390101,False
1982-08-05 16:00:00,0.28736627,0.04925366,0.03643471,0.1859524136967957,0.12384350889500152,False
1982-08-05 17:00:00,0.1831906,0.05041348,0.038348034,0.1263743429519236,0.12286723861544548,False
1982-08-05 18:00:00,0.08775806,0.04736613,0.036107004,0.07006427935883403,0.12196654867656374,False
1982-08-05 19:00:00,0.020133376,0.044866234,0.033567935,0.029985266894102094,0.12125038691303537,False
1982-08-05 20:00:00,0.00016873042,0.038887728,0.028777294,0.01600090295347036,0.12056383419727595,False
1982-08-05 21:00:00,0.0,0.034338403,0.025428487,0.014044009186327457,0.11988744643049025,False
1982-08-05 22:00:00,0.0,0.038466655,0.028042192,0.015708473939448596,0.11922656607212441,False
1982-08-05 23:00:00,0.0,0.040723518,0.02978856,0.016635560173541307,0.11859685609612673,False
1982-08-06 00:00:00,0.0,0.036444537,0.026607964,0.01488486434519291,0.118015376220232,False
1982-08-06 01:00:00,0.0,0.031354796,0.02285765,0.012804232835769654,0.11747134379298253,False
1982-08-06 02:00:00,0.0,0.02356702,0.017180359,0.009623970095068216,0.11699763093482064,False
1982-08-06 03:00:00,0.0,0.017290138,0.01260451,0.007060704376548529,0.11657609389795866,False
1982-08-06 04:00:00,0.00085745356,0.012677673,0.009242023,0.005671881394227966,0.11615901910795251,False
1982-08-06 05:00:00,0.029886719,0.010925713,0.007964845,0.021706326485611497,0.11575556383738787,False
1982-08-06 06:00:00,0.09871006,0.010949564,0.007982234,0.061427134477533396,0.1153115289035283,False
1982-08-06 07:00:00,0.20113331,0.009673789,0.007052192,0.12000436689052729,0.1147988924941495,False
1982-08-06 08:00:00,0.3043612,0.0072355648,0.0052747265,0.17857116778148335,0.1139635887563142,False
1982-08-06 09:00:00,0.40290752,0.0051202155,0.0037326373,0.23456856126897038,0.11297956896572246,False
1982-08-06 10:00:00,0.48088753,0.004260521,0.00310592,0.27921195799950504,0.11196273022883212,False
1982-08-06 11:00:00,0.52528787,0.005476962,0.003992705,0.3053277040217071,0.11101748761086404,False
1982-08-06 12:00:00,0.5121685,0.0064199325,0.0046801306,0.2981429220121353,0.10928810515687325,False
1982-08-06 13:00:00,0.4963846,0.0074236062,0.0054118084,0.2894454572820105,0.10808301737877296,False
1982-08-06 14:00:00,0.4361522,0.007873046,0.005739451,0.2548748980145902,0.10692569049746485,False
1982-08-06 15:00:00,0.34139544,0.009015463,0.0065722736,0.20066677629016336,0.1060084720113849,False
1982-08-06 16:00:00,0.25130355,0.009458883,0.006895525,0.14886483649071305,0.1051282321542958,False
1982-08-06 17:00:00,0.15707372,0.009693664,0.00706668,0.09459009976685046,0.10459836605148454,False
1982-08-06 18:00:00,0.07206681,0.00997267,0.007270076,0.045655050877481694,0.1041300147831974,False
1982-08-06 19:00:00,0.018786155,0.010685625,0.0077898195,0.015203256968408822,0.10383220915259546,False
1982-08-06 20:00:00,0.00013908159,0.011926917,0.008694722,0.004950797587371198,0.10363571698641467,False
1982-08-06 21:00:00,0.0,0.011112194,0.008100789,0.004537842038087546,0.10349710730896033,False
1982-08-06 22:00:00,0.0,0.006246013,0.004553344,0.0025506594157777727,0.10335962696748023,False
1982-08-06 23:00:00,0.0,0.005012026,0.003653767,0.0020467410357668993,0.1031997608236473,False
1982-08-07 00:00:00,0.0,0.004451031,0.0032448014,0.0018176496662199498,0.10301988770942838,False
1982-08-07 01:00:00,0.0,0.003947173,0.002877489,0.0016118911597877742,0.10288295886085537,False
1982-08-07 02:00:00,0.0,0.0033304552,0.0024279018,0.0013600446539931,0.1027878617196314,False
1982-08-07 03:00:00,0.0,0.002405825,0.0017538465,0.0009824571639765053,0.10276853022097777,False
1982-08-07 04:00:00,0.0007036485,0.002008225,0.0014639959,0.0012260960077983326,0.10281450710075145,False
1982-08-07 05:00:00,0.024364058,0.0020708237,0.0015096304,0.014903715403284877,0.1028659421927523,False
1982-08-07 06:00:00,0.0882582,0.0022973423,0.0016747628,0.0518631375466939,0.10280195894414738,False
1982-08-07 07:00:00,0.15586138,0.0022425763,0.001634838,0.09084780685720034,0.10254425117199178,False
1982-08-07 08:00:00,0.24441597,0.0030308412,0.0022094834,0.1422657064362429,0.10195114978614676,False
1982-08-07 09:00:00,0.32266986,0.004134933,0.003014366,0.18786907739099112,0.10127422633553064,False
1982-08-07 10:00:00,0.402043,0.005935443,0.004326938,0.2344026526850648,0.1004300766420138,False
1982-08-07 11:00:00,0.42408922,0.0073399507,0.0053508235,0.24769686801545318,0.09943731185226688,False
1982-08-07 12:00:00,0.45454484,0.009029108,0.006582219,0.26595955469738686,0.09854343264811272,False
1982-08-07 13:00:00,0.45727795,0.012122691,0.008837441,0.2687998739145696,0.0981150157061963,False
1982-08-07 14:00:00,0.4064972,0.015081923,0.010994721,0.24070783502236007,0.09783662356192117,False
1982-08-07 15:00:00,0.34314376,0.021278381,0.015511944,0.20668331787921487,0.09763113718231854,False
1982-08-07 16:00:00,0.26000008,0.025709277,0.018742064,0.1605188407618552,0.09797591385528936,False
1982-08-07 17:00:00,0.1589701,0.029796146,0.02172139,0.1038934820741415,0.09819613814988742,False
1982-08-07 18:00:00,0.07439174,0.03145604,0.022931451,0.05576960908994078,0.09834983766480919,False
1982-08-07 19:00:00,0.015957845,0.027783817,0.020254403,0.02055364291742444,0.09853472898293546,False
1982-08-07 20:00:00,0.00010548532,0.0227413,0.016578408,0.009347638435661793,0.09862367089921557,False
1982-08-07 21:00:00,0.0,0.018231079,0.0132904565,0.0074449527952820055,0.09874087811340711,False
1982-08-07 22:00:00,0.0,0.01967573,0.014343606,0.008034899035468697,0.09890939701864397,False
1982-08-07 23:00:00,0.0,0.019594312,0.014284253,0.00800165069103241,0.09929179656180337,False
1982-08-08 00:00:00,0.0,0.020354975,0.014838775,0.008312279613688588,0.09973132283549772,False
1982-08-08 01:00:00,0.0,0.020176925,0.014708978,0.00823957005701959,0.10021611780912631,False
1982-08-08 02:00:00,0.0,0.021294765,0.015523885,0.008696058159694075,0.10072190586169733,False
1982-08-08 03:00:00,0.0,0.022694256,0.016544705,0.009267594605684281,0.10120947952991251,False
1982-08-08 04:00:00,0.0005999784,0.019084636,0.013932362,0.00814076581026893,0.10166153978025964,False
1982-08-08 05:00:00,0.023002427,0.013132166,0.009573349,0.01863513055257499,0.10207268820751585,False
1982-08-08 06:00:00,0.07796526,0.009969505,0.007267768,0.049057161414064465,0.10247655562314369,False
1982-08-08 07:00:00,0.15168121,0.009832943,0.0071682157,0.09153550036996602,0.10285451714845402,False
1982-08-08 08:00:00,0.24543571,0.010927537,0.007966175,0.14607884215191005,0.10331982058435145,False
1982-08-08 09:00:00,0.3289418,0.010407237,0.0075868755,0.19404937598016112,0.10387377890003506,False
1982-08-08 10:00:00,0.3902761,0.015598595,0.011371377,0.23155924809165296,0.10449143139109995,False
1982-08-08 11:00:00,0.4464663,0.011779749,0.008587437,0.262421502222307,0.10459047780728288,False
1982-08-08 12:00:00,0.4728447,0.011625656,0.008475103,0.2775789088001474,0.10491757869071493,False
1982-08-08 13:00:00,0.4685843,0.013981315,0.010192378,0.2760826343568042,0.10498923780843859,False
1982-08-08 14:00:00,0.41167745,0.018301385,0.013341709,0.24501155179366468,0.10466355093200934,False
1982-08-08 15:00:00,0.36090472,0.021975461,0.01602011,0.21721605659276247,0.10433637488320091,False
1982-08-08 16:00:00,0.26060337,0.022204246,0.016186893,0.15943560263141987,0.104041615606063,False
1982-08-08 17:00:00,0.15948914,0.024346892,0.017748883,0.10196767648309468,0.10383328479905855,False
1982-08-08 18:00:00,0.07619371,0.025874,0.018862147,0.05452983414754271,0.10396272929312593,False
1982-08-08 19:00:00,0.01684711,0.023879772,0.01740835,0.019472468949854372,0.10420821898877862,False
1982-08-08 20:00:00,7.160093e-05,0.02579899,0.018807463,0.010576743868565245,0.10455655590032546,False
1982-08-08 21:00:00,0.0,0.030920178,0.022540813,0.012626749489456416,0.10494503086164704,False
1982-08-08 22:00:00,0.0,0.051193874,0.03732033,0.02090583748742938,0.10535121230245213,False
1982-08-08 23:00:00,0.0,0.056674656,0.04131582,0.02314400217309594,0.10576626327063067,False
1982-08-09 00:00:00,0.0,0.0612809,0.045836236,0.02508780840039253,0.10620895425078569,False
1982-08-09 01:00:00,0.0,0.06303277,0.048715297,0.02588971768319607,0.1066704592336865,False
1982-08-09 02:00:00,0.0,0.06050926,0.04510488,0.024763580728322264,0.10711413033946526,False
1982-08-09 03:00:00,0.0,0.05546461,0.041016813,0.02268134918063879,0.10758349352073499,False
1982-08-09 04:00:00,0.00039534664,0.050770026,0.03701789,0.020961220516095638,0.10800950967264004,False
1982-08-09 05:00:00,0.020324698,0.055053007,0.041619282,0.03428935135342181,0.10842613436274956,False
1982-08-09 06:00:00,0.07793881,0.06100533,0.04673389,0.07000529076159,0.10883872749804935,False
1982-08-09 07:00:00,0.15020126,0.0645916,0.049665615,0.11318237178027629,0.10940964870254848,False
1982-08-09 08:00:00,0.24160923,0.07201467,0.053217914,0.168855705589056,0.11010338792242758,False
1982-08-09 09:00:00,0.32139808,0.07853177,0.057249654,0.2175163969621062,0.11091691692017357,False
1982-08-09 10:00:00,0.36212668,0.07380723,0.055091087,0.23915688066184518,0.1119851077580928,False
1982-08-09 11:00:00,0.40031195,0.07905615,0.06011106,0.2633977104201913,0.11311821791030104,False
1982-08-09 12:00:00,0.40783933,0.0829445,0.06424779,0.2693991923481226,0.1139571969781058,False
1982-08-09 13:00:00,0.37808475,0.08522875,0.06597399,0.25316690384596585,0.11493591417547884,False
1982-08-09 14:00:00,0.33315718,0.07965319,0.062586375,0.22500338467955588,0.115896477953483,False
1982-08-09 15:00:00,0.2790623,0.076620035,0.060058,0.19253487257659435,0.1171664792138139,False
1982-08-09 16:00:00,0.20643005,0.07626427,0.06050572,0.15051896202564238,0.1181959132662651,False
1982-08-09 17:00:00,0.13677905,0.075546354,0.061272193,0.11010681778937578,0.11946696796077176,False
1982-08-09 18:00:00,0.06304737,0.075396165,0.06210363,0.06755311448127031,0.12068825609402913,False
1982-08-09 19:00:00,0.0128568495,0.07228773,0.05891185,0.03727381467167288,0.12167562923350554,False
1982-08-09 20:00:00,4.249955e-05,0.06765049,0.05568303,0.027994436579097965,0.12244606539544056,False
1982-08-09 21:00:00,0.0,0.06523197,0.05316786,0.026941661953926086,0.12315359777037137,False
1982-08-09 22:00:00,0.0,0.067565866,0.056028537,0.027957345508038998,0.1237827815202725,False
1982-08-09 23:00:00,0.0,0.07069401,0.058606096,0.029250817738473413,0.12434726438589477,False
1982-08-10 00:00:00,0.0,0.0735703,0.061427347,0.030464518792927265,0.12485148720151829,False
1982-08-10 01:00:00,0.0,0.071341455,0.059459005,0.029535783134400844,0.1252901123090376,False
1982-08-10 02:00:00,0.0,0.07555316,0.06196993,0.031225490860641,0.12569102800672027,False
1982-08-10 03:00:00,0.0,0.071968675,0.058517203,0.029716369897127153,0.12605067937646144,False
1982-08-10 04:00:00,0.00029853414,0.067870274,0.05411788,0.02813875093552633,0.12640075384836727,False
1982-08-10 05:00:00,0.019945024,0.065331705,0.052294876,0.038439601046964526,0.12674713492404147,False
1982-08-10 06:00:00,0.08524525,0.06619606,0.052750412,0.07646137923002243,0.12708928079436477,False
1982-08-10 07:00:00,0.16187769,0.07648419,0.059423875,0.12483498292416333,0.12767435520700124,False
1982-08-10 08:00:00,0.24994065,0.09953803,0.07746199,0.1851282340437174,0.12862995964210114,False
1982-08-10 09:00:00,0.34646162,0.11046608,0.086151786,0.24532253620028496,0.13012644694527245,False
1982-08-10 10:00:00,0.40589443,0.12563507,0.099779785,0.28594853539764875,0.13210333142878744,False
1982-08-10 11:00:00,0.42397285,0.14080694,0.11300748,0.3026924974769354,0.13444164907341458,False
1982-08-10 12:00:00,0.45308217,0.15278572,0.12501833,0.3245573342740536,0.1365957699186691,False
1982-08-10 13:00:00,0.4485557,0.15298052,0.12820815,0.32218969570100303,0.13847671858344485,False
1982-08-10 14:00:00,0.4213706,0.15130858,0.12977615,0.3059716122895479,0.1402520072786039,False
1982-08-10 15:00:00,0.35206383,0.15268165,0.13238019,0.26662889111042026,0.1418931961554625,False
1982-08-10 16:00:00,0.27463228,0.14890501,0.13032328,0.2204462279677391,0.1433416305207549,False
1982-08-10 17:00:00,0.18074924,0.13488482,0.12082775,0.16058950687944887,0.14453826263452826,False
1982-08-10 18:00:00,0.08766648,0.12296137,0.11050812,0.10192374484241008,0.1452455400600931,False
1982-08-10 19:00:00,0.015613211,0.113581285,0.10246459,0.05645340472273529,0.14547426187564258,False
1982-08-10 20:00:00,2.878444e-05,0.10680968,0.09460956,0.04453829786524329,0.14529232688489707,False
1982-08-10 21:00:00,0.0,0.103091136,0.088647045,0.0428275694847107,0.14505983394159075,False
1982-08-10 22:00:00,0.0,0.11556454,0.09921666,0.0480010150372982,0.14484029727390108,False
1982-08-10 23:00:00,0.0,0.11378411,0.099265926,0.04734669732302427,0.1445831537608344,False
1982-08-11 00:00:00,0.0,0.11112894,0.09509693,0.0461418135613203,0.1443356625540934,False
1982-08-11 01:00:00,0.0,0.10872016,0.092887625,0.045133671171963215,0.1440988826910786,False
1982-08-11 02:00:00,0.0,0.101618595,0.0838812,0.04202684647589922,0.14392429718662125,False
1982-08-11 03:00:00,0.0,0.09597375,0.07538165,0.03948492383211851,0.14373603235472066,False
1982-08-11 04:00:00,0.00027793265,0.09115141,0.07022732,0.037587512148456875,0.1435979865648139,False
1982-08-11 05:00:00,0.025687132,0.08733478,0.06785821,0.05071235312893986,0.1435119217615957,False
1982-08-11 06:00:00,0.10914323,0.0853045,0.06733075,0.09808886256814002,0.14359593710532198,False
1982-08-11 07:00:00,0.20852593,0.094139375,0.07397215,0.15905138466507196,0.1441942304636268,False
1982-08-11 08:00:00,0.34044278,0.10726895,0.08646983,0.24068709614127873,0.1454874383903025,False
1982-08-11 09:00:00,0.45842645,0.11564198,0.096720405,0.312406852170825,0.1472866362381022,False
1982-08-11 10:00:00,0.53466994,0.10377716,0.085144475,0.3513961276039481,0.14946035632440605,False
1982-08-11 11:00:00,0.55731577,0.109596536,0.08857763,0.36679551099240776,0.15190351875200034,False
1982-08-11 12:00:00,0.5465795,0.10734118,0.08702729,0.35968472825735803,0.1548753479321404,False
1982-08-11 13:00:00,0.5107971,0.10569694,0.08608655,0.3383807612136006,0.15748924466172018,False
1982-08-11 14:00:00,0.45898804,0.09423467,0.077254795,0.30378045076876875,0.15977565194709012,False
1982-08-11 15:00:00,0.3957744,0.081386834,0.067891754,0.26205972211062906,0.16194712241564355,False
1982-08-11 16:00:00,0.30931994,0.0711875,0.05947236,0.20795730348676442,0.16355414394176662,False
1982-08-11 17:00:00,0.20526832,0.061850853,0.051728643,0.14405613421648739,0.16436055584480774,False
1982-08-11 18:00:00,0.09706955,0.054433215,0.045125496,0.0785317616276443,0.1644989261052488,False
1982-08-11 19:00:00,0.0168544,0.045490444,0.037592087,0.028540935115888712,0.1643720917095968,False
1982-08-11 20:00:00,1.7460832e-05,0.040811837,0.03268764,0.01683477530039454,0.16430311992031002,False
1982-08-11 21:00:00,0.0,0.03986968,0.03133314,0.016403901904821397,0.16430602076807552,False
1982-08-11 22:00:00,0.0,0.038088772,0.02888333,0.01561445688083768,0.1643333108212755,False
1982-08-11 23:00:00,0.0,0.042478602,0.031419177,0.017371239814907312,0.16420449490164898,False
1982-08-12 00:00:00,0.0,0.04673753,0.03431365,0.019099085368216036,0.16416465428256924,False
1982-08-12 01:00:00,0.0,0.051774338,0.037980523,0.021155678920447826,0.16419995773415574,False
1982-08-12 02:00:00,0.0,0.05423017,0.040330496,0.022188778929412366,0.1642454550635957,False
1982-08-12 03:00:00,0.0,0.05637953,0.04233565,0.023090171981602906,0.1642992709737227,False
1982-08-12 04:00:00,0.00026640733,0.05830704,0.043307878,0.024007640381052624,0.1643832648058378,False
1982-08-12 05:00:00,0.030533923,0.060752083,0.04512492,0.042472337545827035,0.16449161513030955,False
1982-08-12 06:00:00,0.13569565,0.0658083,0.04814455,0.10517946042865513,0.16460089753422227,False
1982-08-12 07:00:00,0.27540594,0.06855972,0.050022166,0.18690896340459587,0.16470924958751187,False
1982-08-12 08:00:00,0.422243,0.068212144,0.04972665,0.2714897307381034,0.16495158133401186,False
1982-08-12 09:00:00,0.5533595,0.074376084,0.054220166,0.3496611003428697,0.164970487307229,False
1982-08-12 10:00:00,0.65270483,0.06516126,0.047502555,0.4032203319221735,0.16512772022165936,False
1982-08-12 11:00:00,0.71106756,0.08584044,0.06257768,0.44534029812365766,0.16552112044046283,False
1982-08-12 12:00:00,0.6926743,0.12329949,0.089885324,0.4500243772938848,0.1661839457967004,False
1982-08-12 13:00:00,0.62939453,0.16840152,0.12289701,0.43193724539875983,0.16734653536518995,False
1982-08-12 14:00:00,0.55885404,0.21413878,0.16159636,0.4102021947801113,0.16825773935386248,False
1982-08-12 15:00:00,0.44188944,0.21605685,0.16797669,0.34376592436432835,0.16885966540975453,False
1982-08-12 16:00:00,0.33090684,0.16543181,0.13289657,0.25915399931371214,0.1690577158292441,False
1982-08-12 17:00:00,0.20084016,0.12435842,0.10107868,0.16723127938061952,0.1688177129672215,False
1982-08-12 18:00:00,0.08437944,0.1136206,0.09671766,0.09583569385111332,0.1684013588685538,False
1982-08-12 19:00:00,0.013468323,0.10925137,0.09366259,0.05314275883696973,0.16832065402050464,False
1982-08-12 20:00:00,8.49991e-06,0.10812466,0.08841917,0.044677538557987645,0.16868350228371912,False
1982-08-12 21:00:00,0.0,0.10706393,0.085757464,0.04413749203830957,0.1692341470025809,False
1982-08-12 22:00:00,0.0,0.10133635,0.08193957,0.041817850895225994,0.16986317120784464,False
1982-08-12 23:00:00,0.0,0.10942338,0.0936504,0.04543434760719538,0.17063638926612712,False
1982-08-13 00:00:00,0.0,0.11453562,0.10319879,0.04783637923747301,0.17149310525938435,False
1982-08-13 01:00:00,0.0,0.11349481,0.100702904,0.04731754298508167,0.1723976808629328,False
1982-08-13 02:00:00,0.0,0.10699333,0.094990194,0.04461001016199588,0.17336495787150727,False
1982-08-13 03:00:00,0.0,0.104354694,0.092773065,0.04351662777364254,0.1743716769284898,False
1982-08-13 04:00:00,0.00015227805,0.102480985,0.09046259,0.04278832772310125,0.17536764633225776,False
1982-08-13 05:00:00,0.022237262,0.10403399,0.08774936,0.055957908516749734,0.17634036760792693,False
1982-08-13 06:00:00,0.10066945,0.108914785,0.092850596,0.10328976112604141,0.17713086588731128,False
1982-08-13 07:00:00,0.2087059,0.1207117,0.10587752,0.17068330849707125,0.17728942780604054,False
1982-08-13 08:00:00,0.32202443,0.13397393,0.11759454,0.24159458285570146,0.17681175525443718,False
1982-08-13 09:00:00,0.44874892,0.14666751,0.12788141,0.31995403206348416,0.17595194867660693,False
1982-08-13 10:00:00,0.52746624,0.15871702,0.13638404,0.37027933810651303,0.17482571319898063,False
1982-08-13 11:00:00,0.5607445,0.18113261,0.15228894,0.39861112809181215,0.17343015695025618,False
1982-08-13 12:00:00,0.5836153,0.19023325,0.15827648,0.41548902754485606,0.17183773174652925,False
1982-08-13 13:00:00,0.5243686,0.19230668,0.1591984,0.38211855266988276,0.17040983155715062,False
1982-08-13 14:00:00,0.44627136,0.18176264,0.15007249,0.3326729014515876,0.16914603074178192,False
1982-08-13 15:00:00,0.3520437,0.16522567,0.13830855,0.27156614224612713,0.1676076858646308,False
1982-08-13 16:00:00,0.24209228,0.13667896,0.11695152,0.1964371661096811,0.16636714814607148,False
1982-08-13 17:00:00,0.1327943,0.11383619,0.10080127,0.12407113748043776,0.16564943552579822,False
1982-08-13 18:00:00,0.054728128,0.10324174,0.09228882,0.07465792892128228,0.16533922833735837,False
1982-08-13 19:00:00,0.008185298,0.098632425,0.08961796,0.04595765175018459,0.16514216869809448,False
1982-08-13 20:00:00,4.3219887e-07,0.103625715,0.0931034,0.04326572180576085,0.16490780010297443,False
1982-08-13 21:00:00,0.0,0.11200041,0.09757243,0.04659706375747919,0.16464418542475043,False
1982-08-13 22:00:00,0.0,0.12691012,0.109242395,0.05272892367839813,0.16434621799408064,False
1982-08-13 23:00:00,0.0,0.14096121,0.119979985,0.05849360749125481,0.16409954343965813,False
1982-08-14 00:00:00,0.0,0.15046722,0.12956132,0.06251871433854103,0.16369769889858157,False
1982-08-14 01:00:00,0.0,0.16255933,0.14075153,0.06758497533202171,0.1631551573192382,False
1982-08-14 02:00:00,0.0,0.16930117,0.14887339,0.07051129366457462,0.16258245402082405,False
1982-08-14 03:00:00,0.0,0.16998678,0.15132555,0.07089670336246491,0.16203347471236787,False
1982-08-14 04:00:00,9.9837926e-05,0.16939086,0.15065609,0.07069826161317178,0.16146786515341674,False
1982-08-14 05:00:00,0.016994808,0.16942744,0.14984307,0.08041625495627523,0.1609113331708849,False
1982-08-14 06:00:00,0.07374893,0.16871756,0.14778738,0.11279043252766133,0.16035722431168983,False
1982-08-14 07:00:00,0.1528436,0.18299724,0.15303601,0.1639806809276342,0.15981410774698263,False
1982-08-14 08:00:00,0.25237152,0.20491016,0.16645925,0.23021901500225067,0.1591225429294578,False
1982-08-14 09:00:00,0.35631952,0.21826874,0.1752643,0.29560179741680626,0.15836278200849052,False
1982-08-14 10:00:00,0.43609723,0.2050667,0.16547994,0.3362336319833994,0.15732082757284957,False
1982-08-14 11:00:00,0.5021717,0.19179597,0.1551501,0.3689038883447647,0.15607148466314594,False
1982-08-14 12:00:00,0.5276445,0.18666275,0.15103202,0.3814851682037115,0.15473686068090858,False
1982-08-14 13:00:00,0.5156929,0.17864585,0.14443871,0.37127480626106263,0.15270272406350757,False
1982-08-14 14:00:00,0.46240836,0.16845737,0.13687488,0.336361640676856,0.15030064776257548,False
1982-08-14 15:00:00,0.37695447,0.161466,0.13215615,0.28422011387348173,0.14785690096755139,False
1982-08-14 16:00:00,0.28833526,0.14093465,0.11721226,0.22470379354059694,0.1455642145763952,False
1982-08-14 17:00:00,0.18152659,0.11472682,0.09752403,0.15234133433550595,0.14388677384484186,False
1982-08-14 18:00:00,0.08038581,0.09631443,0.08248506,0.0863768311664462,0.14285088664616394,False
1982-08-14 19:00:00,0.011967211,0.084210426,0.07248775,0.04189306627120822,0.14229043907956468,False
1982-08-14 20:00:00,1.0949036e-06,0.0771068,0.066129476,0.03202403400323533,0.14199920567816837,False
1982-08-14 21:00:00,0.0,0.07195469,0.060810644,0.029835055366158485,0.14180673074193295,False
1982-08-14 22:00:00,0.0,0.07231542,0.060983025,0.02997747228294611,0.14159033194167536,False
1982-08-14 23:00:00,0.0,0.06298163,0.053807203,0.026145809635519983,0.1411751284280978,False
1982-08-15 00:00:00,0.0,0.052479908,0.04498699,0.02179438342899084,0.14070394517138599,False
1982-08-15 01:00:00,0.0,0.04772387,0.04106808,0.019827784661203624,0.14020834691992026,False
1982-08-15 02:00:00,0.0,0.04396894,0.03767528,0.01825900335609913,0.1396439411321841,False
1982-08-15 03:00:00,0.0,0.03943765,0.033608805,0.016367368943989276,0.13903860564094034,False
1982-08-15 04:00:00,0.00010107689,0.038514037,0.033422068,0.016074792561572394,0.1384677559661865,False
1982-08-15 05:00:00,0.022740515,0.038972255,0.034419335,0.02936068327538669,0.1378971078580126,False
1982-08-15 06:00:00,0.10668507,0.037645683,0.032807823,0.07722016602009535,0.13735753110865642,False
1982-08-15 07:00:00,0.21320198,0.035031293,0.028594539,0.13748819725587963,0.13707837389789412,False
1982-08-15 08:00:00,0.33201855,0.032981504,0.02557737,0.2051260586492717,0.13727571021120885,False
1982-08-15 09:00:00,0.44563702,0.031299982,0.023295678,0.2699402191527187,0.1374680368283256,False
1982-08-15 10:00:00,0.5208427,0.023960508,0.017467212,0.31031087844073774,0.1374505629062145,False
1982-08-15 11:00:00,0.55988896,0.028144477,0.020517327,0.3345491769444197,0.13734392734313894,False
1982-08-15 12:00:00,0.52915245,0.030682046,0.022367215,0.31785046990960836,0.13707358298675357,False
1982-08-15 13:00:00,0.44026336,0.03131243,0.02282676,0.26681889022514227,0.13676338816348352,False
1982-08-15 14:00:00,0.34654766,0.0377276,0.027658677,0.21537305529043077,0.13634353231677054,False
1982-08-15 15:00:00,0.25307956,0.03786649,0.028102813,0.1615171954706311,0.13548129193212727,False
1982-08-15 16:00:00,0.17157187,0.04120625,0.03181366,0.1159200109951198,0.1346488290869123,False
1982-08-15 17:00:00,0.095028795,0.047273077,0.038392067,0.0743485519438982,0.13373815133290254,False
1982-08-15 18:00:00,0.040997602,0.05830567,0.04788958,0.04775644572451711,0.13300994905728117,False
1982-08-15 19:00:00,0.0049614115,0.07045929,0.057708066,0.03197844848316163,0.13262484500890487,False
1982-08-15 20:00:00,2.8813256e-08,0.08202355,0.06963365,0.03402692486646096,0.13248179470032304,False
1982-08-15 21:00:00,0.0,0.08718017,0.074822955,0.03620992134511471,0.1324139944544064,False
1982-08-15 22:00:00,0.0,0.07877196,0.069116674,0.03279915502667427,0.1323639884615319,False
1982-08-15 23:00:00,0.0,0.086487435,0.07338792,0.035876811169087884,0.1322900946439246,False
1982-08-16 00:00:00,0.0,0.09367151,0.07713355,0.038729998268187044,0.13227833873485237,False
1982-08-16 01:00:00,0.0,0.09790371,0.080870874,0.04049349752068519,0.1323663597682959,False
1982-08-16 02:00:00,0.0,0.10041078,0.08154836,0.04145519008487463,0.13252025533895964,False
1982-08-16 03:00:00,0.0,0.105255336,0.08623519,0.04349591897428035,0.13269254587832863,False
1982-08-16 04:00:00,4.120295e-05,0.10461566,0.08667038,0.04330715242082442,0.13284797176169255,False
1982-08-16 05:00:00,0.016379843,0.108776815,0.09123624,0.054516570987179866,0.13297374561326863,False
1982-08-16 06:00:00,0.08722709,0.11852954,0.09858247,0.09939088641107083,0.13299917339662298,False
1982-08-16 07:00:00,0.18305796,0.16431096,0.13328952,0.17345282396674155,0.1326119404410778,False
1982-08-16 08:00:00,0.29492712,0.16808003,0.1343743,0.23945069262385366,0.13192787966191044,False
1982-08-16 09:00:00,0.38825908,0.17167091,0.1368702,0.2947630491554737,0.13090560858049327,False
1982-08-16 10:00:00,0.46973205,0.14609954,0.11424083,0.33111512495577333,0.12940699677321335,False
1982-08-16 11:00:00,0.51248276,0.14661667,0.11339361,0.3559273592382669,0.1275559224749905,False
1982-08-16 12:00:00,0.53015375,0.14759456,0.11545761,0.3665958166867494,0.12576651352986126,False
1982-08-16 13:00:00,0.50773734,0.1411033,0.112780824,0.3511217256188392,0.12466857191532903,False
1982-08-16 14:00:00,0.41865933,0.12941213,0.10471469,0.29497410221397874,0.12489838740936532,False
1982-08-16 15:00:00,0.34059224,0.1154991,0.0948335,0.24426189730316397,0.12573121097389658,False
1982-08-16 16:00:00,0.24374686,0.0978376,0.078652754,0.1809912613481283,0.12726571746186713,False
1982-08-16 17:00:00,0.14612792,0.08008591,0.06518725,0.11738762510567903,0.12857863008736062,False
1982-08-16 18:00:00,0.063138634,0.07588584,0.064055,0.06789183684438467,0.1295680551386971,False
1982-08-16 19:00:00,0.0076400363,0.073592976,0.06412116,0.0350266514592804,0.12998145050214652,False
1982-08-16 20:00:00,0.0,0.06914899,0.0602527,0.028769622199237347,0.1299808773447361,False
1982-08-16 21:00:00,0.0,0.06622656,0.055503115,0.027434767708182334,0.1298446696455187,False
1982-08-16 22:00:00,0.0,0.063603595,0.054830417,0.026430569037795067,0.12971600706163486,False
1982-08-16 23:00:00,0.0,0.06177723,0.051587556,0.02558152600005269,0.1295545284020311,False
1982-08-17 00:00:00,0.0,0.06290993,0.051956084,0.026019393034279345,0.1294091796813129,False
1982-08-17 01:00:00,0.0,0.06598586,0.053073894,0.027214772053062917,0.1292836957414231,False
1982-08-17 02:00:00,0.0,0.06436584,0.051443588,0.026528949245810507,0.129193487620779,False
1982-08-17 03:00:00,0.0,0.0580146,0.044822656,0.02382781134545803,0.12917429979039047,False
1982-08-17 04:00:00,4.100126e-05,0.053977825,0.040193748,0.022111937437224696,0.12914016327993635,False
1982-08-17 05:00:00,0.013255105,0.056046832,0.041698888,0.030581216876395048,0.129116941971141,False
1982-08-17 06:00:00,0.060603905,0.057792816,0.04331447,0.05863298415392638,0.12906339407362907,False
1982-08-17 07:00:00,0.13181674,0.06989345,0.051932134,0.10465327985584735,0.1289194661496045,False
1982-08-17 08:00:00,0.20427914,0.09323323,0.07009115,0.15605704674124715,0.12860777812505383,False
1982-08-17 09:00:00,0.27181885,0.10023366,0.07742885,0.19800685240328308,0.1288956997576939,False
1982-08-17 10:00:00,0.33185533,0.0732621,0.05453838,0.22145931212604045,0.12989063200005263,False
1982-08-17 11:00:00,0.3742732,0.079835385,0.060049035,0.24865754757821557,0.13133701995814462,False
1982-08-17 12:00:00,0.39411542,0.09205715,0.06991827,0.2651492724120617,0.1328137704061803,False
1982-08-17 13:00:00,0.40661478,0.10547371,0.07987974,0.2778500339388847,0.13444582946466524,False
1982-08-17 14:00:00,0.3576623,0.11946351,0.09065573,0.2553485863879323,0.1361761659823817,False
1982-08-17 15:00:00,0.31989434,0.12347648,0.093178675,0.2351735068932176,0.13805413304789235,False
1982-08-17 16:00:00,0.2306798,0.112079315,0.08296867,0.1789398170188069,0.1395337566814844,False
1982-08-17 17:00:00,0.14829428,0.08874096,0.065365516,0.12184095440804957,0.1407950847314198,False
1982-08-17 18:00:00,0.062919244,0.07658586,0.05620069,0.06759942317008973,0.14190639657177892,False
1982-08-17 19:00:00,0.007228612,0.068008766,0.049718395,0.031950936927460136,0.1427572974121036,False
1982-08-17 20:00:00,0.0,0.067314506,0.049072273,0.0274889553040266,0.14352699135248675,False
1982-08-17 21:00:00,0.0,0.073489934,0.05400614,0.030034117318689824,0.14421430192380338,False
1982-08-17 22:00:00,0.0,0.06133756,0.044715177,0.025048179365694524,0.14483000712427438,False
1982-08-17 23:00:00,0.0,0.07076617,0.05161768,0.028900072574615476,0.14542510627075225,False
1982-08-18 00:00:00,0.0,0.08001257,0.058928367,0.03270676915347576,0.14608428955897815,False
1982-08-18 01:00:00,0.0,0.0881419,0.06739158,0.03616350772976875,0.14672412651991598,False
1982-08-18 02:00:00,0.0,0.09820942,0.079535164,0.04053417422622442,0.14737840935569382,False
1982-08-18 03:00:00,0.0,0.10090874,0.08559335,0.04185736647248268,0.14802313818391538,False
1982-08-18 04:00:00,2.8323431e-05,0.10153009,0.08725155,0.042192529598649345,0.14876687464751429,False
1982-08-18 05:00:00,0.013436715,0.10622552,0.09251982,0.051946271906606854,0.149583036731348,False
1982-08-18 06:00:00,0.078372575,0.113635875,0.09869874,0.09248234605789184,0.1503871315277662,False
1982-08-18 07:00:00,0.16613519,0.15117359,0.12682848,0.15849179878830907,0.1513674052218766,False
1982-08-18 08:00:00,0.2785441,0.2242129,0.18178567,0.25327093099057674,0.1524625629618934,False
1982-08-18 09:00:00,0.37477002,0.30609703,0.24680914,0.3425197967886925,0.15387421581094923,False
1982-08-18 10:00:00,0.45312244,0.3350002,0.28657466,0.40054174694418904,0.1556985954993885,False
1982-08-18 11:00:00,0.49799296,0.3363445,0.28441328,0.4268113807439804,0.1577644896787451,False
1982-08-18 12:00:00,0.52886724,0.33732104,0.283459,0.44493465149402617,0.16013648857401522,False
1982-08-18 13:00:00,0.50751215,0.34120598,0.28589553,0.4341778784692287,0.1627353979803171,False
1982-08-18 14:00:00,0.4328194,0.32718483,0.27126905,0.38511652135848995,0.16484955870337004,False
1982-08-18 15:00:00,0.3407608,0.28698936,0.23640329,0.31528383171558383,0.16671737221807081,False
1982-08-18 16:00:00,0.25270352,0.23088089,0.19500057,0.24153500774502754,0.16799767643065963,False
1982-08-18 17:00:00,0.1519312,0.19988665,0.17237258,0.17073059344291688,0.1690813547542799,False
1982-08-18 18:00:00,0.05964934,0.17870457,0.15510036,0.10873507717996836,0.16980547979249147,False
1982-08-18 19:00:00,0.005464607,0.1658763,0.1409357,0.07197196059767157,0.17026197915097538,False
1982-08-18 20:00:00,0.0,0.14983419,0.119846575,0.06176052962243557,0.17064742819054082,False
1982-08-18 21:00:00,0.0,0.13858359,0.10835693,0.05698861733078957,0.17101281676275684,False
1982-08-18 22:00:00,0.0,0.13336237,0.10712249,0.05499532806873321,0.1713201790677573,False
1982-08-18 23:00:00,0.0,0.13856527,0.11280997,0.05722232383489609,0.17175492513805657,False
1982-08-19 00:00:00,0.0,0.13705677,0.114029996,0.05673156715929508,0.17212315178357093,False
1982-08-19 01:00:00,0.0,0.14137465,0.11950191,0.05862034817039966,0.17247475795328646,False
1982-08-19 02:00:00,0.0,0.13843206,0.11841675,0.057475933000445366,0.1728583463278788,False
1982-08-19 03:00:00,0.0,0.14329109,0.12319909,0.059527161598205564,0.17323701759168905,False
1982-08-19 04:00:00,1.12947955e-05,0.14722584,0.12879379,0.06128771746124312,0.17369582317044985,False
1982-08-19 05:00:00,0.011790759,0.14974654,0.13181531,0.06917776710446924,0.17423687284418954,False
1982-08-19 06:00:00,0.0686867,0.1588786,0.13754988,0.1056861214712262,0.1748300250920827,False
1982-08-19 07:00:00,0.15104565,0.16865025,0.1451031,0.15722085137665273,0.17537339960846302,False
1982-08-19 08:00:00,0.2446252,0.19927582,0.16916421,0.22381638349592686,0.17585086390345542,False
1982-08-19 09:00:00,0.34326106,0.21099097,0.17888477,0.285577077448368,0.1756157984823659,False
1982-08-19 10:00:00,0.41258246,0.19916719,0.16795298,0.320622232735157,0.17461301747120173,False
1982-08-19 11:00:00,0.47736263,0.20960581,0.18019834,0.36251349455118176,0.17292818537820628,False
1982-08-19 12:00:00,0.5189486,0.21773775,0.18737674,0.38989692391455166,0.17095164587131886,False
1982-08-19 13:00:00,0.49974537,0.21921553,0.1867804,0.37932974864542485,0.1685628578703279,False
1982-08-19 14:00:00,0.44115064,0.21775086,0.18721575,0.3450036350935698,0.16614117917201668,False
1982-08-19 15:00:00,0.36355525,0.20884308,0.18136354,0.2966281090974808,0.16409758496626467,False
1982-08-19 16:00:00,0.26869467,0.18221983,0.16074878,0.23095637655258178,0.16285412937185914,False
1982-08-19 17:00:00,0.16666935,0.14432275,0.13288228,0.1565989562422037,0.16218877375467866,False
1982-08-19 18:00:00,0.06645542,0.12170775,0.115860306,0.08951139237731695,0.16190534816962232,False
1982-08-19 19:00:00,0.005909627,0.11192714,0.106324494,0.050452490826603025,0.16185085913818828,False
1982-08-19 20:00:00,0.0,0.10717496,0.101482324,0.04502760677039624,0.1618817123615349,False
1982-08-19 21:00:00,0.0,0.10665957,0.10055791,0.04478750795871019,0.16209726598515906,False
1982-08-19 22:00:00,0.0,0.10953784,0.10178755,0.0459159907400608,0.16252272921364555,False
1982-08-19 23:00:00,0.0,0.11133939,0.101679936,0.04657495155930519,0.1632776510476301,False
1982-08-20 00:00:00,0.0,0.11881888,0.10629072,0.0495838652998209,0.16407327340852268,False
1982-08-20 01:00:00,0.0,0.13108502,0.11491437,0.054575749710202216,0.1649695650556291,False
1982-08-20 02:00:00,0.0,0.14110959,0.1229807,0.05871039488911629,0.16589527005824992,False
1982-08-20 03:00:00,0.0,0.15328716,0.13550135,0.06388003425300122,0.16693943621620336,False
1982-08-20 04:00:00,9.91176e-06,0.16338083,0.1457346,0.06816291393815391,0.16804526845767895,False
1982-08-20 05:00:00,0.012901595,0.17491163,0.15612902,0.08041757980547845,0.1691317806798264,False
1982-08-20 06:00:00,0.07394348,0.18184552,0.1629248,0.11856432284414767,0.1703012434218193,False
1982-08-20 07:00:00,0.14739884,0.23157027,0.2020652,0.18141008494794367,0.17148646870647766,False
1982-08-20 08:00:00,0.22924988,0.26413524,0.22675382,0.24198779077827928,0.17324362073392816,False
1982-08-20 09:00:00,0.31108284,0.27668658,0.23692892,0.2943863082528114,0.17519596911365684,False
1982-08-20 10:00:00,0.36152676,0.2674102,0.22952792,0.31966980648040766,0.17683639191855882,False
1982-08-20 11:00:00,0.37505805,0.27803823,0.23949775,0.3319374844133854,0.1780861755462477,False
1982-08-20 12:00:00,0.37338784,0.27636042,0.23798233,0.3302728274464607,0.17857127321593358,False
1982-08-20 13:00:00,0.3542567,0.27322376,0.23540045,0.31793730095028877,0.17856333216082199,False
1982-08-20 14:00:00,0.3077251,0.2634449,0.22695273,0.28702399948239327,0.17835867192367605,False
1982-08-20 15:00:00,0.25896004,0.25551265,0.2202565,0.25559796318411826,0.17849615451930603,False
1982-08-20 16:00:00,0.19818234,0.22908586,0.19840819,0.20959793812036512,0.17874236409727376,False
1982-08-20 17:00:00,0.13023692,0.19672796,0.17383042,0.15712616536021232,0.17880328896257922,False
1982-08-20 18:00:00,0.05443714,0.17893371,0.16079326,0.10611960367113352,0.17906882207425825,False
1982-08-20 19:00:00,0.005339183,0.16843098,0.15224396,0.07345291531831026,0.1795153922078934,False
1982-08-20 20:00:00,0.0,0.17267874,0.15534535,0.07210710355639458,0.18002360514743845,False
1982-08-20 21:00:00,0.0,0.18557002,0.16547252,0.07741085229814053,0.18052045096835714,False
1982-08-20 22:00:00,0.0,0.21927218,0.19111373,0.0912315760999918,0.18096981183119712,False
1982-08-20 23:00:00,0.0,0.22949658,0.19866589,0.09541219715774059,0.18147506490775048,False
1982-08-21 00:00:00,0.0,0.24012084,0.2064625,0.09975356622040271,0.18186449820135386,False
1982-08-21 01:00:00,0.0,0.2482716,0.2118883,0.10305418829619885,0.18214819428936246,False
1982-08-21 02:00:00,0.0,0.25927612,0.22079666,0.10759590858221055,0.18225692810916008,False
1982-08-21 03:00:00,0.0,0.27153808,0.22980663,0.11260710918903351,0.1821935690711871,False
1982-08-21 04:00:00,5.4457055e-06,0.2735502,0.2314284,0.11344030412432085,0.18197971455153675,False
1982-08-21 05:00:00,0.012836449,0.28447315,0.2395325,0.12531197872012853,0.18164028412739763,False
1982-08-21 06:00:00,0.081014805,0.27928606,0.23657107,0.1625769351348281,0.18117459520353874,False
1982-08-21 07:00:00,0.1584548,0.36316848,0.29863995,0.24156414869427678,0.1807393421969774,False
1982-08-21 08:00:00,0.2509294,0.41670892,0.35143074,0.3175291057229042,0.18034124400821452,False
1982-08-21 09:00:00,0.32847345,0.4204352,0.36384457,0.3643173720836639,0.18000104718202972,False
1982-08-21 10:00:00,0.37390608,0.3977992,0.33481738,0.3806118468642235,0.17944049742551768,False
1982-08-21 11:00:00,0.39138696,0.38634956,0.32231337,0.385798182696104,0.17894706182722872,False
1982-08-21 12:00:00,0.4117805,0.36629686,0.3102752,0.3895157532691956,0.17834157661486047,False
1982-08-21 13:00:00,0.3860649,0.35352355,0.30178568,0.36950605726242064,0.17752305423667905,False
1982-08-21 14:00:00,0.36656225,0.33798656,0.28480265,0.35160279968380925,0.17644118707702436,False
1982-08-21 15:00:00,0.30172315,0.32395223,0.27432477,0.3084461688399314,0.17549723229539518,False
1982-08-21 16:00:00,0.208105,0.27413896,0.23420206,0.23388077008724212,0.17436947997207072,False
1982-08-21 17:00:00,0.1289687,0.22821157,0.19850995,0.16934454560279846,0.1732588819361379,False
1982-08-21 18:00:00,0.051233828,0.19507165,0.17413704,0.11094675879180431,0.1722350573694731,False
1982-08-21 19:00:00,0.0038246424,0.1737155,0.15812728,0.07484671192476526,0.17135513700519314,False
1982-08-21 20:00:00,0.0,0.16454704,0.15108052,0.06887620617449283,0.17056106062274382,False
1982-08-21 21:00:00,0.0,0.1583974,0.1464479,0.06635682937502861,0.16976450134668455,False
1982-08-21 22:00:00,0.0,0.16775161,0.1531073,0.07016813841462136,0.16889503328869074,False
1982-08-21 23:00:00,0.0,0.15573363,0.14448223,0.0652677496522665,0.16772602255683347,False
1982-08-22 00:00:00,0.0,0.15083432,0.13969283,0.06320127752423287,0.1665022954428005,False
1982-08-22 01:00:00,0.0,0.14299484,0.13018294,0.0597949730604887,0.16520367678808004,False
1982-08-22 02:00:00,0.0,0.1333237,0.11986511,0.055669161066412925,0.1638704876861903,False
1982-08-22 03:00:00,0.0,0.12855214,0.114431076,0.05361501730978489,0.16242795818014025,False
1982-08-22 04:00:00,2.016928e-06,0.124368,0.11069072,0.05187025357947619,0.1608852439764324,False
1982-08-22 05:00:00,0.012372238,0.12190299,0.11006533,0.058064511460252106,0.15935576188215358,False
1982-08-22 06:00:00,0.08226818,0.12008425,0.10911763,0.09767217852920293,0.15775177561363973,False
1982-08-22 07:00:00,0.17491056,0.14747673,0.12887156,0.1623013718873262,0.15624540020972016,False
1982-08-22 08:00:00,0.27623415,0.15973757,0.13570508,0.2256583431214094,0.15440158653752403,False
1982-08-22 09:00:00,0.3433028,0.1679213,0.13761576,0.26747991994023324,0.15271741180366674,False
1982-08-22 10:00:00,0.38763005,0.17572713,0.13850094,0.295984897762537,0.1515285649019867,False
1982-08-22 11:00:00,0.41187248,0.15866639,0.12362738,0.30287419421970846,0.15089524194408355,False
1982-08-22 12:00:00,0.39238077,0.15672453,0.12497585,0.29098375329375264,0.15051744830697922,False
1982-08-22 13:00:00,0.35778096,0.14437741,0.11653328,0.26600767728686336,0.14949819692065466,False
1982-08-22 14:00:00,0.3180222,0.14121345,0.11310377,0.2417141699641943,0.14790918446856388,False
1982-08-22 15:00:00,0.2542808,0.13295694,0.10527254,0.20146585166454314,0.14611986562450874,False
1982-08-22 16:00:00,0.18664566,0.11809891,0.09289244,0.15628923239558934,0.14395973487117164,False
1982-08-22 17:00:00,0.1153653,0.10060713,0.07949593,0.10798258616030215,0.14221344417143758,False
1982-08-22 18:00:00,0.044859152,0.092261955,0.07324137,0.06388342618569731,0.14077861382513765,False
1982-08-22 19:00:00,0.0031486547,0.08156915,0.06336035,0.03533724896074273,0.13958239657443786,False
1982-08-22 20:00:00,0.0,0.082214996,0.06546157,0.03387225830554962,0.13860904169491367,False
1982-08-22 21:00:00,0.0,0.08630002,0.07095698,0.03567638551443816,0.1376942141276213,False
1982-08-22 22:00:00,0.0,0.08517719,0.068308845,0.03511906097084284,0.1367896300555567,False
1982-08-22 23:00:00,0.0,0.088397704,0.07508413,0.0366732956841588,0.13591754683120053,False
1982-08-23 00:00:00,0.0,0.09018403,0.07670301,0.03741987079381943,0.1351625047141115,False
1982-08-23 01:00:00,0.0,0.09427048,0.07917228,0.03906111140549183,0.13443693546963734,False
1982-08-23 02:00:00,0.0,0.09267329,0.077000916,0.03835449229180812,0.13379666606396315,False
1982-08-23 03:00:00,0.0,0.09328619,0.076559715,0.038556827411055566,0.13325243783615406,False
1982-08-23 04:00:00,7.203314e-07,0.0970853,0.07778284,0.040025163598937756,0.1327250145572598,False
1982-08-23 05:00:00,0.011623727,0.10102791,0.08026754,0.048320637831464404,0.132246938534924,False
1982-08-23 06:00:00,0.08151779,0.10485887,0.08411531,0.09027091574668883,0.13170544296612594,False
1982-08-23 07:00:00,0.1853288,0.111621045,0.09144836,0.153061092428863,0.13098182883145537,False
1982-08-23 08:00:00,0.30983433,0.14011884,0.11500849,0.23668871849775314,0.13002536441642729,False
1982-08-23 09:00:00,0.42263263,0.15371732,0.12355552,0.30725272080302235,0.12901636802219724,False
1982-08-23 10:00:00,0.5073996,0.13978973,0.10852508,0.3502123448848724,0.12824534986254385,False
1982-08-23 11:00:00,0.532956,0.14636616,0.11369184,0.3676640881150961,0.12795609286948353,False
1982-08-23 12:00:00,0.48689538,0.14471489,0.11580104,0.3405916867256164,0.1283479535447831,False
1982-08-23 13:00:00,0.41218323,0.1342255,0.10878756,0.2932334595620632,0.12870075695396027,False
1982-08-23 14:00:00,0.3748487,0.11946547,0.09898223,0.26571549516916276,0.12937983946557405,False
1982-08-23 15:00:00,0.28322956,0.099709116,0.084143944,0.20475989267975092,0.13000850620346702,False
1982-08-23 16:00:00,0.19828576,0.08601732,0.07236192,0.1500588165000081,0.13025033417383766,False
1982-08-23 17:00:00,0.117610365,0.079059385,0.06367769,0.10047268898040054,0.13046273685876217,False
1982-08-23 18:00:00,0.042791255,0.07025439,0.053961217,0.053528330758214,0.13032148404365962,False
1982-08-23 19:00:00,0.0029101102,0.06464877,0.047984224,0.028125677707605063,0.13009892878961685,False
1982-08-23 20:00:00,0.0,0.061100792,0.04478316,0.024964482944458723,0.1300120500294132,False
1982-08-23 21:00:00,0.0,0.05613537,0.04116374,0.022936793915927407,0.12996480880869685,False
1982-08-23 22:00:00,0.0,0.069035605,0.052481584,0.028308143645524978,0.12994132914492992,False
1982-08-23 23:00:00,0.0,0.07081348,0.05362139,0.02902572803199291,0.13006673752755057,False
1982-08-24 00:00:00,0.0,0.06923051,0.052368425,0.02837395378947258,0.13023225156223533,False
1982-08-24 01:00:00,0.0,0.07089297,0.05375068,0.029062041588127613,0.13048871758213398,False
1982-08-24 02:00:00,0.0,0.07209147,0.054526936,0.029546206131577494,0.1307995159505507,False
1982-08-24 03:00:00,0.0,0.06902394,0.05238643,0.028298699922859667,0.13123525779513773,False
1982-08-24 04:00:00,2.0169277e-07,0.07050264,0.0538336,0.02892260450735789,0.13175243370706347,False
1982-08-24 05:00:00,0.008584188,0.06606509,0.050770927,0.03207272415794432,0.13231936400052996,False
1982-08-24 06:00:00,0.06520424,0.06165371,0.04751174,0.06293870006501674,0.13281096329169526,False
1982-08-24 07:00:00,0.1584429,0.06098296,0.045681745,0.11639107996597885,0.13280718818021806,False
1982-08-24 08:00:00,0.2659999,0.058067184,0.042921767,0.17722651619836688,0.1320466175007372,False
1982-08-24 09:00:00,0.36149633,0.053474437,0.039918497,0.23047104827687143,0.1302461144495183,False
1982-08-24 10:00:00,0.4500592,0.05474344,0.041038364,0.28210056209564205,0.12771017681180677,False
1982-08-24 11:00:00,0.52245915,0.04946624,0.036509898,0.3216835066340863,0.12490300541986267,False
1982-08-24 12:00:00,0.49698564,0.051792953,0.0378889,0.30791831693425775,0.12207870262607178,False
1982-08-24 13:00:00,0.47676727,0.057551973,0.042078596,0.2986036378443241,0.12043513277881335,False
1982-08-24 14:00:00,0.4259876,0.06390181,0.046584424,0.2718901733830571,0.11977152445409935,False
1982-08-24 15:00:00,0.31833008,0.07166129,0.054705948,0.21307359424233435,0.11966352263366671,False
1982-08-24 16:00:00,0.23302093,0.077665605,0.06246066,0.1664845612719655,0.11990373422184207,False
1982-08-24 17:00:00,0.12245025,0.07396147,0.06031254,0.10120245103538035,0.12013336138638847,False
1982-08-24 18:00:00,0.041487195,0.07067097,0.058982868,0.053200773991644384,0.12032090533643208,False
1982-08-24 19:00:00,0.0018115758,0.07244306,0.06278333,0.031167068470967934,0.1205252912840234,False
1982-08-24 20:00:00,0.0,0.07574623,0.0676726,0.03160467971116304,0.12071325371915594,False
1982-08-24 21:00:00,0.0,0.08268199,0.07480939,0.03454936165362596,0.12088586222252928,False
1982-08-24 22:00:00,0.0,0.098754495,0.08700471,0.041138663336634636,0.12103312984307417,False
1982-08-24 23:00:00,0.0,0.107219726,0.093590565,0.044617969349026676,0.12109785357921504,False
1982-08-25 00:00:00,0.0,0.11962177,0.10351495,0.04973023974895477,0.12108149342297697,False
1982-08-25 01:00:00,0.0,0.1299323,0.11174842,0.053979433089494704,0.12097514587513292,False
1982-08-25 02:00:00,0.0,0.14268169,0.122602925,0.05927010083198547,0.12080160688062319,False
1982-08-25 03:00:00,0.0,0.15276495,0.12983344,0.06338127118349075,0.12065095119493202,False
1982-08-25 04:00:00,2.8813256e-08,0.16190104,0.13882068,0.06723781768532912,0.1205213926226192,False
1982-08-25 05:00:00,0.005571907,0.16516556,0.1436356,0.07191740380739793,0.12035296618666308,False
1982-08-25 06:00:00,0.034561094,0.16817413,0.14984637,0.09008971039578319,0.1201969723604996,False
1982-08-25 07:00:00,0.07617334,0.1739894,0.155548,0.11655369981378316,0.12018175421334533,False
1982-08-25 08:00:00,0.12875137,0.18218373,0.16202292,0.15026457203924656,0.12014676856588613,False
1982-08-25 09:00:00,0.17410962,0.204605,0.1771707,0.1855277141928673,0.12040167941647312,False
1982-08-25 10:00:00,0.22962296,0.19969669,0.17199244,0.2154681180715561,0.1208978153292311,False
1982-08-25 11:00:00,0.25988588,0.19768421,0.170332,0.23209755401313303,0.1215216679528577,False
1982-08-25 12:00:00,0.30739298,0.20313619,0.17365421,0.2617003340572118,0.12180816366769415,False
1982-08-25 13:00:00,0.3068148,0.2032067,0.1734232,0.26138025997579095,0.12225929883314028,False
1982-08-25 14:00:00,0.31558257,0.18873717,0.16289347,0.26053140778839584,0.12244235274651129,False
1982-08-25 15:00:00,0.25583345,0.16513987,0.14328775,0.21629004891216755,0.12244649706165349,False
1982-08-25 16:00:00,0.1827315,0.13357998,0.11766359,0.16108092039823532,0.12246852997905307,False
1982-08-25 17:00:00,0.10961501,0.11103729,0.097299546,0.10947479858249426,0.12177860210138881,False
1982-08-25 18:00:00,0.04002651,0.096827015,0.08359986,0.06333885624259711,0.12123701292351552,False
1982-08-25 19:00:00,0.0023154619,0.086324856,0.07329595,0.03714787459396757,0.12073665219620533,False
1982-08-25 20:00:00,0.0,0.080478586,0.065798014,0.03324969110637903,0.1203086182604673,False
1982-08-25 21:00:00,0.0,0.07301,0.056758344,0.030005639702081678,0.11987098307701655,False
1982-08-25 22:00:00,0.0,0.075968556,0.062638626,0.03141488298028708,0.11937707543027483,False
1982-08-25 23:00:00,0.0,0.06869908,0.05352743,0.028240440532565116,0.11872852260460041,False
1982-08-26 00:00:00,0.0,0.056953132,0.0417327,0.023269271492958068,0.11801070707807214,False
1982-08-26 01:00:00,0.0,0.0507686,0.037010312,0.02073216985166073,0.11719566357337301,False
1982-08-26 02:00:00,0.0,0.054638285,0.039874185,0.02231473321840167,0.11627787978601538,False
1982-08-26 03:00:00,0.0,0.05404428,0.03958424,0.022079888451844453,0.11524697725292192,False
1982-08-26 04:00:00,0.0,0.050955337,0.0376966,0.020838135581463576,0.11418120642452396,False
1982-08-26 05:00:00,0.008781848,0.047753207,0.035128906,0.024585020502097907,0.11312757322554325,False
1982-08-26 06:00:00,0.07246937,0.049932744,0.03644853,0.06220822900161147,0.11214864360364818,False
1982-08-26 07:00:00,0.16101202,0.05339954,0.038951866,0.11471176888793706,0.11151870675224233,False
1982-08-26 08:00:00,0.28861848,0.0561289,0.041070603,0.1894622370265424,0.1113881499698452,False
1982-08-26 09:00:00,0.39471874,0.06496853,0.047397684,0.25428557208925484,0.11196953193294547,False
1982-08-26 10:00:00,0.47692037,0.090252385,0.06591309,0.3120454880297184,0.11327375246314995,False
1982-08-26 11:00:00,0.51399386,0.09515968,0.06938745,0.33543530094623564,0.11499173980712933,False
1982-08-26 12:00:00,0.5095404,0.08709835,0.063494705,0.3295728048756718,0.11725078861828936,False
1982-08-26 13:00:00,0.4775914,0.07789334,0.056987934,0.30739022568613295,0.11858591629729959,False
1982-08-26 14:00:00,0.4220392,0.069967814,0.05100653,0.27208910050988194,0.11962049465326013,False
1982-08-26 15:00:00,0.332767,0.054178383,0.03949604,0.21413117427751419,0.1199225004841019,False
1982-08-26 16:00:00,0.211049,0.02838813,0.020694949,0.1333680231440812,0.1199412127892553,False
1982-08-26 17:00:00,0.11794613,0.017511869,0.012766151,0.07520617049746214,0.11990637579259816,False
1982-08-26 18:00:00,0.037205517,0.01889451,0.013774098,0.02918345908075571,0.11959179471893279,False
1982-08-26 19:00:00,0.0013067386,0.024075074,0.018217575,0.010621439555543476,0.11924944152724042,False
1982-08-26 20:00:00,0.0,0.025836295,0.019714782,0.01059819090552628,0.11895497307744067,False
1982-08-26 21:00:00,0.0,0.02640786,0.020320263,0.010841794610023499,0.11871377258961278,False
1982-08-26 22:00:00,0.0,0.02443872,0.018337777,0.010008127704262732,0.11853591565698574,False
1982-08-26 23:00:00,0.0,0.024689723,0.01948734,0.01016282407566905,0.11827982668233293,False
1982-08-27 00:00:00,0.0,0.025904993,0.019429801,0.010608151523396373,0.1180494070996456,False
1982-08-27 01:00:00,0.0,0.024306165,0.017719192,0.009925811296328902,0.11790296256592686,False
1982-08-27 02:00:00,0.0,0.023965705,0.017471,0.00978677924349904,0.11779713403600457,False
1982-08-27 03:00:00,0.0,0.029934596,0.021822322,0.012224271420389414,0.11764080284493234,False
1982-08-27 04:00:00,0.0,0.040750295,0.03012158,0.016663424134254454,0.11744480955639579,False
1982-08-27 05:00:00,0.0058571585,0.052596804,0.039647795,0.02492878195643425,0.11724460260899927,False
1982-08-27 06:00:00,0.05578209,0.067451596,0.05142289,0.059852741528302424,0.11699747631106133,False
1982-08-27 07:00:00,0.12750465,0.08916216,0.07066583,0.11028697425872089,0.11658757233030857,False
1982-08-27 08:00:00,0.22459318,0.11788202,0.09411439,0.1781709062680602,0.11616097421869476,False
1982-08-27 09:00:00,0.32901743,0.14145674,0.11277233,0.24813029964268205,0.11550404139723625,False
1982-08-27 10:00:00,0.41848513,0.13747235,0.106264666,0.29793151058256623,0.11465102005954673,False
1982-08-27 11:00:00,0.48943746,0.14163531,0.10857502,0.34053189694881436,0.11351094869234207,False
1982-08-27 12:00:00,0.46886623,0.13476291,0.10228025,0.325786462649703,0.11217007669413614,False
1982-08-27 13:00:00,0.44340977,0.13433544,0.104126014,0.31104002106189726,0.11088230927250732,False
1982-08-27 14:00:00,0.38131362,0.1337518,0.104728065,0.2750276876688003,0.10957798999954477,False
1982-08-27 15:00:00,0.28757402,0.12473835,0.09684402,0.2171882395595312,0.10847948847457918,False
1982-08-27 16:00:00,0.20705715,0.09732005,0.074549474,0.15940874455869194,0.10761227634631637,False
1982-08-27 17:00:00,0.11323352,0.070885606,0.05337734,0.09437490704655649,0.10736461325316764,False
1982-08-27 18:00:00,0.039122146,0.059324633,0.04521547,0.046905903041362766,0.1073386023161878,False
1982-08-27 19:00:00,0.0014832775,0.05396982,0.04153101,0.023013389003579503,0.10726371367180676,False
1982-08-27 20:00:00,0.0,0.0527171,0.041101065,0.021672067690640687,0.10711234557461803,False
1982-08-27 21:00:00,0.0,0.052134145,0.041314952,0.021468506935983893,0.10693879741275096,False
1982-08-27 22:00:00,0.0,0.046392206,0.03710904,0.019122612196952105,0.10675958388463706,False
1982-08-27 23:00:00,0.0,0.041871488,0.03203188,0.017180300563573836,0.10660944759187052,False
1982-08-28 00:00:00,0.0,0.03972226,0.029304072,0.016239933874458073,0.10646023382123322,False
1982-08-28 01:00:00,0.0,0.03830191,0.02812954,0.01565240041539073,0.10629659988479917,False
1982-08-28 02:00:00,0.0,0.036256574,0.026521485,0.014810836046934128,0.10615377068707832,False
1982-08-28 03:00:00,0.0,0.031031502,0.022621967,0.012672210602089763,0.1060352707804611,False
1982-08-28 04:00:00,0.0,0.027495438,0.020044174,0.011228202106431127,0.10589040442744381,False
1982-08-28 05:00:00,0.006533261,0.021924613,0.015983045,0.012722958201076835,0.10565504878895236,False
1982-08-28 06:00:00,0.061758645,0.016891954,0.012314234,0.042532837925478816,0.10531889818398277,False
1982-08-28 07:00:00,0.15328772,0.014173665,0.010332603,0.09423505953047423,0.10505261648839258,False
1982-08-28 08:00:00,0.26630297,0.010462786,0.007627372,0.15792946159653365,0.10504988313464404,False
1982-08-28 09:00:00,0.3636211,0.008647099,0.006303736,0.21334054788015783,0.10529052774788612,False
1982-08-28 10:00:00,0.44122285,0.0067010475,0.0048850635,0.25732206240389494,0.10564556482096703,False
1982-08-28 11:00:00,0.46499085,0.0067922454,0.0049515474,0.2710734450323507,0.10612129234545897,False
1982-08-28 12:00:00,0.45896286,0.0071955053,0.0052455235,0.26775996863748874,0.10632280523485227,False
1982-08-28 13:00:00,0.41820547,0.008517713,0.0062094126,0.2447829005839303,0.10695621855568639,False
1982-08-28 14:00:00,0.3730198,0.010110035,0.0073702144,0.21936102731153367,0.10738075730425804,False
1982-08-28 15:00:00,0.2911092,0.011105188,0.008095682,0.17250499212089923,0.1075599920563015,False
1982-08-28 16:00:00,0.20222378,0.011746999,0.008563561,0.12148019467294215,0.10764922501725022,False
1982-08-28 17:00:00,0.121213704,0.009837592,0.007171605,0.07395764552243055,0.10768674278247668,False
1982-08-28 18:00:00,0.03932865,0.007092102,0.0051701423,0.025588804150465872,0.10777277366890758,False
1982-08-28 19:00:00,0.0014348425,0.006190199,0.004512655,0.0033557708904845642,0.10765766132456127,False
1982-08-28 20:00:00,0.0,0.0055535454,0.0040485347,0.002267879135906696,0.10753893349931393,False
1982-08-28 21:00:00,0.0,0.005484162,0.003997954,0.002239545260556042,0.1074979900452942,False
1982-08-28 22:00:00,0.0,0.0068604774,0.005001287,0.0028015856514684856,0.10753936359921289,False
1982-08-28 23:00:00,0.0,0.00734773,0.005356495,0.003000563085079193,0.10775991332118218,False
1982-08-29 00:00:00,0.0,0.006743271,0.0049158446,0.0027537225745618344,0.10805327919457858,False
1982-08-29 01:00:00,0.0,0.00751779,0.0054804687,0.00307000980572775,0.10838919444085848,False
1982-08-29 02:00:00,0.0,0.010037035,0.007316998,0.004098783725872635,0.10877880211227392,False
1982-08-29 03:00:00,0.0,0.012906771,0.009409036,0.005270686475560069,0.1092143384996504,False
1982-08-29 04:00:00,0.0,0.013141039,0.009579818,0.005366353486664593,0.10973994011333495,False
1982-08-29 05:00:00,0.0075170896,0.010912251,0.0079550315,0.008793552917893976,0.11033952923265104,False
1982-08-29 06:00:00,0.07647334,0.0072143683,0.0052592745,0.04707122013997286,0.11104030882986778,False
1982-08-29 07:00:00,0.18639731,0.0063779135,0.0046494994,0.11015577327879145,0.11210148374709661,False
1982-08-29 08:00:00,0.32207593,0.00951116,0.006933635,0.18972184770368036,0.11351288768868865,False
1982-08-29 09:00:00,0.4490124,0.014917807,0.010875082,0.26517207915056495,0.11521803243309386,False
1982-08-29 10:00:00,0.5416973,0.020097354,0.014650971,0.3207664317581802,0.11733977829675162,False
1982-08-29 11:00:00,0.5881189,0.026459698,0.020301402,0.3502045156396925,0.11961438861249218,False
1982-08-29 12:00:00,0.596155,0.029684382,0.023246987,0.3561903020497411,0.12232723483290493,False
1982-08-29 13:00:00,0.5519263,0.03145849,0.024966938,0.3314178809933364,0.12467908127129125,False
1982-08-29 14:00:00,0.46646568,0.035078604,0.028449122,0.28363095576688646,0.12663177185469277,False
1982-08-29 15:00:00,0.35789028,0.036218785,0.029703697,0.22147142168506978,0.12772942215098038,False
1982-08-29 16:00:00,0.25603485,0.032603517,0.026792414,0.16120959728956222,0.12843198051071306,False
1982-08-29 17:00:00,0.14793123,0.03190788,0.025445571,0.09850438959524034,0.12885649203532887,False
1982-08-29 18:00:00,0.046618637,0.035079416,0.028467642,0.041380510512739416,0.12901281131808381,False
1982-08-29 19:00:00,0.0012182243,0.040153,0.033242237,0.017314453391707504,0.12916827592943958,False
1982-08-29 20:00:00,0.0,0.047664013,0.03923632,0.019706781897693874,0.1294723621403891,False
1982-08-29 21:00:00,0.0,0.05668477,0.04699551,0.023454437524080274,0.12989069787129753,False
1982-08-29 22:00:00,0.0,0.07174394,0.05991637,0.029708998851478097,0.13036073666626816,False
1982-08-29 23:00:00,0.0,0.07542074,0.06354834,0.03126186248660087,0.13091196828229928,False
1982-08-30 00:00:00,0.0,0.07795235,0.06665647,0.032363865695893765,0.1313858363184763,False
1982-08-30 01:00:00,0.0,0.08269876,0.07106899,0.03435356864333153,0.1317695529180264,False
1982-08-30 02:00:00,0.0,0.08596611,0.07398311,0.035716582641005516,0.1320893169834953,False
1982-08-30 03:00:00,0.0,0.09125419,0.078301705,0.03790108805894852,0.13235024656695074,False
1982-08-30 04:00:00,0.0,0.09632121,0.08270284,0.04000847983360291,0.132545343981611,False
1982-08-30 05:00:00,0.0077692927,0.10082391,0.086545825,0.0463603788674809,0.13270286969534115,False
1982-08-30 06:00:00,0.08516279,0.106661506,0.09207795,0.09346923395246266,0.13281969037762759,False
1982-08-30 07:00:00,0.20353208,0.10714197,0.09276015,0.1619824487268925,0.13270725286565868,False
1982-08-30 08:00:00,0.33793095,0.107890174,0.0921996,0.23977640932798383,0.13237129619165744,False
1982-08-30 09:00:00,0.46646374,0.111080594,0.09344499,0.31518434933573003,0.1314407530319989,False
1982-08-30 10:00:00,0.5598176,0.1052991,0.085800506,0.3665033575594425,0.12999184957149704,False
1982-08-30 11:00:00,0.61182874,0.117092185,0.09366411,0.401290063612163,0.12814430953454725,False
1982-08-30 12:00:00,0.5716198,0.12352798,0.09707672,0.38064859768003223,0.12605537427278035,False
1982-08-30 13:00:00,0.49503443,0.12870611,0.09971535,0.338512048587203,0.1238162589223954,False
1982-08-30 14:00:00,0.39695182,0.104697265,0.080995336,0.272048241533339,0.12175541785706838,False
1982-08-30 15:00:00,0.3057864,0.0724962,0.0562582,0.20622779338806868,0.11989547463617205,False
1982-08-30 16:00:00,0.20847248,0.052630406,0.0397687,0.141856747854501,0.11852870616869919,False
1982-08-30 17:00:00,0.111427024,0.0420347,0.030680995,0.08146097109466792,0.11753142508393072,False
1982-08-30 18:00:00,0.030553259,0.037764836,0.027530566,0.03305110549554229,0.11684511910287892,False
1982-08-30 19:00:00,0.0005584873,0.043170996,0.031473413,0.01795190901606111,0.11661287367594347,False
1982-08-30 20:00:00,0.0,0.054557633,0.041041255,0.022347994219511745,0.1166139072010698,False
1982-08-30 21:00:00,0.0,0.060340874,0.046956018,0.024801407419145105,0.11655442978683246,False
1982-08-30 22:00:00,0.0,0.07108181,0.056139175,0.029260703220963476,0.11643008758369221,False
1982-08-30 23:00:00,0.0,0.062431417,0.05016733,0.02574622882157564,0.11615406336644052,False
1982-08-31 00:00:00,0.0,0.05123828,0.04194804,0.021172119352966545,0.11590600803526437,False
1982-08-31 01:00:00,0.0,0.044541378,0.03672068,0.01841868494823575,0.1157069172846092,False
1982-08-31 02:00:00,0.0,0.040138807,0.03355896,0.01662340373173356,0.11550873600676974,False
1982-08-31 03:00:00,0.0,0.03530862,0.029749647,0.014635362379252911,0.11533651983443965,False
1982-08-31 04:00:00,0.0,0.031241762,0.025914403,0.012927587745711207,0.1152058819614755,False
1982-08-31 05:00:00,0.0048654345,0.028165344,0.022232926,0.0144009456676431,0.11508205136875006,False
1982-08-31 06:00:00,0.056206938,0.022603856,0.016703581,0.04167421956546604,0.11491403807046267,False
1982-08-31 07:00:00,0.1489309,0.019827114,0.014453967,0.0940298529267311,0.11425636075947809,False
1982-08-31 08:00:00,0.2408611,0.014885959,0.010851865,0.14505577604006975,0.11298394402472056,False
1982-08-31 09:00:00,0.33151928,0.010623046,0.0077442,0.19562471304647625,0.11114604097836095,False
1982-08-31 10:00:00,0.39735085,0.006888602,0.0050217914,0.23208450998459013,0.10883317384712153,False
1982-08-31 11:00:00,0.4295206,0.0051479135,0.003752829,0.2499356230748817,0.10605537448232127,False
1982-08-31 12:00:00,0.42760015,0.004866912,0.0035479784,0.24871276523126287,0.10282544755515087,False
1982-08-31 13:00:00,0.39650092,0.00910086,0.006634526,0.23249750985763964,0.10018434196895364,False
1982-08-31 14:00:00,0.32539406,0.01616517,0.011784409,0.19435368116386234,0.09818584950856618,False
1982-08-31 15:00:00,0.25558153,0.020559972,0.01498822,0.15586653524637223,0.09707192080016312,False
1982-08-31 16:00:00,0.17765994,0.026521105,0.019333886,0.11334010522067546,0.09641224842268727,False
1982-08-31 17:00:00,0.091225326,0.03164977,0.023072682,0.06556170250475406,0.09624910732675407,False
1982-08-31 18:00:00,0.025901072,0.037432633,0.027317962,0.030232730019837614,0.09645449775758573,False
1982-08-31 19:00:00,0.00046665946,0.041846,0.030622708,0.017364062597771405,0.09689886858436964,False
1982-08-31 20:00:00,0.0,0.041136965,0.030968998,0.016851866014301775,0.09734406773672978,False
1982-08-31 21:00:00,0.0,0.042489566,0.033469666,0.017486011773347854,0.09764032476112787,False
1982-08-31 22:00:00,0.0,0.03997621,0.03164102,0.016459836423397062,0.09782681775648687,False
1982-08-31 23:00:00,0.0,0.046992082,0.03731719,0.019355206590145828,0.09781757311240379,False
1982-09-01 00:00:00,0.0,0.05533747,0.04422191,0.022807509664446116,0.09779996369706075,False
1982-09-01 01:00:00,0.0,0.06047724,0.046754934,0.024840867307037114,0.09778811888533252,False
1982-09-01 02:00:00,0.0,0.06689818,0.051199578,0.027450206369161605,0.09779135364058035,False
1982-09-01 03:00:00,0.0,0.07689585,0.060294487,0.031630470156669616,0.09782188593616316,False
1982-09-01 04:00:00,0.0,0.08259729,0.0664113,0.03406461138278246,0.09792192065293508,False
1982-09-01 05:00:00,0.00360546,0.08716458,0.07503074,0.03829574054968544,0.09808779913381745,False
1982-09-01 06:00:00,0.039399073,0.09447096,0.07977172,0.06190072302520275,0.09830584593114534,False
1982-09-01 07:00:00,0.10097406,0.10285529,0.08686688,0.10090644545853138,0.0984625008414462,False
1982-09-01 08:00:00,0.17761396,0.11824319,0.10077912,0.15155706310272216,0.0982732505794577,False
1982-09-01 09:00:00,0.25184274,0.14184123,0.12063061,0.20416672703623773,0.09802354810498669,False
1982-09-01 10:00:00,0.2971568,0.1483179,0.129263,0.23316898804903027,0.09775303149649421,False
1982-09-01 11:00:00,0.31908867,0.14988358,0.12652533,0.24625357110798357,0.09748356970171845,False
1982-09-01 12:00:00,0.32965112,0.15351014,0.13002951,0.2538755295425653,0.09735741657607737,False
1982-09-01 13:00:00,0.31466094,0.14736156,0.12312285,0.2425844104886055,0.09728744866233525,False
1982-09-01 14:00:00,0.27817866,0.14041112,0.11590502,0.21857966352999209,0.09765942699078212,False
1982-09-01 15:00:00,0.2125135,0.1254366,0.10476147,0.17456351926922797,0.09863628975938592,False
1982-09-01 16:00:00,0.14792001,0.11750317,0.098471425,0.1340259752497077,0.09970145072865817,False
1982-09-01 17:00:00,0.07977583,0.1092689,0.09201544,0.09131971177458763,0.10069592096858554,False
1982-09-01 18:00:00,0.020095833,0.10319648,0.087150164,0.05438090518116951,0.10159896847404125,False
1982-09-01 19:00:00,0.00025496847,0.09436499,0.0806235,0.03932146832934813,0.10236161105490184,False
1982-09-01 20:00:00,0.0,0.088039815,0.07558592,0.036568331390619276,0.10304917972263343,False
1982-09-01 21:00:00,0.0,0.0812288,0.06999341,0.03375307119637728,0.10374576833852028,False
1982-09-01 22:00:00,0.0,0.06951942,0.058598023,0.02881696030497551,0.10443414782321474,False
1982-09-01 23:00:00,0.0,0.060140055,0.05017216,0.024900976885110136,0.10526072363609841,False
1982-09-02 00:00:00,0.0,0.050010704,0.039807756,0.020603568390011786,0.10599794395578488,False
1982-09-02 01:00:00,0.0,0.04526482,0.034652483,0.018573953200131655,0.10664383276326976,False
1982-09-02 02:00:00,0.0,0.044213675,0.03285385,0.018088953919708727,0.1072636382741241,False
1982-09-02 03:00:00,0.0,0.04748681,0.03545179,0.019437028784304856,0.1078559569002448,False
1982-09-02 04:00:00,0.0,0.05105233,0.037989736,0.020889754828065633,0.10837947105368062,False
1982-09-02 05:00:00,0.003167412,0.056403816,0.041233096,0.024867191939381885,0.10887284540742098,False
1982-09-02 06:00:00,0.04154263,0.0617637,0.045050964,0.04919365525990724,0.1093476207826033,False
1982-09-02 07:00:00,0.09926858,0.06770063,0.049746994,0.08494584035128355,0.11005532581685679,False
1982-09-02 08:00:00,0.17653662,0.07613688,0.05766517,0.13307005726546048,0.11126603738669254,False
1982-09-02 09:00:00,0.24876902,0.09487498,0.07576532,0.18263991583883762,0.11309199540550458,False
1982-09-02 10:00:00,0.31447884,0.0917429,0.071165174,0.21915034383535384,0.11543862292217659,False
1982-09-02 11:00:00,0.3440013,0.11018363,0.087662384,0.24388027304410934,0.1183296176578596,False
1982-09-02 12:00:00,0.334549,0.12638833,0.10522656,0.24535430537164207,0.12174787368144789,False
1982-09-02 13:00:00,0.33159307,0.14229396,0.120681465,0.2503524696230888,0.12541069243150402,False
1982-09-02 14:00:00,0.3113119,0.14841068,0.12689976,0.24124309405684471,0.12902240770854004,False
1982-09-02 15:00:00,0.24702899,0.15490784,0.13513966,0.2069942617714405,0.13223297493734656,False
1982-09-02 16:00:00,0.17298326,0.14659218,0.13279296,0.16107467673718928,0.13502198713319943,False
1982-09-02 17:00:00,0.09467021,0.1295576,0.11993558,0.10890798276662826,0.13683387153534166,False
1982-09-02 18:00:00,0.027246762,0.12189966,0.1136522,0.06683957390114664,0.1377648862795961,False
1982-09-02 19:00:00,0.00030637134,0.119486146,0.11296657,0.0503673586488876,0.1380681547632032,False
1982-09-02 20:00:00,0.0,0.11962213,0.11384356,0.0502881195768714,0.13827748047511543,False
1982-09-02 21:00:00,0.0,0.12019826,0.11435315,0.050528227038681504,0.1385687372605082,False
1982-09-02 22:00:00,0.0,0.13373275,0.12570538,0.056135475441813465,0.13897371491787475,False
1982-09-02 23:00:00,0.0,0.13042948,0.12246861,0.05474178193509579,0.1395262222951044,False
1982-09-03 00:00:00,0.0,0.12808684,0.121224634,0.053810172423720354,0.14018448459936758,False
1982-09-03 01:00:00,0.0,0.13000375,0.12259533,0.054591531828045846,0.14096505660491515,False
1982-09-03 02:00:00,0.0,0.13325046,0.12429779,0.05588150042295456,0.14181837078321244,False
1982-09-03 03:00:00,0.0,0.13548627,0.12527248,0.05675914952158928,0.14271224450969588,False
1982-09-03 04:00:00,0.0,0.13778874,0.12782471,0.05774658036231995,0.14359234975671847,False
1982-09-03 05:00:00,0.0040925196,0.14008594,0.13021971,0.061084958558436486,0.14445246133857859,False
1982-09-03 06:00:00,0.063150585,0.14176491,0.13187826,0.09587056466937065,0.14530084535172097,False
1982-09-03 07:00:00,0.15494752,0.16649662,0.1514561,0.159020600810647,0.14651143342073275,False
1982-09-03 08:00:00,0.2721738,0.19684534,0.1763489,0.23920304800570008,0.14841535642513273,False
1982-09-03 09:00:00,0.39272138,0.21653834,0.19077706,0.31680484783649443,0.1512845382218859,False
1982-09-03 10:00:00,0.49356776,0.20915604,0.18462144,0.3719367353618145,0.15484027195197111,False
1982-09-03 11:00:00,0.5580653,0.21209481,0.18635553,0.410329860240221,0.15870949814130134,False
1982-09-03 12:00:00,0.59067434,0.21333614,0.18797591,0.42969082954525945,0.16269148714657142,False
1982-09-03 13:00:00,0.5720146,0.20619482,0.18163794,0.41594674378633495,0.1666847364160842,False
1982-09-03 14:00:00,0.5045147,0.19566312,0.1737448,0.3726868905127048,0.17003960162062706,False
1982-09-03 15:00:00,0.40821826,0.17449056,0.15753983,0.30843610467016697,0.17251272609274101,False
1982-09-03 16:00:00,0.2765726,0.14670867,0.1347879,0.2209964265525341,0.17414094809104264,False
1982-09-03 17:00:00,0.1435302,0.1268192,0.118429795,0.13600841949880121,0.17501900141642623,False
1982-09-03 18:00:00,0.034015056,0.11758541,0.10966829,0.06893779239431023,0.1752986472789497,False
1982-09-03 19:00:00,0.00021105708,0.1176221,0.10823644,0.049369102501135784,0.17505425634882296,False
1982-09-03 20:00:00,0.0,0.12084162,0.11033516,0.050548657089471816,0.17471085239742798,False
1982-09-03 21:00:00,0.0,0.12697595,0.117368,0.053191998749971395,0.17430271330271763,False
1982-09-03 22:00:00,0.0,0.13217913,0.12154105,0.055337314411997796,0.17382094418565655,False
1982-09-03 23:00:00,0.0,0.13497481,0.1239234,0.05649756748974324,0.17309036783320741,False
1982-09-04 00:00:00,0.0,0.13875547,0.12722696,0.05807102465629578,0.17237850632803428,False
1982-09-04 01:00:00,0.0,0.14228207,0.13020279,0.05953303375840187,0.1716518249621699,False
1982-09-04 02:00:00,0.0,0.14580254,0.13321768,0.06099489279091358,0.17088119693362067,False
1982-09-04 03:00:00,0.0,0.14745753,0.13463433,0.061682080641388894,0.17006523757642977,False
1982-09-04 04:00:00,0.0,0.14869112,0.13533497,0.062175110757350924,0.16921197373076255,False
1982-09-04 05:00:00,0.0043500527,0.15091789,0.13686933,0.06558962457021698,0.1683003567578821,False
1982-09-04 06:00:00,0.0716205,0.15786043,0.14308065,0.10730188257247208,0.1673262769756079,False
1982-09-04 07:00:00,0.1905237,0.15876289,0.14478639,0.17633414456248284,0.16630117465804187,False
1982-09-04 08:00:00,0.33148727,0.19031595,0.17214899,0.27079078350961205,0.1652128404253955,False
1982-09-04 09:00:00,0.46110457,0.2091015,0.18702489,0.3533151348829269,0.16387729053742728,False
1982-09-04 10:00:00,0.5620059,0.19334313,0.17133692,0.4048732009232044,0.16230821558507325,False
1982-09-04 11:00:00,0.6099587,0.19940902,0.17569706,0.4350157452970743,0.16094772289879786,False
1982-09-04 12:00:00,0.61232793,0.20116633,0.17567919,0.43703027030825614,0.15942751587376472,False
1982-09-04 13:00:00,0.5714633,0.19638675,0.17009205,0.41138599944114684,0.1578359453461615,False
1982-09-04 14:00:00,0.4943263,0.17993088,0.1543019,0.3599530687183142,0.1561458607195738,False
1982-09-04 15:00:00,0.3857347,0.15077917,0.12856439,0.2851489176899194,0.1544161718063228,False
1982-09-04 16:00:00,0.26440218,0.12195008,0.1048444,0.20322123635560274,0.15269843132941527,False
1982-09-04 17:00:00,0.13617784,0.105288245,0.09083351,0.12233098416775465,0.1514270598823997,False
1982-09-04 18:00:00,0.030536488,0.09026872,0.0774092,0.055108809255063534,0.15058675099110086,False
1982-09-04 19:00:00,0.00012453088,0.08134376,0.07030123,0.033883968981928775,0.15023862774095972,False
1982-09-04 20:00:00,0.0,0.07373118,0.06464146,0.030697443030774593,0.15015263198679424,False
1982-09-04 21:00:00,0.0,0.06585357,0.057469275,0.027403309419751165,0.15014176023649162,False
1982-09-04 22:00:00,0.0,0.050734606,0.043458167,0.021067810524255038,0.15012758058766013,False
1982-09-04 23:00:00,0.0,0.049506366,0.042677417,0.020572429686784743,0.15009849379947518,False
1982-09-05 00:00:00,0.0,0.045516167,0.039518543,0.01892946686223149,0.15009279549671448,False
1982-09-05 01:00:00,0.0,0.042342633,0.036610276,0.017601386457681653,0.15004878602633362,False
1982-09-05 02:00:00,0.0,0.040368497,0.033693995,0.016715451277792455,0.14989281301843113,False
1982-09-05 03:00:00,0.0,0.03816639,0.031834953,0.015802484929561614,0.1495572821445774,False
1982-09-05 04:00:00,0.0,0.033978917,0.026865656,0.013988965664058923,0.14912874427614842,False
1982-09-05 05:00:00,0.0035779148,0.0299765,0.02228414,0.014329129009274766,0.14863615346830447,False
1982-09-05 06:00:00,0.06259262,0.025833964,0.018832961,0.046665653426200146,0.14804992978387368,False
1982-09-05 07:00:00,0.16878578,0.022996925,0.016764758,0.10678055764362214,0.1470236498732509,False
1982-09-05 08:00:00,0.28658316,0.023846678,0.01738423,0.1750966533832252,0.1455770029272342,False
1982-09-05 09:00:00,0.39801842,0.028975531,0.021123163,0.2414892501235008,0.14345125476895687,False
1982-09-05 10:00:00,0.5050605,0.037251536,0.02717342,0.30663308642059567,0.14083600975359648,False
1982-09-05 11:00:00,0.55318713,0.044399273,0.033104006,0.3373599230386317,0.1378618078795651,False
1982-09-05 12:00:00,0.5762311,0.050539844,0.04001638,0.3532954442203045,0.13470202034389767,False
1982-09-05 13:00:00,0.54045075,0.05562613,0.045491766,0.334822681710124,0.13150184979712756,False
1982-09-05 14:00:00,0.4540615,0.06681162,0.05583045,0.2896618226766586,0.12836071696664061,False
1982-09-05 15:00:00,0.33823946,0.074305706,0.06299236,0.22598456177860496,0.12557768697528335,False
1982-09-05 16:00:00,0.21822354,0.08187666,0.07116901,0.1599705970957875,0.12341022134855555,False
1982-09-05 17:00:00,0.10289853,0.08718806,0.07645828,0.09567359271645545,0.12159223537911516,False
1982-09-05 18:00:00,0.021372057,0.09582661,0.08400333,0.05222787638753652,0.1204718965141026,False
1982-09-05 19:00:00,5.7165496e-05,0.10864067,0.09481323,0.0452413063011918,0.1199308708916458,False
1982-09-05 20:00:00,0.0,0.12037243,0.10387753,0.0500268130749464,0.11958560374447287,False
1982-09-05 21:00:00,0.0,0.12645507,0.108323246,0.05251137560606003,0.11927308573502259,False
1982-09-05 22:00:00,0.0,0.12994221,0.110971734,0.053941148579120635,0.11897588323124826,False
1982-09-05 23:00:00,0.0,0.13540745,0.115901865,0.056224048957228656,0.11879892453165401,False
1982-09-06 00:00:00,0.0,0.13456453,0.1167455,0.05595857007801533,0.11862792353516587,False
1982-09-06 01:00:00,0.0,0.12513849,0.10870789,0.05204632937908173,0.11847199334062779,False
1982-09-06 02:00:00,0.0,0.108162634,0.09217405,0.04488941084593534,0.11827800968287655,False
1982-09-06 03:00:00,0.0,0.09874008,0.08661433,0.041112262956798075,0.11804641336777157,False
1982-09-06 04:00:00,0.0,0.092591934,0.080820896,0.03853075198084116,0.11780548794624073,False
1982-09-06 05:00:00,0.0022881182,0.08683971,0.075681284,0.03745088771753945,0.11759396621501682,False
1982-09-06 06:00:00,0.042172432,0.08110295,0.06999934,0.058040446862578386,0.11737895248258406,False
1982-09-06 07:00:00,0.13016331,0.07654642,0.06565241,0.10689509115368127,0.11676761023564881,False
1982-09-06 08:00:00,0.22601502,0.092420004,0.07854122,0.16875487191230057,0.11548196151354424,False
1982-09-06 09:00:00,0.31619608,0.109213114,0.09330731,0.22778337414562702,0.11356861136522374,False
1982-09-06 10:00:00,0.38049978,0.102272235,0.089345984,0.2621115109696984,0.11109627457353517,False
1982-09-06 11:00:00,0.4211743,0.09742011,0.08111775,0.2833459435850382,0.10795746114014258,False
1982-09-06 12:00:00,0.42782074,0.089069024,0.06857493,0.28342208406329156,0.10488242231467038,False
1982-09-06 13:00:00,0.38466042,0.09406958,0.073164545,0.2606116235777735,0.10166421567953732,False
1982-09-06 14:00:00,0.3224209,0.09856952,0.073307775,0.22636762913316488,0.09889335823946242,False
1982-09-06 15:00:00,0.2517529,0.08761061,0.0652004,0.18111056760698555,0.09667087215893821,False
1982-09-06 16:00:00,0.14900884,0.07310518,0.055629592,0.11595790982246398,0.09499317751183095,False
1982-09-06 17:00:00,0.07576483,0.060478408,0.046701495,0.06855471864715218,0.09396162399644263,False
1982-09-06 18:00:00,0.015328075,0.049345154,0.038646635,0.029139579377137122,0.0933230666065208,False
1982-09-06 19:00:00,2.178282e-05,0.041859407,0.03430474,0.017311145917628893,0.09293098710685423,False
1982-09-06 20:00:00,0.0,0.037923656,0.031532396,0.015696578577160836,0.09257537126846516,False
1982-09-06 21:00:00,0.0,0.031901214,0.025297059,0.013137589238584043,0.09221215360078865,False
1982-09-06 22:00:00,0.0,0.030486675,0.024522405,0.012573792943730951,0.09188819065995418,False
1982-09-06 23:00:00,0.0,0.029955914,0.024271287,0.012364381855353714,0.09164569709522553,False
1982-09-07 00:00:00,0.0,0.027973976,0.020785563,0.011444817524403333,0.0914265670685833,False
1982-09-07 01:00:00,0.0,0.020300835,0.014799308,0.008290170885622502,0.09130398781437331,False
1982-09-07 02:00:00,0.0,0.013710319,0.009994823,0.0055988281527534125,0.09132500660166049,False
1982-09-07 03:00:00,0.0,0.010378104,0.0075656376,0.0042380646960809825,0.09150725211368778,False
1982-09-07 04:00:00,0.0,0.009393345,0.006847748,0.0038359225653111935,0.09174743306942189,False
1982-09-07 05:00:00,0.0009550442,0.008466448,0.00617204,0.004008469852502458,0.09204887694751747,False
1982-09-07 06:00:00,0.024169164,0.008266158,0.00602603,0.017321225573308764,0.09240485150100508,False
1982-09-07 07:00:00,0.07025066,0.011104715,0.008095337,0.04506941898260265,0.09283970050037683,False
1982-09-07 08:00:00,0.1315296,0.01803105,0.013144632,0.08325584626384079,0.09315302766833611,False
1982-09-07 09:00:00,0.19410071,0.02647787,0.01945633,0.12281708412244915,0.09371759207753622,False
1982-09-07 10:00:00,0.24998194,0.028604995,0.021763315,0.15597004161775113,0.09427262942886137,False
1982-09-07 11:00:00,0.29958028,0.04097071,0.033000898,0.18975805941596627,0.09488573274735518,False
1982-09-07 12:00:00,0.30989185,0.048381086,0.040024213,0.19882152573391793,0.09557862326135395,False
1982-09-07 13:00:00,0.30834767,0.05761187,0.04900254,0.20182152458652855,0.09614967845416474,False
1982-09-07 14:00:00,0.27374506,0.060218032,0.052058097,0.18298249081149698,0.09688019615277184,False
1982-09-07 15:00:00,0.20772666,0.061635397,0.052842144,0.14545521871745587,0.09742975270908483,False
1982-09-07 16:00:00,0.1513589,0.055581734,0.04837559,0.11045602835714816,0.09801250415347053,False
1982-09-07 17:00:00,0.07080249,0.057989914,0.051324528,0.06502283800020814,0.09875175452998065,False
1982-09-07 18:00:00,0.013083523,0.061729457,0.05704996,0.03340806040354073,0.09939033228032139,False
1982-09-07 19:00:00,7.923644e-06,0.06727009,0.06193537,0.028171746058515964,0.09997047894722862,False
1982-09-07 20:00:00,0.0,0.078001425,0.07055258,0.032592365026473995,0.10054921656650273,False
1982-09-07 21:00:00,0.0,0.088519305,0.079583906,0.03696115444600582,0.10110342580535231,False
1982-09-07 22:00:00,0.0,0.10166011,0.088682905,0.04230145747214556,0.10166496324156193,False
1982-09-07 23:00:00,0.0,0.10987503,0.095591135,0.04570580767840147,0.10211352335290301,False
1982-09-08 00:00:00,0.0,0.12009002,0.106695324,0.050074765875935554,0.10253802825080945,False
1982-09-08 01:00:00,0.0,0.1273286,0.112425484,0.05305523116886615,0.10294436389174096,False
1982-09-08 02:00:00,0.0,0.12827574,0.116730526,0.05363719542324543,0.10340284270619758,False
1982-09-08 03:00:00,0.0,0.12575644,0.115496695,0.052640948832035066,0.10390457132500613,False
1982-09-08 04:00:00,0.0,0.1266118,0.11630193,0.05300005812942982,0.10440451710392971,False
1982-09-08 05:00:00,0.0017725914,0.12785132,0.11736561,0.054537666284944865,0.10485183411791239,False
1982-09-08 06:00:00,0.04185194,0.13087286,0.11986191,0.0789131988324225,0.10527157681259237,False
1982-09-08 07:00:00,0.1131431,0.13527112,0.12474414,0.1219347952157259,0.10587277725362675,False
1982-09-08 08:00:00,0.21259865,0.17565149,0.1549841,0.19585396355390547,0.10688546293048877,False
1982-09-08 09:00:00,0.30640173,0.18630801,0.1645132,0.2544251670092344,0.10836845378518017,False
1982-09-08 10:00:00,0.36982843,0.18770216,0.16458085,0.29154047025740143,0.11028876757088651,False
1982-09-08 11:00:00,0.3981027,0.20906109,0.18066461,0.316604688256979,0.1124768074174496,False
1982-09-08 12:00:00,0.3913381,0.20455752,0.17683181,0.31083273331820965,0.11430998297829714,False
1982-09-08 13:00:00,0.36261135,0.20793325,0.1800436,0.2956764731109142,0.1156224811582988,False
1982-09-08 14:00:00,0.2958868,0.19691561,0.17329243,0.2527463438361883,0.11617739291076305,False
1982-09-08 15:00:00,0.24044335,0.16852985,0.15109831,0.20908263693749904,0.11651773515365464,False
1982-09-08 16:00:00,0.16121489,0.13953568,0.1283754,0.15144192789494992,0.116616040517794,False
1982-09-08 17:00:00,0.08252724,0.12301467,0.114737354,0.09920645066350697,0.11644370926942277,False
1982-09-08 18:00:00,0.015691092,0.11428143,0.10672243,0.05698661938868463,0.11614540561667398,False
1982-09-08 19:00:00,3.4864038e-06,0.10790151,0.09764595,0.04509055164278607,0.11567365257652969,False
1982-09-08 20:00:00,0.0,0.10156156,0.089303814,0.04229862204194069,0.1151131362944925,False
1982-09-08 21:00:00,0.0,0.09660629,0.08229008,0.04009138617664575,0.11446331196156644,False
1982-09-08 22:00:00,0.0,0.082364574,0.06874353,0.03410467828810215,0.11373659322847925,False
1982-09-08 23:00:00,0.0,0.0790566,0.06608763,0.03274061695486307,0.11292431981163646,False
1982-09-09 00:00:00,0.0,0.07469601,0.062705554,0.030948928289115427,0.11205539408478034,False
1982-09-09 01:00:00,0.0,0.07316929,0.06106825,0.030297153979539873,0.11111369309010298,False
1982-09-09 02:00:00,0.0,0.07168458,0.05981839,0.029681801855564117,0.11011158948898629,False
1982-09-09 03:00:00,0.0,0.068101704,0.057517283,0.028235462084412574,0.10909166349098633,False
1982-09-09 04:00:00,0.0,0.06098712,0.051905416,0.025307139236479998,0.10809522439278045,False
1982-09-09 05:00:00,0.0016085575,0.056080848,0.046928678,0.02415611919714138,0.10709415501810692,False
1982-09-09 06:00:00,0.04221672,0.052882012,0.04270996,0.04617884674295782,0.10608497098004167,False
1982-09-09 07:00:00,0.12774354,0.048454516,0.038714655,0.09367833147197961,0.10523153564073257,False
1982-09-09 08:00:00,0.23504005,0.045686573,0.036350943,0.15443940728902814,0.10491732476418174,False
1982-09-09 09:00:00,0.34451348,0.039424706,0.030743586,0.2149921458363533,0.10477177934161654,False
1982-09-09 10:00:00,0.42935008,0.03233948,0.024586873,0.26099595425277944,0.10505005359113484,False
1982-09-09 11:00:00,0.4603504,0.029516965,0.02289905,0.27775048633664845,0.10581237089761335,False
1982-09-09 12:00:00,0.4344813,0.027047632,0.021206593,0.26182143837399785,0.10682331514175473,False
1982-09-09 13:00:00,0.37870693,0.02422138,0.018624073,0.2284572887048125,0.10807479515069589,False
1982-09-09 14:00:00,0.33039325,0.02125072,0.015564724,0.19931891847029326,0.10911449199394281,False
1982-09-09 15:00:00,0.2485455,0.016561428,0.012073279,0.150173876196146,0.10999906449023127,False
1982-09-09 16:00:00,0.16764213,0.013357181,0.0097373845,0.1021841284353286,0.11037600386549522,False
1982-09-09 17:00:00,0.081633456,0.008819927,0.0064297277,0.050704262668266886,0.11029473237855629,False
1982-09-09 18:00:00,0.0152403675,0.0048246486,0.0035171683,0.010763914476614444,0.10973312453253618,False
1982-09-09 19:00:00,6.627049e-07,0.0031015857,0.002261056,0.0012669645207313352,0.1089665979875651,False
1982-09-09 20:00:00,0.0,0.003430249,0.0025006516,0.0014007970460224897,0.10828300943531342,False
1982-09-09 21:00:00,0.0,0.005090177,0.0037107393,0.002078655257821083,0.10768264983294779,False
1982-09-09 22:00:00,0.0,0.008111188,0.005913056,0.003312333463691175,0.10715199741188684,False
1982-09-09 23:00:00,0.0,0.009788701,0.007135963,0.003997372789308428,0.10669034184879404,False
1982-09-10 00:00:00,0.0,0.011933212,0.008699312,0.0048731181314215066,0.10625026549611487,False
1982-09-10 01:00:00,0.0,0.012131907,0.00884416,0.004954258315265179,0.10583185182293657,False
1982-09-10 02:00:00,0.0,0.011462138,0.0083559,0.004680747519247234,0.1054346032127809,False
1982-09-10 03:00:00,0.0,0.011783234,0.008589978,0.004811872118152678,0.105038376280137,False
1982-09-10 04:00:00,0.0,0.012118365,0.008834288,0.004948728145100176,0.10468713767922729,False
1982-09-10 05:00:00,0.0017172414,0.012503451,0.009115016,0.006096832457813435,0.1044104490788026,False
1982-09-10 06:00:00,0.055383716,0.014672863,0.010696518,0.03794830254558473,0.10423535856213743,False
1982-09-10 07:00:00,0.17293744,0.017307444,0.012617126,0.10685267314128577,0.10427244145536807,False
1982-09-10 08:00:00,0.313162,0.020014668,0.014590693,0.18886778327077625,0.10466422762850931,False
1982-09-10 09:00:00,0.4483918,0.02218663,0.016174054,0.2677823309861123,0.10526801671201375,False
1982-09-10 10:00:00,0.5529712,0.022203924,0.01618666,0.32813170096836985,0.10603069056412527,False
1982-09-10 11:00:00,0.6186646,0.01998336,0.014567868,0.3651300119757652,0.10680771169653484,False
1982-09-10 12:00:00,0.62791646,0.021049693,0.015345227,0.37090377374738454,0.10781346114947161,False
1982-09-10 13:00:00,0.5831803,0.022251813,0.01622157,0.3455819215867668,0.10899264626112933,False
1982-09-10 14:00:00,0.49532712,0.023023656,0.016784247,0.29520582365803416,0.1102795720727603,False
1982-09-10 15:00:00,0.37753272,0.022870041,0.016672257,0.2271757269501686,0.1113604673425932,False
1982-09-10 16:00:00,0.2413504,0.020280134,0.014784218,0.1475408965218812,0.11208049998231708,False
1982-09-10 17:00:00,0.109210156,0.022614552,0.01648601,0.07224927405454218,0.11250240523373096,False
1982-09-10 18:00:00,0.016303662,0.026412904,0.019255009,0.020193345230072737,0.11276470011854088,False
1982-09-10 19:00:00,0.0,0.030066904,0.021918772,0.012278301134705542,0.11301855260613113,False
1982-09-10 20:00:00,0.0,0.033012938,0.024066428,0.013481361128389834,0.11330694205157986,False
1982-09-10 21:00:00,0.0,0.03580139,0.026099216,0.014620069965720175,0.11357111690201915,False
1982-09-10 22:00:00,0.0,0.029251238,0.021324154,0.011945211259648205,0.11380040933456391,False
1982-09-10 23:00:00,0.0,0.028447403,0.020738157,0.01161695202626288,0.11395265011480431,False
1982-09-11 00:00:00,0.0,0.026606211,0.019395925,0.010865071976557374,0.11414303429660273,False
1982-09-11 01:00:00,0.0,0.027497932,0.020045994,0.011229220692068338,0.11433452889948736,False
1982-09-11 02:00:00,0.0,0.026111158,0.019035036,0.010662909088656306,0.11449831556642082,False
1982-09-11 03:00:00,0.0,0.027857386,0.020308036,0.011376009240746499,0.1145993436028052,False
1982-09-11 04:00:00,0.0,0.029449284,0.02146853,0.012026086416095495,0.11463331334115125,False
1982-09-11 05:00:00,0.001539838,0.036349684,0.026856564,0.015751774397213012,0.11461692163141331,False
1982-09-11 06:00:00,0.051476404,0.0447073,0.03259162,0.04795882561802864,0.1145530909605539,False
1982-09-11 07:00:00,0.16231921,0.046100512,0.033607274,0.11248406778275966,0.11436132634423375,False
1982-09-11 08:00:00,0.2871342,0.0434533,0.031677455,0.18342128329724075,0.11378945402485759,False
1982-09-11 09:00:00,0.40697208,0.041084714,0.029950755,0.2516004907377064,0.11291583888117278,False
1982-09-11 10:00:00,0.49027458,0.03772238,0.027499612,0.29829296860843896,0.11189910468401908,False
1982-09-11 11:00:00,0.5400185,0.035350118,0.025770236,0.3260264600776136,0.1107428131747585,False
1982-09-11 12:00:00,0.5283444,0.03322414,0.024220401,0.31842232373356816,0.1094836494873454,False
1982-09-11 13:00:00,0.47816786,0.03508341,0.025575804,0.29022972766309973,0.10819109303088059,False
1982-09-11 14:00:00,0.40847135,0.037990246,0.02769489,0.25120189142227173,0.10684211140053246,False
1982-09-11 15:00:00,0.28956535,0.043236297,0.031519257,0.18473544290289282,0.10564609831357197,False
1982-09-11 16:00:00,0.183491,0.040554967,0.029564574,0.12243558050319552,0.10470318974801938,False
1982-09-11 17:00:00,0.082300305,0.03870827,0.028218323,0.06329441713914274,0.10421941768501242,False
1982-09-11 18:00:00,0.011954101,0.039306205,0.028654225,0.02294883388094604,0.10395688778603428,False
1982-09-11 19:00:00,0.0,0.037000284,0.026973208,0.015109657902270555,0.10384558082526217,False
1982-09-11 20:00:00,0.0,0.03446585,0.025246138,0.01408118986710906,0.1038029805354601,False
1982-09-11 21:00:00,0.0,0.032021813,0.023493389,0.013084692019969224,0.10384586584244987,False
1982-09-11 22:00:00,0.0,0.025994973,0.01903233,0.010619890915229916,0.10398570959948135,False
1982-09-11 23:00:00,0.0,0.032122467,0.023752283,0.013135813515633345,0.10418298077202069,False
1982-09-12 00:00:00,0.0,0.03436847,0.02560914,0.014064859069883823,0.10445967981035953,False
1982-09-12 01:00:00,0.0,0.031293407,0.023495391,0.01281601832807064,0.10478902875786313,False
1982-09-12 02:00:00,0.0,0.023334088,0.017033609,0.00953009326569736,0.10514115081066862,False
1982-09-12 03:00:00,0.0,0.015776092,0.011500769,0.006442419558763504,0.10547320082716775,False
1982-09-12 04:00:00,0.0,0.010191657,0.007429718,0.0041619260776788,0.10570539534630385,False
1982-09-12 05:00:00,0.001135271,0.0058229845,0.0042449553,0.003032960256561637,0.1058370913835535,False
1982-09-12 06:00:00,0.04627357,0.0050047035,0.0036484292,0.028743600962217897,0.10591192101006301,False
1982-09-12 07:00:00,0.13317166,0.0062756264,0.0045749317,0.07940280181122943,0.10580857476710558,False
1982-09-12 08:00:00,0.24999836,0.006575479,0.0047935247,0.14693425637390464,0.1054471179327825,False
1982-09-12 09:00:00,0.37389416,0.007939354,0.005787789,0.2189790895227343,0.10485314266401248,False
1982-09-12 10:00:00,0.46630013,0.00875326,0.006381125,0.27262970852386204,0.10405060283950435,False
1982-09-12 11:00:00,0.52149874,0.009269582,0.0067575253,0.3046901549799368,0.10334601450651477,False
1982-09-12 12:00:00,0.52872694,0.00927017,0.006757953,0.3088610638370737,0.10256044256433128,False
1982-09-12 13:00:00,0.48048112,0.008798965,0.006414446,0.28083080333005633,0.10178051695245222,False
1982-09-12 14:00:00,0.4041846,0.011221982,0.008180824,0.2377971954839304,0.10128175156107698,False
1982-09-12 15:00:00,0.30448452,0.015248861,0.0111429645,0.18191611580364406,0.10070106833259479,False
1982-09-12 16:00:00,0.20209791,0.01884871,0.013966127,0.12431983749754727,0.10045272312346439,False
1982-09-12 17:00:00,0.08950938,0.01956389,0.014478702,0.05964783890359104,0.10023584311232496,False
1982-09-12 18:00:00,0.012341265,0.018870287,0.01419566,0.014850611113011837,0.10002317336673287,False
1982-09-12 19:00:00,0.0,0.0250171,0.018558843,0.010233487224206328,0.09978872098108348,False
1982-09-12 20:00:00,0.0,0.037781954,0.029598424,0.015539855863898992,0.09958151711690531,False
1982-09-12 21:00:00,0.0,0.051748704,0.041431453,0.021332570303231477,0.0993723367421591,False
1982-09-12 22:00:00,0.0,0.052368466,0.038708586,0.021414227541536095,0.0991631969363481,False
1982-09-12 23:00:00,0.0,0.06068773,0.046383966,0.024898505866527556,0.09899937118678294,False
1982-09-13 00:00:00,0.0,0.064860694,0.050744914,0.026673821456730366,0.09878309461676339,False
1982-09-13 01:00:00,0.0,0.06870853,0.051437613,0.028131079226732254,0.09855201993080494,False
1982-09-13 02:00:00,0.0,0.06509485,0.047802035,0.02660130988061428,0.09835604640993928,False
1982-09-13 03:00:00,0.0,0.055149905,0.04020428,0.022521346159279348,0.0982246855250088,False
1982-09-13 04:00:00,0.0,0.04492905,0.032753274,0.018347496204078197,0.09816069911066383,False
1982-09-13 05:00:00,0.00080947956,0.04622453,0.033697683,0.019343596469669138,0.0981548251085443,False
1982-09-13 06:00:00,0.03964848,0.049272057,0.035919327,0.04299820595607161,0.09818530201697057,False
1982-09-13 07:00:00,0.12790681,0.05216833,0.038551755,0.09513413973525167,0.09815222639875248,False
1982-09-13 08:00:00,0.23098443,0.052826047,0.03962297,0.1549104703962803,0.0980878052143818,False
1982-09-13 09:00:00,0.33478945,0.04863636,0.036263842,0.21307857916131615,0.09797734554931244,False
1982-09-13 10:00:00,0.430964,0.038625002,0.028775536,0.26447272862493987,0.09779595510173156,False
1982-09-13 11:00:00,0.47026634,0.041565225,0.030328881,0.2883190068528056,0.09759113418185261,False
1982-09-13 12:00:00,0.4541362,0.046402764,0.033827618,0.2809858943633735,0.09735428591107981,False
1982-09-13 13:00:00,0.427288,0.048348334,0.03524593,0.26628898887708785,0.0971385220836238,False
1982-09-13 14:00:00,0.3544004,0.04613525,0.0336326,0.223329096455127,0.09711704378323349,False
1982-09-13 15:00:00,0.2695071,0.04238666,0.030899877,0.1728148728646338,0.09730283595313581,False
1982-09-13 16:00:00,0.17097631,0.032745156,0.023871219,0.11202533996850252,0.0976117407995869,False
1982-09-13 17:00:00,0.07572987,0.022994408,0.016762927,0.05308626935072243,0.09771755170279367,False
1982-09-13 18:00:00,0.00943536,0.015307142,0.011158906,0.011695119369775055,0.097648811568414,False
1982-09-13 19:00:00,0.0,0.012645206,0.009218357,0.0051638724217191335,0.09752784067354041,False
1982-09-13 20:00:00,0.0,0.009894389,0.007213008,0.004040531879290939,0.09737006981559788,False
1982-09-13 21:00:00,0.0,0.0074589495,0.005437574,0.0030459813410416243,0.09709224987512681,False
1982-09-13 22:00:00,0.0,0.006749472,0.0049203653,0.0027562549361027774,0.09669108117240359,False
1982-09-13 23:00:00,0.0,0.006745268,0.0049173003,0.0027545381546951833,0.09629541816398961,False
1982-09-14 00:00:00,0.0,0.0072809053,0.0053077796,0.0029732741438783707,0.09581988543783775,False
1982-09-14 01:00:00,0.0,0.008348612,0.006086138,0.003409289326518774,0.09529876749336363,False
1982-09-14 02:00:00,0.0,0.007896766,0.005756743,0.003224770789034665,0.09474493928426346,False
1982-09-14 03:00:00,0.0,0.008255025,0.006017913,0.0033710716702044013,0.09422146279329426,False
1982-09-14 04:00:00,0.0,0.009501217,0.0069263875,0.003879973975941539,0.09378414419655273,False
1982-09-14 05:00:00,0.00068186567,0.010045928,0.0073234807,0.004495851861021948,0.09343904557021852,False
1982-09-14 06:00:00,0.039151907,0.0111794835,0.008149844,0.027155971287749707,0.0930848139953682,False
1982-09-14 07:00:00,0.123686604,0.012105352,0.008824803,0.07631058496143668,0.09278286987507589,False
1982-09-14 08:00:00,0.23600188,0.013368175,0.0097453995,0.1416321924505755,0.09280780011993085,False
1982-09-14 09:00:00,0.35364094,0.015235165,0.011106436,0.2102723480388522,0.09328181345754409,False
1982-09-14 10:00:00,0.44136083,0.019916214,0.014518921,0.2627983043696731,0.09414775657424267,False
1982-09-14 11:00:00,0.4945018,0.019575331,0.014270416,0.29332143798284227,0.09517231514800019,False
1982-09-14 12:00:00,0.5026349,0.020775659,0.015145454,0.29850440011918544,0.09642683529286673,False
1982-09-14 13:00:00,0.47108945,0.019482844,0.014667806,0.279799844911322,0.09795757800592293,False
1982-09-14 14:00:00,0.4148731,0.017822426,0.014017956,0.24671521963924167,0.09935328670445491,False
1982-09-14 15:00:00,0.3313951,0.0134881465,0.010212142,0.19674354843329636,0.10061441200891462,False
1982-09-14 16:00:00,0.21701016,0.010211274,0.0077026132,0.12939876085147262,0.10148737890224963,False
1982-09-14 17:00:00,0.09152129,0.008661579,0.0063778455,0.056348312453366814,0.10193097616513493,False
1982-09-14 18:00:00,0.010058534,0.007934632,0.0057843467,0.009044008159078657,0.10196462252317617,False
1982-09-14 19:00:00,0.0,0.006514955,0.004749402,0.0026604860429652035,0.1018535090359669,False
1982-09-14 20:00:00,0.0,0.0053983405,0.00393539,0.002204498721286654,0.10177810380920845,False
1982-09-14 21:00:00,0.0,0.005084832,0.0037068424,0.0020764725725166498,0.10173621172535195,False
1982-09-14 22:00:00,0.0,0.0059319413,0.004324385,0.002422403137665242,0.10172758328456394,False
1982-09-14 23:00:00,0.0,0.0050761695,0.0037005271,0.0020729350112378597,0.10171697274343888,False
1982-09-15 00:00:00,0.0,0.004065373,0.0029636573,0.001660160121973604,0.10173347343424531,False
1982-09-15 01:00:00,0.0,0.0037890647,0.002762228,0.0015473251899238677,0.10176399060686664,False
1982-09-15 02:00:00,0.0,0.0036105805,0.0026321134,0.0014744383140932768,0.10180119877732206,False
1982-09-15 03:00:00,0.0,0.00374677,0.0027313954,0.0015300535156857222,0.10184751232741247,False
1982-09-15 04:00:00,0.0,0.004365599,0.003182522,0.0017827621400356294,0.1018825493275522,False
1982-09-15 05:00:00,0.0006627913,0.0047948416,0.0034954394,0.0023404808768536893,0.1018938416365286,False
1982-09-15 06:00:00,0.045948755,0.004879095,0.0035568601,0.028504888182040302,0.10189159257787729,False
1982-09-15 07:00:00,0.16344064,0.004960108,0.0036159183,0.09633079148828982,0.10191533704239937,False
1982-09-15 08:00:00,0.30433068,0.005055049,0.00368513,0.17766311060171575,0.10215693549026177,False
1982-09-15 09:00:00,0.4380421,0.0046369056,0.0033803044,0.2546438487628475,0.10252855244695232,False
1982-09-15 10:00:00,0.5414687,0.002997585,0.00218524,0.3136515401653014,0.10292823392080165,False
1982-09-15 11:00:00,0.60195047,0.0029643863,0.0021610376,0.34853597380639983,0.10345584190517687,False
1982-09-15 12:00:00,0.6122377,0.002939511,0.0021429034,0.3544615445900708,0.10401794555569012,False
1982-09-15 13:00:00,0.5757277,0.0026645774,0.0019424767,0.333283006406622,0.10455166193979815,False
1982-09-15 14:00:00,0.49040127,0.002207773,0.0016094663,0.2838631110691931,0.10500018553256468,False
1982-09-15 15:00:00,0.37081805,0.001849492,0.0013482796,0.21471728374471422,0.10512913434268696,False
1982-09-15 16:00:00,0.22971432,0.0018925339,0.0013796568,0.13331800858699716,0.10498741884597639,False
1982-09-15 17:00:00,0.0931808,0.0022919981,0.0016708664,0.054701294536702326,0.1047425715033425,False
1982-09-15 18:00:00,0.008963746,0.00291305,0.0021236134,0.006361671983730047,0.10456736086114099,False
1982-09-15 19:00:00,0.0,0.0037819543,0.0027570445,0.0015444215373136103,0.10448688685135511,False
1982-09-15 20:00:00,0.0,0.004970325,0.003623368,0.0020297118541784584,0.10444725990855314,False
1982-09-15 21:00:00,0.0,0.0064447485,0.004698222,0.0026318161832168696,0.10440977873054018,False
1982-09-15 22:00:00,0.0,0.005502292,0.004011171,0.0022469489620998502,0.10437098975243153,False
1982-09-15 23:00:00,0.0,0.008684786,0.0063312086,0.0035465713134035467,0.10432473669845439,False
1982-09-16 00:00:00,0.0,0.010867943,0.00792273,0.004438098429702222,0.10428384238115923,False
1982-09-16 01:00:00,0.0,0.012722121,0.009274426,0.005195281508378684,0.10425059496321792,False
1982-09-16 02:00:00,0.0,0.013340536,0.009725251,0.005447821193374693,0.1042190647938116,False
1982-09-16 03:00:00,0.0,0.012373331,0.009020158,0.00505284767691046,0.1041888658741711,False
1982-09-16 04:00:00,0.0,0.010828533,0.007894001,0.0044220048068091275,0.10415773550667583,False
1982-09-16 05:00:00,0.00054396543,0.009976416,0.007272806,0.004387897045759018,0.10412177344965602,False
1982-09-16 06:00:00,0.042768322,0.008860639,0.006459406,0.02829570558480918,0.10407883154937965,False
1982-09-16 07:00:00,0.14718463,0.0073017385,0.0053229663,0.08790731045883148,0.10392593470434307,False
1982-09-16 08:00:00,0.27268305,0.005220033,0.0038054043,0.15946980637172234,0.10345156924147282,False
1982-09-16 09:00:00,0.39443135,0.0045796377,0.003338556,0.2294570587836206,0.10267795907928896,False
1982-09-16 10:00:00,0.492869,0.009153751,0.006673084,0.28812348761968315,0.10167023297275214,False
1982-09-16 11:00:00,0.54893476,0.008734954,0.0063677803,0.3203024132074788,0.10066562221848337,False
1982-09-16 12:00:00,0.55479175,0.009814597,0.007154842,0.3241227865563705,0.09974238093329484,False
1982-09-16 13:00:00,0.51514333,0.010018643,0.0073035904,0.3013289773641154,0.09881912136287142,False
1982-09-16 14:00:00,0.43237734,0.00838228,0.0061106817,0.2529047625251114,0.0978934318306894,False
1982-09-16 15:00:00,0.32491696,0.0060340953,0.0043988554,0.18994120459118854,0.09710924787875125,False
1982-09-16 16:00:00,0.20040563,0.004927054,0.0035918222,0.1176460884050466,0.09646406284814008,False
1982-09-16 17:00:00,0.08018187,0.0040974626,0.0029870505,0.04793820162769406,0.09605076997519263,False
1982-09-16 18:00:00,0.0069395,0.0028826203,0.0021014302,0.005181255689356476,0.09581378917836948,False
1982-09-16 19:00:00,0.0,0.0018571399,0.0013538551,0.0007583927884697914,0.09577051033997808,False
1982-09-16 20:00:00,0.0,0.0009927423,0.000723709,0.00040540217666421084,0.09576481482144984,False
1982-09-16 21:00:00,0.0,0.00052551297,0.00038309887,0.00021460162330185994,0.09575494282784304,False
1982-09-16 22:00:00,0.0,0.0004952825,0.00036106101,0.00020225654676323755,0.09573486818921767,False
1982-09-16 23:00:00,0.0,0.00026938526,0.00019638186,0.00011000778106972576,0.09572876434658202,False
1982-09-17 00:00:00,0.0,0.00015741776,0.00011475755,6.428406079066917e-05,0.09570164051202257,False
1982-09-17 01:00:00,0.0,8.295759e-05,6.0476086e-05,3.387705842033029e-05,0.09566665682401755,False
1982-09-17 02:00:00,0.0,6.0950646e-05,4.4433018e-05,2.489017134939786e-05,0.09562450433311416,False
1982-09-17 03:00:00,0.0,8.765636e-05,6.390148e-05,3.5795875912299376e-05,0.09558247253402034,False
1982-09-17 04:00:00,0.0,0.00013856051,0.00010101062,5.65834030858241e-05,0.09555328969586073,False
1982-09-17 05:00:00,0.00037877905,0.00014867583,0.00010838468,0.00027926966358791103,0.09553665290940218,False
1982-09-17 06:00:00,0.036595367,0.00012320546,8.981677e-05,0.021165839620283802,0.0955166444502188,False
1982-09-17 07:00:00,0.12743317,7.9126425e-05,5.7683166e-05,0.0735612492705186,0.09543976158480307,False
1982-09-17 08:00:00,0.24350871,6.194518e-05,4.5158034e-05,0.14052982281689036,0.09534361549182012,False
1982-09-17 09:00:00,0.35743132,8.60078e-05,6.2699684e-05,0.20627299564908025,0.0952938406408007,False
1982-09-17 10:00:00,0.45992374,0.00013278176,9.679791e-05,0.2654302239604003,0.09519610372073552,False
1982-09-17 11:00:00,0.52711475,0.00018410438,0.00013421208,0.3042203921173496,0.09509622868682482,False
1982-09-17 12:00:00,0.5373513,0.00022866545,0.0001666971,0.3101450852097478,0.09500040183017837,False
1982-09-17 13:00:00,0.50041115,0.00027591345,0.00020114092,0.28884990886188455,0.09480668107268275,False
1982-09-17 14:00:00,0.42645565,0.00038537293,0.00028093683,0.2462222813761618,0.09475471163450266,False
1982-09-17 15:00:00,0.31794018,0.0007270953,0.0005300524,0.18374840227537786,0.09467184436290595,False
1982-09-17 16:00:00,0.1959202,0.0010627618,0.0007747534,0.1134799506855197,0.09455438089698041,False
1982-09-17 17:00:00,0.073985,0.0015595559,0.0011369162,0.043326216289191505,0.09436542578136037,False
1982-09-17 18:00:00,0.005791464,0.0023082555,0.0016827183,0.00428428774094209,0.09423810485105683,False
1982-09-17 19:00:00,0.0,0.0031124938,0.0022690082,0.001271036647958681,0.09425257034838813,False
1982-09-17 20:00:00,0.0,0.0038099552,0.0027774572,0.0015558561610523611,0.0943178004999101,False
1982-09-17 21:00:00,0.0,0.004085143,0.002978069,0.0016682335291989148,0.09440481541813295,False
1982-09-17 22:00:00,0.0,0.0047848364,0.0034881458,0.0019539645155891776,0.09450447590057609,False
1982-09-17 23:00:00,0.0,0.0054966067,0.0040070256,0.002244627254549414,0.09458049375811622,False
1982-09-18 00:00:00,0.0,0.006755904,0.0049250536,0.0027588814054615796,0.0946373860980713,False
1982-09-18 01:00:00,0.0,0.0077674487,0.00566247,0.003171961945015937,0.09469114231722793,False
1982-09-18 02:00:00,0.0,0.00840005,0.006123637,0.0034302948368713257,0.09474097859612098,False
1982-09-18 03:00:00,0.0,0.008943133,0.0065195435,0.003652071445249021,0.09479433047341733,False
1982-09-18 04:00:00,0.0,0.008873018,0.0064684306,0.0036234390567988157,0.09484356726683578,False
1982-09-18 05:00:00,0.00029862058,0.007971249,0.0058110408,0.003427491004957119,0.09489065751123886,False
1982-09-18 06:00:00,0.036651585,0.008466335,0.006171958,0.024605328044854106,0.09493750955954978,False
1982-09-18 07:00:00,0.13760561,0.009535227,0.00695118,0.08329229799564929,0.09497318650822018,False
1982-09-18 08:00:00,0.26611313,0.008652376,0.006307583,0.15708061352279037,0.09514730060987492,False
1982-09-18 09:00:00,0.38421112,0.007532137,0.005490928,0.22476568662049246,0.09548592357501075,False
1982-09-18 10:00:00,0.48512548,0.008355453,0.006091126,0.28332948599196967,0.09597380268814608,False
1982-09-18 11:00:00,0.5425218,0.0065325224,0.004762209,0.315702724088449,0.09652504008772012,False
1982-09-18 12:00:00,0.5415495,0.0057549514,0.00419536,0.3148241901965812,0.09697167819109909,False
1982-09-18 13:00:00,0.51358086,0.006117769,0.0044598533,0.2988344443314708,0.09721085553387983,False
1982-09-18 14:00:00,0.42691767,0.0063561527,0.0046336353,0.24892713348846882,0.09728665030199996,False
1982-09-18 15:00:00,0.31490168,0.00637832,0.0046497947,0.1843029582267627,0.09711979026476346,False
1982-09-18 16:00:00,0.18392672,0.0060008117,0.0043745916,0.10857624285528435,0.09699887935321912,False
1982-09-18 17:00:00,0.06772982,0.006726047,0.0049032886,0.04182679697312414,0.09683815700273572,False
1982-09-18 18:00:00,0.0043533947,0.008236951,0.006004737,0.005875599561259151,0.09676031398578361,False
1982-09-18 19:00:00,0.0,0.009524398,0.0069432845,0.0038894400615245104,0.09672750820462454,False
1982-09-18 20:00:00,0.0,0.011220616,0.00817983,0.0045821182513609525,0.09670650019513334,False
1982-09-18 21:00:00,0.0,0.012239767,0.00892279,0.004998304780572653,0.09668170497563107,False
1982-09-18 22:00:00,0.0,0.009430544,0.006874867,0.003851113708689809,0.09665997922132658,False
1982-09-18 23:00:00,0.0,0.006956603,0.0050713634,0.002840840098913759,0.09664287596584757,False
1982-09-19 00:00:00,0.0,0.0064760107,0.004721012,0.0026445825803093613,0.0966245353938167,False
1982-09-19 01:00:00,0.0,0.0059407945,0.0043308386,0.0024260184452868996,0.09662351337378196,False
1982-09-19 02:00:00,0.0,0.0063320166,0.0046160403,0.0025857802815735338,0.09665597965495827,False
1982-09-19 03:00:00,0.0,0.0058750287,0.004282896,0.0023991619599983095,0.0967524463668552,False
1982-09-19 04:00:00,0.0,0.005673624,0.004136071,0.002316915134433657,0.09690195586308537,False
1982-09-19 05:00:00,0.00022379255,0.0058747292,0.0042826775,0.002528167982512968,0.09712539272566491,False
1982-09-19 06:00:00,0.03474988,0.0069243084,0.0050478214,0.022878333156462757,0.0973863508629645,False
1982-09-19 07:00:00,0.13572668,0.00882648,0.0064345044,0.08191872614994646,0.09763857575380956,False
1982-09-19 08:00:00,0.26274785,0.012680325,0.009243955,0.15678372514341027,0.09794421591471118,False
1982-09-19 09:00:00,0.38592958,0.01716554,0.0125136785,0.2296911930795759,0.09834629843969145,False
1982-09-19 10:00:00,0.48703116,0.026611065,0.019502882,0.2918896191399544,0.09891747752253173,False
1982-09-19 11:00:00,0.5468324,0.024822675,0.018095728,0.3256590210795402,0.09947421600473787,False
1982-09-19 12:00:00,0.54441714,0.018358301,0.013383204,0.32162559766322374,0.10015290942211029,False
1982-09-19 13:00:00,0.4983399,0.012111538,0.0088293115,0.2924880577316507,0.10088256441463343,False
1982-09-19 14:00:00,0.40680835,0.008532992,0.0062205507,0.2382129995888099,0.10141602867544992,False
1982-09-19 15:00:00,0.30503356,0.004751404,0.0034637733,0.17794467852124946,0.10195850486673236,False
1982-09-19 16:00:00,0.18158352,0.0024281763,0.0017701405,0.10576527786231599,0.1023169981906553,False
1982-09-19 17:00:00,0.06767361,0.0013274349,0.0009677,0.03958975147549063,0.10265775894758929,False
1982-09-19 18:00:00,0.0041269516,0.0008040806,0.00058617484,0.002709610245306976,0.10317974436493761,False
1982-09-19 19:00:00,0.0,0.0006431784,0.000468877,0.0002626521923812106,0.1039681183287431,False
1982-09-19 20:00:00,0.0,0.000895485,0.0006528086,0.0003656856249435805,0.10487210149343819,False
1982-09-19 21:00:00,0.0,0.0015314628,0.0011164363,0.0006253973225830123,0.10587104914438906,False
1982-09-19 22:00:00,0.0,0.0027744921,0.0020226047,0.0011330082525964826,0.10693169274445619,False
1982-09-19 23:00:00,0.0,0.0033408261,0.002435462,0.0013642797970678656,0.1081350227105105,False
1982-09-20 00:00:00,0.0,0.006635774,0.004837479,0.002709824443794787,0.10935011338925334,False
1982-09-20 01:00:00,0.0,0.011583588,0.008444434,0.004730343441478908,0.11051648915398628,False
1982-09-20 02:00:00,0.0,0.019738903,0.014389661,0.008060697007924318,0.11165889400924435,False
1982-09-20 03:00:00,0.0,0.02651672,0.019330692,0.010828527264297009,0.11278782621636867,False
1982-09-20 04:00:00,0.0,0.03513615,0.025614254,0.014348408460617065,0.11393221131991242,False
1982-09-20 05:00:00,0.00015599497,0.03880315,0.028613158,0.015953481595337507,0.11512292070666091,False
1982-09-20 06:00:00,0.03259655,0.043829776,0.03205047,0.03671212280541659,0.11635796869135685,False
1982-09-20 07:00:00,0.1346637,0.049588986,0.036365453,0.09796302571892739,0.11755362251860663,False
1982-09-20 08:00:00,0.26723945,0.05425616,0.040053487,0.176380574721843,0.11863372402686578,False
1982-09-20 09:00:00,0.39156437,0.064196505,0.04742836,0.25218228259682657,0.12003107074353098,False
1982-09-20 10:00:00,0.49322298,0.062354047,0.0454561,0.31005293313786386,0.1215227025399981,False
1982-09-20 11:00:00,0.5434713,0.08492662,0.06220664,0.3482800081223249,0.12329622437005427,False
1982-09-20 12:00:00,0.5352683,0.09995379,0.076201245,0.34984762983769174,0.1253291552284875,False
1982-09-20 13:00:00,0.48431763,0.10916316,0.08718983,0.32444072885066266,0.12747206458193125,False
1982-09-20 14:00:00,0.4007877,0.10583719,0.08625109,0.27496599067002536,0.1299670056960882,False
1982-09-20 15:00:00,0.2844348,0.090460464,0.07429351,0.2015106377750635,0.1325373558424944,False
1982-09-20 16:00:00,0.15543243,0.08516487,0.07078536,0.12493275918811558,0.134637636664623,False
1982-09-20 17:00:00,0.05111993,0.09033776,0.07502339,0.0668820970058441,0.1368525926299953,False
1982-09-20 18:00:00,0.002248817,0.10238911,0.0858963,0.043717549823923035,0.1393758450799056,False
1982-09-20 19:00:00,0.0,0.11401256,0.09648142,0.0472806319668889,0.14221155931681392,False
1982-09-20 20:00:00,0.0,0.1264642,0.108635455,0.0525316054970026,0.14495665556996506,False
1982-09-20 21:00:00,0.0,0.13443883,0.11669019,0.05590919758379459,0.1474434644688638,False
1982-09-20 22:00:00,0.0,0.14806008,0.12919965,0.06161095207929611,0.14957015393431108,False
1982-09-20 23:00:00,0.0,0.1473691,0.12566656,0.06116519267857074,0.15139008153677902,False
1982-09-21 00:00:00,0.0,0.14132771,0.120012864,0.058630619287490846,0.15301140694074025,False
1982-09-21 01:00:00,0.0,0.13802506,0.117226005,0.05726145149767399,0.15443585383302458,False
1982-09-21 02:00:00,0.0,0.1368099,0.11651246,0.0567745262235403,0.15570110565620168,False
1982-09-21 03:00:00,0.0,0.13817309,0.11747736,0.05732964693009853,0.15682526875320515,False
1982-09-21 04:00:00,0.0,0.14336085,0.12168168,0.0594709656983614,0.15783001979799635,False
1982-09-21 05:00:00,0.00010012606,0.14890996,0.12601712,0.06181047124791803,0.15870501975981213,False
1982-09-21 06:00:00,0.02404832,0.16029014,0.13419956,0.08026971686445177,0.1594961484669942,False
1982-09-21 07:00:00,0.10843119,0.1719525,0.14348757,0.13376359854638575,0.16001684534814378,False
1982-09-21 08:00:00,0.2151285,0.24157858,0.19601351,0.2238563675433397,0.16009519833746225,False
1982-09-21 09:00:00,0.31775355,0.28580436,0.23118351,0.30128951930999753,0.15973016218415012,False
1982-09-21 10:00:00,0.39820084,0.35655293,0.29053244,0.37701866698265074,0.15874078039957693,False
1982-09-21 11:00:00,0.45992398,0.38190126,0.3137407,0.42323970228433605,0.15714821207353394,False
1982-09-21 12:00:00,0.44668645,0.4035507,0.33031395,0.4244852466285228,0.1549932235350601,False
1982-09-21 13:00:00,0.4053316,0.431917,0.3516947,0.41224523121118545,0.15306209613538826,False
1982-09-21 14:00:00,0.32619247,0.4201838,0.33942458,0.36158980661630624,0.151350368278109,False
1982-09-21 15:00:00,0.22195591,0.36440372,0.300456,0.27875815798342224,0.15011658411334128,False
1982-09-21 16:00:00,0.11926596,0.34568,0.2909405,0.2120831642001867,0.14935092510392436,False
1982-09-21 17:00:00,0.03826391,0.33441836,0.28198555,0.1607058690711856,0.14897912233665134,False
1982-09-21 18:00:00,0.0013662381,0.33285406,0.28171158,0.1388238936169073,0.14867683451460534,False
1982-09-21 19:00:00,0.0,0.31836045,0.26948643,0.13202727234363557,0.14825640091203304,False
1982-09-21 20:00:00,0.0,0.28875363,0.24411896,0.11973251277208329,0.14767639836316146,False
1982-09-21 21:00:00,0.0,0.24727823,0.2122375,0.102706491664052,0.1469221295974791,False
1982-09-21 22:00:00,0.0,0.2125252,0.1864395,0.0884895331710577,0.1460382348040227,False
1982-09-21 23:00:00,0.0,0.18990724,0.16874312,0.07918789918720723,0.14503567634426207,False
1982-09-22 00:00:00,0.0,0.17036797,0.15217581,0.07108327527344227,0.14397357127939966,False
1982-09-22 01:00:00,0.0,0.15658885,0.14224342,0.0654624309539795,0.14287947624801808,False
1982-09-22 02:00:00,0.0,0.14816743,0.1360508,0.06202052566409111,0.14175885105123662,False
1982-09-22 03:00:00,0.0,0.14097926,0.13028204,0.05905657741427421,0.14062677996334305,False
1982-09-22 04:00:00,0.0,0.13463548,0.12347991,0.05634840662777424,0.13948307779989474,False
1982-09-22 05:00:00,4.3047e-05,0.1288854,0.117483474,0.053927659540077,0.13829649733201285,False
1982-09-22 06:00:00,0.01767696,0.12317415,0.11212415,0.06170557310059667,0.13707444230740273,False
1982-09-22 07:00:00,0.08536339,0.12561932,0.1132549,0.10172396920621395,0.13570271205123674,False
1982-09-22 08:00:00,0.16971365,0.14635387,0.12832384,0.15885883936285972,0.13392626867103394,False
1982-09-22 09:00:00,0.25209272,0.14233164,0.124334835,0.20469195693731307,0.13116670998280563,False
1982-09-22 10:00:00,0.3095707,0.13231388,0.11413961,0.23360965348780155,0.12789266824079684,False
1982-09-22 11:00:00,0.3315951,0.12891726,0.109994814,0.24484055827558038,0.12387790966803836,False
1982-09-22 12:00:00,0.35242087,0.12981063,0.10938059,0.25715351465344427,0.11950771524456026,False
1982-09-22 13:00:00,0.33112958,0.12371255,0.10307581,0.2422777917012572,0.1150265667750656,False
1982-09-22 14:00:00,0.29595402,0.10879736,0.089493655,0.21574435076117512,0.11034142564999257,False
1982-09-22 15:00:00,0.22035015,0.09112285,0.07393776,0.1647590053230524,0.10609953676677937,False
1982-09-22 16:00:00,0.13223986,0.074609324,0.060240455,0.10708622635900975,0.10283424888149222,False
1982-09-22 17:00:00,0.045592394,0.06320243,0.0508106,0.05237228154763579,0.10012321475343784,False
1982-09-22 18:00:00,0.0018943273,0.05441633,0.043779347,0.023536736900452524,0.0976500437876055,False
1982-09-22 19:00:00,0.0,0.0471855,0.037575193,0.019440509621053936,0.09523585551902075,False
1982-09-22 20:00:00,0.0,0.03964525,0.03143717,0.016326704744249583,0.09300363755407166,False
1982-09-22 21:00:00,0.0,0.032792434,0.025589617,0.013482247497886419,0.09110688525945303,False
1982-09-22 22:00:00,0.0,0.032832406,0.025425704,0.013488146010786295,0.08963203230727818,False
1982-09-22 23:00:00,0.0,0.024934528,0.018209418,0.010184149565175176,0.08853698498517627,False
1982-09-23 00:00:00,0.0,0.014972005,0.010914591,0.006114057781174779,0.08764281272184456,False
1982-09-23 01:00:00,0.0,0.008500811,0.0061970907,0.003471442052163184,0.08691455626994725,False
1982-09-23 02:00:00,0.0,0.0059630675,0.0043470757,0.002435114004649222,0.08628708390839751,False
1982-09-23 03:00:00,0.0,0.0059553026,0.004341415,0.002431943084578961,0.08571414813859742,False
1982-09-23 04:00:00,0.0,0.0061589438,0.0044898703,0.002515103240031749,0.08517653741775434,False
1982-09-23 05:00:00,2.1638753e-05,0.0076875756,0.0056042424,0.003151830066632101,0.08466330667905864,False
1982-09-23 06:00:00,0.016211836,0.012421297,0.009055126,0.01442666456848383,0.08416368690043353,False
1982-09-23 07:00:00,0.0675534,0.02324999,0.017347367,0.048494316296651956,0.08372810846318313,False
1982-09-23 08:00:00,0.13440199,0.033691727,0.02621026,0.09139755050837993,0.08344085890442265,False
1982-09-23 09:00:00,0.22064535,0.040860016,0.03232965,0.14413551569357513,0.08328167391567934,False
1982-09-23 10:00:00,0.28817478,0.043851197,0.034302164,0.1843102554902434,0.08354087955007462,False
1982-09-23 11:00:00,0.33240238,0.052660123,0.04152986,0.2134703699573874,0.0839801934747908,False
1982-09-23 12:00:00,0.32353193,0.0550606,0.04434885,0.20939012009277938,0.08436587486803665,False
1982-09-23 13:00:00,0.28589877,0.054260008,0.043942984,0.18735845720767974,0.0842259644380101,False
1982-09-23 14:00:00,0.23515911,0.053949736,0.044164423,0.1579791402220726,0.08364601564305968,False
1982-09-23 15:00:00,0.1716229,0.055544168,0.046335686,0.1220243394896388,0.08272644842485409,False
1982-09-23 16:00:00,0.1037267,0.053175364,0.045953907,0.08195352605357765,0.0819916014139647,False
1982-09-23 17:00:00,0.036263958,0.050568145,0.04462433,0.04199366271123289,0.08160526487285094,False
1982-09-23 18:00:00,0.001356672,0.053124756,0.04735226,0.022942856724839658,0.08146774002156354,False
1982-09-23 19:00:00,0.0,0.05965283,0.05312806,0.024880810026079416,0.08149246161583625,False
1982-09-23 20:00:00,0.0,0.06879656,0.061156888,0.028688402630388736,0.08166217756354063,False
1982-09-23 21:00:00,0.0,0.07660556,0.06752035,0.03191354995965957,0.0819994765544664,False
1982-09-23 22:00:00,0.0,0.08640319,0.074897856,0.03592726171016693,0.08246466253082081,False
1982-09-23 23:00:00,0.0,0.08721101,0.07568087,0.03626763054728508,0.08302291347099282,False
1982-09-24 00:00:00,0.0,0.086890966,0.07526295,0.03612696558237076,0.08364711169038247,False
1982-09-24 01:00:00,0.0,0.08488485,0.07446754,0.03534375759959221,0.08437820247550308,False
1982-09-24 02:00:00,0.0,0.08292832,0.072575144,0.034519608713686464,0.0851762819897388,False
1982-09-24 03:00:00,0.0,0.07992907,0.06958216,0.03325126281380653,0.08602496095235736,False
1982-09-24 04:00:00,0.0,0.076371826,0.065409765,0.03171333117038012,0.0869141822896029,False
1982-09-24 05:00:00,1.797947e-05,0.072242625,0.06070384,0.02994591016607228,0.08787141808123604,False
1982-09-24 06:00:00,0.020128334,0.07054755,0.05836506,0.0407978081125766,0.0889088960373489,False
1982-09-24 07:00:00,0.100231916,0.07291709,0.05918091,0.08793599038571119,0.09007205316918222,False
1982-09-24 08:00:00,0.20450804,0.08070851,0.06361819,0.1512179599031806,0.0915676533631928,False
1982-09-24 09:00:00,0.31369424,0.08811018,0.06702955,0.21713382738828657,0.09354034076562247,False
1982-09-24 10:00:00,0.39766997,0.061810113,0.04505957,0.2546967218741774,0.09573943976670911,False
1982-09-24 11:00:00,0.41999474,0.05146437,0.03751752,0.26335326515138147,0.09810650671026144,False
1982-09-24 12:00:00,0.399993,0.048098646,0.03506391,0.2504378140121698,0.10056363553942899,False
1982-09-24 13:00:00,0.34209576,0.041754197,0.03043881,0.21444024954363702,0.10322860939312822,False
1982-09-24 14:00:00,0.26803023,0.041511007,0.030261524,0.17160512428730723,0.10580783230013001,False
1982-09-24 15:00:00,0.1940108,0.04291603,0.03159455,0.12948634880036114,0.10795769659717974,False
1982-09-24 16:00:00,0.1199267,0.047137037,0.03612594,0.08854207238554952,0.10948925044753376,False
1982-09-24 17:00:00,0.042210322,0.051931947,0.04171934,0.04577108868584037,0.11035014144534032,False
1982-09-24 18:00:00,0.0012414766,0.05803075,0.04803138,0.02472337342554238,0.1107695548039343,False
1982-09-24 19:00:00,0.0,0.066649966,0.055426624,0.02758687511086464,0.111125082337577,False
1982-09-24 20:00:00,0.0,0.07839959,0.06643717,0.03251705630868673,0.11145367679051132,False
1982-09-24 21:00:00,0.0,0.08626652,0.073682025,0.03581117436289787,0.11181430935072721,False
1982-09-24 22:00:00,0.0,0.09715108,0.08213784,0.04028419113904238,0.11221539204805166,False
1982-09-24 23:00:00,0.0,0.09688924,0.08136173,0.0401456640958786,0.11254764120425105,False
1982-09-25 00:00:00,0.0,0.099447094,0.083526626,0.04120641546696424,0.11286378518450081,False
1982-09-25 01:00:00,0.0,0.10080346,0.08486635,0.04177925873547792,0.11324359375382781,False
1982-09-25 02:00:00,0.0,0.104185365,0.087542675,0.04317170421034097,0.11376223447597593,False
1982-09-25 03:00:00,0.0,0.10885798,0.09159207,0.04511456727236509,0.11439858388346626,False
1982-09-25 04:00:00,0.0,0.116883054,0.09875137,0.04846242123842239,0.11520284679909243,False
1982-09-25 05:00:00,8.960922e-06,0.12747595,0.10938846,0.05295077196004968,0.11614736313237815,False
1982-09-25 06:00:00,0.021424182,0.13923915,0.12068905,0.07025820689648389,0.11714656252525363,False
1982-09-25 07:00:00,0.103409335,0.14553495,0.12802859,0.12028312560915946,0.11816896443191997,False
1982-09-25 08:00:00,0.21070765,0.15502863,0.13523461,0.18608654582500456,0.11915803373169236,False
1982-09-25 09:00:00,0.3154687,0.16289374,0.13998218,0.24969226774573325,0.12013363522522853,False
1982-09-25 10:00:00,0.39695293,0.16638866,0.13870767,0.297929468780756,0.12095060437497453,False
1982-09-25 11:00:00,0.45359385,0.16881537,0.1369635,0.33141255375742906,0.12159434408879609,False
1982-09-25 12:00:00,0.4609986,0.17291749,0.1390023,0.33730886507034297,0.12235864669145476,False
1982-09-25 13:00:00,0.42594606,0.15855202,0.12749234,0.3111611567437648,0.12315428759404849,False
1982-09-25 14:00:00,0.35017866,0.14320514,0.11623787,0.26117262648046013,0.12401941731361442,False
1982-09-25 15:00:00,0.25074303,0.12306446,0.100915,0.19553892430663108,0.12474190151775645,False
1982-09-25 16:00:00,0.13823953,0.105328724,0.086033046,0.12327629394829273,0.12513942092198027,False
1982-09-25 17:00:00,0.03905352,0.09587964,0.0780007,0.06212550392374396,0.12527611351764842,False
1982-09-25 18:00:00,0.00072056183,0.09583684,0.07830778,0.04000817833968904,0.12548474019333955,False
1982-09-25 19:00:00,0.0,0.0984423,0.08015064,0.04065334376692772,0.1258724542173009,False
1982-09-25 20:00:00,0.0,0.11155733,0.08952059,0.045998765520751474,0.12627226096404826,False
1982-09-25 21:00:00,0.0,0.12431626,0.098015174,0.0511655194312334,0.1266388839000288,False
1982-09-25 22:00:00,0.0,0.1259468,0.100015745,0.05187522120773792,0.12696763133037944,False
1982-09-25 23:00:00,0.0,0.1250138,0.0983787,0.05144254159927368,0.12722747621698413,False
1982-09-26 00:00:00,0.0,0.1322885,0.10265408,0.0543577769100666,0.1274013713166501,False
1982-09-26 01:00:00,0.0,0.14615539,0.116799526,0.060238512262701986,0.127536511514933,False
1982-09-26 02:00:00,0.0,0.15727685,0.13017076,0.06506438027322292,0.12763540444955337,False
1982-09-26 03:00:00,0.0,0.17354324,0.14478566,0.07185588276386261,0.12766531037598958,False
1982-09-26 04:00:00,0.0,0.185698,0.15791763,0.07705011516809464,0.12758356816614155,False
1982-09-26 05:00:00,2.4491267e-06,0.1874266,0.16195655,0.07790748102409566,0.12736450575910616,False
1982-09-26 06:00:00,0.020548172,0.18762809,0.16263035,0.0898730996325612,0.12703863118336417,False
1982-09-26 07:00:00,0.10326239,0.1823374,0.15826699,0.1354113167747855,0.12651046299272486,False
1982-09-26 08:00:00,0.21673183,0.1755251,0.15229265,0.19804683159291742,0.12578970963808356,False
1982-09-26 09:00:00,0.31886706,0.17432715,0.14880252,0.2563483465760946,0.12505634582234507,False
1982-09-26 10:00:00,0.3877652,0.14928581,0.12535639,0.2855962281376123,0.12447455300955061,False
1982-09-26 11:00:00,0.4203331,0.13940702,0.11234087,0.30003979007899756,0.12363969118852126,False
1982-09-26 12:00:00,0.40725768,0.13027585,0.10313169,0.28862857733666897,0.12253858866097984,False
1982-09-26 13:00:00,0.35432965,0.12511481,0.09909082,0.25596647608280176,0.12147869592491496,False
1982-09-26 14:00:00,0.27370948,0.117231086,0.09436533,0.20628436608612535,0.12060490458867783,False
1982-09-26 15:00:00,0.17995793,0.10849056,0.087010026,0.148567280203104,0.1197980452085779,False
1982-09-26 16:00:00,0.09363732,0.099537656,0.08046648,0.09510331697762012,0.11923837156350993,False
1982-09-26 17:00:00,0.026861819,0.09746454,0.0800275,0.055785169119015335,0.11881532353090701,False
1982-09-26 18:00:00,0.0005577381,0.10395373,0.08616494,0.043333646575687446,0.11849483675662698,False
1982-09-26 19:00:00,0.0,0.11301238,0.09400056,0.04677759895473719,0.11816747049001514,False
1982-09-26 20:00:00,0.0,0.121173225,0.100037724,0.050114957235753536,0.11787240635362922,False
1982-09-26 21:00:00,0.0,0.12447681,0.10479828,0.05159105101972818,0.11753746627822055,False
1982-09-26 22:00:00,0.0,0.12723963,0.10750597,0.05275674569606781,0.117135877188216,False
1982-09-26 23:00:00,0.0,0.11674257,0.100270726,0.048492628879845144,0.11667224232984245,False
1982-09-27 00:00:00,0.0,0.11480767,0.09868729,0.04769314498454333,0.11623701218228326,False
1982-09-27 01:00:00,0.0,0.11205869,0.095860414,0.04652611959725619,0.11573773515402809,False
1982-09-27 02:00:00,0.0,0.10738086,0.09228984,0.0446071886792779,0.11511909885929437,False
1982-09-27 03:00:00,0.0,0.099035084,0.086055465,0.041190941199660304,0.11440157084391923,False
1982-09-27 04:00:00,0.0,0.0910478,0.08057013,0.037947425700724124,0.11351764374870348,False
1982-09-27 05:00:00,8.643977e-08,0.089419335,0.079870515,0.037308792324434334,0.11250082819900947,False
1982-09-27 06:00:00,0.011453499,0.09188394,0.0813387,0.04490613374579698,0.11144037743878756,False
1982-09-27 07:00:00,0.07739742,0.098600134,0.08602228,0.08568696458637715,0.11030144003413667,False
1982-09-27 08:00:00,0.17684487,0.11777959,0.099720865,0.15088508266955614,0.10908220958996613,False
1982-09-27 09:00:00,0.2862167,0.13671283,0.11429884,0.22176621273159977,0.10780849668391097,False
1982-09-27 10:00:00,0.36192256,0.118278705,0.099665575,0.2578561013713479,0.10655333241703659,False
1982-09-27 11:00:00,0.40414593,0.10938874,0.09264793,0.27855963243544096,0.10559291384850057,False
1982-09-27 12:00:00,0.41938096,0.10717207,0.090827845,0.2864340137392283,0.10463798351174271,False
1982-09-27 13:00:00,0.39594427,0.09828987,0.08315497,0.26921917260438205,0.1039695762457921,False
1982-09-27 14:00:00,0.32351384,0.08623362,0.073253445,0.22244337623566385,0.1032180664248273,False
1982-09-27 15:00:00,0.24202576,0.06985468,0.06017312,0.16867458934336899,0.10271154778846281,False
1982-09-27 16:00:00,0.13751705,0.056709006,0.04994495,0.10296998838335275,0.10242337012337262,False
1982-09-27 17:00:00,0.04135572,0.05482603,0.04905709,0.04674213875830173,0.1020376595229195,False
1982-09-27 18:00:00,0.00061461556,0.05733382,0.051551573,0.024294597542320842,0.10147188767763372,False
1982-09-27 19:00:00,0.0,0.06348034,0.056778144,0.02649026522040367,0.10079252610372336,False
1982-09-27 20:00:00,0.0,0.07166231,0.06441205,0.029921641901135443,0.10005810866416853,False
1982-09-27 21:00:00,0.0,0.07629317,0.069204874,0.03188924311101436,0.09926221936515488,False
1982-09-27 22:00:00,0.0,0.070819415,0.0645997,0.029620748005807402,0.09844721281836229,False
1982-09-27 23:00:00,0.0,0.07305955,0.06652815,0.030551494516432284,0.09758545781805134,False
1982-09-28 00:00:00,0.0,0.0726822,0.06616198,0.030392479553818703,0.09685124535898632,False
1982-09-28 01:00:00,0.0,0.07303586,0.06655071,0.030543970115482807,0.09616330630907742,False
1982-09-28 02:00:00,0.0,0.07324234,0.06660395,0.03062303553521633,0.09550933928245631,False
1982-09-28 03:00:00,0.0,0.07035608,0.064184986,0.029427382193505765,0.09492304155619767,False
1982-09-28 04:00:00,0.0,0.067499034,0.06177454,0.028242968782782554,0.09442987401544067,False
1982-09-28 05:00:00,0.0,0.06460428,0.058645636,0.02700584453344345,0.09402710882777299,False
1982-09-28 06:00:00,0.01588097,0.06246594,0.05538616,0.03520410420931876,0.09364567140068664,False
1982-09-28 07:00:00,0.08808059,0.06272196,0.05409908,0.07688825545459985,0.09331757130939396,False
1982-09-28 08:00:00,0.18867669,0.06743504,0.058493234,0.13690861210227012,0.09314939369618154,False
1982-09-28 09:00:00,0.29208684,0.066312715,0.057351172,0.19610046176612375,0.0930439158737803,False
1982-09-28 10:00:00,0.37937894,0.05005746,0.03932006,0.23949613684788346,0.09284474133925086,False
1982-09-28 11:00:00,0.40661308,0.047791872,0.036151573,0.2542031339146197,0.09301883543988883,False
1982-09-28 12:00:00,0.4123061,0.045563962,0.033913087,0.25654502857103945,0.09338302022210826,False
1982-09-28 13:00:00,0.353831,0.03848688,0.028367836,0.219894004676491,0.09372770907031254,False
1982-09-28 14:00:00,0.2920075,0.032990195,0.024254791,0.18197147154062984,0.09392340641484169,False
1982-09-28 15:00:00,0.21359193,0.028119545,0.020668417,0.13473475227877496,0.09410203662417556,False
1982-09-28 16:00:00,0.11554658,0.024219457,0.018182477,0.07658920815587043,0.09401108761965955,False
1982-09-28 17:00:00,0.032725055,0.023740258,0.018252013,0.02862812054529786,0.09377364370191817,False
1982-09-28 18:00:00,0.00035293354,0.025565973,0.02012601,0.010724291027989238,0.09346214685670447,False
1982-09-28 19:00:00,0.0,0.027956167,0.022402521,0.011525561856105924,0.09329247176947686,False
1982-09-28 20:00:00,0.0,0.028868219,0.023331447,0.011912270883098245,0.09315225840823406,False
1982-09-28 21:00:00,0.0,0.030275395,0.024057703,0.012470736773684621,0.09297084864040518,False
1982-09-28 22:00:00,0.0,0.027832983,0.020780277,0.011392505681142211,0.09277481026945318,False
1982-09-28 23:00:00,0.0,0.032138508,0.025765212,0.013250430844724178,0.0926338162701359,False
1982-09-29 00:00:00,0.0,0.035472404,0.029310249,0.014672070588916541,0.09250233045311328,False
1982-09-29 01:00:00,0.0,0.03661638,0.030078845,0.015135702319443226,0.09241300151168984,False
1982-09-29 02:00:00,0.0,0.03985443,0.032566912,0.016464897818863393,0.09233452121026497,False
1982-09-29 03:00:00,0.0,0.042449635,0.034351557,0.017518899243324993,0.092248587978982,False
1982-09-29 04:00:00,0.0,0.045168128,0.03606773,0.018614696692675355,0.0921539819785176,False
1982-09-29 05:00:00,0.0,0.046071,0.037029568,0.01899979582428932,0.09207888378340436,False
1982-09-29 06:00:00,0.016994027,0.046826497,0.038385153,0.02915732936374843,0.09202522156594937,False
1982-09-29 07:00:00,0.09967801,0.048571408,0.040321816,0.07761443915218114,0.0920029070877912,False
1982-09-29 08:00:00,0.21941006,0.04646871,0.038436815,0.14582214719429612,0.09197312723759636,False
1982-09-29 09:00:00,0.33550757,0.04513769,0.03633628,0.2122058350741863,0.09183645200985247,False
1982-09-29 10:00:00,0.43735301,0.033884365,0.025122182,0.266212618201971,0.09152641758733814,False
1982-09-29 11:00:00,0.48794803,0.035492424,0.02588489,0.2960405019819736,0.09102421698781114,False
1982-09-29 12:00:00,0.5002888,0.035048094,0.02555006,0.3029790784530342,0.0905152571492339,False
1982-09-29 13:00:00,0.46058,0.031486437,0.02295361,0.27861264514178036,0.08986163843655721,False
1982-09-29 14:00:00,0.38230395,0.025536517,0.018616123,0.2310176262836903,0.08925943612927956,False
1982-09-29 15:00:00,0.27067918,0.019901639,0.014508295,0.16430903712660072,0.08859632599353555,False
1982-09-29 16:00:00,0.14415988,0.02055124,0.014981854,0.09157268033176659,0.08785682391809685,False
1982-09-29 17:00:00,0.03549874,0.027689666,0.02018577,0.0317902901880443,0.08747583755322808,False
1982-09-29 18:00:00,0.00024983974,0.03913375,0.028994113,0.016150193355395456,0.08746929917074893,False
1982-09-29 19:00:00,0.0,0.047975454,0.038094096,0.01976002388074994,0.08767831527279024,False
1982-09-29 20:00:00,0.0,0.051501855,0.04092201,0.02121397304534912,0.08783386672579484,False
1982-09-29 21:00:00,0.0,0.054669634,0.04270938,0.022479401305317878,0.087922801326963,False
1982-09-29 22:00:00,0.0,0.05566609,0.04281943,0.022853036038577558,0.08794896837312528,False
1982-09-29 23:00:00,0.0,0.059045993,0.045411184,0.024240175299346446,0.08792226986366125,False
1982-09-30 00:00:00,0.0,0.063485324,0.04960381,0.0261046903654933,0.08782932651427376,False
1982-09-30 01:00:00,0.0,0.065013,0.051613316,0.02677691564708948,0.08768220889626804,False
1982-09-30 02:00:00,0.0,0.06432374,0.05116261,0.026498240433633326,0.08750606050109759,False
1982-09-30 03:00:00,0.0,0.06051959,0.04730676,0.024886294171214105,0.0872850657199769,False
1982-09-30 04:00:00,0.0,0.059883557,0.04705968,0.024638255417346953,0.08702344955143321,False
1982-09-30 05:00:00,0.0,0.05959114,0.045202356,0.024430058095604182,0.08672423749493004,False
1982-09-30 06:00:00,0.0145640625,0.062719636,0.047888882,0.03413300925772637,0.08641849884769448,False
1982-09-30 07:00:00,0.083909616,0.065851666,0.050809436,0.07545882264524698,0.0860076900834516,False
1982-09-30 08:00:00,0.17519906,0.07107237,0.056159966,0.1303482011705637,0.08511825965238458,False
1982-09-30 09:00:00,0.26330176,0.07116565,0.0561772,0.18121880948543548,0.08360144432290956,False
1982-09-30 10:00:00,0.32636553,0.06602721,0.05025105,0.2153905080705881,0.081556045091345,False
1982-09-30 11:00:00,0.35253042,0.06438646,0.048229754,0.22977306166291236,0.07901048231827516,False
1982-09-30 12:00:00,0.3482588,0.05919917,0.044102095,0.22517133036255838,0.0763201283376186,False
1982-09-30 13:00:00,0.29252538,0.05424868,0.040433083,0.19098829392716288,0.07359870795495006,False
1982-09-30 14:00:00,0.22568476,0.048577607,0.03698038,0.15014218502491714,0.07114473812723274,False
1982-09-30 15:00:00,0.1407412,0.043885026,0.034026038,0.09923865265771747,0.06906286943179801,False
1982-09-30 16:00:00,0.068319656,0.04598324,0.03543714,0.058301862642168994,0.06762705965075558,False
1982-09-30 17:00:00,0.013761268,0.049763978,0.03724294,0.028314278186298905,0.06676816701078277,False
1982-09-30 18:00:00,6.58671e-05,0.050695628,0.037266146,0.02075706392597203,0.06639204601321906,False
1982-09-30 19:00:00,0.0,0.046507377,0.03390388,0.018992031600326302,0.06610821890322668,False
1982-09-30 20:00:00,0.0,0.03962409,0.028885964,0.01618113173916936,0.06576291029668474,False
1982-09-30 21:00:00,0.0,0.033613853,0.024504503,0.013726754989475013,0.06540593664867166,False
1982-09-30 22:00:00,0.0,0.024759596,0.018049745,0.010110977226868273,0.06505263364525572,False
1982-09-30 23:00:00,0.0,0.021522727,0.015690072,0.008789150074124336,0.06471277859924422,False
1982-10-01 00:00:00,0.0,0.018636284,0.0135858515,0.007610424924641848,0.06436182693881974,False
1982-10-01 01:00:00,0.0,0.016359294,0.011925925,0.006680579351261259,0.06398316135898759,False
1982-10-01 02:00:00,0.0,0.014342889,0.010455967,0.005857148325070739,0.06358551969065858,False
1982-10-01 03:00:00,0.0,0.012149207,0.0088567715,0.004961323153227567,0.06320937001554822,False
1982-10-01 04:00:00,0.0,0.010413497,0.0075914385,0.004252517980523407,0.06288566090353825,False
1982-10-01 05:00:00,0.0,0.010589375,0.007719654,0.004324340756982565,0.06257968715264989,False
1982-10-01 06:00:00,0.008140205,0.011611178,0.008464549,0.009438508680090309,0.06228035059537334,False
1982-10-01 07:00:00,0.051636897,0.012555622,0.009153047,0.03492177846096456,0.061895323804317955,False
1982-10-01 08:00:00,0.11789291,0.01222139,0.008909393,0.07301501137949526,0.061272985522839225,False
1982-10-01 09:00:00,0.1906756,0.009811909,0.007152881,0.11402667195908725,0.06041140330626535,False
1982-10-01 10:00:00,0.24411255,0.0077691656,0.0056637214,0.1440256050946191,0.05954092998737686,True
1982-10-01 11:00:00,0.28568545,0.0050518564,0.0036828027,0.16690351091045882,0.0586832584194395,True
1982-10-01 12:00:00,0.2960261,0.003780516,0.0027559963,0.17235090008494441,0.05816134892583575,True
1982-10-01 13:00:00,0.2757494,0.0041989246,0.003061016,0.16082209341134876,0.057579871775747575,True
1982-10-01 14:00:00,0.2243495,0.004011764,0.0029245766,0.13108792890282348,0.05723582312364813,True
1982-10-01 15:00:00,0.1626053,0.0038370218,0.0027971887,0.09539016763656401,0.05697557297769063,True
1982-10-01 16:00:00,0.08475712,0.0035286378,0.002572377,0.050345833613071586,0.05690163764354678,True
1982-10-01 17:00:00,0.020550938,0.0046002627,0.0033535915,0.013736482304986567,0.05683439575097895,True
1982-10-01 18:00:00,8.004322e-05,0.0060737357,0.0044277534,0.00252649207576178,0.05666887444089926,True
1982-10-01 19:00:00,0.0,0.007799892,0.005686121,0.0031852107667364182,0.05649831769251757,True
1982-10-01 20:00:00,0.0,0.009989171,0.007282106,0.004079237940721214,0.056449280179660104,True
1982-10-01 21:00:00,0.0,0.013519385,0.009855632,0.005520857141353189,0.05651443246225388,True
1982-10-01 22:00:00,0.0,0.01601503,0.0116749555,0.006539993830025195,0.05663051744233378,True
1982-10-01 23:00:00,0.0,0.01810752,0.013200381,0.0073944955989718435,0.05677018847593133,True
1982-10-02 00:00:00,0.0,0.019415775,0.014154101,0.007928742533549667,0.05690818062375327,True
1982-10-02 01:00:00,0.0,0.01883143,0.013728109,0.007690115567296743,0.05706155409055789,True
1982-10-02 02:00:00,0.0,0.020675218,0.015072235,0.008443056028336286,0.05725705844591864,True
1982-10-02 03:00:00,0.0,0.022891859,0.016688166,0.009348256794735789,0.05749352666663033,True
1982-10-02 04:00:00,0.0,0.024363147,0.017805817,0.009951515374705195,0.05775449124488075,True
1982-10-02 05:00:00,0.0,0.024549045,0.018579738,0.010061903346329927,0.058070002906055,True
1982-10-02 06:00:00,0.008090041,0.026780829,0.020400815,0.015651723287068306,0.058445458151663465,True
1982-10-02 07:00:00,0.05814218,0.029434264,0.02180191,0.045586585134267804,0.05893983469229375,True
1982-10-02 08:00:00,0.1327207,0.030363355,0.0223766,0.0889922547750175,0.05973205607816295,True
1982-10-02 09:00:00,0.21960162,0.031095993,0.023176597,0.13943609017878772,0.06090181215659588,False
1982-10-02 10:00:00,0.28377098,0.02567897,0.01871997,0.17422227280959485,0.062365057742816365,False
1982-10-02 11:00:00,0.33554962,0.027169084,0.02007188,0.20472140596993266,0.06427289385460268,False
1982-10-02 12:00:00,0.32252523,0.027325198,0.020006845,0.1972604271583259,0.06626846099902127,False
1982-10-02 13:00:00,0.2821531,0.028581273,0.020835748,0.17447395862638948,0.06795656560507533,False
1982-10-02 14:00:00,0.2185062,0.028337568,0.020658089,0.13765017801895738,0.06949778450273296,False
1982-10-02 15:00:00,0.14877626,0.024110364,0.017576456,0.09568975661881268,0.0708877625632997,False
1982-10-02 16:00:00,0.08075945,0.02075601,0.01513113,0.05507425179891288,0.07187152180995471,False
1982-10-02 17:00:00,0.019023431,0.023000777,0.016767569,0.0203692553024739,0.07250099848489383,False
1982-10-02 18:00:00,4.028093e-05,0.030725129,0.022398617,0.012570340003650926,0.0729478515546861,False
1982-10-02 19:00:00,0.0,0.04074343,0.029701956,0.016638230983167888,0.07344116156733278,False
1982-10-02 20:00:00,0.0,0.04721798,0.03490753,0.019308441303670407,0.07394739790425436,False
1982-10-02 21:00:00,0.0,0.047168225,0.03506961,0.019298834033310414,0.07442432824867345,False
1982-10-02 22:00:00,0.0,0.04116255,0.03011492,0.016815186839550734,0.07485450723070451,False
1982-10-02 23:00:00,0.0,0.037742548,0.027514316,0.01541277316957712,0.07513993357333155,False
1982-10-03 00:00:00,0.0,0.03666405,0.02672809,0.01497235133126378,0.075434003773162,False
1982-10-03 01:00:00,0.0,0.039338443,0.028683385,0.016064788408577443,0.0757496133753032,False
1982-10-03 02:00:00,0.0,0.04203948,0.031389903,0.01720762291923165,0.07611506139057954,False
1982-10-03 03:00:00,0.0,0.042727455,0.031873923,0.017487622909247876,0.07651117119765176,False
1982-10-03 04:00:00,0.0,0.047379985,0.03544191,0.019397077716886996,0.07694880100620712,False
1982-10-03 05:00:00,0.0,0.0543328,0.042544246,0.02234619254618883,0.07744951869118294,False
1982-10-03 06:00:00,0.010714469,0.06546985,0.0523696,0.03316858263034374,0.07801230803936986,False
1982-10-03 07:00:00,0.07254552,0.07525184,0.061513156,0.07294840498268605,0.0786031461450981,False
1982-10-03 08:00:00,0.16123903,0.087615855,0.070335805,0.12916330314427615,0.079252662188817,False
1982-10-03 09:00:00,0.25591534,0.08899148,0.069656506,0.18426246009767056,0.0800686045691615,False
1982-10-03 10:00:00,0.3405554,0.09520068,0.073559664,0.23560173846036195,0.08102092898549468,False
1982-10-03 11:00:00,0.39376998,0.08635629,0.067036755,0.2626907338425517,0.0822635467477542,False
1982-10-03 12:00:00,0.38133872,0.08107581,0.063527934,0.2533799211755395,0.08335917822762194,False
1982-10-03 13:00:00,0.3527137,0.07598766,0.060099017,0.2348006004989147,0.08453763329223841,False
1982-10-03 14:00:00,0.29055682,0.073229775,0.05803342,0.19780687581002712,0.08581973393045789,False
1982-10-03 15:00:00,0.20104387,0.06447944,0.052136716,0.14261061147600412,0.08722346323800075,False
1982-10-03 16:00:00,0.09879783,0.056963217,0.04694334,0.08056071401014923,0.08861121104228577,False
1982-10-03 17:00:00,0.018468086,0.059352715,0.048670232,0.03518542965501546,0.08949714405331873,False
1982-10-03 18:00:00,1.2793084e-05,0.063573,0.050732464,0.02620537268280259,0.09012659117282325,False
1982-10-03 19:00:00,0.0,0.06668247,0.053309675,0.027484554938972,0.09079598925670507,False
1982-10-03 20:00:00,0.0,0.06530619,0.053220585,0.02697189447283745,0.09147868280962938,False
1982-10-03 21:00:00,0.0,0.06329801,0.052083015,0.026169448278844355,0.09217747818364659,False
1982-10-03 22:00:00,0.0,0.049190085,0.03869105,0.020240458276122808,0.09290997111343675,False
1982-10-03 23:00:00,0.0,0.05213705,0.04206099,0.021509865190833807,0.09369310757972198,False
1982-10-04 00:00:00,0.0,0.0558907,0.04545064,0.023078003436326978,0.09449148329103263,False
1982-10-04 01:00:00,0.0,0.060968827,0.050631907,0.02523162030056119,0.09533611415012637,False
1982-10-04 02:00:00,0.0,0.06636593,0.05494999,0.027456326767802238,0.0961626939318412,False
1982-10-04 03:00:00,0.0,0.07339683,0.060575124,0.03035448760539293,0.09702117607032779,False
1982-10-04 04:00:00,0.0,0.0821476,0.06802779,0.033985964253544804,0.09793522764451701,False
1982-10-04 05:00:00,0.0,0.089464545,0.07524768,0.03707579205930233,0.09891790774127368,False
1982-10-04 06:00:00,0.010334997,0.091760136,0.077577196,0.04401195236202329,0.09994493201456862,False
1982-10-04 07:00:00,0.06679209,0.092111066,0.07843211,0.07676335523277521,0.100949546091495,False
1982-10-04 08:00:00,0.15193188,0.09767468,0.082422875,0.12815748903155327,0.10181010525681754,False
1982-10-04 09:00:00,0.24908872,0.10005768,0.08337386,0.18514766216278075,0.10301743716521865,False
1982-10-04 10:00:00,0.33636495,0.096580885,0.07679629,0.23386792539805173,0.10485211258063769,False
1982-10-04 11:00:00,0.37833238,0.09496766,0.07353459,0.2573117170035839,0.10670941728454758,False
1982-10-04 12:00:00,0.37194294,0.09562241,0.0727875,0.2538262702599168,0.10829744282171185,False
1982-10-04 13:00:00,0.340715,0.096161775,0.072936006,0.23601478926092384,0.1095569374695612,False
1982-10-04 14:00:00,0.28319958,0.10151651,0.07710068,0.2050291847810149,0.11051292458681444,False
1982-10-04 15:00:00,0.21052653,0.099390104,0.076905504,0.16230165122449397,0.11110889364693989,False
1982-10-04 16:00:00,0.10459418,0.09028983,0.07280088,0.09759903632849455,0.11155100817598457,False
1982-10-04 17:00:00,0.019424744,0.09529638,0.077968046,0.05058271703869104,0.11208063140216958,False
1982-10-04 18:00:00,5.0711324e-06,0.1081312,0.08885387,0.04470144802997765,0.11277734369447352,False
1982-10-04 19:00:00,0.0,0.1194542,0.09868375,0.04940752152353525,0.11351497702531617,False
1982-10-04 20:00:00,0.0,0.12731656,0.10871865,0.05285061925649643,0.11417423893509533,False
1982-10-04 21:00:00,0.0,0.13106987,0.11284654,0.05445849466323852,0.11476723104434189,False
1982-10-04 22:00:00,0.0,0.1308275,0.113525726,0.054405737221241,0.11527429322058436,False
1982-10-04 23:00:00,0.0,0.1293566,0.111152306,0.05373480731248856,0.11565960804301416,False
1982-10-05 00:00:00,0.0,0.13364707,0.11479378,0.05551463256776333,0.11586545693919165,False
1982-10-05 01:00:00,0.0,0.13405496,0.11619145,0.05574061793088913,0.11600603189224479,False
1982-10-05 02:00:00,0.0,0.1403328,0.1228141,0.058414765566587444,0.11613130687059005,False
1982-10-05 03:00:00,0.0,0.14738484,0.12920544,0.06136209847033024,0.11629903374028494,False
1982-10-05 04:00:00,0.0,0.15988432,0.14015572,0.066565722361207,0.11648213280665791,False
1982-10-05 05:00:00,0.0,0.17190897,0.15201752,0.0716433576643467,0.11668085410327754,False
1982-10-05 06:00:00,0.008559956,0.1835083,0.16178516,0.08139005832280964,0.11694009136895751,False
1982-10-05 07:00:00,0.068331786,0.17950168,0.15910526,0.11425524491816759,0.11728135024278101,False
1982-10-05 08:00:00,0.15908003,0.22901689,0.20034866,0.187115234747529,0.11758816336276927,False
1982-10-05 09:00:00,0.25825128,0.29725388,0.2523928,0.27232688003778455,0.11775991419356613,False
1982-10-05 10:00:00,0.3334681,0.31975693,0.2657585,0.32475236424803733,0.11776612184254127,False
1982-10-05 11:00:00,0.37486932,0.2961116,0.24724405,0.3389159596264362,0.11757660712343626,False
1982-10-05 12:00:00,0.35043404,0.2702088,0.22089216,0.31383566427230836,0.1167520799637926,False
1982-10-05 13:00:00,0.30818152,0.24957193,0.19954072,0.2806879821270704,0.11587867705891826,False
1982-10-05 14:00:00,0.24040356,0.2126027,0.17129883,0.2264133906960487,0.11475078296020302,False
1982-10-05 15:00:00,0.15945168,0.17368415,0.14331554,0.16383210887014865,0.11362650498184361,False
1982-10-05 16:00:00,0.07583511,0.15010066,0.12664123,0.10598262886703014,0.1125180922775683,False
1982-10-05 17:00:00,0.0138376225,0.14622356,0.12382996,0.06862761968560517,0.11227138654417342,False
1982-10-05 18:00:00,8.932109e-07,0.14862083,0.12537354,0.061611772563250046,0.112653124728562,False
1982-10-05 19:00:00,0.0,0.14267549,0.12003465,0.05912912660837173,0.11320531649595443,False
1982-10-05 20:00:00,0.0,0.13395534,0.1112221,0.05543551571667194,0.11379547810774614,False
1982-10-05 21:00:00,0.0,0.122361995,0.099201046,0.05050843273848295,0.11445948983110804,False
1982-10-05 22:00:00,0.0,0.09424313,0.07333063,0.038735569752752774,0.11518177146684695,False
1982-10-05 23:00:00,0.0,0.07635063,0.059578333,0.03139061220735311,0.11600111391242911,False
1982-10-06 00:00:00,0.0,0.07267895,0.055686433,0.02982560118287802,0.11691250273339766,False
1982-10-06 01:00:00,0.0,0.07620417,0.057879247,0.03124481926113367,0.11802379625697006,False
1982-10-06 02:00:00,0.0,0.08645715,0.066750534,0.03550721651315689,0.119503824282776,False
1982-10-06 03:00:00,0.0,0.095087275,0.07511182,0.03914324279129505,0.12119403782334497,False
1982-10-06 04:00:00,0.0,0.10556077,0.08467892,0.04352458649128675,0.1229822393016549,False
1982-10-06 05:00:00,0.0,0.1200295,0.09682027,0.04951918081194162,0.12489420843158235,False
1982-10-06 06:00:00,0.005004113,0.13951151,0.111578844,0.060392378305550665,0.12687339114617874,False
1982-10-06 07:00:00,0.042414438,0.1623707,0.13152717,0.09149038499221206,0.1288684484519752,False
1982-10-06 08:00:00,0.104520455,0.18397012,0.15200464,0.13640152890980242,0.1308104442455407,False
1982-10-06 09:00:00,0.17262875,0.20757562,0.17117481,0.18544562931358813,0.13192781791506072,False
1982-10-06 10:00:00,0.22385453,0.23152,0.18844959,0.22477121888101098,0.1324135580318581,False
1982-10-06 11:00:00,0.23141499,0.20434248,0.16306645,0.21773441334068774,0.13258101661421715,False
1982-10-06 12:00:00,0.23007707,0.192522,0.15014519,0.21190293082594872,0.13273684189945817,False
1982-10-06 13:00:00,0.18537891,0.18210244,0.14289705,0.18187587252259252,0.13328484399100501,False
1982-10-06 14:00:00,0.14171427,0.16856933,0.13134488,0.15106384181976318,0.13394899814991015,False
1982-10-06 15:00:00,0.08374607,0.14804746,0.11383049,0.10909784141927957,0.13516876638816405,False
1982-10-06 16:00:00,0.039600044,0.15328361,0.11752376,0.08575716112554073,0.1368932088301118,False
1982-10-06 17:00:00,0.006118725,0.1594139,0.12133176,0.06890614988934249,0.13894728163144596,False
1982-10-06 18:00:00,0.0,0.17304845,0.13614397,0.07120665286481381,0.14106463705170982,False
1982-10-06 19:00:00,0.0,0.18889119,0.14878576,0.07773527888953685,0.14305099211622546,False
1982-10-06 20:00:00,0.0,0.20592235,0.16181175,0.08472318197786807,0.1449613888039119,False
1982-10-06 21:00:00,0.0,0.21674751,0.1694108,0.08912801317870617,0.1468475188397668,False
1982-10-06 22:00:00,0.0,0.22796512,0.17805642,0.09373417460918426,0.14864781501180077,False
1982-10-06 23:00:00,0.0,0.23704569,0.1854002,0.09748147071897983,0.15060103200272243,False
1982-10-07 00:00:00,0.0,0.264576,0.2079293,0.10885672169923782,0.15235996491870427,False
1982-10-07 01:00:00,0.0,0.30727652,0.24809127,0.12678196316957474,0.15382764784981082,False
1982-10-07 02:00:00,0.0,0.33672696,0.28319937,0.13954501551389695,0.15505431066955025,False
1982-10-07 03:00:00,0.0,0.3549896,0.3000854,0.14719576942920684,0.15608339746239178,False
1982-10-07 04:00:00,0.0,0.38180214,0.32324538,0.15834024059772492,0.1569474836163088,False
1982-10-07 05:00:00,0.0,0.40158772,0.34181958,0.16664412796497347,0.15767178655498246,False
1982-10-07 06:00:00,0.0048503946,0.42047024,0.35556692,0.17715280900103972,0.15823644371739173,False
1982-10-07 07:00:00,0.03830238,0.44704247,0.37799814,0.20747104300931096,0.158614361633993,False
1982-10-07 08:00:00,0.08865501,0.45768425,0.38351375,0.24074917088449002,0.1586984969737436,False
1982-10-07 09:00:00,0.14559765,0.50989336,0.43485022,0.2956424056440592,0.15836896958650334,False
1982-10-07 10:00:00,0.18983383,0.53683466,0.4660049,0.332790376201272,0.15776999245318207,False
1982-10-07 11:00:00,0.21221077,0.5393742,0.4614979,0.3463955733180046,0.1569809352378168,False
1982-10-07 12:00:00,0.21465021,0.52143687,0.4421553,0.3401397646665573,0.15649861697928294,False
1982-10-07 13:00:00,0.1881604,0.49276105,0.4105556,0.31256738175451754,0.15615413444906406,False
1982-10-07 14:00:00,0.15028532,0.47890845,0.39871147,0.2849622661322355,0.15635703773313445,False
1982-10-07 15:00:00,0.099736184,0.45676598,0.37983188,0.246605346083641,0.15648941602214483,False
1982-10-07 16:00:00,0.046922386,0.4289161,0.35618272,0.20457812333106995,0.15663218703476026,False
1982-10-07 17:00:00,0.007340061,0.40138745,0.33173138,0.17026067985827104,0.15620941765588953,False
1982-10-07 18:00:00,0.0,0.37982345,0.31114748,0.15695681565999983,0.15536559245254236,False
1982-10-07 19:00:00,0.0,0.3651082,0.29820824,0.150828167617321,0.15432894997958416,False
1982-10-07 20:00:00,0.0,0.3533247,0.28875813,0.145969757437706,0.15311921813207072,False
1982-10-07 21:00:00,0.0,0.33146462,0.27059639,0.13692264899611473,0.1517167646592329,False
1982-10-07 22:00:00,0.0,0.3206003,0.26274952,0.1324899853169918,0.15015759305244633,False
1982-10-07 23:00:00,0.0,0.2804005,0.22873338,0.11581939217448234,0.14853437104735845,False
1982-10-08 00:00:00,0.0,0.2429882,0.19651364,0.10027438187599182,0.146782213108459,False
1982-10-08 01:00:00,0.0,0.21882667,0.17365916,0.09012463460862637,0.1447571424425891,False
1982-10-08 02:00:00,0.0,0.2061907,0.16331504,0.08490338256955146,0.14235741833488777,False
1982-10-08 03:00:00,0.0,0.1958181,0.15486112,0.08061937817931175,0.13970101850848501,False
1982-10-08 04:00:00,0.0,0.19027497,0.14962341,0.07829112754762173,0.13690426569754113,False
1982-10-08 05:00:00,0.0,0.18623807,0.14631256,0.07662272460758687,0.13388858426241992,False
1982-10-08 06:00:00,0.0042651687,0.18472143,0.14646722,0.07853243830241263,0.13072939658719904,False
1982-10-08 07:00:00,0.034827013,0.18307409,0.14591402,0.09552888130024076,0.127422701531381,False
1982-10-08 08:00:00,0.07754629,0.18421075,0.14567108,0.12058421432226896,0.12406903560085157,False
1982-10-08 09:00:00,0.13313864,0.19437368,0.150923,0.1566947269141674,0.12098666236904694,False
1982-10-08 10:00:00,0.1727429,0.21308184,0.15919666,0.186896472543478,0.1176660956561683,False
1982-10-08 11:00:00,0.19795029,0.19659832,0.14483407,0.19458313693106175,0.11408197388609805,False
1982-10-08 12:00:00,0.21146347,0.17949367,0.13185531,0.19536776937544345,0.11028724149674733,False
1982-10-08 13:00:00,0.21574529,0.16432926,0.12023525,0.19161523015797138,0.10664913090673521,False
1982-10-08 14:00:00,0.18584569,0.12287875,0.089681074,0.1574179996922612,0.10324830653322485,False
1982-10-08 15:00:00,0.13326325,0.09564449,0.069724835,0.11595085002481938,0.09999375479930327,False
1982-10-08 16:00:00,0.06332577,0.07083171,0.051636316,0.06546423093974589,0.09685203273926175,False
1982-10-08 17:00:00,0.010150276,0.055206727,0.040269416,0.028402540128678086,0.09377669927452625,False
1982-10-08 18:00:00,0.0,0.05248407,0.038540605,0.02144781416282058,0.09076796034117203,False
1982-10-08 19:00:00,0.0,0.048105776,0.0355022,0.01966815020889044,0.08793938032560024,False
1982-10-08 20:00:00,0.0,0.042622097,0.03107151,0.017405415281653406,0.0852096043203396,False
1982-10-08 21:00:00,0.0,0.034987673,0.025506012,0.014287776052951812,0.08257305030966151,False
1982-10-08 22:00:00,0.0,0.03873858,0.028240424,0.015819518364965916,0.08011318433679614,False
1982-10-08 23:00:00,0.0,0.03275956,0.023881715,0.013377889651805162,0.07772691801235986,False
1982-10-09 00:00:00,0.0,0.028536484,0.020803098,0.011653329737484456,0.07568465652059737,False
1982-10-09 01:00:00,0.0,0.028394151,0.020699335,0.011595205999910832,0.07397492379135427,False
1982-10-09 02:00:00,0.0,0.029478027,0.021489482,0.012037823846563697,0.07251644274963971,False
1982-10-09 03:00:00,0.0,0.03171575,0.023120787,0.012951634503901004,0.07117843178053361,False
1982-10-09 04:00:00,0.0,0.033272926,0.024255965,0.013587531711906195,0.06993427562922214,False
1982-10-09 05:00:00,0.0,0.036739394,0.026783021,0.01500311955437064,0.06876287452526365,False
1982-10-09 06:00:00,0.00469463,0.038501356,0.028067492,0.018431446321774275,0.06766225592744511,False
1982-10-09 07:00:00,0.04319666,0.052821748,0.03850705,0.04649507834389805,0.06659488001496854,False
1982-10-09 08:00:00,0.1063209,0.07700958,0.05613999,0.09279525575786829,0.06575042185815995,False
1982-10-09 09:00:00,0.17575485,0.08532703,0.062203407,0.13625520342588424,0.06536341323199074,False
1982-10-09 10:00:00,0.22248042,0.079278596,0.057917207,0.16075253123790023,0.06524486146316257,False
1982-10-09 11:00:00,0.23677488,0.067658216,0.049322836,0.16424841862916945,0.065201854297969,False
1982-10-09 12:00:00,0.2440557,0.060458727,0.04409343,0.1655104563459754,0.06514737660631861,False
1982-10-09 13:00:00,0.21636523,0.05995721,0.043719664,0.14932781182602048,0.0649738268311292,False
1982-10-09 14:00:00,0.1819638,0.058100034,0.042810317,0.12874378290399907,0.06469213284078688,False
1982-10-09 15:00:00,0.12910981,0.051946018,0.0395971,0.09580268720164895,0.06454466403345592,False
1982-10-09 16:00:00,0.062328488,0.050991975,0.040417425,0.056962117023766044,0.06446838307652326,False
1982-10-09 17:00:00,0.008809364,0.05029288,0.040743247,0.025841211057268082,0.06445931738964296,False
1982-10-09 18:00:00,0.0,0.051313642,0.041671127,0.021184974912554024,0.06454389329716421,False
1982-10-09 19:00:00,0.0,0.0481115,0.03788475,0.019798919364809993,0.06468104283670753,False
1982-10-09 20:00:00,0.0,0.047205396,0.036969885,0.019415164925158025,0.0648641114055258,False
1982-10-09 21:00:00,0.0,0.045875087,0.035577316,0.018849082298576833,0.06509504475138007,False
1982-10-09 22:00:00,0.0,0.043852914,0.032731045,0.01794920174404979,0.06537899958315163,False
1982-10-09 23:00:00,0.0,0.04352239,0.032057002,0.017790840569883584,0.06556953938720606,False
1982-10-10 00:00:00,0.0,0.0445442,0.032785196,0.018207210872322323,0.06573171576271623,False
1982-10-10 01:00:00,0.0,0.049102895,0.037010673,0.020117544606328013,0.06586732561509914,False
1982-10-10 02:00:00,0.0,0.05035825,0.038827065,0.020678856052458287,0.06594890393149898,False
1982-10-10 03:00:00,0.0,0.050878678,0.039363906,0.020899882916361093,0.0659876106498609,False
1982-10-10 04:00:00,0.0,0.05375202,0.0412848,0.022063874557614327,0.06598584409112435,False
1982-10-10 05:00:00,0.0,0.05788696,0.045050796,0.02379303191229701,0.06598776020885769,False
1982-10-10 06:00:00,0.0043253885,0.0600149,0.049206432,0.027298394503537562,0.06599064042985762,False
1982-10-10 07:00:00,0.049896173,0.063081205,0.054219134,0.05499488977342844,0.06598568862393842,False
1982-10-10 08:00:00,0.12683567,0.06938647,0.059629813,0.10200780026614666,0.06596820557238256,False
1982-10-10 09:00:00,0.20428929,0.079678886,0.0690336,0.1510042420104146,0.06595697434848517,False
1982-10-10 10:00:00,0.25774828,0.08680843,0.07553821,0.18483212861418724,0.06611063374234084,False
1982-10-10 11:00:00,0.27789938,0.07593295,0.06668527,0.19196820773184298,0.06649906870114028,False
1982-10-10 12:00:00,0.27286157,0.071092606,0.06227931,0.18703738016635177,0.06700100028395063,False
1982-10-10 13:00:00,0.25817,0.06990195,0.06177785,0.17809391862154006,0.06742551491833014,False
1982-10-10 14:00:00,0.21089946,0.06859298,0.0618463,0.15033949694037438,0.06760719326088548,False
1982-10-10 15:00:00,0.14349072,0.07053418,0.06422424,0.11228936409205198,0.0675435389554721,False
1982-10-10 16:00:00,0.063087426,0.068286225,0.063518815,0.06502907796949148,0.06731177953347905,False
1982-10-10 17:00:00,0.00792232,0.0666499,0.06105912,0.032462183689698575,0.0671180534395827,False
1982-10-10 18:00:00,0.0,0.06696646,0.061488308,0.028030992060899734,0.06712248575734471,False
1982-10-10 19:00:00,0.0,0.06796237,0.06254309,0.028455441512167452,0.06725364544499231,False
1982-10-10 20:00:00,0.0,0.06812236,0.062093817,0.028490215882658956,0.06747509512003076,False
1982-10-10 21:00:00,0.0,0.06698276,0.059277207,0.02791760797798634,0.06772134540905742,False
1982-10-10 22:00:00,0.0,0.06007539,0.051807586,0.024965428959578276,0.06796037953743277,False
1982-10-10 23:00:00,0.0,0.051190704,0.04209233,0.021162355676293373,0.06811952835415057,False
1982-10-11 00:00:00,0.0,0.044147182,0.03467208,0.018162602651864288,0.06823885939177624,False
1982-10-11 01:00:00,0.0,0.037780005,0.029076725,0.015510965187102555,0.06830698430864639,False
1982-10-11 02:00:00,0.0,0.033936355,0.025430208,0.01389574632793665,0.06831179824029593,False
1982-10-11 03:00:00,0.0,0.03132751,0.024203502,0.012866839684545993,0.06829878406227133,False
1982-10-11 04:00:00,0.0,0.033236872,0.026205545,0.013679505363106727,0.06829791903170324,False
1982-10-11 05:00:00,0.0,0.036765143,0.029167265,0.015141370162367822,0.06829279312701463,False
1982-10-11 06:00:00,0.0035795856,0.039203182,0.03078453,0.018193759637651966,0.06825476167048826,False
1982-10-11 07:00:00,0.048624158,0.042834643,0.03321795,0.045655891869217154,0.06818776640756806,False
1982-10-11 08:00:00,0.12472527,0.049514107,0.037388373,0.09225615701079368,0.06796927784126226,False
1982-10-11 09:00:00,0.20756058,0.058446206,0.04262495,0.14363085433095693,0.06747479562794143,False
1982-10-11 10:00:00,0.27329373,0.053155564,0.038750406,0.17939740926027298,0.0667433884801092,False
1982-10-11 11:00:00,0.29295298,0.04727931,0.034466617,0.1883411346040666,0.06580603997416147,False
1982-10-11 12:00:00,0.29339352,0.040647596,0.029632099,0.1858871587961912,0.06518723539099071,False
1982-10-11 13:00:00,0.24833916,0.03613591,0.026343076,0.15804837226867677,0.06480026093132146,False
1982-10-11 14:00:00,0.18775666,0.042493217,0.030977553,0.12568837624415755,0.06438126971377654,False
1982-10-11 15:00:00,0.111738,0.04931963,0.037156817,0.08467823494598269,0.06402923578263543,False
1982-10-11 16:00:00,0.04337968,0.055301238,0.041241348,0.047663264516741036,0.06361852766750974,False
1982-10-11 17:00:00,0.0035749758,0.058749262,0.042828213,0.02605396230984479,0.06325606163885107,False
1982-10-11 18:00:00,0.0,0.06729414,0.049057428,0.02748063991963863,0.06295152469140412,False
1982-10-11 19:00:00,0.0,0.074512824,0.054319844,0.030428503766655922,0.06266963636477411,False
1982-10-11 20:00:00,0.0,0.0764882,0.055759892,0.031235178798437117,0.06239953293532999,False
1982-10-11 21:00:00,0.0,0.07425378,0.054131012,0.0303227204605937,0.062179170681610045,False
1982-10-11 22:00:00,0.0,0.06266032,0.045679376,0.02558834494650364,0.062020057603930395,False
1982-10-11 23:00:00,0.0,0.057592284,0.04198477,0.023518730375915765,0.06207819915514373,False
1982-10-12 00:00:00,0.0,0.052593034,0.038340323,0.021477206882089376,0.06227983376940646,False
1982-10-12 01:00:00,0.0,0.049829353,0.036325596,0.02034861332550645,0.06257051485705123,False
1982-10-12 02:00:00,0.0,0.049108338,0.03579998,0.02005417550727725,0.06300256314685503,False
1982-10-12 03:00:00,0.0,0.051077615,0.03723558,0.020858361449092627,0.06356468813771315,False
1982-10-12 04:00:00,0.0,0.05342715,0.038948394,0.021817831132560965,0.06426292672984235,False
1982-10-12 05:00:00,0.0,0.05379371,0.039215613,0.021967521999031306,0.06500850126238474,False
1982-10-12 06:00:00,0.0023445634,0.055660386,0.040576417,0.02408262188336812,0.06577669470010258,False
1982-10-12 07:00:00,0.02921736,0.06770647,0.049358018,0.0445074385907501,0.0666178477677799,False
1982-10-12 08:00:00,0.074992746,0.08571193,0.062484,0.07827265402674675,0.06724912185532847,False
1982-10-12 09:00:00,0.12649477,0.1050754,0.07659996,0.11589669891446829,0.0674621689439956,False
1982-10-12 10:00:00,0.17092146,0.100933276,0.073580354,0.13983940032869577,0.06711029349337828,False
1982-10-12 11:00:00,0.2111737,0.09897583,0.07215338,0.16226558773964642,0.06644155533169892,False
1982-10-12 12:00:00,0.22406219,0.09594022,0.06994042,0.16846260610222816,0.06559850443558642,False
1982-10-12 13:00:00,0.20732316,0.09392769,0.06847329,0.15798234017938376,0.06451789053498952,False
1982-10-12 14:00:00,0.17051856,0.08579762,0.06283954,0.13344186824560164,0.06366136986980088,False
1982-10-12 15:00:00,0.11712424,0.061176635,0.044824284,0.09257537456601857,0.06326071395259845,False
1982-10-12 16:00:00,0.05047016,0.04526213,0.033475935,0.047630708593875165,0.06356602948943336,False
1982-10-12 17:00:00,0.005193589,0.036322862,0.02675136,0.017844410212244838,0.06451754566860725,False
1982-10-12 18:00:00,0.0,0.035484124,0.026050197,0.014500352382659912,0.06581688018071397,False
1982-10-12 19:00:00,0.0,0.037875466,0.028044999,0.01549047689884901,0.0671475231007014,False
1982-10-12 20:00:00,0.0,0.04385138,0.03206794,0.0179128277041018,0.06851638499016806,False
1982-10-12 21:00:00,0.0,0.049661774,0.036203437,0.020280180249363185,0.06999303193225458,False
1982-10-12 22:00:00,0.0,0.06796899,0.049549393,0.027756223417818547,0.07158016806443153,False
1982-10-12 23:00:00,0.0,0.075516194,0.055098917,0.030840817160904407,0.0731925737724912,False
1982-10-13 00:00:00,0.0,0.078379564,0.059133995,0.03211529485881329,0.07487697540128535,False
1982-10-13 01:00:00,0.0,0.08799126,0.07000941,0.03624928309768438,0.07653103008002905,False
1982-10-13 02:00:00,0.0,0.09910116,0.07980401,0.04087774588912725,0.0780774394729913,False
1982-10-13 03:00:00,0.0,0.11229947,0.09155161,0.04638229210674762,0.0796222536850062,False
1982-10-13 04:00:00,0.0,0.11962458,0.09862248,0.049467082925140855,0.08113194766685299,False
1982-10-13 05:00:00,0.0,0.12562534,0.10479452,0.05201465517282486,0.08264546377279729,False
1982-10-13 06:00:00,0.0014995281,0.1393621,0.116282694,0.058569106886163354,0.08421665033696152,False
1982-10-13 07:00:00,0.020713357,0.15453197,0.12931748,0.07595704807154834,0.08585383505611399,False
1982-10-13 08:00:00,0.050748494,0.17696293,0.14631882,0.10248241726681591,0.08766283534894571,False
1982-10-13 09:00:00,0.08254069,0.19089584,0.16063498,0.1267408327013254,0.0897027762663445,False
1982-10-13 10:00:00,0.10722769,0.2057723,0.1758819,0.1472979774996638,0.09229029445467081,False
1982-10-13 11:00:00,0.11046296,0.20334105,0.1686058,0.14787469159066674,0.09512208978250188,False
1982-10-13 12:00:00,0.095250934,0.19077675,0.1603941,0.13401769156754015,0.0979216460640747,False
1982-10-13 13:00:00,0.07167438,0.18223223,0.15436244,0.1169353803396225,0.10080861837906328,False
1982-10-13 14:00:00,0.053177398,0.18260114,0.15543914,0.10645689221844078,0.10335084470369728,False
1982-10-13 15:00:00,0.035593152,0.18991388,0.16144276,0.09933338071405888,0.10529975349650594,False
1982-10-13 16:00:00,0.01574316,0.20310465,0.17234488,0.093336041117087,0.10702699213995474,False
1982-10-13 17:00:00,0.0023626292,0.21004084,0.17692061,0.0884220188909676,0.10833111899292282,False
1982-10-13 18:00:00,0.0,0.22058608,0.18435626,0.09135150007903577,0.10948983752320551,False
1982-10-13 19:00:00,0.0,0.23281579,0.18934906,0.0961338744610548,0.11071002341586196,False
1982-10-13 20:00:00,0.0,0.24757163,0.19926481,0.10211423201858998,0.11208720961504648,False
1982-10-13 21:00:00,0.0,0.25837877,0.20673124,0.10650525480508805,0.11352728900069403,False
1982-10-13 22:00:00,0.0,0.24991812,0.19933395,0.10298381893336772,0.11501212929154779,False
1982-10-13 23:00:00,0.0,0.25303775,0.20368664,0.1043700085580349,0.11643752540380727,False
1982-10-14 00:00:00,0.0,0.24411951,0.1998469,0.10087183146178723,0.11771350541397031,False
1982-10-14 01:00:00,0.0,0.22882204,0.18779504,0.09457626418769359,0.11892413311789778,False
1982-10-14 02:00:00,0.0,0.22778687,0.1879982,0.09420525768399239,0.12009702736430834,False
1982-10-14 03:00:00,0.0,0.22548543,0.18739906,0.09332367257773877,0.12120880905690636,False
1982-10-14 04:00:00,0.0,0.22811837,0.19057266,0.09446660421788693,0.12234512923623468,False
1982-10-14 05:00:00,0.0,0.23519403,0.19625705,0.09738447707891465,0.12335941219528239,False
1982-10-14 06:00:00,0.0017170971,0.24571428,0.20385472,0.10266748840268702,0.1243654362374268,False
1982-10-14 07:00:00,0.039989136,0.2615078,0.21795073,0.1313394526466727,0.12536548342653273,False
1982-10-14 08:00:00,0.11025036,0.27185252,0.22706997,0.17618981806188821,0.12648323912061474,False
1982-10-14 09:00:00,0.18376617,0.32472557,0.2637177,0.2400975719541311,0.1282061862857519,False
1982-10-14 10:00:00,0.24311316,0.32813078,0.26683378,0.2757655760645866,0.13065681756028316,False
1982-10-14 11:00:00,0.27236176,0.3377874,0.27496314,0.2966442892551422,0.1328127522220652,False
1982-10-14 12:00:00,0.2829864,0.3472551,0.28920346,0.3070372772216796,0.1355063583202477,False
1982-10-14 13:00:00,0.24755833,0.3317604,0.27311963,0.28000920376181604,0.13850272589119184,False
1982-10-14 14:00:00,0.18735671,0.28899372,0.22677754,0.22698949030041693,0.14149151810883887,False
1982-10-14 15:00:00,0.123580515,0.25442782,0.19061123,0.17548282945156096,0.14417231536730846,False
1982-10-14 16:00:00,0.04935814,0.20018598,0.1459356,0.11022879753634333,0.1457852181243993,False
1982-10-14 17:00:00,0.0038683522,0.17442897,0.12715872,0.0734628996658139,0.14619686270040025,False
1982-10-14 18:00:00,0.0,0.17893085,0.1304406,0.07306927523016929,0.14593351506369084,False
1982-10-14 19:00:00,0.0,0.19980952,0.14566113,0.08159541445970535,0.14546739185994387,False
1982-10-14 20:00:00,0.0,0.21310286,0.1555867,0.0870366382151842,0.14483294350860537,False
1982-10-14 21:00:00,0.0,0.22375523,0.16642289,0.09155251421034337,0.14396762873532146,False
1982-10-14 22:00:00,0.0,0.23458664,0.17801419,0.09617523680627346,0.14292542689872803,False
1982-10-14 23:00:00,0.0,0.22456045,0.17083426,0.09208785764873029,0.14209428032787413,False
1982-10-15 00:00:00,0.0,0.2199544,0.16781946,0.09022542464733124,0.14105221988001734,False
1982-10-15 01:00:00,0.0,0.22565728,0.17186424,0.09254820692539215,0.1399217226619077,False
1982-10-15 02:00:00,0.0,0.22979043,0.17501105,0.09424326713383198,0.13875904720716076,False
1982-10-15 03:00:00,0.0,0.24592815,0.18848467,0.1009256607145071,0.13743605664066869,False
1982-10-15 04:00:00,0.0,0.23891678,0.18504392,0.09815266495943069,0.1360152064410214,False
1982-10-15 05:00:00,0.0,0.24375942,0.19178855,0.1003038091957569,0.13445705354280665,False
1982-10-15 06:00:00,0.0016446318,0.25643915,0.20363654,0.10657137196324765,0.13272403145811418,False
1982-10-15 07:00:00,0.030785175,0.2712435,0.21772999,0.12960932138748466,0.13082564682553263,False
1982-10-15 08:00:00,0.089141846,0.3245968,0.25875592,0.1851838811933994,0.12868331520450507,False
1982-10-15 09:00:00,0.15707757,0.37338573,0.29551935,0.24437113387882708,0.12647281389044182,False
1982-10-15 10:00:00,0.22053936,0.30005965,0.23721519,0.25078284126520156,0.12395905195204747,False
1982-10-15 11:00:00,0.25824302,0.3114526,0.2451028,0.27716778430342676,0.12149300710225373,False
1982-10-15 12:00:00,0.2687786,0.2981943,0.23563693,0.2778433349728584,0.11883467733763985,False
1982-10-15 13:00:00,0.24134642,0.2944837,0.2310378,0.2603974067866802,0.11603752636149885,False
1982-10-15 14:00:00,0.2033934,0.28639612,0.22401856,0.2351351606249809,0.11348625503485295,False
1982-10-15 15:00:00,0.12758619,0.25084952,0.19577801,0.17675271305441856,0.11135532986540551,False
1982-10-15 16:00:00,0.0550655,0.19764444,0.15539606,0.11309498076513409,0.10950796213358999,False
1982-10-15 17:00:00,0.0045679957,0.1780622,0.13778976,0.0757813323289156,0.1081305622451959,False
1982-10-15 18:00:00,0.0,0.16850626,0.12590323,0.06897758629918098,0.10694064696195234,False
1982-10-15 19:00:00,0.0,0.16058147,0.118996136,0.06568035359680652,0.10579355479722541,False
1982-10-15 20:00:00,0.0,0.1480808,0.10995017,0.06057912290096283,0.10453888105686453,False
1982-10-15 21:00:00,0.0,0.13785994,0.103874974,0.056479566648602486,0.10323657891751897,False
1982-10-15 22:00:00,0.0,0.15388754,0.11674595,0.06308878353238105,0.10188616878485006,False
1982-10-15 23:00:00,0.0,0.1324776,0.10123841,0.05435110706090927,0.100461659575735,False
1982-10-16 00:00:00,0.0,0.113606066,0.08680235,0.04660796499252319,0.09914124980281737,False
1982-10-16 01:00:00,0.0,0.0946384,0.071227275,0.03876784235984087,0.09791881629164961,False
1982-10-16 02:00:00,0.0,0.07510349,0.055343002,0.030701710492372514,0.09668257119219449,False
1982-10-16 03:00:00,0.0,0.061520457,0.044848412,0.025122862994670866,0.09543065568610726,False
1982-10-16 04:00:00,0.0,0.04818047,0.03512356,0.019675265103578567,0.09408227942503689,False
1982-10-16 05:00:00,0.0,0.0347713,0.025348278,0.014199417013674973,0.09285340101962608,False
1982-10-16 06:00:00,0.0014057411,0.026285032,0.01916179,0.011545026038773356,0.09165827668497038,False
1982-10-16 07:00:00,0.033444177,0.022553897,0.01644179,0.028507534837350246,0.09044316268774379,False
1982-10-16 08:00:00,0.10386236,0.02487272,0.018132212,0.0700857549868524,0.08932302601018464,False
1982-10-16 09:00:00,0.18797986,0.026869569,0.019587917,0.11943699891120195,0.08786697455716795,False
1982-10-16 10:00:00,0.24895602,0.03366538,0.024542062,0.15739542327448727,0.0860021144428369,False
1982-10-16 11:00:00,0.2718432,0.029852968,0.021762814,0.16904446055367586,0.08472267061817314,False
1982-10-16 12:00:00,0.2826412,0.023728853,0.017298331,0.17277403036691247,0.08319134860334462,False
1982-10-16 13:00:00,0.25759977,0.021826284,0.01591136,0.1575481800828129,0.08160030693626817,False
1982-10-16 14:00:00,0.20056614,0.021962032,0.016193112,0.12470508216693997,0.07993298985750891,False
1982-10-16 15:00:00,0.1336762,0.023612948,0.017867267,0.08680917832441627,0.07811777064316762,False
1982-10-16 16:00:00,0.05661781,0.027835837,0.021735223,0.044113602893427015,0.07655269819517475,False
1982-10-16 17:00:00,0.0036510425,0.034579705,0.027414875,0.016346966070123016,0.07548785402784912,False
1982-10-16 18:00:00,0.0,0.043589506,0.03563562,0.01800885132327676,0.07473756892853524,False
1982-10-16 19:00:00,0.0,0.051509663,0.043777946,0.02137107492238283,0.07413561973315771,False
1982-10-16 20:00:00,0.0,0.0589972,0.05104017,0.0245261355265975,0.07361025988743748,False
1982-10-16 21:00:00,0.0,0.0642757,0.055835105,0.026732827842235567,0.07319338789736028,False
1982-10-16 22:00:00,0.0,0.0667095,0.05894422,0.02779879476875067,0.07284574284185763,False
1982-10-16 23:00:00,0.0,0.06889673,0.060838778,0.028708188548684118,0.0723515255983464,False
1982-10-17 00:00:00,0.0,0.075698346,0.0669616,0.03154861611127854,0.0720712583820812,False
1982-10-17 01:00:00,0.0,0.07970691,0.070307285,0.03320844215154648,0.0719475911079451,False
1982-10-17 02:00:00,0.0,0.081949696,0.072442316,0.03415132284164429,0.07197725818087454,False
1982-10-17 03:00:00,0.0,0.08689591,0.0766483,0.036203600183129306,0.07216618022802394,False
1982-10-17 04:00:00,0.0,0.094065584,0.08252409,0.039166501499712465,0.07247177519057986,False
1982-10-17 05:00:00,0.0,0.10314788,0.090301365,0.04293784113228321,0.07289172643902819,False
1982-10-17 06:00:00,0.0020265225,0.11323131,0.09804155,0.048245900096371766,0.07343266034769001,False
1982-10-17 07:00:00,0.04128467,0.1250924,0.108563155,0.07584276086464524,0.07406014757481182,False
1982-10-17 08:00:00,0.10861491,0.12659001,0.109461024,0.11529341144859791,0.07484569785734262,False
1982-10-17 09:00:00,0.17201243,0.13382195,0.11530324,0.15485784839093683,0.07586056915327219,False
1982-10-17 10:00:00,0.22603132,0.14196137,0.12158746,0.18936953768134115,0.07697107186554554,False
1982-10-17 11:00:00,0.2525498,0.13948382,0.1198808,0.20366432759165765,0.07823302518985788,False
1982-10-17 12:00:00,0.25121725,0.1360206,0.11721078,0.20147333495318887,0.07980612334296662,False
1982-10-17 13:00:00,0.22014394,0.12829739,0.11113694,0.1803661870062351,0.08137160874990525,False
1982-10-17 14:00:00,0.17281905,0.11627675,0.09966532,0.14800463833659885,0.08271411786513647,False
1982-10-17 15:00:00,0.10301744,0.101749815,0.08597203,0.10162923555076123,0.0838905672034987,False
1982-10-17 16:00:00,0.04110268,0.09263774,0.07560903,0.0619824607335031,0.08473686313452598,False
1982-10-17 17:00:00,0.0028955017,0.092087224,0.07623625,0.03976764756185002,0.08537322749505995,False
1982-10-17 18:00:00,0.0,0.09668535,0.08161353,0.04008402492105961,0.08599681545032471,False
1982-10-17 19:00:00,0.0,0.097550765,0.08271942,0.04046308100223541,0.08657279248821831,False
1982-10-17 20:00:00,0.0,0.097778186,0.08313179,0.04056926737725735,0.08707315638388789,False
1982-10-17 21:00:00,0.0,0.09588908,0.08165805,0.039792603984475136,0.0875190717788162,False
1982-10-17 22:00:00,0.0,0.094720416,0.081750415,0.03936635584384203,0.0879257545276294,False
1982-10-17 23:00:00,0.0,0.0982233,0.08618303,0.040898280680179595,0.08823103653087565,False
1982-10-18 00:00:00,0.0,0.097689725,0.08563754,0.04067193583399058,0.08853338933137529,False
1982-10-18 01:00:00,0.0,0.09665539,0.08381523,0.04019186186045408,0.08877781931690225,False
1982-10-18 02:00:00,0.0,0.095593505,0.08325862,0.03976996875554323,0.08897719440476322,False
1982-10-18 03:00:00,0.0,0.09549836,0.08430604,0.03979142119735479,0.08913648089214514,False
1982-10-18 04:00:00,0.0,0.09551122,0.084986754,0.03983292502909899,0.08923873247073318,False
1982-10-18 05:00:00,0.0,0.09632083,0.08558997,0.040164244629442694,0.08925641581795464,False
1982-10-18 06:00:00,0.0014537151,0.09789307,0.08709403,0.04166441294061951,0.08917322275934096,False
1982-10-18 07:00:00,0.039506286,0.10415445,0.09233015,0.0662139483988285,0.0889809476988765,False
1982-10-18 08:00:00,0.12621029,0.11037773,0.097164065,0.11879957719147205,0.08857476884322886,False
1982-10-18 09:00:00,0.21808875,0.11264916,0.098821916,0.17274112910032272,0.08801458175552412,False
1982-10-18 10:00:00,0.2966963,0.11234576,0.09851534,0.21796918284147976,0.08732001334656055,False
1982-10-18 11:00:00,0.3398481,0.116755605,0.09959258,0.24455317190289494,0.08680208477589636,False
1982-10-18 12:00:00,0.34279272,0.120812304,0.10270723,0.2479173298999667,0.08633481122423609,False
1982-10-18 13:00:00,0.30154043,0.11565356,0.09858562,0.22198861761391162,0.08601586797175953,False
1982-10-18 14:00:00,0.23521817,0.109297656,0.09486913,0.18117465040832756,0.08584008103960528,False
1982-10-18 15:00:00,0.14459525,0.10553777,0.09363862,0.12743138301372528,0.08559838184631142,False
1982-10-18 16:00:00,0.053765822,0.10450784,0.0939411,0.07465909219905734,0.08557480645732977,False
1982-10-18 17:00:00,0.002729883,0.10692051,0.097229205,0.04627918792283162,0.08558377997020593,False
1982-10-18 18:00:00,0.0,0.10912804,0.09976854,0.04565574914216995,0.08563356570103753,False
1982-10-18 19:00:00,0.0,0.1085752,0.098598,0.04538854191452265,0.08567028137618292,False
1982-10-18 20:00:00,0.0,0.10992518,0.09940153,0.045930074483156204,0.0857264214329942,False
1982-10-18 21:00:00,0.0,0.11073474,0.099860765,0.04625359978526831,0.08582738931053867,False
1982-10-18 22:00:00,0.0,0.10189579,0.0898664,0.042452330924570555,0.08598949639914173,False
1982-10-18 23:00:00,0.0,0.103897564,0.09042448,0.04322112297266722,0.08631782309427473,False
1982-10-19 00:00:00,0.0,0.10386122,0.09178639,0.043281255416572094,0.0865678600826821,False
1982-10-19 01:00:00,0.0,0.102509506,0.09171183,0.04277844636887312,0.08680950156548607,False
1982-10-19 02:00:00,0.0,0.100183256,0.08943431,0.04179707423597574,0.08708070733952883,False
1982-10-19 03:00:00,0.0,0.09860865,0.087501556,0.04111167595535517,0.08742769183540333,False
1982-10-19 04:00:00,0.0,0.09613846,0.084077954,0.040015302166342734,0.08783782638605302,False
1982-10-19 05:00:00,0.0,0.09355565,0.08189887,0.0389445743188262,0.08831984276087572,False
1982-10-19 06:00:00,0.0012312193,0.092006676,0.08066334,0.03901669719407801,0.08886706233206754,False
1982-10-19 07:00:00,0.031614017,0.091478966,0.08053981,0.056346175793558356,0.08947124889578496,False
1982-10-19 08:00:00,0.0874376,0.09132545,0.07877493,0.08840443123877048,0.08995063952298506,False
1982-10-19 09:00:00,0.14247142,0.09454842,0.081929445,0.12151856476068496,0.09021179798870328,False
1982-10-19 10:00:00,0.20145859,0.11653737,0.09750132,0.16450896628946063,0.09044058770038478,False
1982-10-19 11:00:00,0.22705922,0.12120065,0.10183314,0.1812351971119642,0.09069089568612147,False
1982-10-19 12:00:00,0.23240134,0.12573121,0.1050679,0.1861640588343143,0.09095886631608922,False
1982-10-19 13:00:00,0.2117714,0.12017719,0.09983213,0.1719284142628312,0.09138069340745901,False
1982-10-19 14:00:00,0.1584388,0.108691014,0.09031304,0.13640307705849408,0.09186967755516662,False
1982-10-19 15:00:00,0.099291,0.104112424,0.088689394,0.10049761687964201,0.09231055133623052,False
1982-10-19 16:00:00,0.03700123,0.09860053,0.08666453,0.062413189351558686,0.09291805436761101,False
1982-10-19 17:00:00,0.002089249,0.09807426,0.0881938,0.04215736264176667,0.09366212168681416,False
1982-10-19 18:00:00,0.0,0.10004859,0.09126757,0.04184637732803821,0.09448771982284128,False
1982-10-19 19:00:00,0.0,0.103247434,0.093694456,0.043157803729176526,0.09533672375062346,False
1982-10-19 20:00:00,0.0,0.108696654,0.09827148,0.04541572549939155,0.09619668697070195,False
1982-10-19 21:00:00,0.0,0.1138145,0.10326283,0.047573744237422944,0.09697440177824214,False
1982-10-19 22:00:00,0.0,0.13207234,0.11835819,0.055126037210226055,0.09753627861307801,False
1982-10-19 23:00:00,0.0,0.12681311,0.11307439,0.052900056123733524,0.09799218843847379,False
1982-10-20 00:00:00,0.0,0.12550509,0.11035831,0.05227072700858116,0.09825811727082223,False
1982-10-20 01:00:00,0.0,0.12782922,0.11186584,0.05320973901450634,0.09831424460390449,False
1982-10-20 02:00:00,0.0,0.13561274,0.1182245,0.05642522455751896,0.09814804015744344,False
1982-10-20 03:00:00,0.0,0.1428399,0.12536961,0.059477879628539086,0.09780694526520424,False
1982-10-20 04:00:00,0.0,0.15107499,0.13375999,0.06296971102058888,0.0973621316742418,False
1982-10-20 05:00:00,0.0,0.15925333,0.14196862,0.06643078404664994,0.09682396398990283,False
1982-10-20 06:00:00,0.00060695125,0.16843374,0.15116864,0.07066536799905589,0.09622936651744281,False
1982-10-20 07:00:00,0.02430444,0.18026018,0.16083388,0.08922469850443303,0.09558042594005522,False
1982-10-20 08:00:00,0.08843805,0.192509,0.17167796,0.13133518354594706,0.09484962268859472,False
1982-10-20 09:00:00,0.164982,0.21274763,0.18563965,0.18372303526103495,0.09408418114022443,False
1982-10-20 10:00:00,0.23436461,0.22771636,0.19867127,0.22998396615684033,0.09334570868162839,False
1982-10-20 11:00:00,0.27726483,0.23445268,0.20223916,0.2574157621413469,0.09231047330195136,False
1982-10-20 12:00:00,0.28980827,0.24282135,0.21008478,0.26816503028571603,0.09152967548865992,False
1982-10-20 13:00:00,0.25871408,0.23127724,0.20075056,0.2454598567038774,0.09095994163250136,False
1982-10-20 14:00:00,0.19308484,0.21841732,0.19130836,0.20233659189939499,0.09054751905996712,False
1982-10-20 15:00:00,0.121634915,0.20722434,0.18411854,0.15659152851998803,0.09019969341578826,False
1982-10-20 16:00:00,0.045223434,0.20203541,0.18017288,0.1103743235208094,0.08967862280538869,False
1982-10-20 17:00:00,0.0019656979,0.20322672,0.18116727,0.08590789845213294,0.08893336077597769,False
1982-10-20 18:00:00,0.0,0.20722434,0.18411401,0.08640793767571449,0.08809468748860809,False
1982-10-20 19:00:00,0.0,0.2081398,0.18265162,0.08666677647829055,0.08726692832343678,False
1982-10-20 20:00:00,0.0,0.20065123,0.17074226,0.08326038524508476,0.08643977789651534,False
1982-10-20 21:00:00,0.0,0.17672077,0.1484023,0.07322368785738945,0.08559878264356802,False
1982-10-20 22:00:00,0.0,0.15498538,0.13234067,0.06433600254356861,0.08474418089213713,False
1982-10-20 23:00:00,0.0,0.13493186,0.11473796,0.05598570692539215,0.08369618403173217,False
1982-10-21 00:00:00,0.0,0.11110682,0.09216575,0.04597536740452051,0.0826906036147352,False
1982-10-21 01:00:00,0.0,0.084393546,0.067766935,0.03480063293874264,0.08169636990701246,False
1982-10-21 02:00:00,0.0,0.061745826,0.04889462,0.025424519408494235,0.08069670204539715,False
1982-10-21 03:00:00,0.0,0.04813406,0.037021406,0.01976062358915806,0.0796630544086306,False
1982-10-21 04:00:00,0.0,0.03472697,0.025351878,0.014183253318071364,0.07860112693359542,False
1982-10-21 05:00:00,0.0,0.02547689,0.018572655,0.010403895640745758,0.07752670199098928,False
1982-10-21 06:00:00,0.0008301963,0.018092902,0.0131897265,0.007867549479473383,0.07646195571334964,False
1982-10-21 07:00:00,0.027387517,0.013382658,0.009755958,0.021267619723454114,0.07543907171129118,False
1982-10-21 08:00:00,0.08150321,0.0113522755,0.008275809,0.051663236916996536,0.07456103817298101,False
1982-10-21 09:00:00,0.14309111,0.008591104,0.006262915,0.08607188674807548,0.07393388033955382,False
1982-10-21 10:00:00,0.19494958,0.0057099736,0.0041625714,0.11481766806496307,0.07347163895349043,False
1982-10-21 11:00:00,0.24545014,0.0052212276,0.0038062748,0.14375690207397565,0.0732302009387472,False
1982-10-21 12:00:00,0.27168578,0.0050301426,0.0036669737,0.15881683373870328,0.07316645393041608,False
1982-10-21 13:00:00,0.26046965,0.004508567,0.003286745,0.1521321307811886,0.07299530990361881,False
1982-10-21 14:00:00,0.2050592,0.0033996156,0.0024783197,0.11970744613790885,0.07278995380490733,False
1982-10-21 15:00:00,0.12994061,0.0012500875,0.00091131387,0.07548622758046257,0.07243200584720534,False
1982-10-21 16:00:00,0.04536336,0.0011410199,0.0008318033,0.026640611939830704,0.0717361331846164,False
1982-10-21 17:00:00,0.0016903008,0.0022669402,0.0016525995,0.0019010448480257763,0.07077332795110867,False
1982-10-21 18:00:00,0.0,0.0051765754,0.0037737237,0.002113937399815768,0.0698803362548838,False
1982-10-21 19:00:00,0.0,0.008459527,0.0061669955,0.0034545832369476557,0.06901139407609799,False
1982-10-21 20:00:00,0.0,0.012361346,0.009011421,0.00504795335792005,0.068049226580702,False
1982-10-21 21:00:00,0.0,0.016046537,0.011697926,0.0065528601687401536,0.06701792223523581,False
1982-10-21 22:00:00,0.0,0.011808495,0.008608393,0.004822187910787761,0.06603815847221041,False
1982-10-21 23:00:00,0.0,0.011343246,0.008269226,0.004632196107879281,0.0650828190700172,False
1982-10-22 00:00:00,0.0,0.011135866,0.008118046,0.0045475090378895395,0.06430615519597405,False
1982-10-22 01:00:00,0.0,0.012796564,0.009328695,0.005225681656971574,0.06374081634385721,False
1982-10-22 02:00:00,0.0,0.016676554,0.012157211,0.006810137992724776,0.06340604485227004,False
1982-10-22 03:00:00,0.0,0.020827789,0.015183458,0.008505360826849937,0.06325529573280574,False
1982-10-22 04:00:00,0.0,0.027909556,0.020346064,0.011397313775494694,0.06322591339173005,False
1982-10-22 05:00:00,0.0,0.03752262,0.027353989,0.0153229627199471,0.06331896692891816,False
1982-10-22 06:00:00,0.0006735098,0.051861126,0.037806764,0.021566935900249516,0.06348101946215821,False
1982-10-22 07:00:00,0.035419673,0.06522563,0.047660735,0.047079088665544985,0.06365345298525805,False
1982-10-22 08:00:00,0.123045586,0.07376671,0.05582202,0.1012316075414419,0.06389889569518241,False
1982-10-22 09:00:00,0.222455,0.08002198,0.06760754,0.1615354487299919,0.06434968345850713,False
1982-10-22 10:00:00,0.31911123,0.08279239,0.06884023,0.21839494144916533,0.06484976288930208,False
1982-10-22 11:00:00,0.38072112,0.08407965,0.06767456,0.2543559057414531,0.06527759250779991,False
1982-10-22 12:00:00,0.3915704,0.08256445,0.06569852,0.2599501169994473,0.0652892361962757,False
1982-10-22 13:00:00,0.3510281,0.080139354,0.06459482,0.23560276396572585,0.06468598057394426,False
1982-10-22 14:00:00,0.2641758,0.079184264,0.06493812,0.1851550899296999,0.06383514746642095,False
1982-10-22 15:00:00,0.15657131,0.079488754,0.06512301,0.12318964071571825,0.06308868097096532,False
1982-10-22 16:00:00,0.047775775,0.088799484,0.0708526,0.06415967231243848,0.06274180720257103,False
1982-10-22 17:00:00,0.0011629028,0.10288522,0.0816418,0.043044297033338806,0.06287773253390348,False
1982-10-22 18:00:00,0.0,0.10821815,0.088263266,0.04469871309399605,0.06332489548653378,False
1982-10-22 19:00:00,0.0,0.0981221,0.07917931,0.04048273669928312,0.0637571806406266,False
1982-10-22 20:00:00,0.0,0.08190912,0.06543169,0.03375777666270733,0.06422972395577366,False
1982-10-22 21:00:00,0.0,0.06386222,0.048701264,0.026195027232170102,0.06475285999492174,False
1982-10-22 22:00:00,0.0,0.04524563,0.03303841,0.01847971123829484,0.06531667930962415,False
1982-10-22 23:00:00,0.0,0.045673575,0.0343017,0.01870584097132087,0.06592083291567526,False
1982-10-23 00:00:00,0.0,0.045769338,0.03611513,0.01883910250291228,0.0666529197698472,False
1982-10-23 01:00:00,0.0,0.04541786,0.03652613,0.01873160134255886,0.06752751102569875,False
1982-10-23 02:00:00,0.0,0.044193987,0.034832973,0.01818856167420745,0.06842510357875274,False
1982-10-23 03:00:00,0.0,0.0446261,0.034874808,0.018350271217525006,0.06931445402969968,False
1982-10-23 04:00:00,0.0,0.045346912,0.03549653,0.01864982310310006,0.07017756103483391,False
1982-10-23 05:00:00,0.0,0.044292115,0.034048647,0.01818241723626852,0.0709207491958876,False
1982-10-23 06:00:00,0.000532152,0.03872846,0.02863898,0.016144358588266187,0.07154625255827689,False
1982-10-23 07:00:00,0.031728897,0.036098246,0.02631562,0.03304886979982257,0.07196772201354952,False
1982-10-23 08:00:00,0.1019134,0.03550006,0.025879543,0.07330104955658316,0.07199614166743458,False
1982-10-23 09:00:00,0.1661095,0.034847457,0.025403796,0.11007569942623376,0.07135738693064726,False
1982-10-23 10:00:00,0.20757225,0.03816258,0.027820518,0.13535348975285888,0.06997768486271329,False
1982-10-23 11:00:00,0.2201904,0.04228054,0.030822514,0.1443157991208136,0.06768025046939678,False
1982-10-23 12:00:00,0.19444367,0.043261595,0.031537704,0.1298605638667941,0.06481226861208704,False
1982-10-23 13:00:00,0.16150826,0.044267613,0.032724537,0.11129214162006973,0.06189160538025847,False
1982-10-23 14:00:00,0.1131936,0.045337126,0.0339805,0.08387705435603855,0.059156478488929826,True
1982-10-23 15:00:00,0.06434259,0.053018976,0.03975206,0.05883628669753671,0.057074037119703,True
1982-10-23 16:00:00,0.017749714,0.056048796,0.0415081,0.03316502784378826,0.05572025381521037,True
1982-10-23 17:00:00,0.00023142806,0.056874417,0.041568015,0.023364866574280312,0.05510840218843607,True
1982-10-23 18:00:00,0.0,0.05595892,0.04101451,0.022863624796271326,0.05469751889917324,True
1982-10-23 19:00:00,0.0,0.0636751,0.048899096,0.026136662364006046,0.05423113714724104,True
1982-10-23 20:00:00,0.0,0.07312396,0.058810025,0.03015848323702812,0.05385178658885206,True
1982-10-23 21:00:00,0.0,0.08125387,0.0672872,0.03361618727445602,0.053610653573249234,True
1982-10-23 22:00:00,0.0,0.08158789,0.06880797,0.0338215610012412,0.05356819333911198,True
1982-10-23 23:00:00,0.0,0.09565809,0.08286164,0.03977236510813237,0.05380315553403716,True
1982-10-24 00:00:00,0.0,0.111976676,0.09645363,0.046527889318764205,0.05412030367676424,True
1982-10-24 01:00:00,0.0,0.11652361,0.09838727,0.04831012420356274,0.05446081347304652,True
1982-10-24 02:00:00,0.0,0.119876705,0.097489916,0.049498959638178346,0.054788692934971996,True
1982-10-24 03:00:00,0.0,0.121580884,0.0939102,0.04993449707329273,0.05509679043974983,True
1982-10-24 04:00:00,0.0,0.11490019,0.08652179,0.047070345506072045,0.05539310954960319,True
1982-10-24 05:00:00,0.0,0.11082363,0.082466744,0.04534712411463261,0.05568633206661116,True
1982-10-24 06:00:00,0.00025998199,0.10189937,0.0749369,0.04179746975333547,0.055995825161759515,True
1982-10-24 07:00:00,0.015767708,0.09623476,0.071011804,0.048443232052028176,0.056353259713689714,True
1982-10-24 08:00:00,0.050978802,0.100585684,0.07482396,0.07057138017565011,0.05659034354106795,True
1982-10-24 09:00:00,0.089699864,0.10644901,0.079134144,0.09530974946916103,0.05663968126676627,True
1982-10-24 10:00:00,0.120435424,0.094474755,0.06973456,0.10811809056997299,0.0567339025651939,True
1982-10-24 11:00:00,0.13885115,0.089444995,0.06611962,0.1166927765905857,0.057131556598537525,True
1982-10-24 12:00:00,0.14619908,0.08661665,0.0637013,0.11975828187167643,0.057759890874217186,True
1982-10-24 13:00:00,0.123612836,0.08072493,0.05934383,0.10431667318195104,0.05860884264777997,True
1982-10-24 14:00:00,0.09862898,0.06914827,0.051356826,0.08519790420681238,0.059537655612832176,True
1982-10-24 15:00:00,0.05996499,0.05768362,0.043018293,0.0582080421000719,0.06026057891414773,False
1982-10-24 16:00:00,0.01959595,0.057242025,0.04373377,0.03479079422727227,0.06077928999779397,False
1982-10-24 17:00:00,0.00047161532,0.056062806,0.04375188,0.023321899148722878,0.06114543438604839,False
1982-10-24 18:00:00,0.0,0.05418873,0.042902745,0.022312389001250266,0.06148858938463946,False
1982-10-24 19:00:00,0.0,0.05420278,0.04209415,0.022273909896612168,0.06190257420721446,False
1982-10-24 20:00:00,0.0,0.054240964,0.040156964,0.022183391913771628,0.06230412406572123,False
1982-10-24 21:00:00,0.0,0.05915511,0.04312408,0.02415693599358201,0.06263817837373335,False
1982-10-24 22:00:00,0.0,0.07260437,0.054942276,0.0297578965947032,0.06291367655252088,False
1982-10-24 23:00:00,0.0,0.08242146,0.06510062,0.033928951822221276,0.06318443700722401,False
1982-10-25 00:00:00,0.0,0.08531681,0.06854946,0.035183572724461556,0.06324083665856142,False
1982-10-25 01:00:00,0.0,0.083573915,0.0672415,0.034469815514981746,0.06308562147109752,False
1982-10-25 02:00:00,0.0,0.07986088,0.064973645,0.032977241903543474,0.06283617075909842,False
1982-10-25 03:00:00,0.0,0.078670025,0.0656361,0.032573588490486145,0.062489986117509944,False
1982-10-25 04:00:00,0.0,0.07875723,0.06783495,0.03272450391948223,0.06207920147902315,False
1982-10-25 05:00:00,0.0,0.07933748,0.06967697,0.033038085803389544,0.06170210367725213,False
1982-10-25 06:00:00,0.00010902936,0.07962046,0.071451075,0.0333012170809161,0.06132933926214446,False
1982-10-25 07:00:00,0.01755511,0.08211084,0.074086964,0.04442889351397753,0.06101039136809929,False
1982-10-25 08:00:00,0.06996368,0.08448645,0.07638368,0.07566926039010287,0.060789486692670536,False
1982-10-25 09:00:00,0.13160875,0.09268707,0.08256558,0.11459832175076008,0.06083952445109542,False
1982-10-25 10:00:00,0.19399238,0.102113485,0.08939641,0.15444088335335254,0.06122915067562069,False
1982-10-25 11:00:00,0.22736911,0.10402539,0.09071287,0.17447584435343744,0.061907781392253745,False
1982-10-25 12:00:00,0.22172157,0.10262528,0.08904022,0.1706102489978075,0.06277141536096588,False
1982-10-25 13:00:00,0.19961458,0.097915426,0.084569566,0.15587516394257545,0.06369312248370777,False
1982-10-25 14:00:00,0.13916121,0.09203388,0.08001576,0.11857737281918525,0.06461065178635697,False
1982-10-25 15:00:00,0.07906666,0.091539964,0.08027243,0.08373441871255637,0.06530865767791723,False
1982-10-25 16:00:00,0.022457741,0.09058664,0.08065503,0.0507399584800005,0.06584604643246016,False
1982-10-25 17:00:00,0.0003839078,0.09497345,0.084621996,0.03983630650665146,0.06611693532535508,False
1982-10-25 18:00:00,0.0,0.10241967,0.091519244,0.04273489627987147,0.06632893651540174,False
1982-10-25 19:00:00,0.0,0.10879832,0.0974903,0.04541105557233095,0.06655273378270461,False
1982-10-25 20:00:00,0.0,0.110748455,0.098646484,0.04619309002161026,0.06679980965706303,False
1982-10-25 21:00:00,0.0,0.11243111,0.09913001,0.046840099856257436,0.06704994083990126,False
1982-10-25 22:00:00,0.0,0.112333536,0.09938867,0.04681806282699108,0.06726123069764829,False
1982-10-25 23:00:00,0.0,0.102082275,0.08909609,0.04247954837232828,0.06733083727096922,False
1982-10-26 00:00:00,0.0,0.093920946,0.08186539,0.03907756032049656,0.06735119012582831,False
1982-10-26 01:00:00,0.0,0.08758754,0.07438309,0.036336490027606486,0.06736794230926565,False
1982-10-26 02:00:00,0.0,0.079138756,0.06814622,0.032882096841931344,0.06740803293676831,False
1982-10-26 03:00:00,0.0,0.072655976,0.06308851,0.03021683442592621,0.06748168602891051,False
1982-10-26 04:00:00,0.0,0.069625266,0.06070237,0.028969651021063327,0.06756894417645194,False
1982-10-26 05:00:00,0.0,0.06603094,0.057203975,0.027454432189464566,0.06756687427384563,False
1982-10-26 06:00:00,0.00014735098,0.06346824,0.055243865,0.026487970839167246,0.06752542800621845,False
1982-10-26 07:00:00,0.0185515,0.06522751,0.05678965,0.03783980763144791,0.06736304639474945,False
1982-10-26 08:00:00,0.07059679,0.07772198,0.065915406,0.07297319258004427,0.06706086862616077,False
1982-10-26 09:00:00,0.13205016,0.091397524,0.07579966,0.11401180824637412,0.06661096966298753,False
1982-10-26 10:00:00,0.18602717,0.08069075,0.06629263,0.14069236496835946,0.0659629478905613,False
1982-10-26 11:00:00,0.21655476,0.0804696,0.064848654,0.1581472070887685,0.06506352827974586,False
1982-10-26 12:00:00,0.2261507,0.08108475,0.066499874,0.16400022376328705,0.06411761966166389,False
1982-10-26 13:00:00,0.20010662,0.07953545,0.065703325,0.14835807970911263,0.06334485784162448,False
1982-10-26 14:00:00,0.14971289,0.078099445,0.06479915,0.11870218700170515,0.06251214563009476,False
1982-10-26 15:00:00,0.08865529,0.079235904,0.06686203,0.08400270231813192,0.06187722771937951,False
1982-10-26 16:00:00,0.02614169,0.07860723,0.06858588,0.04779346108622849,0.06122345455725359,False
1982-10-26 17:00:00,0.0003798163,0.079894885,0.07032573,0.033497956270963185,0.060540663220930456,False
1982-10-26 18:00:00,0.0,0.07928772,0.070323855,0.03305465783178806,0.059792882956761356,True
1982-10-26 19:00:00,0.0,0.081945986,0.07213858,0.03413355186581612,0.058950771649652345,True
1982-10-26 20:00:00,0.0,0.08208565,0.0722238,0.034189688690006735,0.05803473417096441,True
1982-10-26 21:00:00,0.0,0.082344934,0.07247349,0.034298849165439606,0.057094260883816354,True
1982-10-26 22:00:00,0.0,0.07940417,0.07034952,0.03309901211410761,0.0561397184861494,True
1982-10-26 23:00:00,0.0,0.083758086,0.07405843,0.034905888855457305,0.05517617995521188,True
1982-10-27 00:00:00,0.0,0.08634676,0.07640228,0.03598767752945423,0.05430121761384409,True
1982-10-27 01:00:00,0.0,0.08725086,0.07775183,0.036394165635108944,0.053497108503652746,True
1982-10-27 02:00:00,0.0,0.08755506,0.07786618,0.03651259032636881,0.05275494771070272,True
1982-10-27 03:00:00,0.0,0.08873079,0.07445034,0.036761979572474957,0.05208679027755763,True
1982-10-27 04:00:00,0.0,0.07900055,0.06433234,0.03262514859437943,0.0514766404783518,True
1982-10-27 05:00:00,0.0,0.07574794,0.057364374,0.03104866495728493,0.05089108686781449,True
1982-10-27 06:00:00,0.00015469837,0.062241003,0.045383494,0.025506899730404257,0.05033555013566413,True
1982-10-27 07:00:00,0.017102972,0.049112674,0.035803135,0.029924360621720554,0.04980485732388467,True
1982-10-27 08:00:00,0.06315139,0.04315594,0.031689208,0.0540741101577878,0.04926231384741295,True
1982-10-27 09:00:00,0.116831675,0.039315887,0.029145146,0.08349327667430041,0.048660604278268266,True
1982-10-27 10:00:00,0.17214894,0.029235544,0.02131271,0.11126874203421175,0.04799576036413042,True
1982-10-27 11:00:00,0.20427679,0.02743746,0.020001907,0.12907223068550228,0.04755766905291469,True
1982-10-27 12:00:00,0.21417394,0.024339236,0.017743304,0.13351768163591624,0.047194838871230965,True
1982-10-27 13:00:00,0.18476118,0.022768242,0.01659805,0.11590497778914868,0.04686530375523568,True
1982-10-27 14:00:00,0.13908394,0.019222662,0.014013321,0.08810131310485303,0.046454000281987214,True
1982-10-27 15:00:00,0.07911843,0.01641168,0.011964116,0.05235330693051219,0.046032088065580436,True
1982-10-27 16:00:00,0.022010041,0.012895737,0.009400992,0.017965974336490033,0.04549544686882521,True
1982-10-27 17:00:00,0.0002669836,0.009277962,0.0067636343,0.003942853826534701,0.04497479981832281,True
1982-10-27 18:00:00,0.0,0.005665392,0.004130071,0.0023135535386390985,0.044484108537137086,True
1982-10-27 19:00:00,0.0,0.0035293256,0.0025728787,0.0014412565953098237,0.04398977523185737,True
1982-10-27 20:00:00,0.0,0.0025721344,0.0018750862,0.001050372238503769,0.04346412804611451,True
1982-10-27 21:00:00,0.0,0.0025028156,0.0018245523,0.001022064768243581,0.04294800069281324,True
1982-10-27 22:00:00,0.0,0.0013914315,0.0010143537,0.0005682133419904858,0.04243352654348551,True
1982-10-27 23:00:00,0.0,0.0011787367,0.0008592991,0.0004813559866743162,0.04193662089533596,True
1982-10-28 00:00:00,0.0,0.0011762072,0.000857455,0.00048032303131185475,0.04143071619915268,True
1982-10-28 01:00:00,0.0,0.0017454243,0.0012724145,0.0007127719660056755,0.040958530037249016,True
1982-10-28 02:00:00,0.0,0.0019848372,0.0014469465,0.0008105400509666651,0.040513593293777246,True
1982-10-28 03:00:00,0.0,0.0022764972,0.0016595667,0.0009296440640464425,0.04004887382900766,True
1982-10-28 04:00:00,0.0,0.0021134906,0.0015407349,0.0008630777152720839,0.039528363754208706,True
1982-10-28 05:00:00,0.0,0.0019312799,0.001407903,0.000788669046247378,0.03908649788301396,True
1982-10-28 06:00:00,0.00012285972,0.0023112253,0.001684883,0.0010147158737527206,0.03869781245843465,True
1982-10-28 07:00:00,0.017851252,0.0036671718,0.0026733684,0.01179772076080553,0.03848090946515051,True
1982-10-28 08:00:00,0.072403386,0.0056674145,0.0041315453,0.04409113326109945,0.038482174321929526,True
1982-10-28 09:00:00,0.13775165,0.006407478,0.0046710516,0.08209930036775767,0.03876702455330134,True
1982-10-28 10:00:00,0.20260347,0.0067629954,0.004930224,0.11966398203000425,0.03921512469307634,True
1982-10-28 11:00:00,0.2377953,0.008628226,0.006289977,0.14073135836794973,0.039797272994607905,True
1982-10-28 12:00:00,0.24873435,0.011418226,0.008323887,0.1481825381955132,0.040483921664105325,True
1982-10-28 13:00:00,0.21582699,0.009999218,0.0072894297,0.1286155129931867,0.041287634557926,True
1982-10-28 14:00:00,0.16404215,0.009300684,0.006780198,0.09845040061417966,0.04218128554227876,True
1982-10-28 15:00:00,0.092559785,0.011844593,0.008634709,0.05824392487388104,0.04305598086231036,True
1982-10-28 16:00:00,0.02614722,0.018893484,0.013773351,0.022802402662113308,0.04370447734483166,True
1982-10-28 17:00:00,0.00027084458,0.023969913,0.017474066,0.00994477477404871,0.044148040249825354,True
1982-10-28 18:00:00,0.0,0.02283897,0.016649611,0.009326659178361296,0.044564974585899274,True
1982-10-28 19:00:00,0.0,0.021800265,0.015892394,0.008902486950159072,0.04500311279067153,True
1982-10-28 20:00:00,0.0,0.023056708,0.01680834,0.009415575731545688,0.04543709681439412,True
1982-10-28 21:00:00,0.0,0.023518339,0.01714487,0.009604089997708797,0.04589211204672954,True
1982-10-28 22:00:00,0.0,0.022645228,0.01650837,0.009247541002929212,0.04638071987677738,True
1982-10-28 23:00:00,0.0,0.026012115,0.018962832,0.010622463438659906,0.04679325554927543,True
1982-10-29 00:00:00,0.0,0.032624513,0.023783268,0.013322741758078335,0.047188894851113376,True
1982-10-29 01:00:00,0.0,0.036822855,0.026843857,0.015037201948463917,0.04752827588203415,True
1982-10-29 02:00:00,0.0,0.034787558,0.025360132,0.014206056017428637,0.04779960897092148,True
1982-10-29 03:00:00,0.0,0.02884054,0.021024754,0.0117774959821254,0.047992496955938053,True
1982-10-29 04:00:00,0.0,0.027954303,0.020378686,0.011415586777031422,0.048132664999198986,True
1982-10-29 05:00:00,0.0,0.03034475,0.022121325,0.01239176457747817,0.04825148360354267,True
1982-10-29 06:00:00,6.952639e-05,0.036867514,0.026876418,0.01509555605276546,0.048387648144738865,True
1982-10-29 07:00:00,0.016176453,0.05057047,0.036865875,0.029985073747113344,0.04854630880986976,True
1982-10-29 08:00:00,0.06908759,0.0682656,0.049877338,0.06774692126363516,0.048752303629184944,True
1982-10-29 09:00:00,0.13217591,0.07020931,0.052395362,0.10500208338350056,0.04913604025508078,True
1982-10-29 10:00:00,0.1952462,0.06455727,0.050614223,0.13921186050772666,0.04963206173049087,True
1982-10-29 11:00:00,0.23878382,0.058926452,0.046467427,0.16203136682137848,0.05003732202109216,True
1982-10-29 12:00:00,0.25916046,0.055122647,0.0411122,0.1720959005393088,0.050564935384495524,True
1982-10-29 13:00:00,0.24079067,0.04863434,0.03551741,0.1588002250380814,0.050994862795810086,True
1982-10-29 14:00:00,0.18866596,0.051896602,0.03845529,0.1300866884663701,0.051520016290318014,True
1982-10-29 15:00:00,0.10810439,0.05159777,0.03824678,0.08348113809153437,0.05185720557432578,True
1982-10-29 16:00:00,0.02812116,0.056293402,0.04182998,0.0392569937761873,0.0519653914319378,True
1982-10-29 17:00:00,0.00021344858,0.058174487,0.04381771,0.0239557019580825,0.05182930386386846,True
1982-10-29 18:00:00,0.0,0.057017576,0.042679664,0.023344187367707492,0.051664693717446065,True
1982-10-29 19:00:00,0.0,0.05454035,0.039761115,0.022272489733994007,0.05151903060096957,True
1982-10-29 20:00:00,0.0,0.056025106,0.041071095,0.022891103390604257,0.051390555316998515,True
1982-10-29 21:00:00,0.0,0.05987484,0.044100456,0.024475240610539913,0.05125536435485411,True
1982-10-29 22:00:00,0.0,0.0497821,0.037043154,0.020369925621896982,0.051118349532663705,True
1982-10-29 23:00:00,0.0,0.047389466,0.03676536,0.019472042474895715,0.05098768122745387,True
1982-10-30 00:00:00,0.0,0.04085677,0.031378962,0.01677061251550913,0.050815007063918165,True
1982-10-30 01:00:00,0.0,0.033638354,0.02452236,0.01373676023259759,0.05057029230846965,True
1982-10-30 02:00:00,0.0,0.024657203,0.017975101,0.010069163331761955,0.05027792358534643,True
1982-10-30 03:00:00,0.0,0.018752076,0.013670263,0.007657710140570998,0.05000090032054286,True
1982-10-30 04:00:00,0.0,0.016079621,0.011722045,0.006566370723769068,0.049775527729326856,True
1982-10-30 05:00:00,0.0,0.01793628,0.01307555,0.007324567023664712,0.04956078267153643,True
1982-10-30 06:00:00,5.3131636e-05,0.021058979,0.015351996,0.00863042780003525,0.04933822078788361,True
1982-10-30 07:00:00,0.020069066,0.02474648,0.018040182,0.021685472087934612,0.04908114764813157,True
1982-10-30 08:00:00,0.09040219,0.025341056,0.018473629,0.06251049130409955,0.04875816988796517,True
1982-10-30 09:00:00,0.16689225,0.023536498,0.01715811,0.10590833118744193,0.04843620224466758,True
1982-10-30 10:00:00,0.22644335,0.020713435,0.015100095,0.1391164759788662,0.048265823386987296,True
1982-10-30 11:00:00,0.27703056,0.015207359,0.011086164,0.16605679981131105,0.04817960674533909,True
1982-10-30 12:00:00,0.28482178,0.01096293,0.007991976,0.16881905393861232,0.0481936556562135,True
1982-10-30 13:00:00,0.26131558,0.00745358,0.0054336605,0.15382288072956724,0.04822695701820521,True
1982-10-30 14:00:00,0.19484575,0.005410558,0.003944297,0.11463548624655232,0.0482657396934901,True
1982-10-30 15:00:00,0.10704847,0.0040891767,0.0029810094,0.06343684603925794,0.04815279633341257,True
1982-10-30 16:00:00,0.025299536,0.004095265,0.0029854488,0.016270199394784867,0.0479494313613098,True
1982-10-30 17:00:00,0.00013571043,0.0048123077,0.0035081722,0.002043487745773746,0.04769624427871833,True
1982-10-30 18:00:00,0.0,0.0057174927,0.0041680518,0.0023348295874893663,0.047555868153036494,True
1982-10-30 19:00:00,0.0,0.006699072,0.0048836237,0.0027356733195483683,0.04749124090168152,True
1982-10-30 20:00:00,0.0,0.007166144,0.005224119,0.002926409548614174,0.04747443975605528,True
1982-10-30 21:00:00,0.0,0.007413395,0.005404365,0.0030273785325698552,0.047415508416523144,True
1982-10-30 22:00:00,0.0,0.0072862636,0.0053116865,0.0029754623528569935,0.04735978045318733,True
1982-10-30 23:00:00,0.0,0.005715715,0.0041667563,0.0023341035889461637,0.047332495837747034,True
1982-10-31 00:00:00,0.0,0.0038603446,0.0028141912,0.0015764334965497255,0.047358927089529955,True
1982-10-31 01:00:00,0.0,0.0024573624,0.0017914171,0.001003503238549456,0.04752112872250835,True
1982-10-31 02:00:00,0.0,0.0022257958,0.001622605,0.0009089393068570644,0.04779111945516886,True
1982-10-31 03:00:00,0.0,0.0023498812,0.0017130636,0.0009596116037573666,0.04811732899855813,True
1982-10-31 04:00:00,0.0,0.0027128214,0.0019776467,0.001107824003091082,0.048465979356127696,True
1982-10-31 05:00:00,0.0,0.0041844673,0.0030504768,0.0017087941621430217,0.04889516625522627,True
1982-10-31 06:00:00,4.198091e-05,0.006689642,0.0048767487,0.0027560453446676546,0.049363468510024155,True
1982-10-31 07:00:00,0.017212836,0.011142786,0.008123091,0.014482141259126365,0.049851617287771634,True
1982-10-31 08:00:00,0.07861668,0.016971665,0.012372344,0.05229247438535094,0.05029843077921636,True
1982-10-31 09:00:00,0.1527908,0.0212153,0.0154659515,0.09682389821484684,0.0508232515161362,True
1982-10-31 10:00:00,0.22455238,0.013484814,0.009830428,0.13507346170861273,0.05126851746750857,True
1982-10-31 11:00:00,0.2721753,0.013861486,0.010105023,0.16270571454335003,0.05188428506934722,True
1982-10-31 12:00:00,0.28872085,0.017392334,0.012679011,0.17369436591491103,0.052451128695184375,True
1982-10-31 13:00:00,0.26335645,0.021316964,0.015540067,0.16066179345175624,0.05307696842067038,True
1982-10-31 14:00:00,0.19871582,0.024503456,0.01786302,0.12466540718264876,0.05362650465801802,True
1982-10-31 15:00:00,0.10923871,0.026151162,0.019242724,0.07371961943060158,0.054344446678068654,True
1982-10-31 16:00:00,0.025430234,0.03031492,0.023047464,0.027104013811796904,0.0552047404801172,True
1982-10-31 17:00:00,0.00010067351,0.04171575,0.032712,0.017217647925353956,0.05621230811994849,True
1982-10-31 18:00:00,0.0,0.049120523,0.039196413,0.020242079302668574,0.057346413960718524,True
1982-10-31 19:00:00,0.0,0.052053127,0.04182279,0.02146603474393487,0.05856161673300991,True
1982-10-31 20:00:00,0.0,0.048530128,0.03990337,0.02006239909306169,0.05984981974497528,True
1982-10-31 21:00:00,0.0,0.052579746,0.0444143,0.021800298370420933,0.06119971264393276,False
1982-10-31 22:00:00,0.0,0.046554975,0.03484219,0.019060264080762862,0.062574227167448,False
1982-10-31 23:00:00,0.0,0.05036738,0.03991072,0.020740742560476064,0.06392180736459882,False
1982-11-01 00:00:00,0.0,0.05941571,0.04873878,0.024556290898472072,0.06527323741335746,False
1982-11-01 01:00:00,0.0,0.06449904,0.05363275,0.026696315400302408,0.06662127752623379,False
1982-11-01 02:00:00,0.0,0.062525995,0.04916906,0.025727221414446833,0.06795305449401527,False
1982-11-01 03:00:00,0.0,0.059556432,0.044751924,0.024392927303910253,0.06919472486494666,False
1982-11-01 04:00:00,0.0,0.066361874,0.049626116,0.027167341880500316,0.0702664887890805,False
1982-11-01 05:00:00,0.0,0.072710626,0.055052858,0.02980307525396347,0.07121037837817308,False
1982-11-01 06:00:00,2.5672609e-05,0.07835883,0.058006447,0.032061569131914436,0.07200327637527694,False
1982-11-01 07:00:00,0.018090889,0.08002734,0.058592364,0.04313251967728138,0.07266755987723501,False
1982-11-01 08:00:00,0.08068407,0.09989281,0.07938388,0.0877018866762519,0.07322834254236958,False
1982-11-01 09:00:00,0.14587449,0.10435062,0.085298896,0.12728109685331582,0.07382780181572217,False
1982-11-01 10:00:00,0.204927,0.121614315,0.10286595,0.16867332086712122,0.07443930713982076,False
1982-11-01 11:00:00,0.24417599,0.12603305,0.10869544,0.1932652938514948,0.07505407877406405,False
1982-11-01 12:00:00,0.25600287,0.12318156,0.10540199,0.19885936076194044,0.07552117634927764,False
1982-11-01 13:00:00,0.22930615,0.11525177,0.099316105,0.18020062012225388,0.07561600578714384,False
1982-11-01 14:00:00,0.17542306,0.11525165,0.09906926,0.14909670320898294,0.07547688398027393,False
1982-11-01 15:00:00,0.097194746,0.11706385,0.10098184,0.1047309485375881,0.07523225922900319,False
1982-11-01 16:00:00,0.022870118,0.12373796,0.10700149,0.06463344610668718,0.07511062477810686,False
1982-11-01 17:00:00,6.915181e-05,0.1356043,0.118568115,0.056480568102735565,0.07507667344085163,False
1982-11-01 18:00:00,0.0,0.14563383,0.12825331,0.06066456265747547,0.07499565093945477,False
1982-11-01 19:00:00,0.0,0.1549105,0.13717484,0.06456941789388657,0.07481507088714046,False
1982-11-01 20:00:00,0.0,0.16219245,0.1457825,0.06772126869857312,0.07460180018101585,False
1982-11-01 21:00:00,0.0,0.16517292,0.14917164,0.06900407566130161,0.07442762683080276,False
1982-11-01 22:00:00,0.0,0.16187893,0.14677754,0.0676593118160963,0.0742233344142302,False
1982-11-01 23:00:00,0.0,0.16069467,0.14641502,0.06720274592936039,0.07408540626887465,False
1982-11-02 00:00:00,0.0,0.15841767,0.14493033,0.06628235891461373,0.07388755875876872,False
1982-11-02 01:00:00,0.0,0.15531126,0.14109156,0.06492879769206047,0.07362307775350986,False
1982-11-02 02:00:00,0.0,0.14518662,0.12843065,0.060509117111563676,0.07331531017860164,False
1982-11-02 03:00:00,0.0,0.12641518,0.10661258,0.05240427996218205,0.07303315118285594,False
1982-11-02 04:00:00,0.0,0.111958764,0.09447667,0.04641452427953482,0.07279299869765295,False
1982-11-02 05:00:00,0.0,0.09585291,0.08144766,0.03976789802312851,0.07249205017257249,False
1982-11-02 06:00:00,1.6567621e-05,0.08339889,0.071442634,0.03464165343865534,0.07212840127902803,False
1982-11-02 07:00:00,0.017572282,0.07533652,0.06409862,0.04139970918558538,0.07170768640756643,False
1982-11-02 08:00:00,0.089060925,0.0715058,0.0609764,0.08106651950627565,0.07117542070346068,False
1982-11-02 09:00:00,0.16772111,0.07089892,0.05998839,0.12617615377157926,0.07020969223108568,False
1982-11-02 10:00:00,0.23296867,0.07298344,0.059790514,0.16458250015228987,0.06903655891366574,False
1982-11-02 11:00:00,0.26761937,0.07440587,0.06026397,0.18512639815360307,0.06755501906633647,False
1982-11-02 12:00:00,0.26193216,0.06579197,0.052483007,0.17824617893248795,0.06601778971878927,False
1982-11-02 13:00:00,0.22370666,0.060408007,0.0484194,0.1539839467220008,0.06454829609981698,False
1982-11-02 14:00:00,0.16064334,0.048988592,0.039915223,0.11292341912165282,0.06326207082021787,False
1982-11-02 15:00:00,0.08722351,0.042570226,0.034162752,0.06788116578757762,0.06197044909972193,False
1982-11-02 16:00:00,0.018516263,0.035987932,0.02797998,0.025474349623546003,0.06080924337386115,False
1982-11-02 17:00:00,4.2528365e-05,0.032422993,0.024813786,0.013328567858305178,0.05978743434652492,True
1982-11-02 18:00:00,0.0,0.02828255,0.021073632,0.011574236791580915,0.05876938659553959,True
1982-11-02 19:00:00,0.0,0.02746293,0.02028185,0.011229040849953891,0.05767049815944008,True
1982-11-02 20:00:00,0.0,0.028609924,0.021204006,0.0117020782828331,0.05648949130259531,True
1982-11-02 21:00:00,0.0,0.029253129,0.022219589,0.011994262374937534,0.05524270677888377,True
1982-11-02 22:00:00,0.0,0.030251434,0.023646925,0.012439713103696704,0.05397481018778014,True
1982-11-02 23:00:00,0.0,0.027277144,0.021829557,0.011244062075391411,0.05279417619186531,True
1982-11-03 00:00:00,0.0,0.028718822,0.02340662,0.011861202646046877,0.05161919636694326,True
1982-11-03 01:00:00,0.0,0.02883317,0.023778375,0.011923471804708242,0.0504557133154765,True
1982-11-03 02:00:00,0.0,0.029457238,0.024330907,0.01218358961865306,0.049301593772560194,True
1982-11-03 03:00:00,0.0,0.03110746,0.025684362,0.012865608014166356,0.0482270766398458,True
1982-11-03 04:00:00,0.0,0.030792233,0.025175534,0.012721812676638364,0.047356621797853916,True
1982-11-03 05:00:00,0.0,0.029980194,0.023800682,0.012347928363829851,0.04664815895045719,True
1982-11-03 06:00:00,8.471096e-06,0.028831432,0.022658689,0.011867255301757721,0.0461097579663208,True
1982-11-03 07:00:00,0.010565936,0.027857604,0.022366025,0.017583765880204737,0.0457052653746031,True
1982-11-03 08:00:00,0.05294781,0.026224323,0.020726992,0.04134692000225187,0.04532087426446491,True
1982-11-03 09:00:00,0.10500302,0.025259404,0.019689523,0.07097069761715828,0.04474755990637269,True
1982-11-03 10:00:00,0.15046059,0.026086822,0.020696532,0.09755940819531679,0.04404279345204235,True
1982-11-03 11:00:00,0.1887849,0.02557767,0.020578504,0.1194782851692289,0.04330218146803591,True
1982-11-03 12:00:00,0.20434037,0.025243351,0.020453293,0.12832366705127057,0.042597111562345684,True
1982-11-03 13:00:00,0.18846671,0.02362922,0.018469095,0.11846180670149623,0.04202095007756838,True
1982-11-03 14:00:00,0.1376575,0.018766634,0.013807388,0.08709886062517762,0.04160279081505836,True
1982-11-03 15:00:00,0.07345409,0.016186617,0.011800042,0.04899307369627058,0.04132105227404698,True
1982-11-03 16:00:00,0.015491158,0.01628004,0.011868147,0.015586612794548272,0.041104003694375245,True
1982-11-03 17:00:00,2.6508194e-05,0.01860243,0.013605257,0.0076142760554394045,0.041097389922265005,True
1982-11-03 18:00:00,0.0,0.019371662,0.01425508,0.007917917724698782,0.04120918356546407,True
1982-11-03 19:00:00,0.0,0.019231517,0.014530723,0.007881088765338063,0.04136454654474018,True
1982-11-03 20:00:00,0.0,0.019201875,0.014631848,0.007875611560419202,0.041533344986971664,True
1982-11-03 21:00:00,0.0,0.01978867,0.0156114865,0.008145039288327098,0.04171505835361985,True
1982-11-03 22:00:00,0.0,0.026618045,0.021607805,0.010988880012184381,0.041959156735690506,True
1982-11-03 23:00:00,0.0,0.026212307,0.020951355,0.010803714333102107,0.042248751153943324,True
1982-11-04 00:00:00,0.0,0.025368968,0.01988932,0.010435172444209457,0.04262815638853443,True
1982-11-04 01:00:00,0.0,0.023271305,0.017480517,0.009531059632077812,0.04306875497813542,True
1982-11-04 02:00:00,0.0,0.021861803,0.01602388,0.008932294741272925,0.043524803605752255,True
1982-11-04 03:00:00,0.0,0.025827423,0.020224603,0.010622447546571493,0.043991389221634904,True
1982-11-04 04:00:00,0.0,0.030092582,0.02415083,0.01240830760449171,0.044452381835907884,True
1982-11-04 05:00:00,0.0,0.03365627,0.027879396,0.0139246507845819,0.04492860037636217,True
1982-11-04 06:00:00,3.3135243e-06,0.03666427,0.031388547,0.015226009036205596,0.04542403998424504,True
1982-11-04 07:00:00,0.010961744,0.039964356,0.034762267,0.022948935898952187,0.0459185416486823,True
1982-11-04 08:00:00,0.060644727,0.044420496,0.040078886,0.053547430317848914,0.046373418732706395,True
1982-11-04 09:00:00,0.1234575,0.05042346,0.046409834,0.09234736396372317,0.04686596257395292,True
1982-11-04 10:00:00,0.1821189,0.05726472,0.052219305,0.12903312491998076,0.04744774296465045,True
1982-11-04 11:00:00,0.22028132,0.057873186,0.052324384,0.15128304268047213,0.04811920172384034,True
1982-11-04 12:00:00,0.21891193,0.058142465,0.05229026,0.15059042766317723,0.04873789516798091,True
1982-11-04 13:00:00,0.19010006,0.058019012,0.052139863,0.13391230212152003,0.04929772460527123,True
1982-11-04 14:00:00,0.13386244,0.053115405,0.047439985,0.0993999691531062,0.049786810771567075,True
1982-11-04 15:00:00,0.06591415,0.046593413,0.04143337,0.057462833963334556,0.050329307020879614,True
1982-11-04 16:00:00,0.01217066,0.043429866,0.039051794,0.025156888562254606,0.05086324814478582,True
1982-11-04 17:00:00,1.2159194e-05,0.04479726,0.039952923,0.01869466273186026,0.0514491392891554,True
1982-11-04 18:00:00,0.0,0.04569096,0.040216576,0.01903165979683399,0.052107065902108285,True
1982-11-04 19:00:00,0.0,0.046483375,0.040351864,0.019331366077065468,0.05282894774691011,True
1982-11-04 20:00:00,0.0,0.04882345,0.04460124,0.02042431988194585,0.053598473054722845,True
1982-11-04 21:00:00,0.0,0.05666519,0.05188018,0.023710984714329243,0.05440822820367102,True
1982-11-04 22:00:00,0.0,0.063015506,0.057176363,0.02634024517983198,0.05525373111282752,True
1982-11-04 23:00:00,0.0,0.07075444,0.061983805,0.02945551333576441,0.055954838553111036,True
1982-11-05 00:00:00,0.0,0.079719886,0.066542536,0.033009934946894644,0.05670917892364596,True
1982-11-05 01:00:00,0.0,0.08198152,0.065974556,0.03381380593031645,0.05749839864940659,True
1982-11-05 02:00:00,0.0,0.083974265,0.06654066,0.03457969918102026,0.05836010826380734,True
1982-11-05 03:00:00,0.0,0.08497898,0.0673335,0.03499325349926948,0.059281579642573336,True
1982-11-05 04:00:00,0.0,0.086168654,0.070075355,0.035580302618443964,0.06023227922969308,False
1982-11-05 05:00:00,0.0,0.08725025,0.07284608,0.036129029542207716,0.06122046903918307,False
1982-11-05 06:00:00,5.762651e-07,0.085967876,0.07186771,0.03560333519474642,0.062277952572347556,False
1982-11-05 07:00:00,0.00772636,0.08419534,0.07206808,0.039417865913361314,0.06341577165505514,False
1982-11-05 08:00:00,0.05215009,0.08369853,0.07432711,0.0649890243820846,0.06466180599433889,False
1982-11-05 09:00:00,0.10854682,0.08692096,0.07760749,0.09889615637063981,0.06632956997265937,False
1982-11-05 10:00:00,0.16033278,0.0893376,0.07984883,0.12978942863643167,0.06879687630656384,False
1982-11-05 11:00:00,0.19309661,0.09050889,0.080760114,0.14917557048797608,0.07154015325506115,False
1982-11-05 12:00:00,0.2019123,0.09279574,0.082415864,0.15519548004120587,0.07449758156303214,False
1982-11-05 13:00:00,0.17852384,0.093378425,0.082834244,0.14193794268369675,0.07756734140449721,False
1982-11-05 14:00:00,0.12814263,0.09401618,0.08348918,0.1131386805921793,0.0804564113966148,False
1982-11-05 15:00:00,0.06537765,0.08838128,0.07938238,0.07462224764376879,0.08296661925781106,False
1982-11-05 16:00:00,0.011440073,0.088839486,0.08012398,0.043709387724287806,0.0851113854278769,False
1982-11-05 17:00:00,7.376194e-06,0.09393075,0.08388982,0.03919475347717799,0.08692394810811747,False
1982-11-05 18:00:00,0.0,0.10213937,0.090348504,0.04256824627518654,0.08874876174769088,False
1982-11-05 19:00:00,0.0,0.1075557,0.09500462,0.044818303540349005,0.09064599042358533,False
1982-11-05 20:00:00,0.0,0.11219962,0.098929614,0.04674385870993138,0.09252482038615928,False
1982-11-05 21:00:00,0.0,0.11704453,0.10258791,0.048729178927838804,0.09439393502376699,False
1982-11-05 22:00:00,0.0,0.107120804,0.09471223,0.04464203714579344,0.09620244560340145,False
1982-11-05 23:00:00,0.0,0.11286761,0.099331565,0.04701205211877823,0.09801669023461364,False
1982-11-06 00:00:00,0.0,0.115925446,0.102615364,0.048317719280719755,0.0997265992904613,False
1982-11-06 01:00:00,0.0,0.1221956,0.10746193,0.05089312112331391,0.10131516096783526,False
1982-11-06 02:00:00,0.0,0.12772824,0.111688904,0.05316292092204094,0.10288046054910592,False
1982-11-06 03:00:00,0.0,0.135224,0.11774763,0.05625602772831917,0.10445636336082316,False
1982-11-06 04:00:00,0.0,0.1439039,0.124831125,0.05984141846001148,0.10604613514752782,False
1982-11-06 05:00:00,0.0,0.1556633,0.13415007,0.06468386037647723,0.10769618329122387,False
1982-11-06 06:00:00,3.4575908e-07,0.16820414,0.1439592,0.06984132500616955,0.10940053580604218,False
1982-11-06 07:00:00,0.014623014,0.17907248,0.15265478,0.0827585841845721,0.1111441012585055,False
1982-11-06 08:00:00,0.09728138,0.18663454,0.15927035,0.13360010127723218,0.11303334861107332,False
1982-11-06 09:00:00,0.20500027,0.22336689,0.18649136,0.21077806799113746,0.11537701746858507,False
1982-11-06 10:00:00,0.29224148,0.2224726,0.18508695,0.2607104184478521,0.11824574590169985,False
1982-11-06 11:00:00,0.34615627,0.22596654,0.18751444,0.2932396014630795,0.12164191668641915,False
1982-11-06 12:00:00,0.3517342,0.22958153,0.19023491,0.2979389000535011,0.1252115110348895,False
1982-11-06 13:00:00,0.30888432,0.22795439,0.18974516,0.272587661743164,0.12848656936042482,False
1982-11-06 14:00:00,0.2237809,0.21890679,0.18503262,0.2198899464905262,0.13132574321040733,False
1982-11-06 15:00:00,0.11344868,0.22898316,0.19364694,0.16041161012649535,0.13392113999361022,False
1982-11-06 16:00:00,0.019059217,0.24398154,0.20617668,0.11215989721380173,0.1359972819939551,False
1982-11-06 17:00:00,4.610121e-06,0.25642097,0.2159948,0.10628571743138446,0.13775686331105189,False
1982-11-06 18:00:00,0.0,0.2656802,0.22338231,0.11009863623976708,0.13950217282977168,False
1982-11-06 19:00:00,0.0,0.26423752,0.22243626,0.10951520428061486,0.14116008392926518,False
1982-11-06 20:00:00,0.0,0.26575422,0.22367619,0.11014182248711586,0.14272095389962408,False
1982-11-06 21:00:00,0.0,0.26669604,0.22423436,0.11051949253678321,0.14417390014995102,False
1982-11-06 22:00:00,0.0,0.27381268,0.22939089,0.1134239874780178,0.1455060949248283,False
1982-11-06 23:00:00,0.0,0.2691807,0.22599028,0.1115311480164528,0.14670121266711716,False
1982-11-07 00:00:00,0.0,0.26363483,0.22184524,0.10926089546084404,0.1477822658710203,False
1982-11-07 01:00:00,0.0,0.26288185,0.22119972,0.10894818583130836,0.14886758900359484,False
1982-11-07 02:00:00,0.0,0.26600158,0.22348982,0.11022303414344786,0.14988041304070715,False
1982-11-07 03:00:00,0.0,0.26864213,0.22543249,0.11130229926109314,0.15085527763720816,False
1982-11-07 04:00:00,0.0,0.2771187,0.23195942,0.11478261351585388,0.1517266164451859,False
1982-11-07 05:00:00,0.0,0.28479913,0.23790874,0.11793795025348662,0.15246002816427712,False
1982-11-07 06:00:00,8.643977e-08,0.28806582,0.24070628,0.11929447691298585,0.1530757750032491,False
1982-11-07 07:00:00,0.014670815,0.29384494,0.24459067,0.13010173883661627,0.15356330539602414,False
1982-11-07 08:00:00,0.10359345,0.2842267,0.23763081,0.17748512954264878,0.15395172201442395,False
1982-11-07 09:00:00,0.21373315,0.2731239,0.23126625,0.23659512116014958,0.1539208193281279,False
1982-11-07 10:00:00,0.30281857,0.284893,0.23988508,0.29280562630295753,0.15287320516332223,False
1982-11-07 11:00:00,0.35292062,0.28196025,0.23773275,0.3205160992145538,0.1511620246635674,False
1982-11-07 12:00:00,0.35316446,0.2617923,0.22261156,0.3123982796669006,0.14912103441710756,False
1982-11-07 13:00:00,0.30633697,0.24426754,0.20976175,0.2782182874828577,0.1469961460988272,False
1982-11-07 14:00:00,0.21726237,0.2709433,0.22924545,0.23771772618591785,0.1451048291804814,False
1982-11-07 15:00:00,0.10550197,0.27333695,0.23224245,0.1742770636603236,0.14382197572814784,False
1982-11-07 16:00:00,0.015634015,0.2871741,0.24409665,0.1281692909449339,0.14318405293273603,False
1982-11-07 17:00:00,6.9151815e-07,0.29644325,0.25151205,0.12296961037572714,0.14312474695764849,False
1982-11-07 18:00:00,0.0,0.29447335,0.24976505,0.12214797905087471,0.14316454112470547,False
1982-11-07 19:00:00,0.0,0.28854907,0.24565661,0.1197400621175766,0.1431580888753424,False
1982-11-07 20:00:00,0.0,0.28052434,0.24021845,0.11648527872562407,0.1431875828480015,False
1982-11-07 21:00:00,0.0,0.27116334,0.23361582,0.11267452812194824,0.14321765373029213,False
1982-11-07 22:00:00,0.0,0.24531762,0.21269418,0.1020076887756586,0.14323872627072434,False
1982-11-07 23:00:00,0.0,0.23784612,0.20624791,0.09890260590612888,0.14295164006889263,False
1982-11-08 00:00:00,0.0,0.24151236,0.2091698,0.10041322964429855,0.14262268269002834,False
1982-11-08 01:00:00,0.0,0.23931049,0.2074649,0.0995086749047041,0.14219807345454047,False
1982-11-08 02:00:00,0.0,0.24033141,0.2087802,0.0999564215540886,0.1416855177063162,False
1982-11-08 03:00:00,0.0,0.23567174,0.2058781,0.0980802905112505,0.14109048945397537,False
1982-11-08 04:00:00,0.0,0.22836727,0.19958627,0.09504518097639084,0.14035469166689019,False
1982-11-08 05:00:00,0.0,0.22662975,0.19654317,0.09423970864713191,0.1394302746722142,False
1982-11-08 06:00:00,0.0,0.22444294,0.19302477,0.09324278385937214,0.13837490447178882,False
1982-11-08 07:00:00,0.010128004,0.22982748,0.19911823,0.10140258186776192,0.13729256910519927,False
1982-11-08 08:00:00,0.061764207,0.23234053,0.19898462,0.1321167723350227,0.13608066360230073,False
1982-11-08 09:00:00,0.11970002,0.21999583,0.18976325,0.16049258808046576,0.13463050311971284,False
1982-11-08 10:00:00,0.1605186,0.2070087,0.17719091,0.1785737544596195,0.13287946000862694,False
1982-11-08 11:00:00,0.18336397,0.21548459,0.18439339,0.19527206963300703,0.1303683482620848,False
1982-11-08 12:00:00,0.18903409,0.20953082,0.17693926,0.19594426077604293,0.12803063465884404,False
1982-11-08 13:00:00,0.16219799,0.21297291,0.1783186,0.18180444966256618,0.1258820088777053,False
1982-11-08 14:00:00,0.111854024,0.22644377,0.18917516,0.15831298077851533,0.12409523908309465,False
1982-11-08 15:00:00,0.051356886,0.2417922,0.20253834,0.129791315946728,0.1222767609630694,False
1982-11-08 16:00:00,0.0066691157,0.25463238,0.21307002,0.10931321040960029,0.1208783464781457,False
1982-11-08 17:00:00,1.1525302e-07,0.26119757,0.21877535,0.10819583745011964,0.11975548005236604,False
1982-11-08 18:00:00,0.0,0.265121,0.22146805,0.10978892827033997,0.11864869455826815,False
1982-11-08 19:00:00,0.0,0.26730767,0.2276738,0.11093091496825218,0.11749971633610662,False
1982-11-08 20:00:00,0.0,0.2687744,0.22976805,0.11158522483706475,0.11627570882366385,False
1982-11-08 21:00:00,0.0,0.26860657,0.22991017,0.11153097447752952,0.11504983702228751,False
1982-11-08 22:00:00,0.0,0.2400375,0.20500022,0.09964384979009629,0.11385887217634705,False
1982-11-08 23:00:00,0.0,0.23049098,0.19796336,0.09574119383096695,0.11288720893600372,False
1982-11-09 00:00:00,0.0,0.21416546,0.18245548,0.08887965215742588,0.1118808528489561,False
1982-11-09 01:00:00,0.0,0.20302024,0.17464888,0.08434550991654396,0.11077838184425022,False
1982-11-09 02:00:00,0.0,0.19634272,0.17057803,0.08166167803108693,0.1096760906718799,False
1982-11-09 03:00:00,0.0,0.1826444,0.15904117,0.07598400548100472,0.10856351283259104,False
1982-11-09 04:00:00,0.0,0.16927171,0.14720996,0.07041059777140618,0.10750670227055785,False
1982-11-09 05:00:00,0.0,0.16210869,0.13818656,0.06728018063306808,0.10655082554436635,False
1982-11-09 06:00:00,0.0,0.16224818,0.1383852,0.06734237931668757,0.10564081024631272,False
1982-11-09 07:00:00,0.006002175,0.16520162,0.13903004,0.07193027469748631,0.10481643221314411,False
1982-11-09 08:00:00,0.05489447,0.18416572,0.15270682,0.10787742637842894,0.10395896685098721,False
1982-11-09 09:00:00,0.12559558,0.1937344,0.1590445,0.15254505182802677,0.10313416642608854,False
1982-11-09 10:00:00,0.18072034,0.16431743,0.13636097,0.17227226246893404,0.10275193320515989,False
1982-11-09 11:00:00,0.21443798,0.20469916,0.1674286,0.20830584625899792,0.10302986998753734,False
1982-11-09 12:00:00,0.20261921,0.22376935,0.1811494,0.2092642421722412,0.10360907056670127,False
1982-11-09 13:00:00,0.17162497,0.22630487,0.18368943,0.19245333734154701,0.1040820255918129,False
1982-11-09 14:00:00,0.121770345,0.19386967,0.15984039,0.15043077642470598,0.10409100915544467,False
1982-11-09 15:00:00,0.05998825,0.17495842,0.14778316,0.10715316838398577,0.10368388545566039,False
1982-11-09 16:00:00,0.008821869,0.16616817,0.14565611,0.07427170250751078,0.10312871130632038,False
1982-11-09 17:00:00,1.7287954e-07,0.16723056,0.15066166,0.06984390665902816,0.10247492458558327,False
1982-11-09 18:00:00,0.0,0.1602673,0.1455258,0.0669970243871212,0.10182241782097572,False
1982-11-09 19:00:00,0.0,0.1458907,0.13248211,0.06098770152032375,0.10120007089263254,False
1982-11-09 20:00:00,0.0,0.13789612,0.12518081,0.05764343225955963,0.10060007101780229,False
1982-11-09 21:00:00,0.0,0.13292201,0.119629525,0.055508215516805647,0.10001069088576786,False
1982-11-09 22:00:00,0.0,0.13241974,0.120462425,0.05536785323917866,0.09942253997380339,False
1982-11-09 23:00:00,0.0,0.12108683,0.109564334,0.05059751372784376,0.09916966150066309,False
1982-11-10 00:00:00,0.0,0.11378852,0.10197512,0.0474946214184165,0.09896447468752466,False
1982-11-10 01:00:00,0.0,0.11193861,0.098025024,0.04659869863092899,0.09890297091396949,False
1982-11-10 02:00:00,0.0,0.11209292,0.09611848,0.04655268526822329,0.0989658442290356,False
1982-11-10 03:00:00,0.0,0.11369566,0.099994175,0.04735338353365659,0.09908991510438225,False
1982-11-10 04:00:00,0.0,0.11800919,0.10403163,0.04916309811919928,0.09933980846329084,False
1982-11-10 05:00:00,0.0,0.12137428,0.106886394,0.05055897434055805,0.09965898388455113,False
1982-11-10 06:00:00,0.0,0.12890142,0.11311136,0.05367263826727867,0.09999611221643588,False
1982-11-10 07:00:00,0.0056433063,0.13694446,0.119547255,0.06024424448423087,0.1002704118165975,False
1982-11-10 08:00:00,0.048219066,0.15550849,0.13557997,0.09252635193988681,0.1004629959191634,False
1982-11-10 09:00:00,0.11217071,0.18633527,0.1604663,0.14214539347589014,0.10034841839022039,False
1982-11-10 10:00:00,0.17152803,0.2242532,0.18877065,0.19191472001373766,0.0999310518847751,False
1982-11-10 11:00:00,0.20455559,0.2537517,0.21131016,0.22307369743287564,0.09973709102843924,False
1982-11-10 12:00:00,0.20067503,0.24858569,0.20608322,0.21864610198140144,0.0992957976299,False
1982-11-10 13:00:00,0.16423683,0.2110632,0.17756829,0.1822356607168913,0.09884963450611604,False
1982-11-10 14:00:00,0.11204996,0.17860596,0.15208551,0.13877104318886993,0.0983662015376585,False
1982-11-10 15:00:00,0.053519294,0.17400727,0.14914154,0.1031429567784071,0.09797497745773791,False
1982-11-10 16:00:00,0.007651071,0.17668465,0.15407676,0.0779314478142187,0.09757176671215678,False
1982-11-10 17:00:00,0.0,0.18470982,0.16143686,0.07687551274895668,0.09709109207114396,False
1982-11-10 18:00:00,0.0,0.19199303,0.16797867,0.07991627570986748,0.09655369005046682,False
1982-11-10 19:00:00,0.0,0.19731084,0.17265227,0.08213092097640037,0.0960398529718806,False
1982-11-10 20:00:00,0.0,0.20009047,0.17521474,0.08329497849941253,0.09566867231318625,False
1982-11-10 21:00:00,0.0,0.20005552,0.17554152,0.08329973070323467,0.09541341443287106,False
1982-11-10 22:00:00,0.0,0.21013369,0.18456209,0.08750568307936192,0.09523798702770742,False
1982-11-10 23:00:00,0.0,0.206136,0.18200077,0.08589222680032253,0.09520142171272905,False
1982-11-11 00:00:00,0.0,0.20619242,0.18226793,0.08592747102677822,0.0951837642376487,False
1982-11-11 01:00:00,0.0,0.20968005,0.1850276,0.08736342903971672,0.0951626009854664,False
1982-11-11 02:00:00,0.0,0.21026571,0.18572283,0.08761708004772663,0.09512815185796365,False
1982-11-11 03:00:00,0.0,0.2111245,0.1865546,0.08797888670861721,0.09509360887410016,False
1982-11-11 04:00:00,0.0,0.20569302,0.18204246,0.08573101799190044,0.09507674800531835,False
1982-11-11 05:00:00,0.0,0.20015088,0.17790124,0.08346234056353569,0.09506392270719528,False
1982-11-11 06:00:00,0.0,0.19295388,0.17238475,0.08050876012444495,0.09514215297365458,False
1982-11-11 07:00:00,0.0050915903,0.1874604,0.16784406,0.08117431162064895,0.09528773295247824,False
1982-11-11 08:00:00,0.044614237,0.18365991,0.16416265,0.10237770498916507,0.09547250452987903,False
1982-11-11 09:00:00,0.10572485,0.17123994,0.15408672,0.13251145956665278,0.09559863749481169,False
1982-11-11 10:00:00,0.15834877,0.17163181,0.15301412,0.16296214136481285,0.09551840980452848,False
1982-11-11 11:00:00,0.19272864,0.1823044,0.16016696,0.1871237631291151,0.09506139037673726,False
1982-11-11 12:00:00,0.19427954,0.18190268,0.15975985,0.18784841223061086,0.09459111325948243,False
1982-11-11 13:00:00,0.17733203,0.1604879,0.14273958,0.1692485548555851,0.09453525486938709,False
1982-11-11 14:00:00,0.12748635,0.13909785,0.12528314,0.1316520205885172,0.09501793685936734,False
1982-11-11 15:00:00,0.0633483,0.12291961,0.10906938,0.08779905259609222,0.09586248598520387,False
1982-11-11 16:00:00,0.009031516,0.1104779,0.096699804,0.0511993197388947,0.0966279957023703,False
1982-11-11 17:00:00,0.0,0.10579727,0.09276699,0.04404860966652632,0.09742648077646555,False
1982-11-11 18:00:00,0.0,0.10158321,0.089789614,0.0423328446149826,0.09839736828284623,False
1982-11-11 19:00:00,0.0,0.10365058,0.09118457,0.04317102990299464,0.09941869460122944,False
1982-11-11 20:00:00,0.0,0.10904026,0.09546663,0.045391054004430775,0.10040487089457274,False
1982-11-11 21:00:00,0.0,0.11302474,0.09965871,0.047087700068950654,0.1013338496059394,False
1982-11-11 22:00:00,0.0,0.1284701,0.114949144,0.053612718120217326,0.10218697080558452,False
1982-11-11 23:00:00,0.0,0.11958125,0.104156904,0.04974995492398739,0.10280586249830487,False
1982-11-12 00:00:00,0.0,0.1118852,0.0961694,0.046478785313665866,0.10338342346793326,False
1982-11-12 01:00:00,0.0,0.10829219,0.09232077,0.0449451405107975,0.10390970009269478,False
1982-11-12 02:00:00,0.0,0.10817535,0.09218365,0.044894622042775154,0.10436949673930468,False
1982-11-12 03:00:00,0.0,0.11203372,0.096363336,0.04654406183212995,0.10468445842976036,False
1982-11-12 04:00:00,0.0,0.116891675,0.1002677,0.048547483809292316,0.10484221232386591,False
1982-11-12 05:00:00,0.0,0.1307636,0.112264015,0.054314027130603786,0.10493201259227754,False
1982-11-12 06:00:00,0.0,0.14619796,0.12432278,0.060660477250814436,0.10499587389344633,False
1982-11-12 07:00:00,0.0053435043,0.15925224,0.13455558,0.06911328019946814,0.10505308810511887,False
1982-11-12 08:00:00,0.048769806,0.17008555,0.1422035,0.09858073425665498,0.10503322962167065,False
1982-11-12 09:00:00,0.111486636,0.17857161,0.1495139,0.13829446434229614,0.10491442395354789,False
1982-11-12 10:00:00,0.1692494,0.17460641,0.1461318,0.16997778747975825,0.10460363417502971,False
1982-11-12 11:00:00,0.21276146,0.18778253,0.15639408,0.2005003958046436,0.10422551399217156,False
1982-11-12 12:00:00,0.23174311,0.19865373,0.16566478,0.21596489925682544,0.10347027467932411,False
1982-11-12 13:00:00,0.2062026,0.20885384,0.17330427,0.20540439623594284,0.10262995106102137,False
1982-11-12 14:00:00,0.14771198,0.22733966,0.18872699,0.17930940122902392,0.10170494177173062,False
1982-11-12 15:00:00,0.06762704,0.24368598,0.20271286,0.13988742320239544,0.10094932109765568,False
1982-11-12 16:00:00,0.007671183,0.27023202,0.22438598,0.11625873137079179,0.1004331282836309,False
1982-11-12 17:00:00,0.0,0.29850873,0.24682204,0.12347811305522918,0.10014830011924898,False
1982-11-12 18:00:00,0.0,0.3118268,0.2569602,0.1289399389922619,0.09993832771996207,False
1982-11-12 19:00:00,0.0,0.3129486,0.25906193,0.12946738305687905,0.09978976564299485,False
1982-11-12 20:00:00,0.0,0.30919266,0.25544196,0.1278859566450119,0.09967278245328165,False
1982-11-12 21:00:00,0.0,0.30039644,0.24820854,0.12424954828619958,0.09954660418586976,False
1982-11-12 22:00:00,0.0,0.28328776,0.23480184,0.11721248432993889,0.09940382924866102,False
1982-11-12 23:00:00,0.0,0.27453798,0.22797479,0.11361515334248543,0.09927466776831245,False
1982-11-13 00:00:00,0.0,0.26860693,0.22357021,0.11118874901533127,0.09920640778266064,False
1982-11-13 01:00:00,0.0,0.26403427,0.22231522,0.10943366807699204,0.09915596289796924,False
1982-11-13 02:00:00,0.0,0.24755667,0.21086721,0.10273524118959904,0.09910994949056005,False
1982-11-13 03:00:00,0.0,0.22996922,0.198008,0.09555107362568378,0.0990761658624204,False
1982-11-13 04:00:00,0.0,0.21648724,0.1881044,0.090041430875659,0.09905701619204303,False
1982-11-13 05:00:00,0.0,0.20784086,0.18211862,0.08652768301963806,0.09906594899021258,False
1982-11-13 06:00:00,0.0,0.20018533,0.17382696,0.0832550422847271,0.09902742881145497,False
1982-11-13 07:00:00,0.0027490724,0.18940087,0.1619624,0.0802211044151336,0.09894626620322634,False
1982-11-13 08:00:00,0.03052943,0.1907192,0.16081789,0.09667503291927278,0.09875834935192458,False
1982-11-13 09:00:00,0.07152902,0.18413135,0.15512656,0.11759355019778012,0.09845420666670557,False
1982-11-13 10:00:00,0.10805052,0.19930089,0.16528143,0.14481237258762122,0.09832695649357642,False
1982-11-13 11:00:00,0.12810469,0.18590324,0.15476996,0.15087227611243725,0.09831902539275095,False
1982-11-13 12:00:00,0.14102438,0.15981163,0.1328022,0.1475128785520792,0.09796766022261982,False
1982-11-13 13:00:00,0.119909756,0.13434334,0.11273124,0.12484810896962881,0.09716109481961284,False
1982-11-13 14:00:00,0.0807528,0.117673516,0.099376604,0.09538222823292015,0.09613485870396847,False
1982-11-13 15:00:00,0.038951457,0.09757498,0.08410444,0.06302179752290249,0.09494343297240763,False
1982-11-13 16:00:00,0.0047073364,0.08375335,0.07234166,0.03752756784856319,0.09350990268847102,False
1982-11-13 17:00:00,0.0,0.081730165,0.0705834,0.033969934500753876,0.09172497848699773,False
1982-11-13 18:00:00,0.0,0.08485044,0.07207506,0.03520186492055655,0.08966367280761683,False
1982-11-13 19:00:00,0.0,0.09066029,0.075966485,0.037555836796760556,0.08751871375505783,False
1982-11-13 20:00:00,0.0,0.09499964,0.0792524,0.039334497168660165,0.08542628594347247,False
1982-11-13 21:00:00,0.0,0.09717532,0.08105202,0.04023450308293104,0.08336110228299136,False
1982-11-13 22:00:00,0.0,0.114693455,0.0942793,0.04741296706348658,0.08135767887950847,False
1982-11-13 23:00:00,0.0,0.11240145,0.092543356,0.04647347561269999,0.07938975120916934,False
1982-11-14 00:00:00,0.0,0.10648507,0.08823038,0.04405743084847927,0.07739337128306711,False
1982-11-14 01:00:00,0.0,0.1033438,0.08523398,0.04273649695515633,0.07535665251965606,False
1982-11-14 02:00:00,0.0,0.104697146,0.0859215,0.0432730078920722,0.07326844701740397,False
1982-11-14 03:00:00,0.0,0.11019652,0.091895565,0.045624877654016016,0.07128070883836103,False
1982-11-14 04:00:00,0.0,0.11806781,0.10017105,0.048976258121430874,0.06940977237192188,False
1982-11-14 05:00:00,0.0,0.1260441,0.110273845,0.052465058550238614,0.06763076298805158,False
1982-11-14 06:00:00,0.0,0.1361932,0.12054409,0.05676467205584049,0.06592081667359657,False
1982-11-14 07:00:00,0.0035750042,0.13912225,0.123970084,0.06009327133698389,0.06429022771549849,False
1982-11-14 08:00:00,0.038998626,0.14756215,0.13017122,0.08398188536614179,0.06278490185970452,False
1982-11-14 09:00:00,0.10005077,0.17927028,0.15382273,0.13218645603209733,0.06143951890248971,False
1982-11-14 10:00:00,0.152108,0.19698352,0.16933078,0.16959709464013578,0.060461571749843145,False
1982-11-14 11:00:00,0.1895031,0.17894778,0.15296014,0.18363486763834952,0.05956560376395171,True
1982-11-14 12:00:00,0.19555202,0.15556535,0.1298635,0.17724975991249084,0.05902839516976393,True
1982-11-14 13:00:00,0.17838971,0.12879834,0.10532615,0.15614506268501283,0.058640144355828046,True
1982-11-14 14:00:00,0.13472447,0.107882656,0.08474533,0.1221209661141038,0.05835722299312097,True
1982-11-14 15:00:00,0.065203875,0.081575386,0.062111408,0.07107796957343816,0.0580299106699338,True
1982-11-14 16:00:00,0.007993661,0.06336081,0.047960896,0.030582369700074195,0.05760752058463803,True
1982-11-14 17:00:00,0.0,0.059847616,0.0454013,0.024535440444946287,0.05709978637687174,True
1982-11-14 18:00:00,0.0,0.0633923,0.047965687,0.025981904469430446,0.05657059230009338,True
1982-11-14 19:00:00,0.0,0.070904516,0.053094108,0.02903084810078144,0.05601966154103877,True
1982-11-14 20:00:00,0.0,0.07026708,0.05238126,0.0287571409419179,0.055470347024558685,True
1982-11-14 21:00:00,0.0,0.068638705,0.05106561,0.02808522491902113,0.05492847029777487,True
1982-11-14 22:00:00,0.0,0.055705782,0.040676344,0.022751956153661015,0.054408899815112925,True
1982-11-14 23:00:00,0.0,0.04356121,0.031756125,0.017788916889578104,0.05382416636712161,True
1982-11-15 00:00:00,0.0,0.032877978,0.023968047,0.013426248371601106,0.053384381801413944,True
1982-11-15 01:00:00,0.0,0.02252833,0.016423153,0.009199803968891501,0.05318407456489523,True
1982-11-15 02:00:00,0.0,0.017934423,0.013074195,0.00732380859553814,0.053102807896735715,True
1982-11-15 03:00:00,0.0,0.014071013,0.010257768,0.005746123236604035,0.053046085068548667,True
1982-11-15 04:00:00,0.0,0.011384347,0.00829919,0.0046489804498851305,0.05300469082599749,True
1982-11-15 05:00:00,0.0,0.010897724,0.0079444405,0.004450259925797582,0.05296964786300679,True
1982-11-15 06:00:00,0.0,0.012211527,0.008902202,0.004986772296018898,0.05297293932182958,True
1982-11-15 07:00:00,0.004232379,0.013525564,0.009860137,0.007965463337022811,0.05302131861360987,True
1982-11-15 08:00:00,0.045148667,0.014805028,0.010792865,0.032096650972962375,0.05315904586625897,True
1982-11-15 09:00:00,0.1101114,0.017429974,0.012706452,0.07065208687074483,0.053381251946901805,True
1982-11-15 10:00:00,0.16303052,0.018946972,0.0138123445,0.10180590926483273,0.05339340185517125,True
1982-11-15 11:00:00,0.20113334,0.022118213,0.016124178,0.1250862635914236,0.0534698887871298,True
1982-11-15 12:00:00,0.20650627,0.023808846,0.017356649,0.1288768394831568,0.05373053979380357,True
1982-11-15 13:00:00,0.17379743,0.026904216,0.019613177,0.11126788355968892,0.0543127378703746,True
1982-11-15 14:00:00,0.11748546,0.029096752,0.02121153,0.07967123671993612,0.0551797517308685,True
1982-11-15 15:00:00,0.054192863,0.028106628,0.020489732,0.04274707342870534,0.05626946665365549,True
1982-11-15 16:00:00,0.0056159915,0.024281891,0.0177015,0.013156325875781475,0.05800653264232591,True
1982-11-15 17:00:00,0.0,0.020982694,0.015296385,0.008568618815392256,0.06023597943552895,False
1982-11-15 18:00:00,0.0,0.02144446,0.015633011,0.008757188485935331,0.06248186368637843,False
1982-11-15 19:00:00,0.0,0.027398804,0.019973727,0.011188740005716681,0.06455252019598275,False
1982-11-15 20:00:00,0.0,0.032531112,0.024452478,0.013324414283037185,0.06639175265099047,False
1982-11-15 21:00:00,0.0,0.037136145,0.029479304,0.015295119915157557,0.06806684555535329,False
1982-11-15 22:00:00,0.0,0.047005884,0.037047967,0.019345761559903623,0.06961841767749874,False
1982-11-15 23:00:00,0.0,0.06172962,0.047881227,0.025363816458731887,0.07098734096929556,False
1982-11-16 00:00:00,0.0,0.083607934,0.06650659,0.034442683495581154,0.07235035688293291,False
1982-11-16 01:00:00,0.0,0.09331467,0.08152933,0.038835696883499624,0.07366427165319338,False
1982-11-16 02:00:00,0.0,0.09727395,0.08622636,0.04055031213909388,0.07497335225754077,False
1982-11-16 03:00:00,0.0,0.104521394,0.093880735,0.04363795401155949,0.07620740773566659,False
1982-11-16 04:00:00,0.0,0.11331553,0.10149565,0.047294195897877214,0.07747498969963644,False
1982-11-16 05:00:00,0.0,0.12607488,0.11298922,0.05262304857373237,0.07875321353061017,False
1982-11-16 06:00:00,0.0,0.1415391,0.12701762,0.059086878061294555,0.08001480479244501,False
1982-11-16 07:00:00,0.0028108193,0.15582305,0.1404376,0.06670417946414091,0.08130262681739996,False
1982-11-16 08:00:00,0.03414411,0.17970401,0.15992306,0.09464777723699808,0.082579177475891,False
1982-11-16 09:00:00,0.08195103,0.20498869,0.18227929,0.1327696516290307,0.08390583687233699,False
1982-11-16 10:00:00,0.11728612,0.25403672,0.21953376,0.17326846737414597,0.08550396510540313,False
1982-11-16 11:00:00,0.13307494,0.28739807,0.2465183,0.19614611595869066,0.08772207998523913,False
1982-11-16 12:00:00,0.13305926,0.30934748,0.26427504,0.20519526758790016,0.09001140526764366,False
1982-11-16 13:00:00,0.110783964,0.32227668,0.27628306,0.19776172798871994,0.09193617270080488,False
1982-11-16 14:00:00,0.07336162,0.31787458,0.2741094,0.1744272824078798,0.09352986484320484,False
1982-11-16 15:00:00,0.03200991,0.32746312,0.28062087,0.15445713702961802,0.09516423309699902,False
1982-11-16 16:00:00,0.0033439507,0.32748836,0.27450278,0.1375958157738205,0.09658569637702273,False
1982-11-16 17:00:00,0.0,0.31965154,0.266416,0.1323378844857216,0.09803741688117112,False
1982-11-16 18:00:00,0.0,0.30276498,0.2528359,0.12537341693043708,0.09956850553116488,False
1982-11-16 19:00:00,0.0,0.28306088,0.23823225,0.11731400594115257,0.10113614625447621,False
1982-11-16 20:00:00,0.0,0.26329684,0.22231603,0.10916160035133363,0.10271656783715548,False
1982-11-16 21:00:00,0.0,0.24724175,0.20978668,0.10256068678200245,0.10427736948382767,False
1982-11-16 22:00:00,0.0,0.21296427,0.1828974,0.08846027415990829,0.10582572447297821,False
1982-11-16 23:00:00,0.0,0.20021737,0.17284209,0.08321368074417114,0.10722307829115264,False
1982-11-17 00:00:00,0.0,0.18417776,0.15801047,0.07649415734410286,0.10841726141282082,False
1982-11-17 01:00:00,0.0,0.17340864,0.14903489,0.07203567297756672,0.10942439424245343,False
1982-11-17 02:00:00,0.0,0.16032188,0.13703147,0.06655847154557705,0.11034953938283681,False
1982-11-17 03:00:00,0.0,0.16071816,0.13490847,0.06659005750715732,0.11122832781261488,False
1982-11-17 04:00:00,0.0,0.15941983,0.13292232,0.06600372433662414,0.11204641458763465,False
1982-11-17 05:00:00,0.0,0.15717104,0.12982456,0.06500664049386978,0.11269507674266309,False
1982-11-17 06:00:00,0.0,0.161468,0.13371366,0.06680222949385642,0.11322826093014986,False
1982-11-17 07:00:00,0.0017642932,0.16506785,0.13540483,0.06923989494459239,0.11359562555559634,False
1982-11-17 08:00:00,0.037340306,0.1797503,0.14635347,0.09577630200237036,0.11368453615438927,False
1982-11-17 09:00:00,0.105362386,0.20930927,0.17283383,0.14736224205791948,0.11337546064992547,False
1982-11-17 10:00:00,0.16303015,0.27696452,0.22235411,0.20827542349696157,0.11263820515216749,False
1982-11-17 11:00:00,0.19187991,0.3014097,0.2414628,0.2349738771468401,0.11132597579450769,False
1982-11-17 12:00:00,0.18485008,0.27751133,0.22602776,0.22126567627489568,0.10988536658635474,False
1982-11-17 13:00:00,0.1534395,0.23967734,0.1998069,0.18776510639488697,0.10854991154730431,False
1982-11-17 14:00:00,0.10643517,0.23333347,0.19644016,0.15812091290205718,0.10719217322883928,False
1982-11-17 15:00:00,0.046542887,0.20274249,0.17240903,0.11097731086984276,0.10603056794444521,False
1982-11-17 16:00:00,0.004086526,0.19376573,0.16632278,0.08283891007490454,0.1051901138336277,False
1982-11-17 17:00:00,0.0,0.19759929,0.16938399,0.08206087401509285,0.10489784821496147,False
1982-11-17 18:00:00,0.0,0.20250422,0.17184976,0.08400394320487975,0.10512576388009626,False
1982-11-17 19:00:00,0.0,0.20991704,0.17758498,0.08704897597432136,0.10572721238807577,False
1982-11-17 20:00:00,0.0,0.21309851,0.1779545,0.08824289332330228,0.10677922834642965,False
1982-11-17 21:00:00,0.0,0.21661429,0.17936085,0.08961615939438343,0.10811161794886726,False
1982-11-17 22:00:00,0.0,0.20883119,0.17333399,0.0864187448322773,0.10971047071461366,False
1982-11-17 23:00:00,0.0,0.20003085,0.16431895,0.08268460629880428,0.11162356703449773,False
1982-11-18 00:00:00,0.0,0.20030133,0.16433087,0.08278505931794644,0.11349799585250007,False
1982-11-18 01:00:00,0.0,0.20162386,0.16376778,0.08324266362190247,0.11539168936294304,False
1982-11-18 02:00:00,0.0,0.20063089,0.16109924,0.0827321567684412,0.11734624574706691,False
1982-11-18 03:00:00,0.0,0.20108785,0.16119821,0.08290611921250819,0.11951396171842503,False
1982-11-18 04:00:00,0.0,0.19038619,0.15143472,0.07842997933924198,0.1217977622486724,False
1982-11-18 05:00:00,0.0,0.19028324,0.1481736,0.07821588957309723,0.12404195092991727,False
1982-11-18 06:00:00,0.0,0.18673964,0.14469358,0.07672038008272647,0.12627984427661434,False
1982-11-18 07:00:00,0.0016333081,0.1705951,0.13110888,0.07097188820620068,0.12839907058887914,False
1982-11-18 08:00:00,0.01941463,0.16712208,0.12855303,0.07981215302273631,0.13030929170871244,False
1982-11-18 09:00:00,0.046441805,0.17194511,0.1321615,0.09738138773664831,0.13187428559382539,False
1982-11-18 10:00:00,0.07193368,0.16773058,0.12746555,0.11028145820647478,0.13311519748411232,False
1982-11-18 11:00:00,0.08361385,0.1920956,0.14571127,0.12699687396734952,0.13342268362800683,False
1982-11-18 12:00:00,0.081588276,0.2288021,0.17757437,0.14109342571347952,0.13398685423444115,False
1982-11-18 13:00:00,0.06186304,0.23518804,0.18723944,0.13259028870239853,0.13501750891566677,False
1982-11-18 14:00:00,0.03621938,0.23725854,0.18931936,0.1186702287569642,0.13611867216171478,False
1982-11-18 15:00:00,0.012705608,0.25924248,0.20599501,0.11411533971037716,0.1370409009517583,False
1982-11-18 16:00:00,0.0010386601,0.2986143,0.23664972,0.12356706607784144,0.1379243126622193,False
1982-11-18 17:00:00,0.0,0.34749207,0.27876413,0.14327783641219138,0.13887801770424754,False
1982-11-18 18:00:00,0.0,0.37362885,0.30322033,0.15424294531345367,0.13990201266972632,False
1982-11-18 19:00:00,0.0,0.4063332,0.33099663,0.16781077194213867,0.1411288602419785,False
1982-11-18 20:00:00,0.0,0.41909924,0.3420126,0.17311630126833916,0.14254150417005926,False
1982-11-18 21:00:00,0.0,0.43417728,0.35359636,0.17930561953783036,0.14409748700471878,False
1982-11-18 22:00:00,0.0,0.4364465,0.35629895,0.18028889751434327,0.14583692100575477,False
1982-11-18 23:00:00,0.0,0.419818,0.3383966,0.1731862640082836,0.14809315426951558,False
1982-11-19 00:00:00,0.0,0.40562424,0.32807595,0.1673914458453655,0.15016902706796587,False
1982-11-19 01:00:00,0.0,0.401752,0.3260721,0.16585437941551207,0.15231131584314914,False
1982-11-19 02:00:00,0.0,0.41307274,0.33675924,0.1706088381707668,0.15461690957030563,False
1982-11-19 03:00:00,0.0,0.42660794,0.3480399,0.17621248295903205,0.15691214127304315,False
1982-11-19 04:00:00,0.0,0.42048806,0.3437905,0.17372478103637695,0.1589696115807286,False
1982-11-19 05:00:00,0.0,0.41711366,0.34278852,0.17242552113533022,0.16104406479211805,False
1982-11-19 06:00:00,0.0,0.40731287,0.33753043,0.1685250924825668,0.16313930974738955,False
1982-11-19 07:00:00,0.0010622005,0.38715956,0.3232545,0.16093050869659054,0.16522637777893154,False
1982-11-19 08:00:00,0.0259591,0.3762485,0.31633162,0.17089600848779082,0.16751681754159167,False
1982-11-19 09:00:00,0.08057589,0.38722876,0.3249317,0.2069260127916932,0.17012829607844712,False
1982-11-19 10:00:00,0.1338077,0.35136297,0.2995329,0.22303475840389728,0.17317913785626537,False
1982-11-19 11:00:00,0.16388454,0.40472937,0.3360658,0.26205406625568867,0.1769496721563555,False
1982-11-19 12:00:00,0.17427696,0.41063154,0.34548622,0.2707371009737253,0.18131447653273788,False
1982-11-19 13:00:00,0.15254143,0.36830753,0.30924183,0.24062094220519067,0.18539477161103904,False
1982-11-19 14:00:00,0.105774954,0.34095645,0.28782994,0.20238789482414724,0.18883109365523218,False
1982-11-19 15:00:00,0.04572228,0.30637693,0.2582635,0.15338107297196985,0.19137240213228746,False
1982-11-19 16:00:00,0.0037582857,0.3051378,0.25652534,0.12861675209226087,0.1925903232548274,False
1982-11-19 17:00:00,0.0,0.31698012,0.26383272,0.13121263235807418,0.19269217050515722,False
1982-11-19 18:00:00,0.0,0.3452011,0.28728554,0.14289262667298316,0.19216780821487914,False
1982-11-19 19:00:00,0.0,0.37402436,0.31186843,0.15485588452219964,0.1912465617924244,False
1982-11-19 20:00:00,0.0,0.39371914,0.3268094,0.16293006938695906,0.1898448905411423,False
1982-11-19 21:00:00,0.0,0.4182542,0.34765172,0.17310899144411088,0.1881368320656256,False
1982-11-19 22:00:00,0.0,0.471216,0.38591185,0.19471794149279592,0.1860681003329591,False
1982-11-19 23:00:00,0.0,0.44171032,0.3580628,0.18232650062441827,0.1840444046610282,False
1982-11-20 00:00:00,0.0,0.4489632,0.36939818,0.18561492052674292,0.18190103154417733,False
1982-11-20 01:00:00,0.0,0.4682947,0.3909336,0.1939111625254154,0.1796780806721435,False
1982-11-20 02:00:00,0.0,0.4668328,0.3822589,0.19290327849984168,0.17729424438227573,False
1982-11-20 03:00:00,0.0,0.43966225,0.3598023,0.18166469398140905,0.1746614936545738,False
1982-11-20 04:00:00,0.0,0.43055233,0.35425782,0.17800373348593712,0.17179118722651757,False
1982-11-20 05:00:00,0.0,0.43215823,0.3578011,0.17878764742612838,0.16898718893083417,False
1982-11-20 06:00:00,0.0,0.4273232,0.35587755,0.17689964559674262,0.16630094694786376,False
1982-11-20 07:00:00,0.0018744173,0.43401963,0.3644114,0.18091299681388773,0.16378465164194486,False
1982-11-20 08:00:00,0.035791505,0.44537595,0.3734759,0.20516312279179694,0.1615113747124899,False
1982-11-20 09:00:00,0.09937628,0.4502335,0.3767689,0.24382179307192564,0.15956532077952573,False
1982-11-20 10:00:00,0.16863714,0.46877354,0.3886303,0.29126710461080074,0.15769802810030034,False
1982-11-20 11:00:00,0.19778134,0.5379384,0.44237733,0.33650748403370384,0.15637363465125959,False
1982-11-20 12:00:00,0.20622869,0.5262783,0.43994328,0.3369475894719362,0.15483954084008286,False
1982-11-20 13:00:00,0.1676371,0.4846,0.4072174,0.29753374682366845,0.15321921601669838,False
1982-11-20 14:00:00,0.11143042,0.42592722,0.35538033,0.24065303565561771,0.15192426522692642,False
1982-11-20 15:00:00,0.048788186,0.34868193,0.29187295,0.17257555359229446,0.1508178542106907,False
1982-11-20 16:00:00,0.0038351016,0.304563,0.25665072,0.12845573409367353,0.1498849865445275,False
1982-11-20 17:00:00,0.0,0.28482458,0.24089216,0.11810844647884369,0.14897431603009556,False
1982-11-20 18:00:00,0.0,0.26523665,0.22501472,0.11002311703562737,0.14811261170013554,False
1982-11-20 19:00:00,0.0,0.24220508,0.20660882,0.10053055188059806,0.1471513587975011,False
1982-11-20 20:00:00,0.0,0.21939339,0.18839508,0.0911294944435358,0.14607769549014724,False
1982-11-20 21:00:00,0.0,0.1923357,0.16730787,0.08000649636983871,0.1449553362813846,False
1982-11-20 22:00:00,0.0,0.19992778,0.17366955,0.08315150526165963,0.14372445687400853,False
1982-11-20 23:00:00,0.0,0.16864279,0.1495401,0.07030435439944267,0.1422018184878931,False
1982-11-21 00:00:00,0.0,0.14537054,0.13051988,0.06068980398774147,0.14089940423081374,False
1982-11-21 01:00:00,0.0,0.12350586,0.10845509,0.05143023750185967,0.1395286013496176,False
1982-11-21 02:00:00,0.0,0.107016616,0.08791985,0.04423680324107408,0.13803913527848874,False
1982-11-21 03:00:00,0.0,0.09312596,0.0754499,0.038437774412333967,0.13671490943739867,False
1982-11-21 04:00:00,0.0,0.09472784,0.07737576,0.0391328628435731,0.13566689488786018,False
1982-11-21 05:00:00,0.0,0.10458865,0.090605445,0.04348590595275163,0.13462627584795211,False
1982-11-21 06:00:00,0.0,0.11431088,0.10300374,0.04774291779845953,0.13355880521918392,False
1982-11-21 07:00:00,0.001960598,0.12131901,0.10954141,0.05181321608275175,0.13260318248840725,False
1982-11-21 08:00:00,0.03905657,0.13173258,0.11741585,0.07748541970551014,0.13162850698896603,False
1982-11-21 09:00:00,0.10172465,0.14069778,0.12376598,0.11729596418887377,0.13058424695067028,False
1982-11-21 10:00:00,0.16184387,0.15886497,0.13812567,0.15946387284994124,0.12925844406986528,False
1982-11-21 11:00:00,0.20027737,0.17530634,0.15128669,0.18841756331920623,0.12688958254827107,False
1982-11-21 12:00:00,0.20949239,0.17354439,0.14900967,0.1929615094512701,0.12401368068839654,False
1982-11-21 13:00:00,0.18571606,0.1716051,0.14783067,0.17846330429613588,0.1210850289125422,False
1982-11-21 14:00:00,0.13332479,0.17379549,0.15224496,0.14928016604483124,0.11857193082848484,False
1982-11-21 15:00:00,0.05913344,0.17894629,0.15652315,0.1086034249961376,0.11647494342129598,False
1982-11-21 16:00:00,0.0047513633,0.19745553,0.17225818,0.08490456739952787,0.11477903093263737,False
1982-11-21 17:00:00,0.0,0.21587215,0.18877777,0.08985082451999186,0.11342258818404417,False
1982-11-21 18:00:00,0.0,0.23263936,0.20201045,0.09675248734652996,0.11222380308111797,False
1982-11-21 19:00:00,0.0,0.24864477,0.21426159,0.10332004576921464,0.11118868876112292,False
1982-11-21 20:00:00,0.0,0.26261255,0.22505178,0.10905682736635208,0.11034369210110645,False
1982-11-21 21:00:00,0.0,0.27474847,0.23415913,0.11402677989006042,0.10968645690058958,False
1982-11-21 22:00:00,0.0,0.29313114,0.24936865,0.12163129895925522,0.10926366845475177,False
1982-11-21 23:00:00,0.0,0.288836,0.24500243,0.11981061628460883,0.10878785636046569,False
1982-11-22 00:00:00,0.0,0.28882593,0.24517804,0.11981638222932817,0.10856410011140298,False
1982-11-22 01:00:00,0.0,0.29532397,0.2489305,0.12241679111123085,0.10850780991794211,False
1982-11-22 02:00:00,0.0,0.31248993,0.25984547,0.1293404381275177,0.1086400853353892,False
1982-11-22 03:00:00,0.0,0.3180079,0.25953862,0.1313599956035614,0.10894991029522982,False
1982-11-22 04:00:00,0.0,0.3106462,0.24862166,0.12805401957035065,0.10938646864195956,False
1982-11-22 05:00:00,0.0,0.30945936,0.24738063,0.1275490572452545,0.10982650818865415,False
1982-11-22 06:00:00,0.0,0.31773835,0.25526485,0.13102975451946258,0.11018254931693566,False
1982-11-22 07:00:00,0.002136935,0.3219927,0.2607455,0.13412857284070923,0.11045683165177372,False
1982-11-22 08:00:00,0.03938619,0.3203742,0.26101357,0.1550386409536004,0.11068043988504844,False
1982-11-22 09:00:00,0.097704396,0.2995238,0.24599141,0.1801832547932863,0.1107807050906534,False
1982-11-22 10:00:00,0.14565964,0.22553442,0.19062845,0.17756175157427787,0.1108676624140183,False
1982-11-22 11:00:00,0.17258231,0.23840824,0.20206593,0.19846419475972651,0.11078780313461173,False
1982-11-22 12:00:00,0.17525898,0.2293519,0.19661157,0.1963723042309284,0.11061080403536953,False
1982-11-22 13:00:00,0.15352838,0.21231323,0.18473299,0.17690503878891467,0.11025691619798934,False
1982-11-22 14:00:00,0.10606066,0.18912223,0.16693585,0.1399976401105523,0.10973627138452378,False
1982-11-22 15:00:00,0.04271862,0.15908436,0.14483297,0.09117175413668156,0.10916254557937156,False
1982-11-22 16:00:00,0.002989087,0.14725138,0.13492627,0.06334648216119967,0.10866173831152504,False
1982-11-22 17:00:00,0.0,0.14483346,0.13191138,0.060566761538386346,0.10827995465050962,False
1982-11-22 18:00:00,0.0,0.14428559,0.13141198,0.06033762967586517,0.10804067115772094,False
1982-11-22 19:00:00,0.0,0.14356874,0.1295157,0.059970712199807166,0.10796136629774745,False
1982-11-22 20:00:00,0.0,0.14265975,0.12853251,0.05958220481872559,0.10795904246538457,False
1982-11-22 21:00:00,0.0,0.14291261,0.12922032,0.05971265096962452,0.10800952192961749,False
1982-11-22 22:00:00,0.0,0.14437136,0.13036098,0.06031252473592758,0.10811120551272807,False
1982-11-22 23:00:00,0.0,0.14250995,0.12922004,0.05956405444443226,0.10800833603001712,False
1982-11-23 00:00:00,0.0,0.13869692,0.12608722,0.057987874701619146,0.10798743194907484,False
1982-11-23 01:00:00,0.0,0.13818684,0.1257132,0.05777945753931999,0.10805032642006455,False
1982-11-23 02:00:00,0.0,0.14132862,0.12885447,0.05910840131342411,0.10821720451309857,False
1982-11-23 03:00:00,0.0,0.14199838,0.12954023,0.059392575055360795,0.10844188937924383,False
1982-11-23 04:00:00,0.0,0.14408357,0.13125782,0.060254761084914205,0.10880684448413132,False
1982-11-23 05:00:00,0.0,0.14502862,0.13074665,0.060575880110263824,0.10944196367270825,False
1982-11-23 06:00:00,0.0,0.14595611,0.13056785,0.06090846987068653,0.11028152124590752,False
1982-11-23 07:00:00,0.0014738556,0.14786816,0.13208605,0.06254641127993818,0.1112946484257239,False
1982-11-23 08:00:00,0.032458995,0.15239854,0.1358194,0.08229814957454801,0.11242651813679062,False
1982-11-23 09:00:00,0.09537081,0.15941851,0.14102834,0.1214699157103896,0.11360767835223425,False
1982-11-23 10:00:00,0.15567325,0.15788591,0.1397641,0.155630627438426,0.11501583001700538,False
1982-11-23 11:00:00,0.19138609,0.16693681,0.1461509,0.17992160655558107,0.11657352606703836,False
1982-11-23 12:00:00,0.19304231,0.1553957,0.13423088,0.17597489325702187,0.11799358350814627,False
1982-11-23 13:00:00,0.16273795,0.14367582,0.12141071,0.15347235324978828,0.1193442158134033,False
1982-11-23 14:00:00,0.10905627,0.14210255,0.118148446,0.12174132739752531,0.12061112849817919,False
1982-11-23 15:00:00,0.046912212,0.13930267,0.112845264,0.08456467613950372,0.12180448730367543,False
1982-11-23 16:00:00,0.003666832,0.15603685,0.12751094,0.06657895167078823,0.12308121966058384,False
1982-11-23 17:00:00,0.0,0.18976508,0.15447967,0.0783652168661356,0.12413794392958512,False
1982-11-23 18:00:00,0.0,0.22478577,0.18518339,0.09294585406780244,0.12487723363429537,False
1982-11-23 19:00:00,0.0,0.2492193,0.20827001,0.1032085018157959,0.1253282935689785,False
1982-11-23 20:00:00,0.0,0.26929095,0.22428666,0.11147984164953231,0.12557071397505928,False
1982-11-23 21:00:00,0.0,0.2872356,0.23921593,0.11890759187936784,0.1256706046495237,False
1982-11-23 22:00:00,0.0,0.28164884,0.23639148,0.11669356378912925,0.12573822728224326,False
1982-11-23 23:00:00,0.0,0.28686574,0.23988448,0.11880722039937973,0.12591205008939135,False
1982-11-24 00:00:00,0.0,0.29666108,0.24754405,0.12283531683683395,0.12602602005616056,False
1982-11-24 01:00:00,0.0,0.31501558,0.2627072,0.13042693957686424,0.12612242045305896,False
1982-11-24 02:00:00,0.0,0.33854827,0.28149998,0.14012531170248985,0.1262379522561677,False
1982-11-24 03:00:00,0.0,0.35971856,0.2989202,0.1488778406381607,0.12640204222087043,False
1982-11-24 04:00:00,0.0,0.38271892,0.32067516,0.1585397406220436,0.12669246746279525,False
1982-11-24 05:00:00,0.0,0.40494823,0.3411467,0.16784782075881957,0.1270479259719722,False
1982-11-24 06:00:00,0.0,0.43331686,0.3660359,0.1796598591506481,0.12750195010245072,False
1982-11-24 07:00:00,0.0013639041,0.45255244,0.38295364,0.1884583189719124,0.12809174870379494,False
1982-11-24 08:00:00,0.032403067,0.46627524,0.3885592,0.21173433129489422,0.12874053591453646,False
1982-11-24 09:00:00,0.08832905,0.47561225,0.39458802,0.247774534702301,0.1294799522802034,False
1982-11-24 10:00:00,0.14052022,0.41340673,0.3463688,0.2523311619758606,0.13027052822828158,False
1982-11-24 11:00:00,0.16308296,0.4163397,0.34997663,0.2666269519329071,0.13082978356096758,False
1982-11-24 12:00:00,0.16027571,0.4070107,0.34327072,0.2612026548832655,0.13140993840801082,False
1982-11-24 13:00:00,0.13283357,0.38842592,0.3285688,0.23771684765815734,0.13204623073613755,False
1982-11-24 14:00:00,0.08671516,0.35492116,0.3014501,0.19727886277437212,0.1327142318433882,False
1982-11-24 15:00:00,0.034177244,0.31979123,0.2728088,0.15245490726828576,0.1332564669597073,False
1982-11-24 16:00:00,0.0025136683,0.27121916,0.2322035,0.11406924707326108,0.1336701535308844,False
1982-11-24 17:00:00,0.0,0.23095243,0.20057818,0.09605266736447811,0.13395317679688487,False
1982-11-24 18:00:00,0.0,0.19667868,0.17433468,0.08198850654065608,0.1339547370043412,False
1982-11-24 19:00:00,0.0,0.17167422,0.15294637,0.07160689169168472,0.1336161250169218,False
1982-11-24 20:00:00,0.0,0.15415205,0.13879353,0.064376957193017,0.13302275142770412,False
1982-11-24 21:00:00,0.0,0.15065524,0.13642137,0.06295853734016418,0.13218044970881346,False
1982-11-24 22:00:00,0.0,0.16474074,0.14567937,0.06865601947903632,0.13107318688322012,False
1982-11-24 23:00:00,0.0,0.15610166,0.13765001,0.06503461284935474,0.12980153604082917,False
1982-11-25 00:00:00,0.0,0.15034024,0.13221377,0.06261509375274181,0.1284350161724553,False
1982-11-25 01:00:00,0.0,0.15242003,0.13114803,0.06332498408854008,0.12688483588349228,False
1982-11-25 02:00:00,0.0,0.16136761,0.1377791,0.06698471961915493,0.12507682250578112,False
1982-11-25 03:00:00,0.0,0.17677845,0.15003219,0.07333298666775226,0.12298884335437944,False
1982-11-25 04:00:00,0.0,0.18651201,0.1572933,0.07731676952540874,0.12067281648095853,False
1982-11-25 05:00:00,0.0,0.19891533,0.16609779,0.0823690383732319,0.11811960335213846,False
1982-11-25 06:00:00,0.0,0.21517847,0.1818138,0.08921880273520946,0.1153359760846772,False
1982-11-25 07:00:00,0.0011093679,0.22417343,0.19126107,0.09368819739553146,0.11231860062292003,False
1982-11-25 08:00:00,0.033137288,0.23763825,0.20335937,0.11779013512656092,0.10911960376456886,False
1982-11-25 09:00:00,0.09460993,0.25258434,0.21525945,0.15941756121814252,0.10569051964588039,False
1982-11-25 10:00:00,0.15212849,0.22816306,0.19452918,0.18247488340735438,0.10204551417046114,False
1982-11-25 11:00:00,0.1857981,0.24243037,0.2056802,0.20776903921365736,0.09887938278268599,False
1982-11-25 12:00:00,0.18874393,0.23529105,0.19980145,0.20651692500710486,0.09578122877010652,False
1982-11-25 13:00:00,0.16238727,0.22122811,0.18899596,0.18553640639781951,0.0928997145927593,False
1982-11-25 14:00:00,0.10812791,0.20553933,0.17657033,0.1477686129808426,0.09034875751355859,False
1982-11-25 15:00:00,0.04231238,0.19248863,0.16627936,0.10442163155600429,0.08815410128568806,False
1982-11-25 16:00:00,0.002540522,0.18924946,0.16416922,0.08016406843881123,0.08624647999592942,False
1982-11-25 17:00:00,0.0,0.18857472,0.16400068,0.07844010682404041,0.08480834983930002,False
1982-11-25 18:00:00,0.0,0.1843055,0.16081014,0.07669247867166996,0.08379353850882511,False
1982-11-25 19:00:00,0.0,0.17953205,0.15702301,0.07472656953334808,0.0831120627772809,False
1982-11-25 20:00:00,0.0,0.17060056,0.14995836,0.0710493591427803,0.0826593849592657,False
1982-11-25 21:00:00,0.0,0.15787259,0.1389628,0.06575897625088692,0.08232920094894257,False
1982-11-25 22:00:00,0.0,0.13371004,0.11695033,0.05565432335436344,0.08198906928615655,False
1982-11-25 23:00:00,0.0,0.12780322,0.11212737,0.053214266717433935,0.08139611259184788,False
1982-11-26 00:00:00,0.0,0.1163263,0.101893656,0.048426662966609,0.08079811081744741,False
1982-11-26 01:00:00,0.0,0.1049937,0.09073374,0.043642297446727756,0.0801622677132302,False
1982-11-26 02:00:00,0.0,0.09596982,0.08313795,0.03990231243520975,0.07944375757908459,False
1982-11-26 03:00:00,0.0,0.09083014,0.07763387,0.03770855071395636,0.07859992660710598,False
1982-11-26 04:00:00,0.0,0.08691952,0.07244831,0.03598551043868065,0.07761116379814233,False
1982-11-26 05:00:00,0.0,0.082845144,0.067849144,0.03423371192067862,0.0765132478269563,False
1982-11-26 06:00:00,0.0,0.08433883,0.068607576,0.03482583698630333,0.07527783199528242,False
1982-11-26 07:00:00,0.00074660906,0.08369684,0.06651003,0.034906469771056436,0.07388562891178774,False
1982-11-26 08:00:00,0.022779558,0.08256537,0.06533089,0.04713829359784722,0.07240319860949956,False
1982-11-26 09:00:00,0.06677295,0.083440006,0.064757705,0.0728142718821764,0.07064982499494837,False
1982-11-26 10:00:00,0.11444146,0.08396121,0.06189713,0.10035685536265374,0.06854332725721411,False
1982-11-26 11:00:00,0.14423293,0.08495604,0.06193296,0.11791555932909249,0.0664317668702981,False
1982-11-26 12:00:00,0.15188748,0.08632183,0.06292861,0.12288997437059879,0.06420425917613941,False
1982-11-26 13:00:00,0.13864285,0.08637836,0.062969826,0.11527090785652397,0.06201693076378665,False
1982-11-26 14:00:00,0.093242,0.093247026,0.06901072,0.09193536383658647,0.05998466993730825,True
1982-11-26 15:00:00,0.03553553,0.098352216,0.07579847,0.060889085359871385,0.058134078751727936,True
1982-11-26 16:00:00,0.0019120475,0.10640094,0.0865519,0.04503899955505039,0.056598185729567575,True
1982-11-26 17:00:00,0.0,0.1138199,0.098929286,0.04734172350168228,0.055259250166360185,True
1982-11-26 18:00:00,0.0,0.11819267,0.10489954,0.04927767142653465,0.053941906246356565,True
1982-11-26 19:00:00,0.0,0.11950509,0.107055135,0.04987835642695427,0.05266393881919784,True
1982-11-26 20:00:00,0.0,0.11616003,0.10490879,0.048528124697506426,0.05145088680344625,True
1982-11-26 21:00:00,0.0,0.111607775,0.100906454,0.04663221752643585,0.05033601731061926,True
1982-11-26 22:00:00,0.0,0.09635425,0.08591442,0.04019409815222025,0.04933351312438017,True
1982-11-26 23:00:00,0.0,0.08714849,0.077272885,0.03633052767813206,0.04849432371719731,True
1982-11-27 00:00:00,0.0,0.07703709,0.0679248,0.032094624750316145,0.04772202311130231,True
1982-11-27 01:00:00,0.0,0.06916969,0.06134965,0.028836497649550437,0.047044926809612565,True
1982-11-27 02:00:00,0.0,0.06347433,0.05664456,0.026480832964181897,0.04644525019824495,True
1982-11-27 03:00:00,0.0,0.062092155,0.054821603,0.025872371837496758,0.045931375632993786,True
1982-11-27 04:00:00,0.0,0.05909671,0.05203921,0.024616802908480166,0.04552872253372325,True
1982-11-27 05:00:00,0.0,0.055392377,0.04869058,0.02306907845288515,0.04525812018895512,True
1982-11-27 06:00:00,0.0,0.05380847,0.04699499,0.022393054727464917,0.04512533729476845,True
1982-11-27 07:00:00,0.0006019954,0.053331472,0.046386637,0.02253154288569931,0.0450813865326344,True
1982-11-27 08:00:00,0.019944305,0.053240396,0.045826513,0.03362820162810385,0.045142444177868335,True
1982-11-27 09:00:00,0.06115092,0.055286508,0.048534587,0.058305669806897636,0.04522067526911078,True
1982-11-27 10:00:00,0.09986807,0.056500457,0.049026698,0.08111998483538627,0.04536246081795547,True
1982-11-27 11:00:00,0.13828227,0.05088664,0.042270944,0.10084866989403961,0.0456941787340989,True
1982-11-27 12:00:00,0.14271098,0.046459295,0.03773044,0.10152516121417283,0.04600099488872417,True
1982-11-27 13:00:00,0.12373815,0.04031124,0.031780154,0.08798788672685623,0.046190341957813776,True
1982-11-27 14:00:00,0.07560146,0.037312236,0.028703324,0.05894023607298732,0.04611734712151813,True
1982-11-27 15:00:00,0.026815746,0.03708373,0.028558975,0.030698766492307187,0.04603939977083358,True
1982-11-27 16:00:00,0.0011433099,0.037100233,0.028620103,0.01589516140485648,0.0460175886931519,True
1982-11-27 17:00:00,0.0,0.037014864,0.02868729,0.01520759866386652,0.046016545526235166,True
1982-11-27 18:00:00,0.0,0.037385803,0.028790388,0.015350042168051003,0.04592540540361664,True
1982-11-27 19:00:00,0.0,0.040029697,0.03202064,0.016500072777271273,0.045762413851002964,True
1982-11-27 20:00:00,0.0,0.042497408,0.034334816,0.0175356234870851,0.04554055839266515,True
1982-11-27 21:00:00,0.0,0.04275196,0.03450559,0.017638775311410428,0.045280628322175505,True
1982-11-27 22:00:00,0.0,0.037615504,0.0276502,0.015373231809586286,0.0450284921657469,True
1982-11-27 23:00:00,0.0,0.039478425,0.02919072,0.01614383763447404,0.04490523448308817,True
1982-11-28 00:00:00,0.0,0.038992006,0.028481299,0.01592604048550129,0.044863406172505386,True
1982-11-28 01:00:00,0.0,0.036383588,0.026523633,0.014857820101082324,0.04487859705464802,True
1982-11-28 02:00:00,0.0,0.037310485,0.027199341,0.015236333303153514,0.044900564673374214,True
1982-11-28 03:00:00,0.0,0.04490419,0.033547323,0.018381201948970555,0.04490779600666723,True
1982-11-28 04:00:00,0.0,0.056029823,0.04299247,0.022996597889810802,0.04486540506502501,True
1982-11-28 05:00:00,0.0,0.067615576,0.05388862,0.027860132999718186,0.04481118680678196,True
1982-11-28 06:00:00,0.0,0.078980766,0.06615366,0.03271620040386915,0.04477541150922775,True
1982-11-28 07:00:00,0.00046294255,0.09047426,0.07750215,0.03783723674228531,0.0447215549342975,True
1982-11-28 08:00:00,0.014557608,0.10232369,0.0877075,0.05089338597748428,0.04466846523848797,True
1982-11-28 09:00:00,0.053925388,0.11681852,0.09998142,0.07961997822672127,0.04459607174134627,True
1982-11-28 10:00:00,0.10140744,0.13816236,0.12565394,0.11627931533753871,0.04458631437058064,True
1982-11-28 11:00:00,0.12661466,0.14260076,0.12900732,0.1326427347511053,0.04470189845495671,True
1982-11-28 12:00:00,0.1307389,0.13549285,0.12121164,0.13197863368690013,0.044718391152987876,True
1982-11-28 13:00:00,0.10424874,0.12389895,0.109202206,0.11176715571433304,0.04472872119221961,True
1982-11-28 14:00:00,0.070691995,0.11357137,0.10179213,0.0881938910037279,0.04470828604080839,True
1982-11-28 15:00:00,0.025940627,0.10748529,0.096524835,0.059842153631150724,0.04481128091857583,True
1982-11-28 16:00:00,0.001407124,0.10595922,0.094038226,0.04498892754304688,0.044879323882551864,True
1982-11-28 17:00:00,0.0,0.10333108,0.08958942,0.04296699761599302,0.044965368874282756,True
1982-11-28 18:00:00,0.0,0.10004546,0.08402413,0.041454076901078225,0.045051975051551306,True
1982-11-28 19:00:00,0.0,0.09489065,0.078049,0.03922929442673921,0.04511257071015909,True
1982-11-28 20:00:00,0.0,0.087128036,0.07224511,0.036051481314003465,0.04513202914470359,True
1982-11-28 21:00:00,0.0,0.083429925,0.06933407,0.0345296820178628,0.04510136586511992,True
1982-11-28 22:00:00,0.0,0.08316947,0.06644807,0.034277729384601115,0.04502606434389501,True
1982-11-28 23:00:00,0.0,0.0833376,0.066133246,0.03432276877015829,0.04495517620726506,True
1982-11-29 00:00:00,0.0,0.0797489,0.0628971,0.03282378709316253,0.04484024893425423,True
1982-11-29 01:00:00,0.0,0.07276631,0.056299526,0.029890943348407743,0.04471735717335734,True
1982-11-29 02:00:00,0.0,0.06534921,0.050260738,0.026827936962246893,0.04461605512574799,True
1982-11-29 03:00:00,0.0,0.058074042,0.04459787,0.023837606638669965,0.044519458309775405,True
1982-11-29 04:00:00,0.0,0.0535833,0.041520152,0.02201432651281357,0.0443545445223853,True
1982-11-29 05:00:00,0.0,0.051961217,0.040336575,0.021351864170283077,0.04411659796690121,True
1982-11-29 06:00:00,0.0,0.04832488,0.03659368,0.01980793913081288,0.04381983491373733,True
1982-11-29 07:00:00,0.00016610841,0.048605192,0.036149573,0.01998323748684197,0.04343883052343056,True
1982-11-29 08:00:00,0.015656171,0.051618364,0.038380124,0.030153313765302298,0.042970368205111846,True
1982-11-29 09:00:00,0.05992206,0.056725647,0.043157823,0.05783731601014733,0.04237097752207586,True
1982-11-29 10:00:00,0.106692,0.061119284,0.047291115,0.08666802088543774,0.04171337726903154,True
1982-11-29 11:00:00,0.12958877,0.06538909,0.05072271,0.10164031939953565,0.04081248556765113,True
1982-11-29 12:00:00,0.12935379,0.06649162,0.052749224,0.10202100309729575,0.03991996402887944,True
1982-11-29 13:00:00,0.106977046,0.06135467,0.048914272,0.08700699945911765,0.039166488555772296,True
1982-11-29 14:00:00,0.07167885,0.05473966,0.043080747,0.06388399020582437,0.038743519919427795,True
1982-11-29 15:00:00,0.02616788,0.045889206,0.035793416,0.03396482876315713,0.03835915357011067,True
1982-11-29 16:00:00,0.0013786566,0.046941675,0.035339963,0.02002532100793905,0.03788168438854634,True
1982-11-29 17:00:00,0.0,0.047358584,0.034988478,0.019364695172756907,0.03738665889282911,True
1982-11-29 18:00:00,0.0,0.044711445,0.032594644,0.01825863378122449,0.03694648602986909,True
1982-11-29 19:00:00,0.0,0.042692285,0.031122675,0.017434077635407448,0.036572923464795716,True
1982-11-29 20:00:00,0.0,0.039336737,0.028676482,0.016063786067068576,0.036273628754869246,True
1982-11-29 21:00:00,0.0,0.034342483,0.02503567,0.014024302292615176,0.03606401741444334,True
1982-11-29 22:00:00,0.0,0.029313413,0.021369476,0.011970601251348852,0.03588301752028256,True
1982-11-29 23:00:00,0.0,0.026024029,0.018971518,0.010627328529953956,0.035592940688228374,True
1982-11-30 00:00:00,0.0,0.024554532,0.017900253,0.010027235962450504,0.03532443071725047,True
1982-11-30 01:00:00,0.0,0.024476381,0.017843282,0.009995321815833449,0.03508748785346016,True
1982-11-30 02:00:00,0.0,0.025956338,0.018922172,0.010599686136469244,0.03491933772140383,True
1982-11-30 03:00:00,0.0,0.025627354,0.018682342,0.010465340154245495,0.03483678133608974,True
1982-11-30 04:00:00,0.0,0.02834507,0.020663558,0.01157516322657466,0.034810875013565785,True
1982-11-30 05:00:00,0.0,0.03334143,0.024305902,0.013615506447851658,0.034787754301309724,True
1982-11-30 06:00:00,0.0,0.035331026,0.025756318,0.014427989669144154,0.03476300357780619,True
1982-11-30 07:00:00,0.00019575724,0.037314795,0.027202485,0.015351045462986804,0.03476556151672466,True
1982-11-30 08:00:00,0.012524257,0.036477417,0.026592035,0.022122633191756905,0.03478106204345107,True
1982-11-30 09:00:00,0.04994856,0.047101982,0.034337346,0.04805516608059406,0.034898755935704316,True
1982-11-30 10:00:00,0.09027452,0.051297404,0.037395805,0.07303651367127896,0.03531842109916482,True
1982-11-30 11:00:00,0.117532544,0.053837545,0.039247572,0.08980170089006424,0.0361621592986093,True
1982-11-30 12:00:00,0.12690377,0.055313945,0.040323865,0.09581181097775697,0.03711037228759439,True
1982-11-30 13:00:00,0.1167516,0.059013214,0.043020632,0.09146466116979718,0.038084859006324766,True
1982-11-30 14:00:00,0.08163541,0.055442117,0.040417306,0.0697443062365055,0.03912692756452658,True
1982-11-30 15:00:00,0.031963207,0.045255635,0.032991357,0.03692363291606307,0.03993763264437887,True
1982-11-30 16:00:00,0.0016773924,0.049611986,0.03616714,0.02122770374862011,0.04045378560843006,True
1982-11-30 17:00:00,0.0,0.053478252,0.03898565,0.021838700193911792,0.040818206495415864,True
1982-11-30 18:00:00,0.0,0.05760292,0.041992527,0.023523073777556417,0.04124363962798051,True
1982-11-30 19:00:00,0.0,0.060884472,0.04438478,0.024863148350268604,0.041723984107185606,True
1982-11-30 20:00:00,0.0,0.06364422,0.046396643,0.025990136973559855,0.0422217440472883,True
1982-11-30 21:00:00,0.0,0.0632807,0.046131633,0.025841687098145487,0.042704998726767,True
1982-11-30 22:00:00,0.0,0.049842644,0.03633529,0.020354041446000337,0.043197802818423586,True
1982-11-30 23:00:00,0.0,0.05248794,0.038263712,0.021434290163218975,0.04370857544422288,True
1982-12-01 00:00:00,0.0,0.052527707,0.0382927,0.021450529631227254,0.04425039443226669,True
1982-12-01 01:00:00,0.0,0.053431816,0.03895179,0.021819737009704115,0.044808733392899376,True
1982-12-01 02:00:00,0.0,0.055992004,0.04081817,0.022865230467170476,0.045375361291967786,True
1982-12-01 03:00:00,0.0,0.05532807,0.040334165,0.022594103157520293,0.04597496260346052,True
1982-12-01 04:00:00,0.0,0.051190678,0.037318002,0.020904532324522735,0.04661079606813983,True
1982-12-01 05:00:00,0.0,0.049376857,0.03599573,0.02016382944211364,0.04722597825671219,True
1982-12-01 06:00:00,0.0,0.048806023,0.03557959,0.019930720198899507,0.04778507676026456,True
1982-12-01 07:00:00,0.00036298938,0.050243698,0.036627654,0.020727262769709345,0.048343615875157044,True
1982-12-01 08:00:00,0.024254508,0.05340251,0.03893043,0.03580262059345841,0.04890213357345171,True
1982-12-01 09:00:00,0.08541511,0.07027207,0.05122834,0.07798124385625124,0.04962856085032272,True
1982-12-01 10:00:00,0.14772439,0.10267868,0.07485276,0.12716745445877314,0.05059759584108414,True
1982-12-01 11:00:00,0.19180463,0.089339636,0.065128595,0.14715454287081955,0.05185730619379677,True
1982-12-01 12:00:00,0.19875968,0.08353299,0.06089556,0.14879636559635398,0.053264818523626,True
1982-12-01 13:00:00,0.17489132,0.08843537,0.06446938,0.13702629025280474,0.05454887305270307,True
1982-12-01 14:00:00,0.11892031,0.08341183,0.06299722,0.10279783403873444,0.05550806613111606,True
1982-12-01 15:00:00,0.044676423,0.08014532,0.06274539,0.05874017103761434,0.05615677624304827,True
1982-12-01 16:00:00,0.002065968,0.088157296,0.070285514,0.03751752358325757,0.05653792436126357,True
1982-12-01 17:00:00,0.0,0.096492484,0.07740294,0.03978548553586006,0.056751454963607055,True
1982-12-01 18:00:00,0.0,0.10012154,0.08093184,0.04131516878306866,0.05689835731408307,True
1982-12-01 19:00:00,0.0,0.10013379,0.081058994,0.04132655476033688,0.05697325412139976,True
1982-12-01 20:00:00,0.0,0.09518946,0.07657593,0.03926001068204641,0.056961224309194175,True
1982-12-01 21:00:00,0.0,0.091338664,0.073609844,0.03767889869213104,0.05688637995373205,True
1982-12-01 22:00:00,0.0,0.08821456,0.07289841,0.03648768728971481,0.05677118824424901,True
1982-12-01 23:00:00,0.0,0.08877448,0.071793646,0.03663463995605707,0.056654866792519847,True
1982-12-02 00:00:00,0.0,0.0894059,0.071050525,0.03682750607281923,0.0564932878574145,True
1982-12-02 01:00:00,0.0,0.09041679,0.07091974,0.03719346097111702,0.056270061560116984,True
1982-12-02 02:00:00,0.0,0.095437124,0.077115744,0.03938054908812046,0.056015417165963255,True
1982-12-02 03:00:00,0.0,0.09887824,0.08331991,0.040985346458852295,0.055720855807212456,True
1982-12-02 04:00:00,0.0,0.09912648,0.0838192,0.04110390827804804,0.055410203260860685,True
1982-12-02 05:00:00,0.0,0.09760257,0.08216457,0.040452234618365765,0.05512819559618579,True
1982-12-02 06:00:00,0.0,0.09951358,0.083654724,0.041237867183983326,0.054860341209128784,True
1982-12-02 07:00:00,0.00034215738,0.101154536,0.08586012,0.04215989498113049,0.054606300445764616,True
1982-12-02 08:00:00,0.026569478,0.10041352,0.085332654,0.05699114248156547,0.05432867463686547,True
1982-12-02 09:00:00,0.098586105,0.090861246,0.07697895,0.09456884563714266,0.05395544042970563,True
1982-12-02 10:00:00,0.16942748,0.08671423,0.06935928,0.13350261060148477,0.05324526477487413,True
1982-12-02 11:00:00,0.21724392,0.07796482,0.060065363,0.15736229272186755,0.0520418087576272,True
1982-12-02 12:00:00,0.22348769,0.06954529,0.052441087,0.15744642837345602,0.0507644773871161,True
1982-12-02 13:00:00,0.19141456,0.06616302,0.04899206,0.13750592893362043,0.04948131176500159,True
1982-12-02 14:00:00,0.12546793,0.06968526,0.051361814,0.10088239160925148,0.048169306187111315,True
1982-12-02 15:00:00,0.045054596,0.071468115,0.052787155,0.05521874259039759,0.0470328170449326,True
1982-12-02 16:00:00,0.002101581,0.073975064,0.054958552,0.031477172661107035,0.04621910839574106,True
1982-12-02 17:00:00,0.0,0.07062159,0.052419394,0.02889001301676035,0.0455247354906211,True
1982-12-02 18:00:00,0.0,0.06632908,0.048938725,0.02711812052875757,0.044781356316995376,True
1982-12-02 19:00:00,0.0,0.059441913,0.0435491,0.024285717364400626,0.04401613486186093,True
1982-12-02 20:00:00,0.0,0.054819953,0.040167507,0.022397607911378146,0.04324569438992026,True
1982-12-02 21:00:00,0.0,0.0496928,0.036589675,0.02031248504295945,0.04251440018089911,True
1982-12-02 22:00:00,0.0,0.036166552,0.026391739,0.014770611763000489,0.04180858430429785,True
1982-12-02 23:00:00,0.0,0.03349569,0.02441836,0.013678501278162003,0.04109890933757256,True
1982-12-03 00:00:00,0.0,0.026289327,0.01916492,0.010735667360946537,0.04037431334442649,True
1982-12-03 01:00:00,0.0,0.023500502,0.017131867,0.009596806090325117,0.039633051307919824,True
1982-12-03 02:00:00,0.0,0.021368785,0.015577845,0.008726285247132183,0.03888029219175646,True
1982-12-03 03:00:00,0.0,0.018813469,0.013715019,0.007682780932635068,0.03808273958569466,True
1982-12-03 04:00:00,0.0,0.018043041,0.013153374,0.007368164420127869,0.03726331816162987,True
1982-12-03 05:00:00,0.0,0.017892819,0.013043865,0.0073068188633769755,0.036460475331700444,True
1982-12-03 06:00:00,0.0,0.01894566,0.013811386,0.007736763557419181,0.03569085263315778,True
1982-12-03 07:00:00,0.00027793265,0.017731292,0.012926111,0.007401223942550132,0.03493455078552201,True
1982-12-03 08:00:00,0.019548036,0.016181959,0.011796648,0.017887378649786116,0.03419538380195989,True
1982-12-03 09:00:00,0.06675844,0.013157788,0.009592027,0.04389281242433935,0.033393779349455734,True
1982-12-03 10:00:00,0.11450816,0.008155325,0.005945232,0.06940156563092023,0.032367744326572676,True
1982-12-03 11:00:00,0.14449874,0.0060408227,0.0044037597,0.08584263708628714,0.03090273394323168,True
1982-12-03 12:00:00,0.14790453,0.004563313,0.0033266544,0.08720441573485731,0.029260918866300303,True
1982-12-03 13:00:00,0.12487171,0.004895233,0.0035686246,0.07405002251407132,0.027675633009252104,True
1982-12-03 14:00:00,0.07970377,0.0055275895,0.0040296125,0.04824635521415621,0.02633750441096161,True
1982-12-03 15:00:00,0.029616049,0.0063514,0.0046301703,0.01968215587642044,0.025288825473806942,True
1982-12-03 16:00:00,0.0013478264,0.008350177,0.006087279,0.0041876241374993696,0.02465396239172028,True
1982-12-03 17:00:00,0.0,0.010048058,0.007325034,0.0041032852018252014,0.02424122423482002,True
1982-12-03 18:00:00,0.0,0.011226544,0.008184151,0.00458453893661499,0.023910544622120125,True
1982-12-03 19:00:00,0.0,0.010640974,0.007757271,0.004345412107184529,0.02366421611387157,True
1982-12-03 20:00:00,0.0,0.01018177,0.0074225115,0.00415788864903152,0.0235368239345389,True
1982-12-03 21:00:00,0.0,0.009304733,0.0067831506,0.0037997366152703765,0.023509147263959657,True
1982-12-03 22:00:00,0.0,0.0059341104,0.004325966,0.0024232888869009915,0.02359776943143332,True
1982-12-03 23:00:00,0.0,0.004540124,0.0033097507,0.0018540322850458322,0.02373297010235363,True
1982-12-04 00:00:00,0.0,0.0030534577,0.0022259708,0.001246928320499137,0.02391057853949131,True
1982-12-04 01:00:00,0.0,0.0025982168,0.0018941002,0.001061023395275697,0.024191942572140746,True
1982-12-04 02:00:00,0.0,0.0026888233,0.001960152,0.0010980239971540868,0.02453011601349679,True
1982-12-04 03:00:00,0.0,0.0040481286,0.002951086,0.0016531181037425994,0.024908394610638405,True
1982-12-04 04:00:00,0.0,0.0062871356,0.004583322,0.002567452441435307,0.025338558900066328,True
1982-12-04 05:00:00,0.0,0.008596076,0.00626654,0.0035103450883179903,0.025804487720493836,True
1982-12-04 06:00:00,0.0,0.012085674,0.008810457,0.004935378497466445,0.026319922539651073,True
1982-12-04 07:00:00,0.00021399604,0.016055215,0.011704253,0.006679879770148546,0.02689116783639291,True
1982-12-04 08:00:00,0.016375694,0.022199089,0.016183136,0.01851412876136601,0.02751713307568721,True
1982-12-04 09:00:00,0.060039528,0.02614409,0.01905904,0.04531916453875601,0.028199242389743015,True
1982-12-04 10:00:00,0.101975314,0.01063349,0.007751815,0.06318211220111697,0.02906825044421474,True
1982-12-04 11:00:00,0.13019739,0.008402449,0.0061253845,0.07855516902916132,0.03003727097702751,True
1982-12-04 12:00:00,0.13516589,0.00823279,0.006001704,0.08135270723514258,0.03122387483279604,True
1982-12-04 13:00:00,0.119526334,0.010551959,0.007692379,0.07327575621567667,0.03260495184305818,True
1982-12-04 14:00:00,0.07689382,0.015128751,0.011028861,0.05054580262582749,0.03402616335299443,True
1982-12-04 15:00:00,0.028021926,0.021002393,0.015310745,0.02474531465023756,0.03544820683248841,True
1982-12-04 16:00:00,0.0013945039,0.026596515,0.019388862,0.011665741129894741,0.036725645698404745,True
1982-12-04 17:00:00,0.0,0.031876776,0.023238169,0.013017391607165337,0.037996289301582685,True
1982-12-04 18:00:00,0.0,0.03745256,0.027302917,0.015294352132827043,0.03932543202557189,True
1982-12-04 19:00:00,0.0,0.044485133,0.03251627,0.018170892756432296,0.04072969522674156,True
1982-12-04 20:00:00,0.0,0.051487863,0.0383353,0.021069127723574638,0.042162364253169465,True
1982-12-04 21:00:00,0.0,0.05977889,0.0464433,0.02456634908169508,0.043580758776260144,True
1982-12-04 22:00:00,0.0,0.051819764,0.0396065,0.021260243967175484,0.04488864133737569,True
1982-12-04 23:00:00,0.0,0.053900275,0.042861197,0.02220370626077056,0.046196506271785426,True
1982-12-05 00:00:00,0.0,0.05879726,0.04712875,0.02424114092811942,0.04741950548676594,True
1982-12-05 01:00:00,0.0,0.06265562,0.050170507,0.025829131275415418,0.04857920917698993,True
1982-12-05 02:00:00,0.0,0.065224074,0.05214768,0.02688365790992975,0.049629229886550996,True
1982-12-05 03:00:00,0.0,0.0689339,0.053593684,0.028330666825175287,0.05051709567342822,True
1982-12-05 04:00:00,0.0,0.07220522,0.057204083,0.029732747800648215,0.0512913416959991,True
1982-12-05 05:00:00,0.0,0.077414274,0.0644782,0.03204769018292427,0.05199290260641191,True
1982-12-05 06:00:00,0.0,0.0847124,0.07217892,0.0351565378010273,0.05266414819544934,True
1982-12-05 07:00:00,0.00017967944,0.08992181,0.07708764,0.03744755542867643,0.05330327706473235,True
1982-12-05 08:00:00,0.017129105,0.097998135,0.08488557,0.05062862572446465,0.053897973414109096,True
1982-12-05 09:00:00,0.06815069,0.11121524,0.09710789,0.08560519903898238,0.0543572794058576,True
1982-12-05 10:00:00,0.11868556,0.11409683,0.098726936,0.1159145512059331,0.05457679023846503,True
1982-12-05 11:00:00,0.15643986,0.12637472,0.10928802,0.14279962216317652,0.054694055656889146,True
1982-12-05 12:00:00,0.17047006,0.13268723,0.114320405,0.1534961122274399,0.054772543072260295,True
1982-12-05 13:00:00,0.15102711,0.13252944,0.11522534,0.14226817499101163,0.05485625630359694,True
1982-12-05 14:00:00,0.10170111,0.13871652,0.12289826,0.11650444222986697,0.05503519145308746,True
1982-12-05 15:00:00,0.037754726,0.14180954,0.1275375,0.08099922144040465,0.05541320727063794,True
1982-12-05 16:00:00,0.0018476787,0.15358335,0.13778058,0.06517851709004026,0.05603151194728586,True
1982-12-05 17:00:00,0.0,0.1627508,0.14531653,0.06790213595330714,0.056764275084888745,True
1982-12-05 18:00:00,0.0,0.1729184,0.1515238,0.07198917259275914,0.057433148077396856,True
1982-12-05 19:00:00,0.0,0.17601375,0.15119353,0.07311352537572384,0.05800813224672916,True
1982-12-05 20:00:00,0.0,0.17416011,0.147699,0.07224082575738429,0.058483718144880785,True
1982-12-05 21:00:00,0.0,0.16076133,0.13439204,0.06657809954881667,0.05886669418652187,True
1982-12-05 22:00:00,0.0,0.15755726,0.13078102,0.0652008057385683,0.059123250163799324,True
1982-12-05 23:00:00,0.0,0.1462209,0.122268245,0.06055799460411072,0.05923661546007375,True
1982-12-06 00:00:00,0.0,0.1376774,0.113143414,0.05691270545125008,0.05921861238236184,True
1982-12-06 01:00:00,0.0,0.12458972,0.101637244,0.05146201745420694,0.05901776867121103,True
1982-12-06 02:00:00,0.0,0.10591302,0.085808836,0.04371558176726103,0.05867634715122281,True
1982-12-06 03:00:00,0.0,0.09392055,0.07704155,0.03881692718714476,0.05824073406262201,True
1982-12-06 04:00:00,0.0,0.08792967,0.070302345,0.03624237614125013,0.05772472861152952,True
1982-12-06 05:00:00,0.0,0.086816125,0.06842562,0.03573013336211443,0.05714703216013609,True
1982-12-06 06:00:00,0.0,0.08662096,0.06760058,0.03561356422305107,0.05650232639201446,True
1982-12-06 07:00:00,0.00015939491,0.085485466,0.06646661,0.03522530454023218,0.055785025585761705,True
1982-12-06 08:00:00,0.009682867,0.08520529,0.06542688,0.040560816365294156,0.05501868774482446,True
1982-12-06 09:00:00,0.034267172,0.08794026,0.06728833,0.05585568450391292,0.05406791608921358,True
1982-12-06 10:00:00,0.05582456,0.08913945,0.06865974,0.06881085228547454,0.052744843554819516,True
1982-12-06 11:00:00,0.06969327,0.102263086,0.081008725,0.08232256496697664,0.05114380903254951,True
1982-12-06 12:00:00,0.07138348,0.10706071,0.08661613,0.0853709423393011,0.04927625501877695,True
1982-12-06 13:00:00,0.06214503,0.110827245,0.09466127,0.08186464339122176,0.04737676203658406,True
1982-12-06 14:00:00,0.038496032,0.111764364,0.096987054,0.06869056186825037,0.0456829019943647,True
1982-12-06 15:00:00,0.01282086,0.1128702,0.09957775,0.05442393912933766,0.04432430213142719,True
1982-12-06 16:00:00,0.0003068035,0.11211979,0.09794713,0.04683837173483335,0.04340326730002872,True
1982-12-06 17:00:00,0.0,0.108593896,0.09355829,0.04512329524755478,0.04275224977051956,True
1982-12-06 18:00:00,0.0,0.103287406,0.08852851,0.04289359226077795,0.04219231760427472,True
1982-12-06 19:00:00,0.0,0.09867352,0.084971964,0.04099901586771011,0.0417392233509582,True
1982-12-06 20:00:00,0.0,0.094982006,0.081548475,0.03945197772234678,0.04145285873040673,True
1982-12-06 21:00:00,0.0,0.08899587,0.07484373,0.03688103599101305,0.04134244166240212,True
1982-12-06 22:00:00,0.0,0.06452044,0.053587694,0.026701778188347815,0.04148004909902927,True
1982-12-06 23:00:00,0.0,0.051789146,0.041284513,0.02133955853059888,0.04164662116877851,True
1982-12-07 00:00:00,0.0,0.035710048,0.026363613,0.014600642792880534,0.04196234646178898,True
1982-12-07 01:00:00,0.0,0.023118718,0.016853547,0.009440898315981031,0.04242943120673415,True
1982-12-07 02:00:00,0.0,0.014629596,0.010664977,0.0059742296570912,0.04314747560182702,True
1982-12-07 03:00:00,0.0,0.00872356,0.0063594743,0.0035624051727354525,0.04413333631232497,True
1982-12-07 04:00:00,0.0,0.004905693,0.00357625,0.002003318133763969,0.045333517436591204,True
1982-12-07 05:00:00,0.0,0.0026981025,0.0019669165,0.001101813313085586,0.04656296842098353,True
1982-12-07 06:00:00,0.0,0.0017780596,0.0012962054,0.000726099100895226,0.04769873651927454,True
1982-12-07 07:00:00,5.0279126e-05,0.0015533321,0.001132379,0.000663339063688909,0.048755819229130866,True
1982-12-07 08:00:00,0.007114886,0.00217035,0.0015821852,0.004991586255142465,0.049701250650380946,True
1982-12-07 09:00:00,0.03524423,0.0043142587,0.0031450947,0.022097717388067394,0.05046185866128689,True
1982-12-07 10:00:00,0.060460147,0.010234421,0.0074608927,0.03906489413697273,0.05112897552245643,True
1982-12-07 11:00:00,0.07885029,0.01875869,0.013675085,0.053157029502093785,0.05186835328239673,True
1982-12-07 12:00:00,0.086406454,0.030517971,0.022273954,0.06232044908218086,0.05277431694509808,True
1982-12-07 13:00:00,0.07164643,0.04776819,0.036971126,0.060962892964482304,0.05381960345647955,True
1982-12-07 14:00:00,0.04504402,0.061153363,0.05066034,0.05129164880886674,0.05465134085053614,True
1982-12-07 15:00:00,0.01506282,0.06747103,0.05928691,0.03678954953327775,0.055131578546855964,True
1982-12-07 16:00:00,0.0005680821,0.08058776,0.07157424,0.033929675673600286,0.05526598296301321,True
1982-12-07 17:00:00,0.0,0.09866788,0.08549895,0.04102539197355509,0.055257012322231576,True
1982-12-07 18:00:00,0.0,0.12104885,0.10321522,0.05024064843356609,0.05531255857568552,True
1982-12-07 19:00:00,0.0,0.14323385,0.1206432,0.05936802358925342,0.05546274550134634,True
1982-12-07 20:00:00,0.0,0.16150738,0.13601078,0.0669408064931631,0.05569980753274953,True
1982-12-07 21:00:00,0.0,0.17668119,0.14792402,0.07318325650691987,0.05599746332984736,True
1982-12-07 22:00:00,0.0,0.17670582,0.1479966,0.07319626508653163,0.05636223302843368,True
1982-12-07 23:00:00,0.0,0.18269926,0.15364408,0.07571280866861343,0.056799770856428344,True
1982-12-08 00:00:00,0.0,0.1913237,0.16174683,0.07933277320861816,0.05735116605638844,True
1982-12-08 01:00:00,0.0,0.20735446,0.17433989,0.08592814841866493,0.0580194505624598,True
1982-12-08 02:00:00,0.0,0.21955293,0.18559006,0.09103689587116241,0.05877971510499568,True
1982-12-08 03:00:00,0.0,0.23271734,0.19542453,0.09642562115192413,0.05956850210051137,True
1982-12-08 04:00:00,0.0,0.2299041,0.19298908,0.09525602339208127,0.060388743206952616,False
1982-12-08 05:00:00,0.0,0.21769442,0.18366227,0.0902470020800829,0.061234327891877306,False
1982-12-08 06:00:00,0.0,0.2082224,0.17628643,0.08635353429615497,0.06213367950911137,False
1982-12-08 07:00:00,4.2384298e-05,0.19416733,0.16544096,0.08060601276023589,0.06314607683662993,False
1982-12-08 08:00:00,0.0052581597,0.17848231,0.15140872,0.07707000088877976,0.06431562797746695,False
1982-12-08 09:00:00,0.03143987,0.16819157,0.14210741,0.0878772938400507,0.06576020516185145,False
1982-12-08 10:00:00,0.071733706,0.15198427,0.12645258,0.10430098476260899,0.06770826580030705,False
1982-12-08 11:00:00,0.10648254,0.15556403,0.12898645,0.12580882077664135,0.07002772241460874,False
1982-12-08 12:00:00,0.12265064,0.15654555,0.12981424,0.13554469488561152,0.07269478780483919,False
1982-12-08 13:00:00,0.104761355,0.14813541,0.12368094,0.12178803830593823,0.07545515058180564,False
1982-12-08 14:00:00,0.065567724,0.12995784,0.11027688,0.09174197129160166,0.07823732550215845,False
1982-12-08 15:00:00,0.021659788,0.11641922,0.10035115,0.06087535110488534,0.08109278095232882,False
1982-12-08 16:00:00,0.000627207,0.1107085,0.09619346,0.046407780977315266,0.08380876675619371,False
1982-12-08 17:00:00,0.0,0.1150003,0.09915564,0.047789515413343905,0.08635295185180107,False
1982-12-08 18:00:00,0.0,0.1206176,0.10360502,0.050102564692497256,0.08863191108558054,False
1982-12-08 19:00:00,0.0,0.12606438,0.108522944,0.052377993375062944,0.09068421141303802,False
1982-12-08 20:00:00,0.0,0.12931992,0.11148898,0.053739455983042715,0.09247435167025501,False
1982-12-08 21:00:00,0.0,0.13093488,0.112500206,0.05438998152315617,0.09407314523182536,False
1982-12-08 22:00:00,0.0,0.11467906,0.09975964,0.04770359393209219,0.09552610674559797,False
1982-12-08 23:00:00,0.0,0.114930905,0.09994489,0.047806528128683565,0.09727223889868435,False
1982-12-09 00:00:00,0.0,0.11224407,0.097411804,0.04667829908430576,0.09899923165481266,False
1982-12-09 01:00:00,0.0,0.110508084,0.09548358,0.04593359635770321,0.1007995333966213,False
1982-12-09 02:00:00,0.0,0.105411105,0.09146866,0.04383600544184446,0.1027742989432412,False
1982-12-09 03:00:00,0.0,0.10329103,0.08925165,0.04293397828191518,0.10507502805407819,False
1982-12-09 04:00:00,0.0,0.10265334,0.08726483,0.042591383010149,0.10770323769714411,False
1982-12-09 05:00:00,0.0,0.10707132,0.088173606,0.044270690940320497,0.11071698027722265,False
1982-12-09 06:00:00,0.0,0.11936465,0.09769658,0.04932117082178593,0.11425712742622669,False
1982-12-09 07:00:00,3.129119e-05,0.13753454,0.111731336,0.05680179382386632,0.11827129468008603,False
1982-12-09 08:00:00,0.011251923,0.16428033,0.13369429,0.0743312911055982,0.1225016731306537,False
1982-12-09 09:00:00,0.05660165,0.20085493,0.16351865,0.11560462803393602,0.1269570425296023,False
1982-12-09 10:00:00,0.09814641,0.22663014,0.18781136,0.1503988116234541,0.13164680347929777,False
1982-12-09 11:00:00,0.11496967,0.27775088,0.22867766,0.1811761682331562,0.13592819617530089,False
1982-12-09 12:00:00,0.11179663,0.3150865,0.2600793,0.1948178623765707,0.1402484320040147,False
1982-12-09 13:00:00,0.08762431,0.3483993,0.2849762,0.19450728914141655,0.1443201706480521,False
1982-12-09 14:00:00,0.06143389,0.37076795,0.2980145,0.18835351041704418,0.1479630638197661,False
1982-12-09 15:00:00,0.02363773,0.37306094,0.29367426,0.16715686811879274,0.1513076581526213,False
1982-12-09 16:00:00,0.0011204898,0.37763578,0.2973414,0.1560505602627527,0.15426428988774374,False
1982-12-09 17:00:00,0.0,0.36518168,0.29006284,0.15041543519496917,0.1571643412678197,False
1982-12-09 18:00:00,0.0,0.3605567,0.29084527,0.14875106415152548,0.1602687109086357,False
1982-12-09 19:00:00,0.0,0.35167432,0.2875358,0.14529475593566896,0.16353096785132512,False
1982-12-09 20:00:00,0.0,0.34758395,0.2856374,0.14368289744853974,0.1668397701784663,False
1982-12-09 21:00:00,0.0,0.34573713,0.2842298,0.142925409168005,0.17002201126345173,False
1982-12-09 22:00:00,0.0,0.3797053,0.3129509,0.15701060843467712,0.17289854829122053,False
1982-12-09 23:00:00,0.0,0.38347918,0.31675267,0.15860846096277237,0.1753923884170756,False
1982-12-10 00:00:00,0.0,0.40017408,0.33487076,0.16574725681543348,0.1774531808040731,False
1982-12-10 01:00:00,0.0,0.43546978,0.37089902,0.18071689465641977,0.17933799984321672,False
1982-12-10 02:00:00,0.0,0.48498207,0.41691682,0.2014718931913376,0.18109030776579604,False
1982-12-10 03:00:00,0.0,0.5355382,0.462335,0.22257968401908873,0.18272318203250618,False
1982-12-10 04:00:00,0.0,0.5772362,0.49843553,0.23991566723585128,0.1843172699363597,False
1982-12-10 05:00:00,0.0,0.6258197,0.54160374,0.26017406523227693,0.18583850074947553,False
1982-12-10 06:00:00,0.0,0.6708515,0.5831361,0.2790335624814033,0.18732403876601458,False
1982-12-10 07:00:00,4.275887e-05,0.6820635,0.59181607,0.28366417838748387,0.1887084259769574,False
1982-12-10 08:00:00,0.009339499,0.6874463,0.5902066,0.2909277320383116,0.18990001814906765,False
1982-12-10 09:00:00,0.04691037,0.68826103,0.59167063,0.3129858194254339,0.19090127169157736,False
1982-12-10 10:00:00,0.089624606,0.62346333,0.5191938,0.30980783417075874,0.1915270050725594,False
1982-12-10 11:00:00,0.11569351,0.6436759,0.5353439,0.33318014055490497,0.19234482850385878,False
1982-12-10 12:00:00,0.121927,0.6303894,0.51893675,0.33098814979940655,0.19318706679098976,False
1982-12-10 13:00:00,0.106096685,0.56952757,0.46802688,0.29664691054821013,0.1935479392204749,False
1982-12-10 14:00:00,0.070040956,0.5125092,0.42135116,0.252282499268651,0.19347747040248212,False
1982-12-10 15:00:00,0.023194265,0.45804015,0.3776624,0.202793674390763,0.19276789859825172,False
1982-12-10 16:00:00,0.0009284207,0.4481663,0.36483666,0.18561024722096045,0.1918217684052579,False
1982-12-10 17:00:00,0.0,0.47744226,0.38190857,0.19679925817251206,0.19059129652767295,False
1982-12-10 18:00:00,0.0,0.50134933,0.40172213,0.20669089794158935,0.18943170552248922,False
1982-12-10 19:00:00,0.0,0.5125171,0.40892032,0.21120050507783888,0.18824199318713364,False
1982-12-10 20:00:00,0.0,0.500885,0.40111962,0.2064870280623436,0.18710155426072742,False
1982-12-10 21:00:00,0.0,0.46680042,0.3743408,0.1924637588560581,0.18599492057240422,False
1982-12-10 22:00:00,0.0,0.40564683,0.32822666,0.167407919973135,0.18489685675981307,False
1982-12-10 23:00:00,0.0,0.35535896,0.28883532,0.14672456270456316,0.18332579807764704,False
1982-12-11 00:00:00,0.0,0.3323382,0.26882985,0.1371496129631996,0.18173457550085004,False
1982-12-11 01:00:00,0.0,0.31513527,0.25480485,0.13004437664151192,0.17998566590915288,False
1982-12-11 02:00:00,0.0,0.29615313,0.23950863,0.12221397024393081,0.17792123303948756,False
1982-12-11 03:00:00,0.0,0.2893421,0.23486964,0.11945019766688346,0.1753380040024858,False
1982-12-11 04:00:00,0.0,0.28002843,0.22740686,0.1156104620397091,0.17220417136712785,False
1982-12-11 05:00:00,0.0,0.28022388,0.2254427,0.11557651573419571,0.168476320775364,False
1982-12-11 06:00:00,0.0,0.2807534,0.22543983,0.11577175694704056,0.16412107549575014,False
1982-12-11 07:00:00,3.6708087e-05,0.2766351,0.22034596,0.11399821808515843,0.15921955123278167,False
1982-12-11 08:00:00,0.0129912915,0.2789663,0.22142442,0.1223914611460641,0.15413648901266305,False
1982-12-11 09:00:00,0.0570274,0.2739746,0.21552582,0.14563983032107353,0.14903701331976363,False
1982-12-11 10:00:00,0.10701951,0.31083825,0.2445327,0.18965433632582424,0.14401031457840027,False
1982-12-11 11:00:00,0.13513035,0.34915766,0.27396703,0.2216036060154438,0.13947037288505457,False
1982-12-11 12:00:00,0.13302492,0.3292087,0.25752503,0.2121397389918566,0.13480259237257636,False
1982-12-11 13:00:00,0.11626569,0.30177543,0.23489536,0.19112478587776421,0.13013075738576424,False
1982-12-11 14:00:00,0.07071579,0.27599552,0.21571673,0.1542940638139844,0.1258897687427004,False
1982-12-11 15:00:00,0.026432272,0.25880805,0.20353757,0.12174261885508894,0.1220178790372411,False
1982-12-11 16:00:00,0.0011876246,0.23368734,0.18651892,0.09698791013867593,0.11861750969529022,False
1982-12-11 17:00:00,0.0,0.22962971,0.18558711,0.09475506694614887,0.11527639074256273,False
1982-12-11 18:00:00,0.0,0.22200961,0.18006156,0.09164487205445766,0.11168997436208279,False
1982-12-11 19:00:00,0.0,0.21923621,0.17880604,0.09055368746817112,0.10785279681422377,False
1982-12-11 20:00:00,0.0,0.21914421,0.17963457,0.09056448040902615,0.10388622841034645,False
1982-12-11 21:00:00,0.0,0.2181928,0.17972597,0.09021834616363048,0.09997140209475162,False
1982-12-11 22:00:00,0.0,0.19691275,0.16553679,0.0815997916907072,0.09630227677133496,False
1982-12-11 23:00:00,0.0,0.19843447,0.16680476,0.08222977727651597,0.09311477834503729,False
1982-12-12 00:00:00,0.0,0.19757448,0.16471505,0.08179959641397,0.09030436841380413,False
1982-12-12 01:00:00,0.0,0.19743933,0.16238898,0.08162411691248417,0.08763448280962745,False
1982-12-12 02:00:00,0.0,0.18773165,0.15192443,0.0774768994152546,0.0850636006062208,False
1982-12-12 03:00:00,0.0,0.17512077,0.13955839,0.0721557175219059,0.08262323547474204,False
1982-12-12 04:00:00,0.0,0.1482055,0.11650015,0.060978838831186294,0.08021998581091737,False
1982-12-12 05:00:00,0.0,0.12409859,0.098702066,0.051122291810810565,0.07787869562830872,False
1982-12-12 06:00:00,0.0,0.106149904,0.08502006,0.043760397858917714,0.07553528414273149,False
1982-12-12 07:00:00,5.0336752e-05,0.09621132,0.07678092,0.039677191821789165,0.07318780190214727,False
1982-12-12 08:00:00,0.014138376,0.09229477,0.07293123,0.04615289877913892,0.07087931956850893,False
1982-12-12 09:00:00,0.058969125,0.09160425,0.07179865,0.07170427983999253,0.06853435330481432,False
1982-12-12 10:00:00,0.10579841,0.0751611,0.057601955,0.09189063289016484,0.06624760393271076,False
1982-12-12 11:00:00,0.13212553,0.08016944,0.061254147,0.10912667595595121,0.0636531074046748,False
1982-12-12 12:00:00,0.13034868,0.07698966,0.057772163,0.10674007043242455,0.06075760784477935,False
1982-12-12 13:00:00,0.11109694,0.07073689,0.05323347,0.09307945568114519,0.058096263203658245,True
1982-12-12 14:00:00,0.06732678,0.06750447,0.049538754,0.06643179340660572,0.05559710437872844,True
1982-12-12 15:00:00,0.023708958,0.06339709,0.04633985,0.039575945977121586,0.053317150695389996,True
1982-12-12 16:00:00,0.0010084063,0.060373995,0.044012643,0.025236537490040064,0.05117976383748938,True
1982-12-12 17:00:00,0.0,0.060365632,0.04400655,0.024651271909475324,0.049243815915416426,True
1982-12-12 18:00:00,0.0,0.055113245,0.04017756,0.02250637564435601,0.04733460627233327,True
1982-12-12 19:00:00,0.0,0.050947487,0.03714072,0.02080522169172764,0.045477353886574944,True
1982-12-12 20:00:00,0.0,0.04548705,0.033160064,0.018575364913791418,0.04362666966884463,True
1982-12-12 21:00:00,0.0,0.04002719,0.029179819,0.01634574333205819,0.04176735551306521,True
1982-12-12 22:00:00,0.0,0.035282064,0.025720626,0.014407995510846375,0.03991178888309988,True
1982-12-12 23:00:00,0.0,0.028956588,0.02110935,0.011824886005371809,0.03822960420133787,True
1982-12-13 00:00:00,0.0,0.022027064,0.016057728,0.008995103962719441,0.036545282044772844,True
1982-12-13 01:00:00,0.0,0.016264897,0.01185711,0.006642030877992511,0.03489072538886577,True
1982-12-13 02:00:00,0.0,0.012431113,0.009062282,0.005076443932950496,0.033281940816644436,True
1982-12-13 03:00:00,0.0,0.010025844,0.0073088403,0.0040942138032987714,0.0318051915004373,True
1982-12-13 04:00:00,0.0,0.00790598,0.005763459,0.0032285332744941115,0.030489640657067153,True
1982-12-13 05:00:00,0.0,0.007573511,0.0055210902,0.0030927644264884292,0.02946102957599689,True
1982-12-13 06:00:00,0.0,0.0075731315,0.0055208127,0.00309260939899832,0.028692076421434846,True
1982-12-13 07:00:00,3.9704668e-05,0.00775813,0.005655677,0.0031910660705179905,0.02813116377787557,True
1982-12-13 08:00:00,0.011662741,0.007600238,0.0055405735,0.009833080488722772,0.027689975437612747,True
1982-12-13 09:00:00,0.055993896,0.008735748,0.0063683605,0.035875860460102556,0.02726433792060475,True
1982-12-13 10:00:00,0.10566781,0.010157991,0.007405176,0.06511850298009812,0.0267843453995317,True
1982-12-13 11:00:00,0.13591528,0.010276347,0.007491458,0.08261962714046238,0.026411835836655625,True
1982-12-13 12:00:00,0.1398671,0.009040618,0.0065906113,0.08439519621804356,0.026049599266554393,True
1982-12-13 13:00:00,0.11745202,0.008314473,0.0060612503,0.07116516228113323,0.025917276614133743,True
1982-12-13 14:00:00,0.07262323,0.007230482,0.005271021,0.044856287013739345,0.026036416297411397,True
1982-12-13 15:00:00,0.02757048,0.007933771,0.0057837195,0.019148049675859508,0.026370198391476498,True
1982-12-13 16:00:00,0.0011452115,0.0083298385,0.0060724523,0.004062409879174084,0.026794772634885746,True
1982-12-13 17:00:00,0.0,0.0076230736,0.0055572204,0.0031130040781572462,0.02731594220577885,True
1982-12-13 18:00:00,0.0,0.006114019,0.0044571203,0.0024967575380578635,0.02791542538098206,True
1982-12-13 19:00:00,0.0,0.004213977,0.0030719899,0.001720845017116517,0.028637188201361866,True
1982-12-13 20:00:00,0.0,0.00322603,0.0023517758,0.0013174009316135199,0.029502637185679345,True
1982-12-13 21:00:00,0.0,0.0028189123,0.002054987,0.0011511479252949359,0.030539853528432147,True
1982-12-13 22:00:00,0.0,0.0020935312,0.0015261844,0.0008549269661307335,0.031788072092050285,True
1982-12-13 23:00:00,0.0,0.0033849874,0.002467656,0.001382313761394471,0.0332700463755164,True
1982-12-14 00:00:00,0.0,0.0058302525,0.0042502545,0.0023808769304305318,0.035105043950082335,True
1982-12-14 01:00:00,0.0,0.010780666,0.007859105,0.004402457445859908,0.03726460475573463,True
1982-12-14 02:00:00,0.0,0.016144665,0.0117694605,0.006592932237312197,0.03974658872320929,True
1982-12-14 03:00:00,0.0,0.02206177,0.01608303,0.00900927704013884,0.042533148086570736,True
1982-12-14 04:00:00,0.0,0.028384881,0.020953441,0.011605506939813494,0.04568622161308217,True
1982-12-14 05:00:00,0.0,0.034630984,0.026550135,0.01421254039183259,0.049117858012846266,True
1982-12-14 06:00:00,0.0,0.040940642,0.032027666,0.016836590968072416,0.052857594023079435,True
1982-12-14 07:00:00,2.2531964e-05,0.044783484,0.036334164,0.018500151489173736,0.0569718856023674,True
1982-12-14 08:00:00,0.008132368,0.050852995,0.04194752,0.025722297962754964,0.061381280461752445,False
1982-12-14 09:00:00,0.04001432,0.061915282,0.050548844,0.0486646388284862,0.06603702271327039,False
1982-12-14 10:00:00,0.07543589,0.07379105,0.060273465,0.07401017387211323,0.07065343247145388,False
1982-12-14 11:00:00,0.10003578,0.08242362,0.06674741,0.0917393205910921,0.07432360780018821,False
1982-12-14 12:00:00,0.11070029,0.088443086,0.071833685,0.10038858311623333,0.07838738897416558,False
1982-12-14 13:00:00,0.10190328,0.09664699,0.08031905,0.0987981604784727,0.08278232144297538,False
1982-12-14 14:00:00,0.066616505,0.1059347,0.091216765,0.08245333392173052,0.08776853840669047,False
1982-12-14 15:00:00,0.024215406,0.110292904,0.09787294,0.05995550966076553,0.09338184256994216,False
1982-12-14 16:00:00,0.0011022798,0.11882061,0.106886245,0.05025267689290922,0.09952486013116559,False
1982-12-14 17:00:00,0.0,0.12782705,0.11589414,0.05342646431922913,0.1061078066707171,False
1982-12-14 18:00:00,0.0,0.13669705,0.12425515,0.05715099102258682,0.1129543238923118,False
1982-12-14 19:00:00,0.0,0.14912874,0.13552351,0.062346772938966746,0.11986299960699877,False
1982-12-14 20:00:00,0.0,0.16360511,0.14799008,0.06836174936592579,0.12689934828944868,False
1982-12-14 21:00:00,0.0,0.18278947,0.16316515,0.07626023438572883,0.13410248038614123,False
1982-12-14 22:00:00,0.0,0.20532739,0.1810547,0.08554276111721992,0.14143565012286605,False
1982-12-14 23:00:00,0.0,0.24029706,0.20805839,0.09990476958453655,0.14870412848615275,False
1982-12-15 00:00:00,0.0,0.27104625,0.23403622,0.11265402263402939,0.15607838799585194,False
1982-12-15 01:00:00,0.0,0.3028574,0.25968298,0.12577726131677627,0.16347539202707892,False
1982-12-15 02:00:00,0.0,0.33451906,0.28506964,0.1388312933743,0.1709469477872092,False
1982-12-15 03:00:00,0.0,0.3748178,0.3172959,0.15544174307584763,0.17840876307212353,False
1982-12-15 04:00:00,0.0,0.40544805,0.33956945,0.167947080463171,0.18570599348356087,False
1982-12-15 05:00:00,0.0,0.44099304,0.36803076,0.18260009291768073,0.19299039813796595,False
1982-12-15 06:00:00,0.0,0.48478696,0.40170774,0.20057860520482063,0.20009097839556242,False
1982-12-15 07:00:00,2.23879e-05,0.5196635,0.4272827,0.21484201932100042,0.2071623810156209,False
1982-12-15 08:00:00,0.0077673327,0.55385864,0.45283556,0.23330870856158434,0.21395685234074802,False
1982-12-15 09:00:00,0.03011636,0.5811519,0.47483957,0.2574635288529098,0.2204639036937416,False
1982-12-15 10:00:00,0.04279846,0.5238306,0.43145776,0.24128691875934602,0.226709956045289,False
1982-12-15 11:00:00,0.048437472,0.6029664,0.5044091,0.27768112349137664,0.2323405476322973,False
1982-12-15 12:00:00,0.043610536,0.6513124,0.5528592,0.29535195472091436,0.2381213052044888,False
1982-12-15 13:00:00,0.032870017,0.70138544,0.6060435,0.3105035765394568,0.24383832493768554,False
1982-12-15 14:00:00,0.018187962,0.73030907,0.6354886,0.3142948868498206,0.24937845837125724,False
1982-12-15 15:00:00,0.005857389,0.74597585,0.6549646,0.3140128926145844,0.25436275335791997,False
1982-12-15 16:00:00,0.000249177,0.76766694,0.6783513,0.3200438437776466,0.2586484989823728,False
1982-12-15 17:00:00,0.0,0.7946499,0.71333367,0.33174583071470265,0.26235063453761887,False
1982-12-15 18:00:00,0.0,0.7988347,0.7285777,0.3341131918430328,0.265701850250345,False
1982-12-15 19:00:00,0.0,0.80970883,0.7533893,0.3394655817747116,0.26875034219210997,False
1982-12-15 20:00:00,0.0,0.8260668,0.78239065,0.3470677415728569,0.27158665541930155,False
1982-12-15 21:00:00,0.0,0.8395351,0.80286735,0.3531432952880859,0.27417844335453617,False
1982-12-15 22:00:00,0.0,0.832093,0.7907328,0.3497418884038925,0.2764768112385462,False
1982-12-15 23:00:00,0.0,0.8441693,0.8120054,0.3553467702269554,0.2783169440412711,False
1982-12-16 00:00:00,0.0,0.8481938,0.8232139,0.35743707042932504,0.27982885489610987,False
1982-12-16 01:00:00,0.0,0.861058,0.8390136,0.3630371339321137,0.2809251613896157,False
1982-12-16 02:00:00,0.0,0.86487806,0.84481597,0.36476006591320037,0.2815784242581393,False
1982-12-16 03:00:00,0.0,0.8525436,0.82755095,0.3592763367891312,0.2816913982648219,False
1982-12-16 04:00:00,0.0,0.8578079,0.828256,0.36125693035125733,0.2810811068098809,False
1982-12-16 05:00:00,0.0,0.84494793,0.8010112,0.3550403927564621,0.27991117289101736,False
1982-12-16 06:00:00,0.0,0.85028994,0.78716534,0.35626391673088076,0.2782075886642377,False
1982-12-16 07:00:00,1.1237168e-05,0.8247793,0.7460137,0.3446347750952745,0.2759328461494113,False
1982-12-16 08:00:00,0.0049340967,0.8034446,0.71745783,0.3380607629064471,0.2731533025676755,False
1982-12-16 09:00:00,0.034034356,0.78838795,0.70226246,0.34847515170276167,0.2699171634975105,False
1982-12-16 10:00:00,0.07501464,0.72452515,0.62306184,0.34427857004851103,0.2665940450040063,False
1982-12-16 11:00:00,0.09842861,0.7510325,0.65354437,0.369215684056282,0.2642588556109057,False
1982-12-16 12:00:00,0.10929674,0.7503812,0.6453826,0.3748055303096771,0.26166387003246366,False
1982-12-16 13:00:00,0.0974141,0.74280006,0.63747054,0.3647245652899146,0.25861091078078047,False
1982-12-16 14:00:00,0.058471434,0.69550097,0.58002996,0.3216994932815433,0.2547577069729782,False
1982-12-16 15:00:00,0.01770079,0.6179525,0.5080271,0.2656712996345013,0.2500534975807088,False
1982-12-16 16:00:00,0.00042960566,0.5507264,0.4535047,0.22795518354472005,0.2446516238666219,False
1982-12-16 17:00:00,0.0,0.5181768,0.42736262,0.2142848185300827,0.2387794722394645,False
1982-12-16 18:00:00,0.0,0.49175397,0.40780354,0.20347860422730446,0.23257925855476405,False
1982-12-16 19:00:00,0.0,0.4797107,0.39771408,0.19848980784416198,0.22623439888112243,False
1982-12-16 20:00:00,0.0,0.46520096,0.3908966,0.19276757025718688,0.21971803522590547,False
1982-12-16 21:00:00,0.0,0.44981012,0.38151777,0.18658189281821252,0.21298587242854758,False
1982-12-16 22:00:00,0.0,0.41836235,0.36098942,0.17386913564801215,0.20607692109575493,False
1982-12-16 23:00:00,0.0,0.41553718,0.35450503,0.1724764906167984,0.19915980066164396,False
1982-12-17 00:00:00,0.0,0.39857772,0.33706585,0.1652767343223095,0.19206157780244015,False
1982-12-17 01:00:00,0.0,0.3794663,0.31686696,0.15713387900590894,0.1848436363375839,False
1982-12-17 02:00:00,0.0,0.34858224,0.2893926,0.14425404569506645,0.17743418353554796,False
1982-12-17 03:00:00,0.0,0.30456817,0.25485367,0.12614775323867797,0.16997565036712683,False
1982-12-17 04:00:00,0.0,0.26951814,0.22848259,0.11179025235772133,0.16264658908537594,False
1982-12-17 05:00:00,0.0,0.2429402,0.20709473,0.10082805003225803,0.1552638143266412,False
1982-12-17 06:00:00,0.0,0.22023697,0.18747263,0.09139096449315548,0.1480034657654213,False
1982-12-17 07:00:00,9.738879e-06,0.19649468,0.16503277,0.08142392739768092,0.14076296310933312,False
1982-12-17 08:00:00,0.007154273,0.17824045,0.14954245,0.07797403319366278,0.1338108716145651,False
1982-12-17 09:00:00,0.04833184,0.1690188,0.1425635,0.09795384116470812,0.12711465371491779,False
1982-12-17 10:00:00,0.097219616,0.17638223,0.1484642,0.12919782789051532,0.12065649304847936,False
1982-12-17 11:00:00,0.12885062,0.19001749,0.16034354,0.153121815726161,0.11495907730173092,False
1982-12-17 12:00:00,0.13049902,0.17717093,0.15066485,0.1488099106401205,0.10914269524500787,False
1982-12-17 13:00:00,0.10740946,0.15292743,0.13230209,0.12554979376494882,0.10331943458441417,False
1982-12-17 14:00:00,0.063445285,0.124556296,0.10969692,0.0884928360208869,0.09749323291531847,False
1982-12-17 15:00:00,0.019422581,0.10450454,0.0917398,0.05472295433841645,0.09204508643735594,False
1982-12-17 16:00:00,0.0004580731,0.09138464,0.0776912,0.03818056567409076,0.08718578343813703,False
1982-12-17 17:00:00,0.0,0.082295,0.069791086,0.034135573849081995,0.08283113246963196,False
1982-12-17 18:00:00,0.0,0.07123476,0.060635187,0.029559927508234975,0.07880124013747856,False
1982-12-17 19:00:00,0.0,0.064166054,0.055608377,0.026680126324295998,0.07502199479581625,False
1982-12-17 20:00:00,0.0,0.057586007,0.04953131,0.023923927299678325,0.07141084142488265,False
1982-12-17 21:00:00,0.0,0.05186455,0.043992825,0.02151363131403923,0.06799207371094101,False
1982-12-17 22:00:00,0.0,0.042977963,0.034467395,0.017720107566565273,0.06480315543425107,False
1982-12-17 23:00:00,0.0,0.035639822,0.027425528,0.014632072985172271,0.06207498534715572,False
1982-12-18 00:00:00,0.0,0.026833612,0.01989402,0.010975880116224287,0.059355274475112796,True
1982-12-18 01:00:00,0.0,0.018080348,0.0131805735,0.0073833994343876835,0.056721707929790255,True
1982-12-18 02:00:00,0.0,0.01653045,0.012050697,0.006750473828986287,0.05417442435485148,True
1982-12-18 03:00:00,0.0,0.018320318,0.013355515,0.007481395265087485,0.05183724655343988,True
1982-12-18 04:00:00,0.0,0.016856795,0.012288602,0.006883741931989789,0.04987869651236409,True
1982-12-18 05:00:00,0.0,0.016024012,0.011681506,0.006543661817908286,0.04825633728311234,True
1982-12-18 06:00:00,0.0,0.021352878,0.015566247,0.008719789238646625,0.0469447688673886,True
1982-12-18 07:00:00,2.7948856e-06,0.02677199,0.019516781,0.010934383346409277,0.045969987750452246,True
1982-12-18 08:00:00,0.005220357,0.03337731,0.024332056,0.016642303723376245,0.045265522401323206,True
1982-12-18 09:00:00,0.03735471,0.041457348,0.030222407,0.038483439713716504,0.04481765996349399,True
1982-12-18 10:00:00,0.07937104,0.061127648,0.04535964,0.07080261420458554,0.04466379308424003,True
1982-12-18 11:00:00,0.11159742,0.06273098,0.046109296,0.0900293453335762,0.0449742904124134,True
1982-12-18 12:00:00,0.12008667,0.06365622,0.04647899,0.09528901860117912,0.04542044988510243,True
1982-12-18 13:00:00,0.10487488,0.06012763,0.04383304,0.08506688517332077,0.04608063099365415,True
1982-12-18 14:00:00,0.068613954,0.050425015,0.036877412,0.060188462339341636,0.04719817686223469,True
1982-12-18 15:00:00,0.024456458,0.044813782,0.032909144,0.0324247556719929,0.04863922271026653,True
1982-12-18 16:00:00,0.0011910823,0.04466343,0.032664392,0.01893193705647718,0.05028861700470758,True
1982-12-18 17:00:00,0.0,0.051028345,0.037417173,0.020849986586719754,0.05232415885904799,True
1982-12-18 18:00:00,0.0,0.054030746,0.03958301,0.022074827827513216,0.054901627966742916,True
1982-12-18 19:00:00,0.0,0.061543185,0.045277975,0.02515444603934884,0.05789488990845154,True
1982-12-18 20:00:00,0.0,0.07005181,0.052177805,0.028666719987988473,0.0612612715545855,False
1982-12-18 21:00:00,0.0,0.08190812,0.060920715,0.033513815537095065,0.0650313401399925,False
1982-12-18 22:00:00,0.0,0.103529684,0.08730589,0.04291697146743536,0.06913726478915656,False
1982-12-18 23:00:00,0.0,0.10154451,0.08260085,0.04193036875873804,0.07349212735596108,False
1982-12-19 00:00:00,0.0,0.094535306,0.07374097,0.0388655401468277,0.07832980331110763,False
1982-12-19 01:00:00,0.0,0.08504455,0.06449684,0.03486426740884781,0.08366021290312516,False
1982-12-19 02:00:00,0.0,0.07821125,0.05943631,0.03206951122730971,0.08916675870616915,False
1982-12-19 03:00:00,0.0,0.07839427,0.059441946,0.032137351267039774,0.0947370863873092,False
1982-12-19 04:00:00,0.0,0.08286251,0.061865605,0.033917009353637693,0.10020717187861906,False
1982-12-19 05:00:00,0.0,0.09200841,0.07262337,0.037872766077518466,0.10549593894039742,False
1982-12-19 06:00:00,0.0,0.107339,0.09246998,0.0446014708802104,0.1104304577982565,False
1982-12-19 07:00:00,2.4779397e-06,0.11406019,0.10222129,0.04760959063948712,0.11497584357678886,False
1982-12-19 08:00:00,0.008183396,0.12400769,0.111036666,0.0564766361778602,0.11915460975357965,False
1982-12-19 09:00:00,0.05294441,0.14417051,0.1263035,0.09056823096051812,0.12297067356671725,False
1982-12-19 10:00:00,0.10664939,0.19865322,0.17151782,0.14410169964283706,0.12643780176146938,False
1982-12-19 11:00:00,0.1455489,0.21796036,0.1875627,0.17453747041523457,0.12979136496122046,False
1982-12-19 12:00:00,0.15000841,0.22631067,0.19324285,0.18049860385060307,0.13281831715309733,False
1982-12-19 13:00:00,0.13450547,0.24473298,0.20881248,0.17919199545681477,0.13567060003809372,False
1982-12-19 14:00:00,0.08910271,0.25568855,0.22040185,0.15766303672641516,0.13840224980399377,False
1982-12-19 15:00:00,0.033575222,0.27513915,0.2406413,0.13389388047158718,0.14115961689602327,False
1982-12-19 16:00:00,0.0017618729,0.3238693,0.2844853,0.13588657468243037,0.14396455096569274,False
1982-12-19 17:00:00,0.0,0.37874922,0.33510423,0.15785409101843834,0.14680336476482783,False
1982-12-19 18:00:00,0.0,0.41538218,0.36963847,0.17323650071024893,0.1496081356379889,False
1982-12-19 19:00:00,0.0,0.45104188,0.40429616,0.18826644533872602,0.15243504051833748,False
1982-12-19 20:00:00,0.0,0.49079052,0.44047257,0.20488721939921378,0.15525723896634167,False
1982-12-19 21:00:00,0.0,0.5232087,0.47285208,0.21859801447391508,0.15794868788116015,False
1982-12-19 22:00:00,0.0,0.5431638,0.48751995,0.22675351077318193,0.16051517106864935,False
1982-12-19 23:00:00,0.0,0.59102595,0.5324434,0.24684051883220673,0.16287047830077223,False
1982-12-20 00:00:00,0.0,0.6389148,0.57548094,0.2668355405330658,0.16529238398645407,False
1982-12-20 01:00:00,0.0,0.65159214,0.57889074,0.27169759798049925,0.16789135441083794,False
1982-12-20 02:00:00,0.0,0.659442,0.5702241,0.27412620252370834,0.17072130627643653,False
1982-12-20 03:00:00,0.0,0.65077364,0.55388933,0.2700454988479614,0.17379115398453884,False
1982-12-20 04:00:00,0.0,0.62971574,0.5255454,0.2607445608973503,0.1770160813964192,False
1982-12-20 05:00:00,0.0,0.588883,0.4833842,0.24340056699514387,0.18032612228945233,False
1982-12-20 06:00:00,0.0,0.54931533,0.4481657,0.22689830660820007,0.18355011704556978,False
1982-12-20 07:00:00,7.030433e-06,0.51199764,0.41822174,0.21151515983236732,0.18663234824447295,False
1982-12-20 08:00:00,0.0048918854,0.47669783,0.39054164,0.1998133667539805,0.18967056710721228,False
1982-12-20 09:00:00,0.030262822,0.45316765,0.37453857,0.20490559306181969,0.19260924710939678,False
1982-12-20 10:00:00,0.0626101,0.47315878,0.38985246,0.23177364779263734,0.19538826446057647,False
1982-12-20 11:00:00,0.0845121,0.4512434,0.37131026,0.23532305054366587,0.19739442145289895,False
1982-12-20 12:00:00,0.08929614,0.43710318,0.3589565,0.23219859708100557,0.19919922294507464,False
1982-12-20 13:00:00,0.078259595,0.4134837,0.34175554,0.216186073936522,0.2010697147663935,False
1982-12-20 14:00:00,0.050647795,0.3944417,0.32906148,0.19254208275675774,0.20261749674745563,False
1982-12-20 15:00:00,0.01715328,0.37990245,0.3144471,0.16706159101612866,0.20397473540491773,False
1982-12-20 16:00:00,0.0005160454,0.374623,0.3085436,0.1551949994149618,0.2047398315447014,False
1982-12-20 17:00:00,0.0,0.37643293,0.30694887,0.15547898849844932,0.20482389950180124,False
1982-12-20 18:00:00,0.0,0.3821338,0.31034973,0.15776626208424568,0.20432821468064258,False
1982-12-20 19:00:00,0.0,0.38886967,0.31716782,0.1606199715435505,0.20341511104242574,False
1982-12-20 20:00:00,0.0,0.3817126,0.31489488,0.15785626789927482,0.20201604513810645,False
1982-12-20 21:00:00,0.0,0.37838945,0.31628338,0.15670500853657723,0.20014185926677355,False
1982-12-20 22:00:00,0.0,0.37653792,0.31535605,0.15597171860933304,0.1978843632916517,False
1982-12-20 23:00:00,0.0,0.38159412,0.32173353,0.15818184167146684,0.1952177871268771,False
1982-12-21 00:00:00,0.0,0.3942632,0.33579624,0.16361612051725385,0.191850424024143,False
1982-12-21 01:00:00,0.0,0.41109863,0.35197338,0.17070195695757864,0.18787567771585356,False
1982-12-21 02:00:00,0.0,0.4320851,0.37005186,0.17942220121622088,0.18375801557196003,False
1982-12-21 03:00:00,0.0,0.4502718,0.38488108,0.18693386703729628,0.17957690513120664,False
1982-12-21 04:00:00,0.0,0.46444824,0.39662167,0.19279897221922876,0.17547317077392413,False
1982-12-21 05:00:00,0.0,0.46384373,0.3975218,0.19262451437115669,0.17146966293440835,False
1982-12-21 06:00:00,0.0,0.46347827,0.39861274,0.1925485684275627,0.1676847371420421,False
1982-12-21 07:00:00,1.7864216e-06,0.46581572,0.39920488,0.19344409605097404,0.1640467008583777,False
1982-12-21 08:00:00,0.0071445634,0.46622103,0.39583892,0.19753327628271652,0.16054794532398467,False
1982-12-21 09:00:00,0.04509093,0.47736877,0.40360224,0.22396106381714342,0.15731449696365596,False
1982-12-21 10:00:00,0.086183876,0.460332,0.38530794,0.24039723527431486,0.15453948063320178,False
1982-12-21 11:00:00,0.120843254,0.46178493,0.38968047,0.26116794203966853,0.15188044361562786,False
1982-12-21 12:00:00,0.13287526,0.46691146,0.39486766,0.2702822112739086,0.1495706714928213,False
1982-12-21 13:00:00,0.11498397,0.4515744,0.3797932,0.25348553054779766,0.14739612901127594,False
1982-12-21 14:00:00,0.079317905,0.42783502,0.35505444,0.22281049228459596,0.1450969576027928,False
1982-12-21 15:00:00,0.03222941,0.367434,0.3044256,0.1706184951812029,0.14262653103961925,False
1982-12-21 16:00:00,0.0016853448,0.33615586,0.27607185,0.1399218366232235,0.13997171161081493,False
1982-12-21 17:00:00,0.0,0.32455173,0.264845,0.13406121960282327,0.1371586376802806,False
1982-12-21 18:00:00,0.0,0.31351113,0.2541096,0.12940752607584,0.13429172625758654,False
1982-12-21 19:00:00,0.0,0.29344663,0.23758288,0.1211112819314003,0.13135610587539118,False
1982-12-21 20:00:00,0.0,0.27829885,0.22655593,0.11492629757523537,0.12835664967021873,False
1982-12-21 21:00:00,0.0,0.2668371,0.2180615,0.11023820766806602,0.12541333087038217,False
1982-12-21 22:00:00,0.0,0.2386138,0.19832154,0.09875785486400128,0.12250287433474293,False
1982-12-21 23:00:00,0.0,0.20563233,0.17275482,0.08520708990097045,0.11962131332832356,False
1982-12-22 00:00:00,0.0,0.1835467,0.15405524,0.07604771773517131,0.1166788574642778,False
1982-12-22 01:00:00,0.0,0.17861046,0.15078807,0.07404981507360935,0.11359425197465313,False
1982-12-22 02:00:00,0.0,0.17692475,0.15088275,0.07343290136754513,0.11034913719881294,False
1982-12-22 03:00:00,0.0,0.17582235,0.15162599,0.07306624969840049,0.10689412578281914,False
1982-12-22 04:00:00,0.0,0.1650747,0.14191885,0.06857618460059166,0.10324464914987762,False
1982-12-22 05:00:00,0.0,0.14885694,0.12585035,0.06172412896156311,0.09946625475404285,False
1982-12-22 06:00:00,0.0,0.12638877,0.104353845,0.05227256499230862,0.09569778268719524,False
1982-12-22 07:00:00,4.927066e-06,0.105264775,0.08758054,0.043574894181502254,0.091929625768731,False
1982-12-22 08:00:00,0.010751004,0.09283943,0.07679199,0.04460784545820207,0.08812437061558093,False
1982-12-22 09:00:00,0.05933306,0.090663604,0.07434747,0.07170480920001863,0.0843070628491025,False
1982-12-22 10:00:00,0.11104152,0.09674412,0.080932066,0.10413987094908952,0.0804426601106639,False
1982-12-22 11:00:00,0.145059,0.0984185,0.082194775,0.12445398864895103,0.0769234062683641,False
1982-12-22 12:00:00,0.15574302,0.09185925,0.0751995,0.12782055796682834,0.07348813479328804,False
1982-12-22 13:00:00,0.12969543,0.07525933,0.05964613,0.1058258463293314,0.0699138787800629,False
1982-12-22 14:00:00,0.08574671,0.059601925,0.046160072,0.07396160772442817,0.0663702327826088,False
1982-12-22 15:00:00,0.03217864,0.051350772,0.039162,0.03963025843352079,0.06292383934892214,False
1982-12-22 16:00:00,0.0015813867,0.047039874,0.035134763,0.020167450749315318,0.0599393276749284,True
1982-12-22 17:00:00,0.0,0.04372305,0.03210064,0.017867240209132433,0.05725009703527597,True
1982-12-22 18:00:00,0.0,0.04126825,0.030157385,0.01685648373886943,0.054659522802763816,True
1982-12-22 19:00:00,0.0,0.04075034,0.02979997,0.01664607369527221,0.05217711512589288,True
1982-12-22 20:00:00,0.0,0.040574804,0.029719682,0.016576965507119894,0.049908740602744944,True
1982-12-22 21:00:00,0.0,0.04156336,0.030855846,0.01700309482589364,0.0478096491173694,True
1982-12-22 22:00:00,0.0,0.043074317,0.03263643,0.017656790301203727,0.04587483537856882,True
1982-12-22 23:00:00,0.0,0.041391637,0.030934187,0.016943960197269917,0.0442902046691945,True
1982-12-23 00:00:00,0.0,0.038051452,0.028038353,0.015555057015269994,0.04310159018853141,True
1982-12-23 01:00:00,0.0,0.036569163,0.026711602,0.014936447717249392,0.042197846983405035,True
1982-12-23 02:00:00,0.0,0.03325853,0.024245467,0.013581653248518705,0.04139299573501034,True
1982-12-23 03:00:00,0.0,0.02879522,0.020991713,0.011758988656103612,0.040629794922037256,True
1982-12-23 04:00:00,0.0,0.028004391,0.020415202,0.011436041219159962,0.03989562516178397,True
1982-12-23 05:00:00,0.0,0.028743468,0.020953989,0.011737855162471533,0.03931012329723148,True
1982-12-23 06:00:00,0.0,0.028583474,0.020921005,0.011677036341279746,0.03896277406703143,True
1982-12-23 07:00:00,2.9965784e-06,0.026418611,0.019289853,0.010791848699770299,0.03895947987012027,True
1982-12-23 08:00:00,0.007892382,0.02387221,0.017402843,0.014302503491751849,0.0392517525930735,True
1982-12-23 09:00:00,0.050241757,0.023215054,0.016923772,0.03846973237209022,0.039744842251398106,True
1982-12-23 10:00:00,0.103980064,0.028103597,0.020487523,0.07147305084392427,0.040307621183595745,True
1982-12-23 11:00:00,0.14575736,0.029791836,0.021846775,0.09627491123601793,0.04085563925741408,True
1982-12-23 12:00:00,0.14756092,0.03320241,0.024510743,0.09871792263910174,0.041448817045373655,True
1982-12-23 13:00:00,0.122338265,0.03133494,0.022939827,0.0833905226700008,0.04208788570011202,True
1982-12-23 14:00:00,0.080126174,0.02729421,0.019985963,0.05738360746763646,0.04292340008396823,True
1982-12-23 15:00:00,0.029444579,0.025377009,0.018672155,0.027361934829503297,0.04395566003065724,True
1982-12-23 16:00:00,0.0014718387,0.024462162,0.017832914,0.010838765919907019,0.045197136421556094,True
1982-12-23 17:00:00,0.0,0.023786644,0.017340463,0.009713656442239881,0.04648534264508066,True
1982-12-23 18:00:00,0.0,0.025104826,0.01830142,0.010251957586035133,0.04777375406049555,True
1982-12-23 19:00:00,0.0,0.029937945,0.021892648,0.012229304820299148,0.049016647716978466,True
1982-12-23 20:00:00,0.0,0.034684747,0.02539323,0.01416990627720952,0.05018520626681288,True
1982-12-23 21:00:00,0.0,0.042515494,0.031091314,0.01736714820563793,0.05123831711476099,True
1982-12-23 22:00:00,0.0,0.055450577,0.041376255,0.022695580814033747,0.05217538007324923,True
1982-12-23 23:00:00,0.0,0.06834246,0.054356042,0.028153594829142092,0.052821537007339193,True
1982-12-24 00:00:00,0.0,0.07886242,0.066070564,0.03266804388910532,0.05337490690755089,True
1982-12-24 01:00:00,0.0,0.08530115,0.072978325,0.035416955150663856,0.053839981009246675,True
1982-12-24 02:00:00,0.0,0.088387296,0.07748797,0.036799262344837186,0.05424138809460577,True
1982-12-24 03:00:00,0.0,0.090774916,0.080188096,0.03782610120624304,0.054576777173899006,True
1982-12-24 04:00:00,0.0,0.0970286,0.08645449,0.04047209510207177,0.05485229727764976,True
1982-12-24 05:00:00,0.0,0.10802309,0.09612676,0.0450513659119606,0.05503960801741936,True
1982-12-24 06:00:00,0.0,0.12509733,0.1102505,0.052114443540573124,0.055153204040945404,True
1982-12-24 07:00:00,1.699982e-06,0.1381343,0.122804575,0.057603984883257,0.05520070662965895,True
1982-12-24 08:00:00,0.007421517,0.15346771,0.1363768,0.06827614905778319,0.055205239785221856,True
1982-12-24 09:00:00,0.046196837,0.17273127,0.1541627,0.09871819794550538,0.055142985851385384,True
1982-12-24 10:00:00,0.09168331,0.18578285,0.16647398,0.13044473849236965,0.05482316355946418,True
1982-12-24 11:00:00,0.12276965,0.1966543,0.17635182,0.15292652247101068,0.05417926002134513,True
1982-12-24 12:00:00,0.13025948,0.19949898,0.18001865,0.15849585339426994,0.053288925663837604,True
1982-12-24 13:00:00,0.11109956,0.19582976,0.17712788,0.14593053675442935,0.0524660415923745,True
1982-12-24 14:00:00,0.07260315,0.19545858,0.17581208,0.12351008516550063,0.051902728039031905,True
1982-12-24 15:00:00,0.028530251,0.19831648,0.17741458,0.09922112519666552,0.05156472101504703,True
1982-12-24 16:00:00,0.0017976011,0.19405739,0.17327698,0.08200134947849437,0.05147032590644843,True
1982-12-24 17:00:00,0.0,0.1910383,0.17070106,0.0797109881490469,0.05157747564959724,True
1982-12-24 18:00:00,0.0,0.18355891,0.16263224,0.07651537925004959,0.0517638646112188,True
1982-12-24 19:00:00,0.0,0.17518982,0.14984888,0.07273688408732414,0.05194888441829395,True
1982-12-24 20:00:00,0.0,0.16220108,0.13470535,0.0671262862086296,0.05212152869493153,True
1982-12-24 21:00:00,0.0,0.14994045,0.12322393,0.0619821168333292,0.05230046167184051,True
1982-12-24 22:00:00,0.0,0.11745365,0.09873938,0.04867232313752174,0.05247383371560287,True
1982-12-24 23:00:00,0.0,0.10488344,0.08895789,0.043505715407431124,0.052584842837242525,True
1982-12-25 00:00:00,0.0,0.09123952,0.07798576,0.03787861389666796,0.05260036042082508,True
1982-12-25 01:00:00,0.0,0.082438685,0.07007617,0.034203987814486025,0.05255525234557142,True
1982-12-25 02:00:00,0.0,0.07160088,0.060363065,0.02968032905459404,0.052499882441772276,True
1982-12-25 03:00:00,0.0,0.0604379,0.049673498,0.02498395363613963,0.052495319798881314,True
1982-12-25 04:00:00,0.0,0.04960449,0.03931296,0.020426956728100777,0.0525312627393884,True
1982-12-25 05:00:00,0.0,0.04199565,0.031371668,0.01719046429172158,0.052540776955256364,True
1982-12-25 06:00:00,0.0,0.034178067,0.024915813,0.013957160599529743,0.05249104125221645,True
1982-12-25 07:00:00,2.8236989e-06,0.026955748,0.019650739,0.011009440166789999,0.05231593896151906,True
1982-12-25 08:00:00,0.0048205727,0.02089509,0.015232519,0.011314314667601138,0.05204932535468663,True
1982-12-25 09:00:00,0.028693305,0.01606947,0.011714644,0.02311826235987246,0.05163546409896249,True
1982-12-25 10:00:00,0.05274321,0.024813153,0.01808879,0.04056568101420998,0.0509564447508875,True
1982-12-25 11:00:00,0.06973833,0.032568447,0.023742398,0.05353886207565665,0.05006619526061524,True
1982-12-25 12:00:00,0.07334068,0.041389138,0.030172685,0.05921948720887303,0.048986287144360284,True
1982-12-25 13:00:00,0.0641424,0.047357343,0.03456386,0.0563514721095562,0.04782680969161276,True
1982-12-25 14:00:00,0.04225187,0.04108794,0.029972062,0.04115927031636238,0.04677598764440649,True
1982-12-25 15:00:00,0.014985111,0.034722947,0.025403583,0.02283096961677074,0.045858031380493026,True
1982-12-25 16:00:00,0.0008197948,0.03797802,0.027685978,0.015981953591050112,0.04501506285959062,True
1982-12-25 17:00:00,0.0,0.045695104,0.03331173,0.018660326600074766,0.04425862576871512,True
1982-12-25 18:00:00,0.0,0.046852354,0.034155365,0.019132908325642347,0.04350751445408313,True
1982-12-25 19:00:00,0.0,0.05023981,0.036624826,0.020516230098903177,0.04280759609363375,True
1982-12-25 20:00:00,0.0,0.055731107,0.04062798,0.022758689168840645,0.042272266993889196,True
1982-12-25 21:00:00,0.0,0.06289304,0.04595323,0.02568900630623102,0.04195279240713789,True
1982-12-25 22:00:00,0.0,0.06855254,0.05052096,0.02802401865273714,0.04183274238662197,True
1982-12-25 23:00:00,0.0,0.070650175,0.052380078,0.028898438841104507,0.041967664180447894,True
1982-12-26 00:00:00,0.0,0.07455227,0.055427212,0.030502856276929377,0.04226719607937484,True
1982-12-26 01:00:00,0.0,0.08002667,0.059802927,0.032759199768304825,0.04279221407895311,True
1982-12-26 02:00:00,0.0,0.08908402,0.06867132,0.03658025548607111,0.043521943822161846,True
1982-12-26 03:00:00,0.0,0.09585069,0.07745291,0.039551362350583076,0.04447232482641339,True
1982-12-26 04:00:00,0.0,0.09881521,0.082703054,0.04092877746373415,0.04564148779249153,True
1982-12-26 05:00:00,0.0,0.102824055,0.087444,0.04266405216604471,0.047025850000217174,True
1982-12-26 06:00:00,0.0,0.10550545,0.08848189,0.04370953358709812,0.04860127668141722,True
1982-12-26 07:00:00,1.5559157e-06,0.10815649,0.09066463,0.044806531755300395,0.050433354607907675,True
1982-12-26 08:00:00,0.005615156,0.10895836,0.09194866,0.04841080878302455,0.052485168800163406,True
1982-12-26 09:00:00,0.032519903,0.11402214,0.097909525,0.06612526923790574,0.054642335908145885,True
1982-12-26 10:00:00,0.06387406,0.1218545,0.10913187,0.08771276295930146,0.056860260357040227,True
1982-12-26 11:00:00,0.0850294,0.124638684,0.11180174,0.10109093289077281,0.059507424433994975,True
1982-12-26 12:00:00,0.087366,0.1258254,0.11113295,0.10284093566238879,0.062078310726256976,False
1982-12-26 13:00:00,0.074560024,0.12624465,0.10899387,0.09549107848852872,0.06469071843161552,False
1982-12-26 14:00:00,0.051560767,0.12004171,0.10004129,0.07944818449765444,0.0671516959463556,False
1982-12-26 15:00:00,0.02011338,0.114130944,0.09331291,0.05875863619334995,0.06934025366896136,False
1982-12-26 16:00:00,0.0011673402,0.10910159,0.08815418,0.045692369116470226,0.07131636614333832,False
1982-12-26 17:00:00,0.0,0.105890244,0.08489157,0.04365764504671096,0.0731325535178504,False
1982-12-26 18:00:00,0.0,0.10425095,0.082420304,0.04291929794847965,0.07487653676330512,False
1982-12-26 19:00:00,0.0,0.11392264,0.09265987,0.04704108729958534,0.07666850597484438,False
1982-12-26 20:00:00,0.0,0.12491823,0.10549406,0.05179150604456663,0.07849394250315084,False
1982-12-26 21:00:00,0.0,0.13507003,0.11812734,0.0562197158485651,0.08034575334706745,False
1982-12-26 22:00:00,0.0,0.13237835,0.11668438,0.05514856924116611,0.08225239506367064,False
1982-12-26 23:00:00,0.0,0.13913138,0.12118086,0.05788324655592442,0.08423852483232908,False
1982-12-27 00:00:00,0.0,0.15189525,0.13018757,0.06307947787642479,0.08623036047679773,False
1982-12-27 01:00:00,0.0,0.16704465,0.14058404,0.06923101548850537,0.08827264335568465,False
1982-12-27 02:00:00,0.0,0.18177758,0.15227203,0.07529861725866795,0.09037625365707495,False
1982-12-27 03:00:00,0.0,0.19545692,0.16629948,0.0811037760078907,0.09249876379085176,False
1982-12-27 04:00:00,0.0,0.20926465,0.17884605,0.0868763426989317,0.09457494465777122,False
1982-12-27 05:00:00,0.0,0.22365193,0.19043301,0.0928109449893236,0.09675769606049577,False
1982-12-27 06:00:00,0.0,0.24598908,0.20605424,0.10189690107107163,0.09903052539614432,False
1982-12-27 07:00:00,1.4694759e-06,0.26469117,0.21897464,0.10949652139506531,0.10131111779765628,False
1982-12-27 08:00:00,0.0040067714,0.27233443,0.22324121,0.11485833585076034,0.10360005676227689,False
1982-12-27 09:00:00,0.023892498,0.28034863,0.22859298,0.12957863590680063,0.1059479625057851,False
1982-12-27 10:00:00,0.05125826,0.3338201,0.27544302,0.16762955670803786,0.10862572136044375,False
1982-12-27 11:00:00,0.06600085,0.33568493,0.27761438,0.17694140410423279,0.11148176653206221,False
1982-12-27 12:00:00,0.076071694,0.34052932,0.27900684,0.18461505706608294,0.11432079746718081,False
1982-12-27 13:00:00,0.06997008,0.3245246,0.26585326,0.17447839281708002,0.11753150051417323,False
1982-12-27 14:00:00,0.04935883,0.2844284,0.23659113,0.14621004100143908,0.12083147618675477,False
1982-12-27 15:00:00,0.019022569,0.25750178,0.21648498,0.11768436838686465,0.12411687512684487,False
1982-12-27 16:00:00,0.00086474343,0.24744028,0.21026903,0.10315894756763008,0.12667455168612018,False
1982-12-27 17:00:00,0.0,0.24662523,0.21049653,0.10237152238190174,0.12884984186886236,False
1982-12-27 18:00:00,0.0,0.25336933,0.21581754,0.10514743047952652,0.13091939512303455,False
1982-12-27 19:00:00,0.0,0.26074275,0.22079828,0.10813718345761299,0.13286093093024923,False
1982-12-27 20:00:00,0.0,0.26921725,0.22786006,0.11164560967683791,0.13455315289775266,False
1982-12-27 21:00:00,0.0,0.28275138,0.23838054,0.11720780870318413,0.13597822152905523,False
1982-12-27 22:00:00,0.0,0.29778898,0.24952064,0.12335824754834175,0.13717760314409047,False
1982-12-27 23:00:00,0.0,0.30069762,0.25090975,0.12450654977560044,0.13816997280612944,False
1982-12-28 00:00:00,0.0,0.31036472,0.25940466,0.12853243446350096,0.13888513538416833,False
1982-12-28 01:00:00,0.0,0.32297975,0.2694994,0.13373249423503875,0.13933386601031184,False
1982-12-28 02:00:00,0.0,0.33499894,0.27492842,0.13846074190735816,0.1395489494901931,False
1982-12-28 03:00:00,0.0,0.3370057,0.27505443,0.13920804396271705,0.13946719440434485,False
1982-12-28 04:00:00,0.0,0.35274097,0.28776714,0.14570084479451179,0.1391153324999696,False
1982-12-28 05:00:00,0.0,0.3676002,0.29843307,0.1517598602771759,0.13846617212321968,False
1982-12-28 06:00:00,0.0,0.37102038,0.30132315,0.15317796885967255,0.1374774873288198,False
1982-12-28 07:00:00,1.2965965e-06,0.3745945,0.30462,0.1546756020570891,0.13615419478191423,False
1982-12-28 08:00:00,0.006991738,0.38029647,0.31012323,0.16111028447141867,0.13454608279054572,False
1982-12-28 09:00:00,0.046409737,0.40650472,0.33109322,0.1946576942615211,0.13284733328984058,False
1982-12-28 10:00:00,0.09808121,0.40706053,0.33342105,0.22480293119698763,0.13145527148646705,False
1982-12-28 11:00:00,0.12543528,0.39919233,0.32752392,0.23736441777646544,0.13008448284565874,False
1982-12-28 12:00:00,0.1402664,0.42617804,0.34743094,0.256954681918025,0.12919233424818236,False
1982-12-28 13:00:00,0.12301685,0.44291985,0.36058822,0.25388991077244283,0.12814673904713958,False
1982-12-28 14:00:00,0.085415274,0.45531103,0.36764723,0.23714733362197873,0.1268911999904498,False
1982-12-28 15:00:00,0.03502418,0.39051524,0.3188525,0.18152711103856564,0.12555714657968933,False
1982-12-28 16:00:00,0.002208017,0.36001134,0.2960757,0.15010629788809457,0.12403041925619139,False
1982-12-28 17:00:00,0.0,0.34582767,0.28492206,0.14299620124697685,0.12234389274974704,False
1982-12-28 18:00:00,0.0,0.3291209,0.27161857,0.13611301669478415,0.12063424159458257,False
1982-12-28 19:00:00,0.0,0.3102321,0.25540918,0.12826774173974992,0.1188558679717814,False
1982-12-28 20:00:00,0.0,0.29077342,0.23887792,0.12019480034708976,0.11699992299510514,False
1982-12-28 21:00:00,0.0,0.275184,0.2267988,0.11379003337025642,0.1150456720258796,False
1982-12-28 22:00:00,0.0,0.2482647,0.20690072,0.10278231301903726,0.11296204548014677,False
1982-12-28 23:00:00,0.0,0.22254437,0.18689217,0.09221105030179023,0.11077633049979224,False
1982-12-29 00:00:00,0.0,0.20414732,0.17200343,0.08461854793131351,0.10856167023733608,False
1982-12-29 01:00:00,0.0,0.19202493,0.1610708,0.07955502252280712,0.1062437737748248,False
1982-12-29 02:00:00,0.0,0.17275569,0.14125045,0.07137437313795089,0.10380838264908991,False
1982-12-29 03:00:00,0.0,0.15599914,0.123161525,0.06421440459787846,0.10124872623325674,False
1982-12-29 04:00:00,0.0,0.13542709,0.10637128,0.05571664461493492,0.0986423942787794,False
1982-12-29 05:00:00,0.0,0.11012352,0.08737954,0.04535407485812903,0.09588190163543797,False
1982-12-29 06:00:00,0.0,0.09308919,0.07461012,0.038378858819603914,0.0929679181503586,False
1982-12-29 07:00:00,9.796506e-07,0.078384005,0.06264598,0.03230714580937751,0.08997379492793582,False
1982-12-29 08:00:00,0.0074418583,0.070389934,0.056491148,0.033318359816912564,0.08691448429652186,False
1982-12-29 09:00:00,0.05358346,0.077332586,0.06122755,0.06275966934487223,0.0837988288662106,False
1982-12-29 10:00:00,0.117125645,0.083420664,0.064221844,0.10183170194923877,0.08054009817877673,False
1982-12-29 11:00:00,0.16546322,0.09437755,0.07075326,0.1341182714253664,0.07737683916196117,False
1982-12-29 12:00:00,0.16884187,0.090369955,0.06774474,0.13442648741602897,0.07437376868153812,False
1982-12-29 13:00:00,0.14359199,0.07654093,0.057709977,0.11421251809597015,0.0709870081773979,False
1982-12-29 14:00:00,0.09884687,0.061209086,0.04730892,0.0821754772849381,0.06753212496486381,False
1982-12-29 15:00:00,0.03963465,0.052259855,0.04163663,0.04440145685896277,0.06397753476044363,False
1982-12-29 16:00:00,0.0026856838,0.0501115,0.040090606,0.022205675258301198,0.06102021786527287,False
1982-12-29 17:00:00,0.0,0.0492911,0.0392565,0.020308266934007408,0.058325732833088895,True
1982-12-29 18:00:00,0.0,0.048101842,0.03770216,0.019785496585071085,0.05577539711733121,True
1982-12-29 19:00:00,0.0,0.046412304,0.035660822,0.01905182457715273,0.05342568607613218,True
1982-12-29 20:00:00,0.0,0.04350857,0.03309075,0.017841563154011968,0.05134475209595409,True
1982-12-29 21:00:00,0.0,0.041883525,0.032198407,0.017193734508007763,0.049501547723857287,True
1982-12-29 22:00:00,0.0,0.044629414,0.03658657,0.018443928491324185,0.047854030698386556,True
1982-12-29 23:00:00,0.0,0.044126365,0.035559785,0.01820285717770457,0.04634926523858455,True
1982-12-30 00:00:00,0.0,0.042070173,0.032398343,0.01727340426295996,0.045138969632645666,True
1982-12-30 01:00:00,0.0,0.041140974,0.030605573,0.016833720199763775,0.044114198280812776,True
1982-12-30 02:00:00,0.0,0.038165163,0.028042383,0.015597233947366475,0.04322771492725012,True
1982-12-30 03:00:00,0.0,0.034537915,0.025178138,0.01410411014780402,0.04251749712167082,True
1982-12-30 04:00:00,0.0,0.032317083,0.023559151,0.013197197914123536,0.04197513457419125,True
1982-12-30 05:00:00,0.0,0.02911274,0.021223187,0.011888652993366122,0.04161548691833166,True
1982-12-30 06:00:00,0.0,0.023165626,0.016887741,0.009460054183378815,0.041463053624460074,True
1982-12-30 07:00:00,9.508373e-07,0.01916943,0.013974513,0.007828691749219331,0.041456012422067645,True
1982-12-30 08:00:00,0.007414082,0.017829346,0.012997592,0.011558823816478252,0.041581870449382184,True
1982-12-30 09:00:00,0.05015543,0.022771087,0.016600123,0.03823862126469612,0.04182774252366437,True
1982-12-30 10:00:00,0.096100844,0.04287853,0.031372838,0.07296649838984012,0.042125896356452024,True
1982-12-30 11:00:00,0.13083269,0.043373827,0.031882077,0.0932170347161591,0.042344020461115746,True
1982-12-30 12:00:00,0.1316053,0.045107298,0.03350608,0.09439017771929502,0.042474999630741535,True
1982-12-30 13:00:00,0.12129401,0.044125438,0.033084966,0.0880555165708065,0.042758432045807204,True
1982-12-30 14:00:00,0.083534926,0.044655383,0.03425028,0.06652700380980968,0.04317383358867691,True
1982-12-30 15:00:00,0.035691787,0.046168853,0.03602653,0.03957590007036924,0.043609834349554406,True
1982-12-30 16:00:00,0.0029987681,0.046398282,0.03555113,0.02077101634326391,0.044033100987469535,True
1982-12-30 17:00:00,0.0,0.050285477,0.037495293,0.020580086890608074,0.04440120927463215,True
1982-12-30 18:00:00,0.0,0.056987736,0.042563185,0.023326886717230082,0.04479437057683173,True
1982-12-30 19:00:00,0.0,0.06924569,0.052430585,0.028382910691201687,0.04520852114595402,True
1982-12-30 20:00:00,0.0,0.07732326,0.059050154,0.03172099048644304,0.04564496268527512,True
1982-12-30 21:00:00,0.0,0.08456913,0.06487423,0.03470921614766121,0.04612265096171689,True
1982-12-30 22:00:00,0.0,0.074633874,0.05580873,0.030553570948541164,0.04663881100024958,True
1982-12-30 23:00:00,0.0,0.08312941,0.063742734,0.034116861216723915,0.04704526120643062,True
1982-12-31 00:00:00,0.0,0.08619975,0.06707063,0.035429523043334486,0.04734815896684234,True
1982-12-31 01:00:00,0.0,0.089743346,0.07200976,0.03700382155179977,0.04767042032964458,True
1982-12-31 02:00:00,0.0,0.09056702,0.07156828,0.03728391847014427,0.04800184177709674,True
1982-12-31 03:00:00,0.0,0.09274766,0.07327993,0.0381810023188591,0.04835902335480718,True
1982-12-31 04:00:00,0.0,0.09332363,0.07439142,0.03845355713367462,0.04874731167834182,True
1982-12-31 05:00:00,0.0,0.092440404,0.07271792,0.03803727675229311,0.04915449400674482,True
1982-12-31 06:00:00,0.0,0.09236818,0.07327821,0.03804088110476732,0.04958893768766359,True
1982-12-31 07:00:00,1.7576085e-06,0.09279771,0.076017804,0.03834833112047545,0.05007397717712377,True
1982-12-31 08:00:00,0.00973061,0.09536035,0.079957165,0.04512021938245744,0.05059300338396227,True
1982-12-31 09:00:00,0.06322009,0.09778513,0.08352496,0.07707105331867932,0.051034318506066205,True
1982-12-31 10:00:00,0.124920815,0.09701739,0.081906125,0.11230165897309778,0.0509198045146656,True
1982-12-31 11:00:00,0.17119783,0.10025305,0.08575456,0.14040527156740426,0.050081793083157834,True
1982-12-31 12:00:00,0.18513921,0.099237174,0.0849519,0.14803124333918094,0.048821895478185086,True
1982-12-31 13:00:00,0.16468829,0.09430511,0.08014931,0.1341517921537161,0.04753755739398035,True
1982-12-31 14:00:00,0.11383653,0.090278625,0.07605602,0.10310351380705832,0.04638519141703578,True
1982-12-31 15:00:00,0.047081146,0.09065361,0.07594909,0.06471825547888875,0.045681336122611986,True
1982-12-31 16:00:00,0.0035986602,0.091285035,0.07619015,0.03987487304210663,0.04553896215609319,True
1982-12-31 17:00:00,0.0,0.09434301,0.08087852,0.03918000943958759,0.04578835660055577,True
1982-12-31 18:00:00,0.0,0.09561454,0.08116592,0.03966472390294075,0.046041728741948666,True
1982-12-31 19:00:00,0.0,0.096366644,0.0822542,0.040001018464565274,0.046237875886953606,True
1982-12-31 20:00:00,0.0,0.098218694,0.08385004,0.04077060042321682,0.04632868919916747,True
1982-12-31 21:00:00,0.0,0.10098579,0.087141864,0.04196941635757685,0.04634995918231382,True
1982-12-31 22:00:00,0.0,0.09182152,0.07539624,0.03795353838801384,0.04630897446418478,True
1982-12-31 23:00:00,0.0,0.079892375,0.060401175,0.032741949677467345,0.046354565687704075,True
