time,solar_cf,onshore_wind_cf,offshore_wind_cf,combined_cf,cf_ma,is_drought
1997-01-01 00:00:00,0.0,0.07400738,0.061877914,0.030650129467248915,0.034427282655359374,True
1997-01-01 01:00:00,0.0,0.07372583,0.06090194,0.030493534930050373,0.03422087397308009,True
1997-01-01 02:00:00,0.0,0.07184562,0.05918571,0.029707062430679797,0.03400902292596096,True
1997-01-01 03:00:00,0.0,0.06905854,0.056833655,0.02855161768198013,0.03378157848304057,True
1997-01-01 04:00:00,0.0,0.06505746,0.053220745,0.026880121685564518,0.03352521299987951,True
1997-01-01 05:00:00,0.0,0.05966288,0.04842835,0.024630733028054234,0.03323489002904774,True
1997-01-01 06:00:00,0.0,0.05227023,0.041014206,0.021502481941133737,0.03291967178110884,True
1997-01-01 07:00:00,8.355844e-07,0.04435866,0.034172248,0.01821412889798989,0.032583974173738754,True
1997-01-01 08:00:00,0.009790455,0.037560098,0.029070262,0.02107856278587133,0.032235312485888463,True
1997-01-01 09:00:00,0.06905941,0.03177936,0.024144512,0.05287766658887266,0.03199405827310745,True
1997-01-01 10:00:00,0.14452043,0.031583667,0.023343654,0.0963032195083797,0.03243177280442667,True
1997-01-01 11:00:00,0.1944345,0.022166638,0.016159479,0.12124080406688154,0.033673900660123074,True
1997-01-01 12:00:00,0.208764,0.0133695835,0.009746427,0.125916512359865,0.035499953214579286,True
1997-01-01 13:00:00,0.1847685,0.008691642,0.0063362075,0.11016079457662999,0.037490090959701086,True
1997-01-01 14:00:00,0.12771513,0.0060145864,0.004384634,0.07614778014924377,0.0392225333038519,True
1997-01-01 15:00:00,0.052812994,0.0045160213,0.0032921797,0.0323172868443653,0.04028867733904969,True
1997-01-01 16:00:00,0.003920447,0.004850881,0.0035362928,0.004243032931350171,0.04043113236784657,True
1997-01-01 17:00:00,0.0,0.0056058317,0.004086651,0.0022892310619354247,0.04003550093504167,True
1997-01-01 18:00:00,0.0,0.0076990384,0.005612599,0.003144025514367968,0.039674074992766,True
1997-01-01 19:00:00,0.0,0.01306048,0.0095210895,0.005333456084132195,0.03940399178675874,True
1997-01-01 20:00:00,0.0,0.020756036,0.015131149,0.008476059369742871,0.03924776129587121,True
1997-01-01 21:00:00,0.0,0.029184937,0.021523671,0.01193152017518878,0.03922236211201675,True
1997-01-01 22:00:00,0.0,0.039096713,0.029680394,0.016029428377747536,0.03929606974101192,True
1997-01-01 23:00:00,0.0,0.045795508,0.034976434,0.018787269786000253,0.03956809938349328,True
1997-01-02 00:00:00,0.0,0.05045966,0.039312925,0.020742512717843054,0.03991782573260866,True
1997-01-02 01:00:00,0.0,0.049745966,0.039352182,0.02048127920553088,0.04035259970207266,True
1997-01-02 02:00:00,0.0,0.047885343,0.03820564,0.01973279620707035,0.04085270704864091,True
1997-01-02 03:00:00,0.0,0.044520445,0.03549152,0.018344586275517938,0.04144142883945755,True
1997-01-02 04:00:00,0.0,0.040588643,0.032174397,0.01671462686732411,0.042079759121169666,True
1997-01-02 05:00:00,0.0,0.03769862,0.029793762,0.015519653566181658,0.04276188276405014,True
1997-01-02 06:00:00,0.0,0.0353177,0.027859498,0.014536644313484429,0.043497526924820014,True
1997-01-02 07:00:00,1.6423555e-06,0.033829395,0.02648841,0.013914368450435177,0.04432956463936283,True
1997-01-02 08:00:00,0.010277198,0.03192596,0.025172304,0.0190699272537604,0.04526173954312879,True
1997-01-02 09:00:00,0.06836365,0.029695388,0.023277812,0.05166042697057128,0.0462689564811822,True
1997-01-02 10:00:00,0.13887261,0.024804115,0.018334312,0.09027226654067635,0.04718458523486231,True
1997-01-02 11:00:00,0.18958446,0.021819683,0.015906546,0.11830065208114683,0.04782499548949412,True
1997-01-02 12:00:00,0.20547917,0.018648118,0.013594479,0.12617674123309552,0.048633636080246595,True
1997-01-02 13:00:00,0.18466832,0.017762847,0.012949115,0.1138073619864881,0.04950612568369635,True
1997-01-02 14:00:00,0.1297089,0.017099874,0.0124658095,0.08182504315674305,0.050481099035585016,True
1997-01-02 15:00:00,0.052176367,0.018077428,0.013178445,0.037487970849499105,0.05160256252315007,True
1997-01-02 16:00:00,0.0035325624,0.023561051,0.017176006,0.011659820692613721,0.052896623931237216,True
1997-01-02 17:00:00,0.0,0.032572947,0.023745678,0.013301684238016604,0.054254127080303874,True
1997-01-02 18:00:00,0.0,0.04330952,0.031572636,0.017686135578900575,0.055641216778879315,True
1997-01-02 19:00:00,0.0,0.05668961,0.04134445,0.023151065904647113,0.05703993345565585,True
1997-01-02 20:00:00,0.0,0.07195033,0.05335734,0.029430968642234802,0.05838112691744653,True
1997-01-02 21:00:00,0.0,0.08320625,0.06453683,0.034188095659017564,0.05963639414404941,True
1997-01-02 22:00:00,0.0,0.10568286,0.087232925,0.04370755230635405,0.060804200867902974,False
1997-01-02 23:00:00,0.0,0.11445278,0.096368864,0.047436994224786755,0.062002403987352295,False
1997-01-03 00:00:00,0.0,0.12433183,0.10445989,0.05151928000152111,0.0631639213410807,False
1997-01-03 01:00:00,0.0,0.13160135,0.10995907,0.05449868756532669,0.06427925189096902,False
1997-01-03 02:00:00,0.0,0.14003587,0.11652728,0.057965708389878266,0.065392936143572,False
1997-01-03 03:00:00,0.0,0.14304928,0.11863491,0.05919147120416164,0.0665312695722231,False
1997-01-03 04:00:00,0.0,0.14415178,0.119075015,0.05962205654382705,0.0676925800033049,False
1997-01-03 05:00:00,0.0,0.14493182,0.11966315,0.05994165274500846,0.06887472398510625,False
1997-01-03 06:00:00,0.0,0.14853986,0.12276084,0.06144029223918915,0.07003356671404515,False
1997-01-03 07:00:00,1.2101567e-06,0.15219599,0.12587973,0.06295852427875559,0.07118910194189709,False
1997-01-03 08:00:00,0.007862762,0.15684412,0.12986445,0.06942497581243515,0.07233590792613462,False
1997-01-03 09:00:00,0.053798348,0.15911886,0.13095075,0.09682784676551819,0.07342588059387993,False
1997-01-03 10:00:00,0.10907974,0.15486062,0.12889507,0.1270429117307067,0.07424944770702052,False
1997-01-03 11:00:00,0.15006892,0.17764606,0.14656276,0.16005555242300035,0.07493958225925035,False
1997-01-03 12:00:00,0.16622813,0.17371391,0.14411019,0.16779601332545283,0.0755442645347713,False
1997-01-03 13:00:00,0.15261571,0.16638625,0.13895787,0.15695951546728612,0.07587661649800108,False
1997-01-03 14:00:00,0.11092682,0.15912054,0.13440315,0.12997802755236623,0.07618089407039388,False
1997-01-03 15:00:00,0.048811954,0.1597064,0.13585326,0.09443223443254828,0.07662716784181897,False
1997-01-03 16:00:00,0.0043309783,0.16100518,0.13876475,0.06940318408655002,0.07739319301261924,False
1997-01-03 17:00:00,0.0,0.16563581,0.14351709,0.06886953659355641,0.07833269680580676,False
1997-01-03 18:00:00,0.0,0.16898268,0.1468114,0.07028242599964142,0.0791956278510447,False
1997-01-03 19:00:00,0.0,0.16753794,0.14609706,0.06971074225008488,0.07989140310870105,False
1997-01-03 20:00:00,0.0,0.16509688,0.14459515,0.06872888624668122,0.08040865973206789,False
1997-01-03 21:00:00,0.0,0.16330937,0.14305717,0.0679862429201603,0.08074199575288774,False
1997-01-03 22:00:00,0.0,0.17688209,0.15321644,0.07354317811131478,0.08085619431231722,False
1997-01-03 23:00:00,0.0,0.1794403,0.15419686,0.0745401027649641,0.0806698181201759,False
1997-01-04 00:00:00,0.0,0.1790283,0.15216547,0.07427837911248207,0.08025121174809144,False
1997-01-04 01:00:00,0.0,0.17827864,0.15098713,0.07393812333047389,0.07965578226731711,False
1997-01-04 02:00:00,0.0,0.17931421,0.15196031,0.07437280078232289,0.07889924893351824,False
1997-01-04 03:00:00,0.0,0.17862986,0.15135312,0.07408748696744441,0.07799731074260169,False
1997-01-04 04:00:00,0.0,0.17719875,0.14946663,0.07345753799378872,0.07702670467573304,False
1997-01-04 05:00:00,0.0,0.17168905,0.14427492,0.07114410455524922,0.07599940975811884,False
1997-01-04 06:00:00,0.0,0.16897318,0.1416895,0.07000233525037766,0.07492921264852018,False
1997-01-04 07:00:00,9.796507e-07,0.16644633,0.13966288,0.06896105569383633,0.07380305422619537,False
1997-01-04 08:00:00,0.006734262,0.1628394,0.13731867,0.0713886153055355,0.07261295084435059,False
1997-01-04 09:00:00,0.046011887,0.1559049,0.13173851,0.09119164840131998,0.07133338603797401,False
1997-01-04 10:00:00,0.09515393,0.16524495,0.1392504,0.12339872504770755,0.06993143509972523,False
1997-01-04 11:00:00,0.1296351,0.1753718,0.14469923,0.14732540130615235,0.06854194887346232,False
1997-01-04 12:00:00,0.13639814,0.15320407,0.12769647,0.14212963546812532,0.06693933259226219,False
1997-01-04 13:00:00,0.12128476,0.14110993,0.11781139,0.12841268546134232,0.06543248795688358,False
1997-01-04 14:00:00,0.08283816,0.13379247,0.112576686,0.10324618418514728,0.06400433842208189,False
1997-01-04 15:00:00,0.03536504,0.12978843,0.110363334,0.07425717904791236,0.06260513987539881,False
1997-01-04 16:00:00,0.00327405,0.13219255,0.112737484,0.056756002765614544,0.06123052800066451,False
1997-01-04 17:00:00,0.0,0.1318787,0.11220616,0.05472237440943718,0.05985482356845258,True
1997-01-04 18:00:00,0.0,0.123094484,0.10484228,0.051083347946405414,0.0584329888268572,True
1997-01-04 19:00:00,0.0,0.115643874,0.09827397,0.0479793838262558,0.05698358466133012,True
1997-01-04 20:00:00,0.0,0.10972123,0.091554895,0.04543109764158726,0.05554962896662126,True
1997-01-04 21:00:00,0.0,0.09593951,0.079036064,0.039669626511633395,0.054141352290755625,True
1997-01-04 22:00:00,0.0,0.08400488,0.06969805,0.03476149508357048,0.0527527483417385,True
1997-01-04 23:00:00,0.0,0.06606068,0.054953676,0.027343888364732262,0.05127394824484016,True
1997-01-05 00:00:00,0.0,0.055603225,0.04483472,0.022938664924353362,0.04979413483696643,True
1997-01-05 01:00:00,0.0,0.044252772,0.03436694,0.01818508754298091,0.048322501228338824,True
1997-01-05 02:00:00,0.0,0.03573672,0.027515281,0.014672675225883721,0.04685869254174994,True
1997-01-05 03:00:00,0.0,0.030813044,0.022821607,0.012602379994466902,0.04538096739861301,True
1997-01-05 04:00:00,0.0,0.025251614,0.018408425,0.010311900498345494,0.043908564483545506,True
1997-01-05 05:00:00,0.0,0.020991443,0.015302761,0.00857219148427248,0.0424479994445306,True
1997-01-05 06:00:00,0.0,0.018083503,0.013182874,0.007384687967598438,0.04103301729375615,True
1997-01-05 07:00:00,1.5271024e-06,0.0142829735,0.010412289,0.005833561950205762,0.03963824328236167,True
1997-01-05 08:00:00,0.006673322,0.010175574,0.0074179927,0.008005865106359124,0.03826735758857201,True
1997-01-05 09:00:00,0.045917436,0.007443913,0.005426612,0.02953420172957703,0.03693732896188256,True
1997-01-05 10:00:00,0.10080648,0.005343816,0.0038956418,0.06034757287008688,0.035715677778596494,True
1997-01-05 11:00:00,0.14085358,0.0045485008,0.0033158571,0.08312997092539444,0.03448879050583832,True
1997-01-05 12:00:00,0.16315563,0.0032487332,0.0023683263,0.0954674708272796,0.033271905228729415,True
1997-01-05 13:00:00,0.15168484,0.002170082,0.0015819897,0.0884083377968054,0.03230606237604032,True
1997-01-05 14:00:00,0.1077029,0.0016453917,0.0011994905,0.06281649731157812,0.03150969854629367,True
1997-01-05 15:00:00,0.048120353,0.0016784467,0.0012235877,0.0284508644453017,0.030697898295544066,True
1997-01-05 16:00:00,0.0047071637,0.0015998832,0.0011663149,0.003369371340377256,0.029762509936579362,True
1997-01-05 17:00:00,0.0,0.0015218431,0.0011094237,0.0006214689969783649,0.02866208706903952,True
1997-01-05 18:00:00,0.0,0.001741149,0.0012692977,0.000711026054341346,0.027548711097334564,True
1997-01-05 19:00:00,0.0,0.0021570574,0.0015724949,0.0008808689040597528,0.026516727650640934,True
1997-01-05 20:00:00,0.0,0.002771058,0.0020201008,0.0011316058051306754,0.0255504232233662,True
1997-01-05 21:00:00,0.0,0.003264849,0.0023800752,0.0013332533673383294,0.024634771408310448,True
1997-01-05 22:00:00,0.0,0.00627078,0.004571399,0.002560773460194468,0.02383569037543301,True
1997-01-05 23:00:00,0.0,0.008592927,0.0062642437,0.0035090591870248315,0.023134211000638137,True
1997-01-06 00:00:00,0.0,0.008913489,0.006497934,0.003639965898357332,0.02259034404136863,True
1997-01-06 01:00:00,0.0,0.00900003,0.006561022,0.003675306374207139,0.022144990805144593,True
1997-01-06 02:00:00,0.0,0.008428698,0.006144522,0.003441993911750614,0.021806178234416697,True
1997-01-06 03:00:00,0.0,0.00835561,0.0060912394,0.0034121470442041754,0.021547960536628198,True
1997-01-06 04:00:00,0.0,0.008204444,0.00598104,0.003350416121073067,0.0213386846489603,True
1997-01-06 05:00:00,0.0,0.007897233,0.0057570827,0.003224961318075657,0.021182882327340016,True
1997-01-06 06:00:00,0.0,0.007476584,0.0054504294,0.0030531827034428714,0.02107419663870049,True
1997-01-06 07:00:00,9.796506e-07,0.007733203,0.005637504,0.0031585423919325423,0.02100437636020168,True
1997-01-06 08:00:00,0.0075714313,0.007783521,0.005674187,0.007547241224441677,0.020979634194390993,True
1997-01-06 09:00:00,0.05150251,0.006943386,0.005061729,0.032552391603589054,0.021040854047837038,True
1997-01-06 10:00:00,0.10841808,0.0047773453,0.0034826845,0.06450813595531509,0.021308297884552185,True
1997-01-06 11:00:00,0.15147223,0.0037109694,0.002705297,0.08891490800492464,0.02172319440752096,True
1997-01-06 12:00:00,0.16363405,0.0033115721,0.0024141362,0.09576917853904887,0.0223007384765065,True
1997-01-06 13:00:00,0.15418084,0.0029994592,0.002186606,0.0901872216335032,0.02283651354657062,True
1997-01-06 14:00:00,0.10940537,0.0028231402,0.0020580692,0.0642797721491661,0.02335776100733456,True
1997-01-06 15:00:00,0.049618468,0.0017843845,0.0013008164,0.029358537817606698,0.023779368168496032,True
1997-01-06 16:00:00,0.005216064,0.0022676624,0.0016531259,0.003935705123702064,0.024103936030586318,True
1997-01-06 17:00:00,0.0,0.0031352458,0.0022855941,0.001280327767599374,0.024323966632125306,True
1997-01-06 18:00:00,0.0,0.0037910661,0.0027636872,0.0015481425051111727,0.02454796130313589,True
1997-01-06 19:00:00,0.0,0.0039101476,0.0028504974,0.0015967713170684872,0.024782692906229573,True
1997-01-06 20:00:00,0.0,0.0036237359,0.0026417035,0.0014798105189111083,0.025044971646451093,True
1997-01-06 21:00:00,0.0,0.0032170576,0.002345235,0.0013137369335163385,0.02534149500315944,True
1997-01-06 22:00:00,0.0,0.0026703621,0.0019466939,0.0010904850934166461,0.025669957555234945,True
1997-01-06 23:00:00,0.0,0.003032266,0.002210522,0.0012382743197958917,0.025999360503848223,True
1997-01-07 00:00:00,0.0,0.003824289,0.0027879067,0.0015617095855996012,0.026317849183907314,True
1997-01-07 01:00:00,0.0,0.0047067683,0.003431234,0.001922084148041904,0.026657173802305992,True
1997-01-07 02:00:00,0.0,0.005578882,0.0040670047,0.002278225732035935,0.027012291624488358,True
1997-01-07 03:00:00,0.0,0.0062618763,0.004564908,0.002557137386407703,0.027373429354150363,True
1997-01-07 04:00:00,0.0,0.006938357,0.0050580623,0.0028333890605717897,0.02773997827530657,True
1997-01-07 05:00:00,0.0,0.008216351,0.0059897187,0.0033552784295752644,0.02811659672563947,True
1997-01-07 06:00:00,0.0,0.009876715,0.007200125,0.004033314599655569,0.028515847869553183,True
1997-01-07 07:00:00,2.3050604e-06,0.01137364,0.008291385,0.00464593799129284,0.028917701089915863,True
1997-01-07 08:00:00,0.009911616,0.012795912,0.00932822,0.010944418071769177,0.029301585867202197,True
1997-01-07 09:00:00,0.06304311,0.014682004,0.010703182,0.042371505891904235,0.029686599096386747,True
1997-01-07 10:00:00,0.12357287,0.021943696,0.015996955,0.08026260597258807,0.030178303670629604,True
1997-01-07 11:00:00,0.17614067,0.022575146,0.016457282,0.1108520862367004,0.030726908815594523,True
1997-01-07 12:00:00,0.19498482,0.0212516,0.015492418,0.1211846741903573,0.031325474641282554,True
1997-01-07 13:00:00,0.18213701,0.020411003,0.01487962,0.11342821591347456,0.03209229452567196,True
1997-01-07 14:00:00,0.12913197,0.020923615,0.015253315,0.08305364104732871,0.03271515360040126,True
1997-01-07 15:00:00,0.059972975,0.023081537,0.01682644,0.044030121825635433,0.033271490499306056,True
1997-01-07 16:00:00,0.006211273,0.025337407,0.01847097,0.013930840214248745,0.03365421869419672,True
1997-01-07 17:00:00,0.0,0.027850538,0.020303046,0.011373213205486536,0.03389558446119832,True
1997-01-07 18:00:00,0.0,0.029331882,0.02138294,0.011978143002837897,0.034100312996836746,True
1997-01-07 19:00:00,0.0,0.032985725,0.024046594,0.013470248434692621,0.03427673453670928,True
1997-01-07 20:00:00,0.0,0.037598204,0.02761092,0.015364726927131414,0.03442136888694136,True
1997-01-07 21:00:00,0.0,0.041787192,0.031110777,0.01709945586696267,0.03453436144491485,True
1997-01-07 22:00:00,0.0,0.044744655,0.034469206,0.01837211499363184,0.03461755306040055,True
1997-01-07 23:00:00,0.0,0.045796864,0.03513839,0.018796515829861162,0.034708351091138914,True
1997-01-08 00:00:00,0.0,0.048500054,0.037611626,0.019927547581493853,0.034780953541797374,True
1997-01-08 01:00:00,0.0,0.050337642,0.039747626,0.020720961838960647,0.0348292091664544,True
1997-01-08 02:00:00,0.0,0.050308935,0.04097422,0.020776604935526848,0.034864783677613614,True
1997-01-08 03:00:00,0.0,0.050729327,0.04235877,0.021006495259702208,0.03489033487514012,True
1997-01-08 04:00:00,0.0,0.05178685,0.042939883,0.021428101737052202,0.034911273716096786,True
1997-01-08 05:00:00,0.0,0.054138593,0.044664357,0.022389016225934026,0.03493525273174515,True
1997-01-08 06:00:00,0.0,0.0539882,0.04482392,0.0223421372808516,0.03496052838887323,True
1997-01-08 07:00:00,2.3915002e-06,0.052084796,0.04378411,0.021585011701676423,0.03498616241706537,True
1997-01-08 08:00:00,0.0101229595,0.04874845,0.040717613,0.02602787622530013,0.03500057026338003,True
1997-01-08 09:00:00,0.064677775,0.04558834,0.03727847,0.0561542111672461,0.034985812957181436,True
1997-01-08 10:00:00,0.1307441,0.037282947,0.030452404,0.09084118291363119,0.03487765312452506,True
1997-01-08 11:00:00,0.17908067,0.03464905,0.028352292,0.11764606763795019,0.034655046526009065,True
1997-01-08 12:00:00,0.20625614,0.03283312,0.026876304,0.13257653298974037,0.034243050843880976,True
1997-01-08 13:00:00,0.18583697,0.031104846,0.025534017,0.12008445722050963,0.03381405017142355,True
1997-01-08 14:00:00,0.13724999,0.028600322,0.02291073,0.0909839432965964,0.03344264929331854,True
1997-01-08 15:00:00,0.062490936,0.028441122,0.021804573,0.04772949117235839,0.03319639660279903,True
1997-01-08 16:00:00,0.006955173,0.028097512,0.0211138,0.015521261939778925,0.03314176064653648,True
1997-01-08 17:00:00,0.0,0.027146554,0.020189244,0.011107297478243709,0.0332308458064859,True
1997-01-08 18:00:00,0.0,0.024523811,0.017909074,0.010016376418992877,0.033307274648983885,True
1997-01-08 19:00:00,0.0,0.020910703,0.015243905,0.008539220128208399,0.03337662934262205,True
1997-01-08 20:00:00,0.0,0.016905064,0.012323792,0.006903453301638365,0.033411469350400305,True
1997-01-08 21:00:00,0.0,0.012995535,0.009473745,0.005306934476830065,0.03337888956961121,True
1997-01-08 22:00:00,0.0,0.0133429095,0.009726981,0.005448790568858385,0.03325661125715721,True
1997-01-08 23:00:00,0.0,0.0115660755,0.008431668,0.004723191951401532,0.033046012034703906,True
1997-01-09 00:00:00,0.0,0.009496333,0.006922827,0.003877979569137096,0.03279650723602988,True
1997-01-09 01:00:00,0.0,0.008888254,0.0064795366,0.003629660683684051,0.0325176029570344,True
1997-01-09 02:00:00,0.0,0.008582211,0.006256432,0.0035046832133084536,0.032234282519732524,True
1997-01-09 03:00:00,0.0,0.0087230615,0.006359112,0.0035622017523273823,0.031964958905888644,True
1997-01-09 04:00:00,0.0,0.009756889,0.007112772,0.00398438181169331,0.03169919327687837,True
1997-01-09 05:00:00,0.0,0.011187293,0.008155537,0.004568509971722961,0.03143316553178608,True
1997-01-09 06:00:00,0.0,0.01288978,0.00939665,0.005263747952878475,0.0311365493260733,True
1997-01-09 07:00:00,2.7948856e-06,0.01306647,0.0095254565,0.005337514614396468,0.030824790610530336,True
1997-01-09 08:00:00,0.0079394635,0.013847864,0.010095093,0.010236067374236883,0.030507611284902526,True
1997-01-09 09:00:00,0.050894983,0.019133396,0.013948248,0.037179833924397825,0.030191290648689854,True
1997-01-09 10:00:00,0.102143675,0.0260565,0.018995188,0.0695774892438203,0.02977356274404335,True
1997-01-09 11:00:00,0.13981487,0.025474977,0.018571258,0.09107629349455237,0.029309699745787517,True
1997-01-09 12:00:00,0.1546416,0.02782863,0.02029028,0.10059264191240071,0.028782492362444803,True
1997-01-09 13:00:00,0.14393964,0.03072538,0.022409884,0.09560097376443445,0.028106038642772523,True
1997-01-09 14:00:00,0.09975229,0.03346466,0.024592226,0.07123351190239191,0.02751036942080522,True
1997-01-09 15:00:00,0.04734035,0.03448654,0.025308922,0.04140759592503309,0.026998766831798374,True
1997-01-09 16:00:00,0.005759366,0.036333743,0.02734486,0.01820692789182067,0.02668498343203765,True
1997-01-09 17:00:00,0.0,0.036640704,0.028173666,0.015041797645390032,0.026544702519426793,True
1997-01-09 18:00:00,0.0,0.03728538,0.02868265,0.015307168297469614,0.026432644926823415,True
1997-01-09 19:00:00,0.0,0.036927093,0.028082807,0.015142568808048963,0.02633776519662628,True
1997-01-09 20:00:00,0.0,0.033729855,0.025084833,0.013800897449254989,0.02626210135296846,True
1997-01-09 21:00:00,0.0,0.027500078,0.020047557,0.011230096869170664,0.026218089130180165,True
1997-01-09 22:00:00,0.0,0.020235162,0.014751434,0.008263352315872908,0.026186622063102405,True
1997-01-09 23:00:00,0.0,0.016701404,0.0121753225,0.006820285493507982,0.02613104231896854,True
1997-01-10 00:00:00,0.0,0.016015394,0.011675221,0.006540142189711332,0.026098996005716475,True
1997-01-10 01:00:00,0.0,0.01743921,0.012713186,0.00712158084847033,0.026090175153975582,True
1997-01-10 02:00:00,0.0,0.019220678,0.014011875,0.00784907147102058,0.026085728891889308,True
1997-01-10 03:00:00,0.0,0.020201841,0.014727141,0.008249745067209005,0.026067395298273042,True
1997-01-10 04:00:00,0.0,0.021203455,0.015457319,0.008658769972622394,0.02602937882841492,True
1997-01-10 05:00:00,0.0,0.01996111,0.014551648,0.008151438351720572,0.025976659370932468,True
1997-01-10 06:00:00,0.0,0.018066438,0.013170432,0.0073777189347893,0.0259122960390347,True
1997-01-10 07:00:00,2.593193e-06,0.01557159,0.01135169,0.006360404071541552,0.025830482595495273,True
1997-01-10 08:00:00,0.008489854,0.014560076,0.010614295,0.010844485687091947,0.025745626066929574,True
1997-01-10 09:00:00,0.054017678,0.012084923,0.008809909,0.036103271744213995,0.02566507803873472,True
1997-01-10 10:00:00,0.10975703,0.012846205,0.009364884,0.06857575899735092,0.02563150431979916,True
1997-01-10 11:00:00,0.1528206,0.01019337,0.007430967,0.09234011323750019,0.025574462397651543,True
1997-01-10 12:00:00,0.16764225,0.008269973,0.00602881,0.10010675444547086,0.025675923747511917,True
1997-01-10 13:00:00,0.15245128,0.008639181,0.006297964,0.09149233456607907,0.025798803229017675,True
1997-01-10 14:00:00,0.10905417,0.008577508,0.0062530036,0.06642701902426779,0.02586247185230297,True
1997-01-10 15:00:00,0.050185688,0.009086815,0.0066242865,0.03266788798384368,0.025904735721276016,True
1997-01-10 16:00:00,0.0065894183,0.012208861,0.008900259,0.008787778134457767,0.025886570657173508,True
1997-01-10 17:00:00,0.0,0.014027938,0.010226367,0.005728533033281564,0.02574476544131838,True
1997-01-10 18:00:00,0.0,0.013375622,0.009750829,0.00546214936953038,0.025612981264679126,True
1997-01-10 19:00:00,0.0,0.012017053,0.00876043,0.004907355632632971,0.02558108815244808,True
1997-01-10 20:00:00,0.0,0.011731796,0.00855248,0.004790866607800126,0.025640664720408983,True
1997-01-10 21:00:00,0.0,0.009296845,0.006777399,0.003796515257097781,0.025779377394788333,True
1997-01-10 22:00:00,0.0,0.0068099764,0.004964473,0.0027809628504328427,0.025986339856837314,True
1997-01-10 23:00:00,0.0,0.0077993,0.00568569,0.0031849689153023064,0.026255762438955152,True
1997-01-11 00:00:00,0.0,0.008459516,0.0061669876,0.0034545786855742335,0.026586033931550936,True
1997-01-11 01:00:00,0.0,0.008365633,0.006098547,0.0034162401035428046,0.026970149699681804,True
1997-01-11 02:00:00,0.0,0.006427251,0.004685466,0.0026246707197278736,0.027395725917270776,True
1997-01-11 03:00:00,0.0,0.004254544,0.003101563,0.0017374111991375683,0.027863037207247126,True
1997-01-11 04:00:00,0.0,0.003560159,0.002595356,0.001453847852535546,0.02834434737948644,True
1997-01-11 05:00:00,0.0,0.0036219226,0.0026403817,0.0014790700406301766,0.028843907647616594,True
1997-01-11 06:00:00,0.0,0.0032732957,0.0023862324,0.001336702662985772,0.029413027644706324,True
1997-01-11 07:00:00,3.63047e-06,0.0030911155,0.002253423,0.0012644012432429007,0.03005170136477276,True
1997-01-11 08:00:00,0.008764012,0.0032150748,0.0023437894,0.006369762020884081,0.03076239955035635,True
1997-01-11 09:00:00,0.05759934,0.005714179,0.004165637,0.035568295415490864,0.031594308881325556,True
1997-01-11 10:00:00,0.111880854,0.0055935713,0.0040777135,0.06683947698073461,0.03271404594006769,True
1997-01-11 11:00:00,0.16319579,0.004364879,0.0031819965,0.09594643828785046,0.03406080413953533,True
1997-01-11 12:00:00,0.18073764,0.0054001464,0.003936707,0.10649085702467709,0.03552245315492594,True
1997-01-11 13:00:00,0.16726689,0.0052503683,0.003827519,0.0986570676821284,0.0370449652752565,True
1997-01-11 14:00:00,0.12219425,0.0067490772,0.0049200775,0.07326217761309817,0.038514062638262354,True
1997-01-11 15:00:00,0.06079974,0.013356212,0.009736679,0.04053567284811288,0.039904939773476755,True
1997-01-11 16:00:00,0.008678436,0.015654633,0.0114122275,0.011400277530774475,0.04110215716562986,True
1997-01-11 17:00:00,5.762651e-08,0.021343902,0.015559707,0.008716157166705915,0.04210833979792248,True
1997-01-11 18:00:00,0.0,0.03361689,0.025401236,0.01377629891037941,0.04309016567830575,True
1997-01-11 19:00:00,0.0,0.043558545,0.03572483,0.01800224407017231,0.044110643290750415,True
1997-01-11 20:00:00,0.0,0.049295813,0.04201761,0.02045910581946373,0.04516302123626109,True
1997-01-11 21:00:00,0.0,0.05103405,0.043198727,0.02116429504752159,0.046214211273657824,True
1997-01-11 22:00:00,0.0,0.050797746,0.045393854,0.02119563625752926,0.047280592960315955,True
1997-01-11 23:00:00,0.0,0.054302823,0.048806954,0.02267331713810563,0.04835998989744574,True
1997-01-12 00:00:00,0.0,0.059784103,0.054025277,0.02497769905999303,0.04942871502741353,True
1997-01-12 01:00:00,0.0,0.06592252,0.059700537,0.02754923929274082,0.0505103982467658,True
1997-01-12 02:00:00,0.0,0.07250778,0.065271184,0.030280013389885427,0.05161221993896059,True
1997-01-12 03:00:00,0.0,0.075138025,0.06716115,0.031352633334696296,0.05273127914389941,True
1997-01-12 04:00:00,0.0,0.0782129,0.069946334,0.03263766284286976,0.05386162815354645,True
1997-01-12 05:00:00,0.0,0.085077465,0.07547433,0.035469198212027556,0.05499350115122387,True
1997-01-12 06:00:00,0.0,0.09123191,0.08091633,0.03803405749797821,0.056121804376623445,True
1997-01-12 07:00:00,6.598235e-06,0.097119324,0.085797764,0.0404739169795539,0.05725248343043084,True
1997-01-12 08:00:00,0.012090473,0.1051689,0.09245566,0.05077613357361406,0.05838377715978049,True
1997-01-12 09:00:00,0.07386353,0.11331869,0.10031108,0.08985065056383609,0.05956354744520422,True
1997-01-12 10:00:00,0.14287841,0.12136106,0.11105697,0.13322015257179737,0.060816934738594536,False
1997-01-12 11:00:00,0.19302858,0.122081466,0.11247615,0.16249926597625017,0.062123637182449024,False
1997-01-12 12:00:00,0.21326123,0.11978288,0.10992079,0.1731873362213373,0.063404162000569,False
1997-01-12 13:00:00,0.19465615,0.11869304,0.10916072,0.16200900799036028,0.0648210382926386,False
1997-01-12 14:00:00,0.1433715,0.12058151,0.11054063,0.1331891215145588,0.06622248096733543,False
1997-01-12 15:00:00,0.06938646,0.119709216,0.10973398,0.0901343228071928,0.06759929623896718,False
1997-01-12 16:00:00,0.009749656,0.12290555,0.11308971,0.05708454448450356,0.06885299496878011,False
1997-01-12 17:00:00,1.7287954e-07,0.12622622,0.1162704,0.052856175291678534,0.06998810029799657,False
1997-01-12 18:00:00,0.0,0.13010661,0.11918027,0.05444507476687431,0.07101228541505986,False
1997-01-12 19:00:00,0.0,0.1325427,0.12061557,0.055421497017145153,0.07189052348488473,False
1997-01-12 20:00:00,0.0,0.13212495,0.1202571,0.05524798840284347,0.07266817320694678,False
1997-01-12 21:00:00,0.0,0.13143474,0.12006329,0.05498283621668816,0.07337283461259209,False
1997-01-12 22:00:00,0.0,0.1305836,0.118641995,0.05459201583266258,0.07403374236354135,False
1997-01-12 23:00:00,0.0,0.13028416,0.1186837,0.054483775153756145,0.07469534559731834,False
1997-01-13 00:00:00,0.0,0.13227351,0.12160089,0.055375373214483256,0.07528691101933362,False
1997-01-13 01:00:00,0.0,0.1345514,0.12322616,0.056303681328892706,0.07571783952459225,False
1997-01-13 02:00:00,0.0,0.13472584,0.12269774,0.0563395125567913,0.07602838739284778,False
1997-01-13 03:00:00,0.0,0.13385096,0.12228072,0.05599416366219521,0.07622724312820936,False
1997-01-13 04:00:00,0.0,0.13331594,0.12204021,0.05578375174105167,0.07637986932739148,False
1997-01-13 05:00:00,0.0,0.13292658,0.121994734,0.05563762485980988,0.07644198751959483,False
1997-01-13 06:00:00,0.0,0.13285598,0.12195259,0.05560929724574089,0.07637979204764121,False
1997-01-13 07:00:00,9.1338015e-06,0.13272548,0.12195424,0.05556650025202634,0.0761967325550271,False
1997-01-13 08:00:00,0.012759115,0.132952,0.12180439,0.06299873572122305,0.07590454545110345,False
1997-01-13 09:00:00,0.06758503,0.13565621,0.12365154,0.09573088549822568,0.07555811874847507,False
1997-01-13 10:00:00,0.13025561,0.13020532,0.11773972,0.1295611942857504,0.0752873540789164,False
1997-01-13 11:00:00,0.17355317,0.13699651,0.12443963,0.15741162955760957,0.075082904024667,False
1997-01-13 12:00:00,0.19914241,0.1424766,0.13003483,0.1745009190440178,0.07501322091510167,False
1997-01-13 13:00:00,0.18297555,0.1442472,0.13189274,0.1659263160675764,0.07495471756617807,False
1997-01-13 14:00:00,0.13727945,0.1436808,0.13186766,0.13934931065142153,0.0748270009892647,False
1997-01-13 15:00:00,0.071203485,0.14240542,0.13113335,0.10071321187913418,0.07453459871164171,False
1997-01-13 16:00:00,0.011090625,0.14206155,0.13083948,0.06588533333316446,0.0740586048827937,False
1997-01-13 17:00:00,5.762651e-07,0.13825421,0.12705383,0.05787704278574364,0.07337856762397992,False
1997-01-13 18:00:00,0.0,0.1335624,0.1230963,0.05593172626197338,0.07262626012614797,False
1997-01-13 19:00:00,0.0,0.13210729,0.121885955,0.05532943072915077,0.07185799398030954,False
1997-01-13 20:00:00,0.0,0.12973896,0.11868849,0.05428285329043865,0.0710888695911491,False
1997-01-13 21:00:00,0.0,0.12661874,0.11417687,0.052887867093086245,0.07034011283344457,False
1997-01-13 22:00:00,0.0,0.12704703,0.11244883,0.05295259147882461,0.06961193446386474,False
1997-01-13 23:00:00,0.0,0.123273194,0.10334535,0.05106845739483833,0.0688488580488121,False
1997-01-14 00:00:00,0.0,0.11044353,0.09090007,0.045662267312407495,0.06812766359480898,False
1997-01-14 01:00:00,0.0,0.10272112,0.08428601,0.042455536969006065,0.06739403962427619,False
1997-01-14 02:00:00,0.0,0.09637562,0.07893489,0.03982508868724108,0.06665718229198697,False
1997-01-14 03:00:00,0.0,0.09369597,0.07601627,0.0386786908954382,0.06591922084162812,False
1997-01-14 04:00:00,0.0,0.086419076,0.069086984,0.035619336068630214,0.06521494243028442,False
1997-01-14 05:00:00,0.0,0.078866266,0.06263266,0.03248381555825472,0.0644819565537838,False
1997-01-14 06:00:00,0.0,0.0712323,0.054860823,0.02924720185250044,0.063730335703258,False
1997-01-14 07:00:00,1.1352422e-05,0.064552456,0.048565358,0.026448935991218604,0.06297506859702857,False
1997-01-14 08:00:00,0.015349254,0.06181838,0.045928705,0.03414765184745192,0.06224381717581308,False
1997-01-14 09:00:00,0.08933189,0.061961338,0.04529099,0.07685394642502069,0.06156819332419823,False
1997-01-14 10:00:00,0.17548613,0.054243132,0.039543252,0.12340654996782541,0.06113831826793889,False
1997-01-14 11:00:00,0.23725997,0.054488406,0.03980098,0.15915447671711444,0.060955828927124436,False
1997-01-14 12:00:00,0.25849274,0.051959652,0.038069516,0.17037917547300457,0.060963675888077565,False
1997-01-14 13:00:00,0.23638855,0.047640543,0.03524183,0.1558786122985184,0.060866682132916426,False
1997-01-14 14:00:00,0.17445938,0.04519133,0.03361385,0.11915381218865513,0.060642281160357,False
1997-01-14 15:00:00,0.087057546,0.041699793,0.030873915,0.0672866190224886,0.06016348750068268,False
1997-01-14 16:00:00,0.012985096,0.04149349,0.030356621,0.024442756061442198,0.059356214201521026,True
1997-01-14 17:00:00,1.3830361e-06,0.041000213,0.029917382,0.01674541539574443,0.05831772873284534,True
1997-01-14 18:00:00,0.0,0.043013226,0.031415172,0.017568299766629932,0.05726290199012293,True
1997-01-14 19:00:00,0.0,0.045292355,0.033160135,0.018503526337444783,0.05624022441884301,True
1997-01-14 20:00:00,0.0,0.047255192,0.034638856,0.0193076640330255,0.05521507525499475,True
1997-01-14 21:00:00,0.0,0.049024355,0.035931252,0.020030274476855993,0.0542049368531749,True
1997-01-14 22:00:00,0.0,0.043990802,0.032069296,0.017964347910135986,0.05321640546000128,True
1997-01-14 23:00:00,0.0,0.04864862,0.03546484,0.019866441361606122,0.052210559941567786,True
1997-01-15 00:00:00,0.0,0.049370963,0.03599143,0.020161422628909346,0.05124085191564665,True
1997-01-15 01:00:00,0.0,0.05126057,0.03739592,0.020934529379010202,0.05039621010489793,True
1997-01-15 02:00:00,0.0,0.051222097,0.03734091,0.02091736293956637,0.04962191409876834,True
1997-01-15 03:00:00,0.0,0.05433557,0.039610628,0.022188799917697906,0.04889168650211797,True
1997-01-15 04:00:00,0.0,0.050445996,0.03677513,0.020600429669022563,0.048172623437568854,True
1997-01-15 05:00:00,0.0,0.04789778,0.034917478,0.019559824034571648,0.047504042063870315,True
1997-01-15 06:00:00,0.0,0.047399823,0.034554474,0.019356476146727798,0.04689527745361704,True
1997-01-15 07:00:00,1.4147307e-05,0.050097875,0.036521353,0.02046643203368239,0.04634431478823682,True
1997-01-15 08:00:00,0.016401945,0.051681258,0.03767564,0.030568790843710305,0.04584990441414291,True
1997-01-15 09:00:00,0.094146185,0.05087234,0.037085935,0.07509688279777764,0.04540410956712514,True
1997-01-15 10:00:00,0.185103,0.0342763,0.024987426,0.12080170592665672,0.045017695282365475,True
1997-01-15 11:00:00,0.25009272,0.033021327,0.024072545,0.15778828368335962,0.04470250749365152,True
1997-01-15 12:00:00,0.27160344,0.03215262,0.023439262,0.169845218796283,0.04439353617188828,True
1997-01-15 13:00:00,0.24833162,0.029061489,0.021185825,0.1551550693847239,0.04410143588118834,True
1997-01-15 14:00:00,0.18381089,0.025242874,0.018402055,0.11636721498705446,0.04384090088622447,True
1997-01-15 15:00:00,0.092117794,0.021578992,0.015731083,0.06196409351937472,0.04359233491915586,True
1997-01-15 16:00:00,0.014220983,0.019180156,0.013982335,0.016038030836731193,0.04335939068455168,True
1997-01-15 17:00:00,2.9965784e-06,0.017738083,0.012931062,0.007245359135068383,0.043088496965009604,True
1997-01-15 18:00:00,0.0,0.016757524,0.012216234,0.0068432028405368325,0.04281305202326213,True
1997-01-15 19:00:00,0.0,0.014992117,0.010929254,0.00612227086443454,0.042537611833623964,True
1997-01-15 20:00:00,0.0,0.014193664,0.010347183,0.005796210003085434,0.04225127164666949,True
1997-01-15 21:00:00,0.0,0.013317368,0.00970836,0.005438360220752656,0.04195465567757085,True
1997-01-15 22:00:00,0.0,0.011440733,0.008340295,0.004672006594017148,0.041645059450263505,True
1997-01-15 23:00:00,0.0,0.011074556,0.008073351,0.004522472150623799,0.04136596181665256,True
1997-01-16 00:00:00,0.0,0.012536451,0.009139072,0.005119460396468639,0.04104228391902463,True
1997-01-16 01:00:00,0.0,0.012952422,0.009442315,0.005289328674785793,0.040705260420825215,True
1997-01-16 02:00:00,0.0,0.011690895,0.008522662,0.004774164048023522,0.04036322413922928,True
1997-01-16 03:00:00,0.0,0.010195912,0.0074328207,0.004163663797080517,0.04004392038666585,True
1997-01-16 04:00:00,0.0,0.0086379135,0.006297038,0.003527430131100118,0.039740099891521385,True
1997-01-16 05:00:00,0.0,0.007990661,0.0058251913,0.003263114266097545,0.03948875746989099,True
1997-01-16 06:00:00,0.0,0.0068590282,0.0050002313,0.0028009939142502843,0.03926816159751208,True
1997-01-16 07:00:00,1.8526924e-05,0.0066277506,0.0048316303,0.0027172380347110447,0.03906773002558796,True
1997-01-16 08:00:00,0.017531654,0.006449447,0.0047016474,0.012749499190598727,0.0388739849267683,True
1997-01-16 09:00:00,0.096125945,0.00695795,0.0050723455,0.058306060756556685,0.03869997339509432,True
1997-01-16 10:00:00,0.18385248,0.0053742374,0.0039178184,0.1082775361095555,0.03858562481376191,True
1997-01-16 11:00:00,0.24660197,0.0049820924,0.0036319455,0.14432385327247899,0.03854545200949849,True
1997-01-16 12:00:00,0.26779574,0.0045062974,0.0032850907,0.15635836151940746,0.0385153705561922,True
1997-01-16 13:00:00,0.245181,0.004661257,0.0033980564,0.1433729325402528,0.03852428054797932,True
1997-01-16 14:00:00,0.18275571,0.0043407185,0.0031643838,0.1072226457693614,0.038567731323884843,True
1997-01-16 15:00:00,0.093550496,0.0052077295,0.003796435,0.05610529576148837,0.038634938757245774,True
1997-01-16 16:00:00,0.015271168,0.006436367,0.0046921116,0.011439857523422687,0.038711844193399916,True
1997-01-16 17:00:00,5.6473978e-06,0.008621677,0.0062852018,0.003524058191865606,0.03880322620986654,True
1997-01-16 18:00:00,0.0,0.010645281,0.0077604097,0.0043471706639975315,0.03891690440391201,True
1997-01-16 19:00:00,0.0,0.011654245,0.0084959455,0.004759197363629937,0.03907925029992136,True
1997-01-16 20:00:00,0.0,0.012415572,0.009050952,0.005070097516290844,0.03930149587211442,True
1997-01-16 21:00:00,0.0,0.012659368,0.00922868,0.005169655566103756,0.03959302853230863,True
1997-01-16 22:00:00,0.0,0.011185215,0.0081540225,0.004567661496810615,0.039952907600116556,True
1997-01-16 23:00:00,0.0,0.010602994,0.007729584,0.004329902275465428,0.040303288749444874,True
1997-01-17 00:00:00,0.0,0.009756676,0.0071126167,0.003984294715337455,0.040702272539984076,True
1997-01-17 01:00:00,0.0,0.0110606365,0.008063204,0.004516787862405181,0.041147692458264176,True
1997-01-17 02:00:00,0.0,0.013690618,0.00998046,0.005590782816521823,0.041625139242471305,True
1997-01-17 03:00:00,0.0,0.018624019,0.013576911,0.007605416150763631,0.04216721045368129,True
1997-01-17 04:00:00,0.0,0.020902801,0.0152381435,0.008535993430763483,0.04276846994695031,True
1997-01-17 05:00:00,0.0,0.021968583,0.016015096,0.008971222160384058,0.043436655542547914,True
1997-01-17 06:00:00,0.0,0.023840772,0.017379923,0.009735760694369672,0.04413473389084927,True
1997-01-17 07:00:00,2.2676033e-05,0.027312713,0.019910967,0.011166667290339318,0.044879450573582544,True
1997-01-17 08:00:00,0.018175285,0.028722024,0.020938352,0.022216237323358656,0.0456380922208265,True
1997-01-17 09:00:00,0.09986438,0.029352112,0.02139769,0.06960815089382232,0.04636895041907715,True
1997-01-17 10:00:00,0.19117038,0.02098143,0.015295463,0.11887341132201254,0.04677753384462523,True
1997-01-17 11:00:00,0.2558041,0.021415625,0.01561199,0.1563443739246577,0.04660861733761232,True
1997-01-17 12:00:00,0.27821103,0.02386373,0.017396659,0.17027289840206503,0.046103024645211446,True
1997-01-17 13:00:00,0.2542784,0.025766285,0.01878362,0.15724070662818848,0.045458136311089664,True
1997-01-17 14:00:00,0.18988705,0.02455725,0.017902235,0.11959317178837954,0.044804290096059796,True
1997-01-17 15:00:00,0.096884534,0.023883425,0.017411014,0.06565555445477367,0.044403983499124916,True
1997-01-17 16:00:00,0.016347026,0.026917357,0.019622752,0.02042436762712896,0.044456130315615294,True
1997-01-17 17:00:00,9.969386e-06,0.03109015,0.02266472,0.012701912449250811,0.044889220263146984,True
1997-01-17 18:00:00,0.0,0.035839923,0.026127303,0.014635805848985911,0.04533336061359729,True
1997-01-17 19:00:00,0.0,0.04111522,0.029972998,0.016790058329701422,0.045751527300028794,True
1997-01-17 20:00:00,0.0,0.048396204,0.035769973,0.01978977769240737,0.04617710164565939,True
1997-01-17 21:00:00,0.0,0.055467956,0.041571848,0.02271255547553301,0.04657846002115981,True
1997-01-17 22:00:00,0.0,0.052584965,0.03863796,0.021490301761776208,0.04692263542329307,True
1997-01-17 23:00:00,0.0,0.05775208,0.043762527,0.02367369409650564,0.04722494865719342,True
1997-01-18 00:00:00,0.0,0.06441115,0.05059079,0.02649961647391319,0.047490632856887496,True
1997-01-18 01:00:00,0.0,0.06861268,0.05349436,0.028206774316728113,0.0477185957870504,True
1997-01-18 02:00:00,0.0,0.07507297,0.057252917,0.03079358218610287,0.047911366898781824,True
1997-01-18 03:00:00,0.0,0.08063135,0.060576856,0.03302411947399378,0.048067299821105525,True
1997-01-18 04:00:00,0.0,0.08680474,0.06609981,0.03560033871978521,0.048157955526298576,True
1997-01-18 05:00:00,0.0,0.08978393,0.06741861,0.03677087498456239,0.048198973536997765,True
1997-01-18 06:00:00,0.0,0.094086654,0.07091517,0.03854739468544721,0.048205765760544424,True
1997-01-18 07:00:00,2.9245452e-05,0.095479324,0.07191281,0.03913203710242123,0.048184607945772555,True
1997-01-18 08:00:00,0.015021933,0.09565003,0.07163288,0.04783069270662963,0.04813860862392605,True
1997-01-18 09:00:00,0.06544381,0.09806718,0.07352222,0.07791806518286466,0.04800627722006119,True
1997-01-18 10:00:00,0.114520326,0.08341376,0.06132665,0.10016954377293585,0.047339640871475595,True
1997-01-18 11:00:00,0.14476992,0.08927378,0.0663173,0.12005540403723716,0.04612419343461266,True
1997-01-18 12:00:00,0.1523118,0.09152824,0.06936838,0.12540372148156165,0.04449762465392455,True
1997-01-18 13:00:00,0.13334666,0.08536289,0.06571082,0.11198831421881912,0.042689548930628055,True
1997-01-18 14:00:00,0.097460195,0.07717444,0.061037555,0.0880079291164875,0.041010676716909736,True
1997-01-18 15:00:00,0.051040173,0.070653625,0.05716622,0.05860834295302629,0.03963533642619289,True
1997-01-18 16:00:00,0.009501977,0.06470299,0.05315059,0.0322281750049442,0.038878932531903096,True
1997-01-18 17:00:00,1.2793084e-05,0.06003967,0.04964399,0.0248427950134801,0.03859233415660315,True
1997-01-18 18:00:00,0.0,0.05908067,0.04848896,0.024419171612709758,0.03836892410269391,True
1997-01-18 19:00:00,0.0,0.060990535,0.049652938,0.02518676595389843,0.03809786020144272,True
1997-01-18 20:00:00,0.0,0.058892656,0.048220545,0.0243352995403111,0.03778831735262682,True
1997-01-18 21:00:00,0.0,0.052437656,0.043344073,0.021690074868500234,0.03742916813973604,True
1997-01-18 22:00:00,0.0,0.04628304,0.037041757,0.019078696724027393,0.03701883112849352,True
1997-01-18 23:00:00,0.0,0.041727755,0.031207448,0.017082743860781194,0.03662116752280306,True
1997-01-19 00:00:00,0.0,0.036551807,0.02664627,0.014926515363156796,0.03617193516894511,True
1997-01-19 01:00:00,0.0,0.033719264,0.024581349,0.01376980122551322,0.03565214143712981,True
1997-01-19 02:00:00,0.0,0.031977806,0.023625048,0.013075563088059424,0.035088190600718716,True
1997-01-19 03:00:00,0.0,0.029164294,0.022134548,0.011956890000030399,0.03447301759521977,True
1997-01-19 04:00:00,0.0,0.025700679,0.0189131,0.010504857944324613,0.033816194977428285,True
1997-01-19 05:00:00,0.0,0.022757908,0.016658902,0.00929724889062345,0.03310556488515319,True
1997-01-19 06:00:00,0.0,0.02133412,0.01570177,0.008720185585319996,0.03236596043447824,True
1997-01-19 07:00:00,3.3596254e-05,0.021890448,0.015958136,0.00895869984170713,0.03158704984110116,True
1997-01-19 08:00:00,0.010780191,0.023616461,0.0172164,0.015864329937845468,0.03079482136504997,True
1997-01-19 09:00:00,0.04765329,0.024766158,0.01805453,0.0376096061617136,0.02993154763844835,True
1997-01-19 10:00:00,0.09271653,0.01722596,0.012557726,0.06053193435259163,0.028799614226050138,True
1997-01-19 11:00:00,0.12526388,0.014672649,0.010696361,0.07826907245162874,0.027489987838118304,True
1997-01-19 12:00:00,0.13529855,0.013267511,0.009672016,0.08348526368383319,0.026068239919169386,True
1997-01-19 13:00:00,0.12521338,0.010791098,0.00786671,0.07665484036970882,0.024592298915093035,True
1997-01-19 14:00:00,0.08687433,0.008449161,0.0061594388,0.053576837833970783,0.02331570233305432,True
1997-01-19 15:00:00,0.045819815,0.007126289,0.005195065,0.029348167528863992,0.0222857049657031,True
1997-01-19 16:00:00,0.0073347595,0.0059639867,0.0043477463,0.006667645612731575,0.021540731135112977,True
1997-01-19 17:00:00,6.511795e-06,0.004835056,0.0035247563,0.001978229861606906,0.02098313837498175,True
1997-01-19 18:00:00,0.0,0.0039786333,0.002900424,0.0016247385889291764,0.02049294777884348,True
1997-01-19 19:00:00,0.0,0.004731054,0.0034489385,0.0019320015865378082,0.020008160243804703,True
1997-01-19 20:00:00,0.0,0.0062459055,0.0045532654,0.002550615473650396,0.019505114366610322,True
1997-01-19 21:00:00,0.0,0.0073864595,0.0053847292,0.0030163789358921347,0.01901826036192211,True
1997-01-19 22:00:00,0.0,0.005883077,0.0042887633,0.0024024486886337396,0.018579281595605388,True
1997-01-19 23:00:00,0.0,0.0051682587,0.0037676604,0.0021105411113239827,0.018193465772656743,True
1997-01-20 00:00:00,0.0,0.0037944329,0.0027661412,0.0015495173467788845,0.01785061487598137,True
1997-01-20 01:00:00,0.0,0.0027845956,0.0020299703,0.0011371341689955443,0.01756040556563381,True
1997-01-20 02:00:00,0.0,0.003098392,0.0022587278,0.0012652779221534727,0.0172996994895118,True
1997-01-20 03:00:00,0.0,0.0036649324,0.002671736,0.0014966338200028985,0.017060314747960326,True
1997-01-20 04:00:00,0.0,0.0036489186,0.0026600617,0.0014900942905806003,0.01684485299532094,True
1997-01-20 05:00:00,0.0,0.0031096158,0.00226691,0.0012698613521642983,0.01665969014355938,True
1997-01-20 06:00:00,0.0,0.0028398207,0.002070229,0.001159686203347519,0.016505359719671795,True
1997-01-20 07:00:00,3.5901314e-05,0.0026553513,0.0019357512,0.0011050702519642072,0.016371671646124703,True
1997-01-20 08:00:00,0.008835066,0.0031729396,0.0023130733,0.0063935538297519075,0.016259049793646993,True
1997-01-20 09:00:00,0.037939854,0.0041481555,0.0030240053,0.02358526138775051,0.016191185680858183,True
1997-01-20 10:00:00,0.06316193,0.0021134042,0.0015406717,0.03730747715220787,0.016304630579834195,True
1997-01-20 11:00:00,0.08866633,0.0015942391,0.0011622006,0.051811503927689045,0.01670745548898883,True
1997-01-20 12:00:00,0.093544476,0.0014285978,0.0010414479,0.054558553285896774,0.01724586513712212,True
1997-01-20 13:00:00,0.08728155,0.0008576262,0.0006252095,0.050711678280960765,0.017995793836210555,True
1997-01-20 14:00:00,0.066241235,0.00084939285,0.0006192073,0.038568055483628995,0.018716440821376794,True
1997-01-20 15:00:00,0.038229454,0.0019374873,0.0014124286,0.022849599084700457,0.01950447941641309,True
1997-01-20 16:00:00,0.007600475,0.002640397,0.0019248495,0.0054637225186452264,0.02008648611082254,True
1997-01-20 17:00:00,2.230146e-05,0.003185325,0.002322102,0.0013136463988430477,0.0204591069417946,True
1997-01-20 18:00:00,0.0,0.0028145583,0.002051813,0.0011493699308484792,0.02079126073462305,True
1997-01-20 19:00:00,0.0,0.0025481158,0.0018575763,0.0010405638485681266,0.021214483895295982,True
1997-01-20 20:00:00,0.0,0.0023662776,0.0017250162,0.0009663073152769357,0.021731890675656014,True
1997-01-20 21:00:00,0.0,0.0015160275,0.0011051841,0.0006190940852975473,0.022338546663275904,True
1997-01-20 22:00:00,0.0,0.0013701856,0.0009988652,0.0005595372224925086,0.02301113788191344,True
1997-01-20 23:00:00,0.0,0.0015326957,0.0011173352,0.000625900820363313,0.023705165723528463,True
1997-01-21 00:00:00,0.0,0.0024401357,0.0017788592,0.0009964684664737432,0.024443987779072467,True
1997-01-21 01:00:00,0.0,0.003075451,0.0022420036,0.0012559095716569574,0.025212992165180022,True
1997-01-21 02:00:00,0.0,0.003881556,0.0028296544,0.0015850954935885966,0.0260775415619579,True
1997-01-21 03:00:00,0.0,0.0039541144,0.0028825493,0.0016147258733399212,0.02698835623513207,True
1997-01-21 04:00:00,0.0,0.003959784,0.002886682,0.0016170410597696901,0.02790138811557028,True
1997-01-21 05:00:00,0.0,0.004626704,0.0033728667,0.0018893885440193117,0.028815912971564668,True
1997-01-21 06:00:00,0.0,0.005639936,0.0041115135,0.0023031580550596114,0.029739902695845213,True
1997-01-21 07:00:00,4.1836847e-05,0.00864105,0.006299325,0.0035528509227769974,0.03072285925688686,True
1997-01-21 08:00:00,0.01229427,0.013500288,0.00984171,0.012606852523982524,0.03178224089162188,True
1997-01-21 09:00:00,0.059550487,0.021290535,0.015520799,0.04305496131256222,0.03299042853527388,True
1997-01-21 10:00:00,0.11474206,0.033453714,0.024387762,0.07986752999201417,0.034699267523563435,True
1997-01-21 11:00:00,0.15514407,0.035739042,0.026053764,0.10411273556202649,0.03710954037564939,True
1997-01-21 12:00:00,0.17829975,0.04065687,0.029638857,0.11948184124007821,0.03976620656268531,True
1997-01-21 13:00:00,0.16376509,0.04100163,0.03007109,0.11124589565768837,0.04243595431249449,True
1997-01-21 14:00:00,0.13011485,0.039927576,0.029502677,0.09140269039571285,0.04477519829309445,True
1997-01-21 15:00:00,0.07394539,0.035730477,0.026545439,0.05728448886051774,0.04665773050126044,True
1997-01-21 16:00:00,0.016673539,0.036486637,0.027208233,0.024553445499390363,0.047983033863499065,True
1997-01-21 17:00:00,4.6619847e-05,0.043696422,0.032791343,0.0179216119173725,0.048923362292079026,True
1997-01-21 18:00:00,0.0,0.053604126,0.039991256,0.021939450301229953,0.04975545530330964,True
1997-01-21 19:00:00,0.0,0.06546567,0.048346225,0.026767527043819427,0.05065472701490034,True
1997-01-21 20:00:00,0.0,0.07754299,0.056606285,0.03167010287940502,0.05163591516663837,True
1997-01-21 21:00:00,0.0,0.086422764,0.06316218,0.03530075743049383,0.05261149059301351,True
1997-01-21 22:00:00,0.0,0.08740504,0.06413565,0.03571578508615494,0.05352497192094415,True
1997-01-21 23:00:00,0.0,0.09197594,0.06731254,0.03757399977743626,0.054278399958884616,True
1997-01-22 00:00:00,0.0,0.09406417,0.0694824,0.03846172787994146,0.05501376084965704,True
1997-01-22 01:00:00,0.0,0.10364181,0.08132737,0.042635505214333534,0.05566706410520237,True
1997-01-22 02:00:00,0.0,0.10871004,0.090192154,0.04498438223451376,0.05623621783591625,True
1997-01-22 03:00:00,0.0,0.10953436,0.09081454,0.04532216408103704,0.05674667996450262,True
1997-01-22 04:00:00,0.0,0.109728515,0.0906938,0.04538728737831116,0.057220136862653814,True
1997-01-22 05:00:00,0.0,0.11034986,0.0907828,0.045621368117630484,0.057655281129756986,True
1997-01-22 06:00:00,0.0,0.117011935,0.09563328,0.048341601133346554,0.058047373875246194,True
1997-01-22 07:00:00,5.621466e-05,0.12573086,0.102375306,0.05195538871924509,0.05841963571510678,True
1997-01-22 08:00:00,0.018638285,0.13009568,0.104203075,0.06438656072504818,0.05876743558008737,True
1997-01-22 09:00:00,0.08807071,0.1332649,0.10403673,0.10560953282564878,0.05912229016138288,True
1997-01-22 10:00:00,0.15801851,0.15004934,0.11954969,0.15300057405233383,0.05954761276768879,True
1997-01-22 11:00:00,0.20977306,0.14194842,0.10950847,0.17933148090541362,0.05995232043890951,True
1997-01-22 12:00:00,0.22323163,0.13128637,0.10105789,0.1827064452767372,0.06042519088076165,False
1997-01-22 13:00:00,0.19438444,0.12381009,0.09536377,0.16299538934975863,0.06079343489575247,False
1997-01-22 14:00:00,0.14118248,0.11551653,0.0896613,0.12892960147559643,0.06115023319673772,False
1997-01-22 15:00:00,0.07584222,0.10395084,0.080469266,0.0864641604721546,0.061282969446642174,False
1997-01-22 16:00:00,0.016008759,0.10054697,0.07890002,0.0505994870904833,0.06132151907358676,False
1997-01-22 17:00:00,4.19521e-05,0.10006599,0.07973248,0.041254110937912626,0.06134141081476786,False
1997-01-22 18:00:00,0.0,0.10728395,0.08753027,0.044314412087202076,0.061290740976420614,False
1997-01-22 19:00:00,0.0,0.116399616,0.09603957,0.0481375951319933,0.061148698860624254,False
1997-01-22 20:00:00,0.0,0.1153476,0.09686413,0.04779392778128386,0.06087288656093498,False
1997-01-22 21:00:00,0.0,0.107526086,0.08868652,0.044466197825968265,0.06045356543812287,False
1997-01-22 22:00:00,0.0,0.08882602,0.07309779,0.036724083043634885,0.05992312481692844,True
1997-01-22 23:00:00,0.0,0.087021835,0.070595674,0.03592322357743979,0.05936867688732074,True
1997-01-23 00:00:00,0.0,0.078694016,0.061424684,0.032355024732649326,0.058774745798514605,True
1997-01-23 01:00:00,0.0,0.06975068,0.052542355,0.02857528864592314,0.058164134265234146,True
1997-01-23 02:00:00,0.0,0.06379675,0.047153268,0.02608727766573429,0.05745669352457245,True
1997-01-23 03:00:00,0.0,0.059578296,0.043634553,0.024340656984597444,0.056692672785449226,True
1997-01-23 04:00:00,0.0,0.055107344,0.04017326,0.02250396588072181,0.05589266047576294,True
1997-01-23 05:00:00,0.0,0.05071392,0.036970448,0.020709840327501297,0.05504345833587778,True
1997-01-23 06:00:00,0.0,0.049396195,0.036009826,0.020171726368367674,0.054154008809700296,True
1997-01-23 07:00:00,8.854313e-05,0.049456015,0.036053434,0.020247244441845398,0.053186663625694026,True
1997-01-23 08:00:00,0.016567102,0.04917318,0.035847247,0.02963987242616713,0.0521511979845502,True
1997-01-23 09:00:00,0.072663486,0.052755654,0.038458865,0.06347044641524553,0.051061043330941094,True
1997-01-23 10:00:00,0.13871671,0.04714877,0.03437145,0.09929349821060895,0.04964247205759109,True
1997-01-23 11:00:00,0.18757644,0.04549573,0.033166386,0.1268105167709291,0.04780765587571409,True
1997-01-23 12:00:00,0.20860842,0.041116294,0.029973779,0.13715755395963788,0.04574350461808831,True
1997-01-23 13:00:00,0.19660427,0.03656414,0.026655259,0.12837221410498023,0.04376273207902697,True
1997-01-23 14:00:00,0.14499,0.034564096,0.02519723,0.09777403039112686,0.04213148198155242,True
1997-01-23 15:00:00,0.07786526,0.034788933,0.02536113,0.059134870953857895,0.04079219271346172,True
1997-01-23 16:00:00,0.01797803,0.037026834,0.027259713,0.025508249076083303,0.03979531535765022,True
1997-01-23 17:00:00,8.943634e-05,0.037729617,0.028067151,0.015489459676704427,0.038985168146801315,True
1997-01-23 18:00:00,0.0,0.036890544,0.027941074,0.0151214287430048,0.03818042141967831,True
1997-01-23 19:00:00,0.0,0.032978386,0.025176154,0.013528536658734084,0.037310371069124965,True
1997-01-23 20:00:00,0.0,0.028210722,0.020980233,0.011542688984423876,0.03635844292035123,True
1997-01-23 21:00:00,0.0,0.02408412,0.017640142,0.009839607613161206,0.03541858649801376,True
1997-01-23 22:00:00,0.0,0.022289526,0.016249064,0.00910228446498513,0.03455157912223163,True
1997-01-23 23:00:00,0.0,0.022198977,0.016183056,0.009065307514742016,0.03384856994336966,True
1997-01-24 00:00:00,0.0,0.022412185,0.016338484,0.009152374282479286,0.0331605831850649,True
1997-01-24 01:00:00,0.0,0.021251401,0.015492273,0.008678349662572145,0.032544702674295115,True
1997-01-24 02:00:00,0.0,0.020352788,0.014837183,0.008311386756598949,0.032013739166494054,True
1997-01-24 03:00:00,0.0,0.016949436,0.012356138,0.006921573216095567,0.03152824933544995,True
1997-01-24 04:00:00,0.0,0.011327056,0.008257424,0.0046255846638232475,0.03106839989943925,True
1997-01-24 05:00:00,0.0,0.0071695265,0.0052265846,0.002927790861111134,0.030642347102552016,True
1997-01-24 06:00:00,0.0,0.004674807,0.0034079342,0.0019090323010459542,0.03026060987040197,True
1997-01-24 07:00:00,9.9492165e-05,0.0053766253,0.0039195595,0.002253037944341486,0.029911362712071572,True
1997-01-24 08:00:00,0.014436824,0.009131734,0.0066570337,0.012059137351810932,0.02959283039821351,True
1997-01-24 09:00:00,0.057663992,0.010397507,0.0075797825,0.0375181117048487,0.029236169948471946,True
1997-01-24 10:00:00,0.10583845,0.009453806,0.006891824,0.06492939732223749,0.02864167026571658,True
1997-01-24 11:00:00,0.13190867,0.010140212,0.0073922146,0.08025222053937614,0.027768861788030487,True
1997-01-24 12:00:00,0.14409576,0.010985508,0.008008435,0.08762936340179295,0.02666784745239071,True
1997-01-24 13:00:00,0.13952535,0.010258581,0.0074785044,0.08469538467098027,0.025542567526530092,True
1997-01-24 14:00:00,0.10578728,0.008826537,0.006434546,0.06464371660724282,0.024594412051467618,True
1997-01-24 15:00:00,0.06117852,0.00811537,0.0059161056,0.038614047393202774,0.02387377623844698,True
1997-01-24 16:00:00,0.015682248,0.006522981,0.004755253,0.011712420969735831,0.023457408715036,True
1997-01-24 17:00:00,0.0001336935,0.0062422603,0.004550608,0.002626268036008696,0.02319949550375304,True
1997-01-24 18:00:00,0.0,0.0062492844,0.0045557283,0.002551995260640979,0.02298962509039878,True
1997-01-24 19:00:00,0.0,0.005987384,0.0043648025,0.002445043990854174,0.022813205149155993,True
1997-01-24 20:00:00,0.0,0.006564747,0.0047857007,0.0026808195090852675,0.022709094993552142,True
1997-01-24 21:00:00,0.0,0.006978651,0.005087436,0.0028498437884263692,0.022693892510506276,True
1997-01-24 22:00:00,0.0,0.0072965,0.005319149,0.002979642458260059,0.02276249226882676,True
1997-01-24 23:00:00,0.0,0.007101128,0.005176722,0.0028998591788113115,0.022887583473246494,True
1997-01-25 00:00:00,0.0,0.0068388656,0.0049855337,0.002792760215699673,0.023042050833945116,True
1997-01-25 01:00:00,0.0,0.0075643915,0.005514441,0.003089040271472186,0.023172953848159823,True
1997-01-25 02:00:00,0.0,0.0068168403,0.0049694763,0.002783765775617212,0.023314926131526893,True
1997-01-25 03:00:00,0.0,0.0055535575,0.004048543,0.002267884056083858,0.02345539762674919,True
1997-01-25 04:00:00,0.0,0.00502841,0.0036657108,0.0020534316301345826,0.023627681739643167,True
1997-01-25 05:00:00,0.0,0.0058439076,0.004260209,0.002386453184299171,0.02385130803602836,True
1997-01-25 06:00:00,0.0,0.008345119,0.006083592,0.0034078627685084936,0.024137493864386062,True
1997-01-25 07:00:00,8.4768595e-05,0.012020545,0.008762977,0.004957693376658427,0.024475169347875938,True
1997-01-25 08:00:00,0.011549505,0.014340337,0.010454106,0.012520170838572084,0.024849715478357664,True
1997-01-25 09:00:00,0.049535315,0.015556105,0.011340402,0.034934461642988024,0.025305375545778736,True
1997-01-25 10:00:00,0.087818876,0.016473457,0.012009151,0.05739869128167629,0.02603157923864228,True
1997-01-25 11:00:00,0.118039325,0.014333069,0.010448808,0.0739618286602199,0.027047598460037535,True
1997-01-25 12:00:00,0.13573863,0.011810313,0.008609718,0.08314411751832812,0.028329826558172042,True
1997-01-25 13:00:00,0.13580263,0.011025981,0.00803794,0.08286075130198149,0.02960931760999013,True
1997-01-25 14:00:00,0.10157165,0.011207274,0.008170103,0.06318351136613637,0.030716929013848884,True
1997-01-25 15:00:00,0.060089927,0.010964042,0.007992787,0.03914922983013093,0.031632284495677135,True
1997-01-25 16:00:00,0.014949987,0.011025092,0.008037292,0.013128414934501051,0.032202289558256623,True
1997-01-25 17:00:00,0.0001524221,0.013046464,0.009510872,0.005415679835699848,0.03250376163642143,True
1997-01-25 18:00:00,0.0,0.016292423,0.011877175,0.0066532715633511545,0.03274457922652618,True
1997-01-25 19:00:00,0.0,0.020891184,0.015229672,0.00853124918974936,0.032953717073241934,True
1997-01-25 20:00:00,0.0,0.026478624,0.019302918,0.010812969798222185,0.0331305190884359,True
1997-01-25 21:00:00,0.0,0.032158397,0.023443472,0.013132396012544633,0.033269476055915216,True
1997-01-25 22:00:00,0.0,0.03699295,0.026967857,0.015106662277132272,0.03337637195982642,True
1997-01-25 23:00:00,0.0,0.04035532,0.029419025,0.01647974082827568,0.03344998483280323,True
1997-01-26 00:00:00,0.0,0.037798736,0.027555283,0.015435718964785336,0.03348973482692054,True
1997-01-26 01:00:00,0.0,0.037939053,0.027657568,0.01549301926419139,0.033509389891483804,True
1997-01-26 02:00:00,0.0,0.036864035,0.026873883,0.015054018527269364,0.03351012818121489,True
1997-01-26 03:00:00,0.0,0.03719999,0.02711879,0.015191210635006428,0.033504209594530036,True
1997-01-26 04:00:00,0.0,0.037612453,0.027419476,0.015359646890312434,0.03349321715189398,True
1997-01-26 05:00:00,0.0,0.04080827,0.02974923,0.016664710622280837,0.03348208864975276,True
1997-01-26 06:00:00,0.0,0.04436573,0.032342613,0.018117455508559942,0.03346580983150306,True
1997-01-26 07:00:00,0.00015193228,0.049327288,0.035959594,0.020231252207464422,0.03342672039395801,True
1997-01-26 08:00:00,0.020154122,0.05461251,0.039812516,0.03393082058802247,0.03335150434814037,True
1997-01-26 09:00:00,0.08583612,0.055950906,0.04078821,0.07237588896229863,0.03340229973906586,True
1997-01-26 10:00:00,0.15035373,0.06598056,0.04809983,0.11369831994920969,0.0338440751639132,True
1997-01-26 11:00:00,0.20187727,0.061993375,0.04519317,0.14179916924983263,0.03468025240327991,True
1997-01-26 12:00:00,0.22120813,0.052423183,0.0382165,0.14904493388906118,0.03575771132200513,True
1997-01-26 13:00:00,0.20700508,0.045103654,0.032880563,0.13786073205620047,0.036821099426036646,True
1997-01-26 14:00:00,0.16243958,0.036372125,0.02651528,0.10858077973499893,0.03761989583431765,True
1997-01-26 15:00:00,0.08888229,0.035970695,0.02622264,0.06597429039701819,0.03823294803083702,True
1997-01-26 16:00:00,0.021142762,0.034243073,0.024963202,0.026183080721646546,0.038525733174588364,True
1997-01-26 17:00:00,0.000103900595,0.034590445,0.025216432,0.014185512361036674,0.038631310067359814,True
1997-01-26 18:00:00,0.0,0.030831685,0.022476297,0.012590611902996898,0.03868850163060429,True
1997-01-26 19:00:00,0.0,0.026768979,0.019514585,0.010931540720164775,0.03877012555468551,True
1997-01-26 20:00:00,0.0,0.022897974,0.016692623,0.00935075394809246,0.038922537014048575,True
1997-01-26 21:00:00,0.0,0.019543368,0.014247116,0.00798084717616439,0.039114676267185275,True
1997-01-26 22:00:00,0.0,0.015949076,0.011626876,0.006513060361146928,0.03935672924346014,True
1997-01-26 23:00:00,0.0,0.0117734065,0.008582813,0.0048078588964417576,0.03960932715823598,True
1997-01-27 00:00:00,0.0,0.009149154,0.006669733,0.0037362033147364856,0.03995413099862359,True
1997-01-27 01:00:00,0.0,0.007651171,0.005577704,0.003124478178564459,0.04044756879429057,True
1997-01-27 02:00:00,0.0,0.00612116,0.0044623255,0.0024996736147440968,0.04103387846406273,True
1997-01-27 03:00:00,0.0,0.004261488,0.0031066241,0.0017402468095533549,0.04169801671504698,True
1997-01-27 04:00:00,0.0,0.0037203478,0.0027121333,0.0015192635273560881,0.042405012525429046,True
1997-01-27 05:00:00,0.0,0.003930469,0.0028653117,0.001605069908313453,0.04310570792252853,True
1997-01-27 06:00:00,0.0,0.003750483,0.0027341023,0.0015315697663463653,0.043792479648531446,True
1997-01-27 07:00:00,0.00021664685,0.0029931923,0.0021820369,0.0013473231774114537,0.044470699380195725,True
1997-01-27 08:00:00,0.024291158,0.0023076152,0.0016822513,0.014958349602995438,0.04512266539098906,True
1997-01-27 09:00:00,0.09589337,0.001981577,0.0014445694,0.056139682035660374,0.04574082093347852,True
1997-01-27 10:00:00,0.16766539,0.0019400917,0.0014143268,0.09753519877127836,0.04634814270115824,True
1997-01-27 11:00:00,0.21643099,0.0019570054,0.0014266567,0.12567985675903035,0.046772044429667856,True
1997-01-27 12:00:00,0.23110695,0.0020521672,0.0014960298,0.13418674651184118,0.04708302732025019,True
1997-01-27 13:00:00,0.20823325,0.0025770813,0.0018786924,0.12120297889946959,0.04743413410665213,True
1997-01-27 14:00:00,0.15745193,0.0043104826,0.0031423415,0.09261001679906622,0.047698928139207196,True
1997-01-27 15:00:00,0.08618851,0.0085025355,0.0061983485,0.05320291673019528,0.04806058880356506,True
1997-01-27 16:00:00,0.02002066,0.016270172,0.011860955,0.018196105787530538,0.048571383514010594,True
1997-01-27 17:00:00,0.00014642895,0.01977732,0.01441767,0.008160874871435226,0.04906136365719506,True
1997-01-27 18:00:00,0.0,0.02588663,0.018871356,0.010571219919249416,0.049401835266393995,True
1997-01-27 19:00:00,0.0,0.038796097,0.028356286,0.015846999239176512,0.049721244960800194,True
1997-01-27 20:00:00,0.0,0.048822664,0.037409093,0.020035653948783875,0.05004216323677489,True
1997-01-27 21:00:00,0.0,0.0601325,0.047445305,0.02475093887373805,0.05033916911786461,True
1997-01-27 22:00:00,0.0,0.06595682,0.053579524,0.027231362186372277,0.05059819753585422,True
1997-01-27 23:00:00,0.0,0.08004389,0.06470611,0.033030325166881085,0.05080081502116324,True
1997-01-28 00:00:00,0.0,0.094595134,0.07805794,0.03912073315680027,0.05094183908374786,True
1997-01-28 01:00:00,0.0,0.1052643,0.088765875,0.043635883413255215,0.05109890606133073,True
1997-01-28 02:00:00,0.0,0.11303863,0.0966926,0.046932654574513434,0.05132687999282885,True
1997-01-28 03:00:00,0.0,0.11814905,0.1024076,0.0491270095333457,0.051677597384909554,True
1997-01-28 04:00:00,0.0,0.11786357,0.101877175,0.048993025951087475,0.052173358788810825,True
1997-01-28 05:00:00,0.0,0.119363114,0.10342156,0.04962975347042084,0.052741364014606607,True
1997-01-28 06:00:00,0.0,0.121865466,0.10562307,0.05067200262844562,0.05333758033414293,True
1997-01-28 07:00:00,0.00017864218,0.12379969,0.106304795,0.051525620725544286,0.05394245045539961,True
1997-01-28 08:00:00,0.019824153,0.1258243,0.10619598,0.06360228662751616,0.054522867802318305,True
1997-01-28 09:00:00,0.08003628,0.13343693,0.11311427,0.10152733381092548,0.054972912003835514,True
1997-01-28 10:00:00,0.13912612,0.12988912,0.10816198,0.1340456029176712,0.055077198527453824,True
1997-01-28 11:00:00,0.18066777,0.12713309,0.10312841,0.1567263479977846,0.05508252033295745,True
1997-01-28 12:00:00,0.19509052,0.12925468,0.10436764,0.16589805963635446,0.05481800761918202,True
1997-01-28 13:00:00,0.16986324,0.12759367,0.101438776,0.150570845618844,0.05453082314100538,True
1997-01-28 14:00:00,0.13307336,0.1194003,0.094415784,0.1259404916241765,0.0543483797029512,True
1997-01-28 15:00:00,0.08230595,0.104443416,0.08263484,0.09049243649840355,0.054207494782025606,True
1997-01-28 16:00:00,0.024694573,0.08634078,0.06654837,0.04970212759450078,0.054290589933490986,True
1997-01-28 17:00:00,0.00041375833,0.07383064,0.056405634,0.030528149602585472,0.05453359337738341,True
1997-01-28 18:00:00,0.0,0.067776695,0.05393846,0.027922277234494683,0.054742039098600495,True
1997-01-28 19:00:00,0.0,0.063825175,0.051557932,0.026335617966949942,0.054913753999942555,True
1997-01-28 20:00:00,0.0,0.05740203,0.044920135,0.023607036240398883,0.05498731163338349,True
1997-01-28 21:00:00,0.0,0.04987399,0.037235357,0.020414211239665747,0.05497592967523784,True
1997-01-28 22:00:00,0.0,0.039713606,0.029340351,0.01623869965597987,0.05485841261207648,True
1997-01-28 23:00:00,0.0,0.028349603,0.020666862,0.011577013900503516,0.05471267637152747,True
1997-01-29 00:00:00,0.0,0.02761106,0.020128464,0.011275418238714337,0.05442966863195003,True
1997-01-29 01:00:00,0.0,0.034447595,0.0251123,0.014067226890474557,0.054014082946195835,True
1997-01-29 02:00:00,0.0,0.04734505,0.03451454,0.019334108434617518,0.05350248253446595,True
1997-01-29 03:00:00,0.0,0.06244461,0.04619877,0.025536794196814296,0.05291605531478823,True
1997-01-29 04:00:00,0.0,0.07030935,0.05258083,0.028783514365553854,0.05230830848341399,True
1997-01-29 05:00:00,0.0,0.073833324,0.055165865,0.030223453246057033,0.05172420778319761,True
1997-01-29 06:00:00,0.0,0.074717104,0.055457853,0.03056533558666706,0.05114642090870589,True
1997-01-29 07:00:00,0.00018328111,0.07114304,0.05277447,0.02920735582950874,0.050569555398156496,True
1997-01-29 08:00:00,0.017569775,0.0646483,0.04754608,0.03656047127582133,0.050005260019396994,True
1997-01-29 09:00:00,0.06479283,0.058183037,0.042415436,0.06114543516933918,0.049514373742033053,True
1997-01-29 10:00:00,0.11624932,0.07507101,0.05580712,0.09779064543545246,0.049013649971679105,True
1997-01-29 11:00:00,0.15028344,0.06420088,0.047769945,0.11298324649780989,0.048654602356554576,True
1997-01-29 12:00:00,0.16767146,0.057901047,0.042406935,0.1204018915593624,0.04833787987861311,True
1997-01-29 13:00:00,0.16044983,0.04864788,0.035464305,0.112445693872869,0.048197159954025355,True
1997-01-29 14:00:00,0.12034026,0.040187508,0.029296692,0.08584754059463738,0.048285634821735576,True
1997-01-29 15:00:00,0.0719055,0.038450826,0.028030649,0.05719148400053381,0.04845120524939921,True
1997-01-29 16:00:00,0.02349479,0.039904404,0.02924171,0.029860271094366907,0.04863816636908328,True
1997-01-29 17:00:00,0.0004928795,0.043758903,0.03212672,0.01816626948985504,0.048921062901294735,True
1997-01-29 18:00:00,0.0,0.046030402,0.033857718,0.01881353518366814,0.04931774984098592,True
1997-01-29 19:00:00,0.0,0.047415923,0.034838703,0.019377765644341707,0.04983847520811105,True
1997-01-29 20:00:00,0.0,0.0476956,0.034993403,0.01948931995779276,0.050486129710297964,True
1997-01-29 21:00:00,0.0,0.04677692,0.034248818,0.019110119841992856,0.05127365696740889,True
1997-01-29 22:00:00,0.0,0.04952741,0.036303855,0.020236022640019655,0.05220238626756327,True
1997-01-29 23:00:00,0.0,0.047598638,0.034852896,0.019445953667163847,0.05331035738981882,True
1997-01-30 00:00:00,0.0,0.04691914,0.034434393,0.019172620240598917,0.05456856995607813,True
1997-01-30 01:00:00,0.0,0.0466712,0.034396123,0.01907906365022063,0.05587745383226865,True
1997-01-30 02:00:00,0.0,0.045939572,0.033934183,0.01878414802998304,0.05713457994217605,True
1997-01-30 03:00:00,0.0,0.048768137,0.036291096,0.019955161627382038,0.05826286886547313,True
1997-01-30 04:00:00,0.0,0.05122261,0.03805646,0.02095619234070182,0.059247323969226266,True
1997-01-30 05:00:00,0.0,0.053516053,0.03978815,0.02189598349481821,0.06012920568029948,False
1997-01-30 06:00:00,0.0,0.05616291,0.0418212,0.0229824581220746,0.06087533128385984,False
1997-01-30 07:00:00,0.00032671346,0.05926597,0.04410714,0.02443944254508824,0.061445030707247494,False
1997-01-30 08:00:00,0.02225138,0.066460185,0.049572047,0.04003974531404674,0.061911221363366464,False
1997-01-30 09:00:00,0.0793649,0.07739164,0.058176458,0.07749259283393621,0.06243576179528038,False
1997-01-30 10:00:00,0.14216673,0.08471338,0.065219924,0.11681131739169359,0.06313677093392289,False
1997-01-30 11:00:00,0.17561397,0.097566895,0.07763378,0.14152366905659436,0.06391355027729695,False
1997-01-30 12:00:00,0.20013249,0.10560743,0.08699845,0.15914350325614213,0.06493801735331664,False
1997-01-30 13:00:00,0.19028452,0.10867617,0.09114747,0.15481763926893471,0.0661351318938911,False
1997-01-30 14:00:00,0.15559913,0.10642166,0.08958484,0.13388787215203046,0.06730367891775495,False
1997-01-30 15:00:00,0.095255084,0.10719476,0.09165779,0.09946657024323939,0.06827990616320373,False
1997-01-30 16:00:00,0.031317126,0.10871807,0.09433727,0.06328116114065051,0.06894216087861968,False
1997-01-30 17:00:00,0.00072292454,0.11803723,0.10363439,0.049569122707762286,0.06930104502144785,False
1997-01-30 18:00:00,0.0,0.12693913,0.11252879,0.052917094856500625,0.06950475845114912,False
1997-01-30 19:00:00,0.0,0.13765663,0.12273589,0.057423034071922306,0.0696151139827131,False
1997-01-30 20:00:00,0.0,0.14714177,0.13172281,0.061408344581723215,0.06957467107080506,False
1997-01-30 21:00:00,0.0,0.15575379,0.13926053,0.06499321764707565,0.06939952560632141,False
1997-01-30 22:00:00,0.0,0.16643497,0.14827423,0.06942131352424621,0.06917547091854855,False
1997-01-30 23:00:00,0.0,0.172543,0.15375645,0.07197121708095074,0.0689653806854191,False
1997-01-31 00:00:00,0.0,0.17758437,0.15876321,0.07410184429585934,0.06876724554541638,False
1997-01-31 01:00:00,0.0,0.17830454,0.15953529,0.07440928016602993,0.0685860719013878,False
1997-01-31 02:00:00,0.0,0.17623244,0.15670751,0.07349197675287723,0.06842288558931674,False
1997-01-31 03:00:00,0.0,0.17489563,0.15285467,0.07279063917696477,0.06828200376326336,False
1997-01-31 04:00:00,0.0,0.17133561,0.14612958,0.07111383649706841,0.06813979632839678,False
1997-01-31 05:00:00,0.0,0.15962915,0.13211714,0.06603748221695423,0.06799508290145664,False
1997-01-31 06:00:00,0.0,0.14027429,0.113883264,0.0579109079092741,0.06784150105285577,False
1997-01-31 07:00:00,0.00037854852,0.124512374,0.100389235,0.05158450732321944,0.06767231260136819,False
1997-01-31 08:00:00,0.025586545,0.11375296,0.09259505,0.061738412007689474,0.06747665844040965,False
1997-01-31 09:00:00,0.087978676,0.1063742,0.08848332,0.09479387382417916,0.06732143755620078,False
1997-01-31 10:00:00,0.1570215,0.10741046,0.0896332,0.13507605391740798,0.06731938990265796,False
1997-01-31 11:00:00,0.20297912,0.1089697,0.08942398,0.16215766614675522,0.06751636438380348,False
1997-01-31 12:00:00,0.23215075,0.106508,0.08538806,0.17786338950693606,0.06797148918816553,False
1997-01-31 13:00:00,0.21502332,0.10793957,0.085885026,0.16853595101833344,0.06829642642846374,False
1997-01-31 14:00:00,0.16964564,0.084575176,0.0669014,0.13270644837617873,0.06850862522436969,False
1997-01-31 15:00:00,0.1032769,0.0713501,0.0566806,0.08897971034049987,0.06854575757893931,False
1997-01-31 16:00:00,0.03269581,0.068464644,0.054773577,0.04708670995011925,0.0682946482563287,False
1997-01-31 17:00:00,0.0007819917,0.06675225,0.052994918,0.02794451411551563,0.06766990245182265,False
1997-01-31 18:00:00,0.0,0.058725756,0.04519994,0.024110600698739288,0.06680446654989403,False
1997-01-31 19:00:00,0.0,0.04269088,0.03117724,0.017436505872756244,0.06585106512683463,False
1997-01-31 20:00:00,0.0,0.027138248,0.01978378,0.01108233766257763,0.06480587447889169,False
1997-01-31 21:00:00,0.0,0.0204608,0.014915924,0.008355494828894734,0.0637015571626883,False
1997-01-31 22:00:00,0.0,0.024859296,0.018122429,0.010151691449806094,0.06256822128105463,False
1997-01-31 23:00:00,0.0,0.024326572,0.017758552,0.009935466947034002,0.061371415799604916,False
1997-02-01 00:00:00,0.0,0.025623493,0.018911416,0.010476285327225922,0.060129949607425556,False
1997-02-01 01:00:00,0.0,0.027385062,0.02113024,0.011246120670810343,0.05886430370645151,True
1997-02-01 02:00:00,0.0,0.029111998,0.023694316,0.012021820379421113,0.05761125875427872,True
1997-02-01 03:00:00,0.0,0.031502582,0.027865777,0.013129204753786325,0.056395548716192324,True
1997-02-01 04:00:00,0.0,0.03355229,0.030169504,0.01400994784757495,0.05521614267607704,True
1997-02-01 05:00:00,0.0,0.03479257,0.031214759,0.014524054761976005,0.05410247185687087,True
1997-02-01 06:00:00,0.0,0.0355713,0.032140795,0.014861412450671196,0.05312410458527059,True
1997-02-01 07:00:00,0.00042139384,0.03542722,0.032078784,0.015048042819078546,0.05234587191860676,True
1997-02-01 08:00:00,0.03025919,0.036278024,0.032277763,0.032589142872020596,0.05173449306810895,True
1997-02-01 09:00:00,0.10735664,0.037154343,0.032214314,0.0773943054638803,0.05144362477120011,True
1997-02-01 10:00:00,0.18881677,0.041827403,0.03489822,0.12626609248667955,0.0516829717226792,True
1997-02-01 11:00:00,0.2539948,0.040812235,0.032499064,0.16336965966597197,0.052260488878237074,True
1997-02-01 12:00:00,0.27597183,0.03779249,0.028876232,0.17474049079045653,0.053113326976774254,True
1997-02-01 13:00:00,0.26261067,0.032974705,0.024243638,0.16500318147242068,0.05392451863200404,True
1997-02-01 14:00:00,0.21598022,0.027058179,0.01972541,0.13567022517137228,0.05463745198305696,True
1997-02-01 15:00:00,0.1368448,0.020701708,0.015091545,0.08741332275792955,0.05528457668959162,True
1997-02-01 16:00:00,0.04460211,0.018507771,0.013492165,0.033293362524360416,0.055641273555423434,True
1997-02-01 17:00:00,0.0011405437,0.018047795,0.0131568415,0.008028199415188283,0.055663273891822115,True
1997-02-01 18:00:00,0.0,0.017518174,0.012770748,0.007153826549649239,0.05557336387559068,True
1997-02-01 19:00:00,0.0,0.01776319,0.012949368,0.007253882970660925,0.05559380043353182,True
1997-02-01 20:00:00,0.0,0.02057251,0.014997358,0.008401113403961063,0.05575589293413092,True
1997-02-01 21:00:00,0.0,0.025939565,0.018914737,0.01059309532865882,0.055984885773707596,True
1997-02-01 22:00:00,0.0,0.029289452,0.021608194,0.011974650414660573,0.05621176338518732,True
1997-02-01 23:00:00,0.0,0.030098056,0.02360476,0.012380839856341481,0.05637067692642328,True
1997-02-02 00:00:00,0.0,0.032362442,0.02609444,0.013350841049104929,0.05650212269645878,True
1997-02-02 01:00:00,0.0,0.034615878,0.027590064,0.014263122461736201,0.05658442515550874,True
1997-02-02 02:00:00,0.0,0.03692204,0.028030772,0.015137894924730062,0.05660679514400423,True
1997-02-02 03:00:00,0.0,0.03949881,0.029705342,0.016179149251431227,0.056585834726195265,True
1997-02-02 04:00:00,0.0,0.043086838,0.032566555,0.017657637175172568,0.056535860817499874,True
1997-02-02 05:00:00,0.0,0.046325404,0.03669961,0.019075853180140257,0.056468778634180726,True
1997-02-02 06:00:00,0.0,0.049660377,0.04131594,0.020555739909410477,0.05635763270346675,True
1997-02-02 07:00:00,0.00078020536,0.052521445,0.04458761,0.02223832249932457,0.056210676673187354,True
1997-02-02 08:00:00,0.043224778,0.055182453,0.045809474,0.04777673375606537,0.056055773195483195,True
1997-02-02 09:00:00,0.14513722,0.054644857,0.043970354,0.1062825274951756,0.05591151631421962,True
1997-02-02 10:00:00,0.24163102,0.056884356,0.04417507,0.16279687738418577,0.055659363859354924,True
1997-02-02 11:00:00,0.31185222,0.056409925,0.043331545,0.2030938948765397,0.055160109267087434,True
1997-02-02 12:00:00,0.33597463,0.055894986,0.042925473,0.21680058895796536,0.05442385550963081,True
1997-02-02 13:00:00,0.3142211,0.052315388,0.03975539,0.20275675186887382,0.05359679628320979,True
1997-02-02 14:00:00,0.2482923,0.049997594,0.03804938,0.16376843428984283,0.05280525662350555,True
1997-02-02 15:00:00,0.15007684,0.04750658,0.03660922,0.10610115990042686,0.05221829099282088,True
1997-02-02 16:00:00,0.04713094,0.05112511,0.038574245,0.04814272609725594,0.051877591605960324,True
1997-02-02 17:00:00,0.001292044,0.055903796,0.041755985,0.023628833336406384,0.05197730170163413,True
1997-02-02 18:00:00,0.0,0.06133269,0.04555171,0.02509155547991395,0.0522988493090088,True
1997-02-02 19:00:00,0.0,0.061725788,0.045187596,0.0252169459015131,0.05270006802646093,True
1997-02-02 20:00:00,0.0,0.054048184,0.039448407,0.0220739939622581,0.0531668264408654,True
1997-02-02 21:00:00,0.0,0.047123354,0.03439079,0.01924562017992139,0.05369493090760079,True
1997-02-02 22:00:00,0.0,0.04353485,0.031762633,0.017779541429132226,0.05427449442216311,True
1997-02-02 23:00:00,0.0,0.039776802,0.029022666,0.016244863908737896,0.05492611547667183,True
1997-02-03 00:00:00,0.0,0.03532609,0.025768079,0.014426803361624479,0.05566452042365562,True
1997-02-03 01:00:00,0.0,0.030168721,0.021992998,0.012319880118593574,0.056483810925885336,True
1997-02-03 02:00:00,0.0,0.026975116,0.019664863,0.011015720324590802,0.057385314318846206,True
1997-02-03 03:00:00,0.0,0.026276568,0.019155622,0.010730457136407495,0.0583857431479555,True
1997-02-03 04:00:00,0.0,0.026422383,0.019261919,0.01079000304825604,0.05947112099270452,True
1997-02-03 05:00:00,0.0,0.022501996,0.016403956,0.009189050087705253,0.06062711736632627,False
1997-02-03 06:00:00,0.0,0.019118935,0.013937704,0.007807522997260094,0.06183370776523951,False
1997-02-03 07:00:00,0.000995959,0.017234558,0.012563991,0.007612675889278763,0.06311401922864024,False
1997-02-03 08:00:00,0.034299385,0.014384321,0.010486169,0.02566481257136911,0.06447706632348611,False
1997-02-03 09:00:00,0.10438408,0.012394209,0.009035379,0.06529098763037473,0.06573556593259855,False
1997-02-03 10:00:00,0.16890778,0.011857219,0.008643911,0.10230187205784022,0.0664822667879586,False
1997-02-03 11:00:00,0.21437927,0.010609705,0.0077344766,0.12802947930805386,0.06678104727767155,False
1997-02-03 12:00:00,0.22660933,0.010500536,0.007654891,0.13504164792224765,0.06716411714478454,False
1997-02-03 13:00:00,0.2102714,0.01391565,0.010144508,0.1270092778066173,0.0675892785811399,False
1997-02-03 14:00:00,0.17120495,0.02132993,0.015553186,0.10749587489850819,0.06817397776476476,False
1997-02-03 15:00:00,0.099962264,0.032614633,0.02493937,0.07105975218862294,0.06913858455704272,False
1997-02-03 16:00:00,0.034517586,0.043797124,0.037067797,0.03807944711670279,0.0707828317083331,False
1997-02-03 17:00:00,0.0011771367,0.054709937,0.048061293,0.023462484569172375,0.07305805428509968,False
1997-02-03 18:00:00,0.0,0.06330159,0.056556243,0.026412324987351896,0.0756823550847063,False
1997-02-03 19:00:00,0.0,0.07101131,0.06398357,0.029658286862075327,0.07842885221775456,False
1997-02-03 20:00:00,0.0,0.080870986,0.07238396,0.03375012780725956,0.08133874186642302,False
1997-02-03 21:00:00,0.0,0.09213429,0.08175169,0.038412144027650356,0.08438164877637123,False
1997-02-03 22:00:00,0.0,0.10380909,0.091609396,0.04325246103107929,0.08749903708092702,False
1997-02-03 23:00:00,0.0,0.11493543,0.100242674,0.047824277311563496,0.09038774361858909,False
1997-02-04 00:00:00,0.0,0.1266241,0.11023129,0.05267678515613079,0.09318128793688324,False
1997-02-04 01:00:00,0.0,0.13827564,0.12058472,0.05753528532385826,0.09580331074983647,False
1997-02-04 02:00:00,0.0,0.15175588,0.13260292,0.06315847872197627,0.09827075289622249,False
1997-02-04 03:00:00,0.0,0.16381054,0.14502218,0.06827728579938411,0.10056632224122827,False
1997-02-04 04:00:00,0.0,0.17512399,0.15786502,0.07314546310901641,0.1026820443658095,False
1997-02-04 05:00:00,0.0,0.18438748,0.16580026,0.07699219232797623,0.10447039181740789,False
1997-02-04 06:00:00,0.0,0.19655961,0.17555916,0.08201069015264512,0.10601137755917683,False
1997-02-04 07:00:00,0.00083209795,0.20920421,0.18496497,0.08766458305192645,0.10741841451650785,False
1997-02-04 08:00:00,0.025443545,0.22463116,0.19657207,0.10818471499346195,0.10871225442095236,False
1997-02-04 09:00:00,0.07545791,0.23694795,0.20650297,0.1421241685524583,0.1097852302445887,False
1997-02-04 10:00:00,0.12804626,0.24854599,0.21374406,0.17713834089040756,0.1104742152451666,False
1997-02-04 11:00:00,0.17122325,0.2958127,0.25056568,0.22148124849796294,0.11059997254953607,False
1997-02-04 12:00:00,0.18228659,0.31856588,0.2681142,0.23720833790302276,0.1106043905557417,False
1997-02-04 13:00:00,0.17072663,0.31910712,0.26967636,0.23082231268286704,0.11063895849028024,False
1997-02-04 14:00:00,0.12899128,0.32714212,0.27641022,0.21006956031918525,0.11067748912140693,False
1997-02-04 15:00:00,0.083575815,0.32988653,0.27914166,0.18502502316236494,0.1107425525437587,False
1997-02-04 16:00:00,0.031263307,0.3359149,0.28447926,0.15735340978205203,0.1110752681666842,False
1997-02-04 17:00:00,0.0012390276,0.35905534,0.30349874,0.14959527171752415,0.11146375333711936,False
1997-02-04 18:00:00,0.0,0.37855256,0.31921342,0.15692341786622999,0.11174294541374669,False
1997-02-04 19:00:00,0.0,0.3980085,0.33382434,0.16489164903759956,0.11198145555023924,False
1997-02-04 20:00:00,0.0,0.406036,0.33900455,0.1681335256397724,0.11220552421099395,False
1997-02-04 21:00:00,0.0,0.40803927,0.33914384,0.16888025879859922,0.11233632702444568,False
1997-02-04 22:00:00,0.0,0.37808347,0.31341955,0.15643745523691177,0.11237518200854658,False
1997-02-04 23:00:00,0.0,0.3636677,0.29891872,0.15033499118685723,0.11230757038825079,False
1997-02-05 00:00:00,0.0,0.33963004,0.2770447,0.14028389838337899,0.11218710659089386,False
1997-02-05 01:00:00,0.0,0.31659406,0.25803506,0.13075710314512254,0.11200170315493717,False
1997-02-05 02:00:00,0.0,0.29327542,0.24045223,0.12120304888486862,0.11175729818939119,False
1997-02-05 03:00:00,0.0,0.27175805,0.22234072,0.1122851191163063,0.11142322989198267,False
1997-02-05 04:00:00,0.0,0.23431967,0.18827263,0.09663068072497845,0.11101160455559268,False
1997-02-05 05:00:00,0.0,0.20185733,0.16057429,0.0831563656926155,0.11050408104778156,False
1997-02-05 06:00:00,0.0,0.1830228,0.1446275,0.07534529694914817,0.10993116480502188,False
1997-02-05 07:00:00,0.0006886656,0.1684278,0.13277361,0.0697169913026155,0.10930843087303341,False
1997-02-05 08:00:00,0.02075318,0.15859698,0.123533,0.07716765210591256,0.1086036603138382,False
1997-02-05 09:00:00,0.065416664,0.14763977,0.11366257,0.09836226765811443,0.10795976382687877,False
1997-02-05 10:00:00,0.11060196,0.10865413,0.08199108,0.10833822266757488,0.10758651179067358,False
1997-02-05 11:00:00,0.14306977,0.11176564,0.08238451,0.12824154360592366,0.10774170212719157,False
1997-02-05 12:00:00,0.15687183,0.11309421,0.082483366,0.13670090878009797,0.10748492938365355,False
1997-02-05 13:00:00,0.14564359,0.10976035,0.080015294,0.128858748100698,0.10715629761875485,False
1997-02-05 14:00:00,0.11769972,0.10451746,0.07665256,0.11061891917139292,0.10663787635966704,False
1997-02-05 15:00:00,0.08004766,0.09981357,0.074285075,0.08703010208904743,0.10585968234723622,False
1997-02-05 16:00:00,0.031839166,0.09358919,0.070761606,0.05672673529759049,0.10466363586834511,False
1997-02-05 17:00:00,0.0012760813,0.08800028,0.06769076,0.03686370424728375,0.10307160604356977,False
1997-02-05 18:00:00,0.0,0.09206613,0.072007574,0.037860811538994316,0.10110883451508197,False
1997-02-05 19:00:00,0.0,0.09824693,0.07704564,0.04041358257830143,0.09905189819609586,False
1997-02-05 20:00:00,0.0,0.09730888,0.07632751,0.040028662852942945,0.09696771695347342,False
1997-02-05 21:00:00,0.0,0.097838044,0.077313796,0.04027718326449395,0.09491286707738253,False
1997-02-05 22:00:00,0.0,0.09702223,0.07788706,0.04000710325688124,0.09288787867011342,False
1997-02-05 23:00:00,0.0,0.101978965,0.08169957,0.042042015038430684,0.09119977215001199,False
1997-02-06 00:00:00,0.0,0.10610988,0.08560879,0.04377742023020983,0.08959320938562813,False
1997-02-06 01:00:00,0.0,0.110963605,0.089968085,0.04580384697765112,0.088189815938229,False
1997-02-06 02:00:00,0.0,0.1140005,0.09364845,0.04712320044636727,0.08696020517101351,False
1997-02-06 03:00:00,0.0,0.11719488,0.09767329,0.04851926965266466,0.08594613140052024,False
1997-02-06 04:00:00,0.0,0.117795885,0.09847506,0.04878433473408222,0.08514484543235812,False
1997-02-06 05:00:00,0.0,0.11955009,0.099596865,0.049492212675511835,0.08468318106582227,False
1997-02-06 06:00:00,0.0,0.12585743,0.105149455,0.052119461417198185,0.08450427133751873,False
1997-02-06 07:00:00,0.001157976,0.1281192,0.109101094,0.05383559621055611,0.08447818610047761,False
1997-02-06 08:00:00,0.03806663,0.13315322,0.11443893,0.0772776836194098,0.08460754876027687,False
1997-02-06 09:00:00,0.11112292,0.14453574,0.12511961,0.12420807081460952,0.08522659499491902,False
1997-02-06 10:00:00,0.18549086,0.18716377,0.15732998,0.18458747704327105,0.08654328136253508,False
1997-02-06 11:00:00,0.22670814,0.18913981,0.15838827,0.2091561568081379,0.08855300064709687,False
1997-02-06 12:00:00,0.25051552,0.18566519,0.15511301,0.2214340131878853,0.0909220420378139,False
1997-02-06 13:00:00,0.23656358,0.16764933,0.14033899,0.20593809224665166,0.0933532217435107,False
1997-02-06 14:00:00,0.19657435,0.14288166,0.12165773,0.17271624772250652,0.09577041477522531,False
1997-02-06 15:00:00,0.1313248,0.12463824,0.10831249,0.127614792175591,0.0980003232681071,False
1997-02-06 16:00:00,0.05216069,0.12220461,0.10640293,0.08093597819283604,0.09972066894622547,False
1997-02-06 17:00:00,0.002852685,0.12941727,0.11076419,0.05538223835011013,0.10086859888357139,False
1997-02-06 18:00:00,0.0,0.14023139,0.11935358,0.05819047455489636,0.10170568417706817,False
1997-02-06 19:00:00,0.0,0.15614556,0.13394886,0.06485094939172267,0.10241057362775609,False
1997-02-06 20:00:00,0.0,0.16699776,0.14589922,0.06950073158740996,0.10300484256069466,False
1997-02-06 21:00:00,0.0,0.17192662,0.15259062,0.07168081524968148,0.10352221832373469,False
1997-02-06 22:00:00,0.0,0.18072781,0.16147742,0.07540834227204322,0.1039610243183124,False
1997-02-06 23:00:00,0.0,0.17539583,0.15738735,0.0732199784964323,0.1043770236419077,False
1997-02-07 00:00:00,0.0,0.1746242,0.15712373,0.0729210129082203,0.10470044229408085,False
1997-02-07 01:00:00,0.0,0.17177099,0.15467206,0.071735786318779,0.10498312563165381,False
1997-02-07 02:00:00,0.0,0.17362079,0.15669326,0.07252750790119172,0.10524473481667518,False
1997-02-07 03:00:00,0.0,0.17672004,0.15951294,0.07382339264452457,0.10547801868287204,False
1997-02-07 04:00:00,0.0,0.17829603,0.16073252,0.07447079113125801,0.10567812260794743,False
1997-02-07 05:00:00,0.0,0.17853847,0.16088894,0.07456869873404504,0.10586992054614527,False
1997-02-07 06:00:00,0.0,0.17738694,0.15995231,0.07409320557117462,0.10606109565724908,False
1997-02-07 07:00:00,0.0019661589,0.1790941,0.16122593,0.07592639897298069,0.10621990612098306,False
1997-02-07 08:00:00,0.051988672,0.18419494,0.16511992,0.10688187136873602,0.10637907483750797,False
1997-02-07 09:00:00,0.14651759,0.18453404,0.16536115,0.16156321330368517,0.10662918609539822,False
1997-02-07 10:00:00,0.23172826,0.1701048,0.15423839,0.20480474832653997,0.10690656293466841,False
1997-02-07 11:00:00,0.29327205,0.1741483,0.1569784,0.24195553036034104,0.10699484156107064,False
1997-02-07 12:00:00,0.30963886,0.17902471,0.16066287,0.25339753465354437,0.10747618121254102,False
1997-02-07 13:00:00,0.29540962,0.17833644,0.1597503,0.2448840136229992,0.10802778192116722,False
1997-02-07 14:00:00,0.23595999,0.19540168,0.17411834,0.2176545268297195,0.10872759345488156,False
1997-02-07 15:00:00,0.15069793,0.19824825,0.17593302,0.16960669463872907,0.10927359773998613,False
1997-02-07 16:00:00,0.057290144,0.1891186,0.16641107,0.11182737229019403,0.10965753476310056,False
1997-02-07 17:00:00,0.0031886476,0.18070175,0.15787044,0.07704379833512941,0.10980002638802397,False
1997-02-07 18:00:00,0.0,0.17236722,0.1498519,0.07169550517201424,0.10980622408505586,False
1997-02-07 19:00:00,0.0,0.1659144,0.14289032,0.06893849135935307,0.10970030014462827,False
1997-02-07 20:00:00,0.0,0.15621194,0.13371283,0.06486269947886467,0.1094548577718815,False
1997-02-07 21:00:00,0.0,0.14744414,0.12838855,0.06133987100422382,0.10909921431601105,False
1997-02-07 22:00:00,0.0,0.14361589,0.12927423,0.05997507078945637,0.10868514248509017,False
1997-02-07 23:00:00,0.0,0.13761237,0.12568787,0.05756611034274101,0.10818714040856867,False
1997-02-08 00:00:00,0.0,0.1369848,0.12590428,0.05734622043371201,0.10768263724552525,False
1997-02-08 01:00:00,0.0,0.13935727,0.12848622,0.05836108785867691,0.10715653030540852,False
1997-02-08 02:00:00,0.0,0.13923869,0.12855095,0.058320826023817066,0.10663865937165973,False
1997-02-08 03:00:00,0.0,0.13871531,0.12848718,0.058124258056283,0.10609807551991252,False
1997-02-08 04:00:00,0.0,0.13839354,0.1282115,0.057990635767579075,0.10552652213968394,False
1997-02-08 05:00:00,0.0,0.14005981,0.1293805,0.05866861800849437,0.10494476738957745,False
1997-02-08 06:00:00,0.0,0.14269297,0.13127145,0.059742363676428795,0.10439554495004993,False
1997-02-08 07:00:00,0.0019584368,0.14428172,0.13158748,0.06147569460375234,0.103914532051087,False
1997-02-08 08:00:00,0.047175825,0.14840089,0.13523418,0.08928302399814128,0.10349769622159752,False
1997-02-08 09:00:00,0.1336863,0.14433864,0.13192971,0.13752215909957885,0.10302444130207974,False
1997-02-08 10:00:00,0.2187551,0.14965923,0.13664638,0.18882485111057756,0.10239605302358297,False
1997-02-08 11:00:00,0.28105825,0.1677179,0.15188782,0.23226046007871629,0.10153004454971232,False
1997-02-08 12:00:00,0.30443794,0.17295898,0.1560795,0.24791084720194337,0.10062677875342099,False
1997-02-08 13:00:00,0.2925951,0.16926284,0.15266095,0.2395290458649397,0.0999147981749314,False
1997-02-08 14:00:00,0.23507982,0.15134811,0.1377026,0.198924453407526,0.09937923502699414,False
1997-02-08 15:00:00,0.15158898,0.139962,0.12835094,0.1460437692850828,0.09893476977380244,False
1997-02-08 16:00:00,0.056751505,0.1314713,0.12068604,0.08777557618916035,0.09860259483811387,False
1997-02-08 17:00:00,0.003382042,0.12843579,0.117323756,0.05567972780764103,0.09847678744904018,False
1997-02-08 18:00:00,0.0,0.12698223,0.11573488,0.05310612541437149,0.09844449101192487,False
1997-02-08 19:00:00,0.0,0.1268535,0.11594029,0.05306971549987793,0.09844387291920914,False
1997-02-08 20:00:00,0.0,0.12530175,0.114694454,0.05242984570562839,0.09848252813880876,False
1997-02-08 21:00:00,0.0,0.12376544,0.11362816,0.05180536736547947,0.09858364837700112,False
1997-02-08 22:00:00,0.0,0.12304708,0.11296053,0.05150424259901047,0.09871791621194764,False
1997-02-08 23:00:00,0.0,0.117264844,0.1061685,0.049003826670348645,0.09888431711764617,False
1997-02-09 00:00:00,0.0,0.11423046,0.102163695,0.04766787978261709,0.09901281109256281,False
1997-02-09 01:00:00,0.0,0.11226234,0.10098479,0.04687798149883747,0.09911785821606948,False
1997-02-09 02:00:00,0.0,0.11162639,0.09980271,0.046579483017325396,0.09918901254972055,False
1997-02-09 03:00:00,0.0,0.111224934,0.09901536,0.04638883039355278,0.09924728386466936,False
1997-02-09 04:00:00,0.0,0.111626424,0.09919283,0.046546563126146794,0.09932352991392449,False
1997-02-09 05:00:00,0.0,0.11555758,0.10306063,0.04820602163672447,0.09938799415332808,False
1997-02-09 06:00:00,0.0,0.12236536,0.108366065,0.05100458642095328,0.09944724778821304,False
1997-02-09 07:00:00,0.0019672825,0.13136084,0.11687048,0.05591827915748581,0.09951710025025143,False
1997-02-09 08:00:00,0.041621063,0.14418033,0.12866187,0.08416563523188234,0.09964086530478863,False
1997-02-09 09:00:00,0.114978105,0.15592018,0.13932711,0.1314005759358406,0.09992925986970658,False
1997-02-09 10:00:00,0.17665082,0.14685757,0.1318217,0.16323634158074854,0.10027869856991067,False
1997-02-09 11:00:00,0.22680165,0.16236167,0.14486603,0.19859877213835714,0.10091938959167843,False
1997-02-09 12:00:00,0.24616814,0.18529063,0.16317052,0.21922246688604355,0.10180344923380955,False
1997-02-09 13:00:00,0.23718314,0.19782306,0.17269632,0.21917698252201082,0.10297546331224536,False
1997-02-09 14:00:00,0.19400708,0.2027525,0.17708212,0.19632019467651843,0.10414066613695466,False
1997-02-09 15:00:00,0.12956381,0.18932334,0.16747536,0.1536622977256775,0.10530266511328712,False
1997-02-09 16:00:00,0.053440575,0.17966503,0.160315,0.10578861761465667,0.10671389100495919,False
1997-02-09 17:00:00,0.004121909,0.17519891,0.15679313,0.07549356935359537,0.10831333420508113,False
1997-02-09 18:00:00,0.0,0.17194438,0.15219186,0.0716658367216587,0.11018306043533568,False
1997-02-09 19:00:00,0.0,0.17005952,0.14892556,0.07079394190013409,0.11245170179357714,False
1997-02-09 20:00:00,0.0,0.16765343,0.14541401,0.06971647091209889,0.11515669033465867,False
1997-02-09 21:00:00,0.0,0.16309695,0.1407769,0.06778472708165645,0.11823664549061988,False
1997-02-09 22:00:00,0.0,0.1638455,0.1389505,0.06796231426298618,0.1215023785510469,False
1997-02-09 23:00:00,0.0,0.15380861,0.12923045,0.06373382113873959,0.12469053318886048,False
1997-02-10 00:00:00,0.0,0.15004143,0.13005915,0.062388482362031934,0.12784349321130623,False
1997-02-10 01:00:00,0.0,0.14813763,0.13173538,0.06177649587392807,0.1309126963287029,False
1997-02-10 02:00:00,0.0,0.14656475,0.13028622,0.06111784914135933,0.13394220364814585,False
1997-02-10 03:00:00,0.0,0.1481642,0.13169406,0.061784068420529366,0.13703066670404707,False
1997-02-10 04:00:00,0.0,0.14660104,0.12942846,0.061084919258952146,0.14008192010292744,False
1997-02-10 05:00:00,0.0,0.14789204,0.12853016,0.061512792482972145,0.142952034152336,False
1997-02-10 06:00:00,0.0,0.15193419,0.13021417,0.06309528185427189,0.14547240419056226,False
1997-02-10 07:00:00,0.002876888,0.15848726,0.13471581,0.06741641722153872,0.14764784482749138,False
1997-02-10 08:00:00,0.05459138,0.17277136,0.14581673,0.10312596311420201,0.14954955114153562,False
1997-02-10 09:00:00,0.1433922,0.17273566,0.14478621,0.15429521670937538,0.15151221160940864,False
1997-02-10 10:00:00,0.23145828,0.20829612,0.16972826,0.21957802015542982,0.15327048883006014,False
1997-02-10 11:00:00,0.29728305,0.2501177,0.2012884,0.27469532290101045,0.15611621817054888,False
1997-02-10 12:00:00,0.32263258,0.28614035,0.23005062,0.3041675229668617,0.15965553504516722,False
1997-02-10 13:00:00,0.30253515,0.29322478,0.23511218,0.2954587814509868,0.16312695814212202,False
1997-02-10 14:00:00,0.24258055,0.27773786,0.22678073,0.25470040427148344,0.16585303626435538,False
1997-02-10 15:00:00,0.15500289,0.30063394,0.24837075,0.2137826120853424,0.16786204562562246,False
1997-02-10 16:00:00,0.060367886,0.31348303,0.26002485,0.16454884979501366,0.16946651157621334,False
1997-02-10 17:00:00,0.0042395825,0.34519467,0.288954,0.1454265868598595,0.1705964125228056,False
1997-02-10 18:00:00,0.0,0.39099815,0.32819614,0.16200091060996055,0.17146292232890845,False
1997-02-10 19:00:00,0.0,0.44091383,0.37429562,0.1829091654717922,0.17219777198304653,False
1997-02-10 20:00:00,0.0,0.48270538,0.4101742,0.20026769319176674,0.17285403491632312,False
1997-02-10 21:00:00,0.0,0.5037113,0.42020538,0.20856055426597597,0.17344125854951561,False
1997-02-10 22:00:00,0.0,0.49559027,0.401164,0.20453566521406175,0.1739763275029254,False
1997-02-10 23:00:00,0.0,0.48506933,0.39546895,0.20034590774774552,0.1745554869461921,False
1997-02-11 00:00:00,0.0,0.4715999,0.3883197,0.19498962941765785,0.17515978042018832,False
1997-02-11 01:00:00,0.0,0.46462044,0.38609982,0.192294332832098,0.17577897690684768,False
1997-02-11 02:00:00,0.0,0.470379,0.39362705,0.1948257097005844,0.17642189746239456,False
1997-02-11 03:00:00,0.0,0.46570456,0.38896316,0.19284899353981017,0.1771195273621124,False
1997-02-11 04:00:00,0.0,0.44495943,0.37262976,0.18431203749775887,0.17794007034209786,False
1997-02-11 05:00:00,0.0,0.407978,0.34518337,0.1691837834715843,0.1790274193443474,False
1997-02-11 06:00:00,0.0,0.3743675,0.32007644,0.15542573699355128,0.18036500721593618,False
1997-02-11 07:00:00,0.002501192,0.35082424,0.30190465,0.1472001822316088,0.18193837059178622,False
1997-02-11 08:00:00,0.055743907,0.35176376,0.303857,0.17837333768978714,0.1836100138664818,False
1997-02-11 09:00:00,0.14849284,0.31289172,0.27149013,0.21579788252711296,0.18474229809363896,False
1997-02-11 10:00:00,0.23762806,0.39222318,0.33314088,0.29983134992420674,0.18517266349806352,False
1997-02-11 11:00:00,0.29099566,0.48119456,0.4263092,0.3684859821200371,0.18395714953667386,False
1997-02-11 12:00:00,0.31473032,0.4910414,0.4269835,0.385850775539875,0.18207971768005032,False
1997-02-11 13:00:00,0.27018264,0.46852016,0.39350757,0.3500287323892116,0.17964845267653679,False
1997-02-11 14:00:00,0.21765433,0.40375218,0.3366952,0.29275264401733875,0.17725483965921737,False
1997-02-11 15:00:00,0.14293168,0.35772607,0.30007708,0.23067666335403916,0.1753542965400799,False
1997-02-11 16:00:00,0.059155975,0.30344886,0.25774515,0.16002386305108665,0.1739283187160569,False
1997-02-11 17:00:00,0.0041465727,0.27641407,0.23512365,0.11708604004653171,0.17321452914699814,False
1997-02-11 18:00:00,0.0,0.2576074,0.22002758,0.10693862012028693,0.1728210657095866,False
1997-02-11 19:00:00,0.0,0.24624911,0.2116415,0.10229456269741058,0.17227015203110446,False
1997-02-11 20:00:00,0.0,0.23559466,0.20312548,0.0979032053053379,0.1716213803483503,False
1997-02-11 21:00:00,0.0,0.2249719,0.19358155,0.09346803684532642,0.17098074013985265,False
1997-02-11 22:00:00,0.0,0.23084337,0.1959401,0.0957619675397873,0.17042851135193873,False
1997-02-11 23:00:00,0.0,0.22368178,0.18891355,0.09273990789055825,0.170029287824999,False
1997-02-12 00:00:00,0.0,0.22269486,0.18399094,0.09210991372168065,0.16983863895073106,False
1997-02-12 01:00:00,0.0,0.22456565,0.18096215,0.09263668254017829,0.1700041122479694,False
1997-02-12 02:00:00,0.0,0.23004042,0.17998464,0.09460408432781696,0.1704039312364863,False
1997-02-12 03:00:00,0.0,0.24615242,0.19147944,0.10117013145983218,0.1708783331202673,False
1997-02-12 04:00:00,0.0,0.2757472,0.21346205,0.11327767136693,0.17158687152213922,False
1997-02-12 05:00:00,0.0,0.3061064,0.2363658,0.12571701031923294,0.17266361706763078,False
1997-02-12 06:00:00,0.0,0.33751863,0.26059905,0.13861672389507293,0.17422735001951029,False
1997-02-12 07:00:00,0.0008802449,0.35819644,0.27727607,0.14765529440692624,0.1759859344760286,False
1997-02-12 08:00:00,0.012128853,0.3663518,0.28321183,0.15747560601774604,0.17791895323846257,False
1997-02-12 09:00:00,0.036113784,0.37543818,0.28848913,0.17495275612175462,0.17981111082048543,False
1997-02-12 10:00:00,0.061058253,0.3079387,0.22913629,0.1612333500087261,0.18186868715909077,False
1997-02-12 11:00:00,0.0879386,0.32703406,0.24374917,0.18457859378308056,0.1830165454264303,False
1997-02-12 12:00:00,0.091495655,0.32944387,0.24275964,0.18746680279821157,0.18338938236921482,False
1997-02-12 13:00:00,0.083317794,0.3239983,0.23954844,0.18056535661965606,0.18337109372704677,False
1997-02-12 14:00:00,0.069190964,0.30209717,0.22365355,0.1634743345528841,0.1835853633697649,False
1997-02-12 15:00:00,0.04599909,0.29012212,0.21739145,0.14533567653223872,0.18431138168587735,False
1997-02-12 16:00:00,0.01949666,0.2904767,0.2194717,0.1302869504801929,0.18564822966855715,False
1997-02-12 17:00:00,0.0022487591,0.3051799,0.23391531,0.12654034186410718,0.1878710085816565,False
1997-02-12 18:00:00,0.0,0.33005953,0.25490904,0.13555705404281615,0.19044800797012673,False
1997-02-12 19:00:00,0.0,0.36931407,0.28687465,0.15176812469959258,0.1933322755182259,False
1997-02-12 20:00:00,0.0,0.41231894,0.32169023,0.16951696318387985,0.19644413363655133,False
1997-02-12 21:00:00,0.0,0.44293728,0.34462434,0.18205357244610784,0.1996715532383047,False
1997-02-12 22:00:00,0.0,0.45130172,0.34893703,0.18537293592095377,0.20295360427723302,False
1997-02-12 23:00:00,0.0,0.46521994,0.36164078,0.1911947617828846,0.20650807130710258,False
1997-02-13 00:00:00,0.0,0.49330893,0.38706207,0.20293234768509863,0.20981635151990727,False
1997-02-13 01:00:00,0.0,0.5134526,0.40780813,0.2114856442809105,0.2128919326579295,False
1997-02-13 02:00:00,0.0,0.52746224,0.42524874,0.2175970001220703,0.21579527057801412,False
1997-02-13 03:00:00,0.0,0.5488237,0.4507942,0.22685883682966232,0.2185220263097532,False
1997-02-13 04:00:00,0.0,0.5706621,0.4707688,0.23599582368135452,0.22102694394347294,False
1997-02-13 05:00:00,0.0,0.5908603,0.48547244,0.24424296516180038,0.2231184045644574,False
1997-02-13 06:00:00,0.0,0.58138067,0.4686727,0.2398377909064293,0.22474308285397515,False
1997-02-13 07:00:00,0.0030952925,0.5780738,0.46092346,0.23998508282843975,0.22593316162657961,False
1997-02-13 08:00:00,0.043293066,0.5920893,0.47658986,0.2691969016268849,0.22675131253779784,False
1997-02-13 09:00:00,0.10912994,0.6086089,0.5003127,0.314561546780169,0.2275268360292927,False
1997-02-13 10:00:00,0.17031166,0.61848545,0.526622,0.354928546756506,0.2295395044895898,False
1997-02-13 11:00:00,0.20804723,0.6418624,0.5461423,0.38638215537369247,0.2329195459584783,False
1997-02-13 12:00:00,0.2373349,0.5990713,0.49950668,0.38497292071580885,0.23617933435012428,False
1997-02-13 13:00:00,0.23203899,0.54615283,0.46105155,0.36031367523968216,0.23888457371453597,False
1997-02-13 14:00:00,0.18290296,0.5357731,0.45122668,0.3276015231907367,0.24101124261370083,False
1997-02-13 15:00:00,0.11943935,0.54488945,0.46045658,0.2948453665226698,0.24232210203217494,False
1997-02-13 16:00:00,0.04937255,0.57367057,0.4915713,0.266717250879854,0.24257006243860812,False
1997-02-13 17:00:00,0.0046199746,0.57305837,0.493662,0.24078201069310307,0.24184531307643434,False
1997-02-13 18:00:00,0.0,0.59052944,0.5088537,0.24538346242904663,0.24033046374131906,False
1997-02-13 19:00:00,0.0,0.60611194,0.5186749,0.2516637523770332,0.23839389903551877,False
1997-02-13 20:00:00,0.0,0.61025524,0.51176226,0.2528193461894989,0.23599072549945654,False
1997-02-13 21:00:00,0.0,0.60671073,0.5024116,0.25100648671388626,0.23310940513468326,False
1997-02-13 22:00:00,0.0,0.64229107,0.54390705,0.266376384973526,0.2299076485637294,False
1997-02-13 23:00:00,0.0,0.6078115,0.50472057,0.25153735810518263,0.2266416725342812,False
1997-02-14 00:00:00,0.0,0.58004403,0.47595483,0.23973780834674835,0.223212246184116,False
1997-02-14 01:00:00,0.0,0.56155205,0.4589666,0.2319969027042389,0.21948179628105813,False
1997-02-14 02:00:00,0.0,0.5460029,0.44469038,0.22548835945129395,0.21553655983751618,False
1997-02-14 03:00:00,0.0,0.53586227,0.4383889,0.22140617787837982,0.21145570419157833,False
1997-02-14 04:00:00,0.0,0.5169007,0.42465585,0.2136677811741829,0.20720906507607528,False
1997-02-14 05:00:00,0.0,0.4921225,0.40941417,0.20370156821608543,0.2028166165034005,False
1997-02-14 06:00:00,0.0,0.472099,0.3988143,0.19574050498008727,0.19828192016703056,False
1997-02-14 07:00:00,0.003769955,0.44517452,0.37929404,0.18692653814540244,0.19384332427696305,False
1997-02-14 08:00:00,0.046592213,0.40403053,0.34684741,0.19470073360949755,0.1894571468273692,False
1997-02-14 09:00:00,0.12280482,0.48408723,0.40878284,0.27156084221601484,0.18500274271324452,False
1997-02-14 10:00:00,0.2050403,0.49526376,0.41508812,0.3234753405153751,0.18037715419964417,False
1997-02-14 11:00:00,0.24799556,0.47604042,0.41289046,0.34104843658208844,0.175603276024655,False
1997-02-14 12:00:00,0.24159223,0.42868343,0.3654702,0.31731829228997227,0.17058646978849717,False
1997-02-14 13:00:00,0.21976574,0.3766058,0.31246462,0.2826454637795686,0.16590633960495565,False
1997-02-14 14:00:00,0.18059531,0.29566,0.24247329,0.2263955866396427,0.16181095330146003,False
1997-02-14 15:00:00,0.1224134,0.20923364,0.17403764,0.15723777604103087,0.1579684290608129,False
1997-02-14 16:00:00,0.053777747,0.15582828,0.12904787,0.09549898109585046,0.15394079163934898,False
1997-02-14 17:00:00,0.004782366,0.12382093,0.09959676,0.053827573778573425,0.14942382869124898,False
1997-02-14 18:00:00,0.0,0.103662975,0.0805613,0.042601948164403436,0.1446111296761907,False
1997-02-14 19:00:00,0.0,0.088898,0.066896886,0.03641579496860504,0.13956367875408127,False
1997-02-14 20:00:00,0.0,0.07619371,0.057372328,0.031213585674762723,0.13436752168301125,False
1997-02-14 21:00:00,0.0,0.06912047,0.053033423,0.028369257040321824,0.12913876859296092,False
1997-02-14 22:00:00,0.0,0.06951697,0.054709703,0.028606086507439614,0.12394874277902514,False
1997-02-14 23:00:00,0.0,0.064445436,0.051887613,0.026582296974956992,0.11844726819250596,False
1997-02-15 00:00:00,0.0,0.057996724,0.045740023,0.023870752338320016,0.11324757575490609,False
1997-02-15 01:00:00,0.0,0.05389808,0.041220427,0.02211429499089718,0.1082993035128699,False
1997-02-15 02:00:00,0.0,0.05295896,0.040260598,0.021715929117053744,0.103518918315555,False
1997-02-15 03:00:00,0.0,0.05590612,0.044274088,0.023020159285515547,0.09889425058129805,False
1997-02-15 04:00:00,0.0,0.060884517,0.049850103,0.025158292192965743,0.09438003802197151,False
1997-02-15 05:00:00,0.0,0.06400703,0.05479532,0.026577541016042233,0.09004713607116233,False
1997-02-15 06:00:00,0.0,0.06443527,0.0557143,0.026785188183188438,0.08593176752994865,False
1997-02-15 07:00:00,0.004054803,0.06523313,0.056257784,0.02944856524793431,0.08201470465366824,False
1997-02-15 08:00:00,0.045082197,0.07078968,0.060216386,0.055385504148900505,0.07839685747506639,False
1997-02-15 09:00:00,0.10225271,0.081215896,0.0660152,0.0925332981273532,0.07530761033511953,False
1997-02-15 10:00:00,0.16294302,0.07772183,0.0571281,0.12578239435702562,0.07171203853017262,False
1997-02-15 11:00:00,0.20731956,0.06355101,0.046328686,0.1455754560381174,0.06811620468621064,False
1997-02-15 12:00:00,0.23282176,0.06364025,0.04639374,0.1603266719058156,0.06471160460300354,False
1997-02-15 13:00:00,0.23398565,0.070342325,0.05127956,0.16373513267189263,0.06208834789031728,False
1997-02-15 14:00:00,0.20544104,0.060291205,0.043952286,0.1431603596396744,0.05996702322905185,True
1997-02-15 15:00:00,0.1471828,0.040635828,0.029623518,0.10151877029240132,0.058456806310976384,True
1997-02-15 16:00:00,0.07207653,0.020361323,0.014843404,0.049903029371052975,0.057568586016209636,True
1997-02-15 17:00:00,0.008952221,0.011281611,0.0082242945,0.009772457970306278,0.05701925822081587,True
1997-02-15 18:00:00,0.0,0.007605477,0.0055443933,0.003105818167794496,0.05663282029343342,True
1997-02-15 19:00:00,0.0,0.005505387,0.0040134275,0.002248212965670973,0.05647069076647555,True
1997-02-15 20:00:00,0.0,0.0045037977,0.0032832685,0.0018391978670842944,0.05652302898479199,True
1997-02-15 21:00:00,0.0,0.0046165637,0.003365475,0.0018852476449683307,0.05675567816210483,True
1997-02-15 22:00:00,0.0,0.0056459275,0.004115881,0.0023056048206053672,0.05710778778105547,True
1997-02-15 23:00:00,0.0,0.0047803223,0.003484855,0.0019521211003884673,0.057593509321692785,True
1997-02-16 00:00:00,0.0,0.0054381136,0.0039643855,0.002220740729011595,0.05812087409210895,True
1997-02-16 01:00:00,0.0,0.006216025,0.004531482,0.0025384132331237193,0.05871242063807827,True
1997-02-16 02:00:00,0.0,0.008581293,0.006255762,0.0035043082069605587,0.059352321263761644,True
1997-02-16 03:00:00,0.0,0.011567993,0.008433066,0.004723975030705332,0.06000940480002706,False
1997-02-16 04:00:00,0.0,0.013929876,0.010154879,0.005688487535342574,0.060632590986681556,False
1997-02-16 05:00:00,0.0,0.015094005,0.011003529,0.006163878237828612,0.061228689540303693,False
1997-02-16 06:00:00,0.0,0.018908251,0.013784116,0.007721486918628216,0.06181602531916966,False
1997-02-16 07:00:00,0.005189469,0.025116716,0.018657072,0.013269873572513462,0.062427008893001276,False
1997-02-16 08:00:00,0.058455005,0.030847546,0.024177564,0.04641687089204788,0.06308373685675905,False
1997-02-16 09:00:00,0.14558542,0.036366303,0.028730443,0.0989733955785632,0.06388392417953581,False
1997-02-16 10:00:00,0.22765371,0.04738121,0.037693653,0.15087531600520016,0.06491194083415514,False
1997-02-16 11:00:00,0.2693456,0.05373095,0.044231378,0.17762763258814812,0.06624633724380205,False
1997-02-16 12:00:00,0.2910486,0.056567423,0.048028827,0.19140197008103133,0.06784204441539865,False
1997-02-16 13:00:00,0.27293408,0.056138624,0.048588227,0.18082188003882765,0.06915589392897284,False
1997-02-16 14:00:00,0.22550304,0.057207685,0.049634878,0.15390517457202074,0.07024931168352486,False
1997-02-16 15:00:00,0.153656,0.062421728,0.053890165,0.11460320189222692,0.07098786317407696,False
1997-02-16 16:00:00,0.07279678,0.06503644,0.05794557,0.06913124691694975,0.07162336907479523,False
1997-02-16 17:00:00,0.009304145,0.07160341,0.06460006,0.03527855326421559,0.07236678453820058,False
1997-02-16 18:00:00,0.0,0.08339562,0.07493974,0.0348197308704257,0.07338306817193127,False
1997-02-16 19:00:00,0.0,0.093326524,0.08315819,0.03892802944779396,0.0745339492264223,False
1997-02-16 20:00:00,0.0,0.10154553,0.090934195,0.042380746185779576,0.07576396263258842,False
1997-02-16 21:00:00,0.0,0.108554736,0.096552245,0.04527051874995231,0.07710226663364059,False
1997-02-16 22:00:00,0.0,0.12462528,0.10988874,0.0519207204580307,0.07853296918682948,False
1997-02-16 23:00:00,0.0,0.12453401,0.110051036,0.05189580595493317,0.08009859273677769,False
1997-02-17 00:00:00,0.0,0.12545136,0.11061919,0.052264986544847486,0.0818100970883,False
1997-02-17 01:00:00,0.0,0.12691262,0.111088276,0.05282952502369881,0.08369490482287559,False
1997-02-17 02:00:00,0.0,0.12783591,0.112675674,0.053255938857793804,0.0857552271906364,False
1997-02-17 03:00:00,0.0,0.12690629,0.11304954,0.05293309624493122,0.08793151883555886,False
1997-02-17 04:00:00,0.0,0.12884286,0.11533347,0.05377102276682854,0.09024492025837147,False
1997-02-17 05:00:00,0.0,0.13123372,0.11748917,0.05476965840160847,0.09268665338385229,False
1997-02-17 06:00:00,0.0,0.13429289,0.12145046,0.05611239972710609,0.0953089630684893,False
1997-02-17 07:00:00,0.0068972595,0.13633385,0.12378883,0.06097150750830769,0.0980219553617838,False
1997-02-17 08:00:00,0.060873702,0.14044984,0.12674777,0.0937944956421852,0.10085665458079891,False
1997-02-17 09:00:00,0.14086272,0.1452556,0.12964804,0.14187809754908084,0.1035753164635583,False
1997-02-17 10:00:00,0.21479385,0.15838996,0.13799036,0.1898334220200777,0.10577502640379437,False
1997-02-17 11:00:00,0.26783046,0.16273609,0.14040014,0.22216940027475354,0.10734679193612343,False
1997-02-17 12:00:00,0.26884198,0.16424242,0.14192913,0.22339144855737683,0.10855824672574332,False
1997-02-17 13:00:00,0.2559616,0.16494937,0.14190787,0.2162191848903894,0.10974155883743272,False
1997-02-17 14:00:00,0.19860558,0.15399781,0.1331522,0.17861083118617535,0.11130564862967003,False
1997-02-17 15:00:00,0.13131039,0.13495356,0.119612895,0.13202305352687835,0.11371959064175219,False
1997-02-17 16:00:00,0.058564406,0.12390081,0.11251687,0.08558697161450982,0.11676016041834372,False
1997-02-17 17:00:00,0.0073216204,0.12990004,0.11845154,0.058554072389379146,0.12011037651523171,False
1997-02-17 18:00:00,0.0,0.13957854,0.12673387,0.05834810878336429,0.12347017076003249,False
1997-02-17 19:00:00,0.0,0.14672975,0.13232552,0.06128885646164417,0.12652206818104605,False
1997-02-17 20:00:00,0.0,0.15840529,0.14122663,0.06607778991758824,0.12946085428723017,False
1997-02-17 21:00:00,0.0,0.16931008,0.1496954,0.07055897019803524,0.1321935954885266,False
1997-02-17 22:00:00,0.0,0.18595947,0.1636387,0.07745553521811963,0.1348537492463074,False
1997-02-17 23:00:00,0.0,0.20205125,0.17680404,0.08410432997345924,0.1370308480458043,False
1997-02-18 00:00:00,0.0,0.22296244,0.19293281,0.09269151198863983,0.13925508946270565,False
1997-02-18 01:00:00,0.0,0.2442081,0.20964998,0.101433886885643,0.14143519394003667,False
1997-02-18 02:00:00,0.0,0.26000932,0.22264571,0.10796630716323852,0.14353711743929304,False
1997-02-18 03:00:00,0.0,0.2788623,0.2382788,0.11576724332571028,0.1456436706492386,False
1997-02-18 04:00:00,0.0,0.29629087,0.2511175,0.12289167755842209,0.14764468344111809,False
1997-02-18 05:00:00,0.0,0.3187563,0.2669197,0.13203474310040475,0.1493550175837881,False
1997-02-18 06:00:00,0.0,0.33339322,0.27635223,0.13794511699676515,0.15081191574499825,False
1997-02-18 07:00:00,0.005928615,0.35302967,0.2897533,0.14933543608523908,0.15209334813148595,False
1997-02-18 08:00:00,0.03499327,0.3793686,0.30989835,0.17691264126449824,0.15321940176465432,False
1997-02-18 09:00:00,0.06321666,0.4068284,0.3326626,0.20455947270989416,0.15426907652272104,False
1997-02-18 10:00:00,0.08549278,0.42835987,0.3504803,0.2263200615569949,0.15621705533002386,False
1997-02-18 11:00:00,0.09718514,0.43474758,0.35703295,0.23577746248990297,0.15846204651423612,False
1997-02-18 12:00:00,0.10339524,0.45564333,0.37795392,0.24820095144212245,0.1606348781607133,False
1997-02-18 13:00:00,0.10397099,0.47222573,0.4010303,0.2558981900662184,0.16292499344824074,False
1997-02-18 14:00:00,0.09308586,0.52039343,0.4451606,0.26977439115196467,0.16515437178807524,False
1997-02-18 15:00:00,0.07171028,0.5289936,0.44398293,0.2605505511686206,0.16737089253120938,False
1997-02-18 16:00:00,0.039749555,0.5002711,0.41492772,0.22994161956757306,0.1689291232401835,False
1997-02-18 17:00:00,0.0073695653,0.46563074,0.3792351,0.19654867701465265,0.16989070337627588,False
1997-02-18 18:00:00,0.0,0.43909803,0.35710433,0.18131080707907676,0.1706068736108039,False
1997-02-18 19:00:00,0.0,0.43546498,0.3574664,0.17998976254463198,0.171527464881355,False
1997-02-18 20:00:00,0.0,0.42024526,0.34225598,0.17355232384800912,0.17280913158953382,False
1997-02-18 21:00:00,0.0,0.41908523,0.33917496,0.17295789912343024,0.17444615129549249,False
1997-02-18 22:00:00,0.0,0.37830275,0.31162494,0.15642146283388136,0.17640286102965666,False
1997-02-18 23:00:00,0.0,0.38399887,0.31414464,0.15865939396619796,0.17863393064942404,False
1997-02-19 00:00:00,0.0,0.37993383,0.30952623,0.15691000145673753,0.18111414447594626,False
1997-02-19 01:00:00,0.0,0.3721498,0.30367738,0.15372185298800467,0.18412999514658196,False
1997-02-19 02:00:00,0.0,0.373595,0.30581367,0.15437049293518065,0.1876887830698882,False
1997-02-19 03:00:00,0.0,0.36065692,0.29443163,0.14898171025514603,0.1915777313763295,False
1997-02-19 04:00:00,0.0,0.32867408,0.27011716,0.13586706161499024,0.19551695333216532,False
1997-02-19 05:00:00,0.0,0.30134773,0.25006402,0.12470077013969422,0.19941620794851525,False
1997-02-19 06:00:00,0.0,0.2839497,0.23784655,0.11762115427851677,0.20290688537042778,False
1997-02-19 07:00:00,0.007663835,0.26669207,0.22575323,0.11502208190038798,0.20606688639130635,False
1997-02-19 08:00:00,0.06743261,0.25359637,0.21654089,0.14417888402938842,0.20884681543679712,False
1997-02-19 09:00:00,0.17262363,0.3285477,0.26931754,0.23538108029961585,0.2120038009799997,False
1997-02-19 10:00:00,0.2711244,0.3414558,0.2806859,0.29759299886226653,0.215445917688184,False
1997-02-19 11:00:00,0.32695177,0.33410347,0.2690735,0.32646531930565836,0.22028250828201995,False
1997-02-19 12:00:00,0.34256715,0.3289264,0.2644795,0.33331698235869406,0.2263505853897562,False
1997-02-19 13:00:00,0.33407226,0.3160557,0.25639078,0.323229345202446,0.23245236150069587,False
1997-02-19 14:00:00,0.2784846,0.30094156,0.24575502,0.28500382685661313,0.23757087685713968,False
1997-02-19 15:00:00,0.19045371,0.23401166,0.19585247,0.2068181275576353,0.24032152296388326,False
1997-02-19 16:00:00,0.09005755,0.19201818,0.16527596,0.13174281814694405,0.2409141409327567,False
1997-02-19 17:00:00,0.012021696,0.20713937,0.177024,0.092930243646726,0.2400640855526532,False
1997-02-19 18:00:00,0.0,0.24739562,0.20828715,0.10253648976981639,0.23853085620860412,False
1997-02-19 19:00:00,0.0,0.29609776,0.25090346,0.12280885845422745,0.23709498757432249,False
1997-02-19 20:00:00,0.0,0.34832293,0.29858473,0.14465473580360413,0.2357381746315494,False
1997-02-19 21:00:00,0.0,0.39551604,0.3432522,0.1644810374379158,0.23455892751301674,False
1997-02-19 22:00:00,0.0,0.443089,0.38975987,0.1845468769669533,0.23347683281014708,False
1997-02-19 23:00:00,0.0,0.48754382,0.43057266,0.20315459364652633,0.2329328717303559,False
1997-02-20 00:00:00,0.0,0.56950045,0.50567925,0.23745234417915345,0.23233304384100287,False
1997-02-20 01:00:00,0.0,0.6527346,0.5814194,0.2722557072043419,0.23182479775446502,False
1997-02-20 02:00:00,0.0,0.7067697,0.626626,0.29463582587242126,0.23154786855290677,False
1997-02-20 03:00:00,0.0,0.73134035,0.6478761,0.3048498972058296,0.23141973558935372,False
1997-02-20 04:00:00,0.0,0.74434817,0.65539676,0.31005589914321896,0.23161416673596052,False
1997-02-20 05:00:00,0.0,0.72039753,0.62519574,0.2995872593522072,0.23227526959526384,False
1997-02-20 06:00:00,0.0,0.6968015,0.6019522,0.28962516599893573,0.23342679301026312,False
1997-02-20 07:00:00,0.008957003,0.66963935,0.56494296,0.28277203026879577,0.2349106646862909,False
1997-02-20 08:00:00,0.08486445,0.67481077,0.5643701,0.3284479473382234,0.23673397230889331,False
1997-02-20 09:00:00,0.1986416,0.61651134,0.5124479,0.36978107470273974,0.23865113715218994,False
1997-02-20 10:00:00,0.3099462,0.67564607,0.56155646,0.45847641006112094,0.2396664417766034,False
1997-02-20 11:00:00,0.35689995,0.7716293,0.67375356,0.5270451636612415,0.24072074321669834,False
1997-02-20 12:00:00,0.373044,0.7829945,0.68360806,0.5410862047672271,0.2418489553234229,False
1997-02-20 13:00:00,0.33039033,0.7507962,0.6279242,0.5015869271755218,0.2430983279506986,False
1997-02-20 14:00:00,0.27500418,0.5886202,0.4801323,0.40180540427565575,0.24487153201624748,False
1997-02-20 15:00:00,0.19405186,0.42823362,0.35203856,0.2889962136745453,0.24649665692492073,False
1997-02-20 16:00:00,0.095665105,0.3227526,0.27489793,0.1891389613226056,0.2488132392752915,False
1997-02-20 17:00:00,0.014264519,0.27604237,0.23821121,0.12295366850029678,0.2516045955052133,False
1997-02-20 18:00:00,1.1525302e-07,0.27043536,0.23330365,0.11238911263355889,0.2542009739287391,False
1997-02-20 19:00:00,0.0,0.27656186,0.23724845,0.11486274129152298,0.25626846566594297,False
1997-02-20 20:00:00,0.0,0.28168625,0.24085625,0.11694846215844154,0.25768840854412967,False
1997-02-20 21:00:00,0.0,0.2915465,0.24882773,0.12101735338568688,0.2583541637229091,False
1997-02-20 22:00:00,0.0,0.31422606,0.26596138,0.13031133100390435,0.2581959531827187,False
1997-02-20 23:00:00,0.0,0.31311035,0.26536918,0.1298676552772522,0.25719460053726195,False
1997-02-21 00:00:00,0.0,0.31944412,0.27109832,0.1325141893029213,0.25544225893898964,False
1997-02-21 01:00:00,0.0,0.338646,0.28646073,0.14042925131320952,0.25264984684887437,False
1997-02-21 02:00:00,0.0,0.3574523,0.30222613,0.14822011068463326,0.2488791027980214,False
1997-02-21 03:00:00,0.0,0.3819376,0.32184136,0.15831440529227256,0.24442629313080666,False
1997-02-21 04:00:00,0.0,0.40423945,0.3414008,0.16759999886155127,0.23962480315643458,False
1997-02-21 05:00:00,0.0,0.43417454,0.36599055,0.17997389405965805,0.23460670800398198,False
1997-02-21 06:00:00,0.0,0.45581177,0.38245282,0.18884699472784994,0.22974595922309066,False
1997-02-21 07:00:00,0.007093794,0.47920254,0.40040725,0.20254084778530523,0.2250624633113211,False
1997-02-21 08:00:00,0.04712229,0.5047835,0.4212615,0.23620279650762674,0.22068271321799238,False
1997-02-21 09:00:00,0.09634507,0.55202943,0.4597359,0.2841157022714615,0.2161048178824497,False
1997-02-21 10:00:00,0.14836636,0.6347832,0.525131,0.3481994679868221,0.21173279899975533,False
1997-02-21 11:00:00,0.1757811,0.67410284,0.5638862,0.38061950042843823,0.20654054921519882,False
1997-02-21 12:00:00,0.18401577,0.6934383,0.57835263,0.393286868467927,0.20071370398280153,False
1997-02-21 13:00:00,0.1858059,0.7271539,0.6076546,0.4083431403487921,0.1946290623672518,False
1997-02-21 14:00:00,0.16012989,0.65448856,0.5390481,0.3630098224729299,0.18907318961181618,False
1997-02-21 15:00:00,0.119307905,0.6024699,0.49744478,0.31801408037543294,0.18475906270272657,False
1997-02-21 16:00:00,0.06067126,0.55809456,0.45895755,0.26572791718319055,0.1819231878133702,False
1997-02-21 17:00:00,0.01066004,0.51116586,0.42195117,0.21755640797596426,0.18018157569268348,False
1997-02-21 18:00:00,5.762651e-07,0.4876758,0.40413696,0.20177609315560238,0.1790553058244383,False
1997-02-21 19:00:00,0.0,0.46115482,0.38518497,0.19096611660718918,0.17794157505580926,False
1997-02-21 20:00:00,0.0,0.42633235,0.3573027,0.17661098438501358,0.17674938057629164,False
1997-02-21 21:00:00,0.0,0.37853947,0.31862715,0.15688693150877953,0.175475471325086,False
1997-02-21 22:00:00,0.0,0.3289553,0.27958235,0.13648194998502733,0.1740880213862821,False
1997-02-21 23:00:00,0.0,0.28643367,0.2471884,0.1190421969294548,0.17251143921712184,False
1997-02-22 00:00:00,0.0,0.24881308,0.21489885,0.10341656385362147,0.17092225335338856,False
1997-02-22 01:00:00,0.0,0.2193598,0.19104123,0.09125999276340008,0.1692368411429762,False
1997-02-22 02:00:00,0.0,0.19433358,0.17021981,0.0809009618461132,0.16734170088112124,False
1997-02-22 03:00:00,0.0,0.17845254,0.15795171,0.07437837843596935,0.16523284924017034,False
1997-02-22 04:00:00,0.0,0.16588515,0.14769836,0.06918733182549477,0.16287833610396604,False
1997-02-22 05:00:00,0.0,0.15886581,0.1416636,0.06627131786942482,0.16030264759609247,False
1997-02-22 06:00:00,0.0,0.1553668,0.13864844,0.0648173622339964,0.15747303061686227,False
1997-02-22 07:00:00,0.009123976,0.16136013,0.14328896,0.072544025789015,0.1545165952196921,False
1997-02-22 08:00:00,0.06529619,0.17049395,0.15038528,0.10870897123217582,0.15156676136571662,False
1997-02-22 09:00:00,0.13857864,0.1922364,0.1672049,0.15992416833341122,0.14896826195112797,False
1997-02-22 10:00:00,0.2065731,0.21692152,0.18540186,0.20924842040240763,0.14660537759572945,False
1997-02-22 11:00:00,0.2515129,0.24647883,0.20894359,0.2473565925061703,0.14419549135973736,False
1997-02-22 12:00:00,0.24955374,0.25326437,0.2143768,0.24902340722084046,0.14208405594140971,False
1997-02-22 13:00:00,0.23678869,0.23672308,0.20235452,0.2349050349146128,0.14027295678001578,False
1997-02-22 14:00:00,0.19135796,0.20261371,0.17683913,0.19472731263935567,0.1380823891959283,False
1997-02-22 15:00:00,0.13825805,0.17520276,0.1564723,0.15287421898543835,0.13596634366131755,False
1997-02-22 16:00:00,0.06979783,0.15609404,0.14202833,0.10554157952964306,0.13332510924821778,False
1997-02-22 17:00:00,0.013810884,0.14556758,0.13350736,0.0688927148245275,0.13031900307467575,False
1997-02-22 18:00:00,2.7084461e-06,0.14082053,0.12899438,0.05893003573936585,0.12722707087080287,False
1997-02-22 19:00:00,0.0,0.13775207,0.12605356,0.057637406274676325,0.12425773386572367,False
1997-02-22 20:00:00,0.0,0.13337527,0.12195079,0.05580081810057163,0.12154803689111834,False
1997-02-22 21:00:00,0.0,0.13015732,0.1183649,0.05441975632309913,0.11914614327725834,False
1997-02-22 22:00:00,0.0,0.13071582,0.11854167,0.05463538688421249,0.1171761858110211,False
1997-02-22 23:00:00,0.0,0.12827551,0.11579758,0.0535867338180542,0.11565982093018358,False
1997-02-23 00:00:00,0.0,0.12365118,0.110872574,0.051614403203129766,0.11452739251878923,False
1997-02-23 01:00:00,0.0,0.11860777,0.10548616,0.049462518744170667,0.11381514854737437,False
1997-02-23 02:00:00,0.0,0.11283944,0.09921258,0.04699523191899061,0.11350606262692128,False
1997-02-23 03:00:00,0.0,0.10886421,0.09494224,0.04529777475446462,0.11360246452138638,False
1997-02-23 04:00:00,0.0,0.105809696,0.091169864,0.04396695048362016,0.11403618300807541,False
1997-02-23 05:00:00,0.0,0.106463455,0.090134524,0.04415227905660868,0.11479580328714913,False
1997-02-23 06:00:00,2.5931928e-07,0.11330551,0.09496691,0.04693809566368197,0.11582188966599172,False
1997-02-23 07:00:00,0.015900766,0.12481766,0.10585858,0.06094882279448212,0.11715151303700613,False
1997-02-23 08:00:00,0.09501487,0.13628845,0.11779272,0.11147482460737228,0.1187708263439186,False
1997-02-23 09:00:00,0.19872169,0.13454114,0.118317716,0.17069725321233273,0.12064623178526734,False
1997-02-23 10:00:00,0.29529524,0.14973378,0.12755205,0.23252492865920066,0.1224245258326081,False
1997-02-23 11:00:00,0.3643827,0.16673493,0.13882563,0.279270600348711,0.1241344659022736,False
1997-02-23 12:00:00,0.39698115,0.18713945,0.15262088,0.30635410872101787,0.12623188824812548,False
1997-02-23 13:00:00,0.37585962,0.20926334,0.16864304,0.30319589631259436,0.12878226107095653,False
1997-02-23 14:00:00,0.30660072,0.20489942,0.16524328,0.26143963681161403,0.1312540733524037,False
1997-02-23 15:00:00,0.2135263,0.16451702,0.13561812,0.19123482854664323,0.13393820190973554,False
1997-02-23 16:00:00,0.105080105,0.14662641,0.12404544,0.12143482085317372,0.1366030601485071,False
1997-02-23 17:00:00,0.019194236,0.13981688,0.119928874,0.06914366219006479,0.1392266519993293,False
1997-02-23 18:00:00,6.3389157e-06,0.14273986,0.121726856,0.05924791691180098,0.14172536920533568,False
1997-02-23 19:00:00,0.0,0.14673051,0.12513153,0.060900661826133726,0.1442464975635922,False
1997-02-23 20:00:00,0.0,0.14772084,0.12613147,0.06132009091973305,0.14683200028961807,False
1997-02-23 21:00:00,0.0,0.15026294,0.1274435,0.06232897312939167,0.14960806717122255,False
1997-02-23 22:00:00,0.0,0.15355809,0.13025,0.0636964357048273,0.1526352802100992,False
1997-02-23 23:00:00,0.0,0.156021,0.1317386,0.06468563318252564,0.1561626581023848,False
1997-02-24 00:00:00,0.0,0.16713291,0.13994089,0.069228853225708,0.16009069626363276,False
1997-02-24 01:00:00,0.0,0.18468343,0.1532534,0.07642386858165263,0.16452842468818932,False
1997-02-24 02:00:00,0.0,0.20661211,0.17200711,0.08552825278043746,0.169558313028927,False
1997-02-24 03:00:00,0.0,0.2299206,0.19178085,0.09519686579704285,0.17506292680608393,False
1997-02-24 04:00:00,0.0,0.25502312,0.21380691,0.10564910522103309,0.1809450228726892,False
1997-02-24 05:00:00,0.0,0.27863818,0.23529582,0.11552346405386925,0.18713178900772987,False
1997-02-24 06:00:00,1.5559157e-06,0.30994394,0.26424205,0.12863928404268826,0.19339079520669117,False
1997-02-24 07:00:00,0.014219225,0.34216607,0.29272765,0.1502710645208135,0.19956311418955264,False
1997-02-24 08:00:00,0.07113618,0.38022286,0.3218634,0.19872843241691587,0.20553127953263672,False
1997-02-24 09:00:00,0.14109232,0.39572066,0.3305758,0.24528228260576723,0.21110090591192918,False
1997-02-24 10:00:00,0.20310108,0.42089605,0.34862176,0.2913255437463522,0.21623075543896036,False
1997-02-24 11:00:00,0.25070348,0.49055102,0.41414124,0.34803286510705944,0.2203009035983997,False
1997-02-24 12:00:00,0.27617425,0.5119659,0.42913622,0.371441302716732,0.22392656678761716,False
1997-02-24 13:00:00,0.26367152,0.48613214,0.40797773,0.353552024424076,0.2275197462407815,False
1997-02-24 14:00:00,0.2185117,0.47685862,0.39858153,0.32356548339128494,0.23097133511204945,False
1997-02-24 15:00:00,0.13781218,0.48659632,0.40214342,0.2807874144464731,0.2347953296719062,False
1997-02-24 16:00:00,0.06461631,0.47019693,0.38310575,0.23147398836910724,0.23953707971882748,False
1997-02-24 17:00:00,0.012145565,0.4402779,0.3585297,0.18883114071283488,0.24445642435807785,False
1997-02-24 18:00:00,5.042319e-06,0.4357161,0.35485277,0.17994419693567806,0.24930175735986765,False
1997-02-24 19:00:00,0.0,0.4399393,0.3593322,0.18174153712391852,0.254024801968604,False
1997-02-24 20:00:00,0.0,0.4568295,0.37929532,0.18905202841758728,0.2585998220471736,False
1997-02-24 21:00:00,0.0,0.48203617,0.40471545,0.19972598218917847,0.2629528163010325,False
1997-02-24 22:00:00,0.0,0.53942615,0.46113476,0.2239495257139206,0.2669616127777915,False
1997-02-24 23:00:00,0.0,0.58079,0.51520485,0.24213256555795667,0.2708571540182527,False
1997-02-25 00:00:00,0.0,0.633275,0.5730908,0.2646253675818443,0.27414784235414824,False
1997-02-25 01:00:00,0.0,0.6953962,0.6351105,0.2908971590995788,0.27718123813626133,False
1997-02-25 02:00:00,0.0,0.7409553,0.7000776,0.3112166932225227,0.27999233640544824,False
1997-02-25 03:00:00,0.0,0.7787922,0.7456308,0.327638385951519,0.282760486336432,False
1997-02-25 04:00:00,0.0,0.8101556,0.7774874,0.3409317249655724,0.28536070283689313,False
1997-02-25 05:00:00,0.0,0.819998,0.777876,0.3445845766067505,0.28768112740293855,False
1997-02-25 06:00:00,4.321988e-06,0.81844634,0.76296693,0.34320940684103335,0.289443980421878,False
1997-02-25 07:00:00,0.0095500965,0.8157427,0.7574316,0.34742075926251714,0.2907054043171209,False
1997-02-25 08:00:00,0.059522964,0.82161975,0.7647121,0.37881689081341025,0.2915913653438309,False
1997-02-25 09:00:00,0.12594728,0.82123375,0.7633925,0.4169300305098295,0.2924401552145699,False
1997-02-25 10:00:00,0.17600608,0.7840732,0.6854358,0.42789204031229017,0.2932781570714607,False
1997-02-25 11:00:00,0.21323943,0.7919759,0.7041513,0.4533024334311485,0.2943094689851646,False
1997-02-25 12:00:00,0.24556562,0.80685186,0.72975963,0.47882672247290614,0.2949357063229525,False
1997-02-25 13:00:00,0.22888258,0.80764556,0.71825373,0.4688721621334553,0.29563142076439103,False
1997-02-25 14:00:00,0.18991143,0.8050414,0.71022624,0.4449913756847382,0.29642385565980217,False
1997-02-25 15:00:00,0.1364592,0.81660163,0.71807164,0.4188388307988643,0.29715263286413196,False
1997-02-25 16:00:00,0.07189898,0.7613687,0.6506038,0.35756336353719237,0.2973551384908477,False
1997-02-25 17:00:00,0.013851107,0.70858437,0.597406,0.3017196462759748,0.29678954048278,False
1997-02-25 18:00:00,7.2033135e-06,0.6902536,0.5786355,0.28595405813114394,0.29531942602386496,False
1997-02-25 19:00:00,0.0,0.6777869,0.5629308,0.28050162559747693,0.2932682450019323,False
1997-02-25 20:00:00,0.0,0.6537228,0.5377795,0.2702638151049614,0.29106317001362675,False
1997-02-25 21:00:00,0.0,0.61632085,0.5060891,0.25475120401382445,0.2886877438124769,False
1997-02-25 22:00:00,0.0,0.60673773,0.49622577,0.2506824152469635,0.28605339566306554,False
1997-02-25 23:00:00,0.0,0.539661,0.43525496,0.22263867330551146,0.2828515300365665,False
1997-02-26 00:00:00,0.0,0.52117264,0.41702121,0.2148318507671356,0.27926681396146646,False
1997-02-26 01:00:00,0.0,0.5128815,0.40932047,0.2113565855026245,0.2753503924642258,False
1997-02-26 02:00:00,0.0,0.5302432,0.4211056,0.218399449467659,0.27101951816459535,False
1997-02-26 03:00:00,0.0,0.535113,0.41760314,0.2200072578191757,0.26619382916638046,False
1997-02-26 04:00:00,0.0,0.5286993,0.40628612,0.21702948439121245,0.26105069136587317,False
1997-02-26 05:00:00,0.0,0.4881132,0.3708637,0.200140408962965,0.25555742961229166,False
1997-02-26 06:00:00,8.471096e-06,0.46085668,0.35419685,0.18918763101434616,0.24989703204729938,False
1997-02-26 07:00:00,0.01286725,0.4516483,0.3465661,0.19279719380289315,0.24412038116922394,False
1997-02-26 08:00:00,0.07032883,0.48422968,0.3742566,0.23947034621238708,0.2382947598134333,False
1997-02-26 09:00:00,0.14771703,0.48780498,0.3754372,0.2855063717365265,0.23267219358935742,False
1997-02-26 10:00:00,0.20807172,0.5365971,0.4216076,0.34082851560413835,0.2276246366948365,False
1997-02-26 11:00:00,0.25932086,0.5560253,0.4313107,0.3780922573208809,0.2236235990571334,False
1997-02-26 12:00:00,0.29852962,0.56551653,0.4427482,0.40483559590578083,0.21979856651094842,False
1997-02-26 13:00:00,0.27928314,0.55959666,0.44354376,0.3915888994038105,0.21558709259118675,False
1997-02-26 14:00:00,0.24630925,0.5254155,0.4175563,0.3585467891991138,0.21116818853130975,False
1997-02-26 15:00:00,0.17941043,0.45627925,0.3448301,0.29050768452882764,0.2064303281109014,False
1997-02-26 16:00:00,0.09602789,0.3642096,0.26896024,0.20432528398185967,0.2011210366813942,False
1997-02-26 17:00:00,0.020643312,0.26019382,0.19153582,0.11826564668491482,0.1957182508924831,False
1997-02-26 18:00:00,3.106069e-05,0.199345,0.14650525,0.08148750788291,0.19046004186817936,False
1997-02-26 19:00:00,0.0,0.18565905,0.13684718,0.07589793768525124,0.1852183383419124,False
1997-02-26 20:00:00,0.0,0.18334183,0.13663769,0.07503157076239586,0.1800563427554389,False
1997-02-26 21:00:00,0.0,0.17885216,0.1348301,0.07327727101743221,0.17511633895476736,False
1997-02-26 22:00:00,0.0,0.17105973,0.13220252,0.07025997564196587,0.17053709849854387,False
1997-02-26 23:00:00,0.0,0.1705869,0.13184497,0.07006619395315647,0.16623327568778223,False
1997-02-27 00:00:00,0.0,0.18665788,0.14371073,0.07663713571429252,0.16248836344014306,False
1997-02-27 01:00:00,0.0,0.20220017,0.15561719,0.08301519271731377,0.15891337485843723,False
1997-02-27 02:00:00,0.0,0.19381689,0.14935538,0.07958362130820751,0.1554281889898648,False
1997-02-27 03:00:00,0.0,0.19669475,0.1516187,0.08076777152717114,0.15186917756171353,False
1997-02-27 04:00:00,0.0,0.1881171,0.14518426,0.07725516079366207,0.1483758439230678,False
1997-02-27 05:00:00,0.0,0.17737794,0.13764878,0.07288549348711967,0.14505062915617056,False
1997-02-27 06:00:00,1.9506573e-05,0.16029534,0.12536907,0.06593016469341093,0.14222948374552108,False
1997-02-27 07:00:00,0.01690563,0.1409736,0.1114283,0.06779093418456614,0.13972433304888082,False
1997-02-27 08:00:00,0.09082479,0.13712181,0.109812215,0.10893371205776929,0.13758285673378387,False
1997-02-27 09:00:00,0.18767333,0.16099845,0.1287289,0.17464729957282543,0.1358692746123272,False
1997-02-27 10:00:00,0.27502555,0.18730284,0.14884712,0.2358422337025404,0.13467816972496338,False
1997-02-27 11:00:00,0.33118618,0.19157104,0.14660618,0.26970087121427055,0.13375068320284017,False
1997-02-27 12:00:00,0.3465274,0.18707706,0.14255983,0.27667597432434554,0.13333052338299384,False
1997-02-27 13:00:00,0.3130988,0.18542317,0.14232627,0.2567647672593593,0.13286729141833611,False
1997-02-27 14:00:00,0.25356674,0.17357172,0.13366853,0.21757407550513744,0.13240836037769643,False
1997-02-27 15:00:00,0.1853195,0.13901263,0.10681166,0.16399284218251706,0.13145762160805094,False
1997-02-27 16:00:00,0.101836875,0.096143946,0.07393801,0.09822964566946028,0.13046411305057234,False
1997-02-27 17:00:00,0.02466259,0.08561323,0.064889215,0.0493256131093949,0.12956192041216147,False
1997-02-27 18:00:00,7.007383e-05,0.08372322,0.063296095,0.03435228887033009,0.12899218592222822,False
1997-02-27 19:00:00,0.0,0.07989187,0.060106263,0.03272583744674921,0.12877722190499313,False
1997-02-27 20:00:00,0.0,0.080577545,0.06315775,0.03314363267272711,0.12869407851614062,False
1997-02-27 21:00:00,0.0,0.08457214,0.06926933,0.03494766211509705,0.12862405613616112,False
1997-02-27 22:00:00,0.0,0.10639948,0.08958358,0.04409892033040524,0.12851852104898548,False
1997-02-27 23:00:00,0.0,0.10330417,0.08821568,0.0428828854188323,0.1282714223814384,False
1997-02-28 00:00:00,0.0,0.104043104,0.08963877,0.04323239884525537,0.1278669347259403,False
1997-02-28 01:00:00,0.0,0.105977856,0.091885835,0.04406766381114721,0.12722057179680102,False
1997-02-28 02:00:00,0.0,0.114498205,0.09846413,0.047566900916397564,0.1263721295445413,False
1997-02-28 03:00:00,0.0,0.12603386,0.10779166,0.05232724316418171,0.1255632505318337,False
1997-02-28 04:00:00,0.0,0.13839962,0.11758736,0.05741917558014393,0.12469108370777227,False
1997-02-28 05:00:00,0.0,0.15602298,0.13246202,0.06472542925179005,0.1238549420185574,False
1997-02-28 06:00:00,4.3623266e-05,0.16578932,0.14331421,0.06894039757561404,0.12304246616635478,False
1997-02-28 07:00:00,0.026711443,0.17934167,0.15586574,0.09000633067823946,0.1223783444938411,False
1997-02-28 08:00:00,0.13208792,0.19480175,0.16892281,0.15721840438246726,0.12198160302961149,False
1997-02-28 09:00:00,0.25695297,0.19254304,0.16709425,0.22833333714306353,0.12167492191070593,False
1997-02-28 10:00:00,0.36127472,0.21183898,0.1793531,0.2963091625422239,0.1212537215638834,False
1997-02-28 11:00:00,0.4396888,0.25181645,0.20933105,0.357924585968256,0.12066635729570467,False
1997-02-28 12:00:00,0.46750742,0.2731173,0.22348878,0.382600461602211,0.12044416912253231,False
1997-02-28 13:00:00,0.4490158,0.2675675,0.21751283,0.36956020945310586,0.12068208069738526,False
1997-02-28 14:00:00,0.37769428,0.22982031,0.18848212,0.31291132825613016,0.12119892605592089,False
1997-02-28 15:00:00,0.27095053,0.20909595,0.17267431,0.2428192737698555,0.12186173528258282,False
1997-02-28 16:00:00,0.14177094,0.19142583,0.15892725,0.16102003733813763,0.1224343394585503,False
1997-02-28 17:00:00,0.031948715,0.17509401,0.14582025,0.09091839116811752,0.12291384355471682,False
1997-02-28 18:00:00,0.00012020889,0.17177927,0.1428393,0.0711692350556259,0.12321301149538155,False
1997-02-28 19:00:00,0.0,0.17375714,0.1442717,0.07190705502033233,0.12353904790632228,False
1997-02-28 20:00:00,0.0,0.17308342,0.14449468,0.07167049652338028,0.1240786900917607,False
1997-02-28 21:00:00,0.0,0.16478086,0.13717502,0.06821158683300019,0.1247192820861543,False
1997-02-28 22:00:00,0.0,0.14256816,0.10725167,0.05839923959970474,0.12544917461570154,False
1997-02-28 23:00:00,0.0,0.12378736,0.092097245,0.05065078648924828,0.12629370678975982,False
1997-03-01 00:00:00,0.0,0.111479275,0.082886346,0.045611715115606785,0.12720329185170853,False
1997-03-01 01:00:00,0.0,0.103360705,0.07684934,0.042289964608848096,0.1281416921086217,False
1997-03-01 02:00:00,0.0,0.09956925,0.0743773,0.04075742869824171,0.12909640054559135,False
1997-03-01 03:00:00,0.0,0.09506116,0.070855476,0.0389037639722228,0.13000214779671082,False
1997-03-01 04:00:00,0.0,0.09070576,0.06759138,0.03712035971134901,0.13081644660249153,False
1997-03-01 05:00:00,0.0,0.0827996,0.061733346,0.033886652581393714,0.13154111997797885,False
1997-03-01 06:00:00,9.9261655e-05,0.08310589,0.06164771,0.03405232441275439,0.13213780701175132,False
1997-03-01 07:00:00,0.020127412,0.09048239,0.069367126,0.04874734390154481,0.13271177927074523,False
1997-03-01 08:00:00,0.09657042,0.0937021,0.07251505,0.09421301835030317,0.13335906833627298,False
1997-03-01 09:00:00,0.19311778,0.10448709,0.08231455,0.1544296829253435,0.13399604071769589,False
1997-03-01 10:00:00,0.28096393,0.11021061,0.09008975,0.20764874882996084,0.1348164363261285,False
1997-03-01 11:00:00,0.35771433,0.1271174,0.10608064,0.25903583890199655,0.1360219823317575,False
1997-03-01 12:00:00,0.39347604,0.14756916,0.12235247,0.2880957299172878,0.1371754286497183,False
1997-03-01 13:00:00,0.37997985,0.15057853,0.12521286,0.2815733444690704,0.13831071688265575,False
1997-03-01 14:00:00,0.32970053,0.14270024,0.12028378,0.24938891838490962,0.1395065121641355,False
1997-03-01 15:00:00,0.24174868,0.12519625,0.10724891,0.19147784262895584,0.14084081333968512,False
1997-03-01 16:00:00,0.13038301,0.110727616,0.09548801,0.12124584228545426,0.14205925208516143,False
1997-03-01 17:00:00,0.032758135,0.10767134,0.09358342,0.06368567426130174,0.14337324641986166,False
1997-03-01 18:00:00,0.00015579327,0.119834416,0.105430454,0.050002036595484245,0.1448474699532741,False
1997-03-01 19:00:00,0.0,0.14069904,0.1242725,0.05862866234779358,0.14626462109548416,False
1997-03-01 20:00:00,0.0,0.1529773,0.13784118,0.06389204840362073,0.14756540635203388,False
1997-03-01 21:00:00,0.0,0.16762179,0.15055671,0.06998250353336334,0.1487272688725349,False
1997-03-01 22:00:00,0.0,0.20296454,0.18041755,0.08463646468520164,0.14978159742591346,False
1997-03-01 23:00:00,0.0,0.20754108,0.1844502,0.08654296839237213,0.15108938696955704,False
1997-03-02 00:00:00,0.0,0.21168102,0.18824655,0.08827561117708684,0.1523351801519599,False
1997-03-02 01:00:00,0.0,0.21556593,0.19166368,0.08989366878569126,0.15353982534374486,False
1997-03-02 02:00:00,0.0,0.21832298,0.19410352,0.09104276897013187,0.1546814845369514,False
1997-03-02 03:00:00,0.0,0.21918467,0.19508229,0.09141358584165574,0.1557371619914044,False
1997-03-02 04:00:00,0.0,0.22111951,0.19648887,0.09220349760353565,0.15672654303697314,False
1997-03-02 05:00:00,0.0,0.22384085,0.19942841,0.09336640687286853,0.15766904718823174,False
1997-03-02 06:00:00,0.00016570502,0.23110239,0.20590132,0.09649106600732194,0.15861277005424165,False
1997-03-02 07:00:00,0.032719005,0.2451488,0.21735992,0.12107620582357048,0.15949125491809957,False
1997-03-02 08:00:00,0.14055613,0.2558259,0.22763766,0.18779307869076728,0.16032976761737455,False
1997-03-02 09:00:00,0.26732355,0.2727974,0.2371184,0.26771232634782793,0.1608862218634622,False
1997-03-02 10:00:00,0.3779738,0.32640368,0.28965804,0.354175370812416,0.1616084318106459,False
1997-03-02 11:00:00,0.44051892,0.3819764,0.33632046,0.4132900092303753,0.162359011157859,False
1997-03-02 12:00:00,0.45243126,0.42317054,0.36836168,0.43709429678320877,0.1625404706319259,False
1997-03-02 13:00:00,0.4183142,0.44671765,0.38430154,0.4269583829641342,0.16235941261625156,False
1997-03-02 14:00:00,0.33987173,0.43688303,0.3637399,0.37695778468251223,0.1621132751217198,False
1997-03-02 15:00:00,0.23481469,0.4005664,0.33346772,0.30130433355271813,0.16199143427903073,False
1997-03-02 16:00:00,0.1240527,0.36820823,0.30823183,0.22409176540374756,0.16187964044369374,False
1997-03-02 17:00:00,0.03026982,0.34795338,0.29297477,0.16168112077191474,0.1618117927348327,False
1997-03-02 18:00:00,0.00018555735,0.33523756,0.28486598,0.13919248988170874,0.16179267765105942,False
1997-03-02 19:00:00,0.0,0.32365838,0.27620012,0.1343447473347187,0.16163154221542178,False
1997-03-02 20:00:00,0.0,0.30679414,0.2635715,0.12743989750742912,0.1612355856162682,False
1997-03-02 21:00:00,0.0,0.2857932,0.24743837,0.11881935739517212,0.16070029833942648,False
1997-03-02 22:00:00,0.0,0.29110983,0.2546965,0.12117313769459724,0.15998425372533498,False
1997-03-02 23:00:00,0.0,0.2650565,0.23412989,0.11044885924458504,0.1589408898300677,False
1997-03-03 00:00:00,0.0,0.24803646,0.22054131,0.10343468432128429,0.1578235697446577,False
1997-03-03 01:00:00,0.0,0.23265068,0.208176,0.09708960588276387,0.15662483536481853,False
1997-03-03 02:00:00,0.0,0.21904221,0.19635871,0.09142994651198387,0.1553514039184153,False
1997-03-03 03:00:00,0.0,0.20686044,0.18634357,0.08639405415952205,0.15402401890868317,False
1997-03-03 04:00:00,0.0,0.19711663,0.17823191,0.08236055897176266,0.15265596914111634,False
1997-03-03 05:00:00,0.0,0.18953699,0.17122595,0.07918535014986991,0.1512441892440617,False
1997-03-03 06:00:00,0.00017705746,0.18213144,0.1650173,0.07621959787793456,0.1498180852500442,False
1997-03-03 07:00:00,0.022211965,0.18231046,0.1649461,0.08899595346674323,0.14832648691936293,False
1997-03-03 08:00:00,0.08774459,0.16813977,0.15278919,0.12092282216250896,0.14663625912990785,False
1997-03-03 09:00:00,0.15991735,0.23246847,0.20449224,0.18909576039016246,0.14454046113472485,False
1997-03-03 10:00:00,0.22803394,0.26864937,0.24017322,0.24367655749619005,0.14199327082258392,False
1997-03-03 11:00:00,0.27418786,0.26312926,0.23045923,0.26774589365720747,0.13864409956772245,False
1997-03-03 12:00:00,0.29738322,0.25919983,0.22537206,0.2794049451649189,0.13477948768058223,False
1997-03-03 13:00:00,0.29037425,0.24624978,0.21012285,0.26975874473154543,0.13079963239990228,False
1997-03-03 14:00:00,0.26484066,0.21928795,0.18167117,0.24354055793583393,0.1267588099231328,False
1997-03-03 15:00:00,0.20679182,0.16150552,0.13328375,0.18611173853278157,0.12323870060749717,False
1997-03-03 16:00:00,0.11467943,0.12497702,0.105603665,0.11798915226012467,0.12016140644176296,False
1997-03-03 17:00:00,0.0290467,0.11080751,0.09481915,0.06276815024018288,0.11742149231600009,False
1997-03-03 18:00:00,0.00020388259,0.10150926,0.08690702,0.042267535684877656,0.11484300898901863,False
1997-03-03 19:00:00,0.0,0.09540312,0.08183323,0.03962274558842182,0.11230598535916791,False
1997-03-03 20:00:00,0.0,0.09201041,0.07863738,0.03819825911521912,0.10988635827570245,False
1997-03-03 21:00:00,0.0,0.08581254,0.073102504,0.035612362056970596,0.1076095204932338,False
1997-03-03 22:00:00,0.0,0.08323763,0.07111687,0.03455499771237373,0.10548811193850846,False
1997-03-03 23:00:00,0.0,0.0792493,0.06793727,0.03291160429269075,0.10335596115763321,False
1997-03-04 00:00:00,0.0,0.07399421,0.063564755,0.030736360944807528,0.10140124518556543,False
1997-03-04 01:00:00,0.0,0.069168925,0.060104184,0.028768959358334543,0.09955922722226962,False
1997-03-04 02:00:00,0.0,0.06562487,0.057642803,0.027328288502991196,0.09784712464611067,False
1997-03-04 03:00:00,0.0,0.061792005,0.054554578,0.02574719699844718,0.09623901922388024,False
1997-03-04 04:00:00,0.0,0.058652584,0.05176406,0.024438062544912098,0.09472199413964547,False
1997-03-04 05:00:00,0.0,0.059851203,0.05237632,0.024913415160030126,0.09326359241343592,False
1997-03-04 06:00:00,0.00021102827,0.059543762,0.051869158,0.02489434613462072,0.09185243434917204,False
1997-03-04 07:00:00,0.026669232,0.058997348,0.05161303,0.039945271929726,0.0904969601759946,False
1997-03-04 08:00:00,0.10825845,0.059364673,0.052297886,0.08719477492198348,0.08933038562333936,False
1997-03-04 09:00:00,0.20733468,0.06198992,0.054459255,0.14544719136506318,0.08868559565375198,False
1997-03-04 10:00:00,0.2943192,0.056807797,0.048720144,0.19341515057906508,0.08797342010474403,False
1997-03-04 11:00:00,0.35588154,0.054135446,0.0457224,0.2277886386476457,0.08729694615024558,False
1997-03-04 12:00:00,0.38844416,0.052934058,0.044375893,0.24606124331057072,0.08676714189854556,False
1997-03-04 13:00:00,0.3664109,0.052122466,0.043455895,0.23299890407919882,0.08614211031615529,False
1997-03-04 14:00:00,0.32621992,0.047738757,0.0397786,0.20799253753200173,0.0852904104694362,False
1997-03-04 15:00:00,0.23693511,0.04071428,0.034427535,0.1535942135974765,0.0841772465927009,False
1997-03-04 16:00:00,0.13331361,0.03778688,0.031677324,0.09257588736712932,0.08330733602656468,False
1997-03-04 17:00:00,0.037575826,0.039242025,0.03245115,0.0379139210768044,0.08261996211825043,False
1997-03-04 18:00:00,0.00039312805,0.04166684,0.03358254,0.017415355648874538,0.08211951540103442,False
1997-03-04 19:00:00,0.0,0.044378832,0.03383071,0.018202647328376773,0.08174647100289317,False
1997-03-04 20:00:00,0.0,0.044440307,0.032466866,0.01815168394893408,0.08143127749833244,False
1997-03-04 21:00:00,0.0,0.041609112,0.030333044,0.016991746768355367,0.08116620125152137,False
1997-03-04 22:00:00,0.0,0.04610186,0.033672474,0.018829900212585925,0.08096526178201625,False
1997-03-04 23:00:00,0.0,0.040701944,0.029693983,0.016622492585331203,0.08077746679839642,False
1997-03-05 00:00:00,0.0,0.036764603,0.026883028,0.015017822083085774,0.08064105338762481,False
1997-03-05 01:00:00,0.0,0.03647305,0.026854195,0.014908682227134705,0.08058043891723234,False
1997-03-05 02:00:00,0.0,0.03484394,0.025619857,0.014240886244922877,0.08058836016357841,False
1997-03-05 03:00:00,0.0,0.033238582,0.024292838,0.013576850116252898,0.08064712245269644,False
1997-03-05 04:00:00,0.0,0.030260297,0.022059754,0.012357276113703847,0.0807206574389335,False
1997-03-05 05:00:00,0.0,0.028037993,0.020439696,0.011449763065204024,0.08081588685811461,False
1997-03-05 06:00:00,0.00051973347,0.026586326,0.019381428,0.011156837565416937,0.08096675276054036,False
1997-03-05 07:00:00,0.03851926,0.026385061,0.019234713,0.03300037493929266,0.081218467118244,False
1997-03-05 08:00:00,0.13872504,0.024312882,0.01772409,0.08997290362231432,0.08144054585088573,False
1997-03-05 09:00:00,0.25373718,0.020826858,0.015182776,0.15491133403778076,0.08123241333731979,False
1997-03-05 10:00:00,0.35271323,0.018831821,0.013728399,0.21120580768026412,0.0805489500847046,False
1997-03-05 11:00:00,0.40756378,0.01751123,0.012765687,0.24231528957560655,0.07948377600062545,False
1997-03-05 12:00:00,0.41791752,0.020239247,0.01475441,0.249403429210186,0.07790932912370407,False
1997-03-05 13:00:00,0.37807307,0.026272982,0.019153005,0.22887715208902953,0.0761100627566399,False
1997-03-05 14:00:00,0.30605492,0.03309532,0.024126489,0.19010869185253976,0.0743990000058608,False
1997-03-05 15:00:00,0.22200714,0.039810736,0.029032404,0.14435603135824202,0.07279769013844026,False
1997-03-05 16:00:00,0.11406441,0.046843786,0.03508672,0.08499520466104149,0.07177270294274421,False
1997-03-05 17:00:00,0.02987842,0.05234601,0.040577434,0.03874670781381428,0.07124908874485239,False
1997-03-05 18:00:00,0.00034313704,0.0587229,0.0461975,0.02436140457409783,0.07107645575017886,False
1997-03-05 19:00:00,0.0,0.059550337,0.046655238,0.02449345736950636,0.07100378385096821,False
1997-03-05 20:00:00,0.0,0.06180382,0.049425725,0.02547459926828742,0.07089158709013402,False
1997-03-05 21:00:00,0.0,0.063033946,0.05014336,0.025967267520725725,0.07074216241579535,False
1997-03-05 22:00:00,0.0,0.06206813,0.048846263,0.025540838498622178,0.07054129068987942,False
1997-03-05 23:00:00,0.0,0.063938394,0.05130543,0.02636376057565212,0.07025081141139647,False
1997-03-06 00:00:00,0.0,0.06745619,0.054361686,0.02782686636596918,0.06998789946942391,False
1997-03-06 01:00:00,0.0,0.0705151,0.057946406,0.029149179182946683,0.06975316614271407,False
1997-03-06 02:00:00,0.0,0.072996356,0.059504133,0.03014887838065624,0.06952959416804635,False
1997-03-06 03:00:00,0.0,0.071166925,0.055857055,0.029276876337826253,0.06932889049352645,False
1997-03-06 04:00:00,0.0,0.07082587,0.053228326,0.029009074665606024,0.06915100778969038,False
1997-03-06 05:00:00,0.0,0.07822645,0.060915176,0.03215497847646475,0.0690162239213035,False
1997-03-06 06:00:00,0.00031175942,0.08930873,0.07114497,0.036976635304396044,0.06893417242691187,False
1997-03-06 07:00:00,0.020700913,0.09427321,0.07173722,0.05060505109652877,0.06891520825606616,False
1997-03-06 08:00:00,0.071078874,0.08828679,0.066927396,0.07720441427081823,0.06898282962614516,False
1997-03-06 09:00:00,0.12814984,0.09422268,0.072783895,0.11264095523953438,0.06903939629509112,False
1997-03-06 10:00:00,0.1843901,0.087400794,0.06745954,0.1422867945432663,0.06907904775044879,False
1997-03-06 11:00:00,0.21088697,0.0743985,0.05704369,0.15221518855541943,0.06916642249006932,False
1997-03-06 12:00:00,0.23068286,0.06499199,0.04834076,0.15969645769149063,0.06934180537855718,False
1997-03-06 13:00:00,0.21996605,0.058626153,0.04285979,0.1508678920418024,0.06935309466560526,False
1997-03-06 14:00:00,0.1895554,0.052939687,0.04113796,0.1311296638958156,0.0695892249433867,False
1997-03-06 15:00:00,0.1482078,0.045626517,0.037828583,0.10439482820406555,0.06990583820427612,False
1997-03-06 16:00:00,0.088984266,0.038702954,0.0336499,0.06744240586832165,0.07002210405080889,False
1997-03-06 17:00:00,0.026649207,0.034187812,0.03028967,0.02962753733247518,0.07017442628954693,False
1997-03-06 18:00:00,0.00043277504,0.032787584,0.029236572,0.013927104486763708,0.0701503840885125,False
1997-03-06 19:00:00,0.0,0.030790413,0.026954453,0.012817202808335424,0.06999597384338933,False
1997-03-06 20:00:00,0.0,0.026807087,0.020138605,0.010979299580678344,0.06988058998506251,False
1997-03-06 21:00:00,0.0,0.017998325,0.01312078,0.007349903924390674,0.06979753131350236,False
1997-03-06 22:00:00,0.0,0.011966948,0.008723905,0.004886894845403731,0.06977255721856575,False
1997-03-06 23:00:00,0.0,0.009801794,0.007145508,0.004002719370648265,0.06974550012988705,False
1997-03-07 00:00:00,0.0,0.009184463,0.0066954736,0.00375062240101397,0.06975836848305272,False
1997-03-07 01:00:00,0.0,0.010229127,0.0074570323,0.004177227443084121,0.06980722920201454,False
1997-03-07 02:00:00,0.0,0.011281815,0.008224444,0.004607109867967665,0.06985402428475875,False
1997-03-07 03:00:00,0.0,0.012338148,0.00899451,0.005038480332121253,0.06984872528189529,False
1997-03-07 04:00:00,0.0,0.014417582,0.010510419,0.005887650431133807,0.06981275572186071,False
1997-03-07 05:00:00,0.0,0.018393528,0.013408882,0.007511291334405541,0.0697154792763825,False
1997-03-07 06:00:00,0.00072465336,0.024065185,0.017562574,0.010246557364822365,0.06947960978584099,False
1997-03-07 07:00:00,0.04118676,0.030525394,0.022547578,0.03624620070308447,0.06913613518179226,False
1997-03-07 08:00:00,0.13603124,0.034754228,0.025440149,0.09268810373172165,0.06913880414243309,False
1997-03-07 09:00:00,0.24636227,0.035888832,0.026307328,0.15681460389494895,0.06998147630349255,False
1997-03-07 10:00:00,0.34717816,0.03690736,0.027021859,0.21539979518204924,0.07147244340273694,False
1997-03-07 11:00:00,0.40955654,0.035295874,0.025840156,0.2507336682230234,0.07349954093545662,False
1997-03-07 12:00:00,0.40980682,0.033022393,0.02410219,0.2499453149884939,0.07613651712369937,False
1997-03-07 13:00:00,0.3934586,0.03228115,0.023593452,0.24021140542253852,0.07882458683028803,False
1997-03-07 14:00:00,0.33325645,0.031865366,0.023311757,0.2053061283752322,0.08129933823811189,False
1997-03-07 15:00:00,0.2379742,0.03090472,0.022626648,0.14993679199181498,0.08330138461690695,False
1997-03-07 16:00:00,0.13917102,0.02938162,0.021540303,0.09230667212046682,0.08460863068349803,False
1997-03-07 17:00:00,0.041425508,0.033495314,0.024636913,0.037592682164162394,0.08527566628320285,False
1997-03-07 18:00:00,0.00086713483,0.04022314,0.02975995,0.016949712808185722,0.08542804667973722,False
1997-03-07 19:00:00,0.0,0.046323247,0.034476925,0.018955032169818878,0.08530835514221324,False
1997-03-07 20:00:00,0.0,0.05249385,0.039213922,0.021487783033400775,0.08518267029578783,False
1997-03-07 21:00:00,0.0,0.060485493,0.04535859,0.024768510963767768,0.08508002029198905,False
1997-03-07 22:00:00,0.0,0.05932738,0.04352399,0.02424209824204445,0.08502859414086196,False
1997-03-07 23:00:00,0.0,0.06595795,0.048943676,0.026981441527605055,0.08500672755270716,False
1997-03-08 00:00:00,0.0,0.073734604,0.054890964,0.030172180876135827,0.0849943536597093,False
1997-03-08 01:00:00,0.0,0.0766881,0.05735987,0.031395343154668805,0.08497110297294783,False
1997-03-08 02:00:00,0.0,0.073093526,0.05412991,0.02989452624320984,0.08492625378517185,False
1997-03-08 03:00:00,0.0,0.06739863,0.04963413,0.027550337456166744,0.08486302650731158,False
1997-03-08 04:00:00,0.0,0.059539802,0.04388182,0.024339805282652376,0.08478558174191493,False
1997-03-08 05:00:00,0.0,0.0510005,0.03729739,0.020833242930471896,0.08469105693747042,False
1997-03-08 06:00:00,0.0014390204,0.04814196,0.035095487,0.020489854310057124,0.08456462945459861,False
1997-03-08 07:00:00,0.05447713,0.04726032,0.03445924,0.05073316120728849,0.0844025817863403,False
1997-03-08 08:00:00,0.1732496,0.043303434,0.031642415,0.11765267800167202,0.08436337491808443,False
1997-03-08 09:00:00,0.29300496,0.03708275,0.027036654,0.18420737600326537,0.08455331245743461,False
1997-03-08 10:00:00,0.39355785,0.030621057,0.02232275,0.23958747611381112,0.08496839238764975,False
1997-03-08 11:00:00,0.46292236,0.0286112,0.020857565,0.27879004559107123,0.0854490961071727,False
1997-03-08 12:00:00,0.48083586,0.027625991,0.020139344,0.28872380360774696,0.08608531726076155,False
1997-03-08 13:00:00,0.4486585,0.026397906,0.019244073,0.26965595961734645,0.08700673506784004,False
1997-03-08 14:00:00,0.37657145,0.024356008,0.017755529,0.22722789007797836,0.08778458984023138,False
1997-03-08 15:00:00,0.274792,0.02102933,0.015330381,0.16714263940043747,0.08847561797282955,False
1997-03-08 16:00:00,0.15764426,0.02081314,0.015172779,0.09946011465415357,0.08906818430185498,False
1997-03-08 17:00:00,0.049415134,0.020641444,0.015047614,0.036941796366125344,0.08935151940690048,False
1997-03-08 18:00:00,0.0011350693,0.018431935,0.01343688,0.00818191068561282,0.08930199039374928,False
1997-03-08 19:00:00,0.0,0.016613357,0.0121111395,0.006784330179914831,0.08900396606635089,False
1997-03-08 20:00:00,0.0,0.014820282,0.010803985,0.006052099398337305,0.08864585896063848,False
1997-03-08 21:00:00,0.0,0.011953612,0.008714183,0.00488144867029041,0.0882353434992013,False
1997-03-08 22:00:00,0.0,0.009396714,0.0068502054,0.0038372986139729617,0.08775742663219473,False
1997-03-08 23:00:00,0.0,0.008347346,0.006085216,0.00340877250675112,0.08730244093336416,False
1997-03-09 00:00:00,0.0,0.0064515397,0.004703172,0.0026345894364640113,0.08679645139250108,False
1997-03-09 01:00:00,0.0,0.0049574804,0.0036140033,0.002024466429837048,0.08624341763926105,False
1997-03-09 02:00:00,0.0,0.003849979,0.0028066346,0.0015722005306743085,0.08568827046998678,False
1997-03-09 03:00:00,0.0,0.0032351655,0.0023584357,0.0013211315930821,0.08517954746206426,False
1997-03-09 04:00:00,0.0,0.003306984,0.0024107913,0.0013504598177969456,0.08470292718397587,False
1997-03-09 05:00:00,0.0,0.003533037,0.002575584,0.0014427721565589307,0.08427257172481524,False
1997-03-09 06:00:00,0.0016639078,0.003693242,0.0026923735,0.0024682692884234712,0.08390197073104111,False
1997-03-09 07:00:00,0.05709747,0.0034749017,0.0025332032,0.03436427102680317,0.08355959658057689,False
1997-03-09 08:00:00,0.17458065,0.002625271,0.0019138226,0.1018051056205295,0.08338290174864958,False
1997-03-09 09:00:00,0.30468538,0.002289549,0.0016690812,0.1767384405452758,0.08344715061910633,False
1997-03-09 10:00:00,0.41131696,0.0028006425,0.0020416686,0.23847357371915132,0.08381204238497836,False
1997-03-09 11:00:00,0.48530695,0.0030614065,0.0022317655,0.28127228359528816,0.0843932736064186,False
1997-03-09 12:00:00,0.5071192,0.0038338245,0.0027948578,0.2941733697282616,0.08505755824682756,False
1997-03-09 13:00:00,0.47777677,0.0045822635,0.00334047,0.27754843449732286,0.08582811835471994,False
1997-03-09 14:00:00,0.4096126,0.005213487,0.0038006322,0.23847547873994335,0.086666724614913,False
1997-03-09 15:00:00,0.30560243,0.0050135734,0.003654895,0.17837997578503562,0.08748059764839368,False
1997-03-09 16:00:00,0.18096916,0.0036426873,0.0026555192,0.10590675716265104,0.08816309517416568,False
1997-03-09 17:00:00,0.05842717,0.0036800627,0.0026827657,0.035215289532905446,0.08856088391830416,False
1997-03-09 18:00:00,0.0015867747,0.0042338884,0.0030865052,0.0026445450930623338,0.08862330223371825,False
1997-03-09 19:00:00,0.0,0.0043242853,0.003152404,0.001765891095623374,0.08852470875513971,False
1997-03-09 20:00:00,0.0,0.0043662814,0.003183019,0.0017830408844165505,0.08844440343775203,False
1997-03-09 21:00:00,0.0,0.0044776043,0.0032641734,0.001828501347452402,0.08839482868104823,False
1997-03-09 22:00:00,0.0,0.0058839,0.004289363,0.0024027846981771288,0.08839068777413922,False
1997-03-09 23:00:00,0.0,0.006596885,0.0048091286,0.00269394356617704,0.08843416154888109,False
1997-03-10 00:00:00,0.0,0.008880663,0.006474003,0.003626560720615089,0.08852230247759144,False
1997-03-10 01:00:00,0.0,0.011627508,0.008476453,0.004748279029503465,0.08861609749382476,False
1997-03-10 02:00:00,0.0,0.013409103,0.009775236,0.005475821862928569,0.08872752906320965,False
1997-03-10 03:00:00,0.0,0.011442099,0.00834129,0.004672564107924699,0.0888454062451492,False
1997-03-10 04:00:00,0.0,0.009018241,0.006574299,0.0036827432429417965,0.08895346286191488,False
1997-03-10 05:00:00,0.0,0.0074550654,0.0054347427,0.0030443952293135223,0.0890411583155219,False
1997-03-10 06:00:00,0.0022403458,0.006766517,0.004932791,0.004055895087774843,0.08911975187828647,False
1997-03-10 07:00:00,0.06789339,0.007535694,0.0054935217,0.042251809274777764,0.08921098666192603,False
1997-03-10 08:00:00,0.20309319,0.008697726,0.006340641,0.12073662378359586,0.0894156359221015,False
1997-03-10 09:00:00,0.34295967,0.009389739,0.006845118,0.20172218076512213,0.08968208445746616,False
1997-03-10 10:00:00,0.4592463,0.006125523,0.0044655064,0.267486574742943,0.0898244918222214,False
1997-03-10 11:00:00,0.535143,0.0046482496,0.0033885736,0.310675708330702,0.08990423941905464,False
1997-03-10 12:00:00,0.5615891,0.0040986896,0.0029879448,0.32571068878658116,0.08987433748443678,False
1997-03-10 13:00:00,0.5344433,0.0037595322,0.0027406989,0.30990906010661273,0.08990873322022039,False
1997-03-10 14:00:00,0.45915037,0.0033402143,0.002435016,0.266293795685051,0.09008864965984684,False
1997-03-10 15:00:00,0.3443282,0.0030001327,0.0021870967,0.19990252063749356,0.09031318334914248,False
1997-03-10 16:00:00,0.2031954,0.0032084761,0.0023389792,0.11855397437280042,0.09058425190583268,False
1997-03-10 17:00:00,0.066270135,0.0041629504,0.0030347907,0.039937875506002446,0.09079808887715868,False
1997-03-10 18:00:00,0.0019910533,0.0056336373,0.0041069216,0.0034494237138424067,0.0909584706881748,False
1997-03-10 19:00:00,0.0,0.0071741403,0.0052299476,0.002929674945306033,0.09105482091835193,False
1997-03-10 20:00:00,0.0,0.008993185,0.0065560327,0.003672511076554656,0.09112662333307282,False
1997-03-10 21:00:00,0.0,0.011466883,0.008359357,0.004682685138657688,0.09118010205014919,False
1997-03-10 22:00:00,0.0,0.014506692,0.010575378,0.005924039801582694,0.09122075755558519,False
1997-03-10 23:00:00,0.0,0.018707573,0.013637824,0.007639537084847689,0.09124781929560896,False
1997-03-11 00:00:00,0.0,0.017476358,0.012740265,0.007136750215664506,0.09126393571352429,False
1997-03-11 01:00:00,0.0,0.018055327,0.0131623335,0.007373181760311126,0.09125209750629923,False
1997-03-11 02:00:00,0.0,0.017705454,0.012907276,0.007230305263772607,0.09120881834092627,False
1997-03-11 03:00:00,0.0,0.015936315,0.011617573,0.00650784919783473,0.09115059024263367,False
1997-03-11 04:00:00,0.0,0.013614849,0.009925227,0.005559841590933502,0.09112045987607173,False
1997-03-11 05:00:00,0.0,0.012771051,0.0093100965,0.005215263169258832,0.09113810636492173,False
1997-03-11 06:00:00,0.0029868109,0.012547933,0.009147443,0.006847538903122768,0.09120856666328228,False
1997-03-11 07:00:00,0.06787438,0.01230249,0.008968514,0.04418743551522493,0.0913438468018042,False
1997-03-11 08:00:00,0.19028781,0.011750652,0.008566225,0.11459463531803339,0.09140998948002621,False
1997-03-11 09:00:00,0.31018773,0.011253815,0.008204031,0.1835739940535277,0.09113564427724727,False
1997-03-11 10:00:00,0.4107079,0.013034889,0.009502433,0.24230145836714653,0.09060274403806154,False
1997-03-11 11:00:00,0.47440398,0.014952018,0.0109000215,0.2798369907336309,0.08994031118861553,False
1997-03-11 12:00:00,0.49984154,0.01815968,0.013238406,0.2958243650458753,0.08936176391051653,False
1997-03-11 13:00:00,0.48081076,0.021443054,0.015631987,0.28618442359939217,0.08895490690566171,False
1997-03-11 14:00:00,0.41478613,0.024295604,0.017711498,0.24925309582613406,0.08869806214576237,False
1997-03-11 15:00:00,0.31487158,0.023778584,0.017334588,0.19139126650616523,0.08856486478214597,False
1997-03-11 16:00:00,0.18789026,0.018998278,0.0138497455,0.11617093178629874,0.08854822727927722,False
1997-03-11 17:00:00,0.06295163,0.01613877,0.011765164,0.042913616461679335,0.08858836531555181,False
1997-03-11 18:00:00,0.0022663928,0.014598785,0.0106425155,0.007269356141565367,0.08870084887464083,False
1997-03-11 19:00:00,0.0,0.012764057,0.009304998,0.005212407002225518,0.0887840797427246,False
1997-03-11 20:00:00,0.0,0.010652256,0.0077654957,0.004350019304081797,0.08888989189694013,False
1997-03-11 21:00:00,0.0,0.009256318,0.0067478553,0.003779965608380735,0.08905284947770026,False
1997-03-11 22:00:00,0.0,0.009064781,0.006608226,0.0037017482193186877,0.08928410813115381,False
1997-03-11 23:00:00,0.0,0.008491235,0.0061901105,0.003467531626112759,0.08949306645042572,False
1997-03-12 00:00:00,0.0,0.0074891807,0.005459613,0.0030583267738111316,0.08966825283396367,False
1997-03-12 01:00:00,0.0,0.006540405,0.0047679557,0.0026708790916018187,0.08984800084373756,False
1997-03-12 02:00:00,0.0,0.0065648784,0.0047857966,0.002680873144883662,0.09007199962247006,False
1997-03-12 03:00:00,0.0,0.007900527,0.005759484,0.0032263065129518507,0.0903808370414966,False
1997-03-12 04:00:00,0.0,0.011092438,0.008086388,0.004529774707742035,0.09083362377885107,False
1997-03-12 05:00:00,0.0,0.015737083,0.011472333,0.006426489550620317,0.09146593833181152,False
1997-03-12 06:00:00,0.0028930237,0.021745363,0.015852371,0.010549341736827046,0.0922122292984471,False
1997-03-12 07:00:00,0.05799474,0.029296499,0.021357145,0.04542665782943368,0.0930617875818231,False
1997-03-12 08:00:00,0.16209763,0.034360953,0.025157932,0.10756805405020713,0.09396738921080153,False
1997-03-12 09:00:00,0.27893823,0.037180617,0.027332602,0.17614296928420664,0.09475340326176471,False
1997-03-12 10:00:00,0.38673025,0.030723521,0.022397447,0.235689797969535,0.09513640672297818,False
1997-03-12 11:00:00,0.4686565,0.030586857,0.02229782,0.28290543898195025,0.09487028226382,False
1997-03-12 12:00:00,0.5140477,0.02344965,0.017094797,0.30618155255354934,0.09421170026117759,False
1997-03-12 13:00:00,0.50258607,0.01858223,0.013546446,0.29758051163144406,0.09337109744299958,False
1997-03-12 14:00:00,0.44128555,0.01292605,0.009423091,0.2599003222314641,0.09247421600754507,False
1997-03-12 15:00:00,0.33530492,0.013793959,0.010055797,0.19910392049979417,0.09175979327545791,False
1997-03-12 16:00:00,0.20070747,0.011441679,0.008340984,0.12048060011398046,0.09148192684743843,False
1997-03-12 17:00:00,0.069831975,0.012351755,0.009004431,0.04533708634227514,0.09170965382941357,False
1997-03-12 18:00:00,0.0027823518,0.014298664,0.010423726,0.007444505381863564,0.09251532065146117,False
1997-03-12 19:00:00,0.0,0.019611472,0.014296761,0.008008658347651363,0.09356153170391432,False
1997-03-12 20:00:00,0.0,0.028147483,0.020519512,0.011494474953040481,0.0946289905040709,False
1997-03-12 21:00:00,0.0,0.0386494,0.028175414,0.015783100504428146,0.09573588775610065,False
1997-03-12 22:00:00,0.0,0.03906799,0.028480563,0.0159540391266346,0.09688285292050082,False
1997-03-12 23:00:00,0.0,0.039299265,0.028649164,0.016048483494669197,0.09811004454665331,False
1997-03-13 00:00:00,0.0,0.03860423,0.02814248,0.015764654684811828,0.0993479657674276,False
1997-03-13 01:00:00,0.0,0.044384506,0.032356307,0.018125123139470817,0.10057133949544608,False
1997-03-13 02:00:00,0.0,0.054006703,0.039370887,0.02205450137704611,0.10181991143529981,False
1997-03-13 03:00:00,0.0,0.06912715,0.05062397,0.0282416125908494,0.10309018930230618,False
1997-03-13 04:00:00,0.0,0.08776908,0.065262005,0.03591094013303518,0.10438232563060107,False
1997-03-13 05:00:00,0.0,0.10024263,0.07495739,0.04103722956776619,0.10566579059141319,False
1997-03-13 06:00:00,0.0033400035,0.111668654,0.083211504,0.04762633650517091,0.10690810742906856,False
1997-03-13 07:00:00,0.05359957,0.13872798,0.10256922,0.0876563137061894,0.10809816674898803,False
1997-03-13 08:00:00,0.13299853,0.18498607,0.13561668,0.152323309764266,0.10908928535260685,False
1997-03-13 09:00:00,0.20252268,0.2080669,0.15418313,0.20195816019177434,0.10974565218174634,False
1997-03-13 10:00:00,0.24867122,0.21057205,0.15450194,0.2295274843275547,0.11033177455261464,False
1997-03-13 11:00:00,0.26957354,0.22690089,0.16582766,0.24822505460679528,0.11035816564898898,False
1997-03-13 12:00:00,0.28059885,0.22907609,0.16742255,0.2554754297733307,0.10945541759618208,False
1997-03-13 13:00:00,0.2607167,0.2265472,0.1686048,0.24313411469757557,0.10803850455693706,False
1997-03-13 14:00:00,0.22636317,0.2052665,0.15936883,0.21496080468595025,0.10625533058850364,False
1997-03-13 15:00:00,0.17910129,0.18070729,0.14872675,0.17805367796123028,0.104587891285395,False
1997-03-13 16:00:00,0.11679666,0.14334357,0.12622924,0.1271018269211054,0.10323131210872087,False
1997-03-13 17:00:00,0.04334925,0.13537155,0.12261118,0.08158562391996384,0.10252598130762149,False
1997-03-13 18:00:00,0.0023992795,0.13414057,0.12231914,0.05748748665931634,0.10263555512500654,False
1997-03-13 19:00:00,0.0,0.13495435,0.12319028,0.056450429409742355,0.10312170759248449,False
1997-03-13 20:00:00,0.0,0.1374136,0.1254716,0.057481087401509284,0.10350065612720694,False
1997-03-13 21:00:00,0.0,0.14077567,0.1275569,0.05883429349958896,0.10373674708474329,False
1997-03-13 22:00:00,0.0,0.14980061,0.13575037,0.06260694627463817,0.10385874228444783,False
1997-03-13 23:00:00,0.0,0.15048887,0.13624737,0.062887750223279,0.1039649550149673,False
1997-03-14 00:00:00,0.0,0.14781746,0.133993,0.0617802657186985,0.10407970523843443,False
1997-03-14 01:00:00,0.0,0.14976817,0.1358866,0.06260233220458031,0.10424510500263325,False
1997-03-14 02:00:00,0.0,0.15227835,0.13821296,0.06365421076118946,0.10442058850717632,False
1997-03-14 03:00:00,0.0,0.15614323,0.14133328,0.06524885027110577,0.1046251979566635,False
1997-03-14 04:00:00,0.0,0.15829752,0.14304271,0.06613609282672406,0.10479907965646026,False
1997-03-14 05:00:00,0.0,0.15851174,0.14012712,0.06605769775807857,0.10486882336190803,False
1997-03-14 06:00:00,0.0033176157,0.15832424,0.13585703,0.06767218909296206,0.10491318970858021,False
1997-03-14 07:00:00,0.046868533,0.15911382,0.13415197,0.09300035080313682,0.10491299808964928,False
1997-03-14 08:00:00,0.11781071,0.17209128,0.14065187,0.1390736618489027,0.10459704610038412,False
1997-03-14 09:00:00,0.19655085,0.22071318,0.17451556,0.20427684308588503,0.10381471571838968,False
1997-03-14 10:00:00,0.24348922,0.23479073,0.18195392,0.23695657059550285,0.10297131769157811,False
1997-03-14 11:00:00,0.26561126,0.21009032,0.16282417,0.23957353244721888,0.1021851274198901,False
1997-03-14 12:00:00,0.27652228,0.19137356,0.14813943,0.23816972666978833,0.1015802498222377,False
1997-03-14 13:00:00,0.24849437,0.16711582,0.12854019,0.21198816114664076,0.1011836591473208,False
1997-03-14 14:00:00,0.20455576,0.15084493,0.114310734,0.17986323568224907,0.1008323598428057,False
1997-03-14 15:00:00,0.13988954,0.12989338,0.098911114,0.13398812001943589,0.1002635559708239,False
1997-03-14 16:00:00,0.07949337,0.09913525,0.07733589,0.08662472166121006,0.09968979515585913,False
1997-03-14 17:00:00,0.027736763,0.084072016,0.06611007,0.05059662957675755,0.09917734990921356,False
1997-03-14 18:00:00,0.0014834215,0.07284267,0.05638784,0.030779823820805175,0.09898482449124277,False
1997-03-14 19:00:00,0.0,0.06387182,0.04869417,0.02619818801432848,0.09900876709955264,False
1997-03-14 20:00:00,0.0,0.05579856,0.041429114,0.02282684091478586,0.099086517792628,False
1997-03-14 21:00:00,0.0,0.05295276,0.038875964,0.0216388700902462,0.09926393867420483,False
1997-03-14 22:00:00,0.0,0.051552407,0.0375817,0.02105225019156933,0.09947761337688643,False
1997-03-14 23:00:00,0.0,0.052787192,0.038481858,0.02155649422109127,0.09990238970561403,False
1997-03-15 00:00:00,0.0,0.058045585,0.042315233,0.023703843366354706,0.10023127872167606,False
1997-03-15 01:00:00,0.0,0.06499737,0.047487088,0.026548331357538698,0.1004784219055109,False
1997-03-15 02:00:00,0.0,0.07761454,0.059925746,0.031875754952430724,0.10060248474261244,False
1997-03-15 03:00:00,0.0,0.08901954,0.06925417,0.03658793418109417,0.10058565085517693,False
1997-03-15 04:00:00,0.0,0.0957571,0.07267165,0.03925863799452782,0.10040404812196721,False
1997-03-15 05:00:00,0.0,0.105147526,0.080877356,0.0431668142080307,0.1000483984118,False
1997-03-15 06:00:00,0.001924322,0.11339151,0.08639514,0.047617138796485964,0.09945898927558663,False
1997-03-15 07:00:00,0.029746719,0.13509859,0.10139595,0.07249061822146177,0.09866848453093188,False
1997-03-15 08:00:00,0.07660583,0.17215572,0.13045236,0.11477145142853261,0.09759916846335423,False
1997-03-15 09:00:00,0.13410611,0.20500565,0.15645821,0.16147505490481853,0.096188616513562,False
1997-03-15 10:00:00,0.19160457,0.19784844,0.15237853,0.1917903512865305,0.09389764276206672,False
1997-03-15 11:00:00,0.23285624,0.2067976,0.15786228,0.21919092991948125,0.091265851083499,False
1997-03-15 12:00:00,0.2591045,0.2123852,0.15862305,0.2364390773773193,0.08878794446771524,False
1997-03-15 13:00:00,0.2468264,0.20496958,0.15220632,0.2262717480808496,0.08660843953053335,False
1997-03-15 14:00:00,0.18602306,0.19638568,0.14549257,0.1876582188308239,0.0850116585854521,False
1997-03-15 15:00:00,0.13472499,0.17788926,0.13214266,0.15051315884292127,0.08382924559772192,False
1997-03-15 16:00:00,0.067819394,0.15506738,0.11394074,0.1025044550821185,0.08311203145916443,False
1997-03-15 17:00:00,0.020959625,0.14724086,0.109607816,0.07234440385736525,0.08272463599497011,False
1997-03-15 18:00:00,0.0009578679,0.14192101,0.105836816,0.05863673185819062,0.08252579395036082,False
1997-03-15 19:00:00,0.0,0.14695518,0.11029634,0.06018246267735958,0.08250929033937306,False
1997-03-15 20:00:00,0.0,0.1610564,0.12161997,0.06599728971719741,0.08263663314789907,False
1997-03-15 21:00:00,0.0,0.16850778,0.12798716,0.06909067922830582,0.08292247024219856,False
1997-03-15 22:00:00,0.0,0.20169501,0.15871762,0.08299621005356311,0.08332148410700635,False
1997-03-15 23:00:00,0.0,0.19089071,0.15251388,0.07867442299425602,0.08375652658235655,False
1997-03-16 00:00:00,0.0,0.17870443,0.14261492,0.07364313854277134,0.08434795474721492,False
1997-03-16 01:00:00,0.0,0.1664554,0.13213527,0.06855734838545323,0.08494800899614953,False
1997-03-16 02:00:00,0.0,0.15280165,0.11967363,0.06284618416428567,0.0854317700627204,False
1997-03-16 03:00:00,0.0,0.13772012,0.10579988,0.056531919077038764,0.08579036317318119,False
1997-03-16 04:00:00,0.0,0.1196431,0.0910482,0.04906490673869848,0.08601141081861594,False
1997-03-16 05:00:00,0.0,0.09223454,0.06910213,0.03776605921983719,0.08612317318487353,False
1997-03-16 06:00:00,0.0037016675,0.067551345,0.049363945,0.02972796134953387,0.08616601106356271,False
1997-03-16 07:00:00,0.03346325,0.054766763,0.039924968,0.04167317955940962,0.08618842501347657,False
1997-03-16 08:00:00,0.08528557,0.05425867,0.03955457,0.07136716825887561,0.08604764208297638,False
1997-03-16 09:00:00,0.13047867,0.046585448,0.033960793,0.09431010301411151,0.0857541671524826,False
1997-03-16 10:00:00,0.16181013,0.042281006,0.030822853,0.11063057002425193,0.08530361335188233,False
1997-03-16 11:00:00,0.17728959,0.044905603,0.032736182,0.12063401488959788,0.08484732719207264,False
1997-03-16 12:00:00,0.19390981,0.053059094,0.03868008,0.1335534896850586,0.08453692254570705,False
1997-03-16 13:00:00,0.18561454,0.06915406,0.05046735,0.13534267578274012,0.08408088654022747,False
1997-03-16 14:00:00,0.1567931,0.07992289,0.058263794,0.12310741227120159,0.08390094031276264,False
1997-03-16 15:00:00,0.11231997,0.08510312,0.062040173,0.09956184136867523,0.08418498177988537,False
1997-03-16 16:00:00,0.06360002,0.076726586,0.055933677,0.06802973937988281,0.08432004842883058,False
1997-03-16 17:00:00,0.022408703,0.06886565,0.050203055,0.04105221143551171,0.08429110271824296,False
1997-03-16 18:00:00,0.0015663749,0.07122006,0.051919427,0.029987650493392717,0.08375675330966018,False
1997-03-16 19:00:00,0.0,0.079121776,0.05767977,0.03231064282357693,0.08283674816451093,False
1997-03-16 20:00:00,0.0,0.08944588,0.06558317,0.03654702144116163,0.0818047107115999,False
1997-03-16 21:00:00,0.0,0.09970291,0.07409559,0.040791535601019856,0.08060907005659829,False
1997-03-16 22:00:00,0.0,0.10233952,0.07724085,0.04193428900837898,0.07931677340065652,False
1997-03-16 23:00:00,0.0,0.12195613,0.09154136,0.049945046134293083,0.07776899232286086,False
1997-03-17 00:00:00,0.0,0.12834461,0.09532011,0.052506447315216066,0.07634907629051303,False
1997-03-17 01:00:00,0.0,0.12170256,0.09001145,0.04976886255294084,0.07509958497680781,False
1997-03-17 02:00:00,0.0,0.12010413,0.08832966,0.04908822425454855,0.07402806058026908,False
1997-03-17 03:00:00,0.0,0.115512505,0.08470568,0.047198221161961554,0.07312638931944093,False
1997-03-17 04:00:00,0.0,0.10925323,0.07979242,0.044623231574892994,0.07238739591640478,False
1997-03-17 05:00:00,0.0,0.110740826,0.08073459,0.045223032385110856,0.07182767747681645,False
1997-03-17 06:00:00,0.0031602376,0.11477339,0.083669804,0.04869300839235075,0.07152943476419023,False
1997-03-17 07:00:00,0.0331438,0.11413552,0.08320479,0.06573303755745291,0.0715264099583049,False
1997-03-17 08:00:00,0.09152594,0.11720533,0.08565592,0.10068465476483107,0.07209599447682072,False
1997-03-17 09:00:00,0.15928166,0.11727853,0.08642924,0.13984847247600557,0.07323264246190471,False
1997-03-17 10:00:00,0.24058971,0.07601406,0.0559105,0.16988861561566593,0.07506414270498984,False
1997-03-17 11:00:00,0.2908428,0.08915634,0.06623189,0.2042915068939328,0.07755778056543203,False
1997-03-17 12:00:00,0.30301023,0.09703827,0.072320886,0.21454934911429882,0.0803592227794094,False
1997-03-17 13:00:00,0.30754584,0.09822782,0.07285765,0.21763432916253805,0.08304060608556997,False
1997-03-17 14:00:00,0.28679875,0.08768931,0.06392551,0.2012922092527151,0.08545696394817787,False
1997-03-17 15:00:00,0.22199745,0.07077922,0.05159805,0.15699635799229145,0.08744960375507556,False
1997-03-17 16:00:00,0.14206125,0.04688373,0.03417824,0.10111506097391246,0.08902508480168761,False
1997-03-17 17:00:00,0.055240452,0.036269877,0.026635308,0.04669563224539161,0.09019451411709693,False
1997-03-17 18:00:00,0.003933672,0.029824883,0.022247676,0.014476484891027212,0.09109882226835664,False
1997-03-17 19:00:00,0.0,0.026037915,0.019197674,0.010644664937630296,0.091842646230895,False
1997-03-17 20:00:00,0.0,0.02107555,0.015364077,0.008606538277119397,0.09257052713720865,False
1997-03-17 21:00:00,0.0,0.01728949,0.012604039,0.007060439743101597,0.09327082058363399,False
1997-03-17 22:00:00,0.0,0.021311074,0.015535775,0.008702718319371344,0.09397548289452486,False
1997-03-17 23:00:00,0.0,0.025757417,0.018777158,0.010518453441560268,0.0945858249202817,False
1997-03-18 00:00:00,0.0,0.033468887,0.024398817,0.013667555484920739,0.09510831064074105,False
1997-03-18 01:00:00,0.0,0.04189917,0.030803395,0.01712417735159397,0.09562725824392206,False
1997-03-18 02:00:00,0.0,0.04732206,0.038965244,0.019565963644534348,0.09621247327555708,False
1997-03-18 03:00:00,0.0,0.050497934,0.04493515,0.02106023573130369,0.09679328773538388,False
1997-03-18 04:00:00,0.0,0.05300167,0.048903815,0.022198421638458966,0.09732910996484376,False
1997-03-18 05:00:00,0.0,0.055963475,0.051849753,0.02345040901377797,0.09785988457030421,False
1997-03-18 06:00:00,0.008372239,0.05909264,0.05457045,0.029582770667038856,0.09830020504626251,False
1997-03-18 07:00:00,0.07367938,0.06319375,0.058921095,0.06901323644816876,0.09875797795185645,False
1997-03-18 08:00:00,0.16821954,0.06879181,0.064433746,0.12592627154290675,0.09942648861874961,False
1997-03-18 09:00:00,0.260034,0.07689439,0.07052723,0.18222211468219757,0.10041857768850847,False
1997-03-18 10:00:00,0.33734098,0.08540879,0.07710365,0.23032518732547758,0.10158576171448899,False
1997-03-18 11:00:00,0.3696425,0.10039638,0.08839364,0.255103241160512,0.10280466571659296,False
1997-03-18 12:00:00,0.3704829,0.11668526,0.10063704,0.2622598883807659,0.10362143486714437,False
1997-03-18 13:00:00,0.3408904,0.13182886,0.11091183,0.25132785318791867,0.10458024217506075,False
1997-03-18 14:00:00,0.27738005,0.14196028,0.117083184,0.21875412300229072,0.10536554474064905,False
1997-03-18 15:00:00,0.20299411,0.14044121,0.11545417,0.1751849316060543,0.10613565121427623,False
1997-03-18 16:00:00,0.122251935,0.12962136,0.10727221,0.12416234651952981,0.10717615889408139,False
1997-03-18 17:00:00,0.046180733,0.13988565,0.11472066,0.08445900269597768,0.10838461332628017,False
1997-03-18 18:00:00,0.003158278,0.15477785,0.12510826,0.06569120069523342,0.10975675044704986,False
1997-03-18 19:00:00,0.0,0.16295917,0.13179614,0.0672489263266325,0.11110198791643779,False
1997-03-18 20:00:00,0.0,0.17009841,0.13694063,0.07016110686957835,0.1124078822373849,False
1997-03-18 21:00:00,0.0,0.18110731,0.14419867,0.07461532652378082,0.11355867966571531,False
1997-03-18 22:00:00,0.0,0.17272744,0.13878301,0.0712307062447071,0.1144643821071804,False
1997-03-18 23:00:00,0.0,0.18169239,0.14777534,0.07502436071634291,0.11503533451996917,False
1997-03-19 00:00:00,0.0,0.1875704,0.15189736,0.07741593226790429,0.11537736810084606,False
1997-03-19 01:00:00,0.0,0.18879803,0.1517169,0.07785918407142162,0.11549605613893071,False
1997-03-19 02:00:00,0.0,0.18657145,0.15041581,0.07696731832623481,0.11542097795980225,False
1997-03-19 03:00:00,0.0,0.17662244,0.14340758,0.07291768817603587,0.11522129734004556,False
1997-03-19 04:00:00,0.0,0.16973597,0.13829334,0.07010041263699532,0.11496832427538173,False
1997-03-19 05:00:00,0.0,0.1605498,0.13176921,0.06635841523110866,0.11467958268574147,False
1997-03-19 06:00:00,0.0056098825,0.16306554,0.13440782,0.07066610786085949,0.11435062740898864,False
1997-03-19 07:00:00,0.045161117,0.173458,0.14365898,0.09782154956832528,0.1139789846542068,False
1997-03-19 08:00:00,0.11290149,0.20106255,0.16608691,0.14830493011325596,0.11346372741789187,False
1997-03-19 09:00:00,0.17891878,0.22388418,0.18562792,0.1958733057230711,0.1126931500268256,False
1997-03-19 10:00:00,0.23505108,0.22388224,0.18812938,0.22839600771665572,0.11160498869235258,False
1997-03-19 11:00:00,0.2555435,0.23168619,0.19547449,0.24349642612040043,0.11035540800070642,False
1997-03-19 12:00:00,0.27702895,0.24278563,0.20626849,0.2605720998942852,0.10906611815182743,False
1997-03-19 13:00:00,0.26434174,0.24774407,0.21085382,0.25532885231077673,0.10780535062342823,False
1997-03-19 14:00:00,0.23079532,0.25333983,0.21492633,0.23825731998682023,0.10671057888153881,False
1997-03-19 15:00:00,0.1865547,0.2391278,0.2048242,0.2069407266229391,0.10583252602600743,False
1997-03-19 16:00:00,0.114306554,0.22418891,0.1933386,0.1591208737194538,0.10496551448349781,False
1997-03-19 17:00:00,0.047508676,0.2046573,0.17828082,0.11255821404233575,0.10429274276475672,False
1997-03-19 18:00:00,0.0038925265,0.18453263,0.16128437,0.07904788342164829,0.10345665118799174,False
1997-03-19 19:00:00,0.0,0.17669046,0.15053357,0.07332759234309197,0.10238811872246635,False
1997-03-19 20:00:00,0.0,0.15468559,0.12529321,0.06384481483697892,0.10121007277710789,False
1997-03-19 21:00:00,0.0,0.12312505,0.09446324,0.05053415693342685,0.09997228933159688,False
1997-03-19 22:00:00,0.0,0.08827294,0.065476306,0.036108434133231636,0.09865600527426188,False
1997-03-19 23:00:00,0.0,0.06592742,0.048311964,0.026936065323650834,0.09739839016132948,False
1997-03-20 00:00:00,0.0,0.04741967,0.03456894,0.019364581312984228,0.09606343451537153,False
1997-03-20 01:00:00,0.0,0.033108596,0.024136165,0.013520424753427504,0.0946919999498544,False
1997-03-20 02:00:00,0.0,0.02444203,0.017818237,0.009981293896213174,0.09332964487035253,False
1997-03-20 03:00:00,0.0,0.021837099,0.015919246,0.008917528627440333,0.09197032759931364,False
1997-03-20 04:00:00,0.0,0.02041998,0.014886165,0.008338825335726142,0.09066724770072808,False
1997-03-20 05:00:00,0.0,0.018759044,0.013675343,0.007660555729642511,0.08941180584485603,False
1997-03-20 06:00:00,0.007077804,0.018757746,0.013674398,0.01174391843751073,0.08823737346263563,False
1997-03-20 07:00:00,0.061297264,0.02182446,0.015910035,0.04428088910505175,0.08713212108423854,False
1997-03-20 08:00:00,0.13892594,0.021496132,0.015670681,0.08893855677172541,0.08629012168716871,False
1997-03-20 09:00:00,0.2118594,0.018971937,0.013830542,0.12999037062749264,0.08549521202173006,False
1997-03-20 10:00:00,0.2715476,0.033456158,0.024389535,0.17034531412646176,0.08494627423473866,False
1997-03-20 11:00:00,0.30303395,0.044976175,0.03278763,0.19321732841432093,0.08431053964132054,False
1997-03-20 12:00:00,0.30790985,0.05874342,0.044495247,0.2017430470176041,0.08393986884541421,False
1997-03-20 13:00:00,0.2953803,0.06908302,0.052828617,0.19877880957722663,0.08370361520107447,False
1997-03-20 14:00:00,0.25845516,0.06700449,0.05100564,0.17660758593678472,0.08345730943269639,False
1997-03-20 15:00:00,0.192221,0.055388074,0.04108631,0.13356837756559253,0.08321316218428546,False
1997-03-20 16:00:00,0.12652822,0.046179626,0.033745185,0.09186930401995778,0.08271415593791365,False
1997-03-20 17:00:00,0.0528089,0.033930033,0.024734994,0.044326607011258595,0.082076535473015,False
1997-03-20 18:00:00,0.005399575,0.027637187,0.020147508,0.0144016423500143,0.08109579366707474,False
1997-03-20 19:00:00,0.0,0.026208648,0.019106105,0.010702720949426293,0.0798777621485739,False
1997-03-20 20:00:00,0.0,0.026301973,0.01929766,0.010747501485049726,0.07869471519482127,False
1997-03-20 21:00:00,0.0,0.027937362,0.020829726,0.011433691771700977,0.07771479800734474,False
1997-03-20 22:00:00,0.0,0.026606478,0.01939612,0.01086518082395196,0.07700780656672819,False
1997-03-20 23:00:00,0.0,0.026800096,0.019578783,0.010946489710360765,0.07666829868308073,False
1997-03-21 00:00:00,0.0,0.028291931,0.02124723,0.011587073123082518,0.07654935440462818,False
1997-03-21 01:00:00,0.0,0.030357111,0.023414189,0.012466140255331994,0.07659003393417028,False
1997-03-21 02:00:00,0.0,0.028522566,0.02213449,0.011720089316368101,0.07675939245936265,False
1997-03-21 03:00:00,0.0,0.025339933,0.018878106,0.010369853043928743,0.07699849096948552,False
1997-03-21 04:00:00,0.0,0.024078187,0.017673198,0.009839203555136919,0.07720570334181925,False
1997-03-21 05:00:00,0.0,0.024443507,0.017889014,0.009985660884529351,0.07738558920386518,False
1997-03-21 06:00:00,0.0107087055,0.027993392,0.020472387,0.017613993697799743,0.07756191035006,False
1997-03-21 07:00:00,0.07127875,0.039737504,0.029900005,0.05740557850897311,0.07775123496925031,False
1997-03-21 08:00:00,0.14992152,0.057755362,0.043200362,0.11014926617220044,0.07812673636530719,False
1997-03-21 09:00:00,0.24115248,0.07431339,0.054771684,0.16952429194748403,0.07888492114540227,False
1997-03-21 10:00:00,0.29887462,0.0622728,0.04539687,0.1978807472325861,0.08006070699376869,False
1997-03-21 11:00:00,0.3337323,0.08115138,0.059181985,0.22570422791689632,0.08146184865071943,False
1997-03-21 12:00:00,0.36553407,0.09380002,0.06863999,0.24923192496597762,0.08296965399692027,False
1997-03-21 13:00:00,0.3565146,0.092451975,0.068193905,0.2435061754286289,0.08450242975281433,False
1997-03-21 14:00:00,0.32841158,0.09059163,0.06697146,0.22653825206309555,0.08593194508281884,False
1997-03-21 15:00:00,0.2573397,0.08439241,0.062270876,0.18298842679709196,0.08705740633041326,False
1997-03-21 16:00:00,0.17313173,0.07000603,0.051589936,0.1285150914043188,0.08805330102849013,False
1997-03-21 17:00:00,0.0799562,0.047355466,0.034698352,0.06548260735720395,0.08861062916539958,False
1997-03-21 18:00:00,0.008119459,0.038915902,0.028471751,0.0205823705336079,0.08884373971380409,False
1997-03-21 19:00:00,0.0,0.040476758,0.029729905,0.016541338562965392,0.0887281753141724,False
1997-03-21 20:00:00,0.0,0.04109959,0.030426692,0.01680878983810544,0.08856726331365643,False
1997-03-21 21:00:00,0.0,0.04054928,0.03029415,0.01659856778383255,0.08842307064318446,False
1997-03-21 22:00:00,0.0,0.04804797,0.03856212,0.019812055718153716,0.08832296436731121,False
1997-03-21 23:00:00,0.0,0.05145935,0.041448887,0.021226739957928658,0.08832512554046115,False
1997-03-22 00:00:00,0.0,0.051731974,0.041261118,0.021317198731005193,0.08840335581530233,False
1997-03-22 01:00:00,0.0,0.05271524,0.040698353,0.02164963396266103,0.0885503454133577,False
1997-03-22 02:00:00,0.0,0.052129854,0.04115012,0.021458022382110357,0.08872943714351275,False
1997-03-22 03:00:00,0.0,0.046048652,0.034662403,0.01886372249945998,0.08896703221436472,False
1997-03-22 04:00:00,0.0,0.041526917,0.030553967,0.016973346713930366,0.08928150229886522,False
1997-03-22 05:00:00,0.0,0.039434634,0.02912205,0.016123970746994017,0.08966631774426786,False
1997-03-22 06:00:00,0.013741386,0.031548493,0.0233579,0.020831500158645214,0.09009757141707814,False
1997-03-22 07:00:00,0.08964126,0.025912907,0.01889051,0.06230495611578225,0.09060162284610365,False
1997-03-22 08:00:00,0.19845875,0.026497627,0.019316768,0.1253314262162894,0.09117595955291954,False
1997-03-22 09:00:00,0.30727655,0.022356229,0.01629769,0.1864280913490802,0.09181054455248522,False
1997-03-22 10:00:00,0.3925197,0.027221266,0.019844303,0.23760011366009712,0.09231765096748129,False
1997-03-22 11:00:00,0.4418619,0.026049353,0.018989976,0.26559198503196235,0.0931002037229967,False
1997-03-22 12:00:00,0.46071666,0.023221247,0.01692829,0.27531628330051894,0.0937776910427977,False
1997-03-22 13:00:00,0.44650096,0.023911132,0.017431216,0.2673955454174429,0.09407268430677745,False
1997-03-22 14:00:00,0.38309774,0.023465056,0.017106025,0.23062972582131622,0.09437916440312012,False
1997-03-22 15:00:00,0.2996284,0.020779723,0.015148416,0.18137132307328283,0.09434828211674659,False
1997-03-22 16:00:00,0.1961026,0.013394484,0.009764578,0.11862105459161101,0.09408827638483488,False
1997-03-22 17:00:00,0.09041717,0.008191688,0.0059717395,0.05551591333467513,0.09383655768412669,False
1997-03-22 18:00:00,0.009966937,0.007600115,0.005540483,0.008854551167692988,0.09394293716042496,False
1997-03-22 19:00:00,0.0,0.0072947918,0.005317903,0.0029789449246600272,0.0944043697461214,False
1997-03-22 20:00:00,0.0,0.009369667,0.006830487,0.0038262533023953435,0.09495698747809123,False
1997-03-22 21:00:00,0.0,0.016225811,0.011875301,0.00662859052978456,0.09555360955001863,False
1997-03-22 22:00:00,0.0,0.026798882,0.020002404,0.01096891713514924,0.09615458066670302,False
1997-03-22 23:00:00,0.0,0.035756547,0.02791439,0.014701542902737855,0.09661694751146327,False
1997-03-23 00:00:00,0.0,0.044713024,0.03969385,0.018642573829740286,0.0969719925734874,False
1997-03-23 01:00:00,0.0,0.05056975,0.044487137,0.02106254330277443,0.09727224185575808,False
1997-03-23 02:00:00,0.0,0.055413987,0.04957206,0.023124652717262505,0.09752029301833438,False
1997-03-23 03:00:00,0.0,0.060902372,0.05539707,0.0254644170999527,0.09775542380546297,False
1997-03-23 04:00:00,0.0,0.06770946,0.06158433,0.0283103449344635,0.09807346758807155,False
1997-03-23 05:00:00,0.0,0.07341416,0.066592805,0.03068583717942238,0.09846502499912942,False
1997-03-23 06:00:00,0.015277392,0.07885829,0.07212401,0.04180846229102462,0.09891305696961693,False
1997-03-23 07:00:00,0.08515722,0.08578484,0.0774707,0.0849737404361367,0.09947199198732996,False
1997-03-23 08:00:00,0.17801358,0.0907651,0.081540525,0.14060934615135193,0.1000023272660459,False
1997-03-23 09:00:00,0.2636516,0.10014181,0.08863137,0.1938653998672962,0.10033614888268591,False
1997-03-23 10:00:00,0.3253378,0.114682786,0.10010041,0.2354432794973254,0.10051182927863894,False
1997-03-23 11:00:00,0.353955,0.1299681,0.11172875,0.25822361926734444,0.10068371648781224,False
1997-03-23 12:00:00,0.35726398,0.13788989,0.11794285,0.2633916016370058,0.10081670014115274,False
1997-03-23 13:00:00,0.34286138,0.14572126,0.12250107,0.25821722005307673,0.10074313821245207,False
1997-03-23 14:00:00,0.28939947,0.14064653,0.11433028,0.22505590231716632,0.1001911020030709,False
1997-03-23 15:00:00,0.21061108,0.11852056,0.097249545,0.1705081516653299,0.09957540585614189,False
1997-03-23 16:00:00,0.12945159,0.10090605,0.08342027,0.11643259377032518,0.09899898945351354,False
1997-03-23 17:00:00,0.056632537,0.09142351,0.07734393,0.0705888222195208,0.09870679708975125,False
1997-03-23 18:00:00,0.0061259284,0.09422245,0.08200723,0.04273113464703784,0.09880950781865346,False
1997-03-23 19:00:00,0.0,0.10350249,0.090269834,0.04306698969751597,0.09928490188087598,False
1997-03-23 20:00:00,0.0,0.109166734,0.095631935,0.04544664929062128,0.09983329933350468,False
1997-03-23 21:00:00,0.0,0.10926783,0.09491392,0.045445181384682655,0.10038458224599744,False
1997-03-23 22:00:00,0.0,0.101112984,0.08694395,0.04200566426664591,0.10087958795732847,False
1997-03-23 23:00:00,0.0,0.09269767,0.07524929,0.03826890293508768,0.10127850266492022,False
1997-03-24 00:00:00,0.0,0.086871006,0.06803265,0.035729164279997346,0.10158430341088241,False
1997-03-24 01:00:00,0.0,0.081843875,0.06214259,0.033556089766323564,0.10178494142174749,False
1997-03-24 02:00:00,0.0,0.079872005,0.060583897,0.03274430016428232,0.10190972326828196,False
1997-03-24 03:00:00,0.0,0.083164714,0.063741565,0.03412982406467199,0.10196024704135051,False
1997-03-24 04:00:00,0.0,0.086809434,0.06917447,0.03576810244470834,0.10196285833806759,False
1997-03-24 05:00:00,8.643977e-08,0.09109426,0.074364305,0.037629505330394324,0.10190442221744014,False
1997-03-24 06:00:00,0.015549247,0.09355602,0.077153616,0.0476603810088709,0.1018095262090396,False
1997-03-24 07:00:00,0.08360499,0.095452026,0.0796143,0.0877610494941473,0.10170620480513431,False
1997-03-24 08:00:00,0.1768927,0.09481297,0.07966282,0.14135486381500958,0.10160932793181002,False
1997-03-24 09:00:00,0.27202395,0.09150342,0.07663281,0.19486075035482645,0.10146842292129604,False
1997-03-24 10:00:00,0.36229014,0.08900038,0.07348418,0.24585069970041512,0.10133666024690727,False
1997-03-24 11:00:00,0.41202152,0.08288496,0.06767101,0.2719752003923058,0.10118961223331202,False
1997-03-24 12:00:00,0.41720596,0.07531587,0.060479924,0.2717853107228875,0.10090808179035395,False
1997-03-24 13:00:00,0.3676154,0.0697493,0.056411624,0.24089780736714603,0.10043306400797562,False
1997-03-24 14:00:00,0.3037168,0.06251004,0.05121308,0.20107631076872348,0.09967805138820084,False
1997-03-24 15:00:00,0.22275725,0.060833454,0.05046033,0.15370333574712278,0.0991862965562994,False
1997-03-24 16:00:00,0.13944836,0.058107857,0.04985775,0.10459582113102078,0.09893742002057765,False
1997-03-24 17:00:00,0.06105246,0.06044819,0.05395143,0.06044602832198142,0.09880037172169656,False
1997-03-24 18:00:00,0.0073622474,0.06563783,0.05935354,0.031673466154374184,0.09852012637195409,False
1997-03-24 19:00:00,0.0,0.07016809,0.06314808,0.029302022650837898,0.09803988476628164,False
1997-03-24 20:00:00,0.0,0.07258203,0.0649086,0.030287833102047444,0.09745036960318412,False
1997-03-24 21:00:00,0.0,0.07286168,0.064868614,0.030388864673674108,0.09685549373104896,False
1997-03-24 22:00:00,0.0,0.07225349,0.06398678,0.030116823099553585,0.09631977423648078,False
1997-03-24 23:00:00,0.0,0.07053308,0.06209762,0.029379978708922862,0.09596264194505948,False
1997-03-25 00:00:00,0.0,0.06802946,0.058709748,0.028273198351264,0.0957084939768045,False
1997-03-25 01:00:00,0.0,0.06532408,0.05458306,0.027052071936428546,0.09556233779941413,False
1997-03-25 02:00:00,0.0,0.061882228,0.05028244,0.02554979382455349,0.09549227862986465,False
1997-03-25 03:00:00,0.0,0.062037803,0.049959444,0.02558975934237242,0.09544684040122393,False
1997-03-25 04:00:00,0.0,0.061812144,0.049939446,0.025505411144346,0.09539336609835464,False
1997-03-25 05:00:00,2.9389519e-06,0.063233554,0.05177688,0.026130828776196494,0.0953910852833158,False
1997-03-25 06:00:00,0.015902294,0.06696667,0.054865018,0.03684903490357101,0.0954277940716238,False
1997-03-25 07:00:00,0.08576936,0.07458619,0.061341185,0.0803236505165696,0.09553458154235585,False
1997-03-25 08:00:00,0.17596723,0.07813965,0.06443117,0.13384590564668178,0.095755462852337,False
1997-03-25 09:00:00,0.27108628,0.07544367,0.06083882,0.18754079149663447,0.09622365100607205,False
1997-03-25 10:00:00,0.33943614,0.07917922,0.06135533,0.2283849748447537,0.09706779807778004,False
1997-03-25 11:00:00,0.37902313,0.06356106,0.047403302,0.24471015800535678,0.09823283068264453,False
1997-03-25 12:00:00,0.38088587,0.050974723,0.037220903,0.2405907480828464,0.09946902126852973,False
1997-03-25 13:00:00,0.35409823,0.043228127,0.031680673,0.22197661430388688,0.10074833326650093,False
1997-03-25 14:00:00,0.320809,0.03996583,0.029583,0.20145167038589712,0.10212737388911897,False
1997-03-25 15:00:00,0.24892555,0.036541756,0.026817158,0.1585620779506862,0.103727215418312,False
1997-03-25 16:00:00,0.16613702,0.034264386,0.02499359,0.10985427542403339,0.10506447999337618,False
1997-03-25 17:00:00,0.07502781,0.03387274,0.024943693,0.05713704543188214,0.10627805870052667,False
1997-03-25 18:00:00,0.010030269,0.033989843,0.024996676,0.019679537574760615,0.10758295285308973,False
1997-03-25 19:00:00,0.0,0.036122795,0.026684267,0.014770261868834494,0.10912172858464694,False
1997-03-25 20:00:00,0.0,0.041247044,0.030971264,0.016892607428133487,0.11090522100917226,False
1997-03-25 21:00:00,0.0,0.048104156,0.036670595,0.01973064564540982,0.11292337161489924,False
1997-03-25 22:00:00,0.0,0.060244143,0.048763435,0.024863314278423785,0.11512949941354966,False
1997-03-25 23:00:00,0.0,0.06324443,0.050603796,0.026069800458848477,0.11757947655395767,False
1997-03-26 00:00:00,0.0,0.06990063,0.05408027,0.028713667765259743,0.11993797131209796,False
1997-03-26 01:00:00,0.0,0.07353169,0.056667723,0.03019324962794781,0.12222102642852044,False
1997-03-26 02:00:00,0.0,0.07433775,0.058011763,0.030563265189528465,0.12436979337130835,False
1997-03-26 03:00:00,0.0,0.076717034,0.060268,0.03156305752694607,0.12642487322167656,False
1997-03-26 04:00:00,0.0,0.08631089,0.07055377,0.0356586233228445,0.12835753641977138,False
1997-03-26 05:00:00,1.2591392e-05,0.09489159,0.0809123,0.039391527169178514,0.13025070881122885,False
1997-03-26 06:00:00,0.017813707,0.10219114,0.08887295,0.05278617960400879,0.1321421058355498,False
1997-03-26 07:00:00,0.09001503,0.111198835,0.099857576,0.09836335237324237,0.13402283110454222,False
1997-03-26 08:00:00,0.1947338,0.12317753,0.1113701,0.16382789519429206,0.13584182413419255,False
1997-03-26 09:00:00,0.30789447,0.13823046,0.12440116,0.23537980979681014,0.13807437778636977,False
1997-03-26 10:00:00,0.40964225,0.15694208,0.1388344,0.30177226473391056,0.1410091847001281,False
1997-03-26 11:00:00,0.4427786,0.18272212,0.1556415,0.3313123485147953,0.14422065596888006,False
1997-03-26 12:00:00,0.435863,0.19722046,0.16527764,0.33319228662550443,0.1483161076967,False
1997-03-26 13:00:00,0.38166884,0.20949195,0.17715386,0.3070917572528124,0.15303751693285855,False
1997-03-26 14:00:00,0.31972185,0.22501773,0.19180846,0.27786870416998866,0.1582210962453408,False
1997-03-26 15:00:00,0.21737267,0.22217858,0.19415016,0.2178920353502035,0.162629285463056,False
1997-03-26 16:00:00,0.1277285,0.21374923,0.19027379,0.16284759907424448,0.16659657893640467,False
1997-03-26 17:00:00,0.054076023,0.22017586,0.19692943,0.12308094764500856,0.1691974349073927,False
1997-03-26 18:00:00,0.0067455284,0.2437613,0.21656688,0.10553470126911997,0.17113393007855404,False
1997-03-26 19:00:00,0.0,0.27601224,0.241873,0.1149096590280533,0.17269947546635298,False
1997-03-26 20:00:00,0.0,0.3059598,0.2640722,0.1271590621769428,0.17422670969747484,False
1997-03-26 21:00:00,0.0,0.3284231,0.27953464,0.13628299900889396,0.17586276829110936,False
1997-03-26 22:00:00,0.0,0.35656214,0.29896846,0.14771572583913803,0.17763747621777942,False
1997-03-26 23:00:00,0.0,0.34450373,0.28640464,0.14258772709965706,0.17932761180525192,False
1997-03-27 00:00:00,0.0,0.33296064,0.27772906,0.13785984393954276,0.18144133542742125,False
1997-03-27 01:00:00,0.0,0.31440553,0.26254156,0.1301928851902485,0.18408236713878354,False
1997-03-27 02:00:00,0.0,0.29974538,0.25162187,0.12419362664222718,0.1874359231431364,False
1997-03-27 03:00:00,0.0,0.2854116,0.2414947,0.11835759285092354,0.1915442338826462,False
1997-03-27 04:00:00,0.0,0.2804248,0.23890617,0.11637768593430518,0.19642732589769651,False
1997-03-27 05:00:00,2.15235e-05,0.28164724,0.24032661,0.1169178859436015,0.20190006591364285,False
1997-03-27 06:00:00,0.014550003,0.28607112,0.24385652,0.12712384781520814,0.20765002263473992,False
1997-03-27 07:00:00,0.07580663,0.29866877,0.25344652,0.16763531593978404,0.21344609443159257,False
1997-03-27 08:00:00,0.16372736,0.35345355,0.29839697,0.24100848095118999,0.21886516651804971,False
1997-03-27 09:00:00,0.24972014,0.4430159,0.38611358,0.3284115233570337,0.22358168577758697,False
1997-03-27 10:00:00,0.32682276,0.46575966,0.40913978,0.38253559574484824,0.22784988811657556,False
1997-03-27 11:00:00,0.3759239,0.54018927,0.4639613,0.4412918409407139,0.2313699456609982,False
1997-03-27 12:00:00,0.39084667,0.5822768,0.49703178,0.467218391418457,0.23545565901090182,False
1997-03-27 13:00:00,0.38479134,0.5996743,0.50896305,0.47078842130303383,0.23989442109610368,False
1997-03-27 14:00:00,0.33013123,0.537417,0.44911408,0.4130447528362273,0.2451501762744236,False
1997-03-27 15:00:00,0.2848244,0.4464589,0.36861387,0.3489921646714211,0.25050184839109063,False
1997-03-27 16:00:00,0.1817807,0.31326866,0.26318082,0.2346953620314598,0.25594901450893015,False
1997-03-27 17:00:00,0.087423414,0.23975296,0.20697519,0.15008881364762783,0.2604651420664239,False
1997-03-27 18:00:00,0.012129745,0.21105117,0.18424024,0.09482571618910879,0.2641215823418347,False
1997-03-27 19:00:00,0.0,0.21190408,0.1830537,0.08807750496268273,0.266496365039792,False
1997-03-27 20:00:00,0.0,0.23052672,0.19183448,0.09542341992259026,0.2682548326469921,False
1997-03-27 21:00:00,0.0,0.2539989,0.2072413,0.1049166261255741,0.2696562676627153,False
1997-03-27 22:00:00,0.0,0.25646108,0.21029042,0.10598982247710227,0.27071393657773374,False
1997-03-27 23:00:00,0.0,0.3083509,0.2545751,0.12752853432297706,0.2715798402495646,False
1997-03-28 00:00:00,0.0,0.3751448,0.3158288,0.15548318991065024,0.2723747865233534,False
1997-03-28 01:00:00,0.0,0.46060303,0.3926189,0.19116393783688546,0.2730018254119867,False
1997-03-28 02:00:00,0.0,0.54791975,0.47369987,0.22776218068599702,0.27358135651722193,False
1997-03-28 03:00:00,0.0,0.6381108,0.5646034,0.26595147424936294,0.27411017906404667,False
1997-03-28 04:00:00,0.0,0.71515447,0.6381138,0.29835014408826827,0.27459672058671347,False
1997-03-28 05:00:00,2.0803169e-05,0.75527614,0.67926943,0.31538944978183825,0.2749593257077002,False
1997-03-28 06:00:00,0.0116799725,0.77770567,0.6904609,0.330997625852935,0.2752672513122238,False
1997-03-28 07:00:00,0.06644691,0.76578766,0.69561666,0.35847881252318625,0.27567890586790883,False
1997-03-28 08:00:00,0.1533907,0.723776,0.64150083,0.39022081965208055,0.2766516882903868,False
1997-03-28 09:00:00,0.2542151,0.7054998,0.6155922,0.44025352206826207,0.2785941757335632,False
1997-03-28 10:00:00,0.35706887,0.6373623,0.5466593,0.47073502686619756,0.2802789044873162,False
1997-03-28 11:00:00,0.43897122,0.65904033,0.573228,0.5274265893101692,0.28118673263204536,False
1997-03-28 12:00:00,0.45347914,0.684006,0.5962444,0.5462528667151928,0.28152575190886797,False
1997-03-28 13:00:00,0.46320015,0.7020347,0.6120502,0.5593680058121682,0.28173814471277037,False
1997-03-28 14:00:00,0.4169235,0.7070319,0.6164692,0.5347489657700061,0.2818489137878015,False
1997-03-28 15:00:00,0.3323295,0.6933403,0.58813536,0.4793560090065002,0.2824287602618331,False
1997-03-28 16:00:00,0.21130636,0.62264794,0.51742333,0.3796217218339443,0.28289357324279785,False
1997-03-28 17:00:00,0.10285712,0.578686,0.47604424,0.2985900808647275,0.2837348585603132,False
1997-03-28 18:00:00,0.01628041,0.5086555,0.41549256,0.2195242707710713,0.28407155661278655,False
1997-03-28 19:00:00,0.0,0.4823352,0.3950817,0.19931610417366027,0.28397408271320496,False
1997-03-28 20:00:00,0.0,0.47049677,0.38545617,0.19442794293165205,0.2836443798338101,False
1997-03-28 21:00:00,0.0,0.45282036,0.36963692,0.18705110692977905,0.2830168535151557,False
1997-03-28 22:00:00,0.0,0.45804906,0.37516665,0.18927910208702087,0.2820025086040646,False
1997-03-28 23:00:00,0.0,0.43740755,0.35818076,0.18074514824151994,0.28075858483612914,False
1997-03-29 00:00:00,0.0,0.406422,0.33311105,0.16795771059393882,0.2790392507241145,False
1997-03-29 01:00:00,0.0,0.382491,0.31242967,0.158010378241539,0.2766879449692593,False
1997-03-29 02:00:00,0.0,0.36205205,0.2959241,0.14957710888981818,0.273612897066962,False
1997-03-29 03:00:00,0.0,0.3429277,0.28094938,0.14171158593893052,0.2697332004607693,False
1997-03-29 04:00:00,0.0,0.32349643,0.26689905,0.1337827317416668,0.2649864453939759,False
1997-03-29 05:00:00,0.000107732754,0.3183347,0.26241943,0.13169831496073311,0.2595289399815761,False
1997-03-29 06:00:00,0.024769286,0.32058978,0.26469925,0.14688326648809014,0.25366718447728387,False
1997-03-29 07:00:00,0.11091097,0.36339974,0.30071738,0.21432887221872807,0.24779857608875794,False
1997-03-29 08:00:00,0.23902592,0.47342795,0.4006483,0.33424787822365754,0.24232682517572535,False
1997-03-29 09:00:00,0.34740865,0.5035736,0.42601952,0.409278503537178,0.2373725077725442,False
1997-03-29 10:00:00,0.43498757,0.42357445,0.34860268,0.4261113466918468,0.23231715617683946,False
1997-03-29 11:00:00,0.4862109,0.42839745,0.3507854,0.45756476622819897,0.22760124416243824,False
1997-03-29 12:00:00,0.5031126,0.45329317,0.36763123,0.4774132460057735,0.22186821155092906,False
1997-03-29 13:00:00,0.4991731,0.4551525,0.3727996,0.4761053369045258,0.21594038620433997,False
1997-03-29 14:00:00,0.43311343,0.46215954,0.3784086,0.44087738358974454,0.20968292385042872,False
1997-03-29 15:00:00,0.33197817,0.43571168,0.35137355,0.37130318775773047,0.2034256371695664,False
1997-03-29 16:00:00,0.22721541,0.34911826,0.2805394,0.2750770572721958,0.19736893789638993,False
1997-03-29 17:00:00,0.10441843,0.25693452,0.20726016,0.16625032016634939,0.1923747649939226,False
1997-03-29 18:00:00,0.017286483,0.19389664,0.15971869,0.0901469690091908,0.18803250255216453,False
1997-03-29 19:00:00,2.8813256e-08,0.17474927,0.14387536,0.07225176675172965,0.18454639313942361,False
1997-03-29 20:00:00,0.0,0.15881415,0.12406919,0.0653021566271782,0.18132070757342567,False
1997-03-29 21:00:00,0.0,0.1369843,0.105201155,0.05622807039320468,0.17821734922738808,False
1997-03-29 22:00:00,0.0,0.112700276,0.08694592,0.046281481616199015,0.17528927550917556,False
1997-03-29 23:00:00,0.0,0.10925036,0.086798415,0.04500049694627524,0.17228853626443136,False
1997-03-30 00:00:00,0.0,0.103377596,0.0828552,0.04262051367759705,0.16946831141864943,False
1997-03-30 01:00:00,0.0,0.105769165,0.08394105,0.04356163852661848,0.1668875622626959,False
1997-03-30 02:00:00,0.0,0.10122504,0.07749451,0.041536743588745595,0.16452202289212559,False
1997-03-30 03:00:00,0.0,0.09295998,0.07046295,0.03810723104327917,0.16232016221001805,False
1997-03-30 04:00:00,0.0,0.088766545,0.067315355,0.03638988429307937,0.16032473978014725,False
1997-03-30 05:00:00,0.00023508734,0.082575604,0.06331745,0.03402518557581061,0.15849385835915866,False
1997-03-30 06:00:00,0.028106896,0.08070883,0.061207134,0.04930442320369184,0.15674826643986112,False
1997-03-30 07:00:00,0.10020006,0.093034804,0.06832395,0.09583476869761944,0.15513662830865887,False
1997-03-30 08:00:00,0.19237636,0.10141007,0.07392795,0.15241358429938553,0.15351592436434336,False
1997-03-30 09:00:00,0.27379757,0.09700966,0.07072005,0.1975966454744339,0.15102506115972014,False
1997-03-30 10:00:00,0.3552941,0.096400164,0.070275724,0.2443712501749396,0.14845178560293226,False
1997-03-30 11:00:00,0.37689716,0.08514755,0.062072556,0.25224102395772935,0.1468043406016033,False
1997-03-30 12:00:00,0.39369655,0.08461611,0.061685152,0.26171725007891655,0.1452341994413635,False
1997-03-30 13:00:00,0.38589254,0.08901284,0.06489036,0.25900981282442803,0.14346445631268384,False
1997-03-30 14:00:00,0.33963108,0.09411183,0.068607524,0.23439920508861542,0.14134305472828707,False
1997-03-30 15:00:00,0.25297457,0.10433349,0.0772048,0.18863444389402867,0.1390978900520281,False
1997-03-30 16:00:00,0.16969441,0.102143824,0.0795681,0.13990142251551152,0.13691155301439523,False
1997-03-30 17:00:00,0.08473433,0.099878915,0.0817492,0.09016148366034031,0.1351292767521765,False
1997-03-30 18:00:00,0.016116751,0.10360963,0.08629075,0.05219101895950735,0.1340814757985213,False
1997-03-30 19:00:00,8.067712e-07,0.107345186,0.09022885,0.044483197005758764,0.13335422317204013,False
1997-03-30 20:00:00,0.0,0.10973418,0.092126496,0.04546674232184887,0.13267846182419007,False
1997-03-30 21:00:00,0.0,0.11216742,0.09469984,0.0465035684555769,0.1321015519133026,False
1997-03-30 22:00:00,0.0,0.10914497,0.09202082,0.04524361833930016,0.13166818575572245,False
1997-03-30 23:00:00,0.0,0.10941461,0.09259936,0.04537435564398765,0.13148056881839432,False
1997-03-31 00:00:00,0.0,0.10627405,0.09012269,0.04408175110816955,0.13132181012688227,False
1997-03-31 01:00:00,0.0,0.1072372,0.09062894,0.04446448845416307,0.1311487756419184,False
1997-03-31 02:00:00,0.0,0.10586585,0.08932032,0.0438877961486578,0.1309128061692419,False
1997-03-31 03:00:00,0.0,0.110824205,0.09328107,0.04593130930513144,0.13067673301242314,False
1997-03-31 04:00:00,0.0,0.11078871,0.092951655,0.045900423534214495,0.13049148485401668,False
1997-03-31 05:00:00,0.000250877,0.115340024,0.09638292,0.047909902834449895,0.13032988444866633,False
1997-03-31 06:00:00,0.033150513,0.12161512,0.10223725,0.06952463619038463,0.13022172121515008,False
1997-03-31 07:00:00,0.14277944,0.13067843,0.109833434,0.13653508289158345,0.13038572750474922,False
1997-03-31 08:00:00,0.2698779,0.14256366,0.11779446,0.214686444401741,0.13122637468779746,False
1997-03-31 09:00:00,0.39227763,0.1439569,0.116610914,0.2857612768113613,0.13282217840122346,False
1997-03-31 10:00:00,0.49938506,0.14296079,0.113634765,0.34703398662805557,0.13525778534559818,False
1997-03-31 11:00:00,0.54850507,0.15953588,0.12670046,0.38219799053668974,0.13803422878435787,False
1997-03-31 12:00:00,0.5701296,0.15406303,0.12317692,0.39246557582914826,0.14142167102857467,False
1997-03-31 13:00:00,0.5387617,0.15371405,0.123927616,0.37427806085348125,0.14487919187190296,False
1997-03-31 14:00:00,0.47271782,0.1464778,0.116684936,0.3331094791293144,0.14802913041631666,False
1997-03-31 15:00:00,0.36328462,0.13771673,0.10974655,0.26635900995135303,0.15074085683935917,False
1997-03-31 16:00:00,0.24540983,0.11611755,0.09405458,0.18952779668569564,0.15291534603217902,False
1997-03-31 17:00:00,0.1251702,0.105812974,0.086808905,0.11595587439090013,0.15421239281214438,False
1997-03-31 18:00:00,0.023655538,0.10054332,0.083131716,0.055238842938095334,0.15470162774515311,False
1997-03-31 19:00:00,3.8609764e-06,0.096197695,0.07992676,0.03981522205492775,0.15454627589902348,False
1997-03-31 20:00:00,0.0,0.09084037,0.07574786,0.03761048090457916,0.1541923100664262,False
1997-03-31 21:00:00,0.0,0.08560523,0.07107715,0.03542649482935667,0.1537869474003073,False
1997-03-31 22:00:00,0.0,0.09006138,0.07487442,0.03727586862444878,0.15335065232217127,False
1997-03-31 23:00:00,0.0,0.09039772,0.074505925,0.03738007975369692,0.1529520410499517,False
1997-04-01 00:00:00,0.0,0.083046995,0.06797254,0.03431485839933157,0.15251076833111982,False
1997-04-01 01:00:00,0.0,0.07802894,0.06374861,0.032235103838145734,0.15205292039108279,False
1997-04-01 02:00:00,0.0,0.07321405,0.059060164,0.030205232061445715,0.1515600411542673,False
1997-04-01 03:00:00,0.0,0.07093353,0.05631199,0.02921531943976879,0.15104849247215132,False
1997-04-01 04:00:00,0.0,0.06958179,0.054766364,0.028633064836263655,0.1504607526583113,False
1997-04-01 05:00:00,0.00052506395,0.06937385,0.05428586,0.028833350367029196,0.14984222345356646,False
1997-04-01 06:00:00,0.046677038,0.073559314,0.057420135,0.057176725104451175,0.14916514936237762,False
1997-04-01 07:00:00,0.17863221,0.08048561,0.06325657,0.13618583348393437,0.1486138081841715,False
1997-04-01 08:00:00,0.33339158,0.08912914,0.06956609,0.22901216254383325,0.14811812241120118,False
1997-04-01 09:00:00,0.4768467,0.095773086,0.07453643,0.3145057788044214,0.14769548930100485,False
1997-04-01 10:00:00,0.58596134,0.09631364,0.074094586,0.377640535235405,0.14741644901845147,False
1997-04-01 11:00:00,0.6443937,0.10476358,0.08083954,0.4148382516801357,0.14714447349264143,False
1997-04-01 12:00:00,0.6624187,0.11055789,0.08642195,0.4276782505586743,0.146943731128246,False
1997-04-01 13:00:00,0.62798804,0.11624226,0.09193277,0.4102068629562855,0.1464984072145774,False
1997-04-01 14:00:00,0.5466736,0.11919601,0.09533481,0.3645620733946562,0.1456538885158643,False
1997-04-01 15:00:00,0.42859474,0.11086584,0.088912345,0.2930099251493811,0.14456745940315702,False
1997-04-01 16:00:00,0.28428644,0.09238671,0.074735135,0.20215966795384885,0.14354402221394713,False
1997-04-01 17:00:00,0.14013678,0.07929765,0.06527792,0.11364476044476032,0.1426189060746771,False
1997-04-01 18:00:00,0.026194274,0.07157469,0.059425447,0.04473413034528493,0.14179206792731625,False
1997-04-01 19:00:00,1.0574465e-05,0.06649427,0.054636102,0.02749283704108802,0.14111939163316672,False
1997-04-01 20:00:00,0.0,0.062989436,0.051226526,0.026009334348142146,0.14052928004114623,False
1997-04-01 21:00:00,0.0,0.061930016,0.050170906,0.025561404705047606,0.14005436770644702,False
1997-04-01 22:00:00,0.0,0.06313023,0.05213375,0.026110277272760867,0.1397223866607874,False
1997-04-01 23:00:00,0.0,0.058492176,0.04832689,0.02419326514005661,0.13954966094837257,False
1997-04-02 00:00:00,0.0,0.053505298,0.043733243,0.022105049986392258,0.13945057715362602,False
1997-04-02 01:00:00,0.0,0.0504441,0.040600225,0.020806285087019205,0.139496148407261,False
1997-04-02 02:00:00,0.0,0.0470725,0.036364943,0.01933345940709114,0.13966383421680623,False
1997-04-02 03:00:00,0.0,0.043234218,0.03271059,0.01771979824081063,0.1399456601653128,False
1997-04-02 04:00:00,0.0,0.039568238,0.029821146,0.016211021706461905,0.14030822854562394,False
1997-04-02 05:00:00,0.00076320546,0.036545146,0.027496628,0.015410346457385456,0.14075368549375528,False
1997-04-02 06:00:00,0.04987652,0.034885045,0.026091237,0.04306025963649154,0.1412626532929541,False
1997-04-02 07:00:00,0.17140388,0.033822697,0.025213873,0.11274216578900814,0.14177794952110648,False
1997-04-02 08:00:00,0.3155241,0.030178173,0.022350056,0.19440005511231717,0.14196039881970685,False
1997-04-02 09:00:00,0.45241484,0.02767328,0.020602593,0.2723673432487994,0.14182924749913883,False
1997-04-02 10:00:00,0.5622382,0.023411125,0.017203804,0.33397916138917205,0.14169768398249472,False
1997-04-02 11:00:00,0.6290141,0.023536798,0.017336251,0.3725623570457101,0.14132976051134938,False
1997-04-02 12:00:00,0.62640995,0.023626667,0.017282372,0.3710900279730558,0.1410485686618892,False
1997-04-02 13:00:00,0.56064755,0.02508579,0.018349482,0.33374116331525144,0.14068061260764747,False
1997-04-02 14:00:00,0.46876112,0.025660401,0.018833881,0.28096088171936573,0.14045584446698378,False
1997-04-02 15:00:00,0.35833108,0.025645034,0.018777251,0.21723402486927806,0.14055163067744375,False
1997-04-02 16:00:00,0.23374005,0.025110355,0.018305449,0.14512222200073302,0.1413087499010744,False
1997-04-02 17:00:00,0.11497477,0.024309572,0.01772168,0.07626764331758022,0.14286935611001478,False
1997-04-02 18:00:00,0.022618202,0.02424217,0.01767254,0.02295038081891835,0.14494777388849556,False
1997-04-02 19:00:00,2.0342157e-05,0.028107453,0.020490333,0.011489865637942784,0.14718214388271433,False
1997-04-02 20:00:00,0.0,0.03626488,0.026536066,0.014814688839018344,0.1493995756586363,False
1997-04-02 21:00:00,0.0,0.047584824,0.035788972,0.019491404637694356,0.15155829588512904,False
1997-04-02 22:00:00,0.0,0.07012931,0.057542928,0.028985034428536893,0.15355224074612384,False
1997-04-02 23:00:00,0.0,0.078722656,0.06621107,0.032624057605862615,0.15557846760054134,False
1997-04-03 00:00:00,0.0,0.08780781,0.075948074,0.03650227857381105,0.15736041705359716,False
1997-04-03 01:00:00,0.0,0.09677064,0.0847344,0.04028402269631624,0.15907533892130493,False
1997-04-03 02:00:00,0.0,0.104943536,0.09275394,0.043732877589762215,0.160790090661524,False
1997-04-03 03:00:00,0.0,0.1118651,0.0988959,0.0466186016947031,0.16252342383286927,False
1997-04-03 04:00:00,0.0,0.11993191,0.10666898,0.050014998346567155,0.1642902970577405,False
1997-04-03 05:00:00,0.0008799568,0.1261584,0.11488184,0.05326380472857272,0.16615451322801422,False
1997-04-03 06:00:00,0.044185933,0.13474758,0.12395933,0.08191094405576586,0.16800059984230897,False
1997-04-03 07:00:00,0.1510675,0.13788515,0.12773766,0.14494339981675147,0.16975170877632523,False
1997-04-03 08:00:00,0.27449676,0.15372378,0.14089246,0.22271689915657042,0.1721729575773778,False
1997-04-03 09:00:00,0.39253953,0.19611725,0.1727436,0.3081907300055027,0.17549260368126748,False
1997-04-03 10:00:00,0.46543244,0.21970879,0.19172503,0.359980208620429,0.17886028442704888,False
1997-04-03 11:00:00,0.48999915,0.2860271,0.24199139,0.40134104290604594,0.18175543355664697,False
1997-04-03 12:00:00,0.45429525,0.3571353,0.29824218,0.41001635995507235,0.18453733799500227,False
1997-04-03 13:00:00,0.40069616,0.4070678,0.33348683,0.3994179922044277,0.187686108753574,False
1997-04-03 14:00:00,0.32352978,0.4415685,0.3619325,0.3691598114967346,0.19158617134747707,False
1997-04-03 15:00:00,0.25146285,0.4464029,0.36175764,0.3293516478836536,0.1956810752261507,False
1997-04-03 16:00:00,0.18029265,0.41870552,0.3432883,0.27706876598298547,0.1996386990074378,False
1997-04-03 17:00:00,0.09193344,0.38797387,0.31853446,0.21340881381183863,0.20335299568315185,False
1997-04-03 18:00:00,0.019883912,0.33963522,0.2812125,0.15198389006778598,0.20611724076794918,False
1997-04-03 19:00:00,3.832163e-05,0.32343552,0.26962492,0.13392956228534242,0.2082529782448196,False
1997-04-03 20:00:00,0.0,0.31311277,0.26091287,0.1296279052197933,0.20997722864808266,False
1997-04-03 21:00:00,0.0,0.29267666,0.24579762,0.12127075803279877,0.2114532520645832,False
1997-04-03 22:00:00,0.0,0.29781067,0.24957459,0.12336916628479958,0.21257806673791013,False
1997-04-03 23:00:00,0.0,0.2644612,0.22482704,0.10972683888673783,0.21344793465459472,False
1997-04-04 00:00:00,0.0,0.25124297,0.21690084,0.10442129963636398,0.21400603293446577,False
1997-04-04 01:00:00,0.0,0.2482872,0.21289614,0.10311436861753463,0.21437459332640968,False
1997-04-04 02:00:00,0.0,0.24691896,0.21148805,0.10253345163166523,0.2145869223313009,False
1997-04-04 03:00:00,0.0,0.24684665,0.21191297,0.10252971303462982,0.21474834965035072,False
1997-04-04 04:00:00,0.0,0.25462615,0.21733975,0.10569339787960053,0.21492474709596238,False
1997-04-04 05:00:00,0.0010997442,0.24900174,0.2130798,0.10402250394353175,0.21511241991404195,False
1997-04-04 06:00:00,0.044613693,0.24410906,0.20916931,0.12711348846927284,0.21527320508394654,False
1997-04-04 07:00:00,0.1466694,0.34908602,0.2874282,0.2289621082395315,0.21527048587915132,False
1997-04-04 08:00:00,0.28306884,0.4609357,0.37642726,0.3537430680990219,0.21499176161386646,False
1997-04-04 09:00:00,0.40472168,0.4860183,0.39168257,0.4340160190463066,0.2140348045170116,False
1997-04-04 10:00:00,0.5127775,0.4292747,0.34576538,0.4729463196098804,0.2120150946166796,False
1997-04-04 11:00:00,0.58265805,0.41163236,0.33347654,0.5060937700867653,0.2096750302987603,False
1997-04-04 12:00:00,0.5944299,0.43373144,0.35551974,0.5222310243844985,0.20668860037616715,False
1997-04-04 13:00:00,0.5747382,0.45814165,0.37529543,0.5209441678225994,0.20356441279275295,False
1997-04-04 14:00:00,0.48225775,0.48229703,0.39418405,0.4775162678956985,0.20064166137412764,False
1997-04-04 15:00:00,0.37020764,0.4683949,0.38430443,0.4071999663710594,0.1983741591742692,False
1997-04-04 16:00:00,0.25598872,0.42529145,0.34760052,0.32340846243500704,0.1966137801890691,False
1997-04-04 17:00:00,0.12926988,0.32481602,0.26862174,0.20895140738785264,0.1955769188940334,False
1997-04-04 18:00:00,0.028524863,0.2631719,0.22030553,0.1254657797086984,0.195721890271987,False
1997-04-04 19:00:00,6.730776e-05,0.22697063,0.19375716,0.0942538849945704,0.1971876623850901,False
1997-04-04 20:00:00,0.0,0.20668836,0.17399645,0.0856638128310442,0.19917963351823542,False
1997-04-04 21:00:00,0.0,0.17745474,0.14817981,0.07348250895738602,0.2015439785192922,False
1997-04-04 22:00:00,0.0,0.17085516,0.14246553,0.07073869442939758,0.20437977100119148,False
1997-04-04 23:00:00,0.0,0.14351498,0.119550906,0.05941277503967285,0.207189641559051,False
1997-04-05 00:00:00,0.0,0.13123432,0.10680952,0.05419317738711834,0.21030041874714347,False
1997-04-05 01:00:00,0.0,0.122072674,0.10057404,0.05047581493109465,0.21346367384635062,False
1997-04-05 02:00:00,0.0,0.12452861,0.10241356,0.0514813889041543,0.21640394926585407,False
1997-04-05 03:00:00,0.0,0.13337338,0.10872041,0.055085679084062575,0.21892793544989228,False
1997-04-05 04:00:00,0.0,0.14281462,0.11712404,0.05902329361438751,0.2208588776015878,False
1997-04-05 05:00:00,0.0015091519,0.1453863,0.11968833,0.06098149288399145,0.22210389993947152,False
1997-04-05 06:00:00,0.03189172,0.15342253,0.12529603,0.08178042222559452,0.2229507723685148,False
1997-04-05 07:00:00,0.0889094,0.1950008,0.15386325,0.13156463508307933,0.22335422717602416,False
1997-04-05 08:00:00,0.13471904,0.24098223,0.18754862,0.17678295850753784,0.22283494033176565,False
1997-04-05 09:00:00,0.16490732,0.28264892,0.21843849,0.21124465478956697,0.2214734721259163,False
1997-04-05 10:00:00,0.17925388,0.35056496,0.27535492,0.24765712136030194,0.21980247972045205,False
1997-04-05 11:00:00,0.17660017,0.37897867,0.30094403,0.2579924066215753,0.21805654442815842,False
1997-04-05 12:00:00,0.17535953,0.3856821,0.30659646,0.26005535595119,0.21635057005419198,False
1997-04-05 13:00:00,0.15315726,0.41444978,0.330041,0.2591259241104126,0.21455744683130445,False
1997-04-05 14:00:00,0.13262686,0.44673702,0.35088974,0.2603197059035301,0.2127284932106372,False
1997-04-05 15:00:00,0.099417426,0.45617914,0.35480553,0.24485345659404995,0.21119133100170756,False
1997-04-05 16:00:00,0.059846886,0.46856952,0.36788183,0.22729942382127047,0.2097838689704375,False
1997-04-05 17:00:00,0.029529868,0.4937249,0.3915595,0.2203674399536103,0.2084089915492521,False
1997-04-05 18:00:00,0.008009249,0.52862185,0.4195954,0.22234095149673522,0.20738760564857583,False
1997-04-05 19:00:00,4.762831e-05,0.55676633,0.44573924,0.22954417667631788,0.2064431219274515,False
1997-04-05 20:00:00,0.0,0.5890991,0.47664618,0.24311646527051928,0.20551443606142233,False
1997-04-05 21:00:00,0.0,0.6230655,0.50884515,0.25738879716396335,0.20454787880128528,False
1997-04-05 22:00:00,0.0,0.625178,0.5102274,0.25824295306205747,0.20366670687256658,False
1997-04-05 23:00:00,0.0,0.6271273,0.51174396,0.2590441439151764,0.2027202832532795,False
1997-04-06 00:00:00,0.0,0.62023234,0.50725573,0.2562575443983078,0.20190668026839662,False
1997-04-06 01:00:00,0.0,0.59111243,0.4838352,0.24424758875370026,0.20110503337967486,False
1997-04-06 02:00:00,0.0,0.54089546,0.4461919,0.22368478846549988,0.20034068937708902,False
1997-04-06 03:00:00,0.0,0.4721496,0.38873574,0.19521493631601333,0.19953846194937172,False
1997-04-06 04:00:00,0.0,0.40024334,0.3289755,0.16545447009801864,0.19863029358342568,False
1997-04-06 05:00:00,0.0016033136,0.3478801,0.2848058,0.14467238053760956,0.19759442938379757,False
1997-04-06 06:00:00,0.044200137,0.29331568,0.23596953,0.146479319229722,0.19652545362161478,False
1997-04-06 07:00:00,0.14443122,0.29282665,0.2341943,0.20403633971512317,0.19589791173241106,False
1997-04-06 08:00:00,0.26114264,0.33404502,0.26760513,0.2883925942182541,0.19601339317634708,False
1997-04-06 09:00:00,0.36486998,0.3474762,0.27888298,0.35380838358402245,0.19708864706989074,False
1997-04-06 10:00:00,0.4557747,0.30540445,0.24935524,0.38914142557978626,0.19919437301882237,False
1997-04-06 11:00:00,0.5189733,0.30218908,0.24540074,0.4242070001363754,0.2015866355903137,False
1997-04-06 12:00:00,0.5351901,0.308532,0.2501502,0.43616110968589783,0.20444308714461518,False
1997-04-06 13:00:00,0.5193907,0.3233682,0.2619092,0.43315439403057093,0.20724503637684982,False
1997-04-06 14:00:00,0.46742612,0.32504317,0.26086444,0.4037324818670749,0.20944163764611204,False
1997-04-06 15:00:00,0.37035236,0.30581048,0.24267428,0.33964178887009616,0.2106433006765399,False
1997-04-06 16:00:00,0.2588087,0.26255578,0.20738228,0.2574143462181091,0.21088759238309387,False
1997-04-06 17:00:00,0.13887496,0.19394201,0.15239683,0.15992488415539263,0.20991913317207564,False
1997-04-06 18:00:00,0.0343966,0.14660288,0.114578865,0.08013056109473109,0.2073641942333353,False
1997-04-06 19:00:00,0.00015942373,0.120634936,0.09390157,0.049676963425168655,0.20329133220639395,False
1997-04-06 20:00:00,0.0,0.09545124,0.07495473,0.03926906434446573,0.19859234814242605,False
1997-04-06 21:00:00,0.0,0.0758336,0.059327025,0.031186256378889086,0.19362365135703383,False
1997-04-06 22:00:00,0.0,0.061256904,0.05012154,0.02531036070361733,0.1883809715472316,False
1997-04-06 23:00:00,0.0,0.049588665,0.03817804,0.020359831765294076,0.18312014597737378,False
1997-04-07 00:00:00,0.0,0.038429905,0.028397998,0.015714126728475095,0.17786742874143327,False
1997-04-07 01:00:00,0.0,0.03371633,0.024925511,0.013787302806973458,0.1727177347231345,False
1997-04-07 02:00:00,0.0,0.031646322,0.024018137,0.012974472373723983,0.16785833923229165,False
1997-04-07 03:00:00,0.0,0.028062116,0.021086603,0.011493597518652678,0.16344898384333734,False
1997-04-07 04:00:00,0.0,0.022778125,0.016605254,0.00930181203223765,0.15964625878761668,False
1997-04-07 05:00:00,0.0031265263,0.019263726,0.014043257,0.009670656299218535,0.1564661275003027,False
1997-04-07 06:00:00,0.07539599,0.019969653,0.014557876,0.05165841154381633,0.15375763783467936,False
1997-04-07 07:00:00,0.22369295,0.019680655,0.014347197,0.13710774439200757,0.15187223591247884,False
1997-04-07 08:00:00,0.38114676,0.020749684,0.015126519,0.22839514539763328,0.15041714820642027,False
1997-04-07 09:00:00,0.52490175,0.023143925,0.01687192,0.3123195003382861,0.14900158119143297,False
1997-04-07 10:00:00,0.61502576,0.018649599,0.013595558,0.3624857247918844,0.1477777843183124,False
1997-04-07 11:00:00,0.668335,0.023196775,0.016910449,0.3951020812280476,0.14697202693763967,False
1997-04-07 12:00:00,0.66442615,0.027365236,0.019949256,0.39454891909845163,0.14607374510700505,False
1997-04-07 13:00:00,0.6115959,0.028582042,0.020836309,0.3645627850349992,0.14504301206895465,False
1997-04-07 14:00:00,0.5296429,0.030354118,0.02212815,0.3179995313640684,0.14369950800489792,False
1997-04-07 15:00:00,0.42427066,0.028835133,0.021020813,0.2565794585086405,0.14202177049634668,False
1997-04-07 16:00:00,0.29609805,0.024401652,0.017788803,0.1808133816923946,0.1402969872213419,False
1997-04-07 17:00:00,0.16074549,0.012195494,0.008890515,0.09773037089407444,0.13861333314269084,False
1997-04-07 18:00:00,0.040460147,0.008566015,0.0062446245,0.026843574203550814,0.13717805406776062,False
1997-04-07 19:00:00,0.0002467567,0.009429196,0.0068738833,0.003992941605858505,0.136010327067147,False
1997-04-07 20:00:00,0.0,0.01131098,0.008245705,0.0046190195716917515,0.13500961897090744,False
1997-04-07 21:00:00,0.0,0.014056426,0.010247135,0.00574016629345715,0.1342181487248381,False
1997-04-07 22:00:00,0.0,0.014015187,0.0102170715,0.005723325708881021,0.13359979486824158,False
1997-04-07 23:00:00,0.0,0.016930196,0.012342113,0.006913716590031982,0.13310057037417572,False
1997-04-08 00:00:00,0.0,0.022215933,0.016195415,0.009072231519967318,0.13271421017972895,False
1997-04-08 01:00:00,0.0,0.026928307,0.019630736,0.01099660519324243,0.13243363214555573,False
1997-04-08 02:00:00,0.0,0.029472899,0.021485744,0.012035729795694351,0.1321962813099162,False
1997-04-08 03:00:00,0.0,0.0310607,0.022643251,0.012684133641421794,0.13197778762898085,False
1997-04-08 04:00:00,0.0,0.031364433,0.022864673,0.012808168306946754,0.1317878327062717,False
1997-04-08 05:00:00,0.0036944933,0.030690983,0.022373727,0.014664876587688922,0.13163945002682884,False
1997-04-08 06:00:00,0.07512826,0.030930642,0.022548437,0.055980026964098206,0.13152162917466434,False
1997-04-08 07:00:00,0.20951004,0.032580663,0.023751304,0.13419212982431053,0.13127774609325327,False
1997-04-08 08:00:00,0.35723177,0.035073068,0.025568267,0.2204453774988651,0.13067084540631185,False
1997-04-08 09:00:00,0.4881891,0.03276723,0.023887312,0.2950661336742341,0.12989534346786236,False
1997-04-08 10:00:00,0.58807117,0.02729906,0.019901013,0.3504650713074952,0.12897265583761566,False
1997-04-08 11:00:00,0.64206904,0.025995394,0.018950643,0.38108947226591405,0.12830059284770928,False
1997-04-08 12:00:00,0.65201384,0.025648411,0.018697692,0.386685923859477,0.12771254904765855,False
1997-04-08 13:00:00,0.6210903,0.02521537,0.018382004,0.3686661989558488,0.1274675102438365,False
1997-04-08 14:00:00,0.5436602,0.023285808,0.016975358,0.3232010814566165,0.12750047938230513,False
1997-04-08 15:00:00,0.4322701,0.018200189,0.013267939,0.2568521916698664,0.12764766476279812,False
1997-04-08 16:00:00,0.29713956,0.012609833,0.009192569,0.17659895044285803,0.12769877284194564,False
1997-04-08 17:00:00,0.15282007,0.0069895894,0.005095411,0.09103148855874314,0.12768679159246915,False
1997-04-08 18:00:00,0.038497534,0.0045708707,0.0033321644,0.024079665065277367,0.12774628294938153,False
1997-04-08 19:00:00,0.00034022692,0.003542567,0.0025825312,0.0016429748056689278,0.12801475539698487,False
1997-04-08 20:00:00,0.0,0.0031307517,0.002282318,0.0012784925331361593,0.12834742705456786,False
1997-04-08 21:00:00,0.0,0.0036860837,0.002687155,0.0015052712622564287,0.12868153626195028,False
1997-04-08 22:00:00,0.0,0.003299944,0.0024056595,0.0013475849884562194,0.12899776445553046,False
1997-04-08 23:00:00,0.0,0.004443422,0.0032392542,0.0018145424318499865,0.1293184737891691,False
1997-04-09 00:00:00,0.0,0.0055009015,0.0040101563,0.002246381088159978,0.1296923970202018,False
1997-04-09 01:00:00,0.0,0.0058635212,0.0042745066,0.0023944626962766054,0.13005550731500018,False
1997-04-09 02:00:00,0.0,0.0060895756,0.004439302,0.002486775688827038,0.13039908081528603,False
1997-04-09 03:00:00,0.0,0.0058177253,0.004241122,0.0023757612286135553,0.1307986803865327,False
1997-04-09 04:00:00,0.0,0.0053369855,0.0038906627,0.002179443418979645,0.13119579825087324,False
1997-04-09 05:00:00,0.0032356996,0.005260616,0.0038349887,0.004015255395323038,0.1315954433372511,False
1997-04-09 06:00:00,0.06503111,0.005948273,0.004336291,0.03995202363608405,0.13203841294507096,False
1997-04-09 07:00:00,0.18212366,0.007079823,0.0051611913,0.10797651141881942,0.13254809550378072,False
1997-04-09 08:00:00,0.32612428,0.007339843,0.005350746,0.1911710523520596,0.13337492508801854,False
1997-04-09 09:00:00,0.45888922,0.007962015,0.005804308,0.26803049408644436,0.1342807871715219,False
1997-04-09 10:00:00,0.56622154,0.008612067,0.006278196,0.3302267012763768,0.13522288877062721,False
1997-04-09 11:00:00,0.6279831,0.011092339,0.008086315,0.36687597882561385,0.13632464434928016,False
1997-04-09 12:00:00,0.653758,0.013636533,0.009941035,0.38278705651499334,0.1376929396524768,False
1997-04-09 13:00:00,0.6216138,0.018302554,0.01334256,0.3661453036814928,0.13909610734852562,False
1997-04-09 14:00:00,0.5470473,0.023062957,0.016812896,0.3250644296277314,0.1406015990559608,False
1997-04-09 15:00:00,0.4298629,0.026940932,0.019639937,0.2590326463077217,0.14202533981106774,False
1997-04-09 16:00:00,0.29221606,0.02846128,0.020877806,0.18023828171752393,0.14349821069556976,False
1997-04-09 17:00:00,0.15114315,0.032730095,0.024054708,0.10058595602586864,0.14501305793914313,False
1997-04-09 18:00:00,0.04026664,0.040334437,0.029870238,0.039730251688510174,0.14664137590141763,False
1997-04-09 19:00:00,0.0004672357,0.047944535,0.037038017,0.019961181169841438,0.14836162435131214,False
1997-04-09 20:00:00,0.0,0.050266273,0.03903716,0.020656261526048183,0.15006739977976272,False
1997-04-09 21:00:00,0.0,0.05094694,0.039253682,0.020919119585305453,0.15181965792981522,False
1997-04-09 22:00:00,0.0,0.051503394,0.03912262,0.02111737372353673,0.15364660362105373,False
1997-04-09 23:00:00,0.0,0.060351808,0.048003975,0.02486203167960048,0.15568465497304593,False
1997-04-10 00:00:00,0.0,0.06402798,0.053244464,0.02650152567028999,0.15783835260241783,False
1997-04-10 01:00:00,0.0,0.066157684,0.056962,0.02748813320696354,0.16010580255851406,False
1997-04-10 02:00:00,0.0,0.075163074,0.064469166,0.031216509215533733,0.16249921114402846,False
1997-04-10 03:00:00,0.0,0.076458566,0.065418154,0.03174579112976789,0.1650326904187447,False
1997-04-10 04:00:00,0.0,0.07705723,0.06587066,0.03199113245308399,0.16770988405010454,False
1997-04-10 05:00:00,0.005053297,0.079455115,0.06838385,0.035927417763043194,0.17056285358293705,False
1997-04-10 06:00:00,0.07952536,0.08313299,0.07189971,0.08044478978216649,0.1736677829846412,False
1997-04-10 07:00:00,0.22261673,0.10953879,0.092782974,0.17387994986772537,0.17691051583540804,False
1997-04-10 08:00:00,0.37300545,0.11753609,0.09873696,0.26392675750702616,0.18044528537947552,False
1997-04-10 09:00:00,0.49591202,0.13086377,0.10846382,0.3402870104312896,0.1847872894709447,False
1997-04-10 10:00:00,0.58698577,0.15611003,0.13062869,0.4033493390828371,0.18980439003437277,False
1997-04-10 11:00:00,0.6426634,0.18339196,0.15331891,0.4467676468193531,0.1945688840315427,False
1997-04-10 12:00:00,0.6379559,0.20744367,0.1739019,0.4540379732698202,0.19951460945145055,False
1997-04-10 13:00:00,0.6025919,0.22506575,0.18861163,0.4409298009127378,0.20448623030462595,False
1997-04-10 14:00:00,0.51538897,0.22705823,0.19216143,0.3915406377017498,0.20957979581365965,False
1997-04-10 15:00:00,0.41044152,0.21857728,0.18648559,0.32754999412596225,0.21471203175137268,False
1997-04-10 16:00:00,0.2830936,0.2067434,0.17922767,0.24931161813437938,0.2201041306840161,False
1997-04-10 17:00:00,0.15532039,0.19090785,0.16899793,0.1691907507479191,0.22557089971608,False
1997-04-10 18:00:00,0.042511567,0.19715986,0.17352647,0.10665159066021442,0.2301806556170013,False
1997-04-10 19:00:00,0.0005846497,0.19983104,0.1749111,0.08352019537129672,0.2337733120519806,False
1997-04-10 20:00:00,0.0,0.20521265,0.17895213,0.08538688373565674,0.23644363625023346,False
1997-04-10 21:00:00,0.0,0.21443881,0.18649524,0.08919866444170475,0.23856675345452333,False
1997-04-10 22:00:00,0.0,0.23831972,0.20803836,0.09917404988408088,0.24023319192162548,False
1997-04-10 23:00:00,0.0,0.25267646,0.22137807,0.10519202864170074,0.2416904576006515,False
1997-04-11 00:00:00,0.0,0.26652533,0.23585431,0.11108397898077965,0.24285404136522504,False
1997-04-11 01:00:00,0.0,0.2810104,0.25157854,0.11727807480096816,0.24380252330402677,False
1997-04-11 02:00:00,0.0,0.2970757,0.26801577,0.12409378087520599,0.24463887611242777,False
1997-04-11 03:00:00,0.0,0.31328005,0.28297627,0.13088105553388596,0.24533125684947538,False
1997-04-11 04:00:00,0.0,0.3330451,0.30052483,0.1391219809949398,0.24596395890253425,False
1997-04-11 05:00:00,0.004551169,0.3602388,0.324032,0.15305186667712406,0.24652070089827122,False
1997-04-11 06:00:00,0.067326315,0.37570933,0.3355403,0.19560320047289131,0.24702645827678255,False
1997-04-11 07:00:00,0.17219965,0.42695478,0.38407293,0.2776454495340586,0.24766133232527013,False
1997-04-11 08:00:00,0.28457344,0.56415695,0.5039715,0.3995872487425804,0.2482231364897816,False
1997-04-11 09:00:00,0.39053234,0.67758864,0.62007314,0.508851321130991,0.24851198552428344,False
1997-04-11 10:00:00,0.45912698,0.7037573,0.63555014,0.5589224131405354,0.24853250761706291,False
1997-04-11 11:00:00,0.4814651,0.77929896,0.72044665,0.6042707989811896,0.24795956855984935,False
1997-04-11 12:00:00,0.48679397,0.8128865,0.7516598,0.6214248574674129,0.24717846221884004,False
1997-04-11 13:00:00,0.44411376,0.84534365,0.78612965,0.6106364481151104,0.24612702216584145,False
1997-04-11 14:00:00,0.38017884,0.84253526,0.7620936,0.5714117546379567,0.24496943040909777,False
1997-04-11 15:00:00,0.30677882,0.8188643,0.7163166,0.5178533950746059,0.2440268448119726,False
1997-04-11 16:00:00,0.22045182,0.76343703,0.624708,0.4426431952565908,0.24322113801139006,False
1997-04-11 17:00:00,0.12326901,0.6086828,0.48377898,0.321854239270091,0.2424459642224998,False
1997-04-11 18:00:00,0.037742045,0.4618129,0.37021548,0.21217776056751608,0.24164924848843897,False
1997-04-11 19:00:00,0.0007058094,0.35760674,0.29208526,0.1481367426859797,0.24069024155339136,False
1997-04-11 20:00:00,0.0,0.29629079,0.24508496,0.12256588733196258,0.23956158476311004,False
1997-04-11 21:00:00,0.0,0.24360926,0.20400643,0.10090816600620746,0.23827241392631304,False
1997-04-11 22:00:00,0.0,0.21939743,0.187194,0.09106612631678582,0.2367489965582475,False
1997-04-11 23:00:00,0.0,0.19432303,0.16683061,0.08071405237913132,0.2348584915946679,False
1997-04-12 00:00:00,0.0,0.17358567,0.14769532,0.07202865873277188,0.23277253935177333,False
1997-04-12 01:00:00,0.0,0.16298433,0.13873799,0.06763306801021099,0.23051695174304526,False
1997-04-12 02:00:00,0.0,0.1552872,0.1324038,0.06445078459382057,0.2281239800516608,False
1997-04-12 03:00:00,0.0,0.14958979,0.12808993,0.062115489676594735,0.22560799291950873,False
1997-04-12 04:00:00,0.0,0.14141123,0.12100008,0.05871474824845791,0.222994657378001,False
1997-04-12 05:00:00,0.0073766536,0.13470401,0.11558636,0.06020377193158492,0.22026340711122366,False
1997-04-12 06:00:00,0.08613867,0.1476523,0.12468577,0.11091874410957096,0.21740749683028113,False
1997-04-12 07:00:00,0.19556743,0.21321039,0.1727687,0.20084654976427552,0.21474719041941714,False
1997-04-12 08:00:00,0.31812033,0.22844203,0.18409207,0.27779151116311546,0.21210965391798284,False
1997-04-12 09:00:00,0.4171338,0.24411634,0.19457288,0.3412720708847046,0.20869465131396764,False
1997-04-12 10:00:00,0.49117658,0.22476447,0.17594986,0.3758482643365859,0.20443441614716962,False
1997-04-12 11:00:00,0.5316641,0.24966821,0.192163,0.40927454245090483,0.19961098485027468,False
1997-04-12 12:00:00,0.5127809,0.26270482,0.19918871,0.4035688507258892,0.19427133475204028,False
1997-04-12 13:00:00,0.48706684,0.25465113,0.19188085,0.38536539658904073,0.18858694798242018,False
1997-04-12 14:00:00,0.43064576,0.23882,0.17943227,0.3462965290397405,0.18278192360038276,False
1997-04-12 15:00:00,0.34833154,0.21442682,0.16231988,0.28887606769800184,0.17694610586784498,False
1997-04-12 16:00:00,0.24750377,0.16878408,0.12985691,0.21210327626764774,0.1712835960272423,False
1997-04-12 17:00:00,0.14221378,0.11883984,0.09331752,0.13094839551299808,0.16571687778386934,False
1997-04-12 18:00:00,0.043189712,0.086614214,0.06922498,0.06061925777792931,0.16147650600603808,False
1997-04-12 19:00:00,0.0008444589,0.07023225,0.05447623,0.02934466943779262,0.1585675932191734,False
1997-04-12 20:00:00,0.0,0.057282824,0.043876324,0.023506683569401502,0.15663833289864243,False
1997-04-12 21:00:00,0.0,0.039317004,0.029012151,0.01607463077455759,0.15523982923003615,False
1997-04-12 22:00:00,0.0,0.020642785,0.01504859,0.00842981163226068,0.15428827469228537,False
1997-04-12 23:00:00,0.0,0.012406324,0.009044211,0.005066320982761681,0.15355178057021232,False
1997-04-13 00:00:00,0.0,0.006895221,0.005026616,0.002815773761831224,0.1530671293064091,False
1997-04-13 01:00:00,0.0,0.0059148744,0.004311944,0.002415433614514768,0.1528181605747971,False
1997-04-13 02:00:00,0.0,0.00814563,0.0059381654,0.0033263985319063067,0.15271728600459877,False
1997-04-13 03:00:00,0.0,0.013323708,0.009712984,0.005440949541516601,0.15272668114575327,False
1997-04-13 04:00:00,0.0,0.019644065,0.0143205235,0.008021968189626933,0.15282615092015595,False
1997-04-13 05:00:00,0.0080071455,0.02778892,0.020258123,0.015968173191882668,0.15301576534184397,False
1997-04-13 06:00:00,0.08838881,0.041376606,0.03037376,0.06790849275141954,0.15328540820402484,False
1997-04-13 07:00:00,0.22145602,0.05687275,0.042176444,0.15104369746521115,0.1530592729601303,False
1997-04-13 08:00:00,0.35544804,0.07471902,0.055597927,0.23566712374985216,0.15192364099900318,False
1997-04-13 09:00:00,0.4658365,0.086729914,0.06609328,0.3043600331246853,0.15050562810338183,False
1997-04-13 10:00:00,0.50564075,0.08657932,0.0684302,0.3273977108895778,0.14918714036481226,False
1997-04-13 11:00:00,0.5268717,0.106475115,0.086542904,0.3479675942659378,0.1479729309293046,False
1997-04-13 12:00:00,0.5168476,0.12145743,0.10250797,0.3485742925256491,0.14681676158121867,False
1997-04-13 13:00:00,0.47840646,0.13449165,0.1171728,0.3319952777773142,0.14589822952324294,False
1997-04-13 14:00:00,0.4003821,0.14433596,0.12985303,0.29129250347614283,0.14500992561565482,False
1997-04-13 15:00:00,0.32017365,0.1466667,0.13319837,0.24605292272567747,0.14439869356371854,False
1997-04-13 16:00:00,0.2014889,0.14161576,0.12824832,0.17544071957468987,0.14413111937852346,False
1997-04-13 17:00:00,0.106160305,0.13644741,0.12431114,0.11831639393419026,0.144302243721042,False
1997-04-13 18:00:00,0.029777287,0.13243201,0.12038962,0.07254994679801165,0.1450772613407959,False
1997-04-13 19:00:00,0.0007020638,0.1319469,0.119236074,0.055532247300492596,0.1463253968466997,False
1997-04-13 20:00:00,0.0,0.13287906,0.11861735,0.055437711238861084,0.1478548286928914,False
1997-04-13 21:00:00,0.0,0.13255161,0.11707415,0.05523354819416999,0.14958324004492046,False
1997-04-13 22:00:00,0.0,0.13374029,0.117856316,0.05571440845727921,0.15151964966595427,False
1997-04-13 23:00:00,0.0,0.13790205,0.12157287,0.05745079171657562,0.15360387373346626,False
1997-04-14 00:00:00,0.0,0.14414461,0.12757035,0.060078159615397454,0.15561866764454196,False
1997-04-14 01:00:00,0.0,0.15044451,0.13476047,0.06279108864068986,0.15769549289838203,False
1997-04-14 02:00:00,0.0,0.15539601,0.14001152,0.0649017513692379,0.15978400388171454,False
1997-04-14 03:00:00,0.0,0.16015232,0.14433026,0.06689003884792329,0.16180941163786944,False
1997-04-14 04:00:00,0.0,0.16236198,0.14638278,0.06781624048948288,0.16373363712660527,False
1997-04-14 05:00:00,0.0042893714,0.16924503,0.15222675,0.07314662931626663,0.16549482612472516,False
1997-04-14 06:00:00,0.04588228,0.17633319,0.15783758,0.10006425240263342,0.16703054214018265,False
1997-04-14 07:00:00,0.1153813,0.19131397,0.16974725,0.14633621563017368,0.16824703486385623,False
1997-04-14 08:00:00,0.19295527,0.23623432,0.20780067,0.20972689217329024,0.16967795327295726,False
1997-04-14 09:00:00,0.2798338,0.28024632,0.24277166,0.27798465943336487,0.17120311982640243,False
1997-04-14 10:00:00,0.33364365,0.3014043,0.2562156,0.3175662114322185,0.17277696790567157,False
1997-04-14 11:00:00,0.38115376,0.3220866,0.27782845,0.3537784137427807,0.17435453481931107,False
1997-04-14 12:00:00,0.37216353,0.34873664,0.29735428,0.35947931194305416,0.17658101082117475,False
1997-04-14 13:00:00,0.3484644,0.34226272,0.2845909,0.3427268090248108,0.1793127207109319,False
1997-04-14 14:00:00,0.2944848,0.35630375,0.28821445,0.3169573905467987,0.1821486407036197,False
1997-04-14 15:00:00,0.24288945,0.329619,0.2639979,0.27603250680863856,0.1850044979815296,False
1997-04-14 16:00:00,0.1713199,0.2941683,0.23921409,0.22031724470853806,0.18739231674828744,False
1997-04-14 17:00:00,0.09805568,0.2699566,0.22142835,0.16814924126118422,0.1894407104286911,False
1997-04-14 18:00:00,0.03081906,0.24845463,0.20495196,0.12052976206131279,0.19044914237694682,False
1997-04-14 19:00:00,0.0009177598,0.2472172,0.20379086,0.10275739805499325,0.1907288452504205,False
1997-04-14 20:00:00,0.0,0.25757918,0.21155022,0.10647042846679687,0.19064075088926496,False
1997-04-14 21:00:00,0.0,0.2639104,0.21554352,0.10902229258418084,0.1905010209396193,False
1997-04-14 22:00:00,0.0,0.26155797,0.22143847,0.10847256687283516,0.1903470147955874,False
1997-04-14 23:00:00,0.0,0.24521132,0.209138,0.10177642871439457,0.190200648353965,False
1997-04-15 00:00:00,0.0,0.24706607,0.20992607,0.10250338594615459,0.18997943438363168,False
1997-04-15 01:00:00,0.0,0.24749249,0.20998576,0.10266396081447601,0.18962670994090755,False
1997-04-15 02:00:00,0.0,0.24240741,0.20551178,0.10054597082734107,0.18908559768839645,False
1997-04-15 03:00:00,0.0,0.23594542,0.19888729,0.09780377300083638,0.1883828656599568,False
1997-04-15 04:00:00,0.0,0.22353977,0.18653454,0.0925590400993824,0.18753664938413445,False
1997-04-15 05:00:00,0.008816567,0.20462349,0.16832064,0.08968254193384201,0.18658552597236727,False
1997-04-15 06:00:00,0.07982188,0.1940494,0.15997575,0.12630014348775148,0.18559978766847657,False
1997-04-15 07:00:00,0.19882552,0.25485814,0.20301485,0.21972778110206126,0.18514202216406916,False
1997-04-15 08:00:00,0.32409105,0.29604945,0.2339322,0.3088751183152199,0.18563205649098014,False
1997-04-15 09:00:00,0.43871307,0.30803424,0.2426419,0.3799047409296035,0.18647855169527489,False
1997-04-15 10:00:00,0.5156322,0.25635052,0.20384806,0.40312092274427413,0.18736664733856861,False
1997-04-15 11:00:00,0.56710684,0.30999428,0.24499823,0.45483844235539433,0.18831013540139369,False
1997-04-15 12:00:00,0.5891581,0.33946773,0.2683063,0.47969636723399167,0.18922774425738437,False
1997-04-15 13:00:00,0.5633792,0.34664968,0.2802943,0.4681194374263286,0.19001847931594845,False
1997-04-15 14:00:00,0.49984488,0.3390713,0.2749231,0.42837365281581874,0.19041809127657927,False
1997-04-15 15:00:00,0.3951988,0.32138127,0.26016355,0.36066822353005407,0.19055678313426927,False
1997-04-15 16:00:00,0.28231224,0.26852587,0.21821122,0.2737636162340641,0.19022215569290588,False
1997-04-15 17:00:00,0.16573997,0.17136107,0.1454987,0.16672112745046613,0.18960653693539037,False
1997-04-15 18:00:00,0.054356895,0.13141344,0.11333694,0.08597568472474813,0.188327300183743,False
1997-04-15 19:00:00,0.0016545148,0.12107319,0.10505661,0.051303717965027314,0.18663572688252922,False
1997-04-15 20:00:00,0.0,0.11702494,0.10274944,0.04873067365586758,0.18463500954896153,False
1997-04-15 21:00:00,0.0,0.11491138,0.10072139,0.04784125328063965,0.18256628234322125,False
1997-04-15 22:00:00,0.0,0.11709753,0.10147837,0.04868881925940513,0.1804711618606088,False
1997-04-15 23:00:00,0.0,0.11265722,0.09744458,0.04683252114057541,0.17842687027923237,False
1997-04-16 00:00:00,0.0,0.10409012,0.08774321,0.0431473863646388,0.17653110372576336,False
1997-04-16 01:00:00,0.0,0.089165926,0.072508775,0.036817700520157814,0.17461283560293667,False
1997-04-16 02:00:00,0.0,0.075509086,0.061254837,0.031170614004135132,0.17271314809190513,False
1997-04-16 03:00:00,0.0,0.063695304,0.051260933,0.026271657608449458,0.1708752836735075,False
1997-04-16 04:00:00,0.0,0.053770266,0.04298312,0.022162316724658012,0.16907781837122454,False
1997-04-16 05:00:00,0.011145571,0.04713399,0.03718063,0.025831190729513762,0.16734617744151908,False
1997-04-16 06:00:00,0.09824911,0.052063014,0.0405652,0.07809150819107889,0.16575692016849158,False
1997-04-16 07:00:00,0.24160677,0.0744373,0.05524802,0.16985786332190037,0.16436613900447747,False
1997-04-16 08:00:00,0.38639322,0.06709224,0.049124777,0.25035866197943685,0.16260932711904263,False
1997-04-16 09:00:00,0.51163864,0.062193606,0.04533914,0.32061325031146404,0.16070330801959787,False
1997-04-16 10:00:00,0.59524494,0.047499806,0.03462736,0.3628536384478211,0.15882878991950322,False
1997-04-16 11:00:00,0.6568403,0.04610269,0.03360886,0.3978236388303339,0.15706170222221894,False
1997-04-16 12:00:00,0.65263397,0.051093373,0.037247077,0.3974345947541296,0.15418552155176196,False
1997-04-16 13:00:00,0.5921065,0.04961902,0.036172267,0.3619081831350922,0.15063833164994622,False
1997-04-16 14:00:00,0.525529,0.049916867,0.036389392,0.32361459971591827,0.1470598084138522,False
1997-04-16 15:00:00,0.4172127,0.04711133,0.034344155,0.2599703896231949,0.14352741982994,False
1997-04-16 16:00:00,0.30285126,0.039235312,0.02860254,0.19076754434779283,0.14053758682819412,False
1997-04-16 17:00:00,0.17088315,0.019948527,0.014542476,0.10674587718211113,0.13822503486435256,False
1997-04-16 18:00:00,0.060059156,0.011460578,0.008354762,0.039334243603050704,0.13675736327085664,False
1997-04-16 19:00:00,0.0021071131,0.013485848,0.009831183,0.006722966043744236,0.1359259062817291,False
1997-04-16 20:00:00,0.0,0.017503427,0.01319922,0.0071715225912630555,0.13531519745414938,False
1997-04-16 21:00:00,0.0,0.020609315,0.015771704,0.008456509418785573,0.1347774526968957,False
1997-04-16 22:00:00,0.0,0.025321657,0.018571844,0.010346570966765285,0.1342861451262967,False
1997-04-16 23:00:00,0.0,0.02629318,0.019952785,0.010779634147882461,0.13377994889424977,False
1997-04-17 00:00:00,0.0,0.025358042,0.019803679,0.010426516050472855,0.1333799021750116,False
1997-04-17 01:00:00,0.0,0.027742488,0.022999668,0.011478960284963249,0.13314069766908748,False
1997-04-17 02:00:00,0.0,0.029782662,0.024790304,0.012328478744253517,0.13314342888289926,False
1997-04-17 03:00:00,0.0,0.028023161,0.021942446,0.011525438491255046,0.13338344561619547,False
1997-04-17 04:00:00,0.0,0.023095207,0.017002666,0.00944027547352016,0.13378844880483906,False
1997-04-17 05:00:00,0.010095242,0.018545222,0.013519467,0.013398192828521132,0.1343026002884347,False
1997-04-17 06:00:00,0.08968846,0.01908192,0.013910722,0.0595426476150751,0.13494161340920344,False
1997-04-17 07:00:00,0.21765809,0.024027696,0.01751619,0.13540081060118972,0.13554273721816418,False
1997-04-17 08:00:00,0.3520771,0.03486509,0.025416648,0.2173862015418708,0.1359371749518914,False
1997-04-17 09:00:00,0.46651772,0.05080528,0.03703705,0.2899278721250593,0.1363744554341935,False
1997-04-17 10:00:00,0.5253039,0.0372224,0.027135132,0.31830071327462794,0.13682984304924894,False
1997-04-17 11:00:00,0.5192053,0.042119883,0.030705394,0.31678177017346026,0.13748567636978593,False
1997-04-17 12:00:00,0.5057373,0.043149594,0.031456053,0.30943125194683674,0.13820863848653092,False
1997-04-17 13:00:00,0.48167655,0.045113828,0.03288798,0.29635032209381457,0.139088230996704,False
1997-04-17 14:00:00,0.416615,0.045136325,0.03290438,0.25881900078803305,0.1398816641191961,False
1997-04-17 15:00:00,0.3407428,0.05031674,0.036680903,0.2171562394462526,0.14042698453979968,False
1997-04-17 16:00:00,0.24930234,0.046315487,0.03376399,0.16276112196967005,0.1407558002321369,False
1997-04-17 17:00:00,0.1408811,0.03669378,0.026749764,0.09627289096266031,0.1410319836267745,False
1997-04-17 18:00:00,0.051299375,0.040321697,0.02939452,0.04606574924662709,0.14153375667500553,False
1997-04-17 19:00:00,0.002362687,0.050490677,0.036951184,0.021989694241201504,0.1422654456846658,False
1997-04-17 20:00:00,0.0,0.056023553,0.04159693,0.022918925307691098,0.14303340447233828,False
1997-04-17 21:00:00,0.0,0.059393354,0.04337671,0.02425848989188671,0.14364469462615276,False
1997-04-17 22:00:00,0.0,0.0597018,0.043730292,0.0243914001211524,0.1441256342072117,False
1997-04-17 23:00:00,0.0,0.0674521,0.050749123,0.02763027861714363,0.1445085438798957,False
1997-04-18 00:00:00,0.0,0.077010475,0.0601612,0.0316655700802803,0.14475404967221736,False
1997-04-18 01:00:00,0.0,0.08947074,0.07285365,0.03694879878312349,0.14489851627690556,False
1997-04-18 02:00:00,0.0,0.10294497,0.087124504,0.04269141720235348,0.14493383291706746,False
1997-04-18 03:00:00,0.0,0.11007421,0.09434126,0.04571181066334248,0.14491427604021342,False
1997-04-18 04:00:00,4.898253e-07,0.11259601,0.09802549,0.046841587937248394,0.14492487751849298,False
1997-04-18 05:00:00,0.013288069,0.117390856,0.10221072,0.05650382052641362,0.14500735544407672,False
1997-04-18 06:00:00,0.09815938,0.121075265,0.104272515,0.10694545102119446,0.1451793582894623,False
1997-04-18 07:00:00,0.22139671,0.14749965,0.12254813,0.1887908745408058,0.14531313619355368,False
1997-04-18 08:00:00,0.3647691,0.1472416,0.1211889,0.2713481251299381,0.14515037942631331,False
1997-04-18 09:00:00,0.48827136,0.14700404,0.120273955,0.3424718558341264,0.14474543386333166,False
1997-04-18 10:00:00,0.5867186,0.13556042,0.10694812,0.39433363783359526,0.14411507809565877,False
1997-04-18 11:00:00,0.6469136,0.14381364,0.11461939,0.4325258204340935,0.14405521274979077,False
1997-04-18 12:00:00,0.6478512,0.1597177,0.12794532,0.43965503524243826,0.14449417433806394,False
1997-04-18 13:00:00,0.5723949,0.16924255,0.13464096,0.3999929730147123,0.14511760604253668,False
1997-04-18 14:00:00,0.48565367,0.1686787,0.13565505,0.34978997990489,0.14575339406321453,False
1997-04-18 15:00:00,0.36385292,0.15931602,0.13005182,0.27575354285538195,0.1465027990107984,False
1997-04-18 16:00:00,0.25331107,0.13967264,0.1171233,0.20402434729039665,0.14720468346328483,False
1997-04-18 17:00:00,0.13812523,0.123134755,0.10548155,0.13083098349720237,0.14795146833822137,False
1997-04-18 18:00:00,0.049179383,0.11075931,0.09645605,0.07445531606674194,0.14861783922382327,False
1997-04-18 19:00:00,0.0024399639,0.10131262,0.08875502,0.043584987852023915,0.1490036337413298,False
1997-04-18 20:00:00,0.0,0.08763259,0.07735231,0.03651344997435808,0.14918312310245208,False
1997-04-18 21:00:00,0.0,0.07577781,0.066288866,0.0315416093096137,0.14924298932384084,False
1997-04-18 22:00:00,0.0,0.06957554,0.056534458,0.02872623525559902,0.14920992656312268,False
1997-04-18 23:00:00,0.0,0.054880906,0.042830702,0.02256391217932105,0.1491412906861337,False
1997-04-19 00:00:00,0.0,0.042221032,0.032988004,0.017360913075506686,0.14897301455521342,False
1997-04-19 01:00:00,0.0,0.032022968,0.025142293,0.013174159012734889,0.14870502525129672,False
1997-04-19 02:00:00,0.0,0.027701259,0.021629337,0.011389748655259609,0.14830386249981206,False
1997-04-19 03:00:00,0.0,0.02922626,0.023144804,0.012034309448674322,0.14774620619140882,False
1997-04-19 04:00:00,1.6999821e-06,0.032483228,0.026146742,0.013399215901538015,0.14709888872205595,False
1997-04-19 05:00:00,0.013356096,0.033716645,0.027896665,0.02165432940702885,0.14641366725022914,False
1997-04-19 06:00:00,0.09008907,0.03382718,0.027784558,0.06596398701146244,0.1457380529265875,False
1997-04-19 07:00:00,0.19711536,0.033604287,0.026906302,0.12758848577365278,0.1450895230461402,False
1997-04-19 08:00:00,0.32065016,0.031437002,0.02469293,0.19794881451874968,0.14453124065838688,False
1997-04-19 09:00:00,0.42719412,0.03210347,0.024696443,0.259670795276761,0.14397092895941122,False
1997-04-19 10:00:00,0.52754074,0.027005028,0.01983912,0.31542717667296527,0.14314955488858055,False
1997-04-19 11:00:00,0.5665991,0.026751155,0.019501597,0.3378519264105707,0.14237496372042469,False
1997-04-19 12:00:00,0.56392515,0.03421236,0.02494081,0.3393559737615287,0.1414345249543146,False
1997-04-19 13:00:00,0.5294241,0.052262638,0.038991567,0.3268681470863521,0.14054189387951288,False
1997-04-19 14:00:00,0.46136317,0.06921376,0.056370605,0.2947904382720589,0.14015038276403455,False
1997-04-19 15:00:00,0.37718678,0.07965671,0.07067772,0.25084669316560027,0.14000503275428833,False
1997-04-19 16:00:00,0.2818096,0.08642031,0.07617708,0.1986067959666252,0.14008791034173773,False
1997-04-19 17:00:00,0.15908936,0.08755037,0.07700088,0.12825869347155094,0.14011635412580264,False
1997-04-19 18:00:00,0.05738776,0.07532968,0.06804619,0.06458388608694075,0.140014836652688,False
1997-04-19 19:00:00,0.0031373312,0.06903983,0.06146753,0.03060518357506953,0.13948818367946514,False
1997-04-19 20:00:00,0.0,0.061908122,0.054600127,0.02579250393435359,0.13874436247065847,False
1997-04-19 21:00:00,0.0,0.054484308,0.047532737,0.022671477377414703,0.13806626592538038,False
1997-04-19 22:00:00,0.0,0.05094484,0.042559862,0.02109687802568078,0.1374750972139528,False
1997-04-19 23:00:00,0.0,0.047217067,0.039443083,0.01955302433297038,0.1369544594656555,False
1997-04-20 00:00:00,0.0,0.04563363,0.036356933,0.01880208349227905,0.1365736975086266,False
1997-04-20 01:00:00,0.0,0.04314675,0.032811765,0.017692986711859704,0.13632144172986688,False
1997-04-20 02:00:00,0.0,0.038976714,0.028546425,0.015923914398998023,0.13619920820366777,False
1997-04-20 03:00:00,0.0,0.035851594,0.026135813,0.014640572134405375,0.13618266253356076,False
1997-04-20 04:00:00,6.281289e-06,0.034154,0.024898266,0.013950957289560847,0.13624482619235012,False
1997-04-20 05:00:00,0.016885461,0.03509455,0.02558393,0.024074332991614936,0.13637647943376616,False
1997-04-20 06:00:00,0.103290066,0.039713513,0.028951153,0.07581601675972342,0.13673163406397038,False
1997-04-20 07:00:00,0.24093811,0.05625353,0.041008826,0.16199331992864607,0.13767671162054385,False
1997-04-20 08:00:00,0.37603953,0.06728854,0.049053345,0.24445316357910632,0.13929207318370673,False
1997-04-20 09:00:00,0.47731426,0.067673534,0.049334005,0.30304590043425556,0.14154147012890136,False
1997-04-20 10:00:00,0.5840237,0.049395833,0.03600956,0.3571532617621123,0.14415889493579176,False
1997-04-20 11:00:00,0.6374321,0.047962952,0.03496499,0.3873847596608102,0.1462266708943975,False
1997-04-20 12:00:00,0.651265,0.05149504,0.037539884,0.3968087436519563,0.14795867954820682,False
1997-04-20 13:00:00,0.6222772,0.054231975,0.039535113,0.3812004394717515,0.14930444911290558,False
1997-04-20 14:00:00,0.5535048,0.057401683,0.041845825,0.34281317943707107,0.1503626849020115,False
1997-04-20 15:00:00,0.4444764,0.056980226,0.041538578,0.27973166705295444,0.15147558857785204,False
1997-04-20 16:00:00,0.31942606,0.05162235,0.037632693,0.205389648925513,0.1520025451598283,False
1997-04-20 17:00:00,0.19104432,0.03850853,0.028072719,0.12595814478769896,0.1524324734588679,False
1997-04-20 18:00:00,0.07141595,0.01951428,0.01422591,0.049175973352044815,0.15269726528263627,False
1997-04-20 19:00:00,0.0041806013,0.013393287,0.009763706,0.007881569829303771,0.15291720140715107,False
1997-04-20 20:00:00,0.0,0.009708976,0.007077843,0.003964815801009536,0.1530125870214728,False
1997-04-20 21:00:00,0.0,0.007751652,0.005650955,0.003165511161088943,0.1530807462908746,False
1997-04-20 22:00:00,0.0,0.009147733,0.006668698,0.003735623337328434,0.15318543705218002,False
1997-04-20 23:00:00,0.0,0.010498764,0.0076535987,0.004287338241934777,0.15325272794384037,False
1997-04-21 00:00:00,0.0,0.012862569,0.009376812,0.005252635695040225,0.15345863670357032,False
1997-04-21 01:00:00,0.0,0.01789314,0.013044099,0.007306949755176902,0.15369437692141621,False
1997-04-21 02:00:00,0.0,0.025946226,0.018914798,0.01059555649012327,0.15402450197482942,False
1997-04-21 03:00:00,0.0,0.036776237,0.02680988,0.015018165070563555,0.15443567468495567,False
1997-04-21 04:00:00,1.49252655e-05,0.048230127,0.03542672,0.019718571489508577,0.15492381901400626,False
1997-04-21 05:00:00,0.022890978,0.062113874,0.047659967,0.03870175165683031,0.1554471190772649,False
1997-04-21 06:00:00,0.13660902,0.078763165,0.06371664,0.11132770972698926,0.15603700104237933,False
1997-04-21 07:00:00,0.28700235,0.095597215,0.078705736,0.20512584080547094,0.1567873910469788,False
1997-04-21 08:00:00,0.44407386,0.120116815,0.09937312,0.30591986788809294,0.15758343726286445,False
1997-04-21 09:00:00,0.5686122,0.13822581,0.115048386,0.3853071860074997,0.15850766819403597,False
1997-04-21 10:00:00,0.63174576,0.12126338,0.10031362,0.41468042268604033,0.15966391317436252,False
1997-04-21 11:00:00,0.63360405,0.13372609,0.11210885,0.4209883417934179,0.15991186235525423,False
1997-04-21 12:00:00,0.59946036,0.14000104,0.118590705,0.4039529128670692,0.1597119179443931,False
1997-04-21 13:00:00,0.5510519,0.14391746,0.12224016,0.3776634649634361,0.1592456254979915,False
1997-04-21 14:00:00,0.49962816,0.14433089,0.12344945,0.3482098147124052,0.1588943441446414,False
1997-04-21 15:00:00,0.3772389,0.14084937,0.12037681,0.276140609100461,0.15878048480525703,False
1997-04-21 16:00:00,0.28552526,0.13150267,0.110570215,0.21924335432052608,0.15903310203814658,False
1997-04-21 17:00:00,0.1654133,0.11000281,0.091373846,0.14096870101243258,0.15954982332441425,False
1997-04-21 18:00:00,0.06387625,0.09265128,0.075850055,0.07514082006365061,0.1601761802723485,False
1997-04-21 19:00:00,0.0040404536,0.0797262,0.0635812,0.035183693062514065,0.16092114525868956,False
1997-04-21 20:00:00,0.0,0.07052465,0.056306552,0.029064148865640165,0.1616248333440501,False
1997-04-21 21:00:00,0.0,0.06738534,0.05243415,0.02769663392007351,0.16232639499792026,False
1997-04-21 22:00:00,0.0,0.05924929,0.04562691,0.024326840825378893,0.16302034453527198,False
1997-04-21 23:00:00,0.0,0.071642116,0.055568594,0.029436644800007343,0.1636525510474214,False
1997-04-22 00:00:00,0.0,0.07333023,0.05664368,0.030117613948881624,0.16424243368572683,False
1997-04-22 01:00:00,0.0,0.081618905,0.06336321,0.033538989275693896,0.16478764184462968,False
1997-04-22 02:00:00,0.0,0.0865501,0.06894846,0.035660204485058786,0.16527861052126286,False
1997-04-22 03:00:00,0.0,0.092033416,0.07613277,0.038071499928832055,0.16570385261139492,False
1997-04-22 04:00:00,2.4837025e-05,0.09442851,0.0779798,0.03906936032597696,0.16603998544769022,False
1997-04-22 05:00:00,0.022253977,0.09576002,0.07801252,0.05238866731710732,0.1663295450540236,False
1997-04-22 06:00:00,0.12491797,0.096218236,0.07875074,0.11183473698049784,0.16657121445496798,False
1997-04-22 07:00:00,0.27100113,0.10601302,0.08735335,0.20020353829115628,0.16667115570335259,False
1997-04-22 08:00:00,0.42014253,0.11235284,0.09140388,0.28881624827533964,0.1666338057801492,False
1997-04-22 09:00:00,0.53838676,0.11606478,0.093862854,0.3585456594899296,0.1664333994184675,False
1997-04-22 10:00:00,0.56380004,0.10605322,0.08534377,0.3690548224449157,0.1658776777769493,False
1997-04-22 11:00:00,0.5692733,0.11953426,0.09645547,0.37778742793947456,0.16501553679841802,False
1997-04-22 12:00:00,0.55343205,0.13353436,0.10781921,0.37442670622467994,0.16400272856243497,False
1997-04-22 13:00:00,0.5290371,0.14314187,0.11602165,0.3643389345109463,0.1635575703226705,False
1997-04-22 14:00:00,0.47723773,0.1500372,0.12255618,0.33734793114662165,0.1632901902952596,False
1997-04-22 15:00:00,0.39656064,0.15247253,0.12554525,0.2918572942316532,0.1626607947161165,False
1997-04-22 16:00:00,0.2943006,0.14599875,0.12050547,0.23019227066636083,0.16244752746845825,False
1997-04-22 17:00:00,0.18138456,0.12432871,0.1016128,0.1560232782885432,0.16212198286963547,False
1997-04-22 18:00:00,0.072091624,0.1049997,0.08504698,0.08493429269641638,0.16204286226764242,False
1997-04-22 19:00:00,0.0050150333,0.09384506,0.07659437,0.041658597926609225,0.1622136642255564,False
1997-04-22 20:00:00,0.0,0.09106745,0.074738644,0.03763977518677711,0.16247573544861282,False
1997-04-22 21:00:00,0.0,0.0880485,0.07379984,0.03647508895397186,0.16279805279833728,False
1997-04-22 22:00:00,0.0,0.08194676,0.071170025,0.034081535920500755,0.16317093869655858,False
1997-04-22 23:00:00,0.0,0.07835448,0.06831301,0.03260170488059521,0.16362668910653794,False
1997-04-23 00:00:00,0.0,0.07567232,0.06480631,0.031422627322375773,0.1640254882493382,False
1997-04-23 01:00:00,0.0,0.07441262,0.06324424,0.030873446233570575,0.1644576506845979,False
1997-04-23 02:00:00,0.0,0.074808285,0.06301703,0.03100717681646347,0.16489279787227046,False
1997-04-23 03:00:00,0.0,0.075184144,0.06314059,0.03115254121273756,0.1653572809163807,False
1997-04-23 04:00:00,5.232487e-05,0.08111547,0.06769691,0.033617432593509876,0.165856525903414,False
1997-04-23 05:00:00,0.025057102,0.08662787,0.07181946,0.05030188290216029,0.16640443376470881,False
1997-04-23 06:00:00,0.13241956,0.0958871,0.080304906,0.11612488964945077,0.16709359833481469,False
1997-04-23 07:00:00,0.27174672,0.112184964,0.09516542,0.20333304449170828,0.16798429013842775,False
1997-04-23 08:00:00,0.4232165,0.12533066,0.108471006,0.2963003625273704,0.16892503950131496,False
1997-04-23 09:00:00,0.529791,0.12738234,0.10998257,0.3586325472146273,0.17009490107799008,False
1997-04-23 10:00:00,0.55707854,0.12451562,0.10957543,0.3732976557165384,0.17179132938423564,False
1997-04-23 11:00:00,0.5528401,0.12807252,0.11344524,0.3723735464662313,0.17427259571454237,False
1997-04-23 12:00:00,0.5709969,0.12755899,0.11205277,0.38258531735837453,0.17780210948075537,False
1997-04-23 13:00:00,0.5409517,0.12666805,0.11036232,0.36482922364771364,0.18174639697085504,False
1997-04-23 14:00:00,0.46279916,0.12250324,0.10666692,0.3179988269135356,0.1855222222614853,False
1997-04-23 15:00:00,0.37338474,0.12120577,0.10621954,0.2659037812128663,0.18886972790234471,False
1997-04-23 16:00:00,0.26852536,0.11692186,0.1024799,0.20361721357703205,0.1914833374901184,False
1997-04-23 17:00:00,0.16121297,0.10572493,0.09515799,0.13717091211676596,0.19320712265581572,False
1997-04-23 18:00:00,0.06728607,0.10641343,0.0971981,0.08333931404352188,0.19445700497311907,False
1997-04-23 19:00:00,0.0057153394,0.106140554,0.098138824,0.047763111769221725,0.19552574556794075,False
1997-04-23 20:00:00,0.0,0.10627585,0.09851099,0.0445353816524148,0.19659473080856202,False
1997-04-23 21:00:00,0.0,0.10885493,0.10051276,0.045595157034695154,0.1975882645381376,False
1997-04-23 22:00:00,0.0,0.110391155,0.10126897,0.04620286050438881,0.1985159157516196,False
1997-04-23 23:00:00,0.0,0.115985446,0.10704397,0.048579003654420375,0.19944388968513754,False
1997-04-24 00:00:00,0.0,0.12148568,0.11172583,0.05086141084134579,0.20029514587221142,False
1997-04-24 01:00:00,0.0,0.13011795,0.11875055,0.05442605428397656,0.20107106941535546,False
1997-04-24 02:00:00,0.0,0.13859963,0.12615047,0.057955390602350235,0.2018024673333153,False
1997-04-24 03:00:00,0.0,0.1482451,0.13579294,0.06203525930643082,0.20248354413097203,False
1997-04-24 04:00:00,7.7738165e-05,0.15610151,0.14301158,0.06536893766812864,0.20311300555306894,False
1997-04-24 05:00:00,0.026760425,0.16745237,0.1525533,0.0854685666821897,0.2036164418666782,False
1997-04-24 06:00:00,0.13499683,0.18344373,0.16674143,0.15458794355392455,0.20394307023537533,False
1997-04-24 07:00:00,0.2876587,0.18998468,0.17177956,0.24535950770974158,0.20381548494444418,False
1997-04-24 08:00:00,0.4293396,0.23338652,0.20594513,0.34496960395574566,0.20330618314043808,False
1997-04-24 09:00:00,0.5509703,0.29372042,0.25336128,0.4399742181897164,0.20234251876658949,False
1997-04-24 10:00:00,0.64070725,0.2849538,0.24665865,0.4881556062996388,0.201370322515746,False
1997-04-24 11:00:00,0.6941864,0.3528491,0.30476344,0.547204088717699,0.20074920859368708,False
1997-04-24 12:00:00,0.6945738,0.39160594,0.34223738,0.563752505749464,0.20058126694338896,False
1997-04-24 13:00:00,0.64816684,0.4128857,0.3561382,0.5455785484611987,0.19995136739401337,False
1997-04-24 14:00:00,0.5598387,0.42114368,0.362949,0.4980282019078731,0.19928687370656248,False
1997-04-24 15:00:00,0.44085526,0.39258045,0.33472002,0.41731055444478987,0.19843263677525524,False
1997-04-24 16:00:00,0.3137695,0.31727564,0.27433798,0.312933958619833,0.1973955283214497,False
1997-04-24 17:00:00,0.18282114,0.26527703,0.23412238,0.21601762951910494,0.19625873854071868,False
1997-04-24 18:00:00,0.06636565,0.23486234,0.20882696,0.13623384124785662,0.19519667012786218,False
1997-04-24 19:00:00,0.0048675383,0.21609977,0.19297232,0.09296988947642967,0.19418697273973218,False
1997-04-24 20:00:00,0.0,0.20455645,0.18237156,0.08532939420640469,0.19330666346757241,False
1997-04-24 21:00:00,0.0,0.19412613,0.17351492,0.08100234720110894,0.1924517239085053,False
1997-04-24 22:00:00,0.0,0.18836333,0.16885586,0.07862428472936153,0.19157901822096934,False
1997-04-24 23:00:00,0.0,0.17599565,0.15777051,0.07346200186014176,0.19069644418949064,False
1997-04-25 00:00:00,0.0,0.16467984,0.14629808,0.06866695739328861,0.18975569678909412,False
1997-04-25 01:00:00,0.0,0.15830222,0.14013015,0.06598054629564286,0.18875547625123906,False
1997-04-25 02:00:00,0.0,0.15285064,0.13512918,0.06369886310398579,0.18766852739991188,False
1997-04-25 03:00:00,0.0,0.14751184,0.1284226,0.06136668947339058,0.186508067434881,False
1997-04-25 04:00:00,7.9927966e-05,0.13887277,0.120226,0.0577823756467551,0.1852749404521255,False
1997-04-25 05:00:00,0.020721283,0.13042061,0.10923443,0.06598004459962248,0.18399496229433437,False
1997-04-25 06:00:00,0.103986286,0.1212388,0.097473934,0.11000079568475483,0.1825540342197837,False
1997-04-25 07:00:00,0.23097259,0.11104996,0.08588778,0.1788865578994155,0.18043622394521236,False
1997-04-25 08:00:00,0.35999298,0.10348966,0.07668219,0.2500444725826383,0.1775069107034754,False
1997-04-25 09:00:00,0.47087777,0.09860404,0.071958624,0.311967127174139,0.17372212842291201,False
1997-04-25 10:00:00,0.5566967,0.054534864,0.039755914,0.3434841874577104,0.16918008546401261,False
1997-04-25 11:00:00,0.58723164,0.062394258,0.04548541,0.36431234725192185,0.16460609621572134,False
1997-04-25 12:00:00,0.5664308,0.06249189,0.04555659,0.3523501389883459,0.15943461678865967,False
1997-04-25 13:00:00,0.53718287,0.05627063,0.041021295,0.33293352665007114,0.15392411738620587,False
1997-04-25 14:00:00,0.45304522,0.03817253,0.027827775,0.27699545421078803,0.14853000114840748,False
1997-04-25 15:00:00,0.3574569,0.024169369,0.017619468,0.21612257543019947,0.14366685393237333,False
1997-04-25 16:00:00,0.25113943,0.0101473965,0.0073974524,0.14905130410194395,0.139629479999674,False
1997-04-25 17:00:00,0.14518005,0.0059327697,0.004324989,0.08619162829965353,0.13656611296878024,False
1997-04-25 18:00:00,0.05595701,0.006334136,0.0046175853,0.03487383941328153,0.13430606138149415,False
1997-04-25 19:00:00,0.0045805005,0.0070165438,0.00511506,0.0055082667055539785,0.1326499006098802,False
1997-04-25 20:00:00,0.0,0.008566538,0.0062450063,0.0034982828171923755,0.13134576651707236,False
1997-04-25 21:00:00,0.0,0.009073439,0.0066145374,0.0037052840329706667,0.13023467428071367,False
1997-04-25 22:00:00,0.0,0.0094016325,0.006853789,0.003839306993409991,0.12924846998203487,False
1997-04-25 23:00:00,0.0,0.008382501,0.0061108433,0.0034231284353882074,0.12825441344940977,False
1997-04-26 00:00:00,0.0,0.006981054,0.005089188,0.0028508250243030487,0.12739513995379154,False
1997-04-26 01:00:00,0.0,0.0055159084,0.004021097,0.002252509420271963,0.1266315894855367,False
1997-04-26 02:00:00,0.0,0.0055178744,0.0040225303,0.0022533122808672487,0.12589887615360262,False
1997-04-26 03:00:00,0.0,0.0069671916,0.005079082,0.0028451641341671347,0.12520040904844124,False
1997-04-26 04:00:00,0.00019097424,0.009353849,0.006818956,0.0039299860941537194,0.12452125783936996,False
1997-04-26 05:00:00,0.01963096,0.012187487,0.00888468,0.016304019103758036,0.12390510794230189,False
1997-04-26 06:00:00,0.08162898,0.014284073,0.01041309,0.052933050374500454,0.12339945236574931,False
1997-04-26 07:00:00,0.16822274,0.018826129,0.013724248,0.10475247210636734,0.12267962320611572,False
1997-04-26 08:00:00,0.26944157,0.019179525,0.013981873,0.16330005448870358,0.12135900030840881,False
1997-04-26 09:00:00,0.37215468,0.01768733,0.012894062,0.22195615616254505,0.11952395096433731,False
1997-04-26 10:00:00,0.45002067,0.021897502,0.015963277,0.2686041223816574,0.11721017325480229,False
1997-04-26 11:00:00,0.5011976,0.023954185,0.0174626,0.2989730762187391,0.114686600037044,False
1997-04-26 12:00:00,0.4992556,0.027372638,0.019954653,0.29924853443168103,0.11220745113729572,False
1997-04-26 13:00:00,0.4767689,0.028320936,0.020645961,0.2866609690468758,0.1100970255496298,False
1997-04-26 14:00:00,0.43723306,0.030153489,0.021981893,0.26459713553823533,0.10794474625398166,False
1997-04-26 15:00:00,0.36477,0.031942714,0.02328624,0.22351660567522047,0.10655633170139117,False
1997-04-26 16:00:00,0.26166198,0.036519643,0.026622823,0.16589234113693235,0.10528611763552059,False
1997-04-26 17:00:00,0.1572775,0.04110538,0.02996582,0.10753515332937238,0.10455544880242934,False
1997-04-26 18:00:00,0.06295938,0.049979087,0.036449604,0.056738124210387465,0.10430550446971391,False
1997-04-26 19:00:00,0.005286944,0.06680582,0.04943592,0.030371453021653,0.10431730703060627,False
1997-04-26 20:00:00,0.0,0.07750442,0.062922895,0.031996966861188414,0.10440831137022541,False
1997-04-26 21:00:00,0.0,0.08145591,0.06680205,0.03366454086452722,0.10444779452174043,False
1997-04-26 22:00:00,0.0,0.074880354,0.060717046,0.030909571163356304,0.1044600273230353,False
1997-04-26 23:00:00,0.0,0.078262664,0.061813906,0.03221687407046556,0.10444256394655166,False
1997-04-27 00:00:00,0.0,0.078277536,0.0580023,0.03201653491705656,0.10442011304998958,False
1997-04-27 01:00:00,0.0,0.075447775,0.05500143,0.03081030636280775,0.1044068306830195,False
1997-04-27 02:00:00,0.0,0.07388578,0.05386274,0.03017244205623865,0.10439896483223492,False
1997-04-27 03:00:00,0.0,0.07044522,0.05135456,0.02876743143796921,0.10441176202592395,False
1997-04-27 04:00:00,0.00028770036,0.06866678,0.050058078,0.028207180587487526,0.10446727325559549,False
1997-04-27 05:00:00,0.021762334,0.07138623,0.052040562,0.0417085769250989,0.10453550767237356,False
1997-04-27 06:00:00,0.077331886,0.07549232,0.055033907,0.07544899602234362,0.10467845805117817,False
1997-04-27 07:00:00,0.14185628,0.082390755,0.060062867,0.11549665880948304,0.10514290219706829,False
1997-04-27 08:00:00,0.22332118,0.081068896,0.059099223,0.16196210406720637,0.10587709445660037,False
1997-04-27 09:00:00,0.29604644,0.073676564,0.053710215,0.20090579711645842,0.10679974024683117,False
1997-04-27 10:00:00,0.34866792,0.051843893,0.037794203,0.22235267300531267,0.10770689370955065,False
1997-04-27 11:00:00,0.39012668,0.049490184,0.036078345,0.24531320006400345,0.10837155326097309,False
1997-04-27 12:00:00,0.40190005,0.046902485,0.03419191,0.25104971078038213,0.10904414653989988,False
1997-04-27 13:00:00,0.3685428,0.041567933,0.030303022,0.22962412045896052,0.10939528688771376,False
1997-04-27 14:00:00,0.33936754,0.03559671,0.02595,0.21035155568644404,0.10930110311401889,False
1997-04-27 15:00:00,0.24674526,0.031296156,0.022814896,0.15515230026841162,0.10884675218722198,False
1997-04-27 16:00:00,0.17971689,0.025179759,0.018356046,0.11397920011356472,0.10840500903531633,False
1997-04-27 17:00:00,0.11343005,0.021415005,0.015611539,0.07419430032931268,0.10829877749580614,False
1997-04-27 18:00:00,0.04765199,0.019455986,0.014183417,0.03544036233611404,0.10883183778246588,False
1997-04-27 19:00:00,0.005474518,0.01645014,0.011992152,0.009876475007273256,0.1098033177245567,False
1997-04-27 20:00:00,0.0,0.013207451,0.009628232,0.005393474089913071,0.11084472026866508,False
1997-04-27 21:00:00,0.0,0.010511302,0.007662739,0.004292458495125174,0.11171260977121648,False
1997-04-27 22:00:00,0.0,0.007348959,0.0053573907,0.003001064922194928,0.11249489310294968,False
1997-04-27 23:00:00,0.0,0.0057435865,0.004187074,0.0023454854004085063,0.11317566502424535,False
1997-04-28 00:00:00,0.0,0.005419823,0.0039510513,0.002213271409738809,0.11362975550447238,False
1997-04-28 01:00:00,0.0,0.0045913435,0.0033470897,0.001874948582611978,0.11393807746613976,False
1997-04-28 02:00:00,0.0,0.007022077,0.005119094,0.0028675775779411195,0.11417640877612513,False
1997-04-28 03:00:00,0.0,0.013492071,0.009835721,0.005509703158400952,0.11435210472629054,False
1997-04-28 04:00:00,0.00029401045,0.017228648,0.012559684,0.007205238099501002,0.11451518595129831,False
1997-04-28 05:00:00,0.02440788,0.022240564,0.016213372,0.023165637286379933,0.1146418272547089,False
1997-04-28 06:00:00,0.09516712,0.04973289,0.03636117,0.07522636937722563,0.11472051143397644,False
1997-04-28 07:00:00,0.17586295,0.09407358,0.070511594,0.1399937005639076,0.11472714596194904,False
1997-04-28 08:00:00,0.25924745,0.1414581,0.10746733,0.20758705241978168,0.11487464488406113,False
1997-04-28 09:00:00,0.33014688,0.1827765,0.14000456,0.2654995223730802,0.11486774496966728,False
1997-04-28 10:00:00,0.37612104,0.20353365,0.15522262,0.3005077808499336,0.11473039391512428,False
1997-04-28 11:00:00,0.4102621,0.23040697,0.17622492,0.3312575536072254,0.11470341647796399,False
1997-04-28 12:00:00,0.38186714,0.23328957,0.17929778,0.3161032711267471,0.11442924351671777,False
1997-04-28 13:00:00,0.32967928,0.22370453,0.17348576,0.2821401479095221,0.11443680434231401,False
1997-04-28 14:00:00,0.25979403,0.2258947,0.17651837,0.24278829105198385,0.1148981560784523,False
1997-04-28 15:00:00,0.19560125,0.2173916,0.17099096,0.20231293438374995,0.11558358038682248,False
1997-04-28 16:00:00,0.1366127,0.19941598,0.1552445,0.1607932272404432,0.11666492187076316,False
1997-04-28 17:00:00,0.0844086,0.20542672,0.15955226,0.13312204708904027,0.11783978401954663,False
1997-04-28 18:00:00,0.037254933,0.19946817,0.1531354,0.10336916143074631,0.11863160724716483,False
1997-04-28 19:00:00,0.0044625103,0.18993148,0.14257759,0.08035877513885498,0.11933727513951937,False
1997-04-28 20:00:00,0.0,0.18001649,0.13388109,0.07365566298365593,0.1200150547540276,False
1997-04-28 21:00:00,0.0,0.17412405,0.12893273,0.07121414078772068,0.12071822340924941,False
1997-04-28 22:00:00,0.0,0.15549228,0.11499951,0.06358662338554859,0.12143939377401207,False
1997-04-28 23:00:00,0.0,0.13210481,0.09752853,0.054013217121362686,0.12222623988702494,False
1997-04-29 00:00:00,0.0,0.11452867,0.084350176,0.04681598907709121,0.12302135030292506,False
1997-04-29 01:00:00,0.0,0.10346162,0.075423524,0.04225020924210548,0.12381770984023992,False
1997-04-29 02:00:00,0.0,0.09453737,0.068917744,0.03860584766417742,0.12463805448920416,False
1997-04-29 03:00:00,0.0,0.08961405,0.065328635,0.03659533023834228,0.12550067571083734,False
1997-04-29 04:00:00,0.0002906393,0.08354825,0.060906682,0.03428596315119648,0.12631739893478755,False
1997-04-29 05:00:00,0.016990915,0.08734873,0.06388849,0.045485417529940605,0.12713050977566942,False
1997-04-29 06:00:00,0.057318725,0.10444555,0.07692856,0.0757674533650279,0.12771085220345804,False
1997-04-29 07:00:00,0.119242586,0.13145934,0.09750256,0.12257660707086325,0.12765360100896606,False
1997-04-29 08:00:00,0.183046,0.13687848,0.10194833,0.16163090817630288,0.12686497687489612,False
1997-04-29 09:00:00,0.23462026,0.14395818,0.10771275,0.194312946498394,0.12549440060466105,False
1997-04-29 10:00:00,0.27983665,0.1455701,0.10882666,0.2210577560216188,0.12377987434764902,False
1997-04-29 11:00:00,0.2966304,0.14903848,0.11114725,0.23215289792418478,0.12221250311117818,False
1997-04-29 12:00:00,0.3231945,0.15865886,0.11822744,0.2514126304090023,0.12049172057571708,False
1997-04-29 13:00:00,0.313152,0.17364986,0.12969461,0.25176900379359723,0.11935463180644636,False
1997-04-29 14:00:00,0.2971692,0.17544785,0.13046356,0.2432519224882126,0.11858819799811468,False
1997-04-29 15:00:00,0.24391009,0.16220869,0.11973265,0.20705669149756428,0.11838164049933553,False
1997-04-29 16:00:00,0.19432291,0.14254607,0.10460669,0.17037258325517177,0.11830547918118736,False
1997-04-29 17:00:00,0.11314113,0.114714414,0.08499567,0.11220181525498629,0.11803578179270849,False
1997-04-29 18:00:00,0.04587171,0.10439544,0.0800468,0.069312421169132,0.11728390369202829,False
1997-04-29 19:00:00,0.0037620026,0.097712904,0.077465914,0.042409896503668276,0.11613244249934995,False
1997-04-29 20:00:00,0.0,0.09472544,0.077627465,0.03914556954056025,0.11471233568574733,False
1997-04-29 21:00:00,0.0,0.093869165,0.079091005,0.038908636003732684,0.11328784535903597,False
1997-04-29 22:00:00,0.0,0.09815221,0.084287256,0.04076967834681273,0.1118754191391903,False
1997-04-29 23:00:00,0.0,0.09784309,0.08160529,0.040510785363614556,0.11060302362494748,False
1997-04-30 00:00:00,0.0,0.098044865,0.07888841,0.04043852920085192,0.1095169407843472,False
1997-04-30 01:00:00,0.0,0.10042008,0.07771263,0.04125149173289538,0.10857088749823507,False
1997-04-30 02:00:00,0.0,0.1077239,0.0837644,0.044273396216332916,0.10772229391066993,False
1997-04-30 03:00:00,0.0,0.108773164,0.08472445,0.044712417908012864,0.10696982992153552,False
1997-04-30 04:00:00,0.00022926707,0.112127334,0.08754232,0.04623455846183061,0.10628985810563371,False
1997-04-30 05:00:00,0.012477234,0.10694687,0.08072805,0.05102207382023334,0.10571158006188858,False
1997-04-30 06:00:00,0.05012728,0.10648228,0.078942776,0.07247831204161047,0.10521988429601703,False
1997-04-30 07:00:00,0.09922573,0.10981276,0.08084422,0.10213974212855101,0.10490144208868277,False
1997-04-30 08:00:00,0.17220765,0.103810936,0.07646926,0.14179939144849776,0.10450975433860374,False
1997-04-30 09:00:00,0.24487199,0.10260496,0.07499802,0.18320226203650236,0.10438392860860651,False
1997-04-30 10:00:00,0.31426102,0.10756144,0.07879967,0.22527396149933335,0.10445302984792827,False
1997-04-30 11:00:00,0.35884973,0.10187845,0.0742694,0.24865999190509316,0.10510002527454956,False
1997-04-30 12:00:00,0.38220087,0.10038326,0.073179394,0.26152301020175217,0.10611970848876451,False
1997-04-30 13:00:00,0.35791528,0.09509657,0.0693254,0.245351325109601,0.10716755832443722,False
1997-04-30 14:00:00,0.33634695,0.095016085,0.06926673,0.23287353111058473,0.10791197872129976,False
1997-04-30 15:00:00,0.28679857,0.08123697,0.05922176,0.19865719111263752,0.10843978888261219,False
1997-04-30 16:00:00,0.2113895,0.06336476,0.046192903,0.1478477525934577,0.10893903601153221,False
1997-04-30 17:00:00,0.14007568,0.039690446,0.028934337,0.09703189825639127,0.10904999237017793,False
1997-04-30 18:00:00,0.06483694,0.026172867,0.019080017,0.04809902418218553,0.10922530143676103,False
1997-04-30 19:00:00,0.007597306,0.019125007,0.01394213,0.012193648085929452,0.10914829722767784,False
1997-04-30 20:00:00,8.643977e-08,0.012929767,0.009425801,0.005280127301509794,0.10885468923091084,False
1997-04-30 21:00:00,0.0,0.008369165,0.0061011207,0.0034176822351291774,0.10851937628827099,False
1997-04-30 22:00:00,0.0,0.00615046,0.0044836854,0.0025116387018933894,0.10823460917813746,False
1997-04-30 23:00:00,0.0,0.0046067517,0.003358322,0.0018812407725490629,0.10801441356852692,False
1997-05-01 00:00:00,0.0,0.0034415973,0.0025089246,0.0014054313437081873,0.10782166138138663,False
1997-05-01 01:00:00,0.0,0.0037165608,0.0027093724,0.0015177170389797537,0.10766146687964019,False
1997-05-01 02:00:00,0.0,0.006091536,0.0044407295,0.002487576185725629,0.10753173498842908,False
1997-05-01 03:00:00,0.0,0.009689061,0.0070633255,0.00395668307505548,0.10740361686782954,False
1997-05-01 04:00:00,0.00046006124,0.015337128,0.011180767,0.006528617051430046,0.10732399110389915,False
1997-05-01 05:00:00,0.022519719,0.021770038,0.015870353,0.021884020768105982,0.10727160518310432,False
1997-05-01 06:00:00,0.08672299,0.025572797,0.018642567,0.06048222741298377,0.10766597268183804,False
1997-05-01 07:00:00,0.16112672,0.02646028,0.019289542,0.10377559506706892,0.10898548752539569,False
1997-05-01 08:00:00,0.24903968,0.029129207,0.021235194,0.15559127313643692,0.11140542070013248,False
1997-05-01 09:00:00,0.31968513,0.03225412,0.02351325,0.19762980598583815,0.11485142754115873,False
1997-05-01 10:00:00,0.40491807,0.045243256,0.032982334,0.2521135364994407,0.11910831042212833,False
1997-05-01 11:00:00,0.45326567,0.04790654,0.03492387,0.28109769220650194,0.12365531958814799,False
1997-05-01 12:00:00,0.48600098,0.052084535,0.038290013,0.3017094225212931,0.12844304425599762,False
1997-05-01 13:00:00,0.45817554,0.05649514,0.042355355,0.28750118284299964,0.13318074571531974,False
1997-05-01 14:00:00,0.422259,0.060789928,0.046516337,0.2685868102312088,0.13793488571331614,False
1997-05-01 15:00:00,0.35573435,0.062715456,0.048515398,0.23102055368572472,0.14209668369114486,False
1997-05-01 16:00:00,0.26222932,0.059285175,0.04659147,0.17569848847016692,0.1454745205546552,False
1997-05-01 17:00:00,0.16949216,0.055381943,0.044143334,0.1206166504509747,0.14809732146053353,False
1997-05-01 18:00:00,0.07537809,0.053675488,0.04290382,0.06561621913313866,0.1498390456322869,False
1997-05-01 19:00:00,0.011140011,0.05310512,0.0424655,0.02831671265885234,0.1508236780071997,False
1997-05-01 20:00:00,5.474518e-07,0.055975135,0.044359397,0.023050548293847554,0.15141251984223658,False
1997-05-01 21:00:00,0.0,0.061393205,0.04788374,0.025239814717322586,0.15194070706362223,False
1997-05-01 22:00:00,0.0,0.07340137,0.05768859,0.030200289085507395,0.1524915713578518,False
1997-05-01 23:00:00,0.0,0.07613522,0.058607128,0.03125868038088083,0.1530909265537918,False
1997-05-02 00:00:00,0.0,0.07967044,0.06205189,0.03274919311702251,0.15371695734141366,False
1997-05-02 01:00:00,0.0,0.0849603,0.06803725,0.0350243609547615,0.1543633577092839,False
1997-05-02 02:00:00,0.0,0.09216039,0.07623228,0.038123726427555085,0.15503252885032243,False
1997-05-02 03:00:00,0.0,0.09856842,0.08367843,0.04089038123935461,0.15569632813731704,False
1997-05-02 04:00:00,0.00089099223,0.10381379,0.09071562,0.04372003426367882,0.15636945226801585,False
1997-05-02 05:00:00,0.041005585,0.111114845,0.09796506,0.06995171375945211,0.1570353536385128,False
1997-05-02 06:00:00,0.1528293,0.11446602,0.099899165,0.13581502453237773,0.15797205184878324,False
1997-05-02 07:00:00,0.29163632,0.1204237,0.10344509,0.2182965345159173,0.15952699377171392,False
1997-05-02 08:00:00,0.44037938,0.128155,0.10777082,0.30720771981775763,0.16178606733327583,False
1997-05-02 09:00:00,0.57776165,0.13090046,0.10855369,0.3875326403230428,0.16461487461181212,False
1997-05-02 10:00:00,0.6773834,0.1272782,0.105824314,0.443530401468277,0.16803325269399375,False
1997-05-02 11:00:00,0.73639035,0.12941857,0.107742436,0.47847077596187587,0.1714096368289414,False
1997-05-02 12:00:00,0.75353456,0.1307722,0.10904257,0.4889326802492141,0.17492787247683705,False
1997-05-02 13:00:00,0.72547895,0.13273229,0.11056442,0.4735500450134277,0.17823605674874823,False
1997-05-02 14:00:00,0.653582,0.13414264,0.11156297,0.4326398340463638,0.18141329161571504,False
1997-05-02 15:00:00,0.5363521,0.12393509,0.103447266,0.3607933605611324,0.18409115694957018,False
1997-05-02 16:00:00,0.39842215,0.105800696,0.08911403,0.2737421960756182,0.18602916413434012,False
1997-05-02 17:00:00,0.24679337,0.09201585,0.0792784,0.1806346585005522,0.18725262339433507,False
1997-05-02 18:00:00,0.10454583,0.0842087,0.07343378,0.09536137817800044,0.1877164699854423,False
1997-05-02 19:00:00,0.014242479,0.07742489,0.06796965,0.040458056167699395,0.18769512588888726,False
1997-05-02 20:00:00,1.7864218e-06,0.07351297,0.06492216,0.030633113928022336,0.18743258278493857,False
1997-05-02 21:00:00,0.0,0.07160897,0.06361961,0.029859168358147146,0.18707750513071303,False
1997-05-02 22:00:00,0.0,0.07503453,0.066536054,0.031280688107013704,0.18665010284165262,False
1997-05-02 23:00:00,0.0,0.07663556,0.067633264,0.03193071857839823,0.18612245360463503,False
1997-05-03 00:00:00,0.0,0.07789527,0.068320274,0.03243264900147915,0.1855686095476697,False
1997-05-03 01:00:00,0.0,0.08085175,0.070437714,0.03363793180882931,0.18497334739674925,False
1997-05-03 02:00:00,0.0,0.08260722,0.071627386,0.03434994196146726,0.18432117773637519,False
1997-05-03 03:00:00,0.0,0.08719987,0.07573871,0.03626664134860039,0.18360854440093616,False
1997-05-03 04:00:00,0.0012426868,0.0909583,0.07798594,0.038491882835282015,0.1828601869424304,False
1997-05-03 05:00:00,0.045904495,0.0973788,0.08196046,0.0668455348610878,0.18210236717177208,False
1997-05-03 06:00:00,0.1615683,0.10124596,0.083977245,0.1351194397136569,0.18123686765975128,False
1997-05-03 07:00:00,0.29984984,0.09507405,0.076211944,0.21221112602204084,0.17994731634714295,False
1997-05-03 08:00:00,0.44696167,0.08155496,0.0626548,0.2913740225061774,0.17836844118085654,False
1997-05-03 09:00:00,0.57756144,0.06953303,0.05187624,0.3617119539305568,0.17641019555265358,False
1997-05-03 10:00:00,0.6875806,0.042721424,0.031143919,0.41417997497692705,0.17404455299728513,False
1997-05-03 11:00:00,0.7486458,0.044088848,0.032140777,0.4499730033054947,0.1716569392559146,False
1997-05-03 12:00:00,0.76458496,0.047350798,0.034524113,0.46050226757302876,0.16922036566281345,False
1997-05-03 13:00:00,0.7276804,0.04926588,0.036254898,0.44000845645740627,0.16683272078049954,False
1997-05-03 14:00:00,0.6525795,0.05024766,0.03786288,0.3971243462562561,0.16462216425445206,False
1997-05-03 15:00:00,0.52754986,0.04791087,0.036472537,0.32404489855468266,0.1624623215310924,False
1997-05-03 16:00:00,0.380177,0.03670381,0.028124131,0.23442453294992446,0.160666357500233,False
1997-05-03 17:00:00,0.22884397,0.026474694,0.019799128,0.14288128682412204,0.15923016693899683,False
1997-05-03 18:00:00,0.09632611,0.022067301,0.016087063,0.06459170249849557,0.15833326642408,False
1997-05-03 19:00:00,0.013996701,0.01870515,0.0136360545,0.01571464366931468,0.1582103702881401,False
1997-05-03 20:00:00,3.6016568e-06,0.014704316,0.010719447,0.006006820891022926,0.15861583302812926,False
1997-05-03 21:00:00,0.0,0.01156929,0.0084340125,0.004724504842422902,0.1592058586858135,False
1997-05-03 22:00:00,0.0,0.011933231,0.008699325,0.004873125708661974,0.1598492874682803,False
1997-05-03 23:00:00,0.0,0.011446021,0.008344149,0.004674165646545589,0.16047948979054732,False
1997-05-04 00:00:00,0.0,0.010227614,0.007455931,0.004176609872840345,0.16107027690465717,False
1997-05-04 01:00:00,0.0,0.009110007,0.0066411947,0.0037202172568067907,0.16167477900422333,False
1997-05-04 02:00:00,0.0,0.009592685,0.0069930665,0.003917326326481998,0.16226073483544554,False
1997-05-04 03:00:00,0.0,0.012168553,0.008870875,0.004969223231077194,0.1627851945388053,False
1997-05-04 04:00:00,0.0013853989,0.016028048,0.011684448,0.007344685272080823,0.16319050432210008,False
1997-05-04 05:00:00,0.033356067,0.02243401,0.016354393,0.028407737182453274,0.16349238544006706,False
1997-05-04 06:00:00,0.106982075,0.029845541,0.021757402,0.0739165615271777,0.16358613360691376,False
1997-05-04 07:00:00,0.21676609,0.042662095,0.031373702,0.1425105265341699,0.16332448371890493,False
1997-05-04 08:00:00,0.32890558,0.05726979,0.04260845,0.21321192966401575,0.16275518810844852,False
1997-05-04 09:00:00,0.42263076,0.07352689,0.055415347,0.2739817976653576,0.1615373084764263,False
1997-05-04 10:00:00,0.50717694,0.088590845,0.06655237,0.32892494188249105,0.1596682937595639,False
1997-05-04 11:00:00,0.5499742,0.10756353,0.08313305,0.36151524349302055,0.15701885815114897,False
1997-05-04 12:00:00,0.5612066,0.122556835,0.09788995,0.3743257258981466,0.1542612870929564,False
1997-05-04 13:00:00,0.53655624,0.14002803,0.11444511,0.3674433317631483,0.15128174219500456,False
1997-05-04 14:00:00,0.46943307,0.14063716,0.114988714,0.3289673833250999,0.1483692176090044,False
1997-05-04 15:00:00,0.37971702,0.13407138,0.11144493,0.2745870870798826,0.1459712943244837,False
1997-05-04 16:00:00,0.2713096,0.116184145,0.09976763,0.20480504913628098,0.14444472040230902,False
1997-05-04 17:00:00,0.16070321,0.10787024,0.093584456,0.13758343378454446,0.1438586272860678,False
1997-05-04 18:00:00,0.07012472,0.118008345,0.10102443,0.08946236365288496,0.1438812614968701,False
1997-05-04 19:00:00,0.010264204,0.12990727,0.11226002,0.059920267687179146,0.14419018595004793,False
1997-05-04 20:00:00,7.318566e-06,0.14165677,0.123681,0.05895434549686661,0.14456565472278693,False
1997-05-04 21:00:00,0.0,0.14569977,0.12926917,0.06074374991655349,0.1449571384442243,False
1997-05-04 22:00:00,0.0,0.14771132,0.13009115,0.06153039957582951,0.14539533565436438,False
1997-05-04 23:00:00,0.0,0.144944,0.12600306,0.06028850005567074,0.1460022611327441,False
1997-05-05 00:00:00,0.0,0.14792767,0.12710072,0.061448749780654906,0.14662136950132854,False
1997-05-05 01:00:00,0.0,0.14853051,0.12881579,0.061763811707496646,0.1473761721182819,False
1997-05-05 02:00:00,0.0,0.14285804,0.12609981,0.0595240077227354,0.14831330516572058,False
1997-05-05 03:00:00,0.0,0.13366848,0.11847854,0.05572151094675064,0.14928203266490897,False
1997-05-05 04:00:00,0.0012699441,0.12550639,0.10995486,0.05298217649769504,0.15025104886111518,False
1997-05-05 05:00:00,0.037232026,0.12003583,0.10313606,0.07134544686973095,0.151218217491929,False
1997-05-05 06:00:00,0.123376906,0.12392718,0.10449333,0.12256024508923292,0.15220053162256958,False
1997-05-05 07:00:00,0.21867396,0.14210477,0.11617408,0.18488493672013284,0.15331987361755461,False
1997-05-05 08:00:00,0.3079907,0.13392788,0.107144035,0.2329158001691103,0.15450878449123903,False
1997-05-05 09:00:00,0.3727506,0.1383195,0.108930506,0.271999247521162,0.15562043128222777,False
1997-05-05 10:00:00,0.3957787,0.14239393,0.11295191,0.2870070657730102,0.15650261389617426,False
1997-05-05 11:00:00,0.42520028,0.17612414,0.13480039,0.31760959251224996,0.15650463277503154,False
1997-05-05 12:00:00,0.40005,0.21172729,0.15792377,0.31748411247134206,0.15601674365358975,False
1997-05-05 13:00:00,0.35127962,0.23821823,0.17808166,0.3002072763293981,0.1553211340048778,False
1997-05-05 14:00:00,0.30626503,0.2572999,0.19195269,0.28202402859926223,0.15443493073726622,False
1997-05-05 15:00:00,0.26498383,0.23946378,0.17613973,0.25076935029029845,0.15367129668669083,False
1997-05-05 16:00:00,0.20626266,0.21371228,0.15590143,0.206292063370347,0.15286003034482326,False
1997-05-05 17:00:00,0.14551474,0.14694104,0.107120015,0.14396772894263268,0.15229817023545433,False
1997-05-05 18:00:00,0.071436234,0.09354689,0.068195686,0.07942007625102997,0.15212558020276878,False
1997-05-05 19:00:00,0.010979809,0.06710107,0.04891668,0.033737144760787485,0.15228231768083067,False
1997-05-05 20:00:00,7.4914456e-06,0.06071445,0.044260833,0.024798039520017027,0.15267838499085828,False
1997-05-05 21:00:00,0.0,0.0630757,0.045982186,0.025757970929145814,0.15291670759825637,False
1997-05-05 22:00:00,0.0,0.08327223,0.060705453,0.034005548670887946,0.1530779412757852,False
1997-05-05 23:00:00,0.0,0.08421702,0.061394207,0.034391367338597774,0.15327910067665063,False
1997-05-06 00:00:00,0.0,0.09891942,0.07233091,0.04040713548660278,0.15365154270420456,False
1997-05-06 01:00:00,0.0,0.119020805,0.08859123,0.04870260353386402,0.15406140776968236,False
1997-05-06 02:00:00,0.0,0.12291425,0.09372017,0.050416246287524696,0.15442890316958213,False
1997-05-06 03:00:00,0.0,0.12506816,0.09873797,0.05148200064897537,0.15476028990897023,False
1997-05-06 04:00:00,0.0016099117,0.12805194,0.10349437,0.05376877955114469,0.154994586242015,False
1997-05-06 05:00:00,0.03424086,0.13501136,0.11078976,0.07555881545320153,0.15521493633565736,False
1997-05-06 06:00:00,0.110792086,0.15404862,0.12729634,0.12764497728645802,0.15543223313134408,False
1997-05-06 07:00:00,0.21095447,0.18838261,0.15452471,0.19957824847102165,0.155955868544997,False
1997-05-06 08:00:00,0.30183905,0.22402108,0.18048267,0.26657097563147547,0.156334616786809,False
1997-05-06 09:00:00,0.37551767,0.24173664,0.1935565,0.31632656313478946,0.157340588156453,False
1997-05-06 10:00:00,0.42658687,0.20063688,0.16381885,0.3290218480676413,0.15864098876963928,False
1997-05-06 11:00:00,0.4399327,0.20424917,0.16458242,0.3380965656638145,0.160273588900463,False
1997-05-06 12:00:00,0.43334594,0.22048631,0.17660007,0.3409364627599716,0.16197984989795458,False
1997-05-06 13:00:00,0.39318636,0.23794991,0.1895098,0.32490557491779326,0.1638494367509546,False
1997-05-06 14:00:00,0.33255407,0.24379863,0.19384362,0.29231294889748094,0.1656700203204614,False
1997-05-06 15:00:00,0.24501945,0.22865735,0.18325032,0.2356463026702404,0.1670962245347996,False
1997-05-06 16:00:00,0.15973412,0.20787922,0.16595832,0.1778357638865709,0.16785127311231812,False
1997-05-06 17:00:00,0.08736245,0.19152814,0.15216838,0.12929911221563817,0.16792262283798862,False
1997-05-06 18:00:00,0.03719719,0.18362184,0.14382453,0.09698576259985565,0.16766472277581626,False
1997-05-06 19:00:00,0.006923508,0.18214571,0.14305307,0.07893149856850505,0.16731743556739231,False
1997-05-06 20:00:00,2.4059065e-05,0.1712202,0.1333277,0.0703938306519758,0.16695860384708205,False
1997-05-06 21:00:00,0.0,0.16667612,0.1292496,0.06848296643793583,0.1666116729908409,False
1997-05-06 22:00:00,0.0,0.17302845,0.1358991,0.07118605081737042,0.1662858185268725,False
1997-05-06 23:00:00,0.0,0.18960096,0.15190673,0.07816571737825871,0.1658673222671515,False
1997-05-07 00:00:00,0.0,0.19672452,0.1579801,0.08112227292358876,0.1654637663153718,False
1997-05-07 01:00:00,0.0,0.19270904,0.15359174,0.07940359090268612,0.1649741174479733,False
1997-05-07 02:00:00,0.0,0.18294875,0.14671262,0.0754305712133646,0.1643839692088096,False
1997-05-07 03:00:00,0.0,0.16234589,0.13077968,0.06696773493289948,0.16380164837429956,False
1997-05-07 04:00:00,0.001437983,0.151941,0.12338954,0.06355898099252955,0.16324562001310014,False
1997-05-07 05:00:00,0.0392852,0.14314188,0.11645885,0.08177569306269288,0.16275981489925176,False
1997-05-07 06:00:00,0.13260414,0.17264266,0.13846324,0.14769474494457246,0.16250095766106773,False
1997-05-07 07:00:00,0.22654866,0.17553191,0.14027783,0.20306485232710836,0.1623964583882208,False
1997-05-07 08:00:00,0.3639225,0.17285149,0.13772112,0.28120242591202255,0.16219871518767903,False
1997-05-07 09:00:00,0.4643947,0.1613404,0.12829877,0.33441847695410254,0.16204060721311248,False
1997-05-07 10:00:00,0.5333549,0.13948375,0.114011176,0.3653718720525503,0.16186754880976706,False
1997-05-07 11:00:00,0.6027088,0.12553032,0.10048974,0.3995101203918457,0.16190826658632138,False
1997-05-07 12:00:00,0.62808233,0.10893634,0.085616015,0.4072242814153432,0.16218391912530639,False
1997-05-07 13:00:00,0.6037035,0.095355615,0.07541013,0.3875952876657247,0.16280123940707025,False
1997-05-07 14:00:00,0.54969776,0.08111743,0.06247952,0.35048183088749646,0.16315195447927494,False
1997-05-07 15:00:00,0.4490673,0.06810252,0.0512967,0.2870116820111871,0.16374159749480116,False
1997-05-07 16:00:00,0.32484537,0.054465543,0.040431187,0.20971685020253059,0.16471591595287896,False
1997-05-07 17:00:00,0.19992279,0.0397513,0.028978698,0.13158852595835924,0.16570723963908382,False
1997-05-07 18:00:00,0.0910848,0.024963783,0.018198598,0.06275029024668037,0.1663722010308333,False
1997-05-07 19:00:00,0.016969595,0.01646015,0.01199945,0.016513222185894846,0.1664239567553857,False
1997-05-07 20:00:00,3.6477577e-05,0.01989468,0.014503221,0.00814535842044279,0.16586974368278556,False
1997-05-07 21:00:00,0.0,0.024774238,0.01806042,0.010116956658661367,0.16525773194034127,False
1997-05-07 22:00:00,0.0,0.03401587,0.025293918,0.013917728204280137,0.16469667943494867,False
1997-05-07 23:00:00,0.0,0.03637954,0.029567258,0.015020681653171776,0.1641647625772516,False
1997-05-08 00:00:00,0.0,0.040965684,0.033104677,0.016903989851474763,0.16347841147820008,False
1997-05-08 01:00:00,0.0,0.049263652,0.040688895,0.020375488054007292,0.16276298849538443,False
1997-05-08 02:00:00,0.0,0.05430422,0.044936836,0.022464846231043337,0.16211058346994695,False
1997-05-08 03:00:00,0.0,0.060180467,0.04788976,0.024792639311403037,0.1615744124876569,False
1997-05-08 04:00:00,0.003056827,0.06965679,0.05524055,0.030450134086422623,0.16125868533665788,False
1997-05-08 05:00:00,0.051818736,0.08041049,0.06597754,0.06313366802036761,0.1610882792416534,False
1997-05-08 06:00:00,0.14911292,0.08825048,0.074563466,0.12262901218980549,0.1611911142807959,False
1997-05-08 07:00:00,0.25455314,0.10423847,0.08787809,0.190086574845016,0.16110642064405067,False
1997-05-08 08:00:00,0.35813844,0.12666279,0.10365448,0.2589817928522825,0.16121206673680577,False
1997-05-08 09:00:00,0.42514816,0.15207689,0.122090764,0.30801975977420804,0.16107436439623518,False
1997-05-08 10:00:00,0.4615147,0.15681165,0.1262743,0.33097630134224887,0.1611065646308669,False
1997-05-08 11:00:00,0.48093706,0.17915764,0.1429265,0.35132788753509514,0.16084481031676218,False
1997-05-08 12:00:00,0.5042063,0.1929273,0.1564931,0.3705678362846374,0.16015487829886463,False
1997-05-08 13:00:00,0.4546049,0.19211757,0.15817575,0.3417398983836174,0.15901376083752847,False
1997-05-08 14:00:00,0.4190747,0.19041276,0.1582851,0.3206158136427402,0.15845413175764267,False
1997-05-08 15:00:00,0.3578803,0.18340664,0.15258537,0.2824135886579752,0.157817115171149,False
1997-05-08 16:00:00,0.27418983,0.16241857,0.13480213,0.22541930082440376,0.15752300955676868,False
1997-05-08 17:00:00,0.18109353,0.13689938,0.115007795,0.16121725901961326,0.1574703652137309,False
1997-05-08 18:00:00,0.090778925,0.11344479,0.09684204,0.09947003737837076,0.15765493725647303,False
1997-05-08 19:00:00,0.017750291,0.101601474,0.08511869,0.05232927108369768,0.1579647584653732,False
1997-05-08 20:00:00,4.3075815e-05,0.09911561,0.08182874,0.0410172670146494,0.15824480701664392,False
1997-05-08 21:00:00,0.0,0.10064613,0.081741184,0.04155244617909193,0.15845895192230786,False
1997-05-08 22:00:00,0.0,0.11083804,0.08805194,0.04565404164791107,0.1586980123489044,False
1997-05-08 23:00:00,0.0,0.10986526,0.086677454,0.045220864623785016,0.15906953761907028,False
1997-05-09 00:00:00,0.0,0.11371035,0.08931204,0.0467819697484374,0.15951109007204617,False
1997-05-09 01:00:00,0.0,0.117056146,0.090637624,0.04808814968168735,0.16007267015258514,False
1997-05-09 02:00:00,0.0,0.12108458,0.092854716,0.04969436406344176,0.16066879441769527,False
1997-05-09 03:00:00,0.0,0.12655026,0.09473679,0.05181283168494701,0.16131507584120813,False
1997-05-09 04:00:00,0.003170812,0.1307695,0.09807374,0.055379488432314244,0.16199538998975152,False
1997-05-09 05:00:00,0.054722678,0.13424481,0.1037121,0.08671177494153379,0.1626528910225215,False
1997-05-09 06:00:00,0.15457715,0.13205998,0.105709314,0.14362945038080216,0.16333193751189748,False
1997-05-09 07:00:00,0.2714635,0.12486708,0.10047156,0.20813586477935314,0.16425611290644127,False
1997-05-09 08:00:00,0.3770567,0.1384754,0.109881125,0.27459271356463427,0.16609124652558205,False
1997-05-09 09:00:00,0.46380472,0.16625755,0.12962462,0.335964088216424,0.16779576072451857,False
1997-05-09 10:00:00,0.5067347,0.14733309,0.112144776,0.35280766497552396,0.16974933152814597,False
1997-05-09 11:00:00,0.5241279,0.15618545,0.11739175,0.3663933835327625,0.17196553006254028,False
1997-05-09 12:00:00,0.49976262,0.15681799,0.11521799,0.3524506432712078,0.1745504918543735,False
1997-05-09 13:00:00,0.5060761,0.168298,0.12268925,0.3607330918312072,0.17679657660314083,False
1997-05-09 14:00:00,0.43821353,0.16420522,0.119705595,0.3199050347357988,0.17934792249228698,False
1997-05-09 15:00:00,0.36339605,0.15480009,0.112849265,0.2728946125209331,0.18116293813519072,False
1997-05-09 16:00:00,0.2682924,0.12828004,0.093516156,0.2071899217367172,0.18216680440723787,False
1997-05-09 17:00:00,0.17449018,0.097381145,0.070990846,0.14044798400998115,0.18257445988491688,False
1997-05-09 18:00:00,0.08679013,0.06744882,0.049170185,0.07762170827388763,0.18232878227281585,False
1997-05-09 19:00:00,0.01744899,0.04870015,0.03550241,0.029955552646890284,0.18182215201022306,False
1997-05-09 20:00:00,6.497389e-05,0.045017444,0.032877542,0.018424313892312055,0.18125406060843155,False
1997-05-09 21:00:00,0.0,0.052762672,0.03930428,0.021591857135295867,0.1807482207599152,False
1997-05-09 22:00:00,0.0,0.07716808,0.060665198,0.03175094117224216,0.18037148136902229,False
1997-05-09 23:00:00,0.0,0.087873265,0.07018453,0.03621519939601421,0.18020970187173785,False
1997-05-10 00:00:00,0.0,0.106764436,0.082662165,0.04385983371734619,0.18011822388298437,False
1997-05-10 01:00:00,0.0,0.11920951,0.09261375,0.04898945277929306,0.1799968920180164,False
1997-05-10 02:00:00,0.0,0.13000894,0.10209365,0.05348635455965996,0.1798738278036527,False
1997-05-10 03:00:00,0.0,0.13944145,0.11099676,0.057447718441486356,0.17972554009850694,False
1997-05-10 04:00:00,0.0036139311,0.1447841,0.12036324,0.06201018365938216,0.17953574221092836,False
1997-05-10 05:00:00,0.056210164,0.1529635,0.12687226,0.09572789951041341,0.17931530322082667,False
1997-05-10 06:00:00,0.16707815,0.17085192,0.13964778,0.16698943112790585,0.1790799639781721,False
1997-05-10 07:00:00,0.2627682,0.30761424,0.24159405,0.27817298856377604,0.17884718428267493,False
1997-05-10 08:00:00,0.3811821,0.293928,0.2295735,0.34079847440123556,0.17871147872750662,False
1997-05-10 09:00:00,0.49217603,0.2865795,0.22329184,0.4017911583483219,0.17905576599958367,False
1997-05-10 10:00:00,0.5956351,0.22775066,0.17837733,0.4373538309931755,0.17973098484871614,False
1997-05-10 11:00:00,0.66191953,0.2276127,0.17572953,0.4754060535430908,0.18102885903071317,False
1997-05-10 12:00:00,0.6714694,0.2220916,0.1664864,0.4783799042254686,0.1825029534395879,False
1997-05-10 13:00:00,0.65299433,0.21389171,0.15742087,0.4642045010626316,0.18425916692609295,False
1997-05-10 14:00:00,0.5707769,0.19184797,0.14085937,0.40773656450212,0.18516478477351073,False
1997-05-10 15:00:00,0.4601406,0.15933917,0.11670178,0.330599169716239,0.18575008066629695,False
1997-05-10 16:00:00,0.33779684,0.12262089,0.08946076,0.2449867637529969,0.18594752952171817,False
1997-05-10 17:00:00,0.21283607,0.0651785,0.047545448,0.1494247336387634,0.18584813358520796,False
1997-05-10 18:00:00,0.102516495,0.03917997,0.028562196,0.075151784773916,0.18558125632530406,False
1997-05-10 19:00:00,0.02047003,0.03244559,0.023652835,0.025060883797705172,0.18543131716544137,False
1997-05-10 20:00:00,8.638213e-05,0.040863127,0.029789224,0.016736954285865066,0.18546246560921598,False
1997-05-10 21:00:00,0.0,0.05747017,0.041897465,0.023468955416232347,0.18554756770322317,False
1997-05-10 22:00:00,0.0,0.092472054,0.06974885,0.03788862577825785,0.18562380898247693,False
1997-05-10 23:00:00,0.0,0.09847487,0.083198056,0.04082992116361856,0.18546794965623165,False
1997-05-11 00:00:00,0.0,0.09849133,0.085458115,0.04095804022997618,0.1852992424056142,False
1997-05-11 01:00:00,0.0,0.10147965,0.087686606,0.042181067392230036,0.18497679948659834,False
1997-05-11 02:00:00,0.0,0.10264427,0.08705218,0.04257655421644449,0.18454060919203086,False
1997-05-11 03:00:00,0.0,0.10340731,0.08417104,0.042702533081173895,0.18398059619629975,False
1997-05-11 04:00:00,0.0041685575,0.10328097,0.07930522,0.04479841690743342,0.18330265794291378,False
1997-05-11 05:00:00,0.058103483,0.10245432,0.07563218,0.07541549129411577,0.18258604439539627,False
1997-05-11 06:00:00,0.16061993,0.09730313,0.07173094,0.13245602499693632,0.18186531099046063,False
1997-05-11 07:00:00,0.2800612,0.0979456,0.07194014,0.20162199813127515,0.18102174533769283,False
1997-05-11 08:00:00,0.42279103,0.11549816,0.08424544,0.29111850262433286,0.1795142941098267,False
1997-05-11 09:00:00,0.54756093,0.12839447,0.09359957,0.3683745929747819,0.17821991861011624,False
1997-05-11 10:00:00,0.6518499,0.095473714,0.069600336,0.41510562571138143,0.17675275828011744,False
1997-05-11 11:00:00,0.6822862,0.10645053,0.07760243,0.43714991515874857,0.17520206560525833,False
1997-05-11 12:00:00,0.6771387,0.11274168,0.08218869,0.43674889062345024,0.17315839908339495,False
1997-05-11 13:00:00,0.62534094,0.10623075,0.07744222,0.4042027485072613,0.17084955230205423,False
1997-05-11 14:00:00,0.5349873,0.09626556,0.07017759,0.34799923758953805,0.1684996539648229,False
1997-05-11 15:00:00,0.43032274,0.0834446,0.060831115,0.28237215758115053,0.16615526969278333,False
1997-05-11 16:00:00,0.30684742,0.06212063,0.045285936,0.20241891678422688,0.16447669119338917,False
1997-05-11 17:00:00,0.18401867,0.0525487,0.038308002,0.12763787553459408,0.16335034240205565,False
1997-05-11 18:00:00,0.08524502,0.052007884,0.03791375,0.07042462860047816,0.162877018826563,False
1997-05-11 19:00:00,0.017093232,0.052864056,0.038537897,0.031450677948072554,0.16273487383710789,False
1997-05-11 20:00:00,8.960922e-05,0.05497111,0.040243894,0.022509214404657543,0.1626788525264472,False
1997-05-11 21:00:00,0.0,0.06161533,0.04658115,0.0252514385394752,0.16250568259309495,False
1997-05-11 22:00:00,0.0,0.059218686,0.044777747,0.02426969351246953,0.16218988800828793,False
1997-05-11 23:00:00,0.0,0.0684456,0.052978236,0.028117251366376876,0.16160269165784102,False
1997-05-12 00:00:00,0.0,0.06907961,0.05355923,0.02838257360458374,0.16095135459967408,False
1997-05-12 01:00:00,0.0,0.067950405,0.055159613,0.028052318640053274,0.1602908755107781,False
1997-05-12 02:00:00,0.0,0.06436951,0.05284042,0.02660573076456785,0.1595855300939873,False
1997-05-12 03:00:00,0.0,0.060152847,0.0501904,0.024906682278960944,0.1588559821399393,False
1997-05-12 04:00:00,0.0045069116,0.060360115,0.050728943,0.027612733378540723,0.15811510269623236,False
1997-05-12 05:00:00,0.06047513,0.063355856,0.052967325,0.061132696073502295,0.15737680461678716,False
1997-05-12 06:00:00,0.17140877,0.066668354,0.055459175,0.1264982797950506,0.15666485487871476,False
1997-05-12 07:00:00,0.28744408,0.096848935,0.07820066,0.20581532962620258,0.15599248332312934,False
1997-05-12 08:00:00,0.40977785,0.10229102,0.08298603,0.2786684504151344,0.1557561003706261,False
1997-05-12 09:00:00,0.50094044,0.10263928,0.082424685,0.3313674625083804,0.15533066299924375,False
1997-05-12 10:00:00,0.5699348,0.08267463,0.0659495,0.36292058259993787,0.1548007449148182,False
1997-05-12 11:00:00,0.5919049,0.08688124,0.06892161,0.37731006049364807,0.15404820571769942,False
1997-05-12 12:00:00,0.57878774,0.081561044,0.06479084,0.3675552587211132,0.15308835483714922,False
1997-05-12 13:00:00,0.5574751,0.07220193,0.0574767,0.3514093808755278,0.1517842617753193,False
1997-05-12 14:00:00,0.46909574,0.05952779,0.047631953,0.29520611944422126,0.15060078256833836,False
1997-05-12 15:00:00,0.39866066,0.048565403,0.03851051,0.25002740174531934,0.14954877497534697,False
1997-05-12 16:00:00,0.30348143,0.03837867,0.030583467,0.19092202176898715,0.14894115956994436,False
1997-05-12 17:00:00,0.20011361,0.02720988,0.022207476,0.12670520201511679,0.14850006252379278,False
1997-05-12 18:00:00,0.10264287,0.02201461,0.018157355,0.0683288252800703,0.14821422093852,False
1997-05-12 19:00:00,0.02363727,0.021102753,0.017522965,0.022371860885992644,0.14804900806278343,False
1997-05-12 20:00:00,0.00018944715,0.02009388,0.016682306,0.008424797484956798,0.14782990513101185,False
1997-05-12 21:00:00,0.0,0.020095967,0.016581548,0.008310815345495938,0.14753102040624555,False
1997-05-12 22:00:00,0.0,0.023450037,0.019446984,0.00970320095680654,0.14719649416635122,False
1997-05-12 23:00:00,0.0,0.023192229,0.018663147,0.009565742371603847,0.1468875871541289,False
1997-05-13 00:00:00,0.0,0.02254972,0.017299946,0.009255043962970376,0.146478071988405,False
1997-05-13 01:00:00,0.0,0.02036409,0.015002553,0.008324487386271357,0.14604658030272305,False
1997-05-13 02:00:00,0.0,0.018508526,0.013492713,0.007558252422139048,0.14560787805585035,False
1997-05-13 03:00:00,0.0,0.017485099,0.012746635,0.007140319783240557,0.14518838687784347,False
1997-05-13 04:00:00,0.0044640373,0.01661343,0.012111188,0.009360109094064683,0.1448112311581693,False
1997-05-13 05:00:00,0.060567364,0.015413954,0.011236774,0.04124190386664122,0.14447417324542766,False
1997-05-13 06:00:00,0.16291282,0.015137145,0.011034981,0.10018219032883643,0.1441304886973424,False
1997-05-13 07:00:00,0.32021084,0.0135024935,0.009843318,0.19027561641111967,0.14364432258122056,False
1997-05-13 08:00:00,0.46147406,0.010840706,0.007902875,0.2706975087979809,0.14301673143118385,False
1997-05-13 09:00:00,0.5884207,0.008374319,0.0061048786,0.342938524922356,0.14251474079220008,False
1997-05-13 10:00:00,0.65307474,0.0052884384,0.0038552724,0.3789837442496791,0.14228017674621268,False
1997-05-13 11:00:00,0.6748624,0.004117573,0.0030017106,0.391077072892338,0.14231382019307542,False
1997-05-13 12:00:00,0.6458486,0.003667782,0.0026738127,0.37415242365561424,0.14231177950442844,False
1997-05-13 13:00:00,0.5996097,0.0034796365,0.002536655,0.347395746572176,0.14244934319512684,False
1997-05-13 14:00:00,0.5128584,0.0038778489,0.002826952,0.2975028731259517,0.1422619447877514,False
1997-05-13 15:00:00,0.43506595,0.0053225835,0.0038801634,0.25320661812182516,0.14235434968647312,False
1997-05-13 16:00:00,0.3090491,0.007162516,0.005221475,0.18124625856895,0.14218091289906684,False
1997-05-13 17:00:00,0.19116026,0.00885972,0.0064587365,0.11391747944150118,0.14182042293050712,False
1997-05-13 18:00:00,0.10038114,0.011201939,0.008166213,0.06249441056512296,0.14141389478902178,False
1997-05-13 19:00:00,0.025824284,0.014773819,0.010770114,0.020933737223036587,0.14109141838245948,False
1997-05-13 20:00:00,0.00023796868,0.019652566,0.01432672,0.00816274761587556,0.14094905680974867,False
1997-05-13 21:00:00,0.0,0.022514556,0.016413111,0.009194179024547338,0.14084358210176984,False
1997-05-13 22:00:00,0.0,0.0231218,0.01685579,0.009442156925797463,0.14073378648378243,False
1997-05-13 23:00:00,0.0,0.020717992,0.015103417,0.008460523411631584,0.140633329008611,False
1997-05-14 00:00:00,0.0,0.018784553,0.013693939,0.007670972691848873,0.14053855164624807,False
1997-05-14 01:00:00,0.0,0.017128289,0.012486523,0.006994610790163279,0.14045644399066046,False
1997-05-14 02:00:00,0.0,0.015844008,0.011550283,0.006470154220238328,0.14039112728359,False
1997-05-14 03:00:00,0.0,0.016659584,0.012144838,0.0068032077345997095,0.14034525245191584,False
1997-05-14 04:00:00,0.0055126385,0.020210207,0.01473324,0.011433953566942363,0.14030829833904104,False
1997-05-14 05:00:00,0.06039137,0.023973634,0.017476778,0.04463583776541054,0.1402781748508687,False
1997-05-14 06:00:00,0.160988,0.025154466,0.018337604,0.10316230622120201,0.14023388499416584,False
1997-05-14 07:00:00,0.28389612,0.029098637,0.021212906,0.17569095442444083,0.14021848752694221,False
1997-05-14 08:00:00,0.41492164,0.037131183,0.027068634,0.25457289974391456,0.1398131994032419,False
1997-05-14 09:00:00,0.5236308,0.044013012,0.03208549,0.3201083883009851,0.13946148394625651,False
1997-05-14 10:00:00,0.6047985,0.03811957,0.027789164,0.36453546804934744,0.13908017713117896,False
1997-05-14 11:00:00,0.6255743,0.039796602,0.029088806,0.377212107438594,0.13901674953232301,False
1997-05-14 12:00:00,0.620424,0.039605852,0.02887267,0.37415831587463616,0.13951635949173183,False
1997-05-14 13:00:00,0.5674506,0.036720175,0.026769005,0.34241425732150677,0.14046139553615375,False
1997-05-14 14:00:00,0.49713287,0.031334367,0.022842754,0.299641554582864,0.14146961896151303,False
1997-05-14 15:00:00,0.40379953,0.021329163,0.015548961,0.2417024359498173,0.1427767762348494,False
1997-05-14 16:00:00,0.2896129,0.015946152,0.011624744,0.1736185032781213,0.14364838638612337,False
1997-05-14 17:00:00,0.17646237,0.013157475,0.009591799,0.10719185122381894,0.14457826359131254,False
1997-05-14 18:00:00,0.08435668,0.010226496,0.0074551157,0.05284995776508003,0.14540643155514377,False
1997-05-14 19:00:00,0.020738915,0.008747427,0.0063768737,0.01553850539587438,0.14587582316635445,False
1997-05-14 20:00:00,0.00020149112,0.0079481425,0.0057941955,0.003362011501973029,0.14619496457755754,False
1997-05-14 21:00:00,0.0,0.0074458346,0.0054280134,0.0030406256821006537,0.14646754856987354,False
1997-05-14 22:00:00,0.0,0.011953106,0.008713814,0.004881242148578167,0.14666076513610277,False
1997-05-14 23:00:00,0.0,0.012284149,0.008955145,0.005016428978182375,0.14679484656241218,False
1997-05-15 00:00:00,0.0,0.013012534,0.009486138,0.005313876494765282,0.1469430123045804,False
1997-05-15 01:00:00,0.0,0.012707437,0.009263723,0.005189285446889698,0.1470966056157831,False
1997-05-15 02:00:00,0.0,0.013116323,0.0095617995,0.005356260501779615,0.1472693111697208,False
1997-05-15 03:00:00,0.0,0.013141452,0.0095801195,0.005366522365249693,0.14747387637707832,False
1997-05-15 04:00:00,0.005140976,0.012116186,0.008832699,0.0079141816617921,0.14771852511935876,False
1997-05-15 05:00:00,0.059731606,0.011388935,0.008302533,0.03911599074490368,0.14800173363646424,False
1997-05-15 06:00:00,0.16488484,0.010540941,0.007684346,0.09944311190210281,0.14844780238230798,False
1997-05-15 07:00:00,0.2881707,0.0111353425,0.008117665,0.1708217864735052,0.1491823706695772,False
1997-05-15 08:00:00,0.43201777,0.01111971,0.008106269,0.2538151668626815,0.15001651653109982,False
1997-05-15 09:00:00,0.5543525,0.011691455,0.008523071,0.32463579779863355,0.1508526639639362,False
1997-05-15 10:00:00,0.6423082,0.013045656,0.009510283,0.3759392195045948,0.15194344105243618,False
1997-05-15 11:00:00,0.7093423,0.014124201,0.010296542,0.4150583509439602,0.15337090878497123,False
1997-05-15 12:00:00,0.7159088,0.01575734,0.0114871,0.4195141537878662,0.1553012417856566,False
1997-05-15 13:00:00,0.6730807,0.018177118,0.013251119,0.39579047098942105,0.15754979084686307,False
1997-05-15 14:00:00,0.6086496,0.022175197,0.01616572,0.3602464222460985,0.16003538882233753,False
1997-05-15 15:00:00,0.49140027,0.02817558,0.020539997,0.2950439053829759,0.16223831417246654,False
1997-05-15 16:00:00,0.3668818,0.034747194,0.025330706,0.22588036441802975,0.16432154653580325,False
1997-05-15 17:00:00,0.24148619,0.03509599,0.025584979,0.15366954170539973,0.16618083874700834,False
1997-05-15 18:00:00,0.11933715,0.039591134,0.028861938,0.08502520790323614,0.16778227042717248,False
1997-05-15 19:00:00,0.02873978,0.04814901,0.035234958,0.0362525249607861,0.16906883877901913,False
1997-05-15 20:00:00,0.0003941365,0.051446922,0.037693486,0.021246779247041558,0.17011012690291205,False
1997-05-15 21:00:00,0.0,0.045211352,0.033066392,0.018468574203550813,0.17105456646602224,False
1997-05-15 22:00:00,0.0,0.03884263,0.028613612,0.015878065388649703,0.1719634559770403,False
1997-05-15 23:00:00,0.0,0.038133632,0.02779942,0.015572479035705328,0.17283040953113787,False
1997-05-16 00:00:00,0.0,0.03683816,0.026855018,0.015043451629579067,0.17366806971090237,False
1997-05-16 01:00:00,0.0,0.03742838,0.027285287,0.015284477379173041,0.17444528357260253,False
1997-05-16 02:00:00,0.0,0.039888933,0.029079033,0.01628928417339921,0.17516919961711946,False
1997-05-16 03:00:00,2.8813256e-08,0.045409728,0.033150762,0.018546347364061272,0.17585165885865545,False
1997-05-16 04:00:00,0.0068178787,0.051572815,0.038216256,0.025027962388005108,0.17651438129221492,False
1997-05-16 05:00:00,0.07221097,0.059358537,0.04589091,0.06604713756591081,0.17723187637408355,False
1997-05-16 06:00:00,0.19102418,0.06859022,0.053534072,0.1384215840101242,0.17814380187337225,False
1997-05-16 07:00:00,0.3234102,0.07090493,0.054784123,0.21572995577752588,0.17932510077644542,False
1997-05-16 08:00:00,0.46312848,0.067020826,0.05096593,0.2947079765200615,0.18083628141254976,False
1997-05-16 09:00:00,0.5980185,0.06691711,0.05030715,0.3724656885489821,0.18238781131516535,False
1997-05-16 10:00:00,0.6936104,0.07980114,0.06285333,0.43305391921103,0.18397765358824297,False
1997-05-16 11:00:00,0.7533004,0.08557176,0.06736603,0.4698680914714932,0.18563545078248422,False
1997-05-16 12:00:00,0.77066815,0.09107307,0.07050342,0.4820886708125472,0.187015614634435,False
1997-05-16 13:00:00,0.73112893,0.097193465,0.07402182,0.4617229601442813,0.1881395129359802,False
1997-05-16 14:00:00,0.6286437,0.1041203,0.07841057,0.40538197138905524,0.18915375087004402,False
1997-05-16 15:00:00,0.5145624,0.109453015,0.08160937,0.3416975893899798,0.18975250861977783,False
1997-05-16 16:00:00,0.37606367,0.111914575,0.084802054,0.26286452941596505,0.19032022789184405,False
1997-05-16 17:00:00,0.2396449,0.11112716,0.088510044,0.1840605718716979,0.190624102758881,False
1997-05-16 18:00:00,0.116779715,0.11421158,0.09406055,0.11460523865371941,0.1908382483684467,False
1997-05-16 19:00:00,0.029891733,0.11653722,0.097603165,0.06552033534273505,0.19111537669507567,False
1997-05-16 20:00:00,0.0004745831,0.11689297,0.09792166,0.04869511053126189,0.1914487863614699,False
1997-05-16 21:00:00,0.0,0.112844355,0.093106575,0.04666732221096754,0.1917534130399521,False
1997-05-16 22:00:00,0.0,0.112482145,0.09239076,0.04649501274526119,0.1920809307808462,False
1997-05-16 23:00:00,0.0,0.10952796,0.0890426,0.04522411760687828,0.1923994428170785,False
1997-05-17 00:00:00,0.0,0.103317924,0.08325607,0.042620141856372355,0.1926774484428983,False
1997-05-17 01:00:00,0.0,0.09662353,0.079318,0.03993725558370352,0.19289771056849842,False
1997-05-17 02:00:00,0.0,0.092049986,0.07681221,0.03811430409550667,0.19304396386979478,False
1997-05-17 03:00:00,2.0169277e-07,0.089749955,0.07517314,0.03717719917610388,0.19310932268876912,False
1997-05-17 04:00:00,0.008034662,0.09107187,0.07615605,0.04235394559148699,0.19310028094435416,False
1997-05-17 05:00:00,0.07807162,0.09134669,0.07655859,0.08288841471076011,0.1930338768252493,False
1997-05-17 06:00:00,0.20521422,0.0911099,0.076246336,0.15614545924961568,0.19288464520651336,False
1997-05-17 07:00:00,0.3524083,0.096750356,0.07996282,0.24335845700651407,0.1926015835415738,False
1997-05-17 08:00:00,0.5007913,0.095045865,0.078890584,0.3282886021882296,0.19220432655758646,False
1997-05-17 09:00:00,0.6296485,0.090845354,0.076279685,0.4009482269063592,0.19166511601486041,False
1997-05-17 10:00:00,0.71980125,0.096935324,0.0818339,0.45551348482817405,0.1907176769917221,False
1997-05-17 11:00:00,0.768411,0.09145735,0.07750587,0.4813062158375978,0.1892729521991463,False
1997-05-17 12:00:00,0.75744563,0.08774928,0.0747344,0.47346127226203677,0.18763231714427736,False
1997-05-17 13:00:00,0.71032953,0.083257645,0.072068155,0.4444738918244838,0.1855990876726274,False
1997-05-17 14:00:00,0.614884,0.0821186,0.07216577,0.3889867942333221,0.18318997587768937,False
1997-05-17 15:00:00,0.5006503,0.080088325,0.07160413,0.32229443044215444,0.18083852798453798,False
1997-05-17 16:00:00,0.36109215,0.07683605,0.06969787,0.24046635803580285,0.17871953837426957,False
1997-05-17 17:00:00,0.22943729,0.07545822,0.06887278,0.16394853096455334,0.17708731346011738,False
1997-05-17 18:00:00,0.11312896,0.07909078,0.071619615,0.09832736758142709,0.1757504371043073,False
1997-05-17 19:00:00,0.030631747,0.08292232,0.07376548,0.052256188947707415,0.174764727000156,False
1997-05-17 20:00:00,0.00053921127,0.08540513,0.074874826,0.0358688598141889,0.17398986044965487,False
1997-05-17 21:00:00,0.0,0.08212282,0.07196493,0.03418942576646805,0.17319937817729059,False
1997-05-17 22:00:00,0.0,0.07500544,0.06462287,0.031166643127799036,0.17239128826593492,False
1997-05-17 23:00:00,0.0,0.06967672,0.059371103,0.02891674907505512,0.1715689654628511,False
1997-05-18 00:00:00,0.0,0.061893024,0.051435333,0.025616033658385277,0.1707589291780603,False
1997-05-18 01:00:00,0.0,0.054159027,0.04296213,0.02230463584139943,0.17001163455640178,False
1997-05-18 02:00:00,0.0,0.04728682,0.036623538,0.019426507484167816,0.1693271773525628,False
1997-05-18 03:00:00,5.762651e-07,0.04411059,0.033985257,0.018112343632141516,0.16869253462314351,False
1997-05-18 04:00:00,0.008099607,0.04175147,0.032607384,0.021840564670972524,0.1680930996330499,False
1997-05-18 05:00:00,0.07264591,0.04121264,0.0325901,0.05888401986658573,0.16749480355440033,False
1997-05-18 06:00:00,0.18699914,0.041101735,0.032769978,0.12483462409302591,0.1666570683781587,False
1997-05-18 07:00:00,0.31227514,0.040053967,0.031462036,0.19666162054613232,0.16543688345081808,False
1997-05-18 08:00:00,0.44107783,0.03497826,0.026240477,0.2688258704692125,0.16372210604373688,False
1997-05-18 09:00:00,0.5444006,0.03150861,0.023014963,0.32698861543834207,0.16172850927891225,False
1997-05-18 10:00:00,0.6100637,0.028642593,0.02094951,0.36370712916739284,0.15966207071838295,False
1997-05-18 11:00:00,0.6540853,0.033555336,0.024601556,0.39111760883778335,0.1575484000634388,False
1997-05-18 12:00:00,0.6409542,0.035856854,0.026516771,0.3844936561733484,0.15526511041748509,False
1997-05-18 13:00:00,0.57570606,0.034045916,0.024819475,0.34608559398725625,0.15329390839012197,False
1997-05-18 14:00:00,0.4826669,0.034316435,0.025016684,0.29251247251778834,0.15157285505027057,False
1997-05-18 15:00:00,0.3879043,0.03958536,0.028857727,0.23998608809709546,0.15025641500435938,False
1997-05-18 16:00:00,0.2861326,0.047553472,0.03466648,0.18451773353666065,0.1493736090393723,False
1997-05-18 17:00:00,0.1745754,0.046844814,0.034717828,0.11989050679281354,0.14898120566680886,False
1997-05-18 18:00:00,0.08740927,0.04123391,0.030383168,0.06729115365445613,0.14863626144126227,False
1997-05-18 19:00:00,0.025002556,0.034038745,0.024814246,0.028326740918681027,0.14824474772700588,False
1997-05-18 20:00:00,0.00057470915,0.025517194,0.018602034,0.010751961457775907,0.14784670455282567,False
1997-05-18 21:00:00,0.0,0.019293983,0.014065313,0.007879006465896964,0.14749939048254485,False
1997-05-18 22:00:00,0.0,0.017199077,0.012538128,0.0070235181972384455,0.14718598651640669,False
1997-05-18 23:00:00,0.0,0.015531107,0.011322176,0.006342375936917961,0.14692599639516873,False
1997-05-19 00:00:00,0.0,0.01652929,0.012049852,0.006750000016763806,0.14669171468924352,False
1997-05-19 01:00:00,0.0,0.017345494,0.012644864,0.007083309799432754,0.14650676456197717,False
1997-05-19 02:00:00,0.0,0.018736754,0.013659093,0.007651453083381056,0.14637734831228472,False
1997-05-19 03:00:00,1.1813435e-06,0.020578692,0.015001866,0.008404319651611217,0.14631227552855008,False
1997-05-19 04:00:00,0.0062803677,0.024517128,0.017872987,0.01363573381630704,0.14627953190036969,False
1997-05-19 05:00:00,0.053507715,0.028903421,0.021070594,0.042677126251161095,0.14624627875212304,False
1997-05-19 06:00:00,0.14549604,0.033365577,0.024323504,0.09757658273726702,0.14599560939211742,False
1997-05-19 07:00:00,0.25377277,0.03580674,0.026103115,0.16104914146661758,0.14531973024482564,False
1997-05-19 08:00:00,0.3787664,0.03439035,0.025142834,0.2325959574766457,0.1444684504951354,False
1997-05-19 09:00:00,0.49670184,0.03710626,0.027222335,0.3017591760009527,0.14338147950639674,False
1997-05-19 10:00:00,0.59293455,0.029223928,0.021304244,0.3540572933908552,0.14197160764684313,False
1997-05-19 11:00:00,0.61821467,0.036571447,0.027844189,0.37170831283181904,0.14061413741870044,False
1997-05-19 12:00:00,0.6261046,0.042584434,0.0345846,0.3788435749486088,0.13928089970231558,False
1997-05-19 13:00:00,0.5923747,0.048612967,0.039351016,0.36186333151161665,0.13793327216801735,False
1997-05-19 14:00:00,0.5273395,0.052014146,0.04313982,0.32579767202958465,0.13713370973994837,False
1997-05-19 15:00:00,0.44784522,0.052088436,0.042452205,0.27991974412277343,0.1365862391517113,False
1997-05-19 16:00:00,0.35038844,0.046924084,0.039664455,0.2216309961527586,0.13626053758607437,False
1997-05-19 17:00:00,0.2261499,0.040716577,0.034783293,0.14739120813831688,0.13587208915258947,False
1997-05-19 18:00:00,0.10872577,0.04044172,0.03475822,0.07953470929712057,0.13592052541158664,False
1997-05-19 19:00:00,0.02641893,0.042937484,0.03819375,0.03315011658705771,0.13610275257143695,False
1997-05-19 20:00:00,0.00056361605,0.045005903,0.04195185,0.019197784440708347,0.1363397476063657,False
1997-05-19 21:00:00,0.0,0.04561608,0.042846337,0.019146035391837356,0.1367120383593733,False
1997-05-19 22:00:00,0.0,0.044662513,0.04086389,0.01868711730837822,0.13719101295445713,False
1997-05-19 23:00:00,0.0,0.042486217,0.036922466,0.017671227190643547,0.13769136459857823,False
1997-05-20 00:00:00,0.0,0.040350467,0.03424269,0.0167384275496006,0.13821602913836384,False
1997-05-20 01:00:00,0.0,0.03884596,0.03256475,0.01609265585616231,0.1387850257486002,False
1997-05-20 02:00:00,0.0,0.039247323,0.033717625,0.016303013864904643,0.139367551153236,False
1997-05-20 03:00:00,8.067711e-07,0.039762687,0.03458801,0.016540649479482625,0.13992560733814158,False
1997-05-20 04:00:00,0.006496236,0.03968765,0.03428413,0.020244413555134087,0.14043477223665968,False
1997-05-20 05:00:00,0.052714366,0.039528888,0.03425077,0.046851890586316586,0.14086816532879692,False
1997-05-20 06:00:00,0.13244352,0.038362652,0.033642534,0.09239242502301931,0.14119215277365965,False
1997-05-20 07:00:00,0.24225555,0.038333613,0.03469694,0.15580019256100058,0.14153870629582177,False
1997-05-20 08:00:00,0.34692794,0.039444286,0.035535175,0.2166512630097568,0.1418788866711246,False
1997-05-20 09:00:00,0.41877076,0.042431045,0.0375367,0.25931476617977023,0.1418625526228851,False
1997-05-20 10:00:00,0.48388904,0.04630964,0.04178377,0.298548558216542,0.14149863968285978,False
1997-05-20 11:00:00,0.5303711,0.05051228,0.045537505,0.32712219845131035,0.14044833220165934,False
1997-05-20 12:00:00,0.51207674,0.05840947,0.051595617,0.31980753452703353,0.13981563946213663,False
1997-05-20 13:00:00,0.48660332,0.06467751,0.05686078,0.3077065974399448,0.13948138965352838,False
1997-05-20 14:00:00,0.41067937,0.070364065,0.06125088,0.2662338842824101,0.13952715415069922,False
1997-05-20 15:00:00,0.3349401,0.07467867,0.065473035,0.22435241294652222,0.1398089378982636,False
1997-05-20 16:00:00,0.23383029,0.074340254,0.0651959,0.16587220872938632,0.1400973031269085,False
1997-05-20 17:00:00,0.16177793,0.06926338,0.06132216,0.1222154472246766,0.1402186038680073,False
1997-05-20 18:00:00,0.08252899,0.06810847,0.06086672,0.0760380573272705,0.1403122801476943,False
1997-05-20 19:00:00,0.021222891,0.06568256,0.059630178,0.03970250259526074,0.14065370289768803,False
1997-05-20 20:00:00,0.00054531964,0.06785655,0.060522243,0.02862191760214046,0.14113624746624936,False
1997-05-20 21:00:00,0.0,0.07423515,0.06438921,0.03086978702992201,0.1416145755389263,False
1997-05-20 22:00:00,0.0,0.074935175,0.06276514,0.031040397115051743,0.14208543239385124,False
1997-05-20 23:00:00,0.0,0.07613197,0.06358476,0.03152627384662628,0.1425977767784172,False
1997-05-21 00:00:00,0.0,0.08227221,0.068581335,0.03406183730810881,0.14313247250314104,False
1997-05-21 01:00:00,0.0,0.084575064,0.071043156,0.03504452922195196,0.14367834934094226,False
1997-05-21 02:00:00,0.0,0.08339001,0.06791177,0.03443814995884895,0.14421687368573854,False
1997-05-21 03:00:00,1.2965965e-06,0.07975084,0.06324862,0.03284423478048018,0.1447542337562447,False
1997-05-21 04:00:00,0.0050921664,0.076681174,0.059353128,0.03443860223889351,0.14525592744110732,False
1997-05-21 05:00:00,0.048045844,0.074316435,0.057098284,0.05822852360457182,0.14572857746172344,False
1997-05-21 06:00:00,0.13147037,0.09377956,0.06940914,0.1142111518010497,0.14603662603147596,False
1997-05-21 07:00:00,0.2197197,0.1237825,0.09118137,0.17737779948115348,0.14610368226345277,False
1997-05-21 08:00:00,0.306894,0.13378808,0.09937558,0.231811923161149,0.14522332362264975,False
1997-05-21 09:00:00,0.3928442,0.1407235,0.10543113,0.2842913548797369,0.14372767087585253,False
1997-05-21 10:00:00,0.44608262,0.11268207,0.08654035,0.30364253429323435,0.14210563461366998,False
1997-05-21 11:00:00,0.5018219,0.12596922,0.098244414,0.3413390613347292,0.14015263780657472,False
1997-05-21 12:00:00,0.5246129,0.1460563,0.11487345,0.36279958413541313,0.13853699984316983,False
1997-05-21 13:00:00,0.5185699,0.15755543,0.12420831,0.36406002737581733,0.13711910920001213,False
1997-05-21 14:00:00,0.47209626,0.16265808,0.12783177,0.33932329191267485,0.13628032488935585,False
1997-05-21 15:00:00,0.39268422,0.1632225,0.1287662,0.29376127509772776,0.13592708463176112,False
1997-05-21 16:00:00,0.28910443,0.14742385,0.1155699,0.227453431725502,0.135525836250288,False
1997-05-21 17:00:00,0.1771001,0.12088625,0.09433113,0.15188766956329347,0.13555418851351633,False
1997-05-21 18:00:00,0.08553782,0.113167144,0.0890556,0.09592300129681824,0.13535958961506953,False
1997-05-21 19:00:00,0.023288947,0.104326196,0.08107717,0.05631225587800145,0.13505148954267415,False
1997-05-21 20:00:00,0.0005320655,0.10186655,0.07892172,0.04215753192920238,0.13467243800208395,False
1997-05-21 21:00:00,0.0,0.10165487,0.07845401,0.041747164428234104,0.13424410332592057,False
1997-05-21 22:00:00,0.0,0.1049653,0.08421208,0.04327964776754379,0.13373543803246546,False
1997-05-21 23:00:00,0.0,0.105390154,0.082363985,0.04333662197738886,0.1332083619091249,False
1997-05-22 00:00:00,0.0,0.10451125,0.081034504,0.042940515764057635,0.13266962530677523,False
1997-05-22 01:00:00,0.0,0.10212824,0.07882416,0.04194182440638542,0.13207418930191167,False
1997-05-22 02:00:00,0.0,0.10248308,0.07926002,0.04209629724919796,0.1314705906265703,False
1997-05-22 03:00:00,2.2474337e-06,0.098585434,0.07856712,0.04062194635289006,0.13089250137701713,False
1997-05-22 04:00:00,0.004702006,0.0975891,0.07792926,0.04293161454470828,0.13037343989620148,False
1997-05-22 05:00:00,0.03388378,0.10219839,0.08103841,0.06163822193443775,0.1299274406596472,False
1997-05-22 06:00:00,0.08577305,0.112065494,0.088294566,0.09561112415790558,0.12960129821436295,False
1997-05-22 07:00:00,0.11341086,0.1169078,0.09196174,0.11354297780245541,0.12913950449697797,False
1997-05-22 08:00:00,0.16977605,0.11400599,0.089461826,0.14485993116348983,0.12857721743239836,False
1997-05-22 09:00:00,0.234752,0.11194258,0.08700573,0.1814570255950093,0.1281341057009216,False
1997-05-22 10:00:00,0.28533813,0.098201096,0.07274822,0.20480471147596832,0.12761945402397123,False
1997-05-22 11:00:00,0.35373855,0.111217305,0.08194906,0.2495715762078762,0.12752291715249853,False
1997-05-22 12:00:00,0.34981915,0.12210647,0.08973786,0.25174878365546466,0.12729847017489343,False
1997-05-22 13:00:00,0.3810343,0.11635629,0.086160734,0.26744495052844286,0.1266776895294506,False
1997-05-22 14:00:00,0.36035424,0.101058796,0.0752455,0.24927835191786288,0.12575184833743422,False
1997-05-22 15:00:00,0.29549062,0.084536426,0.06297149,0.20509249063581228,0.12478335664394125,False
1997-05-22 16:00:00,0.24380781,0.06496407,0.047856856,0.16723311736434698,0.12397947960428397,False
1997-05-22 17:00:00,0.16385715,0.044879556,0.0327513,0.11287470009922981,0.12354219744637733,False
1997-05-22 18:00:00,0.084185846,0.031035936,0.022625193,0.06124925385229289,0.12336116465425553,False
1997-05-22 19:00:00,0.021242457,0.02265402,0.01651478,0.021508028646931052,0.12310325412882926,False
1997-05-22 20:00:00,0.0007453413,0.018688606,0.013623992,0.008061853146296925,0.12267360387723086,False
1997-05-22 21:00:00,0.0,0.01580409,0.011521183,0.006453852944076062,0.12204822257053669,False
1997-05-22 22:00:00,0.0,0.014057838,0.010248164,0.005740743194706738,0.12136697127457802,False
1997-05-22 23:00:00,0.0,0.013877054,0.010116372,0.005666916933842003,0.1206035342400158,False
1997-05-23 00:00:00,0.0,0.013421561,0.0097843185,0.005480909074656665,0.11981851366596158,False
1997-05-23 01:00:00,0.0,0.014868507,0.010839142,0.006071792805567383,0.11903267323962276,False
1997-05-23 02:00:00,0.0,0.016382035,0.011942502,0.0066898659802973265,0.11826592615150942,False
1997-05-23 03:00:00,9.566001e-06,0.019403584,0.014145213,0.007929283701328131,0.1175062586440784,False
1997-05-23 04:00:00,0.0073318495,0.021549692,0.015709726,0.013030638884287328,0.11678882752589342,False
1997-05-23 05:00:00,0.057545487,0.022944957,0.016726874,0.0425736862309277,0.11617247919096577,False
1997-05-23 06:00:00,0.14248684,0.024071902,0.017548418,0.09204505336657165,0.11600797434207948,False
1997-05-23 07:00:00,0.24416609,0.023273695,0.016966524,0.15038802038133142,0.11653375348032106,False
1997-05-23 08:00:00,0.34996292,0.021093713,0.015377317,0.21054256005026398,0.11811637542216848,False
1997-05-23 09:00:00,0.4365493,0.018853491,0.013744197,0.2595880743861198,0.12056188261107817,False
1997-05-23 10:00:00,0.5058133,0.017519798,0.012771935,0.2990087644625455,0.12312960497090558,False
1997-05-23 11:00:00,0.55707806,0.022361225,0.016301332,0.3305656064096838,0.12611840910253547,False
1997-05-23 12:00:00,0.55774504,0.0273853,0.019963883,0.33300211315415795,0.12862878535360528,False
1997-05-23 13:00:00,0.5324657,0.030332945,0.022112714,0.3196196501590311,0.13113656649415034,False
1997-05-23 14:00:00,0.484411,0.032643616,0.023797195,0.29283569062501186,0.13305048136287487,False
1997-05-23 15:00:00,0.41764927,0.034752034,0.025334232,0.2551751771941781,0.13478812910859436,False
1997-05-23 16:00:00,0.332047,0.036420215,0.026550336,0.2064638881459832,0.13637787516956956,False
1997-05-23 17:00:00,0.22138152,0.03786055,0.027600339,0.14319809554144738,0.13770671377492566,False
1997-05-23 18:00:00,0.11904107,0.036380596,0.026521452,0.08354329607635735,0.1387014139719009,False
1997-05-23 19:00:00,0.03832696,0.03324074,0.024232501,0.035689043801277874,0.13926220334513853,False
1997-05-23 20:00:00,0.0014157105,0.02772602,0.02021227,0.012139229207881727,0.1394841862862282,False
1997-05-23 21:00:00,0.0,0.022154396,0.016150555,0.009047102222219109,0.13945515614903728,False
1997-05-23 22:00:00,0.0,0.016246872,0.011843969,0.006634670108556747,0.13943223190265439,False
1997-05-23 23:00:00,0.0,0.013849425,0.010096232,0.005655634422786535,0.13940944049249832,False
1997-05-24 00:00:00,0.0,0.01278308,0.009318864,0.005220175299793482,0.13937933931539032,False
1997-05-24 01:00:00,0.0,0.012581763,0.009172105,0.005137964176945389,0.13934459975686356,False
1997-05-24 02:00:00,0.0,0.013792179,0.0100545,0.005632256892509758,0.13929781941125136,False
1997-05-24 03:00:00,1.6596434e-05,0.015122896,0.011024591,0.006185252680010308,0.13923486398129922,False
1997-05-24 04:00:00,0.011933672,0.015821997,0.0115342345,0.013346894468180834,0.13913791088049854,False
1997-05-24 05:00:00,0.081574954,0.016341323,0.011912824,0.05374198918789625,0.13909720921140095,False
1997-05-24 06:00:00,0.19747752,0.016906388,0.012324756,0.12084852279350161,0.139452192131586,False
1997-05-24 07:00:00,0.31635997,0.017065892,0.012441035,0.18950883101113142,0.14039911762751184,False
1997-05-24 08:00:00,0.44140962,0.018490586,0.013479638,0.26224427623115476,0.1418878159567451,False
1997-05-24 09:00:00,0.5149328,0.01858986,0.013552009,0.30470769886672494,0.14389590635486424,False
1997-05-24 10:00:00,0.59124273,0.017435962,0.012710817,0.3482673097942024,0.14629589688500555,False
1997-05-24 11:00:00,0.6286891,0.01791535,0.01306029,0.37006963625922795,0.14894288312785492,False
1997-05-24 12:00:00,0.6316221,0.018797697,0.013703521,0.3721222784016281,0.1514981823946397,False
1997-05-24 13:00:00,0.6079506,0.020876743,0.015219145,0.3593128642272204,0.15414355757892764,False
1997-05-24 14:00:00,0.56035644,0.022920074,0.016708734,0.3326854437123984,0.1565704233701699,False
1997-05-24 15:00:00,0.46742126,0.028646441,0.020883255,0.2814003015626222,0.15859586067852888,False
1997-05-24 16:00:00,0.37807542,0.031510588,0.022971217,0.23101737042143938,0.1601192629506898,False
1997-05-24 17:00:00,0.25739884,0.029633164,0.021602575,0.1606203095540404,0.16099944989592857,False
1997-05-24 18:00:00,0.13925157,0.019147003,0.013958165,0.08816714376769959,0.1615110096906825,False
1997-05-24 19:00:00,0.04511107,0.015021137,0.01095041,0.03216320981923491,0.1616177771661711,False
1997-05-24 20:00:00,0.0018299586,0.013743849,0.010019265,0.006668406561133452,0.16149718143474787,False
1997-05-24 21:00:00,0.0,0.013109537,0.009556852,0.005353489117696881,0.16133322896206995,False
1997-05-24 22:00:00,0.0,0.011378899,0.008295217,0.004646755507215858,0.16119625132654222,False
1997-05-24 23:00:00,0.0,0.010338913,0.0075370674,0.0042220604326575996,0.16109524372375347,False
1997-05-25 00:00:00,0.0,0.009338217,0.00680756,0.003813410265371203,0.16100229167089458,False
1997-05-25 01:00:00,0.0,0.00936987,0.006830635,0.0038263362161815168,0.1609112526512287,False
1997-05-25 02:00:00,0.0,0.008982152,0.006547988,0.003668005342595279,0.1608238817436028,False
1997-05-25 03:00:00,2.2531964e-05,0.00798924,0.0058241556,0.0032755348628961656,0.16074414280023086,False
1997-05-25 04:00:00,0.014232106,0.007015848,0.005114554,0.011076958767604084,0.16067863484056216,False
1997-05-25 05:00:00,0.0975569,0.008136175,0.0059312717,0.059612866399809714,0.1606535428340952,False
1997-05-25 06:00:00,0.23066692,0.010781172,0.007859475,0.13749747717101127,0.16069810408395885,False
1997-05-25 07:00:00,0.3743663,0.014291536,0.010418531,0.2218455401845276,0.16087399905880617,False
1997-05-25 08:00:00,0.5212502,0.01510787,0.011013637,0.30693089915998273,0.16106725748814038,False
1997-05-25 09:00:00,0.6385711,0.015505955,0.01130384,0.37478761983290315,0.16120734198546055,False
1997-05-25 10:00:00,0.7289352,0.013391184,0.009762172,0.4260641041193158,0.16178784306936603,False
1997-05-25 11:00:00,0.7763877,0.012842091,0.009361884,0.45321997121535235,0.16224406402716585,False
1997-05-25 12:00:00,0.789024,0.011541795,0.008413969,0.459980121999979,0.16251742638223976,False
1997-05-25 13:00:00,0.7474431,0.01183877,0.008630464,0.4361092081386596,0.16258613360121552,False
1997-05-25 14:00:00,0.66664153,0.013234492,0.009647944,0.39005668142624195,0.16238991642226636,False
1997-05-25 15:00:00,0.5590175,0.014069243,0.010256479,0.32829848625790325,0.16224728843755415,False
1997-05-25 16:00:00,0.42046085,0.014954602,0.010901904,0.24871286151744423,0.16200435277706493,False
1997-05-25 17:00:00,0.28082806,0.013995229,0.010202522,0.16775296568963674,0.16137683106527526,False
1997-05-25 18:00:00,0.14632012,0.010386335,0.0075716376,0.08866813489980994,0.16095983619044396,False
1997-05-25 19:00:00,0.045583118,0.008813147,0.006424784,0.029900448692962524,0.16090866387859934,False
1997-05-25 20:00:00,0.0019094256,0.0077571883,0.00565499,0.004269510519341566,0.16125487377841274,False
1997-05-25 21:00:00,0.0,0.0060538235,0.004413238,0.0024721757168881596,0.16180954129594347,False
1997-05-25 22:00:00,0.0,0.004374275,0.0031888464,0.0017863051746971905,0.1623934899879011,False
1997-05-25 23:00:00,0.0,0.0029236907,0.0021313706,0.0011939358855597676,0.16305926232757947,False
1997-05-26 00:00:00,0.0,0.0020822065,0.0015179286,0.0008503023558296263,0.16378854967568504,False
1997-05-26 01:00:00,0.0,0.002312045,0.001685481,0.0009441606109030545,0.16456414030395417,False
1997-05-26 02:00:00,0.0,0.0044195345,0.0032218406,0.001804787610657513,0.16536958723953893,False
1997-05-26 03:00:00,2.8438682e-05,0.007406252,0.0053991578,0.003040870615912354,0.16620804555215607,False
1997-05-26 04:00:00,0.013062171,0.011278132,0.0082217585,0.012142478157766161,0.1671004322571782,False
1997-05-26 05:00:00,0.08629114,0.0149153955,0.010873322,0.055880929181352255,0.16790826109280704,False
1997-05-26 06:00:00,0.21171393,0.017466065,0.01273276,0.12929148158617318,0.16825555639209586,False
1997-05-26 07:00:00,0.33088613,0.019257091,0.014038418,0.19878523561917244,0.1680583165595119,False
1997-05-26 08:00:00,0.45025843,0.02244019,0.016458998,0.26896833210252225,0.1676557987300335,False
1997-05-26 09:00:00,0.5562856,0.028318055,0.021214556,0.3325717508941889,0.1667843649631255,False
1997-05-26 10:00:00,0.61465895,0.03767973,0.029701473,0.37016591576859353,0.16555603797681448,False
1997-05-26 11:00:00,0.62711823,0.05152201,0.04318869,0.3831910293027759,0.1637296118446592,False
1997-05-26 12:00:00,0.60721594,0.060017504,0.053892,0.37542022491246463,0.1620988352591526,False
1997-05-26 13:00:00,0.5570514,0.06820928,0.06123231,0.3498944396376609,0.16042554503906337,False
1997-05-26 14:00:00,0.50872314,0.07735581,0.06966213,0.3258393004462123,0.15938641226887365,False
1997-05-26 15:00:00,0.40587246,0.08514444,0.07653112,0.2697393898591399,0.1590002226392006,False
1997-05-26 16:00:00,0.28745446,0.08371921,0.07671702,0.20089632825553416,0.15911494723191377,False
1997-05-26 17:00:00,0.18436167,0.08166945,0.075774945,0.14060455556213855,0.1595231527722601,False
1997-05-26 18:00:00,0.09085756,0.079410486,0.07377023,0.0857108727991581,0.16009832231163018,False
1997-05-26 19:00:00,0.02650822,0.0798994,0.07413266,0.04878128501027822,0.16083175131587438,False
1997-05-26 20:00:00,0.0009263749,0.07818629,0.072355345,0.033292447402607644,0.16157429995424707,False
1997-05-26 21:00:00,0.0,0.079792544,0.07295514,0.03338302633166313,0.16238357147129914,False
1997-05-26 22:00:00,0.0,0.08772654,0.07838397,0.036603827811777595,0.16319370831090105,False
1997-05-26 23:00:00,0.0,0.09393669,0.084541015,0.03922785314172506,0.16410709934283707,False
1997-05-27 00:00:00,0.0,0.09816367,0.08924751,0.041041760422289374,0.1649478896796432,False
1997-05-27 01:00:00,0.0,0.10166271,0.09211572,0.04248778912425041,0.16578301212410637,False
1997-05-27 02:00:00,0.0,0.10515574,0.094658054,0.04391400434821844,0.16661163147632807,False
1997-05-27 03:00:00,1.3052403e-05,0.11054863,0.09833557,0.04611009670395742,0.16739690898644816,False
1997-05-27 04:00:00,0.005991255,0.111327656,0.09844229,0.04985274287778884,0.1681587693026281,False
1997-05-27 05:00:00,0.04666845,0.11858945,0.103626594,0.07628304076567291,0.16887794841130882,False
1997-05-27 06:00:00,0.121380106,0.13969795,0.11935369,0.1280299652069807,0.16949779036656173,False
1997-05-27 07:00:00,0.22508816,0.17559378,0.14545758,0.20252468436956403,0.1697433853824188,False
1997-05-27 08:00:00,0.33141068,0.1787582,0.1465989,0.2651020783483982,0.16939332287602898,False
1997-05-27 09:00:00,0.41880608,0.17958388,0.1464883,0.315827924489975,0.16880238437267947,False
1997-05-27 10:00:00,0.49404758,0.1285613,0.109093964,0.3383956497758626,0.1679053198125865,False
1997-05-27 11:00:00,0.53881186,0.15479663,0.12830174,0.3749426951110363,0.16700028656123822,False
1997-05-27 12:00:00,0.5320809,0.1757272,0.14459594,0.37966219143569463,0.1665858092782584,False
1997-05-27 13:00:00,0.53559494,0.18687856,0.15248825,0.3862308351695537,0.1664503078350052,False
1997-05-27 14:00:00,0.49614835,0.20661116,0.16671233,0.3715195792019367,0.16686013584253684,False
1997-05-27 15:00:00,0.43355867,0.20259228,0.1645437,0.3338052667081356,0.1669555656310357,False
1997-05-27 16:00:00,0.33079305,0.18741094,0.15341668,0.26830672745406625,0.16742590807094546,False
1997-05-27 17:00:00,0.22440287,0.15921642,0.13203308,0.19536110357940195,0.16802966391275323,False
1997-05-27 18:00:00,0.1221342,0.12873541,0.10922088,0.12387272710353135,0.16864157717841363,False
1997-05-27 19:00:00,0.03558457,0.10818814,0.09424193,0.06554278333485127,0.16892320581847176,False
1997-05-27 20:00:00,0.0017887843,0.10101792,0.08901484,0.04311454333784058,0.16877002813119435,False
1997-05-27 21:00:00,0.0,0.09924581,0.08772297,0.04135874401777983,0.16835957688303715,False
1997-05-27 22:00:00,0.0,0.109644845,0.09574309,0.045629074707627296,0.16787713825901557,False
1997-05-27 23:00:00,0.0,0.099789254,0.087585874,0.04155187205225229,0.1673208310741564,False
1997-05-28 00:00:00,0.0,0.09840768,0.08562493,0.040936179690062996,0.16673550024408434,False
1997-05-28 01:00:00,0.0,0.09820214,0.08298704,0.0407178895175457,0.16611265438505035,False
1997-05-28 02:00:00,0.0,0.095450245,0.07920311,0.039498108096420764,0.16546519396233894,False
1997-05-28 03:00:00,4.1923286e-05,0.09587886,0.07790141,0.039610165792550105,0.1648112451387668,False
1997-05-28 04:00:00,0.010300392,0.098779045,0.079079285,0.04666307537443936,0.16418195161240356,False
1997-05-28 05:00:00,0.06287242,0.120097354,0.093333974,0.08563334303349256,0.16375842694113057,False
1997-05-28 06:00:00,0.1513955,0.13114636,0.09873766,0.14108004234731197,0.16385324628004522,False
1997-05-28 07:00:00,0.22943291,0.12140177,0.08892948,0.18198223531246185,0.1644600948626706,False
1997-05-28 08:00:00,0.34403673,0.10304561,0.0753752,0.24060328394174574,0.16496786330536967,False
1997-05-28 09:00:00,0.43797454,0.09008144,0.06594982,0.28951265200972554,0.16575535561165178,False
1997-05-28 10:00:00,0.52055126,0.06456522,0.047068045,0.32672431970387694,0.16670009682224157,False
1997-05-28 11:00:00,0.58148897,0.06801983,0.049586456,0.36329611971974374,0.16787911592010124,False
1997-05-28 12:00:00,0.5876225,0.073115684,0.053301338,0.3689161556363106,0.16875276795485084,False
1997-05-28 13:00:00,0.5860746,0.07689461,0.05605618,0.3695661839991808,0.16990376469948354,False
1997-05-28 14:00:00,0.5179025,0.077357545,0.056393653,0.3304199302941561,0.17054043808010433,False
1997-05-28 15:00:00,0.45145023,0.077942446,0.056820046,0.2923158269748092,0.1711143254760873,False
1997-05-28 16:00:00,0.34618846,0.07377174,0.053779602,0.22987660866230725,0.17151633485054935,False
1997-05-28 17:00:00,0.25223854,0.059835427,0.043620024,0.169976392313838,0.17187536963810238,False
1997-05-28 18:00:00,0.14176844,0.04267901,0.031112999,0.0992290475219488,0.17234195006752723,False
1997-05-28 19:00:00,0.047743533,0.033990923,0.024779387,0.04142875602096319,0.17290958530492176,False
1997-05-28 20:00:00,0.0025571475,0.029667782,0.021627814,0.013590787491062656,0.17346233851925807,False
1997-05-28 21:00:00,0.0,0.025041195,0.018255029,0.010225972378626467,0.17390568418599012,False
1997-05-28 22:00:00,0.0,0.02424561,0.01767505,0.009901082938537002,0.1742596354683237,False
1997-05-28 23:00:00,0.0,0.027259795,0.019872388,0.01113197329826653,0.17443230681990554,False
1997-05-29 00:00:00,0.0,0.027292084,0.01989593,0.011145159188657999,0.17456900138764922,False
1997-05-29 01:00:00,0.0,0.02793986,0.020368159,0.011409688834100961,0.17462892089209797,False
1997-05-29 02:00:00,0.0,0.030662457,0.022407673,0.012524460816755891,0.17464159188217762,False
1997-05-29 03:00:00,5.5206194e-05,0.038846593,0.028477047,0.015904007438522966,0.17463651505143662,False
1997-05-29 04:00:00,0.0145102395,0.051690966,0.03846637,0.029523558656685052,0.1746067895990384,False
1997-05-29 05:00:00,0.09141042,0.06856993,0.051634308,0.08083436903357505,0.17460129348375045,False
1997-05-29 06:00:00,0.21239443,0.084261134,0.065088,0.15715869717299938,0.1746420392484108,False
1997-05-29 07:00:00,0.32396245,0.097028516,0.07717988,0.22689756961911917,0.1750586909768186,False
1997-05-29 08:00:00,0.44711354,0.10865289,0.08933848,0.30290170904994007,0.17602502754532565,False
1997-05-29 09:00:00,0.535667,0.12565245,0.10610906,0.3611755025982857,0.17724185016984262,False
1997-05-29 10:00:00,0.5829942,0.14114812,0.1206897,0.3949885664731264,0.1789428523203062,False
1997-05-29 11:00:00,0.6090851,0.1572744,0.13706756,0.4168779927790165,0.18084816052081829,False
1997-05-29 12:00:00,0.627005,0.17580001,0.15292513,0.43491003517806526,0.1826537593856158,False
1997-05-29 13:00:00,0.5892665,0.18460755,0.16044839,0.4167911574393511,0.1847412637776399,False
1997-05-29 14:00:00,0.5485922,0.19851151,0.17180966,0.39906617420911783,0.18637649682769694,False
1997-05-29 15:00:00,0.4598919,0.2113459,0.18069376,0.3531017166823148,0.18819752914396568,False
1997-05-29 16:00:00,0.34555498,0.20753568,0.1773057,0.28554039725661273,0.18939502486990287,False
1997-05-29 17:00:00,0.24070218,0.18986987,0.1631449,0.21775696419179438,0.19036151178693542,False
1997-05-29 18:00:00,0.13460071,0.17690514,0.1514187,0.15111921849846838,0.19080517310400946,False
1997-05-29 19:00:00,0.042509835,0.16262567,0.13959056,0.09207493762299418,0.1909629468638076,False
1997-05-29 20:00:00,0.0024644264,0.15190667,0.12814075,0.06439513534097932,0.19092700870408974,False
1997-05-29 21:00:00,0.0,0.14118394,0.11576909,0.058348405569791796,0.1908387202959677,False
1997-05-29 22:00:00,0.0,0.13087714,0.10414141,0.05391729958355427,0.1907844661572419,False
1997-05-29 23:00:00,0.0,0.11675297,0.09317345,0.048113211303949355,0.19072875385165045,False
1997-05-30 00:00:00,0.0,0.10600864,0.0869468,0.04381231590360403,0.1906652129518736,False
1997-05-30 01:00:00,0.0,0.0998652,0.082885906,0.041326097041368484,0.19060497955318373,False
1997-05-30 02:00:00,0.0,0.09475526,0.07943942,0.0392544202208519,0.1905322633859871,False
1997-05-30 03:00:00,6.17468e-05,0.09195941,0.07804989,0.03818334407743532,0.19042105247806124,False
1997-05-30 04:00:00,0.013423116,0.09318503,0.07905274,0.04639926184061915,0.19022703303121896,False
1997-05-30 05:00:00,0.08315672,0.095518194,0.080768496,0.08758913973718882,0.18995826583591147,False
1997-05-30 06:00:00,0.19561209,0.116636895,0.095780306,0.1610793253108859,0.1896558322290534,False
1997-05-30 07:00:00,0.30791286,0.12311934,0.09758586,0.2283663906008005,0.189474579330017,False
1997-05-30 08:00:00,0.4294292,0.12489268,0.09527259,0.299010769918561,0.18968245753547655,False
1997-05-30 09:00:00,0.5548785,0.12458786,0.093017675,0.3711607552319765,0.19014048709094383,False
1997-05-30 10:00:00,0.65770495,0.094647974,0.06959732,0.41817911332845686,0.1911132612002813,False
1997-05-30 11:00:00,0.7118259,0.09601884,0.07056229,0.4499648652300238,0.1921936309194302,False
1997-05-30 12:00:00,0.7401426,0.10286891,0.075842015,0.46911636645346877,0.19361858695864534,False
1997-05-30 13:00:00,0.7057988,0.0997758,0.07396649,0.44805737040191884,0.19502337423955257,False
1997-05-30 14:00:00,0.65650445,0.09547513,0.07029796,0.41782948147505516,0.19645868576126652,False
1997-05-30 15:00:00,0.5458656,0.08529401,0.06217934,0.3497956218197942,0.1972859474050612,False
1997-05-30 16:00:00,0.42707586,0.07308446,0.053278565,0.27626798067986963,0.19783552519971984,False
1997-05-30 17:00:00,0.29501188,0.051547587,0.03757819,0.19127213553339242,0.19820429864800082,False
1997-05-30 18:00:00,0.16459274,0.028974438,0.021122364,0.10680218799225986,0.19836966571765496,False
1997-05-30 19:00:00,0.05458452,0.020100731,0.014653433,0.03970372435450554,0.1981042330927325,False
1997-05-30 20:00:00,0.0032518061,0.018308703,0.013347045,0.009352943901205434,0.19764251062633637,False
1997-05-30 21:00:00,0.0,0.018664075,0.0136061115,0.007621773719787598,0.19715592776908047,False
1997-05-30 22:00:00,0.0,0.017697096,0.012901183,0.0072268922701478,0.1968019857738956,False
1997-05-30 23:00:00,0.0,0.019791095,0.0144277075,0.008082010108977557,0.19666644196322627,False
1997-05-31 00:00:00,0.0,0.020212153,0.014734659,0.008253956051543354,0.19664897161972217,False
1997-05-31 01:00:00,0.0,0.019392684,0.014137266,0.007919312808662652,0.19663888748612693,False
1997-05-31 02:00:00,0.0,0.017597785,0.012828787,0.007186337236315012,0.1965662780694521,False
1997-05-31 03:00:00,8.376012e-05,0.016021766,0.011679867,0.006591073990093718,0.19646488868555495,False
1997-05-31 04:00:00,0.017098648,0.016545974,0.012062015,0.01662273328192532,0.19638360800894344,False
1997-05-31 05:00:00,0.10013079,0.020917732,0.015249027,0.06631755590438843,0.19640060460850264,False
1997-05-31 06:00:00,0.2319288,0.035839524,0.02612701,0.14845855801925065,0.19657434447702932,False
1997-05-31 07:00:00,0.36934105,0.058197647,0.04242608,0.23687572348117825,0.19707224037144624,False
1997-05-31 08:00:00,0.5078772,0.07797417,0.05684317,0.32488712771236894,0.19804631170121623,False
1997-05-31 09:00:00,0.6309294,0.107311554,0.07823012,0.4078686598464846,0.1993594100166762,False
1997-05-31 10:00:00,0.71585286,0.082766965,0.060337123,0.4468463129922748,0.20053131838192834,False
1997-05-31 11:00:00,0.7604108,0.113914624,0.08304376,0.4852758826613426,0.2011576620028694,False
1997-05-31 12:00:00,0.77075964,0.14106776,0.10291682,0.5023398246616124,0.20160015366788622,False
1997-05-31 13:00:00,0.72964174,0.15833618,0.11586629,0.4856861104816198,0.20167756394284755,False
1997-05-31 14:00:00,0.641129,0.16855273,0.12309878,0.4387747331112623,0.20184076556721992,False
1997-05-31 15:00:00,0.5386573,0.16817312,0.12259821,0.3794814508259296,0.20190943885706655,False
1997-05-31 16:00:00,0.41280484,0.15930104,0.11613045,0.3032415227741003,0.2023629462300208,False
1997-05-31 17:00:00,0.29193273,0.14019139,0.10219952,0.2256945835351944,0.20298324746579843,False
1997-05-31 18:00:00,0.16714886,0.10251198,0.0760489,0.13837845250219105,0.20376500394990338,False
1997-05-31 19:00:00,0.056149773,0.09163096,0.06855586,0.06991225923597813,0.2049409696395305,False
1997-05-31 20:00:00,0.0035818045,0.095052734,0.07218515,0.04103915819269605,0.2063951545425176,False
1997-05-31 21:00:00,0.0,0.10073104,0.077582166,0.0413591898009181,0.20782755434440814,False
1997-05-31 22:00:00,0.0,0.11490648,0.09279083,0.04741119667142629,0.2090278589802086,False
1997-05-31 23:00:00,0.0,0.11471061,0.09160039,0.0472746348157525,0.21008973360874125,False
1997-06-01 00:00:00,0.0,0.10508614,0.08428688,0.04332827749103308,0.21086388662641303,False
1997-06-01 01:00:00,0.0,0.09176939,0.07366556,0.037840845040977,0.21147114404579526,False
1997-06-01 02:00:00,0.0,0.083526984,0.06604209,0.034387729793787,0.21194638700256954,False
1997-06-01 03:00:00,9.502611e-05,0.083227955,0.065109745,0.03428187160008383,0.21235295524829897,False
1997-06-01 04:00:00,0.015689105,0.09275614,0.07287908,0.04721509861946106,0.21274184506019578,False
1997-06-01 05:00:00,0.091136776,0.10537952,0.08254982,0.09592865342646836,0.2131338149247241,False
1997-06-01 06:00:00,0.20357415,0.16452833,0.12602021,0.18497832824289798,0.2134212548552873,False
1997-06-01 07:00:00,0.31906223,0.22204426,0.16830693,0.27512181442976,0.21351174030509004,False
1997-06-01 08:00:00,0.43810433,0.26664785,0.20111546,0.36203948906064026,0.21350818648773093,False
1997-06-01 09:00:00,0.5199841,0.3104862,0.23726128,0.4274123567640781,0.21308110788598195,False
1997-06-01 10:00:00,0.5667872,0.29555106,0.2249826,0.4482436071336269,0.21230781226940612,False
1997-06-01 11:00:00,0.5796023,0.33338135,0.25474477,0.4712044651508331,0.21122602832637266,False
1997-06-01 12:00:00,0.5610798,0.36285207,0.28141856,0.47283205965161323,0.209628323751286,False
1997-06-01 13:00:00,0.52815545,0.36749983,0.28773925,0.45589104837179184,0.2072284368586432,False
1997-06-01 14:00:00,0.47293693,0.3604295,0.28227237,0.42112579938769334,0.2047511739889331,False
1997-06-01 15:00:00,0.39564604,0.3487725,0.26998448,0.37156397572159766,0.20230270001495726,False
1997-06-01 16:00:00,0.31037632,0.3089593,0.23980226,0.3060424399971962,0.2001210760710311,False
1997-06-01 17:00:00,0.21640128,0.25259408,0.19862393,0.2287964467704296,0.19834522853987452,False
1997-06-01 18:00:00,0.119184785,0.22943704,0.18178988,0.16324854109436274,0.19676001870292398,False
1997-06-01 19:00:00,0.0455248,0.20204462,0.16078381,0.10950459969788788,0.19574717504532854,False
1997-06-01 20:00:00,0.0034779042,0.18496437,0.14536166,0.07810813439195044,0.19508723145954004,False
1997-06-01 21:00:00,0.0,0.15872413,0.12346653,0.06523639623820782,0.19442995933119056,False
1997-06-01 22:00:00,0.0,0.1413665,0.1117155,0.05819687443971634,0.19366807876016795,False
1997-06-01 23:00:00,0.0,0.109830216,0.0872964,0.04524135495722294,0.19275205006440485,False
1997-06-02 00:00:00,0.0,0.09085942,0.0717627,0.03740231218189001,0.1918054410829962,False
1997-06-02 01:00:00,0.0,0.07485583,0.05757731,0.0307309747338295,0.1909259552356114,False
1997-06-02 02:00:00,0.0,0.065094836,0.049659602,0.026701613031327724,0.19015318954501964,False
1997-06-02 03:00:00,0.00011692417,0.061435092,0.04668094,0.025257784961140714,0.18944670640903022,False
1997-06-02 04:00:00,0.017500825,0.061799698,0.04694856,0.035437286779284476,0.1887424687255946,False
1997-06-02 05:00:00,0.09296499,0.06461668,0.04870958,0.08011467257142067,0.18798708202148612,False
1997-06-02 06:00:00,0.20919375,0.07847376,0.058152724,0.1528018596097827,0.18709674270121285,False
1997-06-02 07:00:00,0.3475323,0.08854169,0.06494666,0.236705140247941,0.1856344859755148,False
1997-06-02 08:00:00,0.46558046,0.0875326,0.06384995,0.3043873548284173,0.18367817378970175,False
1997-06-02 09:00:00,0.5823905,0.08500012,0.06196509,0.3707504702508449,0.18141452182437506,False
1997-06-02 10:00:00,0.6246226,0.08451598,0.061612148,0.39492068372666833,0.17877648860327763,False
1997-06-02 11:00:00,0.6488835,0.08370009,0.061017364,0.4085860630571842,0.17692698899206938,False
1997-06-02 12:00:00,0.62110364,0.07044771,0.051356386,0.38714525381475684,0.17513615587088432,False
1997-06-02 13:00:00,0.5943953,0.058309007,0.04250727,0.36677749273553484,0.17322577004557202,False
1997-06-02 14:00:00,0.52094436,0.050599433,0.03688699,0.32124798236042257,0.17126596317746404,False
1997-06-02 15:00:00,0.44301888,0.04687365,0.034170896,0.27476350151747464,0.1691897903423481,False
1997-06-02 16:00:00,0.3474336,0.042931233,0.03129687,0.2180008412785828,0.16709145333776598,False
1997-06-02 17:00:00,0.23638038,0.032355852,0.023587419,0.14960451136156916,0.16502995731813097,False
1997-06-02 18:00:00,0.13699648,0.026238691,0.019128004,0.08976195693761109,0.1632823040624068,False
1997-06-02 19:00:00,0.05056193,0.022187775,0.016174888,0.03823496711812913,0.16165936643977147,False
1997-06-02 20:00:00,0.003803407,0.017865175,0.013023712,0.009490096031920985,0.16009682448060447,False
1997-06-02 21:00:00,0.0,0.011727035,0.0085490085,0.004788922391831874,0.1586197123833511,False
1997-06-02 22:00:00,0.0,0.008428271,0.0061442093,0.0034418192747980355,0.15735805741992526,False
1997-06-02 23:00:00,0.0,0.004499404,0.0032800657,0.0018374037081375716,0.15625132530396085,False
1997-06-03 00:00:00,0.0,0.0027253905,0.0019868098,0.0011129568165633827,0.15540744764198763,False
1997-06-03 01:00:00,0.0,0.0018319152,0.0013354662,0.0007480918925721198,0.1547228508743968,False
1997-06-03 02:00:00,0.0,0.0011669416,0.0008507003,0.00047653926629573107,0.15418282538714567,False
1997-06-03 03:00:00,0.00012859356,0.0009899558,0.00072167785,0.00047846279517398213,0.15373231329470155,False
1997-06-03 04:00:00,0.017990304,0.001410821,0.0010284885,0.010956536822253839,0.15331300968388312,False
1997-06-03 05:00:00,0.09081162,0.0019444877,0.0014175315,0.05319236605335026,0.15290693602756192,False
1997-06-03 06:00:00,0.19739503,0.0021869475,0.0015942849,0.11479000540939159,0.15253714409253855,False
1997-06-03 07:00:00,0.31238034,0.0023884731,0.0017411967,0.18121882951073348,0.15212842703184407,False
1997-06-03 08:00:00,0.4371877,0.0027595123,0.0020116842,0.25338419472496027,0.1515590531431238,False
1997-06-03 09:00:00,0.5186961,0.0036709607,0.0026761305,0.30078676215140143,0.1513086809314227,False
1997-06-03 10:00:00,0.62023383,0.0039001869,0.002843236,0.35946762579563074,0.15101509643030414,False
1997-06-03 11:00:00,0.66416174,0.0049542575,0.0036116543,0.3852444753339514,0.15113905022808102,False
1997-06-03 12:00:00,0.6557131,0.0068249856,0.004975415,0.3811335400366224,0.1513979612542765,False
1997-06-03 13:00:00,0.6212374,0.00824344,0.006009468,0.3618203187026084,0.15216204190395483,False
1997-06-03 14:00:00,0.5508825,0.00884082,0.006444958,0.32146950330212715,0.1528722769665728,False
1997-06-03 15:00:00,0.46288478,0.009205662,0.006710928,0.2708437995016575,0.15357409043166867,False
1997-06-03 16:00:00,0.3530734,0.008245755,0.0060111554,0.2070906310547143,0.15409692652174875,False
1997-06-03 17:00:00,0.24614969,0.00705426,0.005142556,0.14490909049566836,0.15459463562462403,False
1997-06-03 18:00:00,0.14186929,0.008543693,0.0062283524,0.0853475352078676,0.15484874429956955,False
1997-06-03 19:00:00,0.05205267,0.010941644,0.007976459,0.03450258565787226,0.1549628789303133,False
1997-06-03 20:00:00,0.0041094613,0.011841325,0.008632326,0.007206753723789006,0.15489452998825193,False
1997-06-03 21:00:00,0.0,0.011452858,0.008349135,0.004676957993768155,0.15475933558670898,False
1997-06-03 22:00:00,0.0,0.012424475,0.00905744,0.005073732873424888,0.1546682236655712,False
1997-06-03 23:00:00,0.0,0.011595547,0.008453153,0.004735227182507515,0.1546069862149622,False
1997-06-04 00:00:00,0.0,0.011121561,0.008107618,0.004541667337529361,0.15458024494133374,False
1997-06-04 01:00:00,0.0,0.011778041,0.008586191,0.004809751345776022,0.15456970630539094,False
1997-06-04 02:00:00,0.0,0.012432555,0.009063331,0.005077032594010234,0.15456732654017347,False
1997-06-04 03:00:00,0.00012934269,0.012382473,0.009026823,0.005131211641855771,0.15457209000870592,False
1997-06-04 04:00:00,0.017983448,0.013638016,0.0099421125,0.015945751275867222,0.15458417865574725,False
1997-06-04 05:00:00,0.097345375,0.015173591,0.011061548,0.062364659690298134,0.15462899357168192,False
1997-06-04 06:00:00,0.22008227,0.015172595,0.011060822,0.13318344069644808,0.15483481052020637,False
1997-06-04 07:00:00,0.35340008,0.013378554,0.009752966,0.20937519358936696,0.15530574790158364,False
1997-06-04 08:00:00,0.49858293,0.011477788,0.008367308,0.2923694886667653,0.1560927612362326,False
1997-06-04 09:00:00,0.6109321,0.0101638865,0.0074094743,0.3566584141971543,0.1570465201904438,False
1997-06-04 10:00:00,0.68609285,0.012231404,0.008916694,0.40087046601995824,0.15852607385789388,False
1997-06-04 11:00:00,0.722917,0.009527413,0.006945484,0.4210137923145666,0.15991812706731856,False
1997-06-04 12:00:00,0.7296428,0.0068987734,0.0050292066,0.42382112499931823,0.16150068890244135,False
1997-06-04 13:00:00,0.6912512,0.0049387626,0.0036003585,0.40086877574119717,0.1629848591571784,False
1997-06-04 14:00:00,0.61268353,0.0034690185,0.0025289145,0.35493502868502397,0.1645706975808322,False
1997-06-04 15:00:00,0.51794827,0.0024573107,0.0017913796,0.299859633841319,0.1662290489687384,False
1997-06-04 16:00:00,0.41795617,0.001788019,0.0013034658,0.2418908782165963,0.16753057855365658,False
1997-06-04 17:00:00,0.27940652,0.0014304987,0.0010428336,0.16180172775895335,0.16873951390022737,False
1997-06-04 18:00:00,0.16429621,0.001081153,0.00078816066,0.0952404192133108,0.16956344826748376,False
1997-06-04 19:00:00,0.06003535,0.0007684773,0.0005602199,0.03495421789918327,0.17027217181876705,False
1997-06-04 20:00:00,0.0046646926,0.0007572549,0.0005520388,0.003000764757860452,0.17098296845799327,False
1997-06-04 21:00:00,0.0,0.0010175925,0.0007418249,0.0004155501772183925,0.17170064764359205,False
1997-06-04 22:00:00,0.0,0.0012303219,0.0008969046,0.0005024216455640271,0.17244144149497087,False
1997-06-04 23:00:00,0.0,0.0013561917,0.0009886636,0.0005538225739728659,0.1731705224345199,False
1997-06-05 00:00:00,0.0,0.0014866622,0.0010837767,0.0006071022913092747,0.17385694999329218,False
1997-06-05 01:00:00,0.0,0.0015521938,0.0011315492,0.0006338631621329114,0.17449713994777932,False
1997-06-05 02:00:00,0.0,0.0017268474,0.0012588718,0.0007051857558544724,0.17506164614669917,False
1997-06-05 03:00:00,0.00015579327,0.0023724432,0.001729511,0.0010587178531568497,0.17557767987379275,False
1997-06-05 04:00:00,0.020173198,0.0035941233,0.002620116,0.01310765278711915,0.17604976376229295,False
1997-06-05 05:00:00,0.10500893,0.006076478,0.0044297525,0.06307157958252355,0.17652999215764942,False
1997-06-05 06:00:00,0.23244017,0.008024712,0.0058500143,0.13739499971549957,0.17698145954500824,False
1997-06-05 07:00:00,0.37000212,0.0134787075,0.009825978,0.2189954695738852,0.17738637216322997,False
1997-06-05 08:00:00,0.50360906,0.021015942,0.015320621,0.2991646245270967,0.1779485295859804,False
1997-06-05 09:00:00,0.6219161,0.0317356,0.023135252,0.3718053381890058,0.17823830503539434,False
1997-06-05 10:00:00,0.71424925,0.034685455,0.025285698,0.4262861798480153,0.1785953217573481,False
1997-06-05 11:00:00,0.7645826,0.0490817,0.035780556,0.4612074434198438,0.1791000332664871,False
1997-06-05 12:00:00,0.7395006,0.06288936,0.045846343,0.4523737122640013,0.17949742946230282,False
1997-06-05 13:00:00,0.7079277,0.07215654,0.052602116,0.4379405630379915,0.18026883532808063,False
1997-06-05 14:00:00,0.63720286,0.081799954,0.05963217,0.40107036992162465,0.1812142866704068,False
1997-06-05 15:00:00,0.5171373,0.085533574,0.06235398,0.33331721957772964,0.18224409686825704,False
1997-06-05 16:00:00,0.39918852,0.08518768,0.06210182,0.26511952769011254,0.18330069409376573,False
1997-06-05 17:00:00,0.26718467,0.07417949,0.05407685,0.1844579401239753,0.1841148441345555,False
1997-06-05 18:00:00,0.15418929,0.07444069,0.054267265,0.11936626566946505,0.18496647656876575,False
1997-06-05 19:00:00,0.057731938,0.086404406,0.06344946,0.0686208243407309,0.18569787740214116,False
1997-06-05 20:00:00,0.004869959,0.094560005,0.07319901,0.04165535463253036,0.18650587601118027,False
1997-06-05 21:00:00,0.0,0.09745104,0.079178326,0.04023506285995245,0.18738478623685081,False
1997-06-05 22:00:00,0.0,0.09671345,0.0811547,0.04006961797177792,0.1882852490620659,False
1997-06-05 23:00:00,0.0,0.09089221,0.07675045,0.03768375000357627,0.18918204256634785,False
1997-06-06 00:00:00,0.0,0.084995806,0.07235801,0.03527078515291214,0.19004978669059494,False
1997-06-06 01:00:00,0.0,0.07694195,0.06508275,0.03190604889392853,0.1908672802272282,False
1997-06-06 02:00:00,0.0,0.07210392,0.060005665,0.02984665149450302,0.191638149353386,False
1997-06-06 03:00:00,0.00017213037,0.066976294,0.055141974,0.027791238289864847,0.19235872823452668,False
1997-06-06 04:00:00,0.01952729,0.06722812,0.054116488,0.03899671425297856,0.19306306708196852,False
1997-06-06 05:00:00,0.096416466,0.06892611,0.054982565,0.08403509428352116,0.193752552564258,False
1997-06-06 06:00:00,0.21229063,0.07313509,0.05816118,0.1526192463710904,0.19446020172894557,False
1997-06-06 07:00:00,0.3525368,0.08000347,0.06340254,0.23635874988138675,0.19521765413953318,False
1997-06-06 08:00:00,0.472468,0.08178092,0.06458374,0.3062787102386355,0.19613998811213934,False
1997-06-06 09:00:00,0.5833119,0.09059977,0.070239395,0.37379521685093636,0.19731735804959527,False
1997-06-06 10:00:00,0.6647186,0.10130194,0.077288054,0.4250966184586286,0.19865731404880077,False
1997-06-06 11:00:00,0.6826911,0.11268486,0.08509876,0.4400888097137212,0.20007822670557862,False
1997-06-06 12:00:00,0.7138082,0.11952683,0.09029418,0.46084860655665394,0.20164702826190445,False
1997-06-06 13:00:00,0.69084156,0.116088815,0.088853516,0.4462504401728511,0.20351386024984547,False
1997-06-06 14:00:00,0.6195712,0.1142009,0.08765184,0.40436591818183654,0.20541606271914223,False
1997-06-06 15:00:00,0.5310438,0.107604474,0.08255484,0.3505763006657362,0.20684892096598648,False
1997-06-06 16:00:00,0.4150284,0.10099677,0.0783498,0.2809700801745057,0.20821964591084996,False
1997-06-06 17:00:00,0.28477752,0.0933947,0.072237246,0.20268008460104464,0.20922212884027214,False
1997-06-06 18:00:00,0.15882134,0.09425084,0.07276264,0.13034765921533106,0.20995121119973886,False
1997-06-06 19:00:00,0.057764754,0.09827538,0.07674581,0.07373815113306047,0.2103137927860489,False
1997-06-06 20:00:00,0.004974724,0.10251551,0.08314475,0.045188455590046944,0.21040659089358538,False
1997-06-06 21:00:00,0.0,0.1052716,0.08875084,0.04363776578754187,0.21044662364461902,False
1997-06-06 22:00:00,0.0,0.10499224,0.08900691,0.04354850985109806,0.21044002229935932,False
1997-06-06 23:00:00,0.0,0.10165197,0.08696231,0.042205540537834166,0.21034789684909838,False
1997-06-07 00:00:00,0.0,0.09597718,0.082059495,0.03984679204970598,0.21024900276476027,False
1997-06-07 01:00:00,0.0,0.09065869,0.07745418,0.0376355812177062,0.21009917598573002,False
1997-06-07 02:00:00,0.0,0.085045256,0.072430976,0.0352929720506072,0.20992509261734293,False
1997-06-07 03:00:00,0.00019074374,0.08369888,0.07170436,0.03486698253036593,0.20973662531498333,False
1997-06-07 04:00:00,0.02037414,0.082923174,0.07126715,0.04620295593701303,0.2095416968996272,False
1997-06-07 05:00:00,0.10427157,0.088797934,0.07606679,0.0970387394875288,0.2093267759652599,False
1997-06-07 06:00:00,0.23671566,0.08939566,0.077421896,0.17375271542370319,0.20890503247072378,False
1997-06-07 07:00:00,0.3823364,0.102683134,0.08832067,0.26326750025898216,0.20805573419758816,False
1997-06-07 08:00:00,0.5338738,0.11485907,0.09722602,0.35567838152498005,0.20654879378587396,False
1997-06-07 09:00:00,0.661084,0.13218206,0.10930703,0.4361232261508703,0.20503227681889585,False
1997-06-07 10:00:00,0.76057017,0.13476487,0.10949565,0.494489987373352,0.20321191626668675,False
1997-06-07 11:00:00,0.81316656,0.16328761,0.13073492,0.5365099181234836,0.20134554913055852,False
1997-06-07 12:00:00,0.8096692,0.18164505,0.1439907,0.5419816476851701,0.19970844849654862,False
1997-06-07 13:00:00,0.78292227,0.18817022,0.14935778,0.5292462815642357,0.19753356254680782,False
1997-06-07 14:00:00,0.68061066,0.18705326,0.15023264,0.4698475657701492,0.1951046059473674,False
1997-06-07 15:00:00,0.5646875,0.17733054,0.14541419,0.3991120169311762,0.19283020766038528,False
1997-06-07 16:00:00,0.43316928,0.1528583,0.12769116,0.3132387083023786,0.1909114787035878,False
1997-06-07 17:00:00,0.290968,0.124408826,0.10478704,0.21945389337837695,0.18914947272035681,False
1997-06-07 18:00:00,0.15816501,0.10971124,0.09306529,0.13677018181234596,0.18774128358894415,False
1997-06-07 19:00:00,0.05243537,0.10312654,0.088263564,0.07307513350248337,0.18672642025481367,False
1997-06-07 20:00:00,0.0040302537,0.09924627,0.085733265,0.0435769266821444,0.18607979900962132,False
1997-06-07 21:00:00,0.0,0.096092686,0.08259254,0.03991819828748703,0.1855913876298567,False
1997-06-07 22:00:00,0.0,0.08607967,0.07192958,0.03564759635925293,0.1850908087774863,False
1997-06-07 23:00:00,0.0,0.07988719,0.06404558,0.032936833955347536,0.18458459976373554,False
1997-06-08 00:00:00,0.0,0.06842007,0.0524462,0.028079099759459495,0.18405002893495687,False
1997-06-08 01:00:00,0.0,0.057579838,0.04264976,0.02355004721134901,0.18349418219143837,False
1997-06-08 02:00:00,0.0,0.05087716,0.037528675,0.02080022098124027,0.1829366727598229,False
1997-06-08 03:00:00,0.00020382497,0.044812277,0.032987725,0.01843467435277125,0.18240201846929113,False
1997-06-08 04:00:00,0.017732598,0.045130014,0.03325602,0.02868050940334797,0.18188157616428813,False
1997-06-08 05:00:00,0.07786569,0.04613309,0.034070246,0.06379140654578805,0.18130415450767243,False
1997-06-08 06:00:00,0.16001564,0.047751736,0.03525024,0.11185292926058171,0.18051709856971107,False
1997-06-08 07:00:00,0.24673611,0.05297982,0.039061513,0.16402561011910435,0.17960659640601773,False
1997-06-08 08:00:00,0.36370414,0.057805907,0.042559713,0.23348589582368728,0.17819781164081083,False
1997-06-08 09:00:00,0.45139673,0.063539304,0.046592444,0.2864179103448987,0.1763629392904037,False
1997-06-08 10:00:00,0.53886473,0.060157366,0.044221807,0.3355109959244728,0.17428420847290754,False
1997-06-08 11:00:00,0.5709833,0.078120075,0.059709497,0.36150797928124667,0.17167570580613117,False
1997-06-08 12:00:00,0.55617553,0.08652784,0.0668894,0.3564540809690952,0.16844514257019633,False
1997-06-08 13:00:00,0.5082355,0.088478565,0.06963039,0.32966052339971064,0.16536259776230838,False
1997-06-08 14:00:00,0.44957125,0.086365566,0.0726536,0.2951948004066944,0.16237979691259502,False
1997-06-08 15:00:00,0.3908118,0.07972368,0.06594193,0.2584773107394576,0.15986212816315643,False
1997-06-08 16:00:00,0.2945882,0.063921444,0.052396,0.19639379297941922,0.15779465653321645,False
1997-06-08 17:00:00,0.19713277,0.051724195,0.041762445,0.13508700629323722,0.15627189753190243,False
1997-06-08 18:00:00,0.10903856,0.045446604,0.03609578,0.08163421917706727,0.15521567550100945,False
1997-06-08 19:00:00,0.04112585,0.046069343,0.03650239,0.042700331363826984,0.1544261397740068,False
1997-06-08 20:00:00,0.003519971,0.04783026,0.038228143,0.021744709361344573,0.1537252067795413,False
1997-06-08 21:00:00,0.0,0.04757254,0.038068783,0.01960998087376356,0.15297415045879914,False
1997-06-08 22:00:00,0.0,0.046709057,0.037311763,0.01925047719106078,0.15222902327381016,False
1997-06-08 23:00:00,0.0,0.040314276,0.03092913,0.016546140756458043,0.15156913034153113,False
1997-06-09 00:00:00,0.0,0.03217844,0.023931561,0.013166148360818624,0.1509833217550273,False
1997-06-09 01:00:00,0.0,0.026630837,0.01941388,0.010875128500163554,0.15049220441241923,False
1997-06-09 02:00:00,0.0,0.023580724,0.017190348,0.009629566105082631,0.15008841323859234,False
1997-06-09 03:00:00,0.00016440844,0.023975767,0.017478336,0.00988575189022231,0.14973833242193504,False
1997-06-09 04:00:00,0.016002651,0.022659052,0.016518451,0.018486716419458385,0.14943904642707118,False
1997-06-09 05:00:00,0.08587932,0.023772027,0.017329808,0.05926005446538329,0.14916446114099347,False
1997-06-09 06:00:00,0.19481379,0.04319913,0.03149217,0.13004861156642436,0.1491373583111632,False
1997-06-09 07:00:00,0.30808192,0.043790523,0.031923294,0.19564583152905105,0.14954546525541532,False
1997-06-09 08:00:00,0.43572563,0.039647818,0.028903257,0.2676045087054371,0.15053938127464997,False
1997-06-09 09:00:00,0.5538939,0.041010644,0.029896762,0.3363441469110548,0.15181687657645393,False
1997-06-09 10:00:00,0.6153725,0.034801964,0.025370637,0.36928185936808583,0.1534321598906993,False
1997-06-09 11:00:00,0.63352615,0.03893149,0.028381053,0.3814428827986121,0.15518620919258405,False
1997-06-09 12:00:00,0.6542221,0.040486626,0.029514754,0.39401949690654875,0.15708168968811237,False
1997-06-09 13:00:00,0.63915193,0.042317864,0.030849723,0.3860718407779932,0.15931459812312304,False
1997-06-09 14:00:00,0.57466054,0.04265863,0.031098142,0.3489994657970965,0.1616394099921329,False
1997-06-09 15:00:00,0.4927661,0.038072053,0.027754525,0.29987337869405745,0.1640956291529846,False
1997-06-09 16:00:00,0.39497474,0.029987443,0.021860845,0.24014627623930573,0.16597282191023222,False
1997-06-09 17:00:00,0.27777046,0.020769801,0.015141187,0.16875523589551447,0.1676816355624344,False
1997-06-09 18:00:00,0.16139868,0.014069313,0.010256529,0.0988724669162184,0.16889363508778926,False
1997-06-09 19:00:00,0.060207106,0.011486876,0.008373932,0.039430349768139424,0.16955961836124298,False
1997-06-09 20:00:00,0.0058721122,0.010133103,0.0073870313,0.007526223286520689,0.1696812026865733,False
1997-06-09 21:00:00,1.7287952e-07,0.010167334,0.0074119875,0.004152093408016341,0.16957984670826615,False
1997-06-09 22:00:00,0.0,0.00972837,0.0070919814,0.003972735609859228,0.1694861099647164,False
1997-06-09 23:00:00,0.0,0.011798293,0.008600955,0.004818021803162992,0.1694789651103124,False
1997-06-10 00:00:00,0.0,0.011032915,0.008042996,0.004505467314273119,0.16952280449720955,False
1997-06-10 01:00:00,0.0,0.010206704,0.0074406867,0.004168070867657661,0.1696257150659144,False
1997-06-10 02:00:00,0.0,0.0097861765,0.0071341232,0.003996341781690717,0.16977318941981456,False
1997-06-10 03:00:00,0.00020572664,0.009673289,0.0070518274,0.004068946599305491,0.1699481322709976,False
1997-06-10 04:00:00,0.020222496,0.009383826,0.0068408092,0.01550041567161679,0.17013078148553312,False
1997-06-10 05:00:00,0.10122722,0.009996833,0.007287692,0.06249047071393579,0.17040122371127062,False
1997-06-10 06:00:00,0.22203003,0.008156252,0.0059459074,0.1314420625846833,0.17077014705817067,False
1997-06-10 07:00:00,0.36239338,0.006446666,0.0046996195,0.2117335790423676,0.17110301152964907,False
1997-06-10 08:00:00,0.5069237,0.0056584277,0.0041249944,0.2948056703102775,0.17170044642577115,False
1997-06-10 09:00:00,0.62602407,0.006698948,0.004883533,0.36395150942867616,0.17249169627513902,False
1997-06-10 10:00:00,0.7209711,0.009072825,0.00661409,0.41970536241494116,0.17351295820987328,False
1997-06-10 11:00:00,0.77672213,0.010584555,0.0077161402,0.4524910430666059,0.17499729326343016,False
1997-06-10 12:00:00,0.79419357,0.013184248,0.009611315,0.46363368584960696,0.17684183437290768,False
1997-06-10 13:00:00,0.75374955,0.0155203985,0.011314372,0.44125149311218403,0.17835257933256693,False
1997-06-10 14:00:00,0.70362055,0.017396798,0.012682267,0.41309332012757655,0.1794307037580961,False
1997-06-10 15:00:00,0.5905496,0.019187324,0.01398756,0.34858256308734414,0.18019963719112653,False
1997-06-10 16:00:00,0.46797088,0.020564033,0.014991179,0.2784168482851237,0.1807709952227198,False
1997-06-10 17:00:00,0.320647,0.020201642,0.014726997,0.1932629835102707,0.18099224377360362,False
1997-06-10 18:00:00,0.18193455,0.021121202,0.015397355,0.11360141630284487,0.18110898713393925,False
1997-06-10 19:00:00,0.06594826,0.025669463,0.018744435,0.048536378979682916,0.18125228331403817,False
1997-06-10 20:00:00,0.0062948605,0.032406796,0.023877412,0.016879622402600943,0.1815966673716213,False
1997-06-10 21:00:00,2.8813255e-07,0.036989942,0.02705856,0.015110617183377228,0.18205322869804894,False
1997-06-10 22:00:00,0.0,0.046175648,0.034605745,0.018907524179667234,0.18250955755660175,False
1997-06-10 23:00:00,0.0,0.045617245,0.033660516,0.0186504313275218,0.18299777048873578,False
1997-06-11 00:00:00,0.0,0.04412789,0.03375305,0.018105855658650395,0.1834406343863309,False
1997-06-11 01:00:00,0.0,0.04365949,0.034139737,0.01795389748737216,0.18385934531008458,False
1997-06-11 02:00:00,0.0,0.043719694,0.035078812,0.018026822961866855,0.18422760211438505,False
1997-06-11 03:00:00,0.0002462669,0.044902027,0.035962414,0.018652914187929127,0.1845777268710742,False
1997-06-11 04:00:00,0.021496475,0.046279754,0.036800887,0.03146794325485825,0.18490231219669817,False
1997-06-11 05:00:00,0.09917099,0.048004627,0.037648264,0.07696837511658669,0.1851790864117057,False
1997-06-11 06:00:00,0.21843489,0.048589017,0.038145002,0.14602610619738698,0.1852646044698817,False
1997-06-11 07:00:00,0.35212287,0.05145631,0.04000797,0.22432270654290912,0.18517899244923236,False
1997-06-11 08:00:00,0.489125,0.056628607,0.045618754,0.30558450147509575,0.1847607184937458,False
1997-06-11 09:00:00,0.6190309,0.06836468,0.05476533,0.3853647197782993,0.18420791873958092,False
1997-06-11 10:00:00,0.70713,0.07868538,0.064463295,0.44052994193881745,0.18350888933216544,False
1997-06-11 11:00:00,0.75154126,0.08786503,0.07258063,0.46998085605353107,0.1824926205640117,False
1997-06-11 12:00:00,0.7471117,0.08574797,0.07057065,0.4665352549701929,0.18138255577540663,False
1997-06-11 13:00:00,0.6988162,0.08367389,0.0690595,0.4378218132033944,0.18020585588356494,False
1997-06-11 14:00:00,0.60999286,0.08181639,0.0694841,0.38590827058255667,0.17894656271980702,False
1997-06-11 15:00:00,0.51051456,0.07884842,0.06734439,0.32729856421053405,0.17728999768551065,False
1997-06-11 16:00:00,0.38140854,0.07390918,0.06335168,0.25076620668172833,0.17593653798045528,False
1997-06-11 17:00:00,0.2550672,0.06549502,0.05587926,0.17435891719162463,0.17450051296479469,False
1997-06-11 18:00:00,0.13791208,0.06304294,0.053936467,0.10575068356096744,0.1734564662130667,False
1997-06-11 19:00:00,0.051493205,0.063308164,0.0534906,0.05596078453212976,0.17283990309919478,False
1997-06-11 20:00:00,0.00509427,0.06395398,0.053754706,0.029441166955046356,0.17262161890281924,False
1997-06-11 21:00:00,2.3050606e-07,0.062995054,0.052047607,0.0260558786185521,0.17254717592056273,False
1997-06-11 22:00:00,0.0,0.066319294,0.054354385,0.02740695635229349,0.17242517008252703,False
1997-06-11 23:00:00,0.0,0.0632157,0.050905455,0.02607548888772726,0.17227780279521626,False
1997-06-12 00:00:00,0.0,0.059760857,0.04725621,0.0246035916544497,0.17207627462518663,False
1997-06-12 01:00:00,0.0,0.05324469,0.040687155,0.021844397474080325,0.17182466683267644,False
1997-06-12 02:00:00,0.0,0.05078278,0.038212664,0.02080233010277152,0.17154530457434972,False
1997-06-12 03:00:00,0.00025413287,0.047690686,0.035269342,0.01964904222925543,0.17124558472294388,False
1997-06-12 04:00:00,0.018839804,0.04382759,0.03227093,0.028785577991977333,0.17092292052354208,False
1997-06-12 05:00:00,0.08768896,0.03917762,0.028560484,0.06659533750638365,0.17051342546177417,False
1997-06-12 06:00:00,0.19346623,0.038452443,0.02803183,0.12733268559351563,0.1698808501564693,False
1997-06-12 07:00:00,0.30486968,0.038560074,0.02811029,0.19165642917901277,0.16900724199607398,False
1997-06-12 08:00:00,0.4391625,0.03642449,0.026553452,0.2682712821103633,0.16779274892396245,False
1997-06-12 09:00:00,0.5462286,0.03728078,0.02717769,0.33039809787273405,0.1661684195583666,False
1997-06-12 10:00:00,0.61205935,0.043391056,0.032498408,0.37092446154356007,0.1641434177700148,False
1997-06-12 11:00:00,0.65556943,0.05126192,0.03756891,0.3992079332135618,0.16194143905388375,False
1997-06-12 12:00:00,0.66712344,0.054413177,0.039692696,0.4071520910412073,0.1594235125796073,False
1997-06-12 13:00:00,0.6241358,0.050591197,0.037239213,0.38080542125180356,0.15703959910802553,False
1997-06-12 14:00:00,0.54687226,0.04403748,0.033019915,0.3335781984813511,0.15453049235714417,False
1997-06-12 15:00:00,0.46276054,0.04053006,0.030519906,0.28361649724468585,0.1520817888050378,False
1997-06-12 16:00:00,0.33708856,0.036615945,0.027338285,0.20948764753341673,0.1502207952179557,False
1997-06-12 17:00:00,0.22639012,0.030592397,0.022834145,0.1431487394273281,0.1488765431099027,False
1997-06-12 18:00:00,0.12810065,0.02471389,0.018016426,0.0840063868369907,0.14763839127493547,False
1997-06-12 19:00:00,0.049414784,0.023377087,0.017041894,0.038058737553656095,0.1468171357773253,False
1997-06-12 20:00:00,0.0052204435,0.025208179,0.018376766,0.01330635925428942,0.14617714075843677,False
1997-06-12 21:00:00,4.8982537e-07,0.022661177,0.016519997,0.009254336957663952,0.1456247404126749,False
1997-06-12 22:00:00,0.0,0.028929723,0.021459749,0.011833894388750195,0.1450830848092189,False
1997-06-12 23:00:00,0.0,0.021982925,0.016025553,0.00897707916609943,0.1445127866951286,False
1997-06-13 00:00:00,0.0,0.014762937,0.010762182,0.0060286816181614996,0.14397114932705493,False
1997-06-13 01:00:00,0.0,0.01112852,0.008112691,0.004544509087689221,0.14346186294566882,False
1997-06-13 02:00:00,0.0,0.008914234,0.006498476,0.0036402700943872334,0.14301368536327003,False
1997-06-13 03:00:00,0.0002222078,0.007436512,0.005421218,0.003165032616641838,0.1425919509214998,False
1997-06-13 04:00:00,0.01601677,0.006294608,0.004588769,0.01181218028999865,0.14220144847983532,False
1997-06-13 05:00:00,0.07787203,0.004095833,0.0029858628,0.046604760461952534,0.1418090104482769,False
1997-06-13 06:00:00,0.17812832,0.0032149483,0.0023436972,0.10409291449841111,0.1412312299668975,False
1997-06-13 07:00:00,0.2856951,0.002891923,0.0021082116,0.16602703908155672,0.14028986568815227,False
1997-06-13 08:00:00,0.39249858,0.0028038812,0.0020440298,0.2276166919264942,0.13928142932924983,False
1997-06-13 09:00:00,0.49750715,0.002701022,0.001969045,0.2881646339374128,0.13776751199250498,False
1997-06-13 10:00:00,0.5789713,0.0018819105,0.0013719128,0.33483496356452813,0.1360300219338612,False
1997-06-13 11:00:00,0.6035915,0.002076786,0.0015139771,0.3491203852882609,0.1342746211979763,False
1997-06-13 12:00:00,0.6088828,0.0019150504,0.0013960716,0.35210740833426823,0.13216612597347624,False
1997-06-13 13:00:00,0.5485988,0.0020647326,0.0015051902,0.3173846891610883,0.12997094566936057,False
1997-06-13 14:00:00,0.463523,0.0022473193,0.0016382958,0.26837050008145164,0.1285015856590502,False
1997-06-13 15:00:00,0.4108639,0.002209778,0.0016109282,0.23797087203059342,0.12779387153004373,False
1997-06-13 16:00:00,0.32134035,0.0020293614,0.0014794046,0.18624210549518463,0.12683314095199183,False
1997-06-13 17:00:00,0.19758864,0.0022503962,0.0016405389,0.11492762911319733,0.12659279690320369,False
1997-06-13 18:00:00,0.11388479,0.0015155396,0.0011048284,0.06633041967567987,0.12647373904484088,False
1997-06-13 19:00:00,0.043227345,0.0007318085,0.0005334884,0.025241023625480006,0.12655403719801997,False
1997-06-13 20:00:00,0.004939312,0.0001860274,0.00013561398,0.002925950358476257,0.12664673930218673,False
1997-06-13 21:00:00,8.6439763e-07,0.00013691369,9.981008e-05,5.6409652664342494e-05,0.12681670930527927,False
1997-06-13 22:00:00,0.0,7.994514e-05,5.8280006e-05,3.26468759594718e-05,0.1270775006058269,False
1997-06-13 23:00:00,0.0,0.00018829976,0.00013727053,7.689522019063588e-05,0.12729469420014572,False
1997-06-14 00:00:00,0.0,0.0003865291,0.00028177976,0.0001578453479160089,0.127657168403139,False
1997-06-14 01:00:00,0.0,0.00081268646,0.00059244846,0.00033187351893866434,0.1281595210972467,False
1997-06-14 02:00:00,0.0,0.0013690584,0.0009980436,0.0005590768977999687,0.12876120401684815,False
1997-06-14 03:00:00,0.0002171943,0.0019090814,0.0013917203,0.0009049250293610384,0.12944626452021687,False
1997-06-14 04:00:00,0.015025622,0.0031314273,0.0022828106,0.009948552477173507,0.13021254904018406,False
1997-06-14 05:00:00,0.06335982,0.005640182,0.004111693,0.03886187440017238,0.13097856975089994,False
1997-06-14 06:00:00,0.1363294,0.008534349,0.0062215407,0.08214720021374523,0.13162783249611465,False
1997-06-14 07:00:00,0.23982489,0.011931752,0.008698247,0.14325148395169524,0.1320978541540902,False
1997-06-14 08:00:00,0.32580936,0.018638304,0.013587324,0.1956032499466091,0.13252601623524274,False
1997-06-14 09:00:00,0.41092795,0.024226177,0.017660882,0.24699857505783437,0.13279216925738518,False
1997-06-14 10:00:00,0.4763884,0.02886901,0.02104551,0.2866652262210846,0.13311774528663262,False
1997-06-14 11:00:00,0.49141967,0.0353874,0.025797414,0.29800016243755817,0.13300529138036443,False
1997-06-14 12:00:00,0.4894347,0.0474565,0.034595788,0.3017834364436567,0.13288000444672826,False
1997-06-14 13:00:00,0.49275532,0.06356141,0.046336275,0.31027614075690507,0.1330914138204659,False
1997-06-14 14:00:00,0.46887416,0.0711801,0.051890295,0.2996079202890396,0.13388054096586502,False
1997-06-14 15:00:00,0.36045063,0.07229157,0.052700557,0.23750142949819564,0.13497063147798358,False
1997-06-14 16:00:00,0.29427758,0.068940535,0.050257646,0.19795113319158553,0.1359788187157807,False
1997-06-14 17:00:00,0.1969708,0.058236502,0.04245441,0.137433962225914,0.13707795054899938,False
1997-06-14 18:00:00,0.11656884,0.05044611,0.036775216,0.08786069818958639,0.1384538157560531,False
1997-06-14 19:00:00,0.041196123,0.045885984,0.033450883,0.042508438553661106,0.13969346375310643,False
1997-06-14 20:00:00,0.004524171,0.046170525,0.033658314,0.02146491940272972,0.1407371379629746,False
1997-06-14 21:00:00,1.0372771e-06,0.053314235,0.038866077,0.021772319383950387,0.14163181408424955,False
1997-06-14 22:00:00,0.0,0.054464504,0.040033054,0.022259186916053292,0.14249341023127343,False
1997-06-14 23:00:00,0.0,0.06452802,0.04750004,0.026375840909779073,0.14334860652401565,False
1997-06-15 00:00:00,0.0,0.07360351,0.055220656,0.03014161093533039,0.1442057383796171,False
1997-06-15 01:00:00,0.0,0.08142172,0.0626051,0.033425289228558544,0.14506826831804098,False
1997-06-15 02:00:00,0.0,0.088745356,0.06992848,0.036523174256086345,0.14594866936224096,False
1997-06-15 03:00:00,0.00016818297,0.09665316,0.07749316,0.03994668957506656,0.14683816898137847,False
1997-06-15 04:00:00,0.011627213,0.10144009,0.082238525,0.048581174404360356,0.14775273536785194,False
1997-06-15 05:00:00,0.05296369,0.11427987,0.093334265,0.07776937223225831,0.14870721889816144,False
1997-06-15 06:00:00,0.124153025,0.13299587,0.11004039,0.1266539540812373,0.14996646261778074,False
1997-06-15 07:00:00,0.22153059,0.14191678,0.1183033,0.1865788189768791,0.151744180504545,False
1997-06-15 08:00:00,0.31417912,0.14288864,0.11823661,0.2403920369893312,0.153599203225751,False
1997-06-15 09:00:00,0.42215347,0.14580438,0.11866509,0.30379228334128855,0.15553501893923577,False
1997-06-15 10:00:00,0.48744377,0.11724353,0.09109733,0.3294371760636568,0.15750859554401248,False
1997-06-15 11:00:00,0.5056118,0.12490663,0.09774205,0.3431066124737262,0.1590895339633396,False
1997-06-15 12:00:00,0.53396213,0.13172407,0.10282825,0.36225505827367305,0.16049931922518296,False
1997-06-15 13:00:00,0.51716423,0.13823311,0.1083521,0.3552627921402454,0.16181648431006468,False
1997-06-15 14:00:00,0.45322728,0.14370406,0.113998264,0.3206948446631431,0.16254503576630375,False
1997-06-15 15:00:00,0.38862255,0.15071751,0.1206275,0.28636385944485665,0.16278576486078672,False
1997-06-15 16:00:00,0.31160316,0.14334771,0.11685381,0.23900043348968025,0.16328270709314963,False
1997-06-15 17:00:00,0.2167903,0.13498104,0.11246577,0.18096915905177594,0.16369736884241573,False
1997-06-15 18:00:00,0.13074964,0.12133866,0.10401879,0.12583352353423835,0.16427283129129205,False
1997-06-15 19:00:00,0.05201882,0.1088144,0.095740944,0.07533738569915295,0.16485292007628788,False
1997-06-15 20:00:00,0.005764063,0.102061704,0.090440206,0.04587040417967364,0.16540684779331977,False
1997-06-15 21:00:00,1.5847289e-06,0.099314086,0.08824468,0.04141302470981088,0.16576641307430884,False
1997-06-15 22:00:00,0.0,0.09849151,0.08775372,0.04108206892758608,0.16603421219430264,False
1997-06-15 23:00:00,0.0,0.09874004,0.08859535,0.041219224289059636,0.1662773129748307,False
1997-06-16 00:00:00,0.0,0.09946652,0.08992847,0.041559282392263405,0.16642974910038857,False
1997-06-16 01:00:00,0.0,0.10188742,0.09249381,0.04259112364053726,0.1664908938351214,False
1997-06-16 02:00:00,0.0,0.103475854,0.0939346,0.043255058616399764,0.16651457623617125,False
1997-06-16 03:00:00,0.00019670809,0.106848605,0.09747177,0.04480411158008792,0.16651031014920548,False
1997-06-16 04:00:00,0.018032515,0.108450234,0.09890489,0.05576376193203032,0.16646944809107436,False
1997-06-16 05:00:00,0.08950411,0.11403024,0.10341747,0.09930557294189929,0.166490550370596,False
1997-06-16 06:00:00,0.19456238,0.1324373,0.11751487,0.16747765877842902,0.1666733913516511,False
1997-06-16 07:00:00,0.30237108,0.13879481,0.12239211,0.2322925745695829,0.16697152501051718,False
1997-06-16 08:00:00,0.4000799,0.13842428,0.12218037,0.28852240419387815,0.16705022820257986,False
1997-06-16 09:00:00,0.49183905,0.13910063,0.12242571,0.34173025208711627,0.16695462963002516,False
1997-06-16 10:00:00,0.5379712,0.12508933,0.11079491,0.3625502703487873,0.16657276420250627,False
1997-06-16 11:00:00,0.54425544,0.1238881,0.1096252,0.3656698550060391,0.16653305361421872,False
1997-06-16 12:00:00,0.5370011,0.13245149,0.11635447,0.36500736051797866,0.16646690863543592,False
1997-06-16 13:00:00,0.50029725,0.1359092,0.11897414,0.3452466106563806,0.16607641586135544,False
1997-06-16 14:00:00,0.4433886,0.13294029,0.11616149,0.3111629168242216,0.165473599494144,False
1997-06-16 15:00:00,0.36232442,0.12569344,0.109492384,0.2613546566516161,0.16524693705810947,False
1997-06-16 16:00:00,0.29115227,0.119912714,0.103930496,0.21785489715635778,0.16467329722955293,False
1997-06-16 17:00:00,0.20567694,0.11157506,0.09646975,0.16505615977197885,0.16417599824010798,False
1997-06-16 18:00:00,0.1285592,0.09995818,0.08595799,0.11570495986938477,0.16391255050868508,False
1997-06-16 19:00:00,0.054496147,0.090842515,0.07651489,0.06909696897119283,0.16360452750823865,False
1997-06-16 20:00:00,0.0067981994,0.08404129,0.07018992,0.03872405289020389,0.16328766968824993,False
1997-06-16 21:00:00,2.1033675e-06,0.08368491,0.06936543,0.03462667714365398,0.1629724964689038,False
1997-06-16 22:00:00,0.0,0.08188811,0.068728,0.033928024381399156,0.1626605626284861,False
1997-06-16 23:00:00,0.0,0.08133851,0.068127126,0.03369277493655681,0.16239275632945532,False
1997-06-17 00:00:00,0.0,0.079947695,0.066219606,0.03307655820250511,0.1621040269463108,False
1997-06-17 01:00:00,0.0,0.08347408,0.069631666,0.034562044478952884,0.16178224218969875,False
1997-06-17 02:00:00,0.0,0.08768155,0.073405765,0.03631840208172798,0.16140866355232605,False
1997-06-17 03:00:00,0.00023920764,0.09138248,0.07642875,0.0379853107847739,0.16098789152347193,False
1997-06-17 04:00:00,0.017915389,0.094824776,0.07901041,0.049594083821401,0.16048687735942418,False
1997-06-17 05:00:00,0.07972029,0.09803763,0.08094902,0.08654573932290077,0.15993600711185088,False
1997-06-17 06:00:00,0.16763839,0.1072093,0.086607136,0.1409643697068095,0.15916518950219177,False
1997-06-17 07:00:00,0.2538623,0.10650627,0.084763244,0.19035657219588756,0.15807373663749458,False
1997-06-17 08:00:00,0.33643812,0.101174,0.080468625,0.23580330550670622,0.15658599657345476,False
1997-06-17 09:00:00,0.4259509,0.09625982,0.07720727,0.2854627428203821,0.15522303604200086,False
1997-06-17 10:00:00,0.5058313,0.086302914,0.07075244,0.3275310678258538,0.15374750091156214,False
1997-06-17 11:00:00,0.5304437,0.08198672,0.066898584,0.3399316534921527,0.15261199562047212,False
1997-06-17 12:00:00,0.5391225,0.0785769,0.06375618,0.34351140511780975,0.15203796306017078,False
1997-06-17 13:00:00,0.5086395,0.07962881,0.06406622,0.3263276065140962,0.1519031822172047,False
1997-06-17 14:00:00,0.47779506,0.082770415,0.06638912,0.3098150477334856,0.15158952784147647,False
1997-06-17 15:00:00,0.38889125,0.08353684,0.06692226,0.25882914767414333,0.1516122895370291,False
1997-06-17 16:00:00,0.31096998,0.08667602,0.06883249,0.21513008199632166,0.15185848116499595,False
1997-06-17 17:00:00,0.22921525,0.087565675,0.069532126,0.1683236679434776,0.15189772713461186,False
1997-06-17 18:00:00,0.13407557,0.08190928,0.06411656,0.11104841951280832,0.15172964162376934,False
1997-06-17 19:00:00,0.053183075,0.071757734,0.054869857,0.06012821033969521,0.1514297833206496,False
1997-06-17 20:00:00,0.0067209224,0.06549914,0.049906187,0.03074208965105936,0.15106772083002679,False
1997-06-17 21:00:00,2.6796329e-06,0.064319015,0.05009144,0.026440200369760986,0.15069750357525338,False
1997-06-17 22:00:00,0.0,0.06842185,0.055179715,0.028227366574108598,0.15029271690911433,False
1997-06-17 23:00:00,0.0,0.06639142,0.0529959,0.02736021389812231,0.14992767767646167,False
1997-06-18 00:00:00,0.0,0.06347055,0.04987002,0.026113614074885848,0.14953437568262037,False
1997-06-18 01:00:00,0.0,0.060080722,0.04610301,0.024659349046647547,0.1491443224236444,False
1997-06-18 02:00:00,0.0,0.056279186,0.042425584,0.023058001231402156,0.14871765877949822,False
1997-06-18 03:00:00,0.0002561786,0.05037888,0.03736684,0.020755431705794764,0.14824226700552556,False
1997-06-18 04:00:00,0.017865686,0.046516605,0.03423819,0.029321990048512814,0.14771895192801898,False
1997-06-18 05:00:00,0.07922746,0.040627826,0.029637298,0.06230632767826318,0.14718573767724547,False
1997-06-18 06:00:00,0.17061584,0.040754087,0.029709725,0.11508792127296329,0.14681344958753423,False
1997-06-18 07:00:00,0.25047222,0.040058628,0.029202744,0.16088105149567128,0.14671630740990033,False
1997-06-18 08:00:00,0.35459253,0.045303497,0.033026244,0.22310029868409034,0.14679647753785155,False
1997-06-18 09:00:00,0.43269137,0.052003615,0.038005818,0.2709045658260584,0.14750623351779557,False
1997-06-18 10:00:00,0.4909997,0.06053592,0.04447104,0.3080460163764655,0.14831842702473613,False
1997-06-18 11:00:00,0.53820556,0.06747358,0.049517214,0.3381162921115755,0.148977313502747,False
1997-06-18 12:00:00,0.5683467,0.07489116,0.054944612,0.3585378800556064,0.14963502844694404,False
1997-06-18 13:00:00,0.51376015,0.08240643,0.06191891,0.3301912006214261,0.15028047762807015,False
1997-06-18 14:00:00,0.4825189,0.08249866,0.062964074,0.31225547821074723,0.15077026057526335,False
1997-06-18 15:00:00,0.41515976,0.08189978,0.06303064,0.27317185479402545,0.1507919865480673,False
1997-06-18 16:00:00,0.3269188,0.07571993,0.0586277,0.21973870369791984,0.15046397095945532,False
1997-06-18 17:00:00,0.22591975,0.0648672,0.049932618,0.15698805525153875,0.14980672575575787,False
1997-06-18 18:00:00,0.1376331,0.053339243,0.04102374,0.10131176131963729,0.14894166284430638,False
1997-06-18 19:00:00,0.057268474,0.04542268,0.035427604,0.05171796942129731,0.1481128227701382,False
1997-06-18 20:00:00,0.0073250784,0.04073342,0.031415235,0.02095362466108054,0.14761934533117363,False
1997-06-18 21:00:00,3.2558976e-06,0.03713424,0.027638953,0.015196917168979097,0.1473419596079107,False
1997-06-18 22:00:00,0.0,0.03988834,0.0312471,0.016406141214072703,0.14717981177975464,False
1997-06-18 23:00:00,0.0,0.03609433,0.027693914,0.014814279232174158,0.14713017775478815,False
1997-06-19 00:00:00,0.0,0.035045043,0.02634039,0.014354001771658659,0.1471514198359758,False
1997-06-19 01:00:00,0.0,0.034470096,0.02523563,0.014082189559936523,0.14723185627103824,False
1997-06-19 02:00:00,0.0,0.033057593,0.024098985,0.013499596931040287,0.1473931750556179,False
1997-06-19 03:00:00,0.00023768052,0.03117068,0.022723421,0.012866187064457335,0.14761587493971032,False
1997-06-19 04:00:00,0.019739382,0.030879594,0.022511223,0.02399979978427291,0.14787347791509697,False
1997-06-19 05:00:00,0.09687999,0.031286046,0.022807527,0.06867591101676226,0.14802888826392274,False
1997-06-19 06:00:00,0.21594797,0.028649706,0.020885637,0.13630154518038032,0.14796281992095828,False
1997-06-19 07:00:00,0.3195094,0.024115186,0.017579969,0.19420473833754656,0.14750037827469714,False
1997-06-19 08:00:00,0.4517032,0.022623949,0.016492859,0.2698715925440192,0.14688716396925033,False
1997-06-19 09:00:00,0.5486537,0.019283764,0.014057865,0.3244480311535299,0.14602328981516255,False
1997-06-19 10:00:00,0.6096922,0.018035807,0.013148102,0.35915761877037583,0.14518042673926174,False
1997-06-19 11:00:00,0.6334836,0.014648478,0.010678739,0.37150197081360964,0.1444459314216207,False
1997-06-19 12:00:00,0.6404996,0.012059528,0.008791395,0.3744929658118635,0.14367063505189798,False
1997-06-19 13:00:00,0.5983532,0.01123352,0.008189235,0.34983718797937036,0.14319830104587283,False
1997-06-19 14:00:00,0.5294592,0.013125354,0.009568383,0.3108578944280743,0.14336486877084703,False
1997-06-19 15:00:00,0.40917534,0.017117562,0.012478705,0.243084399420768,0.14314129034603318,False
1997-06-19 16:00:00,0.3048307,0.018843386,0.013736827,0.18358231221884486,0.14320998300956245,False
1997-06-19 17:00:00,0.20624295,0.019096758,0.0139215365,0.1268006481938064,0.14289604303647138,False
1997-06-19 18:00:00,0.10935659,0.01999516,0.014576473,0.07126409595273434,0.14249773328474719,False
1997-06-19 19:00:00,0.045557704,0.024866108,0.018127859,0.036441293269395825,0.14208090203359097,False
1997-06-19 20:00:00,0.0057616998,0.034441207,0.025819795,0.01742757493443787,0.1416842427861884,False
1997-06-19 21:00:00,2.2474337e-06,0.045357097,0.03553776,0.01865710461827211,0.14138382931540522,False
1997-06-19 22:00:00,0.0,0.06266669,0.050387483,0.02584493337571621,0.14115310318395427,False
1997-06-19 23:00:00,0.0,0.068617836,0.056663934,0.028379833795130253,0.14098612609750055,False
1997-06-20 00:00:00,0.0,0.07262667,0.058802236,0.02997456295788288,0.14095285154983797,False
1997-06-20 01:00:00,0.0,0.07859037,0.06301489,0.03240265070647001,0.1410531130837037,False
1997-06-20 02:00:00,0.0,0.08188431,0.06541269,0.033747595667839046,0.1412973867732792,False
1997-06-20 03:00:00,0.000198725,0.080151394,0.06351566,0.0331203745243547,0.14167157442157552,False
1997-06-20 04:00:00,0.010459902,0.07482364,0.058081485,0.03678168679215014,0.14213502164718791,False
1997-06-20 05:00:00,0.0474176,0.07757029,0.05836399,0.05913504721596837,0.14263278977835026,False
1997-06-20 06:00:00,0.10197167,0.08331293,0.06130736,0.09289072225242852,0.14284400129207814,False
1997-06-20 07:00:00,0.16527756,0.08835607,0.06441158,0.13144676483422518,0.14248350109049523,False
1997-06-20 08:00:00,0.2537764,0.08619027,0.0629842,0.18163433928787706,0.141612210463482,False
1997-06-20 09:00:00,0.3392043,0.085037075,0.061992034,0.23044713818281887,0.1400294996129638,False
1997-06-20 10:00:00,0.41346914,0.08379383,0.0610857,0.27279024112969635,0.13814583419323684,False
1997-06-20 11:00:00,0.46238503,0.08351798,0.06088461,0.30090206636488437,0.13633909455882948,False
1997-06-20 12:00:00,0.5222682,0.08452494,0.061618675,0.3358658477663994,0.13454888305044904,False
1997-06-20 13:00:00,0.51573163,0.09944339,0.07249422,0.33818645142018794,0.13274030827719424,False
1997-06-20 14:00:00,0.45023394,0.10220913,0.07451045,0.30152371381968257,0.13121662386766964,False
1997-06-20 15:00:00,0.40965995,0.09818474,0.07157668,0.2764691026434302,0.13023392813028165,False
1997-06-20 16:00:00,0.30875394,0.064938225,0.047339965,0.2046695849895477,0.1296850999325609,False
1997-06-20 17:00:00,0.21344331,0.03602748,0.026264032,0.13786918716877697,0.12948712841254678,False
1997-06-20 18:00:00,0.12939252,0.016270643,0.011861299,0.08130386126413941,0.12941796027880803,False
1997-06-20 19:00:00,0.049249485,0.01043518,0.007607246,0.03267832554597407,0.12964137952511062,False
1997-06-20 20:00:00,0.0050282297,0.008895181,0.006484587,0.006533778063487261,0.1298997480289562,False
1997-06-20 21:00:00,2.9965784e-06,0.010089806,0.007355469,0.004122062859333482,0.13018175212306649,False
1997-06-20 22:00:00,0.0,0.020548334,0.014979735,0.008391241064295172,0.1304056469117506,False
1997-06-20 23:00:00,0.0,0.03236582,0.023594683,0.01321710094437003,0.13047718246273982,False
1997-06-21 00:00:00,0.0,0.046821587,0.0349887,0.019166555397212504,0.13056334223311677,False
1997-06-21 01:00:00,0.0,0.06285447,0.04840792,0.025807326659560204,0.13068638864571513,False
1997-06-21 02:00:00,0.0,0.07648395,0.059963454,0.03146060404926539,0.13072580048993515,False
1997-06-21 03:00:00,0.00021903835,0.08499437,0.0670805,0.035111653893851326,0.1306881079808092,False
1997-06-21 04:00:00,0.014164336,0.096449055,0.0764842,0.04789267008006573,0.1305810096101755,False
1997-06-21 05:00:00,0.06117809,0.105459936,0.0851776,0.07881406367570161,0.13043243478875732,False
1997-06-21 06:00:00,0.124141455,0.11471052,0.09332843,0.11899753550440073,0.13027871182530623,False
1997-06-21 07:00:00,0.17453624,0.12537183,0.10024391,0.15238278824090956,0.13036603134281438,False
1997-06-21 08:00:00,0.23388931,0.14323346,0.11285539,0.19390147171914576,0.13031553226322062,False
1997-06-21 09:00:00,0.29168552,0.15985374,0.1248799,0.2340320910066366,0.1302169044818804,False
1997-06-21 10:00:00,0.3624745,0.15382628,0.1208228,0.27243411631882186,0.13043089664945504,False
1997-06-21 11:00:00,0.37955534,0.16213925,0.12479631,0.28557181841135026,0.13091454699713861,False
1997-06-21 12:00:00,0.38564432,0.15902045,0.120112196,0.2876813766956329,0.13133701132316267,False
1997-06-21 13:00:00,0.36811465,0.1568837,0.11866847,0.2767003363221884,0.1309273888240643,False
1997-06-21 14:00:00,0.35847238,0.13882595,0.10413261,0.26368849903345104,0.1305924787946741,False
1997-06-21 15:00:00,0.28473303,0.12815538,0.09556211,0.216740645930171,0.13045926950701947,False
1997-06-21 16:00:00,0.22949979,0.10168368,0.076611534,0.17407967925816775,0.13005629062808555,False
1997-06-21 17:00:00,0.15108639,0.0886061,0.066816315,0.12348057777434587,0.12992855253785354,False
1997-06-21 18:00:00,0.085075945,0.08020008,0.06121424,0.08198821977525948,0.13005194840503362,False
1997-06-21 19:00:00,0.03164378,0.07451355,0.057204083,0.048842981453984975,0.13020991608617644,False
1997-06-21 20:00:00,0.005091187,0.06828,0.052422922,0.03096377145173028,0.13045728526379652,False
1997-06-21 21:00:00,3.9762294e-06,0.071780615,0.053976174,0.029404054475110117,0.13073495690841586,False
1997-06-21 22:00:00,0.0,0.07143404,0.054064404,0.029278639823198317,0.13102999055844478,False
1997-06-21 23:00:00,0.0,0.07924727,0.060615905,0.032515502773225305,0.13149297017446,False
1997-06-22 00:00:00,0.0,0.0876671,0.06540057,0.03588079076260328,0.13184880954264874,False
1997-06-22 01:00:00,0.0,0.083979614,0.06122114,0.03429441922903061,0.13210314163337672,False
1997-06-22 02:00:00,0.0,0.07816956,0.05729235,0.031938355229794976,0.1322449693875874,False
1997-06-22 03:00:00,0.00011225643,0.068357505,0.04983262,0.027979652733934927,0.13228713155496144,False
1997-06-22 04:00:00,0.009785673,0.058780022,0.042850632,0.02965009536407888,0.13222174494179567,False
1997-06-22 05:00:00,0.047410797,0.059751093,0.043558545,0.05175634497031569,0.13208060188111828,False
1997-06-22 06:00:00,0.1156405,0.07433881,0.054193906,0.09708205909281968,0.13190739609939026,False
1997-06-22 07:00:00,0.16050227,0.08911301,0.06537589,0.12902280901372432,0.13181439576485793,False
1997-06-22 08:00:00,0.23203234,0.105186574,0.07784625,0.17690020578354596,0.13210657763141187,False
1997-06-22 09:00:00,0.32869503,0.12486794,0.092323355,0.24071876222640273,0.13286931366304228,False
1997-06-22 10:00:00,0.42354843,0.12611234,0.09412147,0.2960054578185081,0.13387936431450437,False
1997-06-22 11:00:00,0.46644402,0.12710465,0.095195174,0.32118035401403905,0.13517424173809878,False
1997-06-22 12:00:00,0.46817753,0.11256416,0.08387702,0.3162039678096771,0.13652932685646207,False
1997-06-22 13:00:00,0.47608253,0.11593907,0.08573389,0.3221107700094581,0.13850437449572278,False
1997-06-22 14:00:00,0.43243417,0.111690536,0.08150636,0.2951296680122614,0.14088870176488205,False
1997-06-22 15:00:00,0.37514833,0.09958109,0.07259461,0.25712611645460126,0.14331181200843596,False
1997-06-22 16:00:00,0.29177618,0.073912375,0.05388212,0.19853815665841104,0.14579615530093804,False
1997-06-22 17:00:00,0.21136965,0.053461604,0.038973514,0.14379218879342076,0.1478111305580007,False
1997-06-22 18:00:00,0.12524141,0.040703718,0.029673008,0.08888630995899438,0.1493267098022778,False
1997-06-22 19:00:00,0.051295225,0.03662083,0.026696583,0.044552046071738,0.1504678156882057,False
1997-06-22 20:00:00,0.0065135243,0.03943451,0.028747756,0.01986201700521633,0.1512500685528074,False
1997-06-22 21:00:00,2.8813254e-06,0.044746082,0.032790948,0.01828367806072015,0.15189481072161365,False
1997-06-22 22:00:00,0.0,0.074875005,0.055284925,0.030614262633025646,0.15254081489438853,False
1997-06-22 23:00:00,0.0,0.07395694,0.05569039,0.030297390617430208,0.15316687042093569,False
1997-06-23 00:00:00,0.0,0.076628044,0.05738421,0.03137449575215578,0.15382697729360978,False
1997-06-23 01:00:00,0.0,0.07967415,0.059542567,0.032615058861672874,0.15456275025489474,False
1997-06-23 02:00:00,0.0,0.08182955,0.060912684,0.033484388083219525,0.15542474413769983,False
1997-06-23 03:00:00,0.00022727896,0.07795569,0.056968626,0.03197309646189387,0.15637215328369952,False
1997-06-23 04:00:00,0.015055012,0.079416655,0.057894733,0.04111780316755176,0.15739148029959688,False
1997-06-23 05:00:00,0.06790319,0.076696016,0.055911392,0.0705001861527562,0.1585541980274635,False
1997-06-23 06:00:00,0.14388683,0.07715191,0.056328915,0.11453351944684981,0.1597982297021578,False
1997-06-23 07:00:00,0.22151466,0.09449506,0.06897934,0.16640751783549784,0.16105538929381025,False
1997-06-23 08:00:00,0.3289956,0.09962227,0.07262463,0.23051280123740434,0.16245195576458477,False
1997-06-23 09:00:00,0.40783203,0.11557143,0.08425157,0.2825145222768188,0.163632356868311,False
1997-06-23 10:00:00,0.5104539,0.09808932,0.07150711,0.33458823265135285,0.16459868255602123,False
1997-06-23 11:00:00,0.5343708,0.10354428,0.07548379,0.35061590409278864,0.1650348680190424,False
1997-06-23 12:00:00,0.5563048,0.15057583,0.109876014,0.382483663380146,0.1659994541767046,False
1997-06-23 13:00:00,0.54860765,0.1825293,0.13422446,0.39114804524183266,0.16790950992085585,False
1997-06-23 14:00:00,0.49868533,0.2256586,0.16645062,0.3799977907240391,0.17032469662918326,False
1997-06-23 15:00:00,0.418891,0.23049363,0.17105293,0.33598912397027014,0.1728614433214061,False
1997-06-23 16:00:00,0.3229582,0.20632204,0.1540514,0.2707984915971756,0.17555951486080812,False
1997-06-23 17:00:00,0.21470506,0.17650163,0.13360105,0.19622838149964808,0.1777324364510047,False
1997-06-23 18:00:00,0.12444831,0.15828316,0.12126192,0.13676130229979752,0.1796083578869693,False
1997-06-23 19:00:00,0.044544455,0.14774494,0.114279374,0.08639111895486712,0.18092086390408924,False
1997-06-23 20:00:00,0.0050983327,0.14339872,0.11213946,0.06191139555443078,0.18189416998348434,False
1997-06-23 21:00:00,3.4575905e-06,0.14667106,0.11645629,0.0604122547683046,0.1826914710694315,False
1997-06-23 22:00:00,0.0,0.14404747,0.114366464,0.05932930509746075,0.18339208743627552,False
1997-06-23 23:00:00,0.0,0.1555894,0.12570636,0.06420063266158103,0.18382659470615348,False
1997-06-24 00:00:00,0.0,0.17233261,0.1408733,0.07119789290428162,0.18422851346479166,False
1997-06-24 01:00:00,0.0,0.18309432,0.15015408,0.07567012560367584,0.18458529958780293,False
1997-06-24 02:00:00,0.0,0.18700959,0.15569364,0.07741399423778057,0.1848930894997846,False
1997-06-24 03:00:00,0.00015896272,0.18525736,0.15658633,0.07690734949700709,0.18515194423216766,False
1997-06-24 04:00:00,0.009917321,0.19216503,0.16350658,0.08546054630167782,0.18540101390967037,False
1997-06-24 05:00:00,0.046013612,0.2046908,0.17387234,0.11146986535564066,0.18560394839489025,False
1997-06-24 06:00:00,0.10948192,0.22734186,0.19195376,0.15742571949213743,0.18588725437111966,False
1997-06-24 07:00:00,0.16401823,0.24504228,0.20368297,0.19605799961090087,0.18648669066121615,False
1997-06-24 08:00:00,0.22462031,0.25127232,0.208038,0.2335594587624073,0.18694354920008344,False
1997-06-24 09:00:00,0.30726606,0.2654853,0.21936685,0.2871023952364921,0.18726009281907666,False
1997-06-24 10:00:00,0.38753605,0.22453424,0.19409119,0.31694236004352566,0.1872262735121244,False
1997-06-24 11:00:00,0.46609056,0.23690113,0.20610589,0.36748048958182333,0.18682001945962942,False
1997-06-24 12:00:00,0.5248206,0.25260338,0.21952768,0.40788664352893833,0.1862932039207139,False
1997-06-24 13:00:00,0.56830484,0.26493144,0.22903962,0.43803973200917246,0.18513560585658811,False
1997-06-24 14:00:00,0.52545583,0.2738125,0.2346052,0.41689350923895835,0.18371593833897698,False
1997-06-24 15:00:00,0.47701013,0.26832092,0.2294127,0.3866335503458977,0.1818527318445326,False
1997-06-24 16:00:00,0.3559925,0.23431389,0.20312773,0.3028383929878473,0.1800374451841985,False
1997-06-24 17:00:00,0.25776553,0.20420687,0.18061799,0.23383641771972177,0.17819533822794723,False
1997-06-24 18:00:00,0.14134783,0.16830702,0.15228912,0.15188659878075123,0.17666679247081246,False
1997-06-24 19:00:00,0.053723898,0.144093,0.1315135,0.09127073788270354,0.1752943826475007,False
1997-06-24 20:00:00,0.0064068865,0.1301595,0.118645206,0.058132469130679966,0.17406634257411358,False
1997-06-24 21:00:00,3.3423375e-06,0.12424402,0.11232022,0.05191326366923295,0.17287615546737028,False
1997-06-24 22:00:00,0.0,0.12318063,0.11142518,0.05147061158716679,0.17168645646023098,False
1997-06-24 23:00:00,0.0,0.11872112,0.10706292,0.04958949103206396,0.17062900679798795,False
1997-06-25 00:00:00,0.0,0.116251245,0.10376889,0.04850022965669632,0.16954297176627908,False
1997-06-25 01:00:00,0.0,0.11368926,0.100697,0.04738897463679313,0.16834062677897046,False
1997-06-25 02:00:00,0.0,0.110165946,0.097373724,0.04590941523760557,0.16709608436162116,False
1997-06-25 03:00:00,0.00016472537,0.10519745,0.09288027,0.043928440982024766,0.16583677305602934,False
1997-06-25 04:00:00,0.014490734,0.102056906,0.08960198,0.050858658458106214,0.16461832379818064,False
1997-06-25 05:00:00,0.07408254,0.09936958,0.086775444,0.08409887301176786,0.16342029882058062,False
1997-06-25 06:00:00,0.17281026,0.10497645,0.08997467,0.1433064613714814,0.16233369275778714,False
1997-06-25 07:00:00,0.25848874,0.09435228,0.08097648,0.18833672770112753,0.1611979845401228,False
1997-06-25 08:00:00,0.3665068,0.082329184,0.07135206,0.24570689494907855,0.16027993197357462,False
1997-06-25 09:00:00,0.43285644,0.07507122,0.06355089,0.2808911955431104,0.15961227321755322,False
1997-06-25 10:00:00,0.49819818,0.06662495,0.05635337,0.3150880381315946,0.15879757583908294,False
1997-06-25 11:00:00,0.5163001,0.066201195,0.05546981,0.3253287582248449,0.15825677914101188,False
1997-06-25 12:00:00,0.5211916,0.06329869,0.052484985,0.3269189563021063,0.15688750853504543,False
1997-06-25 13:00:00,0.51746464,0.059110627,0.04842754,0.32300400439649823,0.15506626597627554,False
1997-06-25 14:00:00,0.46793884,0.0498434,0.040202837,0.2905638789907098,0.15203051121616917,False
1997-06-25 15:00:00,0.40195742,0.04115575,0.032212205,0.24885536427423355,0.14882916906932547,False
1997-06-25 16:00:00,0.2945691,0.03034865,0.022450604,0.18237735769711433,0.14553443892570392,False
1997-06-25 17:00:00,0.20009984,0.018122412,0.013211239,0.12285818515717982,0.14312972110811178,False
1997-06-25 18:00:00,0.11517549,0.010846572,0.007907152,0.07088563078083096,0.1414820877809406,False
1997-06-25 19:00:00,0.043601457,0.005600747,0.0040829447,0.02744519543228671,0.14063125383968955,False
1997-06-25 20:00:00,0.0050938376,0.00451377,0.0032905377,0.004782414430752396,0.14025765761009906,False
1997-06-25 21:00:00,2.8236989e-06,0.008093409,0.005900095,0.003306702425617687,0.1401035145004822,False
1997-06-25 22:00:00,0.0,0.020990292,0.0153019205,0.008571721309795974,0.13999399793086947,False
1997-06-25 23:00:00,0.0,0.029559148,0.021548618,0.012070951139554382,0.13988999217501286,False
1997-06-26 00:00:00,0.0,0.033022664,0.024073524,0.013485333513468504,0.13979066954771432,False
1997-06-26 01:00:00,0.0,0.03901165,0.028459089,0.01593208957090974,0.13963882660106197,False
1997-06-26 02:00:00,0.0,0.04154864,0.030288955,0.016967051569372414,0.1394301652417928,False
1997-06-26 03:00:00,0.00019175222,0.04482939,0.03276109,0.018421785120270217,0.139180177287519,False
1997-06-26 04:00:00,0.012781645,0.050380096,0.036853384,0.027955347376875578,0.13891052399794515,False
1997-06-26 05:00:00,0.06043597,0.05984331,0.043685906,0.05931277434155345,0.13857425716522792,False
1997-06-26 06:00:00,0.12747882,0.07183829,0.052742876,0.10291172504425047,0.13805346471423924,False
1997-06-26 07:00:00,0.19957983,0.08978015,0.06861177,0.15199147641658783,0.1372448150852728,False
1997-06-26 08:00:00,0.27239564,0.10739561,0.087232836,0.20151183847337958,0.13664702621633518,False
1997-06-26 09:00:00,0.34056753,0.12460775,0.10202217,0.24799692106992005,0.13609350833719308,False
1997-06-26 10:00:00,0.40333953,0.14028244,0.12024051,0.29098411853611467,0.13596492280961966,False
1997-06-26 11:00:00,0.417956,0.14567631,0.1266728,0.3017555004954338,0.1360270894168599,False
1997-06-26 12:00:00,0.44605765,0.15149824,0.13312753,0.32046700070798395,0.13610446846341115,False
1997-06-26 13:00:00,0.3991678,0.14870974,0.13203304,0.292323503524065,0.13615530719107038,False
1997-06-26 14:00:00,0.34969452,0.14738855,0.13090692,0.2632290861904621,0.13554184436452285,False
1997-06-26 15:00:00,0.2968712,0.1370715,0.12245267,0.2284865034520626,0.13509507308864988,False
1997-06-26 16:00:00,0.22987317,0.13126957,0.11734534,0.18741193774342538,0.13464318002437883,False
1997-06-26 17:00:00,0.17640837,0.12676042,0.1145888,0.1547500180155039,0.13476791305288538,False
1997-06-26 18:00:00,0.10643856,0.118714124,0.10788903,0.11104656960070133,0.1352445186147577,False
1997-06-26 19:00:00,0.04236159,0.116808735,0.107278846,0.07333811886236072,0.13588416134243542,False
1997-06-26 20:00:00,0.005151493,0.11400713,0.10541773,0.0507335998690687,0.13659659534200463,False
1997-06-26 21:00:00,2.5355664e-06,0.11142993,0.10254373,0.04665646832782363,0.13721177428586856,False
1997-06-26 22:00:00,0.0,0.11100528,0.10217386,0.04647833530604839,0.13770042844834307,False
1997-06-26 23:00:00,0.0,0.107043006,0.09857659,0.04482200492173433,0.13792133175007104,False
1997-06-27 00:00:00,0.0,0.09866638,0.08896065,0.041211768217384814,0.13801766902111043,False
1997-06-27 01:00:00,0.0,0.089713655,0.07905353,0.03737322939187288,0.13800330989547577,False
1997-06-27 02:00:00,0.0,0.08147224,0.071235865,0.03390999343246222,0.13788824374306052,False
1997-06-27 03:00:00,9.2346476e-05,0.074555,0.063351914,0.03098508308247983,0.1377268892676387,False
1997-06-27 04:00:00,0.012126375,0.06707031,0.05503679,0.034717850487679246,0.1375245202414041,False
1997-06-27 05:00:00,0.06020861,0.059149954,0.0469284,0.05910083536431193,0.137282174003292,False
1997-06-27 06:00:00,0.14484875,0.050884996,0.039573845,0.10449127918109297,0.13710143206910863,False
1997-06-27 07:00:00,0.24399145,0.046058968,0.034519196,0.15964286199212072,0.13711829846854956,False
1997-06-27 08:00:00,0.3488259,0.043637402,0.032653518,0.219138036750257,0.13756395252310996,False
1997-06-27 09:00:00,0.446625,0.041492235,0.031589516,0.274719090219587,0.13845181737132073,False
1997-06-27 10:00:00,0.52117085,0.0422264,0.032868713,0.3180720352791249,0.13967965491478967,False
1997-06-27 11:00:00,0.53289086,0.052445758,0.04097118,0.32904295245930554,0.1406765979154549,False
1997-06-27 12:00:00,0.5215817,0.0688338,0.055683285,0.3293592152297496,0.14227101011828533,False
1997-06-27 13:00:00,0.45421076,0.0761793,0.06237071,0.29355778872221705,0.14357499244881033,False
1997-06-27 14:00:00,0.407124,0.08272215,0.06821906,0.26911885774880645,0.1449792348306519,False
1997-06-27 15:00:00,0.33064467,0.088178135,0.07119986,0.22716449718922377,0.14643185731037223,False
1997-06-27 16:00:00,0.257659,0.0961916,0.07778901,0.1883645430654287,0.14746779701525126,False
1997-06-27 17:00:00,0.18237032,0.09778592,0.08193654,0.14573525212705135,0.14819533405306567,False
1997-06-27 18:00:00,0.10996615,0.0923186,0.07541571,0.10158848170936108,0.1481972826548842,False
1997-06-27 19:00:00,0.04747295,0.082902126,0.0677639,0.06164202741160989,0.14782035165230234,False
1997-06-27 20:00:00,0.0056180945,0.07530663,0.060763262,0.0343110037362203,0.1470533627916651,False
1997-06-27 21:00:00,2.5067532e-06,0.06506063,0.050986726,0.02676210222439499,0.14613302586700685,False
1997-06-27 22:00:00,0.0,0.046621516,0.03651371,0.019175079792737963,0.14520415861462818,False
1997-06-27 23:00:00,0.0,0.04060438,0.031706005,0.01669514014944434,0.1442795967101177,False
1997-06-28 00:00:00,0.0,0.03128669,0.023172347,0.012796095483005046,0.1433912145873531,False
1997-06-28 01:00:00,0.0,0.02548918,0.018581612,0.010408914254978299,0.14257589086593936,False
1997-06-28 02:00:00,0.0,0.022582773,0.016462842,0.009222036749124527,0.14184912631195612,False
1997-06-28 03:00:00,0.00014147308,0.02112429,0.015399607,0.008708071861008648,0.14121337301075101,False
1997-06-28 04:00:00,0.0152717745,0.018392604,0.013408208,0.016322727947495876,0.14066279193479642,False
1997-06-28 05:00:00,0.07579865,0.016899886,0.0123200165,0.05063716150075197,0.14027619875948175,False
1997-06-28 06:00:00,0.16643147,0.018832011,0.013728536,0.10372131221741437,0.14029142367812725,False
1997-06-28 07:00:00,0.27774596,0.032136492,0.023427503,0.17338287103548647,0.14066462560145568,False
1997-06-28 08:00:00,0.39664742,0.037377715,0.02724835,0.24412935118749735,0.1415848836291123,False
1997-06-28 09:00:00,0.5026309,0.04142142,0.030196216,0.3069331231564283,0.14284497206836705,False
1997-06-28 10:00:00,0.5705538,0.023576526,0.01718729,0.33883738256804646,0.14445224425895214,False
1997-06-28 11:00:00,0.6359568,0.027769694,0.020244107,0.37828728623129426,0.1462662719128816,False
1997-06-28 12:00:00,0.6451967,0.026397081,0.019243471,0.38305815257318315,0.14868975926889177,False
1997-06-28 13:00:00,0.60675365,0.02358248,0.017191628,0.35972713785246013,0.15117595306489068,False
1997-06-28 14:00:00,0.562801,0.02012603,0.014671874,0.332954965217039,0.1539168589127568,False
1997-06-28 15:00:00,0.47194278,0.0144493515,0.010533577,0.27821160928625616,0.1563254117461239,False
1997-06-28 16:00:00,0.3799095,0.007654757,0.005580317,0.2223337155585177,0.15855947352480215,False
1997-06-28 17:00:00,0.26530528,0.004315746,0.003146179,0.1548435509027913,0.1603901858053488,False
1997-06-28 18:00:00,0.1590323,0.0029195484,0.0021283508,0.09295388147677294,0.1617403576103978,False
1997-06-28 19:00:00,0.060380276,0.0041218763,0.0030048476,0.036522653551772234,0.1626837028752399,False
1997-06-28 20:00:00,0.007549648,0.0053904597,0.0039296458,0.006557427485473454,0.16346456516557448,False
1997-06-28 21:00:00,3.3711508e-06,0.0050662765,0.0036933152,0.002070840213647443,0.16427630279676014,False
1997-06-28 22:00:00,0.0,0.005140888,0.0037477075,0.002099363889545202,0.16513403143319316,False
1997-06-28 23:00:00,0.0,0.0053375233,0.0038910543,0.002179663029033691,0.16587121448623965,False
1997-06-29 00:00:00,0.0,0.005084237,0.0037064094,0.00207622958952561,0.16653121545147168,False
1997-06-29 01:00:00,0.0,0.0060938736,0.004442434,0.002488530800677836,0.16709261649036797,False
1997-06-29 02:00:00,0.0,0.008310768,0.006058549,0.003393834974616766,0.16759800644444783,False
1997-06-29 03:00:00,0.000121044475,0.010988547,0.00801065,0.004557191436659195,0.16807792808108513,False
1997-06-29 04:00:00,0.016521635,0.016231505,0.011832769,0.016161378072574735,0.16852520951224237,False
1997-06-29 05:00:00,0.088388555,0.021626275,0.015765553,0.05983163145929575,0.16900095894149947,False
1997-06-29 06:00:00,0.19526806,0.02383964,0.017379096,0.12240497150085865,0.16955143440104534,False
1997-06-29 07:00:00,0.3301093,0.03267212,0.023817973,0.2038152473196387,0.17009627780156344,False
1997-06-29 08:00:00,0.45030838,0.04847207,0.03533614,0.2796222818344831,0.17030183865317278,False
1997-06-29 09:00:00,0.5590028,0.07180698,0.05234729,0.3518681553676724,0.1700799876261454,False
1997-06-29 10:00:00,0.6393806,0.088642694,0.065066986,0.4051453626677394,0.16956489302956324,False
1997-06-29 11:00:00,0.68028724,0.12905972,0.096695766,0.44537034554779525,0.1690231367507668,False
1997-06-29 12:00:00,0.6542245,0.173089,0.13590986,0.44869651743769645,0.16824581598204386,False
1997-06-29 13:00:00,0.597715,0.19442426,0.15735467,0.4251212694197893,0.16765520306992013,False
1997-06-29 14:00:00,0.5199584,0.20498276,0.16805135,0.38472939375042914,0.16717036114226694,False
1997-06-29 15:00:00,0.42283928,0.21863772,0.18044217,0.3343994625657797,0.16669931217532427,False
1997-06-29 16:00:00,0.31838793,0.22357924,0.18570665,0.27623873253166675,0.16659186667614362,False
1997-06-29 17:00:00,0.21457201,0.20932163,0.1758475,0.2105434987694025,0.16649161740864024,False
1997-06-29 18:00:00,0.11782788,0.18982315,0.16365975,0.1468690544217825,0.16655796694348196,False
1997-06-29 19:00:00,0.044385925,0.17652114,0.15511924,0.09912341734766958,0.1666841541098217,False
1997-06-29 20:00:00,0.004634583,0.16937009,0.1500499,0.07327441003313287,0.1670529286249715,False
1997-06-29 21:00:00,1.3254098e-06,0.16301396,0.14407702,0.06793307677318035,0.1674863998029769,False
1997-06-29 22:00:00,0.0,0.13102348,0.11504077,0.05455986633896828,0.16794065232716818,False
1997-06-29 23:00:00,0.0,0.11666044,0.098657124,0.048375186480581756,0.1684421490181921,False
1997-06-30 00:00:00,0.0,0.09642042,0.07711499,0.03974334535002708,0.16887720256036115,False
1997-06-30 01:00:00,0.0,0.08421364,0.066533335,0.03466763205081225,0.16931931839693423,False
1997-06-30 02:00:00,0.0,0.07850293,0.060938776,0.03225827530771494,0.16975237127023135,False
1997-06-30 03:00:00,0.00014559338,0.07327449,0.056579355,0.030177580556555766,0.17016345295847712,False
1997-06-30 04:00:00,0.015163522,0.07427236,0.055608306,0.039158700551837684,0.17052769438531595,False
1997-06-30 05:00:00,0.073325835,0.084792584,0.06412061,0.0770599835589528,0.17077659647619928,False
1997-06-30 06:00:00,0.15143201,0.10323306,0.08156532,0.12987379544228317,0.170656722948529,False
1997-06-30 07:00:00,0.22883257,0.12410363,0.10035479,0.18324979191273452,0.17008103494834265,False
1997-06-30 08:00:00,0.31176808,0.13019504,0.102747194,0.2334805018901825,0.16893265841496907,False
1997-06-30 09:00:00,0.39273888,0.1353602,0.10463587,0.2822085825204849,0.16734030519696683,False
1997-06-30 10:00:00,0.46402112,0.10931891,0.08804108,0.3128330811858177,0.16522116848491863,False
1997-06-30 11:00:00,0.5099626,0.113301866,0.09109389,0.34097588933259243,0.16285434010849134,False
1997-06-30 12:00:00,0.5325118,0.11512991,0.0919723,0.354708732791245,0.16011441125529774,False
1997-06-30 13:00:00,0.4950863,0.12345414,0.09695085,0.33645472532510756,0.15719245837961743,False
1997-06-30 14:00:00,0.44757915,0.12646347,0.10048938,0.31034461480379105,0.15497820285202424,False
1997-06-30 15:00:00,0.38915107,0.11767544,0.09429302,0.2730542253255844,0.1533505520512423,False
1997-06-30 16:00:00,0.30619156,0.09897162,0.08016094,0.21752175071835517,0.15177443497716403,False
1997-06-30 17:00:00,0.21667352,0.079867445,0.065492935,0.15802832857519386,0.15018502059089128,False
1997-06-30 18:00:00,0.1284467,0.06001396,0.05096239,0.09901086546108126,0.14873026148099017,False
1997-06-30 19:00:00,0.053289194,0.05649513,0.048690047,0.05422383027896284,0.14746449303391423,False
1997-06-30 20:00:00,0.0064178933,0.0569671,0.048890006,0.0273640440297313,0.14616149555963692,False
1997-06-30 21:00:00,3.1694578e-06,0.057525184,0.04900629,0.023874961374829355,0.14476650466256885,False
1997-06-30 22:00:00,0.0,0.06315675,0.053080846,0.026171205058693883,0.14339614751082577,False
1997-06-30 23:00:00,0.0,0.05564244,0.046855044,0.023062233053147793,0.14231004901868025,False
1997-07-01 00:00:00,0.0,0.056162886,0.047660828,0.023297789745032788,0.1413616287320942,False
1997-07-01 01:00:00,0.0,0.055947278,0.048713394,0.023275068718940018,0.14059202201915055,False
1997-07-01 02:00:00,0.0,0.055503093,0.048983607,0.02312575601041317,0.13993359310596448,False
1997-07-01 03:00:00,9.666846e-05,0.052745577,0.04670156,0.02204077992492239,0.13933547258776113,False
1997-07-01 04:00:00,0.011472055,0.05161744,0.04523088,0.028108678434975446,0.13878714046392265,False
1997-07-01 05:00:00,0.05701898,0.050957467,0.043971203,0.05407770213112235,0.13824558026886608,False
1997-07-01 06:00:00,0.123827696,0.056234475,0.04764529,0.09477194749191402,0.137851366742434,False
1997-07-01 07:00:00,0.21765696,0.05594677,0.045569483,0.14869317371770738,0.13790366047129643,False
1997-07-01 08:00:00,0.317244,0.049019124,0.037990488,0.2031893273703754,0.13855951118738688,False
1997-07-01 09:00:00,0.4034726,0.04234965,0.031831115,0.2501495931893587,0.1398987259433464,False
1997-07-01 10:00:00,0.4834567,0.030743103,0.022942202,0.2915376005992293,0.1415381973027421,False
1997-07-01 11:00:00,0.52701664,0.023912763,0.017432405,0.31385376059450204,0.14316779124344609,False
1997-07-01 12:00:00,0.5199676,0.020622347,0.015033691,0.3084427794050425,0.14428486139268834,False
1997-07-01 13:00:00,0.53701127,0.02199376,0.01603345,0.3188370040953159,0.14492074914726494,False
1997-07-01 14:00:00,0.5165973,0.020877179,0.015219463,0.30660215531289575,0.1453783807154953,False
1997-07-01 15:00:00,0.43275928,0.022146152,0.016144544,0.25874584301002324,0.1455543642491854,False
1997-07-01 16:00:00,0.33358616,0.01828661,0.013330938,0.19994684199057516,0.14546817166924542,False
1997-07-01 17:00:00,0.23541482,0.011951807,0.008712866,0.14071506149414925,0.14513878493639393,False
1997-07-01 18:00:00,0.1442724,0.007020646,0.005118051,0.0861121689621359,0.14475557839617972,False
1997-07-01 19:00:00,0.05923296,0.005882272,0.0042881756,0.0365795385823585,0.14448434986922798,False
1997-07-01 20:00:00,0.006856286,0.0057761176,0.0042107888,0.006314846973866224,0.14418007200129548,False
1997-07-01 21:00:00,2.6796329e-06,0.0052756285,0.0038459336,0.002155933489513245,0.1440354726024452,False
1997-07-01 22:00:00,0.0,0.0059435377,0.004332839,0.002427138715982437,0.1440360244167262,False
1997-07-01 23:00:00,0.0,0.0069815135,0.0050895233,0.0028510127244517204,0.14405950994223743,False
1997-07-02 00:00:00,0.0,0.0068620383,0.005002426,0.0028022231287322934,0.14412497061390817,False
1997-07-02 01:00:00,0.0,0.007500733,0.0054680337,0.003063044217880815,0.1441554408303221,False
1997-07-02 02:00:00,0.0,0.0086894855,0.006334635,0.003548490433953702,0.14420661581999078,False
1997-07-02 03:00:00,0.0001043616,0.009299065,0.0067790183,0.003857638612309529,0.14422388967003127,False
1997-07-02 04:00:00,0.01679029,0.008511517,0.006204895,0.013163811189122496,0.14419695529588442,False
1997-07-02 05:00:00,0.0944189,0.008957724,0.006530182,0.05813773429021239,0.1441570650097404,False
1997-07-02 06:00:00,0.22077015,0.012242737,0.0089249555,0.13238389442767948,0.14423779814228904,False
1997-07-02 07:00:00,0.35886154,0.018776098,0.0136877755,0.2147306262850761,0.14452955455104377,False
1997-07-02 08:00:00,0.50110096,0.021127023,0.015401599,0.29776281017623835,0.14487732779215579,False
1997-07-02 09:00:00,0.6084706,0.02403643,0.017522559,0.36090320777148005,0.14534017725483225,False
1997-07-02 10:00:00,0.667133,0.014981327,0.010921389,0.39105359033960846,0.14601532460532174,False
1997-07-02 11:00:00,0.6714084,0.017613124,0.012839969,0.3945952564962208,0.14645645064181825,False
1997-07-02 12:00:00,0.65521574,0.017562341,0.012802946,0.3852313450109213,0.147233547905929,False
1997-07-02 13:00:00,0.60920745,0.016917033,0.012332518,0.35842104060016566,0.1478756250033266,False
1997-07-02 14:00:00,0.53996,0.017696276,0.013054871,0.318791824420914,0.14759035424384,False
1997-07-02 15:00:00,0.45435074,0.016545463,0.0120616425,0.2689169814884662,0.14708610309080633,False
1997-07-02 16:00:00,0.33839688,0.015809812,0.011525352,0.20171118754148484,0.14654136534223744,False
1997-07-02 17:00:00,0.23027195,0.016572142,0.01208109,0.13963441464491186,0.14629157512123098,False
1997-07-02 18:00:00,0.13346654,0.021994244,0.016033804,0.0859918961673975,0.14610198128013718,False
1997-07-02 19:00:00,0.047648277,0.029692572,0.021645885,0.03961849261820317,0.14595661549784167,False
1997-07-02 20:00:00,0.0049478407,0.043021135,0.031362407,0.020423272884916514,0.14585407450267998,False
1997-07-02 21:00:00,1.4118496e-06,0.05821332,0.044813313,0.023901448460318532,0.14580462161712754,False
1997-07-02 22:00:00,0.0,0.06599645,0.054552205,0.027298510283231735,0.14576711090161085,False
1997-07-02 23:00:00,0.0,0.06321515,0.053295452,0.026204345293343066,0.14572541359281865,False
1997-07-03 00:00:00,0.0,0.05996785,0.048744883,0.02476036013290286,0.14568317842565998,False
1997-07-03 01:00:00,0.0,0.062347807,0.050465323,0.025731468223035334,0.1456492528630432,False
1997-07-03 02:00:00,0.0,0.058232393,0.04568792,0.023954900812357665,0.14560779010140218,False
1997-07-03 03:00:00,9.2576985e-05,0.0505384,0.037886,0.020747929965873484,0.1455485620206044,False
1997-07-03 04:00:00,0.012267157,0.04679711,0.03421594,0.026193944700062272,0.14547937192320648,False
1997-07-03 05:00:00,0.07023069,0.04268177,0.031115005,0.0579528924934566,0.14536597690895864,False
1997-07-03 06:00:00,0.1611345,0.038694825,0.028208524,0.10877625511214137,0.1450780160833797,False
1997-07-03 07:00:00,0.26250747,0.034085795,0.024848547,0.1653862892910838,0.14440163262674727,False
1997-07-03 08:00:00,0.37098682,0.027774492,0.020331837,0.22540610157884655,0.14329285913903506,False
1997-07-03 09:00:00,0.4722386,0.02467148,0.01798551,0.28255666601285334,0.1417454531366992,False
1997-07-03 10:00:00,0.5299228,0.017009752,0.012400109,0.3127116503510624,0.13980957653886938,False
1997-07-03 11:00:00,0.5967077,0.016784173,0.012235662,0.35115442927181717,0.13758126292847514,False
1997-07-03 12:00:00,0.5760339,0.016874386,0.012301425,0.3392624800801277,0.13559653329848048,False
1997-07-03 13:00:00,0.51819825,0.015044387,0.01096736,0.30514400763995947,0.13371365741976737,False
1997-07-03 14:00:00,0.47994614,0.013392837,0.009763379,0.2823980999672785,0.13186222614065402,False
1997-07-03 15:00:00,0.39628696,0.009650296,0.0070350654,0.2325984310787171,0.1305942133632757,False
1997-07-03 16:00:00,0.32089067,0.006863935,0.0050038085,0.18795691138226536,0.12929290599464022,False
1997-07-03 17:00:00,0.22571102,0.0033776069,0.0024622758,0.13161455712164752,0.1286109810757603,False
1997-07-03 18:00:00,0.13618757,0.0013575677,0.0009896668,0.07913461141195148,0.12835338429464188,False
1997-07-03 19:00:00,0.054364584,0.000708202,0.00051627925,0.03165757081459742,0.1281167937219072,False
1997-07-03 20:00:00,0.0064768735,0.0004994354,0.0003640884,0.003941108467348385,0.12789124962702791,False
1997-07-03 21:00:00,1.8728616e-06,0.00086769834,0.00063255214,0.00035541914471207294,0.1275569935869306,False
1997-07-03 22:00:00,0.0,0.0010423686,0.00075988675,0.0004256678939564153,0.12707481186201347,False
1997-07-03 23:00:00,0.0,0.0020171236,0.001470483,0.0008237247008364648,0.1265154486349087,False
1997-07-04 00:00:00,0.0,0.0028743728,0.002095418,0.0011737961231265217,0.12597897246999074,False
1997-07-04 01:00:00,0.0,0.0026271327,0.0019151795,0.0010728316591121256,0.12547531155759806,False
1997-07-04 02:00:00,0.0,0.0017277211,0.0012595089,0.0007055425556609407,0.12495362689494814,False
1997-07-04 03:00:00,7.08518e-05,0.0012136967,0.0008847848,0.0005365139372079284,0.12447594739505749,False
1997-07-04 04:00:00,0.012749203,0.00089273014,0.00065080024,0.007720850505225825,0.124078552001407,False
1997-07-04 05:00:00,0.076155156,0.0009160648,0.00066781125,0.04431561466242419,0.12372613002460645,False
1997-07-04 06:00:00,0.172509,0.00093003747,0.0006779973,0.09991748850932343,0.12336954627578847,False
1997-07-04 07:00:00,0.27912736,0.0011093296,0.0008087013,0.1615094988748897,0.12296287231990216,False
1997-07-04 08:00:00,0.38658097,0.0010532222,0.000767799,0.2234873220641166,0.12248420990007076,False
1997-07-04 09:00:00,0.46365693,0.0011046004,0.0008052538,0.2679811310756486,0.12188050653786321,False
1997-07-04 10:00:00,0.49026212,0.0029710927,0.0021659266,0.2840945370406843,0.12112136938082288,False
1997-07-04 11:00:00,0.51626253,0.0035378893,0.0025791212,0.299328234256478,0.12048172258446849,False
1997-07-04 12:00:00,0.50771374,0.0046587563,0.0033962333,0.29485330283269284,0.11922710958601365,False
1997-07-04 13:00:00,0.46276745,0.0062089385,0.004526316,0.26955233920272437,0.11808910388640051,False
1997-07-04 14:00:00,0.44141594,0.007910101,0.005766463,0.2579272111067548,0.11751741409384103,False
1997-07-04 15:00:00,0.3521561,0.007983418,0.005819912,0.20645422779396175,0.11672399741468331,False
1997-07-04 16:00:00,0.287492,0.0075811977,0.0055266935,0.16897879143524913,0.1164510129896505,False
1997-07-04 17:00:00,0.21707667,0.0049380413,0.0035998323,0.12726976915122942,0.11634884714673663,False
1997-07-04 18:00:00,0.12778164,0.0022174711,0.0016165365,0.07463554867613129,0.11649400948736371,False
1997-07-04 19:00:00,0.048812076,0.0015373658,0.00112074,0.028792376063996924,0.11671037115045457,False
1997-07-04 20:00:00,0.0063231257,0.0017889331,0.0013041323,0.004378982960246503,0.11708419300663937,False
1997-07-04 21:00:00,1.5559157e-06,0.001850859,0.0013492763,0.000756725664297278,0.11750282476566894,False
1997-07-04 22:00:00,0.0,0.0010996885,0.0008016729,0.0004490753822028637,0.11792045360131073,False
1997-07-04 23:00:00,0.0,0.0011104974,0.00080955256,0.00045348937727976587,0.11848859525115898,False
1997-07-05 00:00:00,0.0,0.0014316479,0.0010436714,0.0005846363380551338,0.11912060531930677,False
1997-07-05 01:00:00,0.0,0.0016911408,0.0012328418,0.0006906044158386066,0.11979296483214916,False
1997-07-05 02:00:00,0.0,0.0025131495,0.001832086,0.0010262848176062107,0.12051755149920558,False
1997-07-05 03:00:00,6.200612e-05,0.004009084,0.0029226223,0.001672951070650015,0.12123256233377964,False
1997-07-05 04:00:00,0.01235766,0.0052583227,0.0038333172,0.009277689813636242,0.12200263907438219,False
1997-07-05 05:00:00,0.06589422,0.006895554,0.005026859,0.04083687255019322,0.12284499524195457,False
1997-07-05 06:00:00,0.14853497,0.00869619,0.0063395235,0.08925590522959828,0.1237277969010627,False
1997-07-05 07:00:00,0.2394976,0.01033479,0.0075340625,0.14241049313917756,0.12465394586434962,False
1997-07-05 08:00:00,0.3324243,0.011312185,0.008246583,0.1964283401928842,0.12504905960269552,False
1997-07-05 09:00:00,0.41753805,0.012730319,0.009280402,0.24611808247491715,0.1253008137359979,False
1997-07-05 10:00:00,0.47654113,0.017250141,0.012575353,0.28200860412605105,0.12578652627759987,False
1997-07-05 11:00:00,0.49069017,0.019112209,0.0139328,0.2909330053459853,0.12720337773623436,False
1997-07-05 12:00:00,0.47571453,0.024857407,0.01812105,0.28463820649869737,0.12884296649549085,False
1997-07-05 13:00:00,0.45937097,0.030966945,0.022574903,0.27770289759710426,0.13080704657409578,False
1997-07-05 14:00:00,0.3975183,0.03659961,0.026681114,0.24431409936770795,0.1328702468170878,False
1997-07-05 15:00:00,0.34714955,0.046991885,0.03425708,0.21949517867714163,0.13475820289274915,False
1997-07-05 16:00:00,0.27548563,0.05901015,0.0430184,0.18305295092239973,0.1366451721827244,False
1997-07-05 17:00:00,0.19805072,0.059501253,0.043539263,0.13858234947174786,0.13792558734755506,False
1997-07-05 18:00:00,0.115127504,0.056543503,0.041237943,0.08951997124031186,0.13904482104077437,False
1997-07-05 19:00:00,0.04877876,0.052540306,0.038301885,0.04960101991146803,0.14002157723020514,False
1997-07-05 20:00:00,0.0062635983,0.050007436,0.03645542,0.024035432900767775,0.1408802282658208,False
1997-07-05 21:00:00,1.0372772e-06,0.049957648,0.036419123,0.02040160325551767,0.14169484135336013,False
1997-07-05 22:00:00,0.0,0.067801155,0.049589645,0.027696467086672782,0.14254416008619278,False
1997-07-05 23:00:00,0.0,0.07626457,0.055899676,0.031160207971930504,0.14354732642532014,False
1997-07-06 00:00:00,0.0,0.08182655,0.060241755,0.033447052739560605,0.14455564560470935,False
1997-07-06 01:00:00,0.0,0.08774828,0.06433103,0.03585299167782068,0.14554340594503862,False
1997-07-06 02:00:00,0.0,0.085769095,0.06254198,0.03502606261521578,0.14652222976910395,False
1997-07-06 03:00:00,6.105529e-05,0.09162361,0.067701034,0.03750019748612977,0.14750855833718066,False
1997-07-06 04:00:00,0.011370286,0.10165642,0.07559392,0.04815394654870033,0.14853892068849212,False
1997-07-06 05:00:00,0.05980525,0.1273512,0.096108764,0.08669009429961443,0.14959260732974583,False
1997-07-06 06:00:00,0.13550277,0.16165364,0.121061996,0.14437263874709605,0.15078329346998437,False
1997-07-06 07:00:00,0.1942862,0.16692494,0.12549111,0.18047495831549165,0.15205270955038408,False
1997-07-06 08:00:00,0.2875619,0.17008601,0.12752907,0.23557152046263216,0.15285066458088184,False
1997-07-06 09:00:00,0.37834105,0.17817406,0.13419108,0.2912953330725431,0.15361213838349866,False
1997-07-06 10:00:00,0.462133,0.20819148,0.15981507,0.3521034070551395,0.15418214543522796,False
1997-07-06 11:00:00,0.5096853,0.2049232,0.15413758,0.3780284947007894,0.155269844689543,False
1997-07-06 12:00:00,0.5311951,0.20167297,0.15207861,0.38912914660573006,0.15630392794483802,False
1997-07-06 13:00:00,0.49825263,0.19809072,0.14812423,0.36858595086634155,0.15775859770161405,False
1997-07-06 14:00:00,0.46244428,0.199764,0.1482563,0.34854910273849965,0.159520038417289,False
1997-07-06 15:00:00,0.38323486,0.18550964,0.13794786,0.2970287537127733,0.16140975976531702,False
1997-07-06 16:00:00,0.28117755,0.16659425,0.12455544,0.23043871934711932,0.1631241983342729,False
1997-07-06 17:00:00,0.20886824,0.14762925,0.11112635,0.18099298642575742,0.16452078101277656,False
1997-07-06 18:00:00,0.123149976,0.122885555,0.094769254,0.1215198457688093,0.1655157161591543,False
1997-07-06 19:00:00,0.045110665,0.1070477,0.08292909,0.07000762577354908,0.16634800620809814,False
1997-07-06 20:00:00,0.0051104627,0.09861992,0.07668375,0.043480411162134254,0.16696284370347542,False
1997-07-06 21:00:00,7.491446e-07,0.10116125,0.07768688,0.041524024840263504,0.16740748140519596,False
1997-07-06 22:00:00,0.0,0.11832552,0.09146193,0.04860105966031551,0.16781621636138427,False
1997-07-06 23:00:00,0.0,0.11905093,0.091166995,0.04885280998796225,0.16800305524575654,False
1997-07-07 00:00:00,0.0,0.117175594,0.0881359,0.04799713267385959,0.1681656267001772,False
1997-07-07 01:00:00,0.0,0.11658657,0.08617967,0.04767414797097445,0.1682935221652979,False
1997-07-07 02:00:00,0.0,0.11834807,0.08702997,0.04837005608528853,0.1683688065378474,False
1997-07-07 03:00:00,5.517738e-05,0.1250116,0.092022754,0.05113034393360067,0.16848119208323897,False
1997-07-07 04:00:00,0.010400403,0.13171639,0.097227216,0.059854648593813176,0.16858109950339828,False
1997-07-07 05:00:00,0.05412901,0.16334143,0.12008113,0.09798980728164315,0.1686403801898668,False
1997-07-07 06:00:00,0.12850957,0.18606628,0.13665552,0.15018787708878517,0.1686518457264525,False
1997-07-07 07:00:00,0.17791049,0.19107871,0.13981366,0.1807123346030712,0.16868043081675443,False
1997-07-07 08:00:00,0.2689011,0.19041397,0.1400072,0.23297908271849155,0.1689406869650083,False
1997-07-07 09:00:00,0.3410734,0.18761654,0.13793646,0.27347842095792296,0.16958990920796466,False
1997-07-07 10:00:00,0.4077873,0.24187468,0.17913228,0.33421816833317275,0.17028111368289314,False
1997-07-07 11:00:00,0.45036724,0.19741039,0.14560498,0.34056900160014625,0.1708339051246839,False
1997-07-07 12:00:00,0.4860015,0.18126158,0.13248092,0.35446235482394695,0.17090623098452362,False
1997-07-07 13:00:00,0.4997353,0.18093875,0.13219236,0.362252051949501,0.17098373973862052,False
1997-07-07 14:00:00,0.45586258,0.17628308,0.12851036,0.33502072407305244,0.17121370898400218,False
1997-07-07 15:00:00,0.39728767,0.17763297,0.12975332,0.30178822998702526,0.1711713807200588,False
1997-07-07 16:00:00,0.3094117,0.17522177,0.12780616,0.25008891949057577,0.17130236086462408,False
1997-07-07 17:00:00,0.22494002,0.13847382,0.10096307,0.186339236497879,0.17173607523517778,False
1997-07-07 18:00:00,0.13858423,0.12121348,0.08850038,0.12946989358961583,0.17185090048141252,False
1997-07-07 19:00:00,0.05790853,0.111736625,0.082762636,0.07911321968957782,0.17187236055913788,False
1997-07-07 20:00:00,0.0063461484,0.10195308,0.07584496,0.04537804258335382,0.17176655786061135,False
1997-07-07 21:00:00,4.8982537e-07,0.09788046,0.07227238,0.040020881152556004,0.1715202588184292,False
1997-07-07 22:00:00,0.0,0.08970753,0.065975085,0.03666473353654146,0.17119172448827397,False
1997-07-07 23:00:00,0.0,0.09527989,0.07046962,0.03896363778412342,0.1707099738987114,False
1997-07-08 00:00:00,0.0,0.096700035,0.07229115,0.039586035065352916,0.17017327783349415,False
1997-07-08 01:00:00,0.0,0.09636557,0.072365664,0.03946664156019687,0.16961931818746473,False
1997-07-08 02:00:00,0.0,0.09860195,0.074749045,0.04042056879401207,0.16905357289406914,False
1997-07-08 03:00:00,4.581307e-05,0.103014015,0.078836076,0.042295753653776046,0.16845083302817748,False
1997-07-08 04:00:00,0.011270996,0.10835021,0.08360791,0.05099941949918866,0.1677838825805914,False
1997-07-08 05:00:00,0.06384176,0.12276474,0.09451031,0.08724044005572795,0.16709593607496023,False
1997-07-08 06:00:00,0.14581993,0.15021314,0.114406936,0.14574472308158873,0.16642634745550516,False
1997-07-08 07:00:00,0.21836972,0.16325055,0.124601305,0.1929672534316778,0.16600898282760618,False
1997-07-08 08:00:00,0.34672335,0.16237865,0.12513135,0.2667341881245375,0.16589329264207298,False
1997-07-08 09:00:00,0.449159,0.15912455,0.12206383,0.3244731478691101,0.16607652948178836,False
1997-07-08 10:00:00,0.5305699,0.17665045,0.13545448,0.37863739626109594,0.166405561045618,False
1997-07-08 11:00:00,0.5467174,0.16094996,0.123215884,0.3815001359730959,0.16647630319964626,False
1997-07-08 12:00:00,0.5744434,0.14973278,0.11378385,0.3928495668023825,0.1669519928518669,False
1997-07-08 13:00:00,0.55801654,0.14075056,0.10577734,0.3796244746446609,0.16731705123825483,False
1997-07-08 14:00:00,0.5044112,0.13546383,0.10159106,0.34651734606921675,0.16688555100601962,False
1997-07-08 15:00:00,0.43203682,0.13193588,0.09900403,0.3033158006519079,0.16621690495113395,False
1997-07-08 16:00:00,0.34487703,0.12757005,0.09610394,0.25125700913369653,0.16536766264815678,False
1997-07-08 17:00:00,0.24899629,0.104460016,0.079407305,0.1865045982450247,0.16470491262652465,False
1997-07-08 18:00:00,0.15223478,0.08454569,0.06505749,0.12254992949962615,0.16419683767105317,False
1997-07-08 19:00:00,0.058516033,0.07587459,0.05865966,0.06492909624427556,0.16360237524785587,False
1997-07-08 20:00:00,0.0058763763,0.068851925,0.05298199,0.03165805713739246,0.16286027811315396,False
1997-07-08 21:00:00,2.8813255e-07,0.0628098,0.04772951,0.02575437699281164,0.16215463449068737,False
1997-07-08 22:00:00,0.0,0.062112946,0.047358412,0.025477031361311676,0.16147605698304524,False
1997-07-08 23:00:00,0.0,0.056386665,0.042309623,0.023091398857533932,0.1608415963153731,False
1997-07-09 00:00:00,0.0,0.052269872,0.039249755,0.0214070696644485,0.16013829421710957,False
1997-07-09 01:00:00,0.0,0.05013762,0.037362814,0.020518373887985945,0.15940621847297567,False
1997-07-09 02:00:00,0.0,0.047542423,0.035099786,0.019438542522490023,0.15866106619783948,False
1997-07-09 03:00:00,3.5296234e-05,0.046692047,0.03457391,0.01911672244946749,0.15788907967914398,False
1997-07-09 04:00:00,0.012337058,0.048183337,0.035834864,0.02683321632351726,0.15707819100320958,False
1997-07-09 05:00:00,0.07827541,0.050595596,0.037312325,0.06584955354779957,0.15623185817869223,False
1997-07-09 06:00:00,0.18641317,0.055319145,0.040392812,0.13015437494963406,0.15547864013870555,False
1997-07-09 07:00:00,0.2667792,0.0519818,0.037894726,0.17515920569747687,0.1548964876056711,False
1997-07-09 08:00:00,0.38504988,0.047997802,0.034990396,0.24177445102483033,0.15494030516417154,False
1997-07-09 09:00:00,0.46988612,0.04443965,0.032396503,0.28927193602174517,0.15503843097545944,False
1997-07-09 10:00:00,0.5444529,0.0574594,0.041887905,0.3376137917265296,0.1554431283076608,False
1997-07-09 11:00:00,0.5849916,0.063303955,0.04634828,0.36340210490673774,0.15543419372156533,False
1997-07-09 12:00:00,0.59940326,0.06395722,0.046838153,0.3719851573705673,0.1558482092130002,False
1997-07-09 13:00:00,0.55277175,0.055319842,0.040328167,0.3415400408022106,0.1559708777067139,False
1997-07-09 14:00:00,0.4923799,0.046092253,0.03360125,0.3029257134385407,0.1558918129755576,False
1997-07-09 15:00:00,0.42445233,0.039463624,0.02876898,0.2610245994441211,0.15556948189493697,False
1997-07-09 16:00:00,0.35051426,0.039254464,0.028616508,0.21827691845223304,0.15521792640038418,False
1997-07-09 17:00:00,0.25535727,0.035777945,0.026082125,0.16195163863524792,0.15467670147965001,False
1997-07-09 18:00:00,0.15420339,0.029288296,0.021351166,0.10093569727614521,0.15410400818635672,False
1997-07-09 19:00:00,0.059133787,0.022950888,0.016731199,0.043492557223886244,0.15347358263858324,False
1997-07-09 20:00:00,0.005775127,0.020018563,0.014593532,0.011507148704957216,0.1529467170332795,False
1997-07-09 21:00:00,1.7287952e-07,0.01824114,0.013297791,0.007449160785732644,0.1524383059683415,False
1997-07-09 22:00:00,0.0,0.015208469,0.011086972,0.006210621488280594,0.1519779733231645,False
1997-07-09 23:00:00,0.0,0.012746255,0.009292019,0.005205137067474425,0.15150629956961542,False
1997-07-10 00:00:00,0.0,0.01088827,0.00793755,0.0044463993469253185,0.15106688468346885,False
1997-07-10 01:00:00,0.0,0.009058865,0.006603912,0.003699332353658974,0.15064942557739605,False
1997-07-10 02:00:00,0.0,0.008240686,0.00600746,0.0033652158966287968,0.15024676069740428,False
1997-07-10 03:00:00,2.9908158e-05,0.008217727,0.005990722,0.0033730972089251734,0.1498613152052513,False
1997-07-10 04:00:00,0.012028641,0.008411371,0.00613189,0.010375443922355771,0.1494775894248158,False
1997-07-10 05:00:00,0.08220081,0.008953014,0.006526746,0.05108597413636744,0.14906846016964345,False
1997-07-10 06:00:00,0.19835883,0.008199396,0.0059773596,0.11780140149593352,0.1486671151219463,False
1997-07-10 07:00:00,0.33319938,0.0068919864,0.0050242585,0.1950704962396994,0.14831398280334163,False
1997-07-10 08:00:00,0.46588442,0.0064376523,0.004693048,0.2714442270663567,0.1485381734927964,False
1997-07-10 09:00:00,0.59087455,0.007258202,0.005291229,0.3438986198147759,0.1490216388319312,False
1997-07-10 10:00:00,0.6482766,0.0101696085,0.007413644,0.3782085361285135,0.14996112192406372,False
1997-07-10 11:00:00,0.6877324,0.011145114,0.008124788,0.4013728795619681,0.15081420748183383,False
1997-07-10 12:00:00,0.68267643,0.011835833,0.008628322,0.3987376545006409,0.1512413646963079,False
1997-07-10 13:00:00,0.64319503,0.011523568,0.008400682,0.3758293675491586,0.1511917034105207,False
1997-07-10 14:00:00,0.5648185,0.01259943,0.0091849845,0.3310454541994259,0.15151324605990507,False
1997-07-10 15:00:00,0.48650312,0.014028676,0.010226904,0.2864411369133741,0.1518437354296837,False
1997-07-10 16:00:00,0.37977314,0.015057843,0.010977168,0.2252782129384577,0.15205649103155625,False
1997-07-10 17:00:00,0.2667351,0.012511237,0.009120691,0.15901532016694547,0.15186501300315755,False
1997-07-10 18:00:00,0.15315768,0.009593162,0.0069934158,0.09228950320649891,0.1514548177005222,False
1997-07-10 19:00:00,0.062479436,0.00878847,0.0064067943,0.03963954718969762,0.1512353957186204,False
1997-07-10 20:00:00,0.006137857,0.009091801,0.006627923,0.007254326020367443,0.1510661235383036,False
1997-07-10 21:00:00,5.762651e-08,0.008958573,0.0065307994,0.003658410024316499,0.15094321518871812,False
1997-07-10 22:00:00,0.0,0.006946443,0.005063957,0.0028366911909542976,0.1508319443908986,False
1997-07-10 23:00:00,0.0,0.0048963046,0.0035694062,0.001999484322499484,0.15073588936970916,False
1997-07-11 00:00:00,0.0,0.0033524646,0.0024439467,0.0013690325729548932,0.15065422058847616,False
1997-07-11 01:00:00,0.0,0.0029151782,0.0021251647,0.0011904596483800559,0.15058153710367334,False
1997-07-11 02:00:00,0.0,0.0022948994,0.0016729817,0.0009371588991489261,0.15052018462427805,False
1997-07-11 03:00:00,1.8094723e-05,0.0016834025,0.0012272005,0.000697884988561782,0.15045984619479713,False
1997-07-11 04:00:00,0.011524783,0.0013351063,0.00097329245,0.0071950120752444485,0.15039610367242667,False
1997-07-11 05:00:00,0.08000493,0.0010337451,0.0007536002,0.04658499125833622,0.1503120355950953,False
1997-07-11 06:00:00,0.19569597,0.0007039053,0.00051314704,0.11320402365660992,0.15016783244434126,False
1997-07-11 07:00:00,0.3217235,0.0007001183,0.0005103862,0.18592035879130708,0.15001174682568605,False
1997-07-11 08:00:00,0.45848042,0.0010715541,0.0007811629,0.2649807873032987,0.149875738727412,False
1997-07-11 09:00:00,0.5783122,0.0016675594,0.0012156507,0.3343671244441066,0.14976748151435876,False
1997-07-11 10:00:00,0.6540644,0.0028570693,0.0020828038,0.3785618984994944,0.14960149032244524,False
1997-07-11 11:00:00,0.6622436,0.004385995,0.0031973904,0.383905651201494,0.14991577825232094,False
1997-07-11 12:00:00,0.6366777,0.00548134,0.0039958972,0.3696014156527817,0.15006932044376836,False
1997-07-11 13:00:00,0.61406916,0.0065044113,0.004741716,0.3569740879726596,0.14998421831764966,False
1997-07-11 14:00:00,0.54747194,0.0070963143,0.0051732133,0.31878920318791637,0.1496921467988607,False
1997-07-11 15:00:00,0.46469358,0.0076124724,0.005549493,0.27123686833400273,0.1497801025639085,False
1997-07-11 16:00:00,0.35695094,0.007653138,0.0055791386,0.20908597308909518,0.14979741175736905,False
1997-07-11 17:00:00,0.24184968,0.0066484506,0.0048467205,0.14226226410875095,0.149942098706789,False
1997-07-11 18:00:00,0.1522238,0.0062941383,0.0045884266,0.09040344214485957,0.1499457775947939,False
1997-07-11 19:00:00,0.05731169,0.0056288885,0.0041034594,0.035367492568679146,0.14985328321423055,False
1997-07-11 20:00:00,0.0057371515,0.005625374,0.0041008973,0.00560754792485386,0.1498072578836223,False
1997-07-11 21:00:00,2.8813256e-08,0.005162393,0.0037633847,0.0021081624903946565,0.14981413406836322,False
1997-07-11 22:00:00,0.0,0.003918006,0.0028562264,0.0015999804711900652,0.14982410102855073,False
1997-07-11 23:00:00,0.0,0.0031467741,0.0022939984,0.0012850355682894586,0.14984466391460743,False
1997-07-12 00:00:00,0.0,0.002344936,0.001709458,0.0009575920763891189,0.14988103361176913,False
1997-07-12 01:00:00,0.0,0.0018473951,0.001346751,0.0007544133426854386,0.1499222008819867,False
1997-07-12 02:00:00,0.0,0.0011484092,0.0008371904,0.0004689712815452367,0.14995953790390348,False
1997-07-12 03:00:00,1.3398164e-05,0.00074865535,0.0005457698,0.0003134561351444063,0.14999832578707145,False
1997-07-12 04:00:00,0.010499953,0.0006898301,0.00050288613,0.0063401762104476804,0.15004531011566996,False
1997-07-12 05:00:00,0.07600343,0.0007597167,0.00055383344,0.044164222900173626,0.1500960749071167,False
1997-07-12 06:00:00,0.19068874,0.00069027883,0.00050321326,0.11030929180048404,0.15016667529862296,False
1997-07-12 07:00:00,0.32634008,0.0005972137,0.00043536874,0.18854210752254583,0.15026059770691697,False
1997-07-12 08:00:00,0.46095645,0.00067588076,0.0004927171,0.2662478808398009,0.15031878645761054,False
1997-07-12 09:00:00,0.5816323,0.0008061303,0.000587669,0.335931042602926,0.15047924687145162,False
1997-07-12 10:00:00,0.68083113,0.0011136879,0.0008118784,0.393294356762548,0.15069383928643248,False
1997-07-12 11:00:00,0.70709234,0.0018381105,0.0013399824,0.40874290475144515,0.15107688704036293,False
1997-07-12 12:00:00,0.68177307,0.0031092037,0.0022666096,0.394652752446942,0.1516821065063732,False
1997-07-12 13:00:00,0.6235658,0.004928109,0.0035925913,0.36180993464728817,0.15233934794634385,False
1997-07-12 14:00:00,0.5762796,0.006743982,0.0049163625,0.3352673309217207,0.15271345350960502,False
1997-07-12 15:00:00,0.49163067,0.008818265,0.0064285155,0.28727197819948197,0.15335852188359209,False
1997-07-12 16:00:00,0.3946284,0.011074861,0.008073573,0.23222318651061505,0.15380924698355647,False
1997-07-12 17:00:00,0.2671913,0.012299094,0.00896604,0.15919190679118037,0.15415892446403237,False
1997-07-12 18:00:00,0.14313532,0.012882294,0.009391192,0.08784977293945848,0.15441454801786342,False
1997-07-12 19:00:00,0.056015156,0.012512271,0.009121446,0.03743033132050186,0.154430487750615,False
1997-07-12 20:00:00,0.005030391,0.011464831,0.008357863,0.0075843828879296775,0.15449243104810284,False
1997-07-12 21:00:00,0.0,0.0101301875,0.007384906,0.004136824113316834,0.15458071328932693,False
1997-07-12 22:00:00,0.0,0.009363438,0.0068259463,0.0038237097216770053,0.1547244599004124,False
1997-07-12 23:00:00,0.0,0.009171258,0.006685846,0.003745229786261916,0.15489648750690035,False
1997-07-13 00:00:00,0.0,0.008191332,0.0059714806,0.0033450615433976054,0.15507182995326807,False
1997-07-13 01:00:00,0.0,0.007303832,0.0053244936,0.0029826367003843186,0.15521790680629133,False
1997-07-13 02:00:00,0.0,0.00685409,0.0049966318,0.0027989772912114857,0.1553273041178771,False
1997-07-13 03:00:00,1.0776156e-05,0.007216357,0.0052607246,0.002953132761290362,0.15540846333366137,False
1997-07-13 04:00:00,0.010564408,0.008659042,0.0063124415,0.009631722064688802,0.15547328932564697,False
1997-07-13 05:00:00,0.07942679,0.010133564,0.007504973,0.04997381005063652,0.15552478711492745,False
1997-07-13 06:00:00,0.19660845,0.010430243,0.0077863275,0.1177122992547229,0.1555280642592568,False
1997-07-13 07:00:00,0.31980488,0.010228717,0.0076223756,0.1887134188245982,0.1553271728226941,False
1997-07-13 08:00:00,0.46575502,0.009649889,0.0070635974,0.2726828871676698,0.15476724075379064,False
1997-07-13 09:00:00,0.5911829,0.00870551,0.006346317,0.34466756036318835,0.15405290947072997,False
1997-07-13 10:00:00,0.681873,0.008589001,0.006261382,0.39694819068815557,0.15318368123616324,False
1997-07-13 11:00:00,0.7100541,0.007970718,0.0058106533,0.41295618556998664,0.15213265842299045,False
1997-07-13 12:00:00,0.6889963,0.0088110445,0.0064232517,0.40114900477137416,0.15127786282165753,False
1997-07-13 13:00:00,0.6435571,0.008812498,0.0064243106,0.3749311550091952,0.1507625578470862,False
1997-07-13 14:00:00,0.60012966,0.008516059,0.006208207,0.3497524851392954,0.15008609692921204,False
1997-07-13 15:00:00,0.50126135,0.008923055,0.0065049073,0.2928716731322929,0.14943456401733218,False
1997-07-13 16:00:00,0.38412613,0.010357662,0.007550735,0.22587049215193836,0.14854863650366357,False
1997-07-13 17:00:00,0.2588756,0.012638096,0.009213172,0.15453219469264148,0.14766997709762691,False
1997-07-13 18:00:00,0.14714338,0.015336557,0.011252409,0.09116854931693523,0.14698907982124404,False
1997-07-13 19:00:00,0.054872967,0.016302597,0.01228538,0.038340770848095417,0.14670399138018103,False
1997-07-13 20:00:00,0.0045542805,0.017627003,0.013202067,0.009845095503609628,0.1466182627346429,False
1997-07-13 21:00:00,0.0,0.022000562,0.016477635,0.009007999822497368,0.14669540203880793,False
1997-07-13 22:00:00,0.0,0.024080329,0.017993784,0.009857305582612752,0.14680284039513247,False
1997-07-13 23:00:00,0.0,0.023698729,0.017715596,0.009701472993940115,0.14691447303380156,False
1997-07-14 00:00:00,0.0,0.019463716,0.014577218,0.007969281021505594,0.14702618817816296,False
1997-07-14 01:00:00,0.0,0.014692328,0.010815098,0.006005484298802912,0.14712112393439788,False
1997-07-14 02:00:00,0.0,0.010687995,0.0077915476,0.004364613639190793,0.14719456800300434,False
1997-07-14 03:00:00,8.67279e-06,0.008375084,0.006105436,0.0034251037504518535,0.14725790137716144,False
1997-07-14 04:00:00,0.009719547,0.007845637,0.0057194694,0.00881207009591162,0.1473200595904296,False
1997-07-14 05:00:00,0.07053698,0.008868733,0.006465307,0.044321525827981524,0.1473504767252403,False
1997-07-14 06:00:00,0.16705449,0.010471152,0.0076334705,0.10066650284547357,0.14706380792266757,False
1997-07-14 07:00:00,0.27141675,0.012385706,0.009029181,0.16166536821518093,0.14619557341005798,False
1997-07-14 08:00:00,0.39233324,0.013673274,0.009967817,0.23195997925288975,0.14481602193473364,False
1997-07-14 09:00:00,0.50055265,0.013196999,0.009620613,0.2942080873437226,0.14276568398238537,False
1997-07-14 10:00:00,0.5859202,0.011678979,0.008513976,0.34284526173025365,0.14018231249773322,False
1997-07-14 11:00:00,0.6296106,0.010841747,0.007903634,0.36771271588746457,0.13752502747584355,False
1997-07-14 12:00:00,0.6330695,0.011355018,0.008277808,0.36991811366751787,0.1349927352439262,False
1997-07-14 13:00:00,0.5610087,0.013805741,0.010064386,0.32933981058932843,0.13307966575009042,False
1997-07-14 14:00:00,0.51465106,0.017239656,0.012567709,0.3039937511514872,0.131734567901721,False
1997-07-14 15:00:00,0.41093242,0.018707361,0.013637667,0.24474745754338798,0.1303366565486454,False
1997-07-14 16:00:00,0.31414112,0.021520171,0.015688203,0.19004753502085803,0.12944008257752276,False
1997-07-14 17:00:00,0.2048044,0.020414764,0.014882362,0.12650883752480147,0.12887436256214269,False
1997-07-14 18:00:00,0.11490575,0.01925946,0.014040146,0.07416552776843309,0.12857533356143772,False
1997-07-14 19:00:00,0.043240134,0.02043639,0.015273547,0.03331535633467138,0.12836020161102826,False
1997-07-14 20:00:00,0.0040151845,0.021892007,0.016521432,0.011287069487851114,0.12824426332777744,False
1997-07-14 21:00:00,0.0,0.02270645,0.016947867,0.009293865216895937,0.12818013894714134,False
1997-07-14 22:00:00,0.0,0.022484919,0.016391505,0.009182076377794147,0.12807746356346364,False
1997-07-14 23:00:00,0.0,0.022296041,0.016302176,0.009107556715607642,0.12794089686339905,False
1997-07-15 00:00:00,0.0,0.019349871,0.014108803,0.00790197784267366,0.12780601735417918,False
1997-07-15 01:00:00,0.0,0.015936567,0.011617758,0.006507951993495226,0.12770293198970217,False
1997-07-15 02:00:00,0.0,0.014298397,0.010423532,0.0058389792507514355,0.1276385783943017,False
1997-07-15 03:00:00,5.6185845e-06,0.014529821,0.01059224,0.005936726998162157,0.1276086520822912,False
1997-07-15 04:00:00,0.0072006052,0.0169872,0.012383671,0.011091744535602629,0.12760431200645825,False
1997-07-15 05:00:00,0.04834651,0.020368425,0.014848581,0.03621370752714574,0.12759470176298676,False
1997-07-15 06:00:00,0.11621457,0.021993099,0.01603297,0.0760370426494628,0.1275063907331946,False
1997-07-15 07:00:00,0.19798625,0.020219324,0.014739888,0.12249494800902903,0.12731773393336954,False
1997-07-15 08:00:00,0.28894517,0.018476816,0.013469598,0.17426666545495392,0.12696664747366487,False
1997-07-15 09:00:00,0.37065622,0.0166446,0.012133912,0.22066572909988463,0.12646294984931242,False
1997-07-15 10:00:00,0.45699078,0.013994384,0.010201906,0.2693985096374526,0.12561472153279113,False
1997-07-15 11:00:00,0.49495336,0.014247188,0.010386201,0.2914061584379524,0.12455060232558403,False
1997-07-15 12:00:00,0.52509654,0.015527659,0.011319662,0.3093216690672561,0.12356293662526527,False
1997-07-15 13:00:00,0.5249207,0.018334566,0.013365898,0.31036645828746257,0.12252390440337708,False
1997-07-15 14:00:00,0.47483096,0.021243881,0.015486792,0.2826527401916683,0.12196598631397393,False
1997-07-15 15:00:00,0.4184955,0.020482155,0.014931491,0.2498361225184053,0.1213489158383225,False
1997-07-15 16:00:00,0.3331291,0.015918162,0.011604342,0.1987159314136952,0.12118407018961577,False
1997-07-15 17:00:00,0.23289415,0.014200195,0.010351942,0.14017880265880375,0.12110184292118491,False
1997-07-15 18:00:00,0.13116764,0.012632026,0.009208748,0.08084221569728108,0.12129106200163989,False
1997-07-15 19:00:00,0.04845401,0.011797677,0.008600506,0.03277573325205594,0.1212744236481923,False
1997-07-15 20:00:00,0.003989022,0.010934944,0.007971574,0.006767125233076512,0.12115891459748807,False
1997-07-15 21:00:00,0.0,0.009990012,0.00728272,0.004079581405967474,0.1210360203301402,False
1997-07-15 22:00:00,0.0,0.008086138,0.0058947946,0.0033021039795130495,0.12092192722203753,False
1997-07-15 23:00:00,0.0,0.007902853,0.00576118,0.003227256551384926,0.12077936471517157,False
1997-07-16 00:00:00,0.0,0.007398225,0.0053933063,0.003021183526609093,0.12064247966972605,False
1997-07-16 01:00:00,0.0,0.0071419063,0.00520645,0.0029165117195807397,0.12053250807857101,False
1997-07-16 02:00:00,0.0,0.0071704076,0.005227227,0.002928150662686676,0.12045578887158033,False
1997-07-16 03:00:00,3.8609764e-06,0.007871743,0.005738501,0.003216780110470154,0.12039599452186801,False
1997-07-16 04:00:00,0.0073643504,0.0100438045,0.007321933,0.008350778409279882,0.12033593980964474,False
1997-07-16 05:00:00,0.061371252,0.011439209,0.008339184,0.04008259639795869,0.12024409701853067,False
1997-07-16 06:00:00,0.14987679,0.012567328,0.009161583,0.09161097645387054,0.1202032771319245,False
1997-07-16 07:00:00,0.24030036,0.015084292,0.01099645,0.14481321814935652,0.12028143199550073,False
1997-07-16 08:00:00,0.34717178,0.018278638,0.013325127,0.20778249328397216,0.1204476318945853,False
1997-07-16 09:00:00,0.42638063,0.018296093,0.013337851,0.2534931281507015,0.12065064282584712,False
1997-07-16 10:00:00,0.491809,0.019574942,0.0142701315,0.29176753978431225,0.1212530884054855,False
1997-07-16 11:00:00,0.541855,0.018744068,0.013664426,0.3203047622721642,0.12166994878711188,False
1997-07-16 12:00:00,0.54394543,0.015153203,0.011046684,0.32004456701688466,0.12181555744399634,False
1997-07-16 13:00:00,0.516499,0.01111706,0.0081043355,0.3025597422979772,0.1216973698213441,False
1997-07-16 14:00:00,0.46948946,0.0085192025,0.006210499,0.27437436832021916,0.12119640283132678,False
1997-07-16 15:00:00,0.40485618,0.0079165585,0.005771171,0.2368348664054647,0.1206187922331094,False
1997-07-16 16:00:00,0.316757,0.008158958,0.00594788,0.18610062613617628,0.11955971859148479,False
1997-07-16 17:00:00,0.2287493,0.0088229785,0.0064319507,0.13559135338664052,0.11853112155638876,False
1997-07-16 18:00:00,0.120822676,0.008943455,0.006519778,0.073366886802949,0.11785916136340402,False
1997-07-16 19:00:00,0.04152949,0.009325961,0.006798626,0.027770921900868415,0.11749018463738192,False
1997-07-16 20:00:00,0.0026934631,0.009388677,0.006844346,0.005388144655153156,0.11743501925949015,False
1997-07-16 21:00:00,0.0,0.009347977,0.0068146754,0.0038173960279673336,0.11758045791583445,False
1997-07-16 22:00:00,0.0,0.0057278913,0.0041756323,0.00233907604822889,0.11773227518243093,False
1997-07-16 23:00:00,0.0,0.0062127467,0.0045290925,0.0025370745342224834,0.11780569398117094,False
1997-07-17 00:00:00,0.0,0.006423996,0.0046830927,0.002623341467231512,0.1178894767192456,False
1997-07-17 01:00:00,0.0,0.006918867,0.0050438535,0.0028254300579428674,0.11800938136673958,False
1997-07-17 02:00:00,0.0,0.0072700726,0.005299883,0.0029688504645600912,0.11818932709382225,False
1997-07-17 03:00:00,2.3050604e-06,0.0074755754,0.0054496937,0.0030541008114457783,0.11843620343252279,False
1997-07-17 04:00:00,0.0061989124,0.007607191,0.005545642,0.006683290562126786,0.1187433880260742,False
1997-07-17 05:00:00,0.052471444,0.009742069,0.0071019684,0.034254352970048786,0.11907032322398485,False
1997-07-17 06:00:00,0.1289566,0.013175723,0.009605101,0.07978847610112279,0.11919432275573433,False
1997-07-17 07:00:00,0.21470922,0.01612603,0.0117558725,0.1304725431650877,0.1188616518293851,False
1997-07-17 08:00:00,0.30528608,0.019250188,0.014033386,0.18401119015552103,0.11830486700811832,False
1997-07-17 09:00:00,0.41640696,0.022813607,0.016631119,0.24958311692252752,0.11719274772012861,False
1997-07-17 10:00:00,0.4835491,0.025457224,0.0186346,0.28940780795551835,0.11589197144308071,False
1997-07-17 11:00:00,0.49774417,0.027380725,0.020249974,0.2983953739684075,0.11445918637102723,False
1997-07-17 12:00:00,0.50591743,0.028682536,0.021304639,0.30364866317994893,0.11318913212135222,False
1997-07-17 13:00:00,0.475269,0.029565118,0.021857537,0.28632004276663064,0.11190496229566577,False
1997-07-17 14:00:00,0.41979727,0.031108307,0.022693345,0.25492743147723373,0.11131083883818493,False
1997-07-17 15:00:00,0.3205934,0.034270495,0.025414644,0.19900058772042392,0.11109603460864495,False
1997-07-17 16:00:00,0.23315017,0.036195155,0.027029885,0.14934327372908593,0.11105814771090267,False
1997-07-17 17:00:00,0.16198918,0.03520449,0.027157387,0.10792471339553593,0.11133701572157773,False
1997-07-17 18:00:00,0.0860118,0.032825463,0.025739448,0.06313133284822105,0.11162002699040208,False
1997-07-17 19:00:00,0.029704561,0.031569827,0.024796238,0.030127795113250613,0.11234158386018381,False
1997-07-17 20:00:00,0.001859838,0.03087876,0.023718366,0.013748180737602525,0.11332347857509684,False
1997-07-17 21:00:00,0.0,0.027702246,0.021197805,0.011366810202598571,0.11442640329687315,False
1997-07-17 22:00:00,0.0,0.016715903,0.012185892,0.006826206319034099,0.11556437444884254,False
1997-07-17 23:00:00,0.0,0.017699325,0.013292165,0.00724882797896862,0.1167754805019595,False
1997-07-18 00:00:00,0.0,0.021366006,0.016528713,0.008776606606319546,0.1179348525861515,False
1997-07-18 01:00:00,0.0,0.0280005,0.022624483,0.011553906619548799,0.11908071127978659,False
1997-07-18 02:00:00,0.0,0.03582951,0.028835658,0.014778214920312166,0.12025426732774398,False
1997-07-18 03:00:00,1.008464e-06,0.043688376,0.034074966,0.01796164060093895,0.12150254120825597,False
1997-07-18 04:00:00,0.0036719034,0.053229533,0.042283,0.024043667908990755,0.12285251001215497,False
1997-07-18 05:00:00,0.02995743,0.06948068,0.05760677,0.046034573921933775,0.12422506090690863,False
1997-07-18 06:00:00,0.06988692,0.085085765,0.07261797,0.07564277198910713,0.1254850130460568,False
1997-07-18 07:00:00,0.1331074,0.09931616,0.08586886,0.11808754672855137,0.12655313534934476,False
1997-07-18 08:00:00,0.19175732,0.104962975,0.09306399,0.1544007674604654,0.12719470104071406,False
1997-07-18 09:00:00,0.24847855,0.1143512,0.10163247,0.19105586685240267,0.12743864583321785,False
1997-07-18 10:00:00,0.304384,0.11372602,0.09998872,0.2229938563257456,0.12707356298339179,False
1997-07-18 11:00:00,0.36261377,0.120624006,0.103773266,0.2593421582877636,0.12650633356759727,False
1997-07-18 12:00:00,0.35695982,0.12666295,0.10555498,0.25840441538393494,0.12671039859683503,False
1997-07-18 13:00:00,0.37422958,0.14021774,0.11798155,0.27404181633889674,0.12703667119184914,False
1997-07-18 14:00:00,0.35443768,0.14383331,0.11997654,0.2640637653023004,0.12730785160970345,False
1997-07-18 15:00:00,0.3016006,0.14746277,0.121833034,0.2350162953138351,0.12786516239987622,False
1997-07-18 16:00:00,0.24662487,0.13823844,0.114328764,0.1994862906485796,0.12890503659429897,False
1997-07-18 17:00:00,0.15861137,0.13940364,0.11513313,0.1491758942902088,0.1299816474435379,False
1997-07-18 18:00:00,0.086899534,0.1392001,0.1202916,0.10800161655247212,0.13063314521286262,False
1997-07-18 19:00:00,0.031991072,0.1357085,0.117899716,0.0749018682166934,0.13123459415088035,False
1997-07-18 20:00:00,0.0027524435,0.1365961,0.117340945,0.05832853130041622,0.131738337442286,False
1997-07-18 21:00:00,0.0,0.14082804,0.11989747,0.05844001132249832,0.1321000873298082,False
1997-07-18 22:00:00,0.0,0.1463599,0.119728915,0.06047216659784317,0.13241041439498547,False
1997-07-18 23:00:00,0.0,0.14081962,0.115268394,0.0581869345754385,0.13279566207627538,False
1997-07-19 00:00:00,0.0,0.13948566,0.11396947,0.05762455876171589,0.1332008107426274,False
1997-07-19 01:00:00,0.0,0.14336762,0.115804985,0.05915612035989762,0.13358902601263722,False
1997-07-19 02:00:00,0.0,0.15252084,0.12232979,0.06288599672913552,0.13398470135842688,False
1997-07-19 03:00:00,4.3219882e-07,0.16461241,0.13167359,0.0678526033985978,0.13437263595028087,False
1997-07-19 04:00:00,0.0035781742,0.1711347,0.13615601,0.07256573351030238,0.13476759132340244,False
1997-07-19 05:00:00,0.030938521,0.18680203,0.14723296,0.09473205564916135,0.13514162686055797,False
1997-07-19 06:00:00,0.078019485,0.20922492,0.16365013,0.13105834665894509,0.13552986008522527,False
1997-07-19 07:00:00,0.12676324,0.2143182,0.16744243,0.1612676963508129,0.13610477505535007,False
1997-07-19 08:00:00,0.19148193,0.20718522,0.16266884,0.1957205401957035,0.13684584992398316,False
1997-07-19 09:00:00,0.26125237,0.19747485,0.15645,0.23205914013087747,0.1377913834190691,False
1997-07-19 10:00:00,0.32169706,0.18592834,0.14729695,0.2621807959973812,0.13916197100394212,False
1997-07-19 11:00:00,0.39926872,0.18908495,0.14889075,0.30819049537181853,0.14109688377679136,False
1997-07-19 12:00:00,0.42055017,0.18644144,0.14547057,0.31930974774062637,0.14262630071851856,False
1997-07-19 13:00:00,0.39541087,0.17311442,0.13528542,0.2993367028236389,0.14405694743699823,False
1997-07-19 14:00:00,0.3731576,0.16134074,0.12651269,0.2816783494055271,0.14509990812391782,False
1997-07-19 15:00:00,0.32818305,0.14461066,0.11465914,0.2489145490527153,0.14562875403452163,False
1997-07-19 16:00:00,0.26198396,0.120985284,0.09652369,0.2010205944925547,0.14576031251891947,False
1997-07-19 17:00:00,0.16927807,0.10081416,0.08005062,0.13919660632312297,0.14572254030363752,False
1997-07-19 18:00:00,0.09716203,0.08721997,0.06952263,0.09200088187307119,0.1457029962889303,False
1997-07-19 19:00:00,0.037571795,0.0791388,0.06345055,0.054307473100721836,0.14555694617117562,False
1997-07-19 20:00:00,0.0028561137,0.07142004,0.057596326,0.031112175338668748,0.14539935020380618,False
1997-07-19 21:00:00,0.0,0.06358521,0.05184385,0.026262509331107138,0.14521043414296547,False
1997-07-19 22:00:00,0.0,0.061204165,0.05062515,0.02531809502094984,0.14495784260751643,False
1997-07-19 23:00:00,0.0,0.06449817,0.0536322,0.026695963963866233,0.14468893043929673,False
1997-07-20 00:00:00,0.0,0.06621586,0.055134963,0.027410939566791057,0.14451960971858313,False
1997-07-20 01:00:00,0.0,0.073841654,0.061088018,0.03054632321745157,0.14433156140102038,False
1997-07-20 02:00:00,0.0,0.08078268,0.0664864,0.03339907532930374,0.14410704718623274,False
1997-07-20 03:00:00,1.4406628e-07,0.089293346,0.07352168,0.036919498510772926,0.1437535678930577,False
1997-07-20 04:00:00,0.003566332,0.09664184,0.07923633,0.0419973736924585,0.1432573372185162,False
1997-07-20 05:00:00,0.03560765,0.10682309,0.08715621,0.06466976870596408,0.14262029513397229,False
1997-07-20 06:00:00,0.094023235,0.118675835,0.09622038,0.10323869055509566,0.14182795371358412,False
1997-07-20 07:00:00,0.17429641,0.12882666,0.1028347,0.15365914042294027,0.14097535906882153,False
1997-07-20 08:00:00,0.24668103,0.13951972,0.11053039,0.19978637522459028,0.1401387228134815,False
1997-07-20 09:00:00,0.34,0.14740822,0.1161192,0.2568440709263086,0.13933826997839976,False
1997-07-20 10:00:00,0.42556763,0.17087008,0.1345572,0.31586966942250727,0.1383976084223123,False
1997-07-20 11:00:00,0.45175478,0.17534882,0.1368139,0.33275417149066927,0.13750094056341616,False
1997-07-20 12:00:00,0.43749297,0.18168,0.1407796,0.3270754578709602,0.13586400515937996,False
1997-07-20 13:00:00,0.43572098,0.17694023,0.13707367,0.32410392931103704,0.13409041938739336,False
1997-07-20 14:00:00,0.38220716,0.16764419,0.13063213,0.2894483690112829,0.1326221861529891,False
1997-07-20 15:00:00,0.30349594,0.16104974,0.12567759,0.24133110256493093,0.1312804180532179,False
1997-07-20 16:00:00,0.23261979,0.15417026,0.12153293,0.19767322431504725,0.13023610084995446,False
1997-07-20 17:00:00,0.15651706,0.14043313,0.11310394,0.14823778158426285,0.12943056325360952,False
1997-07-20 18:00:00,0.08117097,0.13132666,0.10548193,0.1009912109002471,0.12889559104055606,False
1997-07-20 19:00:00,0.028427446,0.123560034,0.098906904,0.0673372617829591,0.12856356760551663,False
1997-07-20 20:00:00,0.0019978823,0.11668291,0.09355164,0.04926056038006208,0.1282414518449872,False
1997-07-20 21:00:00,0.0,0.112299755,0.09031496,0.04631561762094498,0.12801667020367502,False
1997-07-20 22:00:00,0.0,0.115153,0.09394307,0.04756438252329826,0.12784575597629924,False
1997-07-20 23:00:00,0.0,0.121327154,0.09795963,0.05005953998118639,0.12771476087570233,False
1997-07-21 00:00:00,0.0,0.117799334,0.09500528,0.04859823951870203,0.12743315734309185,False
1997-07-21 01:00:00,0.0,0.11732856,0.09417035,0.04837943805009127,0.12706349007159048,False
1997-07-21 02:00:00,0.0,0.111374065,0.089295566,0.045918990656733515,0.12659922167405063,False
1997-07-21 03:00:00,2.8813256e-08,0.10702963,0.0840663,0.04403353102060476,0.12607269319195807,False
1997-07-21 04:00:00,0.0020833423,0.09951703,0.075256296,0.04198771345219575,0.1254496067996583,False
1997-07-21 05:00:00,0.028967345,0.097667836,0.07307552,0.05669966747052967,0.1247598134972184,False
1997-07-21 06:00:00,0.083317764,0.102698006,0.07710907,0.09013380371034144,0.12409888265026478,False
1997-07-21 07:00:00,0.12856956,0.114516355,0.086444184,0.12110915609449148,0.12361479542125693,False
1997-07-21 08:00:00,0.18767916,0.11949883,0.09097896,0.1572988041117787,0.12329541623073065,False
1997-07-21 09:00:00,0.23776829,0.12117405,0.09262695,0.18690738543868063,0.12349532785601039,False
1997-07-21 10:00:00,0.29017246,0.12567723,0.09882099,0.21914073877036572,0.12375900497992501,False
1997-07-21 11:00:00,0.31529054,0.115904935,0.09122284,0.2296175959780812,0.12377148092218654,False
1997-07-21 12:00:00,0.33709022,0.09632728,0.07651489,0.23417763068526984,0.12424275970853534,False
1997-07-21 13:00:00,0.3328341,0.08939386,0.07092407,0.22886150757223364,0.12484904944695588,False
1997-07-21 14:00:00,0.3191558,0.08044166,0.06365933,0.21727348061650992,0.12538515935928152,False
1997-07-21 15:00:00,0.2909073,0.075173825,0.05916062,0.19878732329607007,0.1259879501118043,False
1997-07-21 16:00:00,0.2359888,0.06360666,0.05034071,0.16235478986799715,0.126763768871147,False
1997-07-21 17:00:00,0.15705286,0.05570756,0.043376867,0.11351794009655714,0.12719775296240016,False
1997-07-21 18:00:00,0.09562479,0.051015172,0.03821583,0.07606375699117779,0.12729761550289015,False
1997-07-21 19:00:00,0.03310006,0.048277687,0.035791013,0.038845916595309976,0.1269210401837937,False
1997-07-21 20:00:00,0.0016976768,0.047329683,0.034786,0.02032265655568335,0.1261519120041698,False
1997-07-21 21:00:00,0.0,0.044219617,0.032251626,0.018058626417070626,0.1252562091639624,False
1997-07-21 22:00:00,0.0,0.04660004,0.033979915,0.019030330192297697,0.12438479330760988,False
1997-07-21 23:00:00,0.0,0.032272507,0.023526657,0.0131789943985641,0.1234653589611184,False
1997-07-22 00:00:00,0.0,0.023672173,0.017257014,0.009666910534724592,0.12248571172741453,False
1997-07-22 01:00:00,0.0,0.02023048,0.014748022,0.008261440135538577,0.12152283327593563,False
1997-07-22 02:00:00,0.0,0.019898102,0.014505716,0.00812570818886161,0.12055679839599856,False
1997-07-22 03:00:00,0.0,0.017169284,0.012516407,0.007011351680383086,0.1196366825859363,False
1997-07-22 04:00:00,0.0045197625,0.015376873,0.01120974,0.008887295175343752,0.11874572186404594,False
1997-07-22 05:00:00,0.046797767,0.014552574,0.010608827,0.03294508805219084,0.11795270736388676,False
1997-07-22 06:00:00,0.12896265,0.013691282,0.009980944,0.08000250356271862,0.11752501977374774,False
1997-07-22 07:00:00,0.23130353,0.011917749,0.008688039,0.1383289392776787,0.11761113248775654,False
1997-07-22 08:00:00,0.35591295,0.0098449895,0.0071769976,0.20938213323801755,0.11845098945121085,False
1997-07-22 09:00:00,0.46155024,0.0078020375,0.005687685,0.26950057287421075,0.12006476037422058,False
1997-07-22 10:00:00,0.5418133,0.009408796,0.006859013,0.3164685146510601,0.12240650480254164,False
1997-07-22 11:00:00,0.61010635,0.008189198,0.005969925,0.3553755532354116,0.12463790368087452,False
1997-07-22 12:00:00,0.61181986,0.007731555,0.005636303,0.35617736531514677,0.12720454990890478,False
1997-07-22 13:00:00,0.6005719,0.008098705,0.0059039555,0.34983720510266714,0.12958600056819947,False
1997-07-22 14:00:00,0.54554164,0.008827367,0.0064351503,0.3183823251323774,0.13142308992298296,False
1997-07-22 15:00:00,0.4761627,0.009365432,0.006827401,0.2785704030133783,0.13290949519198328,False
1997-07-22 16:00:00,0.37156665,0.01006573,0.0073379166,0.21850446069519966,0.13399072330393147,False
1997-07-22 17:00:00,0.25718725,0.011348011,0.0082727,0.15303118352778253,0.13440550904841803,False
1997-07-22 18:00:00,0.13481177,0.012560306,0.009156465,0.08291559558361768,0.13465081594607423,False
1997-07-22 19:00:00,0.044108164,0.012167268,0.0088699395,0.030419109161011874,0.1345765227255809,False
1997-07-22 20:00:00,0.002183987,0.012260236,0.008937713,0.0062668240501079706,0.13428868471242214,False
1997-07-22 21:00:00,0.0,0.0109893,0.0080112,0.004487656516022981,0.13390483802582212,False
1997-07-22 22:00:00,0.0,0.008403084,0.0061258483,0.0034315338917076587,0.13354187722864053,False
1997-07-22 23:00:00,0.0,0.007435665,0.0054205996,0.0030364727634005248,0.13315640784094768,False
1997-07-23 00:00:00,0.0,0.005828286,0.0042488202,0.0023800738477148115,0.13289592774925157,False
1997-07-23 01:00:00,0.0,0.004921477,0.0035877568,0.002009763813111931,0.13270987149354668,False
1997-07-23 02:00:00,0.0,0.004293775,0.0031301617,0.0017534317737445235,0.13255432029319975,False
1997-07-23 03:00:00,0.0,0.0031036285,0.0022625453,0.0012674163698684425,0.13240505485450313,False
1997-07-23 04:00:00,0.0053156423,0.002095894,0.0015279064,0.003923017444554716,0.13228300641373547,False
1997-07-23 05:00:00,0.061599627,0.0015370484,0.0011205081,0.036170663143857376,0.13217695220794845,False
1997-07-23 06:00:00,0.16173364,0.0023187592,0.0016903754,0.09426721398276275,0.13214489702213175,False
1997-07-23 07:00:00,0.277252,0.0035455765,0.0025847254,0.16142229034029879,0.1322622445091668,False
1997-07-23 08:00:00,0.40460196,0.0031943813,0.002328704,0.2347598084162455,0.13251535955960325,False
1997-07-23 09:00:00,0.5169515,0.0025224963,0.0018388997,0.2993111179980915,0.13285110229353447,False
1997-07-23 10:00:00,0.56269854,0.003846612,0.0028041801,0.3262478849303443,0.1335630577516058,False
1997-07-23 11:00:00,0.60818225,0.0046415613,0.0033836984,0.35281661492353306,0.13434843835824722,False
1997-07-23 12:00:00,0.60019666,0.005323141,0.00388057,0.3484872623314149,0.13460397723666634,False
1997-07-23 13:00:00,0.5454527,0.005670356,0.0041336897,0.31704179660184306,0.1343914056098074,False
1997-07-23 14:00:00,0.4965198,0.0052134767,0.0038006243,0.28862093352852386,0.13398425973192446,False
1997-07-23 15:00:00,0.43086278,0.005089665,0.0037103659,0.25068627266958354,0.13331181907107867,False
1997-07-23 16:00:00,0.3115066,0.0061836634,0.0045078904,0.18226450560335067,0.13249403244963465,False
1997-07-23 17:00:00,0.21289255,0.0060085105,0.0043802047,0.12529267118405552,0.1316369952960837,False
1997-07-23 18:00:00,0.122775905,0.00405515,0.002956204,0.07249768240749835,0.13092044180582402,False
1997-07-23 19:00:00,0.041712254,0.0023550473,0.0017168296,0.0250296919636894,0.13048727920863165,False
1997-07-23 20:00:00,0.0020058637,0.0018136482,0.0013221495,0.001898015598882921,0.13030345548561306,False
1997-07-23 21:00:00,0.0,0.0015586708,0.001136271,0.0006365081523545086,0.13020816811384428,False
1997-07-23 22:00:00,0.0,0.001292467,0.0009422085,0.0005277995830401778,0.13013488005830004,False
1997-07-23 23:00:00,0.0,0.0016552553,0.0012066811,0.0006759499971522019,0.1300901223346809,False
1997-07-24 00:00:00,0.0,0.0018028197,0.0013142556,0.0007362102608894929,0.13006397666114933,False
1997-07-24 01:00:00,0.0,0.0019467402,0.0014191738,0.0007949825188843533,0.1300620409527255,False
1997-07-24 02:00:00,0.0,0.0023532007,0.0017154829,0.0009609671314246952,0.13007886789636536,False
1997-07-24 03:00:00,0.0,0.0028235125,0.0020583407,0.0011530265235342085,0.13010718952226305,False
1997-07-24 04:00:00,0.0039608143,0.0037008552,0.0026979235,0.0037966932975687082,0.13015234878531917,False
1997-07-24 05:00:00,0.05153484,0.0040915185,0.0029827172,0.03140643913298845,0.1301895944961846,False
1997-07-24 06:00:00,0.14608061,0.0032977015,0.0024040244,0.08563518294040114,0.13000650832625493,False
1997-07-24 07:00:00,0.25898406,0.0025581454,0.0018648877,0.15047846169862894,0.12942696383385432,False
1997-07-24 08:00:00,0.38917157,0.002316031,0.0016883863,0.2254977844667155,0.12842828999637276,False
1997-07-24 09:00:00,0.5248892,0.0019917993,0.0014520217,0.30367443486163387,0.1268378363947607,False
1997-07-24 10:00:00,0.61233217,0.0020842196,0.0015193962,0.3541667837698478,0.12460476831793006,False
1997-07-24 11:00:00,0.6354523,0.0024131767,0.0017592058,0.36764141939952966,0.12221137235943749,False
1997-07-24 12:00:00,0.59632444,0.004639767,0.0033823904,0.3459739272259175,0.11985410452454134,False
1997-07-24 13:00:00,0.5675023,0.006967682,0.005079441,0.3302942029642872,0.11776019996588485,False
1997-07-24 14:00:00,0.49083918,0.007079347,0.005160844,0.2861051734117791,0.11654810145557953,False
1997-07-24 15:00:00,0.41047454,0.006055441,0.0044144164,0.23931664518406615,0.1154671672553862,False
1997-07-24 16:00:00,0.30367193,0.0052599283,0.0038344876,0.17736667732475322,0.1147976161586072,False
1997-07-24 17:00:00,0.20294091,0.0037704175,0.0027486342,0.11863661599531768,0.11477536715719905,False
1997-07-24 18:00:00,0.10610388,0.0022084378,0.001609951,0.06212379091838374,0.11490968720979192,False
1997-07-24 19:00:00,0.03629404,0.0016012836,0.0011673357,0.021595570456120185,0.11515674954566929,False
1997-07-24 20:00:00,0.001699665,0.0017443262,0.0012716138,0.0016930302052060142,0.11542352820569066,False
1997-07-24 21:00:00,0.0,0.0023749035,0.0017313046,0.0009698298498988151,0.11581391096954513,False
1997-07-24 22:00:00,0.0,0.003142189,0.0022906559,0.0012831631579902022,0.11621417131616664,False
1997-07-24 23:00:00,0.0,0.00436246,0.0031802335,0.001781480433885008,0.1166780484180029,False
1997-07-25 00:00:00,0.0,0.0056007598,0.0040829536,0.0022871598433703184,0.11715052778728324,False
1997-07-25 01:00:00,0.0,0.006899343,0.005029622,0.0028174571078270674,0.11759495331055705,False
1997-07-25 02:00:00,0.0,0.007622745,0.0055569806,0.003112869816832244,0.11802803513077861,False
1997-07-25 03:00:00,0.0,0.008411721,0.006132145,0.0034350609965622426,0.11843733236972667,False
1997-07-25 04:00:00,0.0035203458,0.009010476,0.0065686367,0.005710811566095798,0.11885130094354582,False
1997-07-25 05:00:00,0.040039733,0.010479817,0.0076397867,0.027382526987232265,0.11927538007220814,False
1997-07-25 06:00:00,0.1061688,0.012708407,0.009264428,0.06644907834753394,0.11953636112823246,False
1997-07-25 07:00:00,0.18367416,0.018380467,0.013399361,0.11348594614118337,0.11962611326509794,False
1997-07-25 08:00:00,0.2580639,0.023300564,0.016986111,0.1584180355388671,0.11928728085440524,False
1997-07-25 09:00:00,0.31191215,0.029754044,0.0216907,0.1921238503102213,0.11872582132299428,False
1997-07-25 10:00:00,0.34649396,0.028008856,0.020418454,0.21136487892270087,0.11777431050155426,False
1997-07-25 11:00:00,0.38775668,0.039014407,0.028441502,0.2396677588485181,0.11648813668188812,False
1997-07-25 12:00:00,0.39067036,0.05525202,0.040278725,0.24797984351590274,0.11557524713323314,False
1997-07-25 13:00:00,0.39512524,0.07560327,0.055114783,0.25886106810718773,0.11591690513181674,False
1997-07-25 14:00:00,0.35227805,0.08196484,0.059752367,0.23673609191924333,0.1163596065245559,False
1997-07-25 15:00:00,0.31035888,0.09665532,0.07046173,0.21854782002419232,0.11695033627550097,False
1997-07-25 16:00:00,0.24840854,0.092722766,0.0675949,0.18119655353575945,0.11746875569535283,False
1997-07-25 17:00:00,0.16830969,0.08478998,0.06181189,0.13174003370851278,0.11824910601035904,False
1997-07-25 18:00:00,0.09247162,0.07591364,0.055341043,0.08435667452961207,0.11886819586190298,False
1997-07-25 19:00:00,0.025191456,0.057055674,0.041593585,0.03783506764471531,0.11940290741254284,False
1997-07-25 20:00:00,0.0010631226,0.049031913,0.03574427,0.02063638826389797,0.11968338941391508,False
1997-07-25 21:00:00,0.0,0.04860592,0.035433717,0.01984900479018688,0.11992991142777706,False
1997-07-25 22:00:00,0.0,0.055817332,0.04069083,0.022793900471180677,0.12020649108790772,False
1997-07-25 23:00:00,0.0,0.057164792,0.041873176,0.02335495972260833,0.12054668843971253,False
1997-07-26 00:00:00,0.0,0.054041315,0.039396115,0.022068635378032924,0.12098013992393195,False
1997-07-26 01:00:00,0.0,0.052851878,0.038529016,0.021582909889519216,0.12149028697057898,False
1997-07-26 02:00:00,0.0,0.05046266,0.036787283,0.020607234600931404,0.12208792307642094,False
1997-07-26 03:00:00,0.0,0.051482048,0.037530415,0.021023518066853285,0.12282457744598893,False
1997-07-26 04:00:00,0.0022948317,0.055860855,0.04103182,0.024152491473359988,0.12366353398015295,False
1997-07-26 05:00:00,0.028572632,0.06704375,0.05014772,0.04393352982215583,0.12456424480492326,False
1997-07-26 06:00:00,0.09058103,0.09193495,0.06951917,0.08994328550994396,0.1255257743197338,False
1997-07-26 07:00:00,0.15495753,0.109309375,0.08275648,0.1342145059853792,0.12669526107686882,False
1997-07-26 08:00:00,0.26573935,0.11046876,0.082465716,0.19854772695899006,0.12811978215289613,False
1997-07-26 09:00:00,0.37401858,0.103227906,0.07596477,0.2580019154325128,0.1300472287820885,False
1997-07-26 10:00:00,0.4517736,0.07774848,0.05681254,0.2924304404258728,0.13309656299410078,False
1997-07-26 11:00:00,0.5003184,0.085931525,0.063523464,0.32382272106409066,0.13656755676314541,False
1997-07-26 12:00:00,0.56048626,0.095178016,0.07133802,0.3623735111579299,0.14027605851320546,False
1997-07-26 13:00:00,0.53227174,0.108154275,0.08359531,0.35154386981576685,0.14406198106061976,False
1997-07-26 14:00:00,0.47048807,0.104740635,0.080357224,0.3144602014571429,0.1478917415566587,False
1997-07-26 15:00:00,0.39104792,0.09431188,0.069722995,0.2642007773369551,0.15153595738306952,False
1997-07-26 16:00:00,0.31339994,0.083238386,0.060680784,0.21482349244505167,0.15473227195216652,False
1997-07-26 17:00:00,0.21271884,0.06271869,0.045758504,0.14835292886942625,0.15715241946908642,False
1997-07-26 18:00:00,0.12067059,0.04438991,0.033021104,0.08778994534909725,0.15904205709532832,False
1997-07-26 19:00:00,0.037010074,0.03348618,0.024953585,0.03505870652198791,0.16037569899243923,False
1997-07-26 20:00:00,0.0013407096,0.03113212,0.023421202,0.01352608687058091,0.1614632165924801,False
1997-07-26 21:00:00,0.0,0.034768015,0.026226962,0.01424565353617072,0.16240539708683838,False
1997-07-26 22:00:00,0.0,0.043014437,0.03222794,0.017612636044621467,0.16327720910912952,False
1997-07-26 23:00:00,0.0,0.055295013,0.04043133,0.0225871516764164,0.16409177144543838,False
1997-07-27 00:00:00,0.0,0.06546874,0.048449107,0.026774218082427977,0.16483829275515502,False
1997-07-27 01:00:00,0.0,0.0767484,0.05895982,0.031503990188241,0.1655937996341066,False
1997-07-27 02:00:00,0.0,0.09322033,0.07544403,0.0384722795560956,0.16634799880694237,False
1997-07-27 03:00:00,0.0,0.10542415,0.08895302,0.04370497463643551,0.16711240634784671,False
1997-07-27 04:00:00,0.0029247757,0.113967255,0.0963596,0.04894493115507066,0.16784586593668546,False
1997-07-27 05:00:00,0.039254773,0.122616895,0.1044501,0.073535943698138,0.16851545816603417,False
1997-07-27 06:00:00,0.11365147,0.13749109,0.11617281,0.12258444269001482,0.16927680149311344,False
1997-07-27 07:00:00,0.20805427,0.149071,0.12608232,0.18186295779049397,0.17052180990741422,False
1997-07-27 08:00:00,0.29897335,0.18981618,0.15529038,0.25093547374010083,0.17227560306753487,False
1997-07-27 09:00:00,0.42241848,0.22921488,0.18844709,0.33849189248681066,0.17404625813765595,False
1997-07-27 10:00:00,0.48615313,0.23561609,0.19481277,0.37797257983684535,0.17587401044176415,False
1997-07-27 11:00:00,0.53307146,0.26620516,0.21970198,0.41767584285140036,0.17734151115867763,False
1997-07-27 12:00:00,0.53195435,0.2968987,0.24464536,0.42970412579178807,0.17862642258539319,False
1997-07-27 13:00:00,0.5319246,0.32860863,0.2687498,0.442689571917057,0.1794241842872167,False
1997-07-27 14:00:00,0.47556525,0.33222464,0.27160016,0.41165845158696174,0.18004021513719876,False
1997-07-27 15:00:00,0.42518836,0.30605236,0.2537762,0.3719709193408489,0.18092129098757626,False
1997-07-27 16:00:00,0.3192757,0.27286312,0.23064926,0.29736363434791563,0.18175156783539326,False
1997-07-27 17:00:00,0.21877545,0.23152074,0.19959353,0.22244263976812362,0.18245470298199748,False
1997-07-27 18:00:00,0.11378536,0.19844013,0.17579491,0.14837148559093474,0.1830667664117815,False
1997-07-27 19:00:00,0.03192883,0.17135653,0.15522997,0.09003591244667768,0.18346426581445605,False
1997-07-27 20:00:00,0.0011201442,0.15578459,0.14315212,0.06586105199309532,0.18383386175600025,False
1997-07-27 21:00:00,0.0,0.14727256,0.13615571,0.06169598186016083,0.18420830450768697,False
1997-07-27 22:00:00,0.0,0.14782839,0.13600405,0.061892892614006996,0.18451459250206242,False
1997-07-27 23:00:00,0.0,0.14118376,0.13131803,0.05918798258900642,0.18474838040422764,False
1997-07-28 00:00:00,0.0,0.1391884,0.12911941,0.05833296556770802,0.18489618852341663,False
1997-07-28 01:00:00,0.0,0.13811295,0.12631097,0.05778447018563747,0.18492566641120356,False
1997-07-28 02:00:00,0.0,0.13703954,0.12465195,0.057298796564340594,0.18482054206103202,False
1997-07-28 03:00:00,0.0,0.1343919,0.12294381,0.05622957833111286,0.18451512346838717,False
1997-07-28 04:00:00,0.0027988043,0.13088353,0.118184924,0.05629291848209687,0.18402524012423235,False
1997-07-28 05:00:00,0.048437327,0.1259343,0.11222063,0.08047800952196121,0.1833688858697472,False
1997-07-28 06:00:00,0.15347984,0.14725542,0.12608461,0.14970368939638137,0.18264394961984845,False
1997-07-28 07:00:00,0.2694726,0.15167417,0.12857631,0.21839657767117024,0.1820273544492714,False
1997-07-28 08:00:00,0.39145273,0.13912372,0.117301695,0.2835391703248024,0.1816843628471688,False
1997-07-28 09:00:00,0.5035567,0.13316996,0.111890316,0.345734026029706,0.18138624867972003,False
1997-07-28 10:00:00,0.5508048,0.108757414,0.09119672,0.3628704748377204,0.1808264573705431,False
1997-07-28 11:00:00,0.5813383,0.12086451,0.10124581,0.38549846954643724,0.18030344839379053,False
1997-07-28 12:00:00,0.6003209,0.13109103,0.10941367,0.40066607284545896,0.17958101678186117,False
1997-07-28 13:00:00,0.5606608,0.13922419,0.11552511,0.38111335061490537,0.17880894259720903,False
1997-07-28 14:00:00,0.5186265,0.13869306,0.117159344,0.35675184227526185,0.17721359892647887,False
1997-07-28 15:00:00,0.43212515,0.13161951,0.11389358,0.3040540660321712,0.1755788919408466,False
1997-07-28 16:00:00,0.3466643,0.11675133,0.101248756,0.2485739794820547,0.17367826874663295,False
1997-07-28 17:00:00,0.2306655,0.107559934,0.09163632,0.17773197349905967,0.17201070974177854,False
1997-07-28 18:00:00,0.11900029,0.09237345,0.076313764,0.10686991667747497,0.17042552683479636,False
1997-07-28 19:00:00,0.033145096,0.081487544,0.06677199,0.052799311716109514,0.16895514169089437,False
1997-07-28 20:00:00,0.00090214296,0.07508077,0.060629617,0.0314993389515439,0.16759543189452475,False
1997-07-28 21:00:00,0.0,0.07022052,0.056224156,0.028947477266192435,0.1662657035599865,False
1997-07-28 22:00:00,0.0,0.06984077,0.056726158,0.028834455348551273,0.1650009779306444,False
1997-07-28 23:00:00,0.0,0.07178313,0.059147507,0.02968194139748812,0.1637331895959675,False
1997-07-29 00:00:00,0.0,0.06824063,0.055710465,0.028189156696200368,0.16252925135786303,False
1997-07-29 01:00:00,0.0,0.064202614,0.051245496,0.026458021380007267,0.16136206895089947,False
1997-07-29 02:00:00,0.0,0.058049794,0.044292834,0.02381218710914254,0.16022465132471064,False
1997-07-29 03:00:00,0.0,0.049420275,0.03619431,0.020190574117004874,0.15912257904312233,False
1997-07-29 04:00:00,0.0023718204,0.03935535,0.028690053,0.017439926939783617,0.15806412705805511,False
1997-07-29 05:00:00,0.046516463,0.029138088,0.021241665,0.03873900370299816,0.15706063482243188,False
1997-07-29 06:00:00,0.14302322,0.025622787,0.018679012,0.0929878745023161,0.1562116992517864,False
1997-07-29 07:00:00,0.2697824,0.023838712,0.017378422,0.16539936088956894,0.1553871080542861,False
1997-07-29 08:00:00,0.39543378,0.020718426,0.015103733,0.23662599370256063,0.15490096774387102,False
1997-07-29 09:00:00,0.52618366,0.019624393,0.014306183,0.31162190964631736,0.15480273431931707,False
1997-07-29 10:00:00,0.599614,0.016874218,0.012301304,0.3528681489527225,0.15486598629943182,False
1997-07-29 11:00:00,0.65177363,0.01695964,0.012363577,0.3829991254787892,0.15551611377834584,False
1997-07-29 12:00:00,0.6681119,0.017494079,0.012753182,0.39264456492848687,0.15595640683717646,False
1997-07-29 13:00:00,0.6228233,0.016514678,0.0120391995,0.3661130757220089,0.15618105198761378,False
1997-07-29 14:00:00,0.5650934,0.017468706,0.012734688,0.33319251627661284,0.15609240004692157,False
1997-07-29 15:00:00,0.47591758,0.015027117,0.010954768,0.2807410060185939,0.15533413892317183,False
1997-07-29 16:00:00,0.36627293,0.014646968,0.010677638,0.2173208021149039,0.1545605604891534,False
1997-07-29 17:00:00,0.2451363,0.012024047,0.008765529,0.14635386023297906,0.15354077998614957,False
1997-07-29 18:00:00,0.12783551,0.009873271,0.0071976143,0.07779299868363887,0.15260870256123837,False
1997-07-29 19:00:00,0.03834609,0.006474948,0.004720237,0.024769842220935968,0.15186983848712649,False
1997-07-29 20:00:00,0.0009990707,0.003569416,0.0026021043,0.0020340919352602213,0.15130850486092823,False
1997-07-29 21:00:00,0.0,0.0024222184,0.0017657971,0.0009891516517382115,0.1508445151237623,False
1997-07-29 22:00:00,0.0,0.002544415,0.0018548784,0.001039052549516782,0.15043461670599328,False
1997-07-29 23:00:00,0.0,0.003425719,0.0024973492,0.001398947159992531,0.15006115907047324,False
1997-07-30 00:00:00,0.0,0.005652307,0.004120532,0.002308210033457726,0.1497171710155756,False
1997-07-30 01:00:00,0.0,0.007807761,0.005691858,0.0031884241285733876,0.14945949075686196,False
1997-07-30 02:00:00,0.0,0.010773,0.007853517,0.004399327048100531,0.14926846799802418,False
1997-07-30 03:00:00,0.0,0.013281916,0.0096825175,0.005423883047886192,0.14917729691405232,False
1997-07-30 04:00:00,0.0025465728,0.016298905,0.011881902,0.008125291172182188,0.14918381069496656,False
1997-07-30 05:00:00,0.054169405,0.020749414,0.015126322,0.0397291021309793,0.14931291185635076,False
1997-07-30 06:00:00,0.171964,0.026691942,0.019458422,0.1101233119163662,0.14948505572359014,False
1997-07-30 07:00:00,0.3162226,0.030756572,0.02318931,0.19506184277124702,0.14949700369361257,False
1997-07-30 08:00:00,0.4610837,0.031157298,0.023733744,0.2788239659462124,0.14896276304278455,False
1997-07-30 09:00:00,0.58352625,0.02955798,0.02164033,0.34877012107521294,0.1479639907233007,False
1997-07-30 10:00:00,0.6673149,0.022126975,0.016130563,0.39407659382559357,0.1462809897323738,False
1997-07-30 11:00:00,0.6874049,0.024487656,0.017851498,0.4066325363703072,0.14431221583929316,False
1997-07-30 12:00:00,0.69487095,0.02573305,0.018759392,0.4114490400664508,0.14218386064327568,False
1997-07-30 13:00:00,0.6344097,0.02641498,0.019565156,0.37685805746167894,0.13979190643482312,False
1997-07-30 14:00:00,0.5367637,0.025959942,0.019692939,0.3203553083352744,0.13797980282829544,False
1997-07-30 15:00:00,0.44431418,0.02569459,0.019846566,0.26692230119928717,0.1364096216284415,False
1997-07-30 16:00:00,0.32877988,0.024222987,0.018152678,0.19962451533786948,0.1349995393608054,False
1997-07-30 17:00:00,0.21375528,0.023644134,0.017236575,0.1329922571033239,0.13392922894479486,False
1997-07-30 18:00:00,0.1073528,0.023170086,0.016890991,0.071404441120103,0.1332892798846721,False
1997-07-30 19:00:00,0.02895075,0.02240812,0.016335519,0.02585529765859246,0.13321254632846466,False
1997-07-30 20:00:00,0.0005678804,0.021794578,0.015888246,0.009227831567579415,0.1335278079294985,False
1997-07-30 21:00:00,0.0,0.022705987,0.016552666,0.009272353213280439,0.13403021014711095,False
1997-07-30 22:00:00,0.0,0.02671253,0.019473435,0.010908488843590022,0.13449858734297715,False
1997-07-30 23:00:00,0.0,0.03225174,0.02351152,0.01317051476240158,0.13503951440471548,False
1997-07-31 00:00:00,0.0,0.038740993,0.028242186,0.015820504277944566,0.1354860562139741,False
1997-07-31 01:00:00,0.0,0.042336848,0.030863559,0.01728892895579338,0.13584428880769095,False
1997-07-31 02:00:00,0.0,0.0475945,0.03469639,0.01943597507849336,0.13616298787290845,False
1997-07-31 03:00:00,0.0,0.0501983,0.03666782,0.02050323560088873,0.13639967479441228,False
1997-07-31 04:00:00,0.0015617935,0.055674635,0.040586807,0.023636782686226068,0.13654839392606782,False
1997-07-31 05:00:00,0.036337145,0.06373891,0.046587374,0.04700190933048725,0.1366172236423675,False
1997-07-31 06:00:00,0.10767106,0.076803096,0.05731173,0.0935613770633936,0.1362996827283532,False
1997-07-31 07:00:00,0.17898448,0.08896974,0.06762838,0.1397558096498251,0.13512865143186717,False
1997-07-31 08:00:00,0.2566245,0.09871361,0.07754205,0.18868492236733433,0.1326812534734963,False
1997-07-31 09:00:00,0.3234645,0.10765573,0.08284954,0.23083786208182572,0.1293386594011766,False
1997-07-31 10:00:00,0.36438447,0.11640248,0.09564162,0.25836700208485125,0.1256629199411145,False
1997-07-31 11:00:00,0.39208633,0.13239993,0.10645723,0.28083807606995104,0.12173205928538298,False
1997-07-31 12:00:00,0.3819308,0.13922326,0.11265386,0.27783076292276376,0.11784600579665734,False
1997-07-31 13:00:00,0.37714386,0.1488686,0.12199222,0.2791321026086807,0.11428881014279005,False
1997-07-31 14:00:00,0.3414473,0.14719392,0.12026245,0.25782381868362425,0.11148736561012992,False
1997-07-31 15:00:00,0.2720355,0.13577218,0.11097468,0.21305705717206,0.10939831194158249,False
1997-07-31 16:00:00,0.20082657,0.12129345,0.09836461,0.165945902146399,0.10775777562252549,False
1997-07-31 17:00:00,0.12674077,0.10309835,0.0826591,0.115636305347085,0.10669274007916948,False
1997-07-31 18:00:00,0.06393601,0.09043868,0.071237735,0.07410978798568249,0.1060653733720234,False
1997-07-31 19:00:00,0.016051345,0.07468736,0.05705809,0.03990239907056093,0.1056154101116493,False
1997-07-31 20:00:00,0.0004095228,0.06327938,0.047463175,0.026149398380657655,0.10534700239092609,False
1997-07-31 21:00:00,0.0,0.05735728,0.042711485,0.02347125705331564,0.10516721080441008,False
1997-07-31 22:00:00,0.0,0.06571189,0.0510345,0.02700355151295662,0.10498301871961543,False
1997-07-31 23:00:00,0.0,0.055610083,0.042830247,0.02283295400440693,0.1047616011620436,False
1997-08-01 00:00:00,0.0,0.04753168,0.036373794,0.01950337453186512,0.10450760303388473,False
1997-08-01 01:00:00,0.0,0.045193158,0.033513036,0.01848597925901413,0.10422420652059614,False
1997-08-01 02:00:00,0.0,0.038593564,0.028134705,0.015760299280285835,0.10393299109570457,False
1997-08-01 03:00:00,0.0,0.030762604,0.022425938,0.012562401367351414,0.1036171814283613,False
1997-08-01 04:00:00,0.0013848802,0.026030673,0.01897636,0.011429117554565892,0.10325958759320442,False
1997-08-01 05:00:00,0.025646735,0.023726197,0.017296398,0.024487138258293267,0.10282925996339812,False
1997-08-01 06:00:00,0.07787741,0.021986512,0.01602817,0.053913809685036534,0.1022240875035956,False
1997-08-01 07:00:00,0.12443646,0.014170874,0.010330567,0.07758674076944588,0.1013734676368646,False
1997-08-01 08:00:00,0.19793153,0.010218673,0.0074494127,0.11837945047486571,0.10017823405492768,False
1997-08-01 09:00:00,0.2927405,0.008383073,0.00611126,0.1723346269922331,0.09894269604410268,False
1997-08-01 10:00:00,0.34916332,0.009618931,0.007012202,0.20539528235048055,0.09780941300220972,False
1997-08-01 11:00:00,0.37581956,0.007968539,0.0058090654,0.22010196891147643,0.09709176009269382,False
1997-08-01 12:00:00,0.41114333,0.008506942,0.00620156,0.24070364868082103,0.0964331819292541,False
1997-08-01 13:00:00,0.41348648,0.00932257,0.0067961537,0.24238871989399194,0.09619529000544327,False
1997-08-01 14:00:00,0.37460506,0.009632567,0.0070221415,0.2200807322449982,0.09570957673128334,False
1997-08-01 15:00:00,0.32001624,0.008637326,0.006296611,0.18817655788455157,0.09511014650328191,False
1997-08-01 16:00:00,0.2524363,0.00697183,0.0050824643,0.1485028092567809,0.09456320034709399,False
1997-08-01 17:00:00,0.1746807,0.005112801,0.003727232,0.10287865516031161,0.0941857670692722,False
1997-08-01 18:00:00,0.083710745,0.003685676,0.0026868577,0.04980620462214574,0.0940867188366125,False
1997-08-01 19:00:00,0.021350332,0.0015980413,0.0011649722,0.01297172706387937,0.09383949909053382,False
1997-08-01 20:00:00,0.00039370434,0.0009076858,0.00066170294,0.0005978354148101062,0.09351402052737101,False
1997-08-01 21:00:00,0.0,0.0010557518,0.00076964305,0.00043113314313814044,0.09320607532069697,False
1997-08-01 22:00:00,0.0,0.0006867518,0.000500642,0.0002804460801417008,0.09291756770664505,False
1997-08-01 23:00:00,0.0,0.002396391,0.0017469691,0.0009786046107765286,0.09255131126414198,False
1997-08-02 00:00:00,0.0,0.0054301084,0.003958549,0.0022174716400913896,0.09226420862539816,False
1997-08-02 01:00:00,0.0,0.008106915,0.005909941,0.0033105885609984397,0.09202365987803932,False
1997-08-02 02:00:00,0.0,0.01047372,0.0076353415,0.004277111046016216,0.09176417552677593,False
1997-08-02 03:00:00,0.0,0.008175831,0.005960181,0.0033387315133586526,0.09152704636505948,False
1997-08-02 04:00:00,0.0014121952,0.005304604,0.0038670562,0.0029810564555227755,0.0913464534678278,False
1997-08-02 05:00:00,0.029125214,0.0028121416,0.0020500512,0.01795363125996664,0.09121998098891344,False
1997-08-02 06:00:00,0.0888901,0.0035312364,0.0025742713,0.05273162346030585,0.09123622673599553,False
1997-08-02 07:00:00,0.13916387,0.0051107258,0.0037257196,0.08238459771685301,0.09157085902615411,False
1997-08-02 08:00:00,0.22035944,0.0054649464,0.003983946,0.12937909784773366,0.09253718442354389,False
1997-08-02 09:00:00,0.3013823,0.0062264907,0.0045391116,0.1764402760709636,0.09394359241582181,False
1997-08-02 10:00:00,0.38194963,0.008655774,0.0063100597,0.22391966242808847,0.09556167577050897,False
1997-08-02 11:00:00,0.42512232,0.009625545,0.007017022,0.24922632422484456,0.09749624633916149,False
1997-08-02 12:00:00,0.45372012,0.011289005,0.008329573,0.26641195057984446,0.09946624835934682,False
1997-08-02 13:00:00,0.4330344,0.014552594,0.010872501,0.25581786544900387,0.10137464558770684,False
1997-08-02 14:00:00,0.383465,0.019033669,0.014230438,0.22905116773955522,0.10280960224672646,False
1997-08-02 15:00:00,0.305851,0.025152722,0.019375054,0.1868036416750401,0.10410957209712553,False
1997-08-02 16:00:00,0.23395701,0.031257167,0.02411142,0.14782910481095313,0.10504184058707322,False
1997-08-02 17:00:00,0.16687207,0.035572745,0.027230803,0.1108819901794195,0.10574192889087133,False
1997-08-02 18:00:00,0.08285793,0.035245888,0.026453378,0.06224324017390609,0.1060345289579418,False
1997-08-02 19:00:00,0.019747682,0.03153023,0.02315482,0.024279428038746116,0.10634243902692105,False
1997-08-02 20:00:00,0.00032377453,0.027380366,0.019960288,0.011368028460303322,0.10652847001395033,False
1997-08-02 21:00:00,0.0,0.02356438,0.017178435,0.00962289157882333,0.1067193048219724,False
1997-08-02 22:00:00,0.0,0.023075482,0.016822027,0.009423242272809147,0.10691695781089401,False
1997-08-02 23:00:00,0.0,0.022166457,0.016159346,0.009052027344703674,0.10710541815616487,False
1997-08-03 00:00:00,0.0,0.019485056,0.014204608,0.007957034658640623,0.10724640261168132,False
1997-08-03 01:00:00,0.0,0.014767954,0.010765839,0.006030730398371815,0.10733463832007145,False
1997-08-03 02:00:00,0.0,0.010721019,0.007815624,0.004378099517896771,0.10738623968789943,False
1997-08-03 03:00:00,0.0,0.009535423,0.006951322,0.0038939423002302648,0.10740967518060823,False
1997-08-03 04:00:00,0.0012819305,0.011310356,0.008245248,0.0053584385666763405,0.10748102873515926,False
1997-08-03 05:00:00,0.03455104,0.013054428,0.009516678,0.025266934118233622,0.10761185616748539,False
1997-08-03 06:00:00,0.11211555,0.012943019,0.009435461,0.06997615961264818,0.1078538260461446,False
1997-08-03 07:00:00,0.20491242,0.014045957,0.010239503,0.12397035984415558,0.10844953784484762,False
1997-08-03 08:00:00,0.31318134,0.012688129,0.009249645,0.18588703410420565,0.10981730896842236,False
1997-08-03 09:00:00,0.42571053,0.010695437,0.007796972,0.2500026280172169,0.111674923984309,False
1997-08-03 10:00:00,0.5082777,0.012191094,0.008887309,0.29825466964580116,0.11379660614209751,False
1997-08-03 11:00:00,0.5376687,0.010841312,0.007903315,0.3146620658803731,0.11607828310027676,False
1997-08-03 12:00:00,0.56910753,0.009627808,0.007018672,0.332306715642102,0.11839243774228997,False
1997-08-03 13:00:00,0.5330924,0.008992758,0.006555721,0.31126663952693345,0.12024868804870674,False
1997-08-03 14:00:00,0.48076734,0.012431324,0.009062435,0.2824792850641534,0.12200156783782524,False
1997-08-03 15:00:00,0.39088604,0.018082311,0.013182005,0.23292544540204105,0.12350425572717054,False
1997-08-03 16:00:00,0.3035214,0.017080763,0.012451878,0.1821070478390902,0.12506778241061872,False
1997-08-03 17:00:00,0.19158415,0.015621773,0.011388273,0.11692345837969333,0.1261933688541606,False
1997-08-03 18:00:00,0.09879768,0.018560868,0.01353087,0.06458588793314994,0.1267873067291651,False
1997-08-03 19:00:00,0.02251874,0.021813525,0.015902061,0.02190121444128454,0.12711893307588795,False
1997-08-03 20:00:00,0.00024376015,0.023550581,0.017168373,0.009757906199869467,0.12721173350462955,False
1997-08-03 21:00:00,0.0,0.024288204,0.017706102,0.009918476611375808,0.12720829324530977,False
1997-08-03 22:00:00,0.0,0.022838686,0.0166494,0.009326542653143406,0.12719302791021375,False
1997-08-03 23:00:00,0.0,0.018967932,0.013827621,0.00774585847556591,0.1271725042943338,False
1997-08-04 00:00:00,0.0,0.015801476,0.011519276,0.006452785642817616,0.12713294279053416,False
1997-08-04 01:00:00,0.0,0.014172223,0.010331552,0.005787454216741025,0.12707590069076588,False
1997-08-04 02:00:00,0.0,0.013228365,0.00964348,0.005402014696039259,0.12703285806977266,False
1997-08-04 03:00:00,0.0,0.016562844,0.012074311,0.006763702131807804,0.12700779139610435,False
1997-08-04 04:00:00,0.0010594345,0.021180704,0.015440734,0.009260773207177409,0.12700319854553282,False
1997-08-04 05:00:00,0.03407977,0.02425314,0.017680535,0.02956818543560803,0.1270085948993837,False
1997-08-04 06:00:00,0.12247651,0.026094709,0.019035105,0.08132578979805112,0.12705457303879059,False
1997-08-04 07:00:00,0.23720431,0.027354684,0.019941567,0.14803761164844034,0.1273669263349378,False
1997-08-04 08:00:00,0.35991856,0.026622213,0.019407595,0.21854461861029267,0.1280660472135872,False
1997-08-04 09:00:00,0.46478173,0.024737516,0.01803365,0.2782810196448117,0.12906994848689038,False
1997-08-04 10:00:00,0.5597982,0.02555699,0.018631043,0.3334401564206928,0.13016686902736907,False
1997-08-04 11:00:00,0.6035608,0.02951069,0.021513293,0.3603057470414787,0.13140240083225824,False
1997-08-04 12:00:00,0.5945709,0.030474061,0.022215588,0.3555119652878493,0.13279920104897244,False
1997-08-04 13:00:00,0.5667745,0.031655956,0.02307719,0.33995609532669185,0.13398722165175297,False
1997-08-04 14:00:00,0.49924582,0.032116648,0.023413034,0.30118018642812966,0.13531185161485698,False
1997-08-04 15:00:00,0.43191212,0.030951712,0.022563796,0.26185292248055336,0.13639685164444745,False
1997-08-04 16:00:00,0.32832053,0.030404849,0.022165135,0.20185725410096345,0.1375240738342436,False
1997-08-04 17:00:00,0.21820875,0.033020776,0.024072148,0.13939100817963482,0.1382720441586413,False
1997-08-04 18:00:00,0.11041549,0.035388764,0.025798408,0.07816130481660365,0.1388809160429555,False
1997-08-04 19:00:00,0.026719945,0.032609083,0.02377202,0.028733848618343473,0.13920941664624237,False
1997-08-04 20:00:00,0.0002676463,0.027055299,0.019723311,0.011202896012953715,0.13941197949632744,False
1997-08-04 21:00:00,0.0,0.021770068,0.015870381,0.008890155494213105,0.13957259238086678,False
1997-08-04 22:00:00,0.0,0.020663103,0.015063401,0.008438108710572123,0.13974108708947003,False
1997-08-04 23:00:00,0.0,0.017516334,0.0127694085,0.007153075162321329,0.139873673587982,False
1997-08-05 00:00:00,0.0,0.012780236,0.009316792,0.005219013869762421,0.14000671968859657,False
1997-08-05 01:00:00,0.0,0.009708655,0.0070776087,0.003964684590697288,0.14013513350597623,False
1997-08-05 02:00:00,0.0,0.0077746413,0.005667714,0.0031748991818167267,0.14025863626308546,False
1997-08-05 03:00:00,0.0,0.008995571,0.0065577724,0.0036734854727983476,0.14038830206595865,False
1997-08-05 04:00:00,0.0008410877,0.01256754,0.009161737,0.005617463551519904,0.14048734385514672,False
1997-08-05 05:00:00,0.03674566,0.015357887,0.011195899,0.027473884809762237,0.14056973672117995,False
1997-08-05 06:00:00,0.13370612,0.019151166,0.0139612,0.08496911782771349,0.1407330457950705,False
1997-08-05 07:00:00,0.25747532,0.021953112,0.01600382,0.15752816201932726,0.14108838581238675,False
1997-08-05 08:00:00,0.3900513,0.022075031,0.016092697,0.23407429522275924,0.14147665681968552,False
1997-08-05 09:00:00,0.509271,0.021562599,0.015719134,0.30265481396019456,0.1419539115783521,False
1997-08-05 10:00:00,0.6031168,0.023414772,0.017069368,0.3575601962804794,0.14248560961952078,False
1997-08-05 11:00:00,0.64585674,0.022159383,0.016154189,0.38170847628265614,0.1429844607972303,False
1997-08-05 12:00:00,0.66011715,0.020677797,0.015074113,0.3893317045755684,0.1435555832856641,False
1997-08-05 13:00:00,0.636009,0.019276084,0.014052266,0.37484887775592507,0.14435901228741232,False
1997-08-05 14:00:00,0.56662995,0.018644568,0.01359189,0.33455928648449473,0.14480711707192584,False
1997-08-05 15:00:00,0.48250002,0.021132026,0.015405247,0.2870321105122566,0.14550056109483464,False
1997-08-05 16:00:00,0.35908705,0.026487013,0.01930903,0.21800962341018018,0.1458514797395634,False
1997-08-05 17:00:00,0.23242648,0.02948147,0.021491991,0.14614930882677435,0.14617576940415072,False
1997-08-05 18:00:00,0.11588044,0.033036307,0.024083473,0.0803539168909192,0.14641921670838837,False
1997-08-05 19:00:00,0.027512364,0.038567357,0.028115602,0.031624231245368714,0.14649944797572634,False
1997-08-05 20:00:00,0.00020751303,0.042480495,0.030968279,0.01746732465775858,0.14660971317555865,False
1997-08-05 21:00:00,0.0,0.044093344,0.032144047,0.018006222624331714,0.14681824687732203,False
1997-08-05 22:00:00,0.0,0.038423117,0.02801045,0.015690694581717252,0.1470423407319822,False
1997-08-05 23:00:00,0.0,0.034606386,0.025228053,0.014132071305066347,0.1472044743461656,False
1997-08-06 00:00:00,0.0,0.030895444,0.022522781,0.012616648877039551,0.14737583695856207,False
1997-08-06 01:00:00,0.0,0.028688937,0.020914234,0.011715586557984351,0.14757653998156361,False
1997-08-06 02:00:00,0.0,0.028469494,0.020754261,0.011625973233953119,0.14779372920856165,False
1997-08-06 03:00:00,0.0,0.028204376,0.020560987,0.011517708012834192,0.14803849476733646,False
1997-08-06 04:00:00,0.0007785629,0.031262152,0.02279011,0.01321563077677274,0.14829751911730907,False
1997-08-06 05:00:00,0.037723206,0.038287446,0.028012289,0.03740702098235488,0.14853665422132112,False
1997-08-06 06:00:00,0.13945068,0.043734904,0.032979373,0.09838211062923073,0.14879223942861455,False
1997-08-06 07:00:00,0.25544572,0.04709817,0.035244726,0.16667461999878286,0.149147660828157,False
1997-08-06 08:00:00,0.38340995,0.049516395,0.0361807,0.2414528470262885,0.14935580064822018,False
1997-08-06 09:00:00,0.48986748,0.051789302,0.037754405,0.3038025256209075,0.14962639087407567,False
1997-08-06 10:00:00,0.57523346,0.062381607,0.04549063,0.35738501295074815,0.1500186742223647,False
1997-08-06 11:00:00,0.627086,0.0633863,0.04632351,0.3877196264863014,0.15043205825247208,False
1997-08-06 12:00:00,0.6396135,0.061249312,0.044788267,0.39407655737176533,0.15091041205544053,False
1997-08-06 13:00:00,0.5841101,0.059798446,0.043851513,0.3614651249833405,0.15095204409312796,False
1997-08-06 14:00:00,0.53498054,0.06310452,0.04622525,0.33446549952775234,0.15079563532579565,False
1997-08-06 15:00:00,0.4391879,0.061871756,0.045461353,0.2786970174275339,0.1506078325471223,False
1997-08-06 16:00:00,0.33392945,0.06049039,0.044905785,0.21742315800115464,0.15029798738340255,False
1997-08-06 17:00:00,0.22679123,0.049495313,0.036188275,0.15107647878304123,0.15019677740145349,False
1997-08-06 18:00:00,0.11049483,0.044705473,0.032603137,0.08201240564882754,0.1500982672110746,False
1997-08-06 19:00:00,0.023986977,0.04942028,0.036111295,0.03402657821029425,0.15011991204728867,False
1997-08-06 20:00:00,0.0001471781,0.051736902,0.037716202,0.021212513697595567,0.15020615404491186,False
1997-08-06 21:00:00,0.0,0.04811042,0.035072498,0.01964666051790118,0.15032501086524264,False
1997-08-06 22:00:00,0.0,0.03972055,0.028956281,0.016220522191375493,0.150394004437854,False
1997-08-06 23:00:00,0.0,0.037658572,0.0274531,0.015378480557352303,0.15054845662905408,False
1997-08-07 00:00:00,0.0,0.036371194,0.026514601,0.014852758973836899,0.15066659763969056,False
1997-08-07 01:00:00,0.0,0.035237428,0.025688086,0.014389767486602067,0.15074349458668423,False
1997-08-07 02:00:00,0.0,0.03654478,0.026641143,0.014923646003007888,0.15078591493623372,False
1997-08-07 03:00:00,0.0,0.039441712,0.028753009,0.01610665427148342,0.15079231766182039,False
1997-08-07 04:00:00,0.0007315397,0.040810768,0.029901424,0.017095948544098065,0.15079863260233817,False
1997-08-07 05:00:00,0.037515607,0.044268683,0.032598626,0.03974197475984692,0.15076885783137048,False
1997-08-07 06:00:00,0.14272551,0.04809721,0.03571953,0.10202934500575064,0.15062654252043994,False
1997-08-07 07:00:00,0.25766766,0.046102423,0.033941463,0.16751887338235974,0.15038026624968653,False
1997-08-07 08:00:00,0.39783135,0.0428828,0.031299695,0.2470626260638237,0.15007703717740012,False
1997-08-07 09:00:00,0.5283876,0.04066148,0.029642217,0.32148441467806693,0.14983070371086782,False
1997-08-07 10:00:00,0.62085587,0.04694023,0.03421943,0.377402629725635,0.14965600771724938,False
1997-08-07 11:00:00,0.6659173,0.05004136,0.036480155,0.40466945882514116,0.14951837646119365,False
1997-08-07 12:00:00,0.64304656,0.049691156,0.036224853,0.3913300423845648,0.14935746559749274,False
1997-08-07 13:00:00,0.6005518,0.050990723,0.037172236,0.36734125692397357,0.14895707521684848,False
1997-08-07 14:00:00,0.52581567,0.054233465,0.03957343,0.3255447531081736,0.14865639110713025,False
1997-08-07 15:00:00,0.4312862,0.057072643,0.04162237,0.2721595426537097,0.14811985260733473,False
1997-08-07 16:00:00,0.32774588,0.058786098,0.043520346,0.21315154427662492,0.14796957962246216,False
1997-08-07 17:00:00,0.20606828,0.055085305,0.040610112,0.14142081968858838,0.1477077002274671,False
1997-08-07 18:00:00,0.10384294,0.052571695,0.03845443,0.08139286902919411,0.14729890369026527,False
1997-08-07 19:00:00,0.022269186,0.056096174,0.04101924,0.035763847131282084,0.14694319752572949,False
1997-08-07 20:00:00,0.000103324324,0.05658492,0.041351818,0.023172452033635636,0.14662584268965517,False
1997-08-07 21:00:00,0.0,0.052202944,0.03805607,0.021317914109677077,0.14632665366240477,False
1997-08-07 22:00:00,0.0,0.056542326,0.041486695,0.023104399759322405,0.14603295566709643,False
1997-08-07 23:00:00,0.0,0.04849287,0.035351302,0.019802839815616605,0.1457943048143403,False
1997-08-08 00:00:00,0.0,0.039934035,0.029111912,0.016307702332735062,0.1455522669537801,False
1997-08-08 01:00:00,0.0,0.033675093,0.024549147,0.013751763336360455,0.14530149066055822,False
1997-08-08 02:00:00,0.0,0.02922208,0.021302896,0.011933304062113166,0.14505112776358658,False
1997-08-08 03:00:00,0.0,0.028946644,0.021102104,0.011820825157687068,0.14478237226649582,False
1997-08-08 04:00:00,0.00057949213,0.028043654,0.020443825,0.011786441770324018,0.14447245433676803,False
1997-08-08 05:00:00,0.033537824,0.027486524,0.020037677,0.030575886057689787,0.1441392232392539,False
1997-08-08 06:00:00,0.13001384,0.02826598,0.0206059,0.08656084963306784,0.14373006820374845,False
1997-08-08 07:00:00,0.24627137,0.024539366,0.0178892,0.15211962452903388,0.14323653964929234,False
1997-08-08 08:00:00,0.3837349,0.02011381,0.01466297,0.22962884063273667,0.14291301231281278,False
1997-08-08 09:00:00,0.49968207,0.017387746,0.012675666,0.2954171179272234,0.14266370495298328,False
1997-08-08 10:00:00,0.59268826,0.021543384,0.015705124,0.35077871266007427,0.14249799155339404,False
1997-08-08 11:00:00,0.64222014,0.023103992,0.016842809,0.3799959050286561,0.14250203026103825,False
1997-08-08 12:00:00,0.6327474,0.023906404,0.017427767,0.3748578191008418,0.1424559596943027,False
1997-08-08 13:00:00,0.5842496,0.02429257,0.017709283,0.34703228771686545,0.14242744956999162,False
1997-08-08 14:00:00,0.51700103,0.025472384,0.018569369,0.30871165153756736,0.14237985854977916,False
1997-08-08 15:00:00,0.45136398,0.027051462,0.019720515,0.27148391415365036,0.14256549420448117,False
1997-08-08 16:00:00,0.337144,0.025273569,0.018424433,0.20485294704139234,0.14271576930844243,False
1997-08-08 17:00:00,0.21070075,0.024193767,0.017637257,0.13145424499735234,0.1424958013778599,False
1997-08-08 18:00:00,0.09897983,0.019166991,0.013972735,0.06493850975111126,0.14225406092258616,False
1997-08-08 19:00:00,0.020374486,0.017233236,0.012563028,0.018793546078726648,0.141837828225163,False
1997-08-08 20:00:00,6.811454e-05,0.016681453,0.012160779,0.006851440389575145,0.14136038884683297,False
1997-08-08 21:00:00,0.0,0.013588685,0.00990615,0.005549156743101775,0.14090302087475287,False
1997-08-08 22:00:00,0.0,0.011669143,0.008506805,0.004765281259082258,0.14048454441487707,False
1997-08-08 23:00:00,0.0,0.009209051,0.0067133983,0.003760663250461221,0.14003297981750368,False
1997-08-09 00:00:00,0.0,0.006894543,0.005026122,0.0028154968991875645,0.13964348384656045,False
1997-08-09 01:00:00,0.0,0.005809368,0.0042350297,0.0023723484319634735,0.13931903624515984,False
1997-08-09 02:00:00,0.0,0.004954825,0.0036120678,0.002023382142651826,0.13904192628369058,False
1997-08-09 03:00:00,0.0,0.0030134576,0.0021968107,0.0012305936445482074,0.13879777800524173,False
1997-08-09 04:00:00,0.00048769312,0.0020066728,0.0014628643,0.0011008558634202925,0.1385543890359961,False
1997-08-09 05:00:00,0.033594124,0.0017599984,0.0012830388,0.02010253305558581,0.1383158509935304,False
1997-08-09 06:00:00,0.1347383,0.0014594198,0.0010639171,0.07833997439185623,0.13809582805528825,False
1997-08-09 07:00:00,0.262586,0.0011691488,0.0008523094,0.15198956123134122,0.13805501857578617,False
1997-08-09 08:00:00,0.40682468,0.00087674655,0.00063914823,0.23509587279200783,0.1383784221062614,False
1997-08-09 09:00:00,0.54274803,0.0008927185,0.00065079174,0.3135301714977831,0.13888599648668049,False
1997-08-09 10:00:00,0.6532319,0.0016692637,0.0012168932,0.37759648769255727,0.13973561501963733,False
1997-08-09 11:00:00,0.6959346,0.0022132378,0.0016134504,0.40245807162183334,0.1406652156337604,False
1997-08-09 12:00:00,0.6742529,0.0022470464,0.0016380968,0.38996155641763464,0.14145194378317613,False
1997-08-09 13:00:00,0.6312319,0.0020473774,0.0014925383,0.365056887953775,0.1423449817225039,False
1997-08-09 14:00:00,0.5780411,0.0022665043,0.0016522815,0.3344552645338699,0.1434787153291684,False
1997-08-09 15:00:00,0.48232266,0.0026264945,0.0019147145,0.2793727476438508,0.14465769182666485,False
1997-08-09 16:00:00,0.34903443,0.002939075,0.0021425858,0.2025930836086627,0.14529760083914084,False
1997-08-09 17:00:00,0.2230555,0.0027285723,0.0019891292,0.1298172778354492,0.14595506408819275,False
1997-08-09 18:00:00,0.10469048,0.0024666456,0.0017981846,0.06141369955288246,0.14641050069626776,False
1997-08-09 19:00:00,0.020406699,0.0026253208,0.0019138589,0.012846756971441208,0.14656441146351598,False
1997-08-09 20:00:00,4.1923286e-05,0.002925316,0.0021325555,0.0012187893737900595,0.14656340494098963,False
1997-08-09 21:00:00,0.0,0.0030145606,0.0021976146,0.0012310440356377514,0.14660738393350137,False
1997-08-09 22:00:00,0.0,0.0035000443,0.002551532,0.0014292990854009985,0.14670702369377348,False
1997-08-09 23:00:00,0.0,0.002710885,0.0019762348,0.0011070332103408874,0.14688429306983114,False
1997-08-10 00:00:00,0.0,0.0017979398,0.001310698,0.0007342174655059352,0.1471053266242389,False
1997-08-10 01:00:00,0.0,0.0011031408,0.0008041897,0.00045048518583644176,0.1473320039742403,False
1997-08-10 02:00:00,0.0,0.0005244969,0.0003823582,0.00021418669656850397,0.14754949786237653,False
1997-08-10 03:00:00,0.0,0.0003383108,0.0002466286,0.00013815463389619254,0.14775476678105867,False
1997-08-10 04:00:00,0.0004023771,0.00025576112,0.00018644985,0.0003366157319687772,0.14794301309165991,False
1997-08-10 05:00:00,0.03442233,0.0003749095,0.00027330904,0.020014785022067372,0.14816723815618366,False
1997-08-10 06:00:00,0.14616717,0.00064534077,0.00047045344,0.08460199461696902,0.1484684898282731,False
1997-08-10 07:00:00,0.28996918,0.0008100072,0.0005904953,0.16764299399184526,0.14901076464835544,False
1997-08-10 08:00:00,0.4388763,0.0018629984,0.0013581258,0.2539924108928535,0.1498845644414381,False
1997-08-10 09:00:00,0.579211,0.0048830276,0.003559727,0.3361988075091503,0.15103927378580773,False
1997-08-10 10:00:00,0.67867273,0.009318544,0.0067932187,0.39539954213798045,0.15234603035148367,False
1997-08-10 11:00:00,0.71475106,0.013094851,0.009546146,0.41775885620061304,0.15358048876665123,False
1997-08-10 12:00:00,0.71378714,0.014370592,0.010476162,0.4177236401885747,0.155073338021889,False
1997-08-10 13:00:00,0.68499786,0.015201407,0.011081825,0.4014515008367598,0.15714537701144676,False
1997-08-10 14:00:00,0.62172,0.01608869,0.011728655,0.3653025234173983,0.159441965278661,False
1997-08-10 15:00:00,0.51088166,0.018172001,0.013247389,0.30219954675249755,0.16140515802247296,False
1997-08-10 16:00:00,0.3954257,0.020203812,0.014728581,0.2364111829958856,0.16319086518487505,False
1997-08-10 17:00:00,0.25551552,0.014405581,0.010501669,0.1533152021849528,0.1647188992394765,False
1997-08-10 18:00:00,0.1161359,0.013017271,0.009489589,0.07232622657902538,0.16571759034177713,False
1997-08-10 19:00:00,0.020554855,0.016860075,0.012290993,0.01874523299746215,0.16640098696709998,False
1997-08-10 20:00:00,2.6248876e-05,0.021909969,0.015972368,0.00896243203013728,0.16699499202416432,False
1997-08-10 21:00:00,0.0,0.025300503,0.018444069,0.01033186523616314,0.16767265264519202,False
1997-08-10 22:00:00,0.0,0.032505672,0.023696633,0.013274211309850216,0.16832322598690636,False
1997-08-10 23:00:00,0.0,0.035189692,0.025653288,0.014370273862034082,0.16900791686999847,False
1997-08-11 00:00:00,0.0,0.033538565,0.024449615,0.013696009699255227,0.16957775701183248,False
1997-08-11 01:00:00,0.0,0.03137395,0.02287161,0.012812055062502624,0.1700629031041489,False
1997-08-11 02:00:00,0.0,0.029082466,0.021201117,0.011876290239393711,0.17046396616055692,False
1997-08-11 03:00:00,0.0,0.025140233,0.01832723,0.010266416553407907,0.1707888203602878,False
1997-08-11 04:00:00,0.00031896273,0.028600857,0.020850025,0.011863658960559405,0.1710396833660715,False
1997-08-11 05:00:00,0.03444849,0.035962433,0.026216615,0.03456261331588029,0.17124123694924273,False
1997-08-11 06:00:00,0.15093221,0.04231812,0.030849915,0.10436916575580835,0.17140695021244173,False
1997-08-11 07:00:00,0.30066186,0.050077766,0.03650669,0.1939319512993097,0.1715715545906062,False
1997-08-11 08:00:00,0.4575405,0.064944305,0.047344398,0.29052192132174964,0.17175545181083263,False
1997-08-11 09:00:00,0.5961686,0.07901054,0.057598677,0.3762544866502285,0.17197516406914434,False
1997-08-11 10:00:00,0.700614,0.07982111,0.058189597,0.4368504916206002,0.1720860772157517,False
1997-08-11 11:00:00,0.7492665,0.102329925,0.07459852,0.4741148358732462,0.17224607832607602,False
1997-08-11 12:00:00,0.76420474,0.11870061,0.08653274,0.4894194279164076,0.17254771750121556,False
1997-08-11 13:00:00,0.73226357,0.12923957,0.09421565,0.47529312478005886,0.17307552729919576,False
1997-08-11 14:00:00,0.6545616,0.12490385,0.091054894,0.4286885162368416,0.17355047130728318,False
1997-08-11 15:00:00,0.5513437,0.11499828,0.083833754,0.3650866914391518,0.17386696826317372,False
1997-08-11 16:00:00,0.41350606,0.091450125,0.06667824,0.2759387182295322,0.17416144962913455,False
1997-08-11 17:00:00,0.26109973,0.066361815,0.048377763,0.1777544507458806,0.1741655628352506,False
1997-08-11 18:00:00,0.11742573,0.064799935,0.04723915,0.09421673756837845,0.1740832067051866,False
1997-08-11 19:00:00,0.019042421,0.0743496,0.054380026,0.041358999710530045,0.17398452771113587,False
1997-08-11 20:00:00,1.4320188e-05,0.082412235,0.06163188,0.03374649918311934,0.17387178045812007,False
1997-08-11 21:00:00,0.0,0.07930255,0.059183773,0.032458564437925816,0.17376564503527314,False
1997-08-11 22:00:00,0.0,0.08342236,0.06502981,0.03429446147382259,0.1736380212636066,False
1997-08-11 23:00:00,0.0,0.069454506,0.052419394,0.028459360018372536,0.17344722542646177,False
1997-08-12 00:00:00,0.0,0.05875704,0.043331146,0.024021229896694418,0.17321835387826268,False
1997-08-12 01:00:00,0.0,0.04824474,0.035170417,0.01970151189342141,0.17299249160591695,False
1997-08-12 02:00:00,0.0,0.038708385,0.02821841,0.015807188283652067,0.1727773049519672,False
1997-08-12 03:00:00,0.0,0.029825155,0.021742534,0.012179578911513089,0.17256855815255384,False
1997-08-12 04:00:00,0.00024750584,0.02416552,0.017616663,0.010011187724187038,0.1723814952607716,False
1997-08-12 05:00:00,0.03258819,0.022444658,0.016362157,0.027969021655619142,0.1721571290034576,False
1997-08-12 06:00:00,0.14599045,0.020242913,0.014757084,0.0925030047688633,0.17181997510001606,False
1997-08-12 07:00:00,0.29222727,0.019235017,0.014022326,0.17647006056271491,0.17137832529997327,False
1997-08-12 08:00:00,0.4449821,0.019061139,0.013895569,0.26453859929181633,0.170737474360246,False
1997-08-12 09:00:00,0.57769537,0.02006144,0.014624788,0.3415226385463029,0.16985214301735913,False
1997-08-12 10:00:00,0.68213236,0.023237051,0.016939811,0.40307959543354804,0.1687958782315871,False
1997-08-12 11:00:00,0.7337092,0.021763122,0.015865315,0.4322375366073101,0.16762465786312877,False
1997-08-12 12:00:00,0.7530998,0.020863457,0.015209461,0.4430585104916245,0.16632871901316543,False
1997-08-12 13:00:00,0.7210315,0.02011344,0.0146627,0.42424881322495633,0.1648332370495007,False
1997-08-12 14:00:00,0.6475982,0.016725712,0.012193043,0.38049437730014324,0.1631937821727489,False
1997-08-12 15:00:00,0.5375479,0.0151078245,0.011013605,0.3163346523186192,0.1615943623882981,False
1997-08-12 16:00:00,0.4018394,0.011625062,0.008474671,0.23660861688945442,0.1598670888923502,False
1997-08-12 17:00:00,0.25314033,0.008081323,0.005891284,0.14936210794188085,0.15851790678506567,False
1997-08-12 18:00:00,0.11158855,0.007843552,0.0057179495,0.06758963486459106,0.15749557163752717,False
1997-08-12 19:00:00,0.017251965,0.008274394,0.006032034,0.013333364852704107,0.1567358119614447,False
1997-08-12 20:00:00,6.9728067e-06,0.009461876,0.006897707,0.0038679317334845108,0.15606060040720676,False
1997-08-12 21:00:00,0.0,0.010299399,0.0075082616,0.004205924196168781,0.15537188745491087,False
1997-08-12 22:00:00,0.0,0.010079221,0.0073477523,0.004116011126898229,0.1547141957302397,False
1997-08-12 23:00:00,0.0,0.00828776,0.006041777,0.0033844395484775303,0.15402195834045643,False
1997-08-13 00:00:00,0.0,0.0069903485,0.005095964,0.0028546206266619268,0.15345723099545514,False
1997-08-13 01:00:00,0.0,0.006080564,0.004432732,0.002483095672912896,0.1529926782099815,False
1997-08-13 02:00:00,0.0,0.0045460295,0.0033140553,0.0018564438675530257,0.1526233907202427,False
1997-08-13 03:00:00,0.0,0.0031525586,0.0022982154,0.0012873977478593589,0.1523384293311269,False
1997-08-13 04:00:00,0.00018506753,0.002417671,0.0017624821,0.0010940786094870416,0.1521300914322951,False
1997-08-13 05:00:00,0.030449646,0.0019829771,0.0014455903,0.018379225950688124,0.15196961777032797,False
1997-08-13 06:00:00,0.14286113,0.0018099073,0.0013194223,0.08316997535375413,0.15175588118377392,False
1997-08-13 07:00:00,0.28179684,0.0014064048,0.001025269,0.16317110619239975,0.15140453560195646,False
1997-08-13 08:00:00,0.42907625,0.0010995482,0.0008015706,0.24802601686317938,0.1506621294930548,False
1997-08-13 09:00:00,0.56365114,0.00080091524,0.00058386725,0.3255537769331713,0.14983071558423203,False
1997-08-13 10:00:00,0.65877867,0.0012650975,0.0009222561,0.38063191393460144,0.14883219550574525,False
1997-08-13 11:00:00,0.7131448,0.0010413048,0.00075911125,0.41190977107500654,0.14782892203735826,False
1997-08-13 12:00:00,0.72287375,0.001317792,0.0009606703,0.4176362936605001,0.14683888710070264,False
1997-08-13 13:00:00,0.6861976,0.001624248,0.001184077,0.3965992906959727,0.14566385665420772,False
1997-08-13 14:00:00,0.6089625,0.0013346307,0.0009729458,0.351916366583202,0.1443023811931615,False
1997-08-13 15:00:00,0.48833135,0.0010049221,0.0007325881,0.2821775636336533,0.1430745855382537,False
1997-08-13 16:00:00,0.36535135,0.0009066588,0.00066095433,0.21117797707987485,0.141951166994242,False
1997-08-13 17:00:00,0.22232917,0.0009756759,0.0007112677,0.12868236366403288,0.14120933420495613,False
1997-08-13 18:00:00,0.09923244,0.0012027292,0.00087678933,0.05774827311642002,0.14085171317341444,False
1997-08-13 19:00:00,0.01443956,0.0015114364,0.0011018373,0.008948845107108354,0.1408423475427097,False
1997-08-13 20:00:00,2.6796326e-06,0.0016816565,0.0012259276,0.0006882774729158427,0.14102650898616703,False
1997-08-13 21:00:00,0.0,0.0021778543,0.0015876559,0.0008893616537097842,0.14121172714624397,False
1997-08-13 22:00:00,0.0,0.0026130157,0.0019048883,0.0010670667642261832,0.1413501113244084,False
1997-08-13 23:00:00,0.0,0.0033118513,0.0024143395,0.0013524474583100528,0.14151027089125556,False
1997-08-14 00:00:00,0.0,0.0042185104,0.003075294,0.0017226961939595638,0.14167404192035166,False
1997-08-14 01:00:00,0.0,0.0048380923,0.0035269693,0.0019757123859599234,0.14183386767135664,False
1997-08-14 02:00:00,0.0,0.0052135624,0.0038006867,0.0021290416060946882,0.14200890809330585,False
1997-08-14 03:00:00,0.0,0.0053367806,0.0038905137,0.0021793597675859927,0.14220766426938197,False
1997-08-14 04:00:00,0.00012562578,0.0054753968,0.0039915643,0.002308451949764276,0.1424404791118678,False
1997-08-14 05:00:00,0.026274748,0.006242282,0.0045506237,0.017709665501024575,0.14267534665546155,False
1997-08-14 06:00:00,0.124509595,0.009296514,0.00677716,0.07563841684162617,0.14280391985965823,False
1997-08-14 07:00:00,0.23469932,0.013255407,0.009663191,0.14083456733543423,0.14256126799154384,False
1997-08-14 08:00:00,0.37747183,0.016723927,0.012191743,0.22463073166832326,0.14174008173034805,False
1997-08-14 09:00:00,0.49218968,0.023508891,0.017137982,0.2935936747789383,0.14047637964362936,False
1997-08-14 10:00:00,0.5973451,0.025110656,0.018305669,0.35492246895097196,0.13909180934995152,False
1997-08-14 11:00:00,0.6424799,0.03429061,0.025031919,0.3847158596478402,0.137610866118404,False
1997-08-14 12:00:00,0.64009583,0.042363077,0.031292215,0.38665704905986786,0.13607090852129927,False
1997-08-14 13:00:00,0.5871642,0.049040977,0.037187293,0.35889799109473824,0.13445298601745612,False
1997-08-14 14:00:00,0.51737374,0.05599706,0.04393746,0.3215601858645677,0.13333253148441107,False
1997-08-14 15:00:00,0.4128106,0.058851797,0.046343267,0.2624105622060596,0.13272187170282956,False
1997-08-14 16:00:00,0.30803812,0.056478646,0.04485241,0.20100064300373194,0.1322982802350473,False
1997-08-14 17:00:00,0.19218864,0.05176507,0.040780466,0.1321962984278798,0.13201804939472117,False
1997-08-14 18:00:00,0.08483169,0.04441404,0.03339662,0.06714008459076284,0.13201863245315287,False
1997-08-14 19:00:00,0.011498476,0.038044676,0.027777921,0.022173114138655362,0.1321338593593169,False
1997-08-14 20:00:00,5.762651e-07,0.031241756,0.02277524,0.01275840341717975,0.1323743882830673,False
1997-08-14 21:00:00,0.0,0.026565298,0.019366104,0.010848364748060705,0.13266976032900119,False
1997-08-14 22:00:00,0.0,0.028904635,0.021071479,0.011803670335561036,0.13292466192635027,False
1997-08-14 23:00:00,0.0,0.027537672,0.020074964,0.011245448945090174,0.13309163263142534,False
1997-08-15 00:00:00,0.0,0.025776526,0.018791085,0.01052625667490065,0.13321887322181272,False
1997-08-15 01:00:00,0.0,0.026655098,0.019431567,0.01088503592647612,0.13331025420863432,False
1997-08-15 02:00:00,0.0,0.027908152,0.020345042,0.01139674031920731,0.13337673545559653,False
1997-08-15 03:00:00,0.0,0.030517992,0.022247616,0.01246251018717885,0.13343115139989084,False
1997-08-15 04:00:00,8.8399065e-05,0.03016097,0.021987349,0.012367720701986402,0.13347888689095988,False
1997-08-15 05:00:00,0.021214047,0.030145101,0.021975778,0.02455073975212872,0.13351947091853794,False
1997-08-15 06:00:00,0.10344938,0.028974969,0.021122755,0.07152268568426369,0.1334905863467647,False
1997-08-15 07:00:00,0.19606344,0.026019694,0.018968357,0.12375416565500198,0.13330340364334062,False
1997-08-15 08:00:00,0.30967057,0.02127601,0.015510213,0.18736831670068202,0.13275943251353112,False
1997-08-15 09:00:00,0.4361207,0.01825021,0.013304403,0.2590944028366357,0.13188308896061543,False
1997-08-15 10:00:00,0.5199011,0.023419447,0.017072776,0.30954663882032035,0.1308150402648437,False
1997-08-15 11:00:00,0.5676121,0.025662318,0.018707829,0.33799180641397836,0.1294689437805136,False
1997-08-15 12:00:00,0.56786764,0.030160168,0.02198676,0.339976013476029,0.12811940090118873,False
1997-08-15 13:00:00,0.56998545,0.034125928,0.024877805,0.34281747310981153,0.12719629131019605,False
1997-08-15 14:00:00,0.5318048,0.03857649,0.028122263,0.3226046970672905,0.12675816878261922,False
1997-08-15 15:00:00,0.42543295,0.040087473,0.029223768,0.26184517318010325,0.1261630329611192,False
1997-08-15 16:00:00,0.3143648,0.040009238,0.029166734,0.19772689674422145,0.12567319276147218,False
1997-08-15 17:00:00,0.19646563,0.037588056,0.027401691,0.12871035046875476,0.1251686980105223,False
1997-08-15 18:00:00,0.08492983,0.034943447,0.025565188,0.06327916461229324,0.12471238495328235,False
1997-08-15 19:00:00,0.010346263,0.03551089,0.026313359,0.020494233447127044,0.12434086170390216,False
1997-08-15 20:00:00,5.762651e-08,0.03632394,0.027084613,0.014866135677741359,0.1240670117153519,False
1997-08-15 21:00:00,0.0,0.032107864,0.023645123,0.013124638326466083,0.12387690414205296,False
1997-08-15 22:00:00,0.0,0.022209367,0.016414894,0.00908166060782969,0.1237218307489749,False
1997-08-15 23:00:00,0.0,0.018267917,0.013317307,0.007459995796903968,0.12350967973650417,False
1997-08-16 00:00:00,0.0,0.014959579,0.010905533,0.0061089835613965995,0.123307345707559,False
1997-08-16 01:00:00,0.0,0.012652406,0.009223604,0.0051668122401461,0.1231163812553788,False
1997-08-16 02:00:00,0.0,0.0116097005,0.008463471,0.004741006932221353,0.12292051532348719,False
1997-08-16 03:00:00,0.0,0.010947688,0.007980864,0.004470663338899612,0.1227190779278973,False
1997-08-16 04:00:00,5.9873946e-05,0.010338613,0.0075368495,0.004256485273512226,0.12249418501008055,False
1997-08-16 05:00:00,0.02085074,0.010510985,0.0076625086,0.016323206055909395,0.12226862516126069,False
1997-08-16 06:00:00,0.10856186,0.009828082,0.007164673,0.06665364707726985,0.12203146797109062,False
1997-08-16 07:00:00,0.19327708,0.007843651,0.005718021,0.11472395310457795,0.12190177809363556,False
1997-08-16 08:00:00,0.31207594,0.0061180955,0.0044600912,0.18256624112837014,0.12214924611016309,False
1997-08-16 09:00:00,0.4166349,0.0047237216,0.0034435932,0.24232733738189563,0.12262557596773876,False
1997-08-16 10:00:00,0.500552,0.0036519556,0.0026622755,0.2903098377031274,0.12306238815577367,False
1997-08-16 11:00:00,0.5519108,0.0036370796,0.0026514314,0.31993780144024636,0.12357104071260194,False
1997-08-16 12:00:00,0.5913383,0.0028053338,0.0020450882,0.34234778869221916,0.12378423245453388,False
1997-08-16 13:00:00,0.5838479,0.0024191113,0.0017635319,0.33786810977105053,0.12392793705369148,False
1997-08-16 14:00:00,0.50595677,0.002587411,0.0018862229,0.292993666432565,0.1235276686525752,False
1997-08-16 15:00:00,0.4113959,0.0037289932,0.002718436,0.2388982326230034,0.1226072991096486,False
1997-08-16 16:00:00,0.30238718,0.005650552,0.004119252,0.17678489495813843,0.12186197825313562,False
1997-08-16 17:00:00,0.18651655,0.006546139,0.004772135,0.11029327168036251,0.12115792240448293,False
1997-08-16 18:00:00,0.08054319,0.0069387457,0.005058346,0.049306968620512634,0.12048632444370438,False
1997-08-16 19:00:00,0.009774782,0.0082971295,0.0060486076,0.00902831468824297,0.12002418006483093,False
1997-08-16 20:00:00,0.0,0.008897019,0.0064859265,0.003633239898830652,0.11971996899339075,False
1997-08-16 21:00:00,0.0,0.008337721,0.006078199,0.003404841880314052,0.1194414909194266,False
1997-08-16 22:00:00,0.0,0.0039680623,0.0028927173,0.0016204217369668187,0.11920381405822542,False
1997-08-16 23:00:00,0.0,0.003755003,0.0027373973,0.0015334155557211488,0.11904563827027874,False
1997-08-17 00:00:00,0.0,0.0033302552,0.0024277559,0.0013599629702512176,0.11892022295870544,False
1997-08-17 01:00:00,0.0,0.0036327,0.0026482383,0.0014834711956791579,0.11882278602964202,False
1997-08-17 02:00:00,0.0,0.0042308746,0.0030843075,0.0017277453308925032,0.11874450828782125,False
1997-08-17 03:00:00,0.0,0.0040837144,0.0029770278,0.001667650131974369,0.11867061286189262,False
1997-08-17 04:00:00,4.258599e-05,0.0037130315,0.0027068001,0.001540847958633094,0.11859222409255296,False
1997-08-17 05:00:00,0.020615622,0.003114805,0.002270693,0.013167194623965768,0.11851068910759141,False
1997-08-17 06:00:00,0.111316875,0.0026146518,0.0019060813,0.06529757156642153,0.11837854767201555,False
1997-08-17 07:00:00,0.23339397,0.00236139,0.0017214533,0.13563263044832274,0.11816008763644639,False
1997-08-17 08:00:00,0.36276513,0.0022447214,0.001636402,0.21023214986431413,0.11819699511579042,False
1997-08-17 09:00:00,0.4834296,0.0027487657,0.0020038502,0.28006138786231166,0.11829727792797104,False
1997-08-17 10:00:00,0.5760633,0.0038530428,0.002808868,0.3339619615480769,0.11847603900031631,False
1997-08-17 11:00:00,0.60006756,0.0048633586,0.003545388,0.34822501002671197,0.11882605828650411,False
1997-08-17 12:00:00,0.5980739,0.004371554,0.0031868631,0.34687383423559365,0.11918510540672286,False
1997-08-17 13:00:00,0.5579742,0.004048979,0.0029517054,0.3236045898562297,0.11887909963235627,False
1997-08-17 14:00:00,0.4798307,0.0038314604,0.0027931344,0.27842695900681425,0.11839951481575794,False
1997-08-17 15:00:00,0.38902625,0.003922029,0.0028591591,0.22606977206747977,0.11796756693457669,False
1997-08-17 16:00:00,0.28165144,0.0034756486,0.0025337476,0.1639322160088923,0.11762559038861217,False
1997-08-17 17:00:00,0.1652488,0.002755109,0.002008475,0.09647364835138433,0.11735237643334887,False
1997-08-17 18:00:00,0.06932348,0.0026853029,0.0019575858,0.04109623442636803,0.11705199330466226,False
1997-08-17 19:00:00,0.008048781,0.0030559725,0.002227804,0.005892102017998695,0.11689553517102466,False
1997-08-17 20:00:00,0.0,0.0036711874,0.0026762956,0.0014991881274618209,0.11682575448930582,False
1997-08-17 21:00:00,0.0,0.0042024776,0.0030636063,0.0017161489888094365,0.11677707182065204,False
1997-08-17 22:00:00,0.0,0.0036467845,0.002658506,0.0014892227863892913,0.11673736240354626,False
1997-08-17 23:00:00,0.0,0.0035263975,0.0025707437,0.0014400608413852752,0.11672033646846101,False
1997-08-18 00:00:00,0.0,0.0035066851,0.0025563731,0.0014320109663531182,0.11670344392224069,False
1997-08-18 01:00:00,0.0,0.0034515131,0.0025161535,0.0014094806327484548,0.11668703285521768,False
1997-08-18 02:00:00,0.0,0.0029239126,0.0021315322,0.0011940264876466244,0.11666611610260587,False
1997-08-18 03:00:00,0.0,0.0017337447,0.0012639,0.0007080024105962366,0.11663916766735927,False
1997-08-18 04:00:00,2.8092923e-05,0.0007997639,0.00058302784,0.0003428059953585034,0.11661492418546548,False
1997-08-18 05:00:00,0.016971957,0.0004593869,0.00033489306,0.009980417148268314,0.1165969666274708,False
1997-08-18 06:00:00,0.09707871,0.00037502937,0.00027339638,0.056167565369949435,0.11651404148463888,False
1997-08-18 07:00:00,0.20155476,0.0004858764,0.00035420383,0.11649551211309153,0.11625360353261903,False
1997-08-18 08:00:00,0.32415602,0.0008369816,0.00061015954,0.18737981611303986,0.11577941206989122,False
1997-08-18 09:00:00,0.43343657,0.0019956767,0.0014548482,0.25090786885446864,0.11520266541084342,False
1997-08-18 10:00:00,0.5300372,0.0031326923,0.0022837326,0.3071107634401415,0.11463249262441698,False
1997-08-18 11:00:00,0.5825159,0.0025966696,0.0018929723,0.3371720632107463,0.1140918098867548,False
1997-08-18 12:00:00,0.5664426,0.0020132093,0.0014676297,0.32765951152262274,0.11361584850579647,False
1997-08-18 13:00:00,0.5445003,0.001644041,0.001198506,0.3148480385743314,0.11310758633139845,False
1997-08-18 14:00:00,0.47036886,0.0020994272,0.0015304824,0.2722601681358647,0.1128169283236539,False
1997-08-18 15:00:00,0.38362697,0.00276859,0.0020183022,0.2224833584167063,0.11268287329935481,False
1997-08-18 16:00:00,0.28153092,0.0030053584,0.002190906,0.1636706251055002,0.11268280420862692,False
1997-08-18 17:00:00,0.16415177,0.002838896,0.0020695552,0.09587488150340504,0.11255774763614047,False
1997-08-18 18:00:00,0.07076682,0.0023619062,0.0017218296,0.04179697820590808,0.1125303577136944,False
1997-08-18 19:00:00,0.007999078,0.0026039723,0.0018982955,0.005678841965738684,0.11253699285522425,False
1997-08-18 20:00:00,0.0,0.003174779,0.002314414,0.0012964718034490944,0.11261182813694634,False
1997-08-18 21:00:00,0.0,0.003670212,0.002675585,0.0014987898592371495,0.1127148790015099,False
1997-08-18 22:00:00,0.0,0.0019668064,0.001433802,0.0008031768528744578,0.11282077318347458,False
1997-08-18 23:00:00,0.0,0.0017694258,0.0012899113,0.0007225733371451497,0.11296632486307229,False
1997-08-19 00:00:00,0.0,0.0014012718,0.0010215271,0.0005722317531472072,0.11311713930995486,False
1997-08-19 01:00:00,0.0,0.0011741112,0.00085592695,0.00047946707031223923,0.11327620408359965,False
1997-08-19 02:00:00,0.0,0.0010633119,0.00077515433,0.00043422043905593454,0.11343977052065476,False
1997-08-19 03:00:00,0.0,0.0012340964,0.0008996564,0.0005039630010724068,0.1136043137394345,False
1997-08-19 04:00:00,1.6394742e-05,0.001639278,0.0011950337,0.0006788851748879097,0.11377432914149997,False
1997-08-19 05:00:00,0.0141568165,0.0024936078,0.0018178398,0.009186787768034263,0.1139626560200284,False
1997-08-19 06:00:00,0.08901232,0.0035175376,0.0025642847,0.052796549869468426,0.1141797261504451,False
1997-08-19 07:00:00,0.19282492,0.0039461274,0.002876727,0.112871440237388,0.11457067868867896,False
1997-08-19 08:00:00,0.3131794,0.0045150537,0.0032914735,0.1825483102300204,0.11505404588484434,False
1997-08-19 09:00:00,0.43376666,0.0059009064,0.0043017603,0.25269309411384167,0.1156315908946694,False
1997-08-19 10:00:00,0.5283065,0.007778191,0.005670301,0.308009190140292,0.11649315940900953,False
1997-08-19 11:00:00,0.5557328,0.01156082,0.008427838,0.3253788637407124,0.11740941555481167,False
1997-08-19 12:00:00,0.5489009,0.014108494,0.0102850925,0.3224772498644889,0.11854322817764337,False
1997-08-19 13:00:00,0.52482957,0.016716244,0.012186143,0.3096530054844916,0.11984707060381922,False
1997-08-19 14:00:00,0.45754322,0.019565482,0.014263237,0.27199231784045697,0.121058128265665,False
1997-08-19 15:00:00,0.3777352,0.019867586,0.014483472,0.2260664557125419,0.12224145762535633,False
1997-08-19 16:00:00,0.26145402,0.017314207,0.012622056,0.15792950052954255,0.12312076169235522,False
1997-08-19 17:00:00,0.155128,0.013835811,0.010086306,0.09515893207397311,0.12374086782214587,False
1997-08-19 18:00:00,0.062595695,0.01297122,0.009456019,0.04141472121980041,0.12419586566300234,False
1997-08-19 19:00:00,0.0062978277,0.014326239,0.010443829,0.00948419554065913,0.12439986969506432,False
1997-08-19 20:00:00,0.0,0.015783953,0.0115065025,0.006445629626512527,0.12467553196101513,False
1997-08-19 21:00:00,0.0,0.016649451,0.012137449,0.006799069723114372,0.1250021756679548,False
1997-08-19 22:00:00,0.0,0.020755164,0.015130514,0.008475703407078981,0.12531525383593403,False
1997-08-19 23:00:00,0.0,0.021253372,0.015493707,0.008679154291749001,0.12562783487537532,False
1997-08-20 00:00:00,0.0,0.022203416,0.016186291,0.009067120101302863,0.12589739973244146,False
1997-08-20 01:00:00,0.0,0.022677377,0.016531806,0.009260669611394405,0.1261282806565855,False
1997-08-20 02:00:00,0.0,0.022264589,0.016230885,0.009092100989073515,0.12632064200018656,False
1997-08-20 03:00:00,0.0,0.02171763,0.01583215,0.00886874170973897,0.12647699779524416,False
1997-08-20 04:00:00,8.471096e-06,0.022963734,0.016740562,0.009382496164723305,0.12660479722610624,False
1997-08-20 05:00:00,0.017303137,0.02550622,0.018594034,0.020399783408269284,0.12673089362694195,False
1997-08-20 06:00:00,0.109635435,0.028586222,0.020839358,0.07493328720517456,0.12689035053256464,False
1997-08-20 07:00:00,0.2218536,0.028620431,0.020864293,0.1396971375290304,0.12731982051038546,False
1997-08-20 08:00:00,0.35454932,0.025778394,0.01879245,0.21510197658464314,0.1281407048555624,False
1997-08-20 09:00:00,0.4910273,0.021893125,0.01596009,0.2922631575427949,0.12928516948156848,False
1997-08-20 10:00:00,0.5907141,0.025097644,0.018296182,0.35109105843864385,0.13058408861667165,False
1997-08-20 11:00:00,0.6581568,0.028990142,0.021133816,0.3915950691066682,0.13195531453391784,False
1997-08-20 12:00:00,0.65262914,0.033491857,0.024415566,0.39024394797906276,0.1335918942119625,False
1997-08-20 13:00:00,0.6216506,0.03498436,0.025503598,0.37297880634292957,0.1352008333783373,False
1997-08-20 14:00:00,0.5457803,0.034637418,0.025250677,0.3290599774010479,0.13635656709803823,False
1997-08-20 15:00:00,0.43453154,0.03419789,0.024930261,0.26468995363265274,0.1373817309746295,False
1997-08-20 16:00:00,0.31386888,0.030201769,0.02201709,0.19343571933545173,0.13812780792000018,False
1997-08-20 17:00:00,0.18334743,0.029197603,0.021285053,0.11771477786451577,0.13879585622873558,False
1997-08-20 18:00:00,0.066224694,0.03275866,0.023881063,0.05158917174488306,0.13916888889216056,False
1997-08-20 19:00:00,0.0056295046,0.038353845,0.027959956,0.01891063073137775,0.13934311806648905,False
1997-08-20 20:00:00,0.0,0.041541256,0.03049345,0.016975369736552236,0.13942607469401452,False
1997-08-20 21:00:00,0.0,0.040455725,0.029599618,0.01652654192224145,0.1395126637411177,False
1997-08-20 22:00:00,0.0,0.038708087,0.028218197,0.01580706674605608,0.13960117940219247,False
1997-08-20 23:00:00,0.0,0.033454515,0.024388341,0.013661686476320028,0.13972973820204976,False
1997-08-21 00:00:00,0.0,0.02853939,0.020805212,0.011654516112059355,0.13983987770612483,False
1997-08-21 01:00:00,0.0,0.023784574,0.017338958,0.009712811563163996,0.13993057365493047,False
1997-08-21 02:00:00,0.0,0.019441625,0.014172943,0.007939298601821064,0.13999701439285314,False
1997-08-21 03:00:00,0.0,0.016255848,0.0118505135,0.006638335682451725,0.14003752314880152,False
1997-08-21 04:00:00,4.4948674e-06,0.016477667,0.012012219,0.006731512415003635,0.14005763546434363,False
1997-08-21 05:00:00,0.016880967,0.017387347,0.012675376,0.016840719237923622,0.14006487475680263,False
1997-08-21 06:00:00,0.11404377,0.018629985,0.013581255,0.07341110880486668,0.14002699533697913,False
1997-08-21 07:00:00,0.2514167,0.017647026,0.012864681,0.15227388880588114,0.139874360175059,False
1997-08-21 08:00:00,0.39973196,0.016742993,0.012205642,0.2374826122783124,0.1397735241843162,False
1997-08-21 09:00:00,0.535079,0.015428876,0.011247651,0.3150412125987932,0.13950340231355973,False
1997-08-21 10:00:00,0.6367155,0.01577802,0.011502177,0.3738280341681093,0.13889884796516733,False
1997-08-21 11:00:00,0.68676996,0.018778302,0.013689383,0.4039346882868558,0.13820442080582412,False
1997-08-21 12:00:00,0.6772711,0.021845328,0.015925245,0.39970632985047994,0.1369560450532714,False
1997-08-21 13:00:00,0.61761415,0.021463245,0.015646704,0.36512822403013706,0.1355054518865196,False
1997-08-21 14:00:00,0.54184926,0.020944847,0.015268796,0.32120018391683697,0.13377078137321005,False
1997-08-21 15:00:00,0.43962094,0.020121327,0.014668446,0.2618781490903347,0.13185614063617226,False
1997-08-21 16:00:00,0.31548142,0.019499756,0.014215322,0.18999581934884188,0.13007357226575333,False
1997-08-21 17:00:00,0.18153301,0.020373767,0.014852476,0.11306449991837143,0.1288696368546931,False
1997-08-21 18:00:00,0.070217215,0.022681586,0.016534878,0.04977772158756852,0.1281163226638967,False
1997-08-21 19:00:00,0.0051476317,0.025702262,0.018736951,0.013466113661881537,0.12773836396748353,False
1997-08-21 20:00:00,0.0,0.02596177,0.018926127,0.010601903887465597,0.1274610822716134,False
1997-08-21 21:00:00,0.0,0.027053725,0.019722166,0.011047821454703809,0.12719030765027153,False
1997-08-21 22:00:00,0.0,0.03574699,0.02696085,0.014646525800228119,0.12692641417119765,False
1997-08-21 23:00:00,0.0,0.034126163,0.025431417,0.013965850487351418,0.12672550613871889,False
1997-08-22 00:00:00,0.0,0.03284961,0.024055919,0.013420525643974543,0.12654241827109242,False
1997-08-22 01:00:00,0.0,0.030486928,0.022224972,0.012449825031682848,0.12637757925918439,False
1997-08-22 02:00:00,0.0,0.027026054,0.019701991,0.011036521274596452,0.12623732464352388,False
1997-08-22 03:00:00,0.0,0.024081664,0.017555533,0.009834132855758071,0.12612748840945304,False
1997-08-22 04:00:00,1.7864218e-06,0.023824098,0.017367767,0.009729982202755765,0.12604259635548104,False
1997-08-22 05:00:00,0.014983151,0.024331832,0.017737906,0.018581571256741883,0.12594843479959789,False
1997-08-22 06:00:00,0.09753909,0.027736748,0.02022009,0.06760679943300782,0.12574961129369203,False
1997-08-22 07:00:00,0.21309136,0.029148597,0.021249328,0.134857009973377,0.1251013716772807,False
1997-08-22 08:00:00,0.3295136,0.029401993,0.021434048,0.20213612678833304,0.12371556875634142,False
1997-08-22 09:00:00,0.43500167,0.029994134,0.021865724,0.2632445488199591,0.12163944607250227,False
1997-08-22 10:00:00,0.5182107,0.045917083,0.03347356,0.31775855479016896,0.11890887811447642,False
1997-08-22 11:00:00,0.54580885,0.040995885,0.029886002,0.3316730329841375,0.11595741171107932,False
1997-08-22 12:00:00,0.5311131,0.034682672,0.025283666,0.32061547597497697,0.11265142002775909,False
1997-08-22 13:00:00,0.48127457,0.029432401,0.021456221,0.2897146217040717,0.10982553852234979,False
1997-08-22 14:00:00,0.39454883,0.023269678,0.016963596,0.23715722202323375,0.10735941180184146,False
1997-08-22 15:00:00,0.2966797,0.01944942,0.014178625,0.17912667185254394,0.10547907060606843,False
1997-08-22 16:00:00,0.2246693,0.014723649,0.010733541,0.1356468196045607,0.10420227060892825,False
1997-08-22 17:00:00,0.13287634,0.011964881,0.0087223975,0.08155569670628757,0.10318377004857691,False
1997-08-22 18:00:00,0.050439533,0.0106363995,0.0077539342,0.03344715431705117,0.10257765210007525,False
1997-08-22 19:00:00,0.002914086,0.009598453,0.0069972724,0.005601109329611063,0.10224479587485677,False
1997-08-22 20:00:00,0.0,0.009741722,0.007101715,0.003978187912143767,0.10210969301717639,False
1997-08-22 21:00:00,0.0,0.00945146,0.006890114,0.0038596549266949297,0.10203158733234093,False
1997-08-22 22:00:00,0.0,0.015093032,0.01100282,0.006163481187075376,0.10198110348961134,False
1997-08-22 23:00:00,0.0,0.011934071,0.008699939,0.004873468830250203,0.10185252128573419,False
1997-08-23 00:00:00,0.0,0.009163945,0.0066805156,0.0037422435404732826,0.10176849471495304,False
1997-08-23 01:00:00,0.0,0.00729882,0.00532084,0.002980590011458844,0.10172695946224783,False
1997-08-23 02:00:00,0.0,0.0065312963,0.0047613154,0.0026671593664214016,0.1017215062809112,False
1997-08-23 03:00:00,0.0,0.006277499,0.004576297,0.002563517091795802,0.10174291998890046,False
1997-08-23 04:00:00,2.0169277e-07,0.005415831,0.0039481414,0.0022117577326121562,0.10174855178929218,False
1997-08-23 05:00:00,0.009611036,0.0042893467,0.0031269335,0.0072971909544430665,0.10171297074292218,False
1997-08-23 06:00:00,0.07140497,0.0026812684,0.0019546447,0.04229560721712187,0.10158969797611678,False
1997-08-23 07:00:00,0.14784394,0.0011004688,0.00080224173,0.08575534860079642,0.10133184961350378,False
1997-08-23 08:00:00,0.23866595,0.00029010352,0.00021148544,0.137828723454033,0.10103636618265624,False
1997-08-23 09:00:00,0.3186207,0.00031785222,0.00023171431,0.183973950613552,0.10083816814339694,False
1997-08-23 10:00:00,0.40152466,0.0011703136,0.0008531586,0.23215764680504797,0.1009020402418346,False
1997-08-23 11:00:00,0.42445004,0.00083115266,0.00060591026,0.24524708748748522,0.1008323314549201,False
1997-08-23 12:00:00,0.45553306,0.0029910507,0.0021804764,0.2640640175908338,0.10135127394289917,False
1997-08-23 13:00:00,0.4232064,0.006278816,0.0045772567,0.24675414144573732,0.10218395076162931,False
1997-08-23 14:00:00,0.39336598,0.009725679,0.00709002,0.23094380651973184,0.10319526022610112,False
1997-08-23 15:00:00,0.3394636,0.011561337,0.008428214,0.20059174922760575,0.10453076672553564,False
1997-08-23 16:00:00,0.23581438,0.012315594,0.009230416,0.14110779245197771,0.10596489834665684,False
1997-08-23 17:00:00,0.13742527,0.011451628,0.008348236,0.08397083839029074,0.10661313579198065,False
1997-08-23 18:00:00,0.05035465,0.011621905,0.008472368,0.03380062277708202,0.10682029525580616,False
1997-08-23 19:00:00,0.0029747956,0.012851729,0.009674655,0.006981176493223757,0.10680520355740285,False
1997-08-23 20:00:00,0.0,0.016749445,0.012449735,0.006852831015363335,0.10675695180239596,False
1997-08-23 21:00:00,0.0,0.021093495,0.0155758755,0.008624597003683447,0.10672439573951156,False
1997-08-23 22:00:00,0.0,0.020752413,0.01512851,0.008474580014124513,0.10671510261746914,False
1997-08-23 23:00:00,0.0,0.024322728,0.01773127,0.009932575089856982,0.10670240383666565,False
1997-08-24 00:00:00,0.0,0.027981844,0.020398762,0.011426833514124156,0.10676517231001378,False
1997-08-24 01:00:00,0.0,0.029845953,0.021757698,0.012188072327524424,0.1068596798526272,False
1997-08-24 02:00:00,0.0,0.029543055,0.021536887,0.012064379258081317,0.10691629435528044,False
1997-08-24 03:00:00,0.0,0.024743635,0.018038109,0.010104459274560213,0.10694735939956479,False
1997-08-24 04:00:00,8.643977e-08,0.019644246,0.014320658,0.00802209197699588,0.10696805143075505,False
1997-08-24 05:00:00,0.01102156,0.015439675,0.011255521,0.012664478450082242,0.10700771249763213,False
1997-08-24 06:00:00,0.087440416,0.011697737,0.00852765,0.05523007802758366,0.10709130871916239,False
1997-08-24 07:00:00,0.20257209,0.009280175,0.0067652483,0.12067380529269575,0.10748327923776049,False
1997-08-24 08:00:00,0.32845128,0.007606497,0.005545136,0.19262262090388685,0.10853592939868552,False
1997-08-24 09:00:00,0.45739242,0.0058647897,0.0042754314,0.2663104095449671,0.11024066670092882,False
1997-08-24 10:00:00,0.5420313,0.0040661558,0.0029642275,0.3144125330182723,0.11268709340870894,False
1997-08-24 11:00:00,0.6145081,0.0049247565,0.0035901472,0.35658227240713314,0.11543758317014097,False
1997-08-24 12:00:00,0.62013656,0.0067713,0.0049362783,0.36058396327402437,0.11859850873082031,False
1997-08-24 13:00:00,0.5807563,0.0077408184,0.0056430567,0.3382574759987183,0.12142673294347428,False
1997-08-24 14:00:00,0.51625204,0.008286945,0.0060411827,0.30126153399609024,0.124141603977937,False
1997-08-24 15:00:00,0.42446578,0.0074644736,0.005441601,0.24796498966636135,0.12623456656033863,False
1997-08-24 16:00:00,0.28551298,0.0049495436,0.0036082172,0.1667622169801034,0.12758439089229165,False
1997-08-24 17:00:00,0.15604696,0.0035758533,0.002606797,0.09149935096991249,0.12855350952691852,False
1997-08-24 18:00:00,0.0536882,0.0042723008,0.003114507,0.03272275279369205,0.12908696231776995,False
1997-08-24 19:00:00,0.0028713846,0.003987198,0.002906667,0.0032850250892806796,0.1293623566813898,False
1997-08-24 20:00:00,0.0,0.0059150294,0.004312056,0.0024154968936927618,0.1295932837766144,False
1997-08-24 21:00:00,0.0,0.008359131,0.006093807,0.003413585068657994,0.1298591250463636,False
1997-08-24 22:00:00,0.0,0.013600397,0.00991469,0.005553939708508551,0.13015334672359896,False
1997-08-24 23:00:00,0.0,0.019311747,0.01408002,0.007886355550959706,0.1304952463452486,False
1997-08-25 00:00:00,0.0,0.02019079,0.0153371105,0.008278605585917831,0.13080578511809143,False
1997-08-25 01:00:00,0.0,0.01395338,0.010172015,0.005698086138814687,0.1310857450265452,False
1997-08-25 02:00:00,0.0,0.010182732,0.0074232123,0.004158281492069363,0.13137408939604794,False
1997-08-25 03:00:00,0.0,0.008709674,0.0063493513,0.0035567345889285203,0.13167301024201006,False
1997-08-25 04:00:00,0.0,0.010077942,0.00734682,0.004115488942712546,0.13196549248120426,False
1997-08-25 05:00:00,0.011558869,0.011363194,0.008283769,0.01130980958789587,0.1322365434791427,False
1997-08-25 06:00:00,0.09585078,0.014213455,0.010361608,0.06111019210983067,0.1325150895390737,False
1997-08-25 07:00:00,0.22334608,0.018150056,0.01323139,0.1362825563251972,0.13277434413843245,False
1997-08-25 08:00:00,0.3651589,0.021939723,0.015994059,0.21965611396171153,0.13293983305682194,False
1997-08-25 09:00:00,0.50508046,0.024416838,0.017799873,0.3014024325869978,0.1328322042369594,False
1997-08-25 10:00:00,0.6096688,0.030370459,0.022140063,0.3641811553537846,0.13229927494448687,False
1997-08-25 11:00:00,0.6670491,0.029591538,0.02157223,0.3969715144000947,0.13178072697035775,False
1997-08-25 12:00:00,0.6727759,0.028472183,0.02075622,0.39981877979822456,0.13077810887947755,False
1997-08-25 13:00:00,0.6314182,0.031196607,0.022742322,0.3770679510999471,0.1298032279522546,False
1997-08-25 14:00:00,0.5504044,0.03384869,0.024675693,0.3314060104750096,0.12874988382595862,False
1997-08-25 15:00:00,0.43395117,0.03671582,0.026765829,0.26538331716135144,0.12762272773138827,False
1997-08-25 16:00:00,0.2987964,0.037267573,0.027189592,0.18762548691406844,0.12638477810633292,False
1997-08-25 17:00:00,0.16303861,0.037936196,0.027867358,0.10957657235115766,0.12565428587954375,False
1997-08-25 18:00:00,0.053756114,0.039159022,0.028751763,0.04701955223083496,0.1252825784198406,False
1997-08-25 19:00:00,0.0019264542,0.04142868,0.030869065,0.018065677064005286,0.12520801268615467,False
1997-08-25 20:00:00,0.0,0.047857706,0.036179975,0.019613211963325737,0.12533906519235943,False
1997-08-25 21:00:00,0.0,0.055083767,0.0448394,0.022747237510979172,0.12548801082722394,False
1997-08-25 22:00:00,0.0,0.05988038,0.051664848,0.024885761853307486,0.12565240766387917,False
1997-08-25 23:00:00,0.0,0.05978074,0.051469322,0.02483843618631363,0.12572817071277434,False
1997-08-26 00:00:00,0.0,0.059923887,0.050981384,0.024864909119904043,0.12576047784841404,False
1997-08-26 01:00:00,0.0,0.062879056,0.0523376,0.026028602063655853,0.12578944730113045,False
1997-08-26 02:00:00,0.0,0.064062715,0.051359966,0.026412579864263534,0.12585778981150844,False
1997-08-26 03:00:00,0.0,0.05875318,0.045623757,0.0241436067558825,0.12593382329709613,False
1997-08-26 04:00:00,0.0,0.051085334,0.04040836,0.02103253987804055,0.1260111107033493,False
1997-08-26 05:00:00,0.010576309,0.048320714,0.03892251,0.026034689326770603,0.12607391926541944,False
1997-08-26 06:00:00,0.082860984,0.04800709,0.039794352,0.06767429879680276,0.12609968453983794,False
1997-08-26 07:00:00,0.18787651,0.048869133,0.040367007,0.12861727337539197,0.12582977477855453,False
1997-08-26 08:00:00,0.2905595,0.04798547,0.038832717,0.1874564375504851,0.12502092588439212,False
1997-08-26 09:00:00,0.38449597,0.045802172,0.036567133,0.24072980350628492,0.12384051123989531,False
1997-08-26 10:00:00,0.46962932,0.045027405,0.03575929,0.2895222302600741,0.12230532654462632,False
1997-08-26 11:00:00,0.50563323,0.040690202,0.031324867,0.30845660404488434,0.1203586660960621,False
1997-08-26 12:00:00,0.5182186,0.036139566,0.026704812,0.31378967876732344,0.11849168268663438,False
1997-08-26 13:00:00,0.4774563,0.029886601,0.021787334,0.2876969579365104,0.11677319024707442,False
1997-08-26 14:00:00,0.4106039,0.025074529,0.018279333,0.24715804145671427,0.11532193890138778,False
1997-08-26 15:00:00,0.3094239,0.024502091,0.017862026,0.18854340766370295,0.11408567976822084,False
1997-08-26 16:00:00,0.21052925,0.025034433,0.018250098,0.1316985900942236,0.11312159989140247,False
1997-08-26 17:00:00,0.11121501,0.023229975,0.01693465,0.0736573929041624,0.11236266753974389,False
1997-08-26 18:00:00,0.035673082,0.020956293,0.015321432,0.029143597576767204,0.11182746110443742,False
1997-08-26 19:00:00,0.0014346407,0.021408312,0.01570538,0.009575545387109741,0.11145241255294239,False
1997-08-26 20:00:00,0.0,0.023413718,0.017133806,0.00956488736718893,0.11126179038701713,False
1997-08-26 21:00:00,0.0,0.027674662,0.02023487,0.011304633228108287,0.11109909481861296,False
1997-08-26 22:00:00,0.0,0.022505708,0.016406663,0.009190566055476666,0.11097466618408117,False
1997-08-26 23:00:00,0.0,0.023109412,0.016846761,0.009437098061665893,0.11102274704448548,False
1997-08-27 00:00:00,0.0,0.02367763,0.017260995,0.009669139316305517,0.11113260586656298,False
1997-08-27 01:00:00,0.0,0.02198647,0.016028136,0.008978526636958122,0.1112786304271188,False
1997-08-27 02:00:00,0.0,0.01911983,0.013938356,0.007807888800278306,0.11137599325230013,False
1997-08-27 03:00:00,0.0,0.01779416,0.012971944,0.007266530089080334,0.11146336884986277,False
1997-08-27 04:00:00,0.0,0.017460562,0.012728749,0.007130299922078848,0.1115589565674648,False
1997-08-27 05:00:00,0.007915404,0.019539714,0.014244452,0.01254654275998473,0.11163802189988684,False
1997-08-27 06:00:00,0.06810269,0.021694442,0.015815252,0.04815452356822788,0.11170329701127774,False
1997-08-27 07:00:00,0.15262847,0.022996979,0.016764797,0.09745780940540133,0.11162966605356872,False
1997-08-27 08:00:00,0.2670396,0.021829348,0.015913595,0.16299621102586387,0.11127119691813032,False
1997-08-27 09:00:00,0.38063625,0.019801976,0.0144356415,0.22771356721408664,0.11089282674206088,False
1997-08-27 10:00:00,0.46216375,0.009973828,0.007270921,0.2707414538227021,0.1103266570826866,False
1997-08-27 11:00:00,0.52330977,0.013239533,0.00965162,0.3073563107475638,0.10977521453591663,False
1997-08-27 12:00:00,0.53688335,0.018486964,0.013476996,0.31733114269934587,0.10938032857751143,False
1997-08-27 13:00:00,0.51839155,0.020315018,0.014809647,0.3074078865069895,0.10897265507765404,False
1997-08-27 14:00:00,0.45851287,0.018374803,0.013395232,0.27206557208299637,0.10884599567739738,False
1997-08-27 15:00:00,0.36780572,0.016856406,0.012288319,0.21910748307406902,0.10884992130492172,False
1997-08-27 16:00:00,0.2526192,0.013310245,0.00970317,0.1511967340344563,0.10900158290894371,False
1997-08-27 17:00:00,0.13737684,0.011313929,0.008247853,0.08388666345644742,0.10934574448782464,False
1997-08-27 18:00:00,0.04023333,0.01420929,0.010358573,0.029017221759073435,0.110019675516829,False
1997-08-27 19:00:00,0.0011678301,0.020182814,0.014713271,0.008915813099592924,0.11099342692790376,False
1997-08-27 20:00:00,0.0,0.028837195,0.021535182,0.011803824679926038,0.11210973773076692,False
1997-08-27 21:00:00,0.0,0.040729694,0.032322332,0.01677466305345297,0.1132279199591794,False
1997-08-27 22:00:00,0.0,0.06569373,0.05467884,0.027193643152713776,0.1143264459390848,False
1997-08-27 23:00:00,0.0,0.0724196,0.06275607,0.03011165964603424,0.11542086075299447,False
1997-08-28 00:00:00,0.0,0.07667079,0.06634384,0.031874088026583196,0.11648587719858186,False
1997-08-28 01:00:00,0.0,0.07406948,0.062414452,0.030702017672359944,0.11751626727852998,False
1997-08-28 02:00:00,0.0,0.07442126,0.058243793,0.0306066085472703,0.11848641640909044,False
1997-08-28 03:00:00,0.0,0.07002602,0.053559568,0.028731817200779913,0.11941924342927085,False
1997-08-28 04:00:00,0.0,0.060320064,0.047584668,0.02482767583429813,0.12039354951302082,False
1997-08-28 05:00:00,0.008580328,0.058759425,0.046941068,0.029167894673533735,0.12137857389887356,False
1997-08-28 06:00:00,0.06906574,0.05879307,0.048045114,0.06414001282677054,0.12229518082061014,False
1997-08-28 07:00:00,0.1463162,0.065192975,0.0542611,0.11141075487434864,0.12284440795272286,False
1997-08-28 08:00:00,0.23964232,0.07503734,0.061708733,0.16929466909915206,0.12307920512089669,False
1997-08-28 09:00:00,0.30533567,0.09054108,0.07343184,0.2135536598563194,0.12300759213749793,False
1997-08-28 10:00:00,0.37668148,0.11086101,0.08889005,0.2630529880151153,0.12223145036199759,False
1997-08-28 11:00:00,0.40989473,0.12850173,0.103253305,0.28950207804143424,0.1210420676788999,False
1997-08-28 12:00:00,0.40491602,0.14716397,0.11632042,0.29422135077416894,0.11981181621468324,False
1997-08-28 13:00:00,0.36667225,0.17020483,0.13410808,0.2816173067241907,0.11865116097434898,False
1997-08-28 14:00:00,0.29936472,0.1810993,0.14421093,0.24734647157788275,0.11764663246951385,False
1997-08-28 15:00:00,0.20389982,0.18958715,0.15213545,0.1958231646567583,0.11729123904364191,False
1997-08-28 16:00:00,0.1287028,0.17914759,0.14539571,0.14821834588050842,0.11703948732273661,False
1997-08-28 17:00:00,0.0661021,0.16431583,0.13393752,0.10600608229637146,0.11726787518966253,False
1997-08-28 18:00:00,0.018038452,0.15853362,0.12919581,0.07588366530835627,0.11775310200575281,False
1997-08-28 19:00:00,0.00053981633,0.15246952,0.12195812,0.06315846392454114,0.11844239093802023,False
1997-08-28 20:00:00,0.0,0.15366144,0.12104743,0.06323763433098793,0.11914506894258858,False
1997-08-28 21:00:00,0.0,0.15534855,0.12426414,0.06403388026356698,0.11978156643001905,False
1997-08-28 22:00:00,0.0,0.1491859,0.12357188,0.06172247712314129,0.12028323027644848,False
1997-08-28 23:00:00,0.0,0.14644036,0.12076659,0.06055788744986057,0.12065105060222168,False
1997-08-29 00:00:00,0.0,0.14352733,0.11419035,0.05912786315381527,0.12088066108119284,False
1997-08-29 01:00:00,0.0,0.13487293,0.10699212,0.055545684903860096,0.12101467813378741,False
1997-08-29 02:00:00,0.0,0.12751395,0.102424815,0.05258358576893806,0.12108148381732946,False
1997-08-29 03:00:00,0.0,0.13064714,0.10785978,0.05403322210907936,0.12107698650857976,False
1997-08-29 04:00:00,0.0,0.131147,0.111448675,0.054411470443010326,0.1210868353411982,False
1997-08-29 05:00:00,0.0031507292,0.13191704,0.11200583,0.05654367500334047,0.12114021295182949,False
1997-08-29 06:00:00,0.03720641,0.1277679,0.10931425,0.0745174259096384,0.12114315295364939,False
1997-08-29 07:00:00,0.08715145,0.1411545,0.11769769,0.10872807347774505,0.12110740973689824,False
1997-08-29 08:00:00,0.14850153,0.1788515,0.1458741,0.15955878782272337,0.12139654053590493,False
1997-08-29 09:00:00,0.19936575,0.18275093,0.14795616,0.19045876199007034,0.12176029215952924,False
1997-08-29 10:00:00,0.260933,0.15201522,0.12961332,0.21365108503401278,0.122149896151522,False
1997-08-29 11:00:00,0.3170443,0.15756875,0.13382994,0.24830424046516414,0.12210855915255765,False
1997-08-29 12:00:00,0.32315177,0.18183568,0.1493288,0.2616196911633014,0.12145988073042825,False
1997-08-29 13:00:00,0.31293404,0.19033824,0.1554216,0.25919051827490325,0.12060999869677469,False
1997-08-29 14:00:00,0.2960995,0.20361298,0.16711254,0.25500668764114376,0.11923628035216824,False
1997-08-29 15:00:00,0.22376698,0.18830617,0.15601622,0.20702340047061443,0.11791134245552043,False
1997-08-29 16:00:00,0.16028117,0.16824408,0.14064914,0.16215935164690015,0.11686126270298457,False
1997-08-29 17:00:00,0.094405845,0.12693898,0.10860913,0.10717755062878132,0.11608244831159632,False
1997-08-29 18:00:00,0.030311054,0.10707823,0.09447676,0.06210309050790966,0.11541935263649793,False
1997-08-29 19:00:00,0.0007956204,0.10129675,0.08901449,0.04264435731887352,0.1146181822833411,False
1997-08-29 20:00:00,0.0,0.10202777,0.08717515,0.04235570407658815,0.11379368342377588,False
1997-08-29 21:00:00,0.0,0.099183515,0.07881131,0.04085452768206596,0.11297056872851557,False
1997-08-29 22:00:00,0.0,0.10910002,0.08502057,0.044849018789827826,0.11214572749950336,False
1997-08-29 23:00:00,0.0,0.1000826,0.07782377,0.04113296263664961,0.11131365312740549,False
1997-08-30 00:00:00,0.0,0.093365744,0.07138791,0.03830690655112266,0.11047133100416853,False
1997-08-30 01:00:00,0.0,0.082696825,0.06284374,0.033908690482378004,0.10962886552174919,False
1997-08-30 02:00:00,0.0,0.074138544,0.056178052,0.03039073772728443,0.10882344775798142,False
1997-08-30 03:00:00,0.0,0.071388446,0.05300416,0.029204561166465283,0.10803595215722331,False
1997-08-30 04:00:00,0.0,0.06694295,0.04977503,0.027389801144599914,0.10718512258177966,False
1997-08-30 05:00:00,0.0048102,0.06480379,0.04853578,0.02930901476088911,0.10628643940936186,False
1997-08-30 06:00:00,0.06286678,0.06394478,0.04730712,0.06242433842271566,0.10533698870526251,False
1997-08-30 07:00:00,0.14903949,0.09616258,0.07054175,0.12528903322666884,0.10451421171963615,False
1997-08-30 08:00:00,0.24617709,0.10942842,0.08021255,0.1867547470331192,0.10388146884143133,False
1997-08-30 09:00:00,0.32749438,0.10595073,0.077677295,0.23225465147197244,0.10342709743977926,False
1997-08-30 10:00:00,0.3730484,0.11208952,0.08257138,0.26106881206482646,0.10362009467616612,False
1997-08-30 11:00:00,0.37628475,0.10094304,0.07409692,0.25836551377922296,0.10436101922378654,False
1997-08-30 12:00:00,0.3754295,0.09011643,0.06576341,0.25342701315879823,0.10498167259278487,False
1997-08-30 13:00:00,0.31406447,0.08432526,0.061992664,0.21567882618308065,0.10565811264675357,False
1997-08-30 14:00:00,0.26409432,0.07662463,0.05726924,0.1837494525387883,0.10643960758792792,False
1997-08-30 15:00:00,0.2048864,0.0662719,0.05084349,0.14541933653503655,0.10677409636021062,False
1997-08-30 16:00:00,0.14807065,0.061753042,0.048363306,0.11083525509387254,0.1071669928726757,False
1997-08-30 17:00:00,0.086713396,0.058559753,0.046950214,0.0741774898916483,0.10715472275684562,False
1997-08-30 18:00:00,0.02337363,0.057983752,0.047127765,0.037427488356828686,0.10675174003151065,False
1997-08-30 19:00:00,0.00025638036,0.05664247,0.046916965,0.023582518665411042,0.10597946610403959,False
1997-08-30 20:00:00,0.0,0.057460118,0.046765655,0.023728128958493473,0.1051431804471358,False
1997-08-30 21:00:00,0.0,0.059196312,0.048112262,0.024441501270979642,0.10436999077556537,False
1997-08-30 22:00:00,0.0,0.0529259,0.041726857,0.021782907262444494,0.10372868947309324,False
1997-08-30 23:00:00,0.0,0.048999377,0.03788251,0.02012642553448677,0.10313347860003705,False
1997-08-31 00:00:00,0.0,0.045535196,0.034945052,0.01868951999768615,0.10267312308723921,False
1997-08-31 01:00:00,0.0,0.04125883,0.030761551,0.01688563224300742,0.1023256728676788,False
1997-08-31 02:00:00,0.0,0.03618608,0.026502468,0.014783796932548283,0.10208431772256152,False
1997-08-31 03:00:00,0.0,0.03230779,0.023552379,0.013193402487784623,0.10190828411161781,False
1997-08-31 04:00:00,0.0,0.027609248,0.020127144,0.01127467816695571,0.10172374660728381,False
1997-08-31 05:00:00,0.0045060185,0.020496488,0.014941937,0.010970041206572204,0.10153425922940368,False
1997-08-31 06:00:00,0.04840428,0.01737378,0.012665486,0.03502413059957325,0.10133704472511695,False
1997-08-31 07:00:00,0.12084933,0.021124065,0.015399441,0.07835641532391309,0.10133294595863358,False
1997-08-31 08:00:00,0.22034712,0.025978342,0.018938212,0.1377489605434239,0.10151728789811021,False
1997-08-31 09:00:00,0.32905453,0.024140509,0.01759843,0.19972262933664023,0.1021939518985649,False
1997-08-31 10:00:00,0.41730613,0.020642828,0.01504862,0.24921546331979333,0.10361581533929953,False
1997-08-31 11:00:00,0.4659954,0.022568617,0.01645252,0.27809560217708346,0.10569980151928028,False
1997-08-31 12:00:00,0.49324924,0.023224274,0.016930494,0.2940888137537986,0.10858696190857638,False
1997-08-31 13:00:00,0.5031383,0.015651338,0.011409825,0.2967022754512727,0.111600431923056,False
1997-08-31 14:00:00,0.4615165,0.011673667,0.0085101025,0.2710621487107128,0.11495257075875995,False
1997-08-31 15:00:00,0.38557714,0.008336693,0.0060774493,0.22588243306893854,0.11798747319673807,False
1997-08-31 16:00:00,0.27632424,0.0052190884,0.0038047154,0.16157038608705623,0.12036572497563125,False
1997-08-31 17:00:00,0.15052009,0.0024103133,0.0017571185,0.08783437981270252,0.12182771583219679,False
1997-08-31 18:00:00,0.041976415,0.0019922098,0.001452321,0.025033941989298907,0.1223034619950534,False
1997-08-31 19:00:00,0.0005979903,0.005283509,0.0038516778,0.002502645787491929,0.12218738934832313,False
1997-08-31 20:00:00,0.0,0.012837993,0.009358897,0.005242599841207266,0.12193823259378889,False
1997-08-31 21:00:00,0.0,0.024664309,0.017980281,0.01007206516340375,0.12168784492820607,False
1997-08-31 22:00:00,0.0,0.039782416,0.029614544,0.016278896883130074,0.12138904334450246,False
1997-08-31 23:00:00,0.0,0.04630965,0.036067355,0.019035898022353646,0.1211207068006891,False
1997-09-01 00:00:00,0.0,0.052420072,0.04233869,0.021629296012222767,0.12087431101753948,False
1997-09-01 01:00:00,0.0,0.05418809,0.043115515,0.02232364351674914,0.1206541189967805,False
1997-09-01 02:00:00,0.0,0.053353675,0.041733675,0.0219411244019866,0.1204600794673582,False
1997-09-01 03:00:00,0.0,0.049599066,0.037864916,0.02034676095843315,0.12030372560009465,False
1997-09-01 04:00:00,0.0,0.044667844,0.03355505,0.01829440700635314,0.12022252023857191,False
1997-09-01 05:00:00,0.006136416,0.039834347,0.029687641,0.01984271855512634,0.12026404049465539,False
1997-09-01 06:00:00,0.08234563,0.035945136,0.026859546,0.062227597631514066,0.12043226214591171,False
1997-09-01 07:00:00,0.20713548,0.035718583,0.026668802,0.13413744632154703,0.12078228554420395,False
1997-09-01 08:00:00,0.35397884,0.03664271,0.027179006,0.2192346190549433,0.12122907011323208,False
1997-09-01 09:00:00,0.49372846,0.038195305,0.028309416,0.30050409662723543,0.12154572712649192,False
1997-09-01 10:00:00,0.5969899,0.04057973,0.030797025,0.36110014870390295,0.12169008440570664,False
1997-09-01 11:00:00,0.6576472,0.042628508,0.0325345,0.39694921246543524,0.12161243218451029,False
1997-09-01 12:00:00,0.66156894,0.0400049,0.029379388,0.39807357385382053,0.12173649303285006,False
1997-09-01 13:00:00,0.62440777,0.039855793,0.029470747,0.3765814902968705,0.12161678828050448,False
1997-09-01 14:00:00,0.54245704,0.040170096,0.029709069,0.3294247695617378,0.1209250010200364,False
1997-09-01 15:00:00,0.42387223,0.03670715,0.026966756,0.25957542192190886,0.1198745306783797,False
1997-09-01 16:00:00,0.288996,0.034864306,0.02583683,0.18101081620901824,0.11861102487195116,False
1997-09-01 17:00:00,0.14551301,0.03194146,0.023442574,0.09701330570876597,0.11742115512458015,False
1997-09-01 18:00:00,0.035539765,0.02779261,0.02026081,0.03185600131377578,0.11679895844968996,False
1997-09-01 19:00:00,0.00034031336,0.027981354,0.020398408,0.011622994447767269,0.1167288633562445,False
1997-09-01 20:00:00,0.0,0.028674085,0.020903403,0.011709521010518075,0.11685765853208005,False
1997-09-01 21:00:00,0.0,0.024730328,0.018028408,0.010099025253206492,0.11688863978824093,False
1997-09-01 22:00:00,0.0,0.021800917,0.015892869,0.008902753159403802,0.1167955817951982,False
1997-09-01 23:00:00,0.0,0.020323504,0.014815834,0.008299427943304181,0.11654311174303741,False
1997-09-02 00:00:00,0.0,0.019884866,0.014496066,0.008120303001254797,0.11624503976698482,False
1997-09-02 01:00:00,0.0,0.018541541,0.013516782,0.007571734830737114,0.11590607413397386,False
1997-09-02 02:00:00,0.0,0.017824234,0.012993867,0.007278811303898692,0.1155586672265011,False
1997-09-02 03:00:00,0.0,0.02276278,0.016594067,0.009295545134693384,0.11522508054713701,False
1997-09-02 04:00:00,0.0,0.032470025,0.023818726,0.013267650458961725,0.11492921673946996,False
1997-09-02 05:00:00,0.005060645,0.03933945,0.02978577,0.019044680466875432,0.11468933258902264,False
1997-09-02 06:00:00,0.056671206,0.04658002,0.035887785,0.05182525371760129,0.11446066934268126,False
1997-09-02 07:00:00,0.13865736,0.04818159,0.037366122,0.09980207463726401,0.11388944975315884,False
1997-09-02 08:00:00,0.23086187,0.048060033,0.03716749,0.15294849717989561,0.11269405719496292,False
1997-09-02 09:00:00,0.32448792,0.04715391,0.03745285,0.20665177873894572,0.1107601892585135,False
1997-09-02 10:00:00,0.39109844,0.04825249,0.037392378,0.24548815670236943,0.10809909445491757,False
1997-09-02 11:00:00,0.46215454,0.04257639,0.031049378,0.2840505228973925,0.10482039941833801,False
1997-09-02 12:00:00,0.4742668,0.035975188,0.026225911,0.28834298564121125,0.10128693565964991,False
1997-09-02 13:00:00,0.43580985,0.02946916,0.021483017,0.26349648694880307,0.09752375695057042,False
1997-09-02 14:00:00,0.3650483,0.024504267,0.01786361,0.22063957231119272,0.09395823729439931,False
1997-09-02 15:00:00,0.27245674,0.019655451,0.014328825,0.16523415436036884,0.09080065111181526,False
1997-09-02 16:00:00,0.16726977,0.019448198,0.014177738,0.10445663821324706,0.08810104039833397,False
1997-09-02 17:00:00,0.08576493,0.020771991,0.015142781,0.05796893941797315,0.086245005062258,False
1997-09-02 18:00:00,0.021437323,0.022720847,0.016963882,0.02166937750391662,0.0852704341514236,False
1997-09-02 19:00:00,0.00020918422,0.02092351,0.015617401,0.008684814227599418,0.08496794702378549,False
1997-09-02 20:00:00,0.0,0.01647958,0.012013615,0.00672970013692975,0.08485987944315851,False
1997-09-02 21:00:00,0.0,0.013726122,0.010006344,0.005605281497351825,0.08477030850850709,False
1997-09-02 22:00:00,0.0,0.010187759,0.0074268756,0.004160334379412233,0.08474248621318686,False
1997-09-02 23:00:00,0.0,0.011578934,0.008441045,0.004728443171828986,0.08478104855780687,False
1997-09-03 00:00:00,0.0,0.0131228985,0.009566594,0.0053589456276968124,0.08486184674079261,False
1997-09-03 01:00:00,0.0,0.0138310045,0.010082802,0.005648111958056689,0.08495297918279386,False
1997-09-03 02:00:00,0.0,0.01451875,0.010584168,0.0059289637925103306,0.08503550621677852,False
1997-09-03 03:00:00,0.0,0.015048506,0.010970362,0.006145298190414906,0.08509183141481327,False
1997-09-03 04:00:00,0.0,0.016602674,0.01210335,0.006779967784881592,0.08508811934056423,False
1997-09-03 05:00:00,0.003157875,0.017251164,0.0125761,0.008866882730741052,0.08500571723989407,False
1997-09-03 06:00:00,0.047157556,0.018608669,0.013565719,0.03480905733443797,0.08484507075022792,False
1997-09-03 07:00:00,0.11766538,0.021708425,0.015838338,0.07675860352814197,0.08442397015934541,False
1997-09-03 08:00:00,0.20123887,0.025181202,0.018560484,0.1264089581053704,0.08390027831103694,False
1997-09-03 09:00:00,0.28010088,0.027296014,0.020020517,0.17277154605463146,0.08334851755928291,False
1997-09-03 10:00:00,0.33819938,0.021001559,0.015410578,0.20372278694808482,0.08284826087925315,False
1997-09-03 11:00:00,0.37917146,0.020921338,0.015574913,0.227342952048406,0.08233948917225976,False
1997-09-03 12:00:00,0.36276639,0.01981796,0.015036381,0.21744099581800402,0.08171144455062888,False
1997-09-03 13:00:00,0.34317243,0.018155392,0.013457674,0.2054365468006581,0.08097308960678098,False
1997-09-03 14:00:00,0.2964122,0.016717501,0.01225992,0.17786063279770312,0.08043537100956351,False
1997-09-03 15:00:00,0.21335734,0.016839033,0.012468831,0.1299941076748073,0.08015814075068767,False
1997-09-03 16:00:00,0.14752103,0.01662731,0.012333448,0.09192112007737159,0.07999423318469628,False
1997-09-03 17:00:00,0.07571777,0.01599465,0.011902284,0.05023390198871493,0.08022107872080565,False
1997-09-03 18:00:00,0.018587979,0.016162382,0.011989564,0.017336619187146424,0.08032980000119852,False
1997-09-03 19:00:00,0.00013147488,0.0155683225,0.011392196,0.006435750577671569,0.08030663005965803,False
1997-09-03 20:00:00,0.0,0.018139463,0.0132713765,0.007410116147249937,0.08025853530095689,False
1997-09-03 21:00:00,0.0,0.02146005,0.015644377,0.008763555077835916,0.08023808610851907,False
1997-09-03 22:00:00,0.0,0.026333597,0.019197196,0.010753745701164006,0.08025608493852691,False
1997-09-03 23:00:00,0.0,0.029653117,0.022884084,0.012177740726619958,0.08030896182212077,False
1997-09-04 00:00:00,0.0,0.030374367,0.023824424,0.012494660217314957,0.08035344958485136,False
1997-09-04 01:00:00,0.0,0.02812843,0.021363735,0.011533032462000848,0.08036142714588701,False
1997-09-04 02:00:00,0.0,0.02438869,0.0182036,0.009982420809566975,0.08031969518266183,False
1997-09-04 03:00:00,0.0,0.022194942,0.017174663,0.009117365570738912,0.08025073744347233,False
1997-09-04 04:00:00,0.0,0.022617245,0.017899744,0.009312349626794458,0.08018084302442063,False
1997-09-04 05:00:00,0.0024265945,0.02411553,0.019164316,0.011333648962900043,0.08010088599999349,False
1997-09-04 06:00:00,0.03638146,0.025708122,0.021000471,0.031612425355240704,0.08000990184168341,False
1997-09-04 07:00:00,0.10937646,0.027914848,0.023223506,0.0746648659184575,0.08000487779384335,False
1997-09-04 08:00:00,0.19777718,0.029802699,0.024987988,0.12646398109570145,0.080506003915864,False
1997-09-04 09:00:00,0.2917776,0.034523897,0.028601088,0.18263945809751747,0.0814562863775142,False
1997-09-04 10:00:00,0.35659653,0.036803227,0.032046787,0.22106711476668714,0.0828903957486891,False
1997-09-04 11:00:00,0.41183776,0.03919196,0.03355855,0.2539043810591101,0.08452955946332863,False
1997-09-04 12:00:00,0.40753698,0.042786513,0.036386773,0.2529019483365118,0.08597209583951249,False
1997-09-04 13:00:00,0.38251257,0.040961213,0.03447322,0.23768599428236484,0.08730716570758582,False
1997-09-04 14:00:00,0.33426175,0.035307992,0.02657118,0.20733251988515258,0.08844128191712478,False
1997-09-04 15:00:00,0.25066924,0.031170994,0.02274708,0.1573665911927819,0.08927922274264284,False
1997-09-04 16:00:00,0.18060488,0.027268684,0.019890126,0.11534522394649684,0.09008060105264121,False
1997-09-04 17:00:00,0.091679566,0.025194192,0.018366566,0.06318756087683142,0.09045214606998889,False
1997-09-04 18:00:00,0.021130113,0.02048443,0.014933152,0.02055722030997276,0.09065504455177202,False
1997-09-04 19:00:00,8.036017e-05,0.015500551,0.011299901,0.006376265809944015,0.09071757732509103,False
1997-09-04 20:00:00,0.0,0.014075949,0.010261366,0.00574813889991492,0.09075705233523725,False
1997-09-04 21:00:00,0.0,0.015841734,0.0115486225,0.006469225337728857,0.09074714392649577,False
1997-09-04 22:00:00,0.0,0.016402993,0.011957782,0.006698424791917204,0.09070824254611609,False
1997-09-04 23:00:00,0.0,0.016808098,0.012253103,0.00686385578289628,0.0906896097520842,False
1997-09-05 00:00:00,0.0,0.014060594,0.010250173,0.005741868557408452,0.09063281399190994,False
1997-09-05 01:00:00,0.0,0.008925762,0.0065068803,0.003644977723248303,0.09056535166693022,False
1997-09-05 02:00:00,0.0,0.0064133457,0.0046753287,0.002618992311414331,0.09052632084307363,False
1997-09-05 03:00:00,0.0,0.006833003,0.0049812593,0.00279036607593298,0.09054937971609281,False
1997-09-05 04:00:00,0.0,0.0072043967,0.0052520046,0.0029420306123793126,0.09061755449306322,False
1997-09-05 05:00:00,0.0028054311,0.007054724,0.005142894,0.0044996431318577385,0.09072239330776603,False
1997-09-05 06:00:00,0.054704502,0.0073546898,0.005361569,0.03456790303811431,0.09085363778318575,False
1997-09-05 07:00:00,0.16778594,0.009795547,0.007140954,0.10081265738513319,0.09118025569398408,False
1997-09-05 08:00:00,0.2891403,0.012705649,0.009262418,0.17202251626458015,0.09165840735028327,False
1997-09-05 09:00:00,0.4081412,0.014965315,0.010909714,0.2416087958710268,0.09238474570119584,False
1997-09-05 10:00:00,0.47690824,0.017696362,0.01290065,0.28240264525078235,0.09328461397561386,False
1997-09-05 11:00:00,0.50244373,0.016344812,0.011915368,0.2965846981052309,0.09449598217606064,False
1997-09-05 12:00:00,0.4770454,0.01535182,0.011191475,0.28152434948552396,0.09555182726345476,False
1997-09-05 13:00:00,0.44072586,0.013652708,0.009952825,0.25987412485852834,0.09671653594850703,False
1997-09-05 14:00:00,0.36779004,0.0143668605,0.010473442,0.21808179242257028,0.09813509287993565,False
1997-09-05 15:00:00,0.27975255,0.01724689,0.012572982,0.16846026655472815,0.09976882344707366,False
1997-09-05 16:00:00,0.17512655,0.021322196,0.015543882,0.1097552809100598,0.10128811591915926,False
1997-09-05 17:00:00,0.087006725,0.02392498,0.017441312,0.059973029114305965,0.10242473864828842,False
1997-09-05 18:00:00,0.018675886,0.023415774,0.0170701,0.02033819230645895,0.10340517305161634,False
1997-09-05 19:00:00,3.9906357e-05,0.020343332,0.014830291,0.008330551064689643,0.10426091320352769,False
1997-09-05 20:00:00,0.0,0.016981121,0.012379237,0.006934512527659535,0.10517537861270855,False
1997-09-05 21:00:00,0.0,0.01688752,0.012311002,0.006896288819611073,0.10609419427433775,False
1997-09-05 22:00:00,0.0,0.024143469,0.017600587,0.009859371587634086,0.10700772895506841,False
1997-09-05 23:00:00,0.0,0.023144787,0.016872551,0.009451544238254428,0.10797043703607076,False
1997-09-06 00:00:00,0.0,0.02266709,0.016524307,0.009256468618288636,0.10893116218544335,False
1997-09-06 01:00:00,0.0,0.023654155,0.01724388,0.009659552916884423,0.1099091362637121,False
1997-09-06 02:00:00,0.0,0.027155166,0.019796116,0.011089246714487673,0.11094157157430917,False
1997-09-06 03:00:00,0.0,0.03033983,0.022117736,0.012389754865318537,0.11201468465695533,False
1997-09-06 04:00:00,0.0,0.035126854,0.025607476,0.01434461273252964,0.11311199956745284,False
1997-09-06 05:00:00,0.0022429102,0.040008534,0.029186586,0.017633383783046155,0.1142190635540467,False
1997-09-06 06:00:00,0.04813398,0.04775346,0.035106506,0.04729008507356047,0.11532210624574776,False
1997-09-06 07:00:00,0.12772372,0.05848514,0.043306306,0.09761614542081952,0.11627602941666823,False
1997-09-06 08:00:00,0.22639228,0.07476287,0.05763655,0.16132822193950416,0.11674393713398387,False
1997-09-06 09:00:00,0.32580355,0.091631316,0.07467653,0.22583313526958226,0.11698642148686511,False
1997-09-06 10:00:00,0.406558,0.10751766,0.09175559,0.279212788388133,0.11713592420931455,False
1997-09-06 11:00:00,0.4417045,0.1197556,0.10243749,0.3045849452540278,0.11710676080141542,False
1997-09-06 12:00:00,0.4379546,0.13502093,0.11639697,0.3088079652190209,0.11700223980760373,False
1997-09-06 13:00:00,0.42704064,0.14257163,0.12528424,0.30577672699093816,0.11725298700450393,False
1997-09-06 14:00:00,0.38707995,0.14972128,0.13257965,0.2857515871077776,0.11766983400649794,False
1997-09-06 15:00:00,0.29055882,0.15006514,0.13455847,0.23029262985289095,0.1182658549488772,False
1997-09-06 16:00:00,0.19241111,0.14075778,0.12856078,0.16990311494469643,0.11892769074984996,False
1997-09-06 17:00:00,0.09926088,0.12617606,0.11881329,0.11024841223657131,0.11982764469915395,False
1997-09-06 18:00:00,0.01870032,0.120831065,0.11585185,0.061632747601717705,0.12070246002068138,False
1997-09-06 19:00:00,1.8930308e-05,0.11948442,0.11425801,0.05027060545062523,0.1216094217761592,False
1997-09-06 20:00:00,0.0,0.11837585,0.11427039,0.049851290658116346,0.12257757689386457,False
1997-09-06 21:00:00,0.0,0.11952037,0.11510874,0.050318890012800696,0.12357579984808657,False
1997-09-06 22:00:00,0.0,0.12579913,0.120158,0.05290841268002987,0.12457121612936575,False
1997-09-06 23:00:00,0.0,0.12609856,0.11941287,0.052978662952780725,0.12554508782796878,False
1997-09-07 00:00:00,0.0,0.12539622,0.11876701,0.05268462431430816,0.12653240196501686,False
1997-09-07 01:00:00,0.0,0.12664646,0.11980239,0.05320187263190746,0.12755158175727668,False
1997-09-07 02:00:00,0.0,0.12889461,0.1215983,0.054128420278429984,0.12861555369584204,False
1997-09-07 03:00:00,0.0,0.13215071,0.12403463,0.05546148177981376,0.12971974414146356,False
1997-09-07 04:00:00,0.0,0.13380964,0.124173045,0.05608110196888447,0.13090362948041262,False
1997-09-07 05:00:00,0.0016583755,0.13494882,0.1239388,0.05744569233350921,0.13211732256926445,False
1997-09-07 06:00:00,0.038824562,0.13855329,0.1264496,0.08035621524229646,0.13333738382515745,False
1997-09-07 07:00:00,0.10493625,0.15030344,0.13448228,0.1232722278162837,0.1345282978122706,False
1997-09-07 08:00:00,0.19478555,0.17114437,0.15033762,0.1836617652028799,0.13578879921912462,False
1997-09-07 09:00:00,0.288283,0.19896097,0.16720447,0.24878492654860018,0.13733487417500403,False
1997-09-07 10:00:00,0.35830754,0.17923693,0.15038745,0.2810028016716242,0.13897845328628333,False
1997-09-07 11:00:00,0.36864573,0.19028807,0.16005202,0.2915676904022693,0.14028498947370116,False
1997-09-07 12:00:00,0.363671,0.20208961,0.16946259,0.29356021493673323,0.14167065535747697,False
1997-09-07 13:00:00,0.3380483,0.20449068,0.17355272,0.27988278095424174,0.1434147125788151,False
1997-09-07 14:00:00,0.2932671,0.18678215,0.15839012,0.24669079765677454,0.1452166682700434,False
1997-09-07 15:00:00,0.22299576,0.1724762,0.1465947,0.20022838500142096,0.14711375058114468,False
1997-09-07 16:00:00,0.15593547,0.15155698,0.13062555,0.1529530704766512,0.14884174602616518,False
1997-09-07 17:00:00,0.0750789,0.14087856,0.1233232,0.1019641645476222,0.15032820931556262,False
1997-09-07 18:00:00,0.014110973,0.13337077,0.120676115,0.06387235656939447,0.15158831835086084,False
1997-09-07 19:00:00,7.0016204e-06,0.13090962,0.120227896,0.054801996714547385,0.1527398755288646,False
1997-09-07 20:00:00,0.0,0.13094845,0.120911755,0.05484921433031559,0.15387944671706932,False
1997-09-07 21:00:00,0.0,0.13046716,0.12099792,0.05467627032101154,0.1549865887035586,False
1997-09-07 22:00:00,0.0,0.13507782,0.12521292,0.05660521312057972,0.15609630436040164,False
1997-09-07 23:00:00,0.0,0.13562754,0.12585299,0.05684262281656265,0.1570563616348401,False
1997-09-08 00:00:00,0.0,0.13874294,0.12927693,0.05817709864675999,0.1580061359876737,False
1997-09-08 01:00:00,0.0,0.14482401,0.13500269,0.060730205968022345,0.15892398068457547,False
1997-09-08 02:00:00,0.0,0.15287788,0.14219351,0.06409038810431958,0.15979304355997298,False
1997-09-08 03:00:00,0.0,0.16543001,0.15134403,0.06921625113487244,0.16063809581994715,False
1997-09-08 04:00:00,0.0,0.1736716,0.15772332,0.07260188099741936,0.16142716823760123,False
1997-09-08 05:00:00,0.0016480318,0.18007796,0.16290082,0.07619632406590972,0.16217418984844983,False
1997-09-08 06:00:00,0.04455872,0.18857194,0.16963941,0.1044539564549923,0.16291477128305556,False
1997-09-08 07:00:00,0.11689978,0.21763633,0.19187468,0.1581202129498124,0.1637795421395863,False
1997-09-08 08:00:00,0.20081897,0.288365,0.24556641,0.23553981982171535,0.16531334355164093,False
1997-09-08 09:00:00,0.29233912,0.32795218,0.27835017,0.3047249326109886,0.16737783438713372,False
1997-09-08 10:00:00,0.36122966,0.32176206,0.27345952,0.34192652538418766,0.16959408521560104,False
1997-09-08 11:00:00,0.41275346,0.32065916,0.27064684,0.37109690767526626,0.17154120876082302,False
1997-09-08 12:00:00,0.44043484,0.33368242,0.28264806,0.3925227118432522,0.17436806021445514,False
1997-09-08 13:00:00,0.43644574,0.3390367,0.28401598,0.39227060016989707,0.1777586613806687,False
1997-09-08 14:00:00,0.40417796,0.34631324,0.29280126,0.3768115380406379,0.18173761302513153,False
1997-09-08 15:00:00,0.31491292,0.31727958,0.26769435,0.3132364112138748,0.18604636943931155,False
1997-09-08 16:00:00,0.20939426,0.29012305,0.24773075,0.2412533528357744,0.19018971877266738,False
1997-09-08 17:00:00,0.10053967,0.27145928,0.23247744,0.17073364593088627,0.1939421151261878,False
1997-09-08 18:00:00,0.016986623,0.2578168,0.22170027,0.11690749214589595,0.19725731507037847,False
1997-09-08 19:00:00,1.6423555e-06,0.25265288,0.21741039,0.1049700224844537,0.20010409896554043,False
1997-09-08 20:00:00,0.0,0.24781345,0.21390636,0.10299410600960254,0.2026102641615299,False
1997-09-08 21:00:00,0.0,0.24917202,0.21556976,0.10358524154126643,0.20471599481899566,False
1997-09-08 22:00:00,0.0,0.23786244,0.20777634,0.09899116185307502,0.2064141373354224,False
1997-09-08 23:00:00,0.0,0.23682882,0.20699996,0.0985678318887949,0.20745963199708886,False
1997-09-09 00:00:00,0.0,0.23236032,0.20370764,0.09674116976559162,0.20845571385596223,False
1997-09-09 01:00:00,0.0,0.22785905,0.20068336,0.09491689065098763,0.20940541457377648,False
1997-09-09 02:00:00,0.0,0.22725785,0.20060709,0.0946909287571907,0.21027724958204005,False
1997-09-09 03:00:00,0.0,0.22397031,0.1979984,0.09333695782721042,0.21110912779804591,False
1997-09-09 04:00:00,0.0,0.22056168,0.19538663,0.09193813928961754,0.21180891132161295,False
1997-09-09 05:00:00,0.0013025319,0.22133192,0.19575112,0.09299360119458289,0.21233592134334422,False
1997-09-09 06:00:00,0.039386567,0.23810421,0.20886508,0.12186521635577081,0.21273033639265101,False
1997-09-09 07:00:00,0.12712021,0.2975703,0.2544981,0.1968946955949068,0.2129152574874107,False
1997-09-09 08:00:00,0.22212608,0.3722571,0.3190315,0.28275732530653475,0.21317288438413481,False
1997-09-09 09:00:00,0.320094,0.41069785,0.35043016,0.355164966315031,0.21382946838217665,False
1997-09-09 10:00:00,0.36864093,0.38928288,0.33543578,0.37446473184227946,0.2140056510421404,False
1997-09-09 11:00:00,0.40671504,0.46331194,0.40036812,0.42725656017661096,0.21429614310056155,False
1997-09-09 12:00:00,0.4197081,0.5149648,0.4465829,0.4563090709149837,0.21436754441164618,False
1997-09-09 13:00:00,0.40839547,0.5657604,0.49004993,0.4708724598884582,0.21418356880883563,False
1997-09-09 14:00:00,0.35942143,0.5907909,0.5207979,0.4535111055374145,0.21373778735314994,False
1997-09-09 15:00:00,0.27963385,0.5722199,0.4928014,0.3991091530025005,0.21277235248091508,False
1997-09-09 16:00:00,0.1962648,0.5299186,0.4496914,0.33306809544563293,0.21197726240471193,False
1997-09-09 17:00:00,0.09440426,0.49844894,0.42027494,0.26109376186877487,0.21116304519023932,False
1997-09-09 18:00:00,0.014475893,0.46429345,0.38594648,0.20051798353716732,0.21011420085525948,False
1997-09-09 19:00:00,1.1525302e-07,0.4237333,0.3470421,0.1750979261220423,0.20902701406419852,False
1997-09-09 20:00:00,0.0,0.3772152,0.30984953,0.15592428588867185,0.2079166217695339,False
1997-09-09 21:00:00,0.0,0.32898292,0.2739336,0.13618711110949516,0.20675305124906584,False
1997-09-09 22:00:00,0.0,0.25699452,0.22144409,0.10678895688056946,0.20548508547408267,False
1997-09-09 23:00:00,0.0,0.2519407,0.2164525,0.10465455204248428,0.20424992241266876,False
1997-09-10 00:00:00,0.0,0.24962711,0.21574682,0.10376273310184479,0.20293211335850642,False
1997-09-10 01:00:00,0.0,0.24677353,0.21331213,0.10257828636467457,0.20160530415618555,False
1997-09-10 02:00:00,0.0,0.2504407,0.21496165,0.10402054247260094,0.20030213320184262,False
1997-09-10 03:00:00,0.0,0.24754046,0.21228576,0.10280586026608944,0.19897961400424824,False
1997-09-10 04:00:00,0.0,0.23553333,0.2034549,0.09789836204051972,0.19764648355332898,False
1997-09-10 05:00:00,0.0012391717,0.22700493,0.19719306,0.09512824643263593,0.19631646794056284,False
1997-09-10 06:00:00,0.041582253,0.21454938,0.18830535,0.11333016900345683,0.19500929704145573,False
1997-09-10 07:00:00,0.11652749,0.24846898,0.2141646,0.17048630399256942,0.19374621999271568,False
1997-09-10 08:00:00,0.22695127,0.328219,0.27763256,0.26705585172772406,0.19228754589047017,False
1997-09-10 09:00:00,0.29455438,0.34527883,0.29288766,0.31318170028924935,0.19053285112208732,False
1997-09-10 10:00:00,0.37064925,0.3425865,0.28872433,0.355870144188404,0.1887000085751065,False
1997-09-10 11:00:00,0.38770467,0.36324283,0.31077722,0.3745241706073284,0.18767761413202044,False
1997-09-10 12:00:00,0.41653916,0.34585848,0.29124084,0.3836918829083443,0.18594072026627495,False
1997-09-10 13:00:00,0.40034834,0.3377992,0.2819296,0.37087309029698373,0.18366461548636093,False
1997-09-10 14:00:00,0.35371915,0.30520642,0.25469536,0.3304706641733646,0.18071505425226297,False
1997-09-10 15:00:00,0.29363,0.25493374,0.21438932,0.2750720875561237,0.17724746542447292,False
1997-09-10 16:00:00,0.20452762,0.20263687,0.17380533,0.20217092654109,0.1735935606672433,False
1997-09-10 17:00:00,0.09625071,0.15576996,0.13654336,0.12038911785185337,0.16978190595051318,False
1997-09-10 18:00:00,0.014699859,0.13490584,0.11963798,0.06472252617496997,0.16599540467917343,False
1997-09-10 19:00:00,0.0,0.12385685,0.11051879,0.051671192340552806,0.16249879263785788,False
1997-09-10 20:00:00,0.0,0.11293036,0.10132258,0.04714272102713585,0.15940499279105036,False
1997-09-10 21:00:00,0.0,0.10228144,0.09224138,0.04272288434207439,0.15677339738576604,False
1997-09-10 22:00:00,0.0,0.09525498,0.08433791,0.03970333490520716,0.15464120363506417,False
1997-09-10 23:00:00,0.0,0.084738456,0.07489828,0.035312997289001946,0.15321928313623112,False
1997-09-11 00:00:00,0.0,0.079374075,0.069727674,0.03305432805418968,0.15192069676441072,False
1997-09-11 01:00:00,0.0,0.07778547,0.06781197,0.032364684842526914,0.15072878469775364,False
1997-09-11 02:00:00,0.0,0.07515689,0.06439102,0.031210007272660732,0.14964424566847204,False
1997-09-11 03:00:00,0.0,0.07079069,0.059720933,0.02934669618308544,0.14859425218232838,False
1997-09-11 04:00:00,0.0,0.0678339,0.05679038,0.0280973898768425,0.14761735153214006,False
1997-09-11 05:00:00,0.001174457,0.07146561,0.059276402,0.030249398037442005,0.14679272436086951,False
1997-09-11 06:00:00,0.048957463,0.079871066,0.06512293,0.06123751801624894,0.14610214335578348,False
1997-09-11 07:00:00,0.15681581,0.08828906,0.0706843,0.12687833868712187,0.1457020701453075,False
1997-09-11 08:00:00,0.27663073,0.09450769,0.07486498,0.1985319764241576,0.14534713827374554,False
1997-09-11 09:00:00,0.39312232,0.09792305,0.07821006,0.2671885240599513,0.14456717115165518,False
1997-09-11 10:00:00,0.49383435,0.09778351,0.080838226,0.3253897985741496,0.14470460152958065,False
1997-09-11 11:00:00,0.5376124,0.08186918,0.06432566,0.3438856546208262,0.14479781407511957,False
1997-09-11 12:00:00,0.5515193,0.070024855,0.05537497,0.34705604147911073,0.14537105932232466,False
1997-09-11 13:00:00,0.52839696,0.059440404,0.045832653,0.32929352065175765,0.14574685762782125,False
1997-09-11 14:00:00,0.45684358,0.05736331,0.04261171,0.28706684180349107,0.14575721164690184,False
1997-09-11 15:00:00,0.34731877,0.05707388,0.041824695,0.22372172465547918,0.14521044884674725,False
1997-09-11 16:00:00,0.21991777,0.0568299,0.041590378,0.15010866904258727,0.14428327970538762,False
1997-09-11 17:00:00,0.09564848,0.058916435,0.044673372,0.07934170084446668,0.14322316566131243,False
1997-09-11 18:00:00,0.012747877,0.06092628,0.052653383,0.03268060555402189,0.14253878010520565,False
1997-09-11 19:00:00,0.0,0.0640083,0.05511981,0.026595533475279806,0.14232638801773279,False
1997-09-11 20:00:00,0.0,0.07169672,0.058363266,0.02960770643502474,0.1422998336274104,False
1997-09-11 21:00:00,0.0,0.08241813,0.06350966,0.03384181107580662,0.14239153031398746,False
1997-09-11 22:00:00,0.0,0.09395109,0.07164482,0.03853677293658256,0.14260551653568837,False
1997-09-11 23:00:00,0.0,0.10311962,0.07909753,0.04232240619510412,0.14303297069109247,False
1997-09-12 00:00:00,0.0,0.113101535,0.089194216,0.046550953902304175,0.1436092228363195,False
1997-09-12 01:00:00,0.0,0.12202913,0.10169746,0.05052041295915842,0.1443007433512175,False
1997-09-12 02:00:00,0.0,0.12865129,0.11386164,0.0536208551377058,0.14502121995947526,False
1997-09-12 03:00:00,0.0,0.13382089,0.121013336,0.055914629057049754,0.14574560420260968,False
1997-09-12 04:00:00,0.0,0.13949199,0.12673543,0.05831625781953335,0.1464583789999524,False
1997-09-12 05:00:00,0.0011410913,0.14677899,0.1326019,0.06198035818850622,0.14715170090598256,False
1997-09-12 06:00:00,0.047014184,0.16056788,0.14351709,0.09412665490061044,0.1478054406904472,False
1997-09-12 07:00:00,0.14622678,0.16551527,0.14817753,0.1534495741575956,0.1482113115764235,False
1997-09-12 08:00:00,0.2626955,0.18747373,0.16415417,0.2296174298673868,0.14812899448163927,False
1997-09-12 09:00:00,0.37536293,0.248734,0.21131669,0.31977835842967034,0.14788431735290336,False
1997-09-12 10:00:00,0.45793524,0.23140576,0.19864784,0.36034434637427326,0.14752103740287445,False
1997-09-12 11:00:00,0.5066984,0.264537,0.22334802,0.4020399424731731,0.14661523703532414,False
1997-09-12 12:00:00,0.5065129,0.26437515,0.22070073,0.40173020157217976,0.14599299502310772,False
1997-09-12 13:00:00,0.45598,0.26178843,0.2161054,0.3713700832128524,0.14580346568798144,False
1997-09-12 14:00:00,0.3689627,0.2205178,0.18450928,0.3042260497659445,0.14575964223050322,False
1997-09-12 15:00:00,0.27518383,0.17287688,0.14806171,0.2305679687708616,0.14627826207286487,False
1997-09-12 16:00:00,0.16330263,0.13696648,0.12072598,0.1512854524254799,0.14738292816506507,False
1997-09-12 17:00:00,0.061764643,0.12434293,0.11144204,0.08753861115872859,0.1485257043308435,False
1997-09-12 18:00:00,0.0065402924,0.12167542,0.108439416,0.05452770597627386,0.149639078499052,False
1997-09-12 19:00:00,0.0,0.12095685,0.106731534,0.05039658160507679,0.15062810350199896,False
1997-09-12 20:00:00,0.0,0.12412787,0.10631439,0.05154416198283434,0.15153019953043861,False
1997-09-12 21:00:00,0.0,0.12751299,0.110035725,0.05299422298371792,0.15232872003353864,False
1997-09-12 22:00:00,0.0,0.1451902,0.1230732,0.060221134364604946,0.15304867234676806,False
1997-09-12 23:00:00,0.0,0.15176709,0.12909341,0.06297310025990009,0.15384744391441077,False
1997-09-13 00:00:00,0.0,0.159404,0.13754146,0.06624731276929378,0.15451321176523075,False
1997-09-13 01:00:00,0.0,0.16041595,0.14359403,0.06694756203889847,0.1550702791562277,False
1997-09-13 02:00:00,0.0,0.15789886,0.14288467,0.06598045094311238,0.15555636535575346,False
1997-09-13 03:00:00,0.0,0.15210152,0.13767457,0.06355988645553588,0.15601222810977802,False
1997-09-13 04:00:00,0.0,0.14675301,0.13379592,0.06137684136629105,0.15638405389981075,False
1997-09-13 05:00:00,0.0005571619,0.14650565,0.13420072,0.06162890769174556,0.15665186689598218,False
1997-09-13 06:00:00,0.028307669,0.15390573,0.14064036,0.08071932054311037,0.15680183593276642,False
1997-09-13 07:00:00,0.09477748,0.16319528,0.14854543,0.12292711813747882,0.15683049154219283,False
1997-09-13 08:00:00,0.17610985,0.20462003,0.17902404,0.186787474244833,0.15706914022347335,False
1997-09-13 09:00:00,0.25957268,0.24077116,0.20616832,0.24975108645856378,0.15782797880284244,False
1997-09-13 10:00:00,0.31226447,0.2451588,0.20872557,0.281911380931735,0.15814016016634558,False
1997-09-13 11:00:00,0.35262907,0.2666443,0.22517261,0.3140180380344391,0.1578316532336151,False
1997-09-13 12:00:00,0.37605622,0.29200095,0.244923,0.3379586333930492,0.15702334333987042,False
1997-09-13 13:00:00,0.3445078,0.30983132,0.2607635,0.3271899946928024,0.15605855668801571,False
1997-09-13 14:00:00,0.30966237,0.3216512,0.27029845,0.3119605942368507,0.15513505104991054,False
1997-09-13 15:00:00,0.2523354,0.31650457,0.26588863,0.27674569708108904,0.15480484531757488,False
1997-09-13 16:00:00,0.16606432,0.26297724,0.22415201,0.20496192499995233,0.15484561242225026,False
1997-09-13 17:00:00,0.078383,0.21028817,0.18445069,0.13278366091847418,0.15512221816771732,False
1997-09-13 18:00:00,0.010410719,0.17751506,0.1600697,0.08015380569547416,0.15550563422683383,False
1997-09-13 19:00:00,0.0,0.16711435,0.15242498,0.06989614284038544,0.15566153529547105,False
1997-09-13 20:00:00,0.0,0.16233496,0.14879794,0.06793669058382511,0.15576110275816124,False
1997-09-13 21:00:00,0.0,0.16343002,0.14988601,0.06839952211081982,0.15581940082674794,False
1997-09-13 22:00:00,0.0,0.18410286,0.16562688,0.07687780818343162,0.15583503525266373,False
1997-09-13 23:00:00,0.0,0.17782064,0.16043422,0.07427926303446293,0.1557715254996898,False
1997-09-14 00:00:00,0.0,0.17543918,0.15839133,0.07329018867015838,0.15560351385204071,False
1997-09-14 01:00:00,0.0,0.17678618,0.1596009,0.07385255053639411,0.1553139491801145,False
1997-09-14 02:00:00,0.0,0.18079773,0.16273901,0.07550226733088493,0.15496406615786204,False
1997-09-14 03:00:00,0.0,0.17659445,0.15923916,0.07376226697862148,0.15460329544851506,False
1997-09-14 04:00:00,0.0,0.17020887,0.15489274,0.07117128163576125,0.15427432771939736,False
1997-09-14 05:00:00,0.0007377922,0.16438246,0.14992665,0.06917887195415096,0.153979661815613,False
1997-09-14 06:00:00,0.045766167,0.16520265,0.15065312,0.0955021241530776,0.15368122184652747,False
1997-09-14 07:00:00,0.15456645,0.18136038,0.16292386,0.16490471085906028,0.15353917309172052,False
1997-09-14 08:00:00,0.27872193,0.25321102,0.21822707,0.266041681677103,0.15393629595695285,False
1997-09-14 09:00:00,0.3962233,0.25569952,0.21831657,0.33476306387782095,0.1547404933791816,False
1997-09-14 10:00:00,0.44938782,0.20725352,0.18079065,0.34553601360321046,0.15585522915232528,False
1997-09-14 11:00:00,0.4803373,0.20688932,0.18044986,0.3632410675734281,0.15747481008770164,False
1997-09-14 12:00:00,0.45674783,0.22085747,0.19223218,0.35542044228315345,0.159146928919438,False
1997-09-14 13:00:00,0.40428394,0.22554971,0.19522472,0.3270418125838041,0.1604025684870988,False
1997-09-14 14:00:00,0.3442712,0.21578155,0.18719058,0.2883761746138334,0.16137819117458757,False
1997-09-14 15:00:00,0.2627557,0.1942059,0.17134778,0.23252478979527946,0.16174609597892411,False
1997-09-14 16:00:00,0.16569966,0.16493846,0.14984316,0.16456252820789813,0.16131236985228556,False
1997-09-14 17:00:00,0.07787223,0.14551502,0.13546778,0.10594258199632167,0.16062912094154308,False
1997-09-14 18:00:00,0.009026155,0.13531579,0.12724702,0.06201095727086067,0.15991390306358758,False
1997-09-14 19:00:00,0.0,0.13142377,0.123712,0.05517581981420517,0.1593301528002072,False
1997-09-14 20:00:00,0.0,0.12950805,0.12137036,0.05434246927499771,0.15886196040212475,False
1997-09-14 21:00:00,0.0,0.12815794,0.11952582,0.05374467542767525,0.15841253681191542,False
1997-09-14 22:00:00,0.0,0.1365372,0.12574892,0.05717266622185707,0.15797161267967263,False
1997-09-14 23:00:00,0.0,0.13095218,0.121984944,0.054908541172742846,0.15745058601525913,False
1997-09-15 00:00:00,0.0,0.12514007,0.11428745,0.052348208516836164,0.15696875503276775,False
1997-09-15 01:00:00,0.0,0.11984474,0.109823465,0.050153176970779895,0.15651890596318357,False
1997-09-15 02:00:00,0.0,0.11623191,0.10692374,0.048663456894457335,0.1560526828192111,False
1997-09-15 03:00:00,0.0,0.11405455,0.105246395,0.04776943545788526,0.15553941554799044,False
1997-09-15 04:00:00,0.0,0.1128695,0.103408,0.047232877984642985,0.15504164415262006,False
1997-09-15 05:00:00,0.0005857158,0.1124085,0.10161289,0.04730378917563939,0.1545903420465935,False
1997-09-15 06:00:00,0.045510594,0.11401111,0.10317164,0.07390098031237721,0.154187638988357,False
1997-09-15 07:00:00,0.15935943,0.119570434,0.10957661,0.14198901566863056,0.1537766312162348,False
1997-09-15 08:00:00,0.29809725,0.12758644,0.116804436,0.22538895051181315,0.15338289245096526,False
1997-09-15 09:00:00,0.42494363,0.13895187,0.1257906,0.3032584035694599,0.15265456774895572,False
1997-09-15 10:00:00,0.5226793,0.13934395,0.123099566,0.3596512658298015,0.1521573268138139,False
1997-09-15 11:00:00,0.57205474,0.15431534,0.13447769,0.39427974195778365,0.1526303273843247,False
1997-09-15 12:00:00,0.56391996,0.17522638,0.15164782,0.3982293326407671,0.1534577548206119,False
1997-09-15 13:00:00,0.5201047,0.17759475,0.1553149,0.3740198836922645,0.15456496868704317,False
1997-09-15 14:00:00,0.44782504,0.1709565,0.1507782,0.3296200248450041,0.15578361750024244,False
1997-09-15 15:00:00,0.33498305,0.15020828,0.1336068,0.2559268430024385,0.156760352251457,False
1997-09-15 16:00:00,0.20558271,0.12807447,0.116394006,0.17216597728431224,0.15734017937493383,False
1997-09-15 17:00:00,0.08391578,0.11966124,0.108866684,0.09845320277661085,0.15753520715503205,False
1997-09-15 18:00:00,0.007927996,0.11367841,0.10392603,0.052133793053217234,0.1572451320610586,False
1997-09-15 19:00:00,0.0,0.113481246,0.102746814,0.04742290773242712,0.15687178007610053,False
1997-09-15 20:00:00,0.0,0.11094052,0.10050565,0.04636435825377702,0.1566332213832429,False
1997-09-15 21:00:00,0.0,0.11302179,0.10240968,0.04723516376316547,0.15649523929370476,False
1997-09-15 22:00:00,0.0,0.12384097,0.114281654,0.05186852829158306,0.15643189301159144,False
1997-09-15 23:00:00,0.0,0.122116,0.11278837,0.051151375874876975,0.1564037497071913,False
1997-09-16 00:00:00,0.0,0.12345325,0.113762654,0.051697433330118656,0.156440195359326,False
1997-09-16 01:00:00,0.0,0.12286304,0.11365515,0.05147383962571621,0.15656478507727295,False
1997-09-16 02:00:00,0.0,0.1214668,0.111929424,0.0508654383122921,0.15674864793339655,False
1997-09-16 03:00:00,0.0,0.11906892,0.10986682,0.049869240000844,0.15697402790658085,False
1997-09-16 04:00:00,0.0,0.11808128,0.10994053,0.04950878054648638,0.15720941296083762,False
1997-09-16 05:00:00,0.0004898541,0.11826375,0.10976213,0.04984912515879841,0.15745070555949495,False
1997-09-16 06:00:00,0.04424252,0.11998264,0.11059674,0.07577375109121204,0.15767728891620753,False
1997-09-16 07:00:00,0.16645034,0.11923711,0.11046134,0.14600525012612342,0.15783215433523398,False
1997-09-16 08:00:00,0.30950636,0.12537245,0.11545356,0.2310820959806442,0.15785612442725988,False
1997-09-16 09:00:00,0.4431471,0.1321809,0.118979156,0.3108954989910126,0.15767462376017463,False
1997-09-16 10:00:00,0.5457111,0.12823077,0.11199229,0.36824004098773,0.15735099756571494,False
1997-09-16 11:00:00,0.60643154,0.1276271,0.110225596,0.4029575845152139,0.1568755950568526,False
1997-09-16 12:00:00,0.61937624,0.12353135,0.103769414,0.4085667078718543,0.1562642064859131,False
1997-09-16 13:00:00,0.5851353,0.11570654,0.096633054,0.38553695561736817,0.1554053958419372,False
1997-09-16 14:00:00,0.5056971,0.104897276,0.08824329,0.3352594426721334,0.15447112749960615,False
1997-09-16 15:00:00,0.384713,0.09248436,0.07871045,0.26035649172216646,0.15340448564377643,False
1997-09-16 16:00:00,0.23960517,0.085864305,0.07384718,0.17392386165261267,0.15249354788685557,False
1997-09-16 17:00:00,0.09473003,0.08994748,0.077206165,0.09201897748559713,0.15179132306026014,False
1997-09-16 18:00:00,0.00761056,0.095582515,0.0820152,0.044090061992872506,0.15120842351649297,False
1997-09-16 19:00:00,0.0,0.105235964,0.09060985,0.04372500255703926,0.15070531690467334,False
1997-09-16 20:00:00,0.0,0.11452436,0.10110817,0.0477193289771676,0.1501793610881753,False
1997-09-16 21:00:00,0.0,0.121496044,0.10874099,0.050704053886234765,0.14963952833527883,False
1997-09-16 22:00:00,0.0,0.13356374,0.12105124,0.05582178761065006,0.14906364534792677,False
1997-09-16 23:00:00,0.0,0.13554262,0.123013094,0.056657932475209234,0.14838588611313328,False
1997-09-17 00:00:00,0.0,0.13949756,0.12692434,0.0583285149782896,0.14769482302523404,False
1997-09-17 01:00:00,0.0,0.14104617,0.12838072,0.05897859406471252,0.14696762956978937,False
1997-09-17 02:00:00,0.0,0.14220025,0.1298112,0.05948169560730457,0.1462379019758403,False
1997-09-17 03:00:00,0.0,0.14115766,0.12927301,0.05906791806221008,0.14549329124341903,False
1997-09-17 04:00:00,0.0,0.14047036,0.12928447,0.05881492272019386,0.14474516404138132,False
1997-09-17 05:00:00,0.00038275527,0.13833493,0.12802503,0.05817979029784328,0.1439879189519882,False
1997-09-17 06:00:00,0.039994296,0.13907823,0.12848046,0.0813345204256475,0.14321556401000995,False
1997-09-17 07:00:00,0.14971797,0.13550526,0.12501611,0.1431395800858736,0.1422969704529241,False
1997-09-17 08:00:00,0.2772939,0.13593283,0.120724596,0.21667691849172113,0.14093436652888097,False
1997-09-17 09:00:00,0.3976951,0.14032453,0.119898595,0.28772434623539445,0.13912368097560343,False
1997-09-17 10:00:00,0.48792022,0.1334815,0.11198706,0.3368319454044103,0.13698391956599756,False
1997-09-17 11:00:00,0.53925896,0.13000862,0.10754612,0.36493309055268763,0.13458388367866184,False
1997-09-17 12:00:00,0.532118,0.1209809,0.09874758,0.35700642172992225,0.13196656638721954,False
1997-09-17 13:00:00,0.4867052,0.116939634,0.096210554,0.3291750032603741,0.12941232379766976,False
1997-09-17 14:00:00,0.4051861,0.10791267,0.08905684,0.2784212157651782,0.12690856754438812,False
1997-09-17 15:00:00,0.29995677,0.094505444,0.07878271,0.2122018306702375,0.12461961276239887,False
1997-09-17 16:00:00,0.18171415,0.0810932,0.068272814,0.13845918560773132,0.12272495989796878,False
1997-09-17 17:00:00,0.07242471,0.06918166,0.058461763,0.07047402467578649,0.1213111756508442,False
1997-09-17 18:00:00,0.0056652045,0.059563074,0.050686635,0.027984675685875118,0.12038769816316681,False
1997-09-17 19:00:00,0.0,0.053271536,0.046663553,0.022177028540521858,0.11973407467658881,False
1997-09-17 20:00:00,0.0,0.049049135,0.0435788,0.02045238611474633,0.11903052511573088,False
1997-09-17 21:00:00,0.0,0.047038022,0.04140278,0.019592780370265246,0.11827620345569932,False
1997-09-17 22:00:00,0.0,0.0465047,0.04029354,0.01933608502149582,0.11752773847553664,False
1997-09-17 23:00:00,0.0,0.043287635,0.037170563,0.017980347655713557,0.11670433453057678,False
1997-09-18 00:00:00,0.0,0.04052988,0.03401151,0.01679214746877551,0.11592872765014664,False
1997-09-18 01:00:00,0.0,0.039828602,0.032410387,0.016446915116161108,0.11512423175463238,False
1997-09-18 02:00:00,0.0,0.036616277,0.029865129,0.01512412315607071,0.11427898760774889,False
1997-09-18 03:00:00,0.0,0.03388705,0.026940972,0.013959134303033352,0.11343389404035889,False
1997-09-18 04:00:00,0.0,0.031913344,0.025648007,0.013161016255617141,0.11264271903137461,False
1997-09-18 05:00:00,0.00024796688,0.03061566,0.024737643,0.012776087943842869,0.11188825182623015,False
1997-09-18 06:00:00,0.033589657,0.029865336,0.023698503,0.031681260351091624,0.11115100237697302,False
1997-09-18 07:00:00,0.11978365,0.02799162,0.02141091,0.08060026177205146,0.11028969210969534,False
1997-09-18 08:00:00,0.23099516,0.02656328,0.020057965,0.14416918942332266,0.1090876577810192,False
1997-09-18 09:00:00,0.34313154,0.024920953,0.01859666,0.2081869513299316,0.10758134672062411,False
1997-09-18 10:00:00,0.42700863,0.016295038,0.011879083,0.2530383183956146,0.10570010193205688,False
1997-09-18 11:00:00,0.4669674,0.019311506,0.014078086,0.27732635452598337,0.10380880303457007,False
1997-09-18 12:00:00,0.4795465,0.022647707,0.016809937,0.2859630635734647,0.10174901613710698,False
1997-09-18 13:00:00,0.44199464,0.025179349,0.019158704,0.265356655459851,0.10031115638784072,False
1997-09-18 14:00:00,0.37048107,0.028370138,0.021360232,0.22538961313664913,0.09901501115373895,False
1997-09-18 15:00:00,0.2729517,0.029086683,0.021982254,0.16941315422952175,0.09810791934849322,False
1997-09-18 16:00:00,0.16467789,0.026985422,0.020101031,0.10606221779063345,0.09757038992031417,False
1997-09-18 17:00:00,0.06457868,0.025537303,0.01864618,0.04769205807708203,0.09729785359395918,False
1997-09-18 18:00:00,0.00440886,0.024909573,0.018159075,0.012716134637128562,0.0972083747490272,False
1997-09-18 19:00:00,0.0,0.02437672,0.017770628,0.009954623635858296,0.09726366766390582,False
1997-09-18 20:00:00,0.0,0.028190127,0.020550603,0.011511889295652509,0.09739475004106951,False
1997-09-18 21:00:00,0.0,0.036185227,0.026396036,0.014777734838426112,0.097487485290153,False
1997-09-18 22:00:00,0.0,0.03988536,0.029272225,0.01629839825257659,0.09750483643042115,False
1997-09-18 23:00:00,0.0,0.047565743,0.034760054,0.019428802214562894,0.09754643291851697,False
1997-09-19 00:00:00,0.0,0.048264902,0.035240058,0.0197127119936049,0.09758221402263462,False
1997-09-19 01:00:00,0.0,0.045074455,0.032859277,0.018406875014305116,0.09756633376038826,False
1997-09-19 02:00:00,0.0,0.04631596,0.033826202,0.018917204372584817,0.09752889983507065,False
1997-09-19 03:00:00,0.0,0.05162057,0.037843104,0.021091517630964517,0.09751886131928493,False
1997-09-19 04:00:00,0.0,0.055274174,0.040820867,0.022600496873259546,0.0975531297937241,False
1997-09-19 05:00:00,0.0001502323,0.055484135,0.041323833,0.022791816733501037,0.0976112123635803,False
1997-09-19 06:00:00,0.02858854,0.057338677,0.043297548,0.03999162759631872,0.09765707334697585,False
1997-09-19 07:00:00,0.104870304,0.06091891,0.045420174,0.0854419323094189,0.09770297771525444,False
1997-09-19 08:00:00,0.20377722,0.065552354,0.048253905,0.14437398759275674,0.0979074932426062,False
1997-09-19 09:00:00,0.29552507,0.06587955,0.048093952,0.19742459638416765,0.09826261933916278,False
1997-09-19 10:00:00,0.38440588,0.059364762,0.04336681,0.24604959832504392,0.0986356352046523,False
1997-09-19 11:00:00,0.4167067,0.06274018,0.04578559,0.26606331947445866,0.09898776322087147,False
1997-09-19 12:00:00,0.4492978,0.07036144,0.05149924,0.28798915376514195,0.09924749793775875,False
1997-09-19 13:00:00,0.4057441,0.080386914,0.05894281,0.26696003202348945,0.09952696267026506,False
1997-09-19 14:00:00,0.3415699,0.09249912,0.06782964,0.2348808091133833,0.0998853536901688,False
1997-09-19 15:00:00,0.25573114,0.09506959,0.069682874,0.18640041811764238,0.10031257366257126,False
1997-09-19 16:00:00,0.15667409,0.08555587,0.06308109,0.1253774419426918,0.1008103824391343,False
1997-09-19 17:00:00,0.061953224,0.07434459,0.05553474,0.06617904011905193,0.10120145833507829,False
1997-09-19 18:00:00,0.0038135203,0.069364585,0.05264449,0.030638735600048674,0.10139746023260551,False
1997-09-19 19:00:00,0.0,0.06941158,0.052890897,0.02846898264437914,0.10152000031953047,False
1997-09-19 20:00:00,0.0,0.06092443,0.04486229,0.02490367807075381,0.1016245562271897,False
1997-09-19 21:00:00,0.0,0.05001777,0.036464404,0.0204256351031363,0.10165689185256904,False
1997-09-19 22:00:00,0.0,0.052192688,0.03840027,0.021332716450095178,0.10156071483897812,False
1997-09-19 23:00:00,0.0,0.04822898,0.035210136,0.01969784065335989,0.1014563294831414,False
1997-09-20 00:00:00,0.0,0.039253745,0.02861598,0.01602989488095045,0.10126376265864655,False
1997-09-20 01:00:00,0.0,0.035849568,0.026325857,0.01465008670091629,0.10104075284704866,False
1997-09-20 02:00:00,0.0,0.035819262,0.02638827,0.014642274398356676,0.10082506045996978,False
1997-09-20 03:00:00,0.0,0.03813302,0.028387707,0.015604021076112985,0.10059613898880615,False
1997-09-20 04:00:00,0.0,0.03895964,0.02912726,0.01594897960871458,0.10033645592043011,False
1997-09-20 05:00:00,0.000119632634,0.03644634,0.02703125,0.014977415146830026,0.10008747139172464,False
1997-09-20 06:00:00,0.03079451,0.039421417,0.02906916,0.03388467002846301,0.09988978952017288,False
1997-09-20 07:00:00,0.12452141,0.045454565,0.033248477,0.0904170070849359,0.0997678418038334,False
1997-09-20 08:00:00,0.24450664,0.04929965,0.035987753,0.1612152420580387,0.09996506896218427,False
1997-09-20 09:00:00,0.35614565,0.050434347,0.03676664,0.22609171287342905,0.10050072527877818,False
1997-09-20 10:00:00,0.43282592,0.04945543,0.036126886,0.26994046317413445,0.1014106011428636,False
1997-09-20 11:00:00,0.46592647,0.051311933,0.0374064,0.28979362093657257,0.10230307065011764,False
1997-09-20 12:00:00,0.48205864,0.051986534,0.037898183,0.29937737073376774,0.10310685576924575,False
1997-09-20 13:00:00,0.45102003,0.05465897,0.039846394,0.2825594244152307,0.10357862773304016,False
1997-09-20 14:00:00,0.38757625,0.05452137,0.039746083,0.24589617181196805,0.10423609970571304,False
1997-09-20 15:00:00,0.295232,0.05621277,0.041048147,0.19330797550454737,0.10467702275855298,False
1997-09-20 16:00:00,0.1794968,0.052034345,0.038213648,0.12483386079594491,0.10498078312134201,False
1997-09-20 17:00:00,0.06693886,0.04519209,0.033343423,0.057100149158388375,0.1050608980547713,False
1997-09-20 18:00:00,0.00341924,0.040703084,0.029735541,0.018598058809526263,0.10495850050502908,False
1997-09-20 19:00:00,0.0,0.036664,0.026746122,0.014973307203501464,0.10485031681816992,False
1997-09-20 20:00:00,0.0,0.03198994,0.023327993,0.013063999313861131,0.10473707013490577,False
1997-09-20 21:00:00,0.0,0.024882674,0.01813947,0.010161238186061383,0.10467019408668359,False
1997-09-20 22:00:00,0.0,0.027637636,0.020178026,0.011287901172414423,0.1046710587770861,False
1997-09-20 23:00:00,0.0,0.024942318,0.01818295,0.010185594638809562,0.10466768664663624,False
1997-09-21 00:00:00,0.0,0.022059234,0.01608118,0.009008241036906839,0.10470025931398351,False
1997-09-21 01:00:00,0.0,0.019721624,0.014377062,0.008053640434518457,0.10481349413755317,False
1997-09-21 02:00:00,0.0,0.019416342,0.014154513,0.007928973756730557,0.10495503208396922,False
1997-09-21 03:00:00,0.0,0.021124996,0.015400125,0.008626730348914861,0.10509506499401261,False
1997-09-21 04:00:00,0.0,0.026077684,0.019010631,0.010649239495396614,0.10521659343835865,False
1997-09-21 05:00:00,8.514317e-05,0.032434735,0.023806332,0.013303086899017217,0.10533618801070344,False
1997-09-21 06:00:00,0.0306877,0.040153753,0.0299,0.03413813721202314,0.10548830389920952,False
1997-09-21 07:00:00,0.13084285,0.047238328,0.03669572,0.09490883591026068,0.10561020407300617,False
1997-09-21 08:00:00,0.25774598,0.051701713,0.04237273,0.17008549078926444,0.10579904551705832,False
1997-09-21 09:00:00,0.3776657,0.05611215,0.045928627,0.24109863786026833,0.10614587520337218,False
1997-09-21 10:00:00,0.46358,0.051684506,0.043164533,0.2888881346732377,0.10672939561232478,False
1997-09-21 11:00:00,0.4902403,0.052556988,0.044126302,0.3046450051926076,0.10748796334834324,False
1997-09-21 12:00:00,0.49704355,0.057432894,0.04902485,0.3106342080272734,0.10853276203893611,False
1997-09-21 13:00:00,0.47429004,0.05982753,0.05142544,0.29851868671178816,0.10962717121927554,False
1997-09-21 14:00:00,0.3994451,0.06142302,0.053707533,0.2560451156497002,0.11058321249510958,False
1997-09-21 15:00:00,0.30305344,0.06262037,0.05578082,0.2009809155315161,0.11133948754832323,False
1997-09-21 16:00:00,0.18040927,0.060241614,0.053660296,0.12922295874729753,0.11182595934744789,False
1997-09-21 17:00:00,0.064319655,0.05788763,0.051684845,0.06126395773142576,0.11207361857696611,False
1997-09-21 18:00:00,0.0029024743,0.057064593,0.050265856,0.02544591863080859,0.11215415125063485,False
1997-09-21 19:00:00,0.0,0.05536155,0.048235737,0.02303314184769988,0.11227241689567008,False
1997-09-21 20:00:00,0.0,0.052285496,0.044449624,0.021693627756088973,0.11241871451069155,False
1997-09-21 21:00:00,0.0,0.049548827,0.040437464,0.02046714024245739,0.11260248127458172,False
1997-09-21 22:00:00,0.0,0.051038638,0.04328883,0.021170854188501835,0.11280750387226718,False
1997-09-21 23:00:00,0.0,0.051157545,0.04415175,0.02126132868602872,0.11296318749670892,False
1997-09-22 00:00:00,0.0,0.05171261,0.04413358,0.02146516641229391,0.11320811886218862,False
1997-09-22 01:00:00,0.0,0.051809426,0.04307833,0.021443908128887412,0.1135436440653356,False
1997-09-22 02:00:00,0.0,0.05174619,0.042027965,0.021363854080438616,0.11397903111059704,False
1997-09-22 03:00:00,0.0,0.051848624,0.042689707,0.021437386404722928,0.11448948354734594,False
1997-09-22 04:00:00,0.0,0.05235057,0.04392887,0.021689519081264735,0.11505626143393592,False
1997-09-22 05:00:00,4.8867278e-05,0.053625535,0.04561035,0.022278977795122046,0.11566136083770098,False
1997-09-22 06:00:00,0.029208977,0.055117045,0.047113135,0.03973587837070226,0.11627837342879047,False
1997-09-22 07:00:00,0.13083336,0.05763465,0.05043264,0.09948139639943838,0.11682188431376833,False
1997-09-22 08:00:00,0.26273346,0.063060395,0.05549213,0.17786306700110432,0.1172984855861241,False
1997-09-22 09:00:00,0.38906154,0.071367286,0.060697317,0.25410069250315426,0.11781260829241877,False
1997-09-22 10:00:00,0.4865866,0.062083017,0.049678013,0.30635171450302,0.11831699579443403,False
1997-09-22 11:00:00,0.5457651,0.060833212,0.047963686,0.33994395808503025,0.11875747602387883,False
1997-09-22 12:00:00,0.56605935,0.061372895,0.049003106,0.35190901139006014,0.1194701996078708,False
1997-09-22 13:00:00,0.5251811,0.06151562,0.050382186,0.3284494056552648,0.12003844474490354,False
1997-09-22 14:00:00,0.44389376,0.06296581,0.0525239,0.28219737436622383,0.12043337142888078,False
1997-09-22 15:00:00,0.32990843,0.06358454,0.052569695,0.21665862186253068,0.12070738752762097,False
1997-09-22 16:00:00,0.19297764,0.06132975,0.050791297,0.13672150381281972,0.12080945866323628,False
1997-09-22 17:00:00,0.063804016,0.058297552,0.04887044,0.06096571749448776,0.1209335535425686,False
1997-09-22 18:00:00,0.0022351304,0.055629946,0.045512766,0.024274809771217407,0.1210746413658832,False
1997-09-22 19:00:00,0.0,0.053515468,0.04163676,0.021995592724531887,0.12130511203905946,False
1997-09-22 20:00:00,0.0,0.05341669,0.040260088,0.02188480398058891,0.12152173524870916,False
1997-09-22 21:00:00,0.0,0.04895386,0.035895336,0.020002322874963282,0.12172327833887567,False
1997-09-22 22:00:00,0.0,0.045925077,0.03359929,0.018760715145617723,0.12188359226318454,False
1997-09-22 23:00:00,0.0,0.05365033,0.0397283,0.021942300181835888,0.12192640015980608,False
1997-09-23 00:00:00,0.0,0.061340444,0.045904204,0.025113450787961483,0.1218514428931233,False
1997-09-23 01:00:00,0.0,0.07036158,0.055348087,0.02895221860706806,0.12168019040636165,False
1997-09-23 02:00:00,0.0,0.07807656,0.06704521,0.03243069072067738,0.12146781958380627,False
1997-09-23 03:00:00,0.0,0.0858427,0.07696506,0.035832068905234334,0.12121201045051595,False
1997-09-23 04:00:00,0.0,0.09493517,0.086350605,0.03969401087611914,0.12091014060165645,False
1997-09-23 05:00:00,2.8381055e-05,0.102567814,0.09362578,0.04291969127131233,0.1205550716583678,False
1997-09-23 06:00:00,0.026153995,0.10820142,0.09647185,0.06022665969096125,0.12015651486714227,False
1997-09-23 07:00:00,0.12083403,0.11519698,0.102903254,0.11778569698333739,0.11962617406644986,False
1997-09-23 08:00:00,0.24406523,0.12919328,0.116026424,0.19476338069140908,0.11874612017741923,False
1997-09-23 09:00:00,0.35605374,0.1437378,0.12642564,0.26530923795700073,0.11747351753518773,False
1997-09-23 10:00:00,0.4356593,0.14087,0.12360637,0.3100311856865883,0.11584773517778504,False
1997-09-23 11:00:00,0.48317695,0.14406167,0.12784968,0.33885573722422124,0.11398749927258789,False
1997-09-23 12:00:00,0.47999957,0.14657676,0.12709993,0.337909974604845,0.11206313916431712,False
1997-09-23 13:00:00,0.44888577,0.14078657,0.12070062,0.317475167542696,0.10986829827334083,False
1997-09-23 14:00:00,0.3724992,0.13070811,0.111751065,0.26919788838922976,0.10801110604566572,False
1997-09-23 15:00:00,0.26948565,0.12134078,0.1039326,0.2058803300410509,0.10644959606769777,False
1997-09-23 16:00:00,0.15711819,0.107041456,0.09303745,0.13517951295524835,0.10517669396711796,False
1997-09-23 17:00:00,0.05079722,0.09295498,0.081959076,0.06803617325052619,0.1042962947526261,False
1997-09-23 18:00:00,0.0016047542,0.085309274,0.07598973,0.03650851094326936,0.10373197108466539,False
1997-09-23 19:00:00,0.0,0.0802862,0.07047128,0.033431055910885334,0.10336004016585146,False
1997-09-23 20:00:00,0.0,0.07537372,0.06582953,0.03136769608408213,0.10303795445805379,False
1997-09-23 21:00:00,0.0,0.0680355,0.056613144,0.028162208609282972,0.10273291753048042,False
1997-09-23 22:00:00,0.0,0.05651725,0.043903105,0.023225633226335047,0.1024589386641929,False
1997-09-23 23:00:00,0.0,0.043193027,0.031947274,0.01766337988525629,0.102209066041065,False
1997-09-24 00:00:00,0.0,0.032434255,0.023644574,0.01324504704773426,0.10188785768069289,False
1997-09-24 01:00:00,0.0,0.027549082,0.020083282,0.011250108646228909,0.1014944722160181,False
1997-09-24 02:00:00,0.0,0.022247238,0.016218238,0.009085015682503582,0.10100812771277931,False
1997-09-24 03:00:00,0.0,0.017013252,0.012402662,0.006947633659467101,0.10043153364562392,False
1997-09-24 04:00:00,0.0,0.011377563,0.008294243,0.004646209803409875,0.09977090500052516,False
1997-09-24 05:00:00,1.1784621e-05,0.0076927366,0.0056080054,0.0031482518162956694,0.09902184035159378,False
1997-09-24 06:00:00,0.020871773,0.005476721,0.00399253,0.014279519937466829,0.09819913213255112,False
1997-09-24 07:00:00,0.09663425,0.0036262802,0.0026435582,0.05723880972596816,0.09732166653021078,False
1997-09-24 08:00:00,0.19975792,0.0037168155,0.0027095585,0.11677814017399213,0.09652680936542411,False
1997-09-24 09:00:00,0.30256078,0.0036378428,0.0026519874,0.1760631393478252,0.0958117686005363,False
1997-09-24 10:00:00,0.3706024,0.007891957,0.005753236,0.2170603910535574,0.09518331838450933,False
1997-09-24 11:00:00,0.42224383,0.009648161,0.0070335097,0.24757467288803306,0.09481515083009293,False
1997-09-24 12:00:00,0.4206336,0.009430396,0.00687476,0.24655664862319826,0.094589979151568,False
1997-09-24 13:00:00,0.40659913,0.011500659,0.008383981,0.23930417872685936,0.0945125601694391,False
1997-09-24 14:00:00,0.34937388,0.013850733,0.010097185,0.20724489542376248,0.09435647429346722,False
1997-09-24 15:00:00,0.25932798,0.0145141315,0.010580801,0.15555932103469966,0.09417570295193925,False
1997-09-24 16:00:00,0.15507594,0.012203576,0.008896408,0.09446234151721,0.09385246684349213,False
1997-09-24 17:00:00,0.050513268,0.011587708,0.008447439,0.03387818143237382,0.09329610911419493,False
1997-09-24 18:00:00,0.0012608104,0.013944937,0.010165858,0.006422125668148511,0.09258674762388647,False
1997-09-24 19:00:00,0.0,0.016003974,0.011666897,0.006535478750243783,0.09191690832070262,False
1997-09-24 20:00:00,0.0,0.017736617,0.012929993,0.007243031457066536,0.09131514406974849,False
1997-09-24 21:00:00,0.0,0.016777443,0.012230758,0.006851337293162942,0.09075788216952889,False
1997-09-24 22:00:00,0.0,0.016570501,0.0120798955,0.006766829235479236,0.09026109668678792,False
1997-09-24 23:00:00,0.0,0.015976597,0.011646939,0.006524298883974552,0.0898740210393672,False
1997-09-25 00:00:00,0.0,0.015258245,0.01112326,0.00623094848357141,0.08959109157838349,False
1997-09-25 01:00:00,0.0,0.013732001,0.01001063,0.005607682451605797,0.08938583569766442,False
1997-09-25 02:00:00,0.0,0.011641948,0.008486979,0.004754175497218967,0.08921066621405144,False
1997-09-25 03:00:00,0.0,0.010093627,0.0073582544,0.004121893940493464,0.08909738131786535,False
1997-09-25 04:00:00,0.0,0.009155776,0.0066745603,0.0037389077274128796,0.08907836974423217,False
1997-09-25 05:00:00,5.791464e-06,0.008390402,0.0061166035,0.0034296967572645374,0.08911309044522304,False
1997-09-25 06:00:00,0.02523047,0.00869399,0.0063379193,0.01810831077862531,0.08918088129618201,False
1997-09-25 07:00:00,0.13125645,0.009544339,0.006957824,0.07963255307357758,0.08932912388384223,False
1997-09-25 08:00:00,0.2691546,0.012584826,0.009174338,0.16044142397679384,0.0897572792569499,False
1997-09-25 09:00:00,0.39798766,0.013479931,0.00982687,0.23514362758770582,0.09050788012924446,False
1997-09-25 10:00:00,0.49944595,0.010233058,0.0074598985,0.29235914307460187,0.09153297611613562,False
1997-09-25 11:00:00,0.56133384,0.010181733,0.0074224845,0.32804749665502453,0.09283297577652107,False
1997-09-25 12:00:00,0.5725165,0.009432329,0.006876168,0.3341938634626567,0.09409239368399175,False
1997-09-25 13:00:00,0.5307782,0.009119288,0.0066479617,0.30998304549604655,0.0954726912916952,False
1997-09-25 14:00:00,0.44522396,0.008880858,0.0064741466,0.2605208639958873,0.09656765898721095,False
1997-09-25 15:00:00,0.32365775,0.008851066,0.0064524263,0.1903649968355894,0.09735248401798344,False
1997-09-25 16:00:00,0.18357767,0.0062444606,0.004552212,0.10847434194898233,0.09788616136747139,False
1997-09-25 17:00:00,0.054282498,0.006528018,0.0047589247,0.03398682171572,0.09813849839683036,False
1997-09-25 18:00:00,0.0010526634,0.009180092,0.006692288,0.004356224390445277,0.09817256973645452,False
1997-09-25 19:00:00,0.0,0.011133081,0.008116016,0.004546371865086257,0.09816759684763686,False
1997-09-25 20:00:00,0.0,0.011311238,0.008245892,0.004619124873541295,0.09811936084938072,False
1997-09-25 21:00:00,0.0,0.010570188,0.0077056675,0.004316505437716842,0.09803758860490355,False
1997-09-25 22:00:00,0.0,0.011377054,0.008293873,0.004646002150140703,0.09795609873696534,False
1997-09-25 23:00:00,0.0,0.00999781,0.0072884033,0.004082765758037567,0.09788784985558899,False
1997-09-26 00:00:00,0.0,0.008308147,0.006056639,0.0033927647732198236,0.09784402842657011,False
1997-09-26 01:00:00,0.0,0.0069593783,0.0050733862,0.002841973432805389,0.09779589843494188,False
1997-09-26 02:00:00,0.0,0.008931548,0.0065110987,0.0036473406655713916,0.09773584606501692,False
1997-09-26 03:00:00,0.0,0.014778601,0.010773599,0.006035078125074506,0.09767002754156723,False
1997-09-26 04:00:00,0.0,0.01545869,0.011269386,0.006312803450971842,0.09760588948174276,False
1997-09-26 05:00:00,1.4982893e-06,0.015675517,0.011427453,0.006402212662326292,0.09754673844301154,False
1997-09-26 06:00:00,0.02305746,0.019813132,0.014443773,0.02139516414515674,0.09749734405915988,False
1997-09-26 07:00:00,0.120281324,0.02054026,0.014973851,0.07779026763513684,0.09735182474440407,False
1997-09-26 08:00:00,0.2491144,0.022205513,0.01618782,0.15280698204413054,0.09679290309750978,False
1997-09-26 09:00:00,0.37368336,0.023636753,0.017231192,0.22526774671860036,0.09574351044821222,False
1997-09-26 10:00:00,0.47013804,0.020057311,0.014621777,0.27946037475205954,0.09439650411862956,False
1997-09-26 11:00:00,0.5192313,0.020643886,0.015049391,0.3080267324466258,0.09296158784852827,False
1997-09-26 12:00:00,0.52632916,0.02233048,0.016278919,0.3128109337929636,0.09149718341336933,False
1997-09-26 13:00:00,0.48870507,0.024193501,0.017637065,0.29186262811161573,0.09020411612864543,False
1997-09-26 14:00:00,0.40896523,0.021900842,0.015965713,0.24491649690084158,0.08922353930946787,False
1997-09-26 15:00:00,0.29943123,0.020579606,0.015002532,0.18117583381012078,0.08844246552910132,False
1997-09-26 16:00:00,0.17096618,0.019411592,0.014151051,0.10657451892644165,0.08789229677559185,False
1997-09-26 17:00:00,0.049177278,0.017480193,0.012743061,0.03551360573433339,0.08756875350385807,False
1997-09-26 18:00:00,0.00076167827,0.014065663,0.010253868,0.0061834270049002955,0.08739796553080026,False
1997-09-26 19:00:00,0.0,0.010334237,0.0075336583,0.004220150833949447,0.08731512332330016,False
1997-09-26 20:00:00,0.0,0.0081249755,0.005923107,0.0033179637221619485,0.08722228697746863,False
1997-09-26 21:00:00,0.0,0.007198992,0.005248065,0.0029398236321285364,0.08713091931945559,False
1997-09-26 22:00:00,0.0,0.008548417,0.0062317965,0.003490882929414511,0.0870486332236705,False
1997-09-26 23:00:00,0.0,0.010825755,0.007891975,0.00442087029106915,0.08696789394121329,False
1997-09-27 00:00:00,0.0,0.009600968,0.0069991047,0.003920708885416389,0.08690695153763403,False
1997-09-27 01:00:00,0.0,0.0066733486,0.0048648715,0.0027251686952076853,0.08686285755239254,False
1997-09-27 02:00:00,0.0,0.0039055317,0.0028471327,0.001594886371633038,0.08682585107711378,False
1997-09-27 03:00:00,0.0,0.0025547354,0.001862402,0.0010432670689187943,0.08676748866576411,False
1997-09-27 04:00:00,0.0,0.0022030675,0.0016060361,0.0008996578683145343,0.08665709948042234,False
1997-09-27 05:00:00,8.643977e-08,0.0025925676,0.0018899818,0.0010587663323854315,0.08653617195119472,False
1997-09-27 06:00:00,0.017321607,0.002764227,0.0020151217,0.011123383670346812,0.08640862223096282,False
1997-09-27 07:00:00,0.08950299,0.002843255,0.002072733,0.052804314022650935,0.08619414834867778,False
1997-09-27 08:00:00,0.18854612,0.0031331328,0.002284054,0.11007057681051081,0.08581619749436084,False
1997-09-27 09:00:00,0.29305428,0.0034160598,0.0024903077,0.1704873237677384,0.08525404662481564,False
1997-09-27 10:00:00,0.38380602,0.0049639014,0.0036186844,0.22348316210974004,0.08470068379168338,False
1997-09-27 11:00:00,0.44328767,0.0048463824,0.0035330132,0.25775608376739545,0.08442594800634899,False
1997-09-27 12:00:00,0.4685291,0.0043719118,0.0031871235,0.27212663379590957,0.08435979534689558,False
1997-09-27 13:00:00,0.45281467,0.004019175,0.0029299788,0.2629153581755236,0.08438640903002737,False
1997-09-27 14:00:00,0.38414013,0.003380461,0.0024643561,0.22302932253829202,0.0843370467925446,False
1997-09-27 15:00:00,0.28216037,0.0028169884,0.0020535847,0.16395689666713587,0.08424061381682263,False
1997-09-27 16:00:00,0.15998429,0.0015508863,0.0011305959,0.09294426490576006,0.08399777163017588,False
1997-09-27 17:00:00,0.04424759,0.000632128,0.00046082132,0.025788999008946118,0.08368729261923097,False
1997-09-27 18:00:00,0.00052806054,0.00018392202,0.00013407914,0.00037979843044013247,0.08344440283688626,False
1997-09-27 19:00:00,0.0,0.00022094705,0.0001610704,9.022726517287082e-05,0.08332610968608278,False
1997-09-27 20:00:00,0.0,0.0005717354,0.00041679508,0.00023347728891531005,0.08324987922596701,False
1997-09-27 21:00:00,0.0,0.00089814735,0.0006547494,0.000366772840032354,0.08320080566516334,False
1997-09-27 22:00:00,0.0,0.0018868285,0.001375498,0.0007705165921943262,0.08316917781288284,False
1997-09-27 23:00:00,0.0,0.0028345415,0.002066381,0.0011575303862337023,0.08312623797292544,False
1997-09-28 00:00:00,0.0,0.0031252687,0.0022783207,0.0012762534816283732,0.08306166988274562,False
1997-09-28 01:00:00,0.0,0.0026095773,0.0019023817,0.0010656626194249837,0.08300819439824626,False
1997-09-28 02:00:00,0.0,0.0020715361,0.0015101497,0.0008459449207875877,0.08298511627024927,False
1997-09-28 03:00:00,0.0,0.0018032775,0.0013145893,0.0007363972286693752,0.08298712067129455,False
1997-09-28 04:00:00,0.0,0.0012446728,0.00090736634,0.0005082820480456576,0.0829989656953643,False
1997-09-28 05:00:00,0.0,0.00068523356,0.0004995353,0.000279826091194991,0.08302144551831078,False
1997-09-28 06:00:00,0.01888726,0.0004958009,0.00036143887,0.011100417795474639,0.08304927552547814,False
1997-09-28 07:00:00,0.10289856,0.0006762493,0.0004929859,0.05964862662792438,0.08309347803262668,False
1997-09-28 08:00:00,0.21708232,0.0013890498,0.0010126174,0.1258237403059611,0.08342321427567245,False
1997-09-28 09:00:00,0.34293613,0.0020378402,0.0014855856,0.1987063307282515,0.08407636371878348,False
1997-09-28 10:00:00,0.46038315,0.0015475854,0.0011281896,0.26627305705600884,0.08494437284672675,False
1997-09-28 11:00:00,0.5273099,0.0014535873,0.001059665,0.30485140479286194,0.08580885116410716,False
1997-09-28 12:00:00,0.5432745,0.0015157763,0.0011050008,0.31408839058328886,0.08654658376931061,False
1997-09-28 13:00:00,0.50099105,0.0010319344,0.0007522802,0.28949324071244337,0.0868933287516229,False
1997-09-28 14:00:00,0.4161661,0.00039150208,0.00028540505,0.2402877140661876,0.08683877696866328,False
1997-09-28 15:00:00,0.29373196,8.832585e-05,6.438955e-05,0.16951940885107614,0.08659677116263992,False
1997-09-28 16:00:00,0.15884003,5.100533e-05,3.7182883e-05,0.09167152640108542,0.08622704478857848,False
1997-09-28 17:00:00,0.041190766,0.00021506276,0.00015678073,0.023854896181786895,0.08606522110108077,False
1997-09-28 18:00:00,0.00035771652,0.00073207205,0.00053368055,0.0005053557663341052,0.08627528233385356,False
1997-09-28 19:00:00,0.0,0.001373985,0.0010016351,0.000561088748392649,0.08673078591750193,False
1997-09-28 20:00:00,0.0,0.0023567898,0.0017180996,0.0009624328035861253,0.0872116219408402,False
1997-09-28 21:00:00,0.0,0.0034814032,0.0025379432,0.0014216867226641626,0.08772832346611023,False
1997-09-28 22:00:00,0.0,0.003501199,0.002552374,0.0014297706114593893,0.08823644878334955,False
1997-09-28 23:00:00,0.0,0.0032363173,0.0023592755,0.0013216019624378533,0.08874017903326814,False
1997-09-29 00:00:00,0.0,0.003315373,0.0024169066,0.0013538856294471769,0.08928107987423056,False
1997-09-29 01:00:00,0.0,0.003960708,0.0028873563,0.001617418551351875,0.08983717286562234,False
1997-09-29 02:00:00,0.0,0.0041411323,0.003018885,0.0016910976218059658,0.09044584416315986,False
1997-09-29 03:00:00,0.0,0.0039470186,0.0028773767,0.0016118282242678105,0.09112923871346204,False
1997-09-29 04:00:00,0.0,0.004845382,0.0035322842,0.0019786893697455524,0.09183306090279286,False
1997-09-29 05:00:00,0.0,0.0058638738,0.004274764,0.002394606676418334,0.09252582322836161,False
1997-09-29 06:00:00,0.018472321,0.0063339616,0.0046174587,0.013245104013476519,0.09322843308059811,False
1997-09-29 07:00:00,0.113963306,0.0070398273,0.005132035,0.06863165368884801,0.09379749868773402,False
1997-09-29 08:00:00,0.2393093,0.008179639,0.0059629567,0.14142175007984042,0.09391898246704142,False
1997-09-29 09:00:00,0.3604283,0.010247256,0.007470249,0.21215176190901547,0.09355446626121525,False
1997-09-29 10:00:00,0.4509765,0.011667686,0.008505742,0.2649781213440001,0.09267701077265973,False
1997-09-29 11:00:00,0.49598533,0.017098812,0.0124861505,0.2931672488171607,0.09126233913124662,False
1997-09-29 12:00:00,0.48438638,0.022671245,0.016921476,0.28877039294689894,0.08961241999669647,False
1997-09-29 13:00:00,0.43195924,0.02698711,0.020336052,0.26029687259346246,0.08774855707920717,False
1997-09-29 14:00:00,0.34360364,0.03206603,0.024469974,0.2114130438491702,0.08619382021883423,False
1997-09-29 15:00:00,0.22700606,0.037044372,0.028854797,0.14621003071218727,0.08506446109006142,False
1997-09-29 16:00:00,0.115782455,0.044606008,0.035382126,0.08517672790586948,0.08444117179895176,False
1997-09-29 17:00:00,0.027003927,0.04935375,0.038502574,0.03587193818204105,0.08423149103566963,False
1997-09-29 18:00:00,0.0001871709,0.05389316,0.041655496,0.022243970445560993,0.08445900330957677,False
1997-09-29 19:00:00,0.0,0.056393325,0.043726284,0.023170356385409832,0.08486320172625225,False
1997-09-29 20:00:00,0.0,0.061080802,0.046228416,0.02503515050187707,0.08523223029932947,False
1997-09-29 21:00:00,0.0,0.060604557,0.044327896,0.024756788067519665,0.08556574990932372,False
1997-09-29 22:00:00,0.0,0.061094794,0.044547953,0.024949568588286637,0.08585564387955189,False
1997-09-29 23:00:00,0.0,0.06639078,0.048566148,0.02712077075242996,0.0861858239863092,False
1997-09-30 00:00:00,0.0,0.06838181,0.050663512,0.027968717068433763,0.08643815408814648,False
1997-09-30 01:00:00,0.0,0.07405775,0.054714352,0.03028188490122557,0.08659994781628726,False
1997-09-30 02:00:00,0.0,0.08187715,0.06363361,0.03364888333529234,0.08672201186049157,False
1997-09-30 03:00:00,0.0,0.08362014,0.06785243,0.03451986231654883,0.08683834196740886,False
1997-09-30 04:00:00,0.0,0.08157301,0.0677858,0.03376087367534637,0.08693702048657238,False
1997-09-30 05:00:00,0.0,0.08205879,0.06898901,0.0340050989985466,0.08702563992329183,False
1997-09-30 06:00:00,0.0076057483,0.0819338,0.07024962,0.038415566937997934,0.08712279037645444,False
1997-09-30 07:00:00,0.05168418,0.08580309,0.074013636,0.06547984803467989,0.08713594889462546,False
1997-09-30 08:00:00,0.118826695,0.09566923,0.08262987,0.1083269624263048,0.08658063299310015,False
1997-09-30 09:00:00,0.19619083,0.10448211,0.089489974,0.15658846727758646,0.08536878890660833,False
1997-09-30 10:00:00,0.26625717,0.10792099,0.091029406,0.19836881826817987,0.08347441800782932,False
1997-09-30 11:00:00,0.3167471,0.103535034,0.08681079,0.225655286334455,0.08119828406145341,False
1997-09-30 12:00:00,0.31418553,0.104862355,0.085994646,0.2246229705438018,0.07859966126684109,False
1997-09-30 13:00:00,0.29796222,0.10401741,0.08443052,0.2148658714145422,0.07637745446287104,False
1997-09-30 14:00:00,0.25249133,0.09778013,0.07981691,0.18607847588509321,0.07453297772159809,False
1997-09-30 15:00:00,0.18457507,0.079980746,0.06645953,0.13960152287781238,0.07355298168346294,False
1997-09-30 16:00:00,0.09752955,0.061023448,0.052123066,0.08160684976354242,0.07346509349356103,False
1997-09-30 17:00:00,0.022792552,0.051966775,0.045341536,0.03477548532932996,0.07415684766495298,False
1997-09-30 18:00:00,8.1368635e-05,0.047655594,0.042129926,0.0199068797667569,0.07554106604490515,False
1997-09-30 19:00:00,0.0,0.043920733,0.03829092,0.0182744602560997,0.07740096462233184,False
1997-09-30 20:00:00,0.0,0.041003887,0.03409148,0.016971374083310366,0.07948293989192885,False
1997-09-30 21:00:00,0.0,0.037312016,0.02904562,0.01533659729361534,0.08170295919821788,False
1997-09-30 22:00:00,0.0,0.042116012,0.03217791,0.017278415735810994,0.08403045114054536,False
1997-09-30 23:00:00,0.0,0.032837525,0.02437778,0.013433446850627662,0.08647316772066248,False
1997-10-01 00:00:00,0.0,0.022312386,0.016420633,0.009119984580203891,0.08903944095544708,False
1997-10-01 01:00:00,0.0,0.018308314,0.013346759,0.0074764926731586455,0.0915901687605698,False
1997-10-01 02:00:00,0.0,0.017814761,0.012986962,0.007274942753836512,0.09418391651189145,False
1997-10-01 03:00:00,0.0,0.015545852,0.0113329245,0.006348397144116461,0.09676273260679286,False
1997-10-01 04:00:00,0.0,0.015261854,0.011125892,0.006232422332279384,0.09935697254346874,False
1997-10-01 05:00:00,0.0,0.017283095,0.012599377,0.0070578284282237285,0.10200981085555819,False
1997-10-01 06:00:00,0.0077447435,0.023038147,0.016794808,0.013876712885685266,0.10479147560516562,False
1997-10-01 07:00:00,0.048726585,0.033884514,0.025145654,0.04197649041563272,0.10766377123869642,False
1997-10-01 08:00:00,0.11152922,0.046042245,0.03539414,0.08325323392823337,0.11072277217953463,False
1997-10-01 09:00:00,0.171456,0.054145757,0.04281603,0.1212219587676227,0.11417121473425684,False
1997-10-01 10:00:00,0.21844399,0.07206705,0.0571994,0.15572369191795585,0.11817148557605528,False
1997-10-01 11:00:00,0.22924764,0.087442085,0.07206175,0.1684333546757698,0.12228773686372671,False
1997-10-01 12:00:00,0.23670106,0.10992987,0.09192289,0.18210446635633706,0.12661401835182368,False
1997-10-01 13:00:00,0.2007703,0.13488586,0.11378964,0.17176198901236056,0.13184140114227616,False
1997-10-01 14:00:00,0.16664141,0.16465141,0.13823645,0.16437323401868342,0.13685287070170973,False
1997-10-01 15:00:00,0.114716865,0.18259212,0.15598653,0.1419913975968957,0.14152312178573567,False
1997-10-01 16:00:00,0.058142845,0.20374742,0.1786983,0.11838092813268303,0.14590796492409266,False
1997-10-01 17:00:00,0.013000655,0.22766942,0.20005606,0.10231442041974514,0.15008885167195146,False
1997-10-01 18:00:00,4.7253736e-05,0.26835164,0.23092741,0.11151910216204124,0.15394726231753822,False
1997-10-01 19:00:00,0.0,0.29689416,0.25094858,0.12310516932606697,0.15743534062089054,False
1997-10-01 20:00:00,0.0,0.31770605,0.26597306,0.1315960772037506,0.16047210481049148,False
1997-10-01 21:00:00,0.0,0.32973185,0.2741731,0.13647640129923821,0.16308978524858717,False
1997-10-01 22:00:00,0.0,0.34367839,0.2848637,0.14219996443390845,0.16534633350426914,False
1997-10-01 23:00:00,0.0,0.3633721,0.30032566,0.15030188602209094,0.16718788031799373,False
1997-10-02 00:00:00,0.0,0.363562,0.30091256,0.15040365171432493,0.16878610824987877,False
1997-10-02 01:00:00,0.0,0.37418616,0.30939046,0.15478177696466447,0.17024364087959873,False
1997-10-02 02:00:00,0.0,0.38072538,0.313785,0.15743205589056014,0.17160322054891036,False
1997-10-02 03:00:00,0.0,0.384639,0.3168813,0.1590433792769909,0.17279961836602192,False
1997-10-02 04:00:00,0.0,0.38944417,0.32207802,0.16109711265563964,0.17387811317541524,False
1997-10-02 05:00:00,0.0,0.4049873,0.3349017,0.1675250069797039,0.1748395281276538,False
1997-10-02 06:00:00,0.0071447934,0.4161791,0.34431717,0.17628575734747573,0.1757343859017932,False
1997-10-02 07:00:00,0.055423617,0.43582055,0.36138302,0.21231189319491386,0.1765537030214549,False
1997-10-02 08:00:00,0.14671345,0.4566772,0.38304922,0.27385220505297186,0.17760345331350771,False
1997-10-02 09:00:00,0.22506775,0.5270104,0.44945455,0.3486014676839113,0.17889527943431832,False
1997-10-02 10:00:00,0.30502647,0.53006417,0.4510172,0.3959488800764083,0.1801849734487117,False
1997-10-02 11:00:00,0.34110346,0.569838,0.48573855,0.43331679776310916,0.1813709331018645,False
1997-10-02 12:00:00,0.36172244,0.6418076,0.5554905,0.4755373444855213,0.18256944348232632,False
1997-10-02 13:00:00,0.312505,0.6609978,0.577645,0.455416410267353,0.18351388751952408,False
1997-10-02 14:00:00,0.25891227,0.6265367,0.5493722,0.41025052791833877,0.18437089023572512,False
1997-10-02 15:00:00,0.17162104,0.6052588,0.51311386,0.3500739935189485,0.18480065900976267,False
1997-10-02 16:00:00,0.09009245,0.55552584,0.46883398,0.2822894136607647,0.18480211226584198,False
1997-10-02 17:00:00,0.019903906,0.5040646,0.41657034,0.2199791963174939,0.1843334099623635,False
1997-10-02 18:00:00,3.010985e-05,0.45367476,0.36872736,0.18733463832766759,0.18335325914208353,False
1997-10-02 19:00:00,0.0,0.39730608,0.32283697,0.16403914135694503,0.18197764725755577,False
1997-10-02 20:00:00,0.0,0.34515756,0.28253508,0.14262003511190416,0.18038764533312668,False
1997-10-02 21:00:00,0.0,0.29897347,0.24684635,0.12365091356635094,0.17867082845750876,False
1997-10-02 22:00:00,0.0,0.25500137,0.21439183,0.10567266279459,0.17688519247300602,False
1997-10-02 23:00:00,0.0,0.21727732,0.18468624,0.09014838758111,0.17500804685527138,False
1997-10-03 00:00:00,0.0,0.19030207,0.16407566,0.07908155080676078,0.17302248618011973,False
1997-10-03 01:00:00,0.0,0.1752238,0.14960621,0.0727363168001175,0.17107765995623223,False
1997-10-03 02:00:00,0.0,0.15587409,0.13304628,0.06470203797519207,0.16908792913337847,False
1997-10-03 03:00:00,0.0,0.1401378,0.11861662,0.05811614799499512,0.16711217083973487,False
1997-10-03 04:00:00,0.0,0.12621303,0.1075506,0.05238034003973007,0.16518350769119014,False
1997-10-03 05:00:00,0.0,0.12059826,0.10204157,0.050011001586914065,0.1632814482255434,False
1997-10-03 06:00:00,0.008387049,0.116858795,0.09710578,0.05320393462944775,0.16131298248940756,False
1997-10-03 07:00:00,0.0645157,0.13365635,0.10777315,0.09236450443416834,0.1593391515788043,False
1997-10-03 08:00:00,0.1479751,0.14528973,0.11606189,0.14526088772714138,0.15748316141715069,False
1997-10-03 09:00:00,0.21520531,0.14312035,0.11374811,0.18312727145850657,0.1554396554169597,False
1997-10-03 10:00:00,0.2670974,0.14250521,0.11018748,0.21264975526928903,0.15356179306687584,False
1997-10-03 11:00:00,0.28575683,0.1486299,0.115476474,0.22596185293793677,0.1520501535525587,False
1997-10-03 12:00:00,0.28769726,0.14927344,0.117677115,0.22743778014183047,0.14997371206401952,False
1997-10-03 13:00:00,0.2602252,0.15233797,0.12102713,0.2128981193900108,0.14701034828679432,False
1997-10-03 14:00:00,0.21084177,0.15291621,0.12815464,0.1850021351724863,0.14370702860039142,False
1997-10-03 15:00:00,0.14978388,0.13355686,0.11765509,0.14206115388870239,0.1406280783300019,False
1997-10-03 16:00:00,0.07950741,0.119546525,0.10916248,0.09588321756571531,0.13755549826721766,False
1997-10-03 17:00:00,0.01583559,0.11028764,0.100627914,0.05526718104630709,0.1346196823470957,False
1997-10-03 18:00:00,1.1496488e-05,0.10893332,0.097901896,0.0454897317047089,0.13204951289960135,False
1997-10-03 19:00:00,0.0,0.11218739,0.09977646,0.04678507695347071,0.12997798732174404,False
1997-10-03 20:00:00,0.0,0.11751654,0.10787526,0.049188867174088956,0.12849352536415523,False
1997-10-03 21:00:00,0.0,0.12112832,0.11239859,0.050765874043107034,0.12754930353043442,False
1997-10-03 22:00:00,0.0,0.124233164,0.11583217,0.0520969747826457,0.127102047437521,False
1997-10-03 23:00:00,0.0,0.13116774,0.12211255,0.0549949736148119,0.1271844858244977,False
1997-10-04 00:00:00,0.0,0.13619651,0.12584224,0.0570519929677248,0.12766054419586276,False
1997-10-04 01:00:00,0.0,0.14160831,0.13002278,0.05927469746768474,0.1283521991983972,False
1997-10-04 02:00:00,0.0,0.14961508,0.13680914,0.06259565779566766,0.12913242093818106,False
1997-10-04 03:00:00,0.0,0.15900345,0.14435694,0.06646754814684391,0.13004623225768872,False
1997-10-04 04:00:00,0.0,0.16700712,0.15134503,0.06979825830459595,0.1310463859780676,False
1997-10-04 05:00:00,0.0,0.17484796,0.15777323,0.07303865164518356,0.1320865342427961,False
1997-10-04 06:00:00,0.008506854,0.18359776,0.1645527,0.08154187363851816,0.13308791528334685,False
1997-10-04 07:00:00,0.07244279,0.19527811,0.17346764,0.12322436543554068,0.1340412298648253,False
1997-10-04 08:00:00,0.16388607,0.1948298,0.17239733,0.1757639170438051,0.13473374185192163,False
1997-10-04 09:00:00,0.2525286,0.2718239,0.23059341,0.2584640748798847,0.13536613751832471,False
1997-10-04 10:00:00,0.324849,0.32875055,0.27117318,0.32339018338918685,0.13642842814800715,False
1997-10-04 11:00:00,0.35748973,0.30781004,0.25544676,0.3336476063132286,0.137607993276567,False
1997-10-04 12:00:00,0.35725105,0.30688262,0.25782114,0.3332958831787109,0.13854449227740442,False
1997-10-04 13:00:00,0.31346008,0.2794805,0.23819071,0.29685706532001493,0.13917668340363926,False
1997-10-04 14:00:00,0.25694212,0.27496526,0.2359839,0.26246091493964196,0.1395641112128218,False
1997-10-04 15:00:00,0.17719395,0.2414429,0.20845939,0.20259015050530432,0.13951481710468494,False
1997-10-04 16:00:00,0.091923326,0.21214707,0.18607816,0.14137024949491023,0.13917538413724628,False
1997-10-04 17:00:00,0.018723486,0.20595337,0.18168178,0.09661106283776462,0.13856119821303134,False
1997-10-04 18:00:00,4.177922e-06,0.21102586,0.18574919,0.0879014105905171,0.1378091763675624,False
1997-10-04 19:00:00,0.0,0.2227751,0.19594361,0.09278496739268302,0.13703158320276082,False
1997-10-04 20:00:00,0.0,0.23363295,0.20531163,0.09729738709330558,0.1362123992820179,False
1997-10-04 21:00:00,0.0,0.24530186,0.2160414,0.10218262110650539,0.13532717366655372,False
1997-10-04 22:00:00,0.0,0.2631566,0.23194301,0.1096297053694725,0.13441928041946624,False
1997-10-04 23:00:00,0.0,0.2710793,0.24020235,0.11299918940663338,0.13351176036718782,False
1997-10-05 00:00:00,0.0,0.2691043,0.24039821,0.11228099092841148,0.13257139214383454,False
1997-10-05 01:00:00,0.0,0.26403016,0.23629318,0.11018696030974388,0.13160470804454774,False
1997-10-05 02:00:00,0.0,0.26025426,0.23205848,0.10856498131155969,0.13059423936518388,False
1997-10-05 03:00:00,0.0,0.2546761,0.22496378,0.10612352657318115,0.1295028463887192,False
1997-10-05 04:00:00,0.0,0.24575745,0.21523999,0.10230745674669742,0.12831324749229495,False
1997-10-05 05:00:00,0.0,0.23573075,0.20541933,0.09807729153335094,0.1270320670389246,False
1997-10-05 06:00:00,0.008217022,0.22663824,0.19615373,0.0989630345404148,0.12568108836944697,False
1997-10-05 07:00:00,0.07002707,0.20553634,0.17326951,0.12560507981479166,0.12425770736036604,False
1997-10-05 08:00:00,0.15914603,0.20290135,0.16514862,0.17561587971448897,0.12283131015123272,False
1997-10-05 09:00:00,0.24432781,0.22629744,0.17845035,0.2341172216832638,0.12167431909157367,False
1997-10-05 10:00:00,0.31771582,0.20963264,0.15911868,0.26926888144016264,0.12018885992934089,False
1997-10-05 11:00:00,0.3568526,0.15913808,0.116442725,0.2709138049781322,0.11852132269962318,False
1997-10-05 12:00:00,0.36103618,0.121129274,0.088303246,0.25778295420110225,0.11728602018996079,False
1997-10-05 13:00:00,0.33670366,0.09113551,0.06643779,0.23149465423077342,0.11615575992379121,False
1997-10-05 14:00:00,0.27303794,0.06144764,0.044795327,0.18263601798191664,0.11530302450814688,False
1997-10-05 15:00:00,0.19136624,0.037588954,0.027402347,0.1257683714516461,0.11421259113526375,False
1997-10-05 16:00:00,0.09584901,0.027175171,0.019810699,0.06640229320339858,0.11299795249415964,False
1997-10-05 17:00:00,0.017158985,0.02269875,0.01654739,0.019170132463797927,0.11155774042166551,False
1997-10-05 18:00:00,6.3389155e-07,0.01999406,0.014575668,0.008165259794233066,0.1099818267457988,False
1997-10-05 19:00:00,0.0,0.01827833,0.013324903,0.007464248757809401,0.10842974936269249,False
1997-10-05 20:00:00,0.0,0.016402045,0.011957091,0.006698037631809711,0.10681120161252122,False
1997-10-05 21:00:00,0.0,0.017599404,0.012829966,0.0071869981829077,0.10513394505326662,False
1997-10-05 22:00:00,0.0,0.020902848,0.015238174,0.008536012273281813,0.10334898527111884,False
1997-10-05 23:00:00,0.0,0.024138393,0.017596887,0.00985729889385402,0.10136765708896357,False
1997-10-06 00:00:00,0.0,0.026082378,0.019014051,0.010651156201958657,0.09929359736741546,False
1997-10-06 01:00:00,0.0,0.02637879,0.019230137,0.010772200858220457,0.09725303306296493,False
1997-10-06 02:00:00,0.0,0.02499913,0.018224366,0.01020879492536187,0.0953127167968175,False
1997-10-06 03:00:00,0.0,0.02293727,0.01672127,0.00936680111847818,0.09343908577394697,False
1997-10-06 04:00:00,0.0,0.020328814,0.014819706,0.008301596542820333,0.09165099744085248,False
1997-10-06 05:00:00,0.0,0.020059641,0.014623478,0.008191675510257483,0.08993551509483742,False
1997-10-06 06:00:00,0.008324668,0.02060958,0.015024386,0.013219585202634334,0.08833890334825056,False
1997-10-06 07:00:00,0.07875386,0.02281366,0.01663116,0.05475729939714073,0.08689893335564591,False
1997-10-06 08:00:00,0.18975155,0.026304103,0.019175692,0.12022834618017077,0.08572035835173822,False
1997-10-06 09:00:00,0.30499497,0.027377248,0.019958012,0.18716203509271145,0.08458486069663959,False
1997-10-06 10:00:00,0.402914,0.026610995,0.019399416,0.2433483963627368,0.08343890455010877,False
1997-10-06 11:00:00,0.45604667,0.027461044,0.020019101,0.27435308584943413,0.0829462763364697,False
1997-10-06 12:00:00,0.4641738,0.027463382,0.020020803,0.27904339040257037,0.08298950911766137,False
1997-10-06 13:00:00,0.4245269,0.026872326,0.019589923,0.2559257653690874,0.08371349360035951,False
1997-10-06 14:00:00,0.346776,0.024562173,0.017905822,0.21012011304125186,0.08484497970469515,False
1997-10-06 15:00:00,0.23547563,0.020614002,0.015027607,0.14428749573230742,0.08626056248751689,False
1997-10-06 16:00:00,0.11124204,0.019721065,0.014376657,0.07224007001519203,0.08752315543423937,False
1997-10-06 17:00:00,0.01679202,0.027578713,0.020401217,0.020967206396162508,0.0884773620370813,False
1997-10-06 18:00:00,0.0,0.03267329,0.024912065,0.01340169620141387,0.08949326144390493,False
1997-10-06 19:00:00,0.0,0.036868185,0.02759843,0.015094675384461879,0.0906543726667781,False
1997-10-06 20:00:00,0.0,0.041077856,0.030210063,0.01678907224908471,0.09191855005971349,False
1997-10-06 21:00:00,0.0,0.040416077,0.02946332,0.016504551563411952,0.0932817194983848,False
1997-10-06 22:00:00,0.0,0.035570916,0.025931198,0.014525952626019715,0.0946310854006345,False
1997-10-06 23:00:00,0.0,0.032922238,0.024000313,0.013444322772324085,0.09609834508684192,False
1997-10-07 00:00:00,0.0,0.03510063,0.025588358,0.014333904314786195,0.09745565607706279,False
1997-10-07 01:00:00,0.0,0.04175612,0.030440211,0.01705177953466773,0.0987107230418381,False
1997-10-07 02:00:00,0.0,0.045622535,0.03325883,0.018630692213773725,0.09988787259364228,False
1997-10-07 03:00:00,0.0,0.049698766,0.036230404,0.02029528658464551,0.1010280835427596,False
1997-10-07 04:00:00,0.0,0.048888262,0.035639543,0.019964304137974977,0.10212553361738294,False
1997-10-07 05:00:00,0.0,0.052501746,0.03827377,0.0214399276971817,0.10320457149220358,False
1997-10-07 06:00:00,0.0065922127,0.06376821,0.046487026,0.02984447489539161,0.10426261913024548,False
1997-10-07 07:00:00,0.05873942,0.08594659,0.063454494,0.06903347962722181,0.10529809313535224,False
1997-10-07 08:00:00,0.13553305,0.10488294,0.07791884,0.1211119922697544,0.10621919749324055,False
1997-10-07 09:00:00,0.21208484,0.13824174,0.1060587,0.17911132664978505,0.10694606083689723,False
1997-10-07 10:00:00,0.2866913,0.19514275,0.15174387,0.24562272718548772,0.10786809825800203,False
1997-10-07 11:00:00,0.32219538,0.21193704,0.1643977,0.27298897847533227,0.10890019789920188,False
1997-10-07 12:00:00,0.3447751,0.22746423,0.17897537,0.29253420937061303,0.10963915033840263,False
1997-10-07 13:00:00,0.3289393,0.23305562,0.1853795,0.28580598723888395,0.10982276327034923,False
1997-10-07 14:00:00,0.27286968,0.22602016,0.18031019,0.25058399155735966,0.10955743960403681,False
1997-10-07 15:00:00,0.1864558,0.19080494,0.15520021,0.18637283289432524,0.10912724893846704,False
1997-10-07 16:00:00,0.08017685,0.15930744,0.13255042,0.11220421013981104,0.10903794596573183,False
1997-10-07 17:00:00,0.010447973,0.14946936,0.12501165,0.06793330399133264,0.10973372550172886,False
1997-10-07 18:00:00,0.0,0.1541825,0.129727,0.06389859849214553,0.11102342131944412,False
1997-10-07 19:00:00,0.0,0.16442582,0.13836363,0.06814476361870765,0.11263890709542707,False
1997-10-07 20:00:00,0.0,0.17404212,0.14645608,0.0721301706880331,0.1145600893604666,False
1997-10-07 21:00:00,0.0,0.17331372,0.14821848,0.07195656149089337,0.11683284159448036,False
1997-10-07 22:00:00,0.0,0.19030601,0.16188075,0.07896447721123695,0.11951351217740253,False
1997-10-07 23:00:00,0.0,0.18044642,0.15599072,0.07500822642445565,0.1228450953515809,False
1997-10-08 00:00:00,0.0,0.1701084,0.15045136,0.0708943705111742,0.1263086132600535,False
1997-10-08 01:00:00,0.0,0.1611961,0.14433369,0.06727537934482097,0.12986453733501063,False
1997-10-08 02:00:00,0.0,0.15563338,0.13907787,0.06493892048299313,0.13338023351483086,False
1997-10-08 03:00:00,0.0,0.14879982,0.13217168,0.062044404700398445,0.13676142372354905,False
1997-10-08 04:00:00,0.0,0.14402394,0.12871446,0.06009541453421116,0.13992264886760192,False
1997-10-08 05:00:00,0.0,0.14147267,0.12545459,0.058977962136268616,0.1429164914174568,False
1997-10-08 06:00:00,0.005536755,0.14350913,0.12542146,0.06292233744775876,0.14572815936269276,False
1997-10-08 07:00:00,0.055542473,0.16094232,0.13952939,0.0989703085757792,0.14849652351218293,False
1997-10-08 08:00:00,0.1419641,0.17611714,0.15217188,0.1551177866756916,0.15117189951291948,False
1997-10-08 09:00:00,0.22395396,0.24701828,0.20460464,0.23141983130574226,0.1536685816427198,False
1997-10-08 10:00:00,0.28497452,0.31069604,0.25577864,0.29288917914032936,0.15616826969498165,False
1997-10-08 11:00:00,0.31565398,0.30977845,0.24781866,0.3098228029310703,0.15823149277879564,False
1997-10-08 12:00:00,0.2989167,0.28027064,0.22151874,0.28785681113600736,0.16095542150693654,False
1997-10-08 13:00:00,0.25019446,0.24029863,0.188108,0.24319022938609122,0.16437712474187233,False
1997-10-08 14:00:00,0.18649915,0.19894424,0.15649125,0.1894709610939026,0.1679500308069837,False
1997-10-08 15:00:00,0.114060484,0.18022129,0.1423407,0.14000095304101703,0.17153584907161712,False
1997-10-08 16:00:00,0.0520646,0.18367213,0.14483698,0.10563748774304985,0.17515048994330087,False
1997-10-08 17:00:00,0.0070025423,0.19137,0.15215945,0.08287260564649478,0.17874154861663796,False
1997-10-08 18:00:00,0.0,0.2205175,0.17729732,0.090945013448596,0.1819903280666767,False
1997-10-08 19:00:00,0.0,0.25951806,0.2138752,0.10731142410635948,0.18498050325798976,False
1997-10-08 20:00:00,0.0,0.30321154,0.25918743,0.12588117948174476,0.1877098669658153,False
1997-10-08 21:00:00,0.0,0.34925297,0.30189618,0.14517673954367638,0.19008413575745362,False
1997-10-08 22:00:00,0.0,0.42004868,0.36007372,0.1744419449865818,0.1921276540185063,False
1997-10-08 23:00:00,0.0,0.4336247,0.3645493,0.17969318237900733,0.19382857324431824,False
1997-10-09 00:00:00,0.0,0.44778195,0.36642075,0.18501825991272927,0.19524301412950443,False
1997-10-09 01:00:00,0.0,0.4506333,0.3615095,0.18580519616603852,0.19645146097398536,False
1997-10-09 02:00:00,0.0,0.4391262,0.34981957,0.1809278222322464,0.19747664555224761,False
1997-10-09 03:00:00,0.0,0.4177078,0.3314799,0.17203409349918364,0.19854387799806134,False
1997-10-09 04:00:00,0.0,0.39753824,0.31439137,0.16366874653100966,0.19969195405083884,False
1997-10-09 05:00:00,0.0,0.37990016,0.30031168,0.15639998906850816,0.20101781427643434,False
1997-10-09 06:00:00,0.0030551555,0.39049995,0.31238237,0.1627259540709201,0.2025509475708677,False
1997-10-09 07:00:00,0.03211514,0.43297026,0.35472348,0.19745152766257523,0.20430810232837876,False
1997-10-09 08:00:00,0.08042872,0.4698238,0.39222923,0.24095273450016974,0.20604066560825837,False
1997-10-09 09:00:00,0.14394961,0.52230513,0.43160802,0.29909635315835476,0.2073700437887746,False
1997-10-09 10:00:00,0.19999531,0.55563796,0.44869882,0.344657435208559,0.20782804877253752,False
1997-10-09 11:00:00,0.24929334,0.6263106,0.5330869,0.40373755742609496,0.20767634214714054,False
1997-10-09 12:00:00,0.2831783,0.70458084,0.6183658,0.4567759646475315,0.2074028581697979,False
1997-10-09 13:00:00,0.27812025,0.7133756,0.62212014,0.4573054783642292,0.2077255122671389,False
1997-10-09 14:00:00,0.23874554,0.6853446,0.59361005,0.4227032682597638,0.20886820987368507,False
1997-10-09 15:00:00,0.15834355,0.64575183,0.55979514,0.3598755947351456,0.21093951704668384,False
1997-10-09 16:00:00,0.07347835,0.58355016,0.4971854,0.28457502645999194,0.21334280689515675,False
1997-10-09 17:00:00,0.009373009,0.5277975,0.43905938,0.22387471759319305,0.21567048457564666,False
1997-10-09 18:00:00,0.0,0.50135475,0.41531673,0.20742700767517092,0.21759662700556992,False
1997-10-09 19:00:00,0.0,0.48164898,0.3967731,0.19915422159433366,0.21918648841996521,False
1997-10-09 20:00:00,0.0,0.45039028,0.36853814,0.18609507268667222,0.2204607250096354,False
1997-10-09 21:00:00,0.0,0.41197923,0.3337982,0.17004543802142144,0.22136508151721984,False
1997-10-09 22:00:00,0.0,0.38937822,0.31348217,0.16060860005021094,0.2218816100975576,False
1997-10-09 23:00:00,0.0,0.34688488,0.27594203,0.14290138891339302,0.22222137924861937,False
1997-10-10 00:00:00,0.0,0.31345555,0.24508741,0.1288998190462589,0.22262328495663433,False
1997-10-10 01:00:00,0.0,0.28328612,0.22132702,0.1164842391014099,0.223038990970895,False
1997-10-10 02:00:00,0.0,0.28225678,0.22246899,0.11616607788205147,0.2236294904278669,False
1997-10-10 03:00:00,0.0,0.28417608,0.22761261,0.11715205523371697,0.22445599457268445,False
1997-10-10 04:00:00,0.0,0.29945543,0.24514167,0.12373670536279678,0.2253451896647069,False
1997-10-10 05:00:00,0.0,0.32065064,0.26385695,0.13256836026906968,0.22635010458548396,False
1997-10-10 06:00:00,0.0032242609,0.35130283,0.29212263,0.14726576580828987,0.22737282503229408,False
1997-10-10 07:00:00,0.029551882,0.3990846,0.32999432,0.1821333460099995,0.22831098004348072,False
1997-10-10 08:00:00,0.07098816,0.4314692,0.34732655,0.2189279393404722,0.2290294075719527,False
1997-10-10 09:00:00,0.10886639,0.46273413,0.36739382,0.25340407052636144,0.23026306529400364,False
1997-10-10 10:00:00,0.14476147,0.4908361,0.38817343,0.28560726112127305,0.2318571604421498,False
1997-10-10 11:00:00,0.16639438,0.486721,0.39048076,0.29669557201862334,0.23302233175928508,False
1997-10-10 12:00:00,0.17788438,0.4862107,0.39431792,0.30334420780837534,0.23342906457956997,False
1997-10-10 13:00:00,0.17285807,0.47982767,0.393411,0.298039714500308,0.2328262528773533,False
1997-10-10 14:00:00,0.16002011,0.4759883,0.3874522,0.2888937053978443,0.23170783885097868,False
1997-10-10 15:00:00,0.11458349,0.4581757,0.37365484,0.2553588657677173,0.2295523812714479,False
1997-10-10 16:00:00,0.05625834,0.44755512,0.36587247,0.21736601640656592,0.2268985839122421,False
1997-10-10 17:00:00,0.0071974937,0.41401136,0.3408203,0.1753274422828108,0.22395617608884152,False
1997-10-10 18:00:00,0.0,0.40450287,0.33327413,0.1672583613395691,0.22112656850925605,False
1997-10-10 19:00:00,0.0,0.4074423,0.33571428,0.16847478041052819,0.21822585853374524,False
1997-10-10 20:00:00,0.0,0.40897954,0.3403119,0.1692902918457985,0.21524834090470296,False
1997-10-10 21:00:00,0.0,0.41011944,0.3451118,0.169970111399889,0.21237191299674063,False
1997-10-10 22:00:00,0.0,0.46029332,0.3870857,0.19075086423754692,0.20975368375563022,False
1997-10-10 23:00:00,0.0,0.47975412,0.40658122,0.19898465636372567,0.2073837136006817,False
1997-10-11 00:00:00,0.0,0.4939142,0.42070025,0.20497214859724044,0.20527913314149676,False
1997-10-11 01:00:00,0.0,0.516038,0.4394657,0.21414917010068893,0.20344458824208897,False
1997-10-11 02:00:00,0.0,0.53186905,0.45074704,0.22060002118349073,0.20189516560173554,False
1997-10-11 03:00:00,0.0,0.51810116,0.4358543,0.21471545791625976,0.20040128999854398,False
1997-10-11 04:00:00,0.0,0.51168483,0.42764738,0.21190466272830963,0.19895370907149237,False
1997-10-11 05:00:00,0.0,0.49617204,0.414872,0.2054905705153942,0.19738950782407966,False
1997-10-11 06:00:00,0.0035349538,0.49678364,0.4148993,0.20775739460787734,0.19569384609534365,False
1997-10-11 07:00:00,0.052068666,0.48766145,0.40639544,0.23193604902923104,0.19367785590511144,False
1997-10-11 08:00:00,0.13726038,0.5321424,0.45571336,0.3001683051586151,0.19134456948521256,False
1997-10-11 09:00:00,0.21628414,0.6043881,0.51477325,0.37561292026937004,0.18904244084536426,False
1997-10-11 10:00:00,0.27963257,0.57802886,0.4804633,0.40058565843105315,0.18709088106085253,False
1997-10-11 11:00:00,0.31182674,0.58790606,0.4888772,0.4232607327997684,0.1851542916996841,False
1997-10-11 12:00:00,0.31117785,0.6002794,0.49607942,0.42784100294113153,0.18338252212887646,False
1997-10-11 13:00:00,0.2837019,0.5802208,0.4782246,0.40362160509824757,0.1818638907382701,False
1997-10-11 14:00:00,0.21688156,0.47015035,0.38176233,0.3192413044422865,0.18023179738724623,False
1997-10-11 15:00:00,0.14168297,0.3649104,0.29796878,0.232493321493268,0.17835537355459624,False
1997-10-11 16:00:00,0.054895323,0.2697066,0.22487244,0.14333945093676448,0.17619298575450376,False
1997-10-11 17:00:00,0.005372865,0.20479634,0.17376962,0.08805355377309024,0.17383654033435836,False
1997-10-11 18:00:00,0.0,0.16470873,0.13732234,0.06819292885065079,0.17163073657218775,False
1997-10-11 19:00:00,0.0,0.1363776,0.109445184,0.05623337540030479,0.16953432578638603,False
1997-10-11 20:00:00,0.0,0.11655188,0.09294237,0.04802653310447931,0.16741124847576427,False
1997-10-11 21:00:00,0.0,0.10772109,0.085580595,0.044370434448122976,0.1652528839115839,False
1997-10-11 22:00:00,0.0,0.11361803,0.09120332,0.04685003261268139,0.16305341787774522,False
1997-10-11 23:00:00,0.0,0.10158497,0.08141986,0.04188152687251567,0.1605562209100317,False
1997-10-12 00:00:00,0.0,0.09913739,0.07888829,0.04084166387468577,0.15784674966846068,False
1997-10-12 01:00:00,0.0,0.1021267,0.08198517,0.04211195236444473,0.1549739107168134,False
1997-10-12 02:00:00,0.0,0.10776602,0.08693312,0.04446004892885685,0.15190656065799701,False
1997-10-12 03:00:00,0.0,0.11535367,0.0944938,0.047668170735239976,0.14871595772773433,False
1997-10-12 04:00:00,0.0,0.117707916,0.09668194,0.04865504548698663,0.14561441263322195,False
1997-10-12 05:00:00,0.0,0.123837836,0.10148955,0.05117659728974104,0.1425046212714951,False
1997-10-12 06:00:00,0.0018664361,0.11939916,0.099315055,0.05049823667714372,0.1394791123713221,False
1997-10-12 07:00:00,0.033491403,0.122531414,0.10364753,0.07013559785485267,0.13635471563593696,False
1997-10-12 08:00:00,0.092887335,0.13233747,0.11106014,0.10842576462775469,0.13326603254382402,False
1997-10-12 09:00:00,0.17001751,0.14888652,0.12388838,0.15972920086979867,0.1298365498983136,False
1997-10-12 10:00:00,0.22818622,0.14733404,0.12261597,0.19265097178518772,0.1259347455163321,False
1997-10-12 11:00:00,0.24245617,0.17350307,0.14316279,0.21165063261985778,0.12216302146888239,False
1997-10-12 12:00:00,0.2646008,0.18815057,0.15458651,0.23044990105926988,0.11820876911315037,False
1997-10-12 13:00:00,0.24140087,0.19444129,0.16040921,0.21969923365116117,0.11407685256223096,False
1997-10-12 14:00:00,0.20475781,0.19497257,0.16176343,0.198825361430645,0.11025514150288168,False
1997-10-12 15:00:00,0.13842374,0.17275065,0.1471993,0.15156425136327745,0.10741809934596433,False
1997-10-12 16:00:00,0.06518019,0.16023293,0.13929102,0.10425663623958825,0.10524596744466785,False
1997-10-12 17:00:00,0.0067998124,0.15734328,0.13825367,0.06944886169862002,0.10388802632256314,False
1997-10-12 18:00:00,0.0,0.15977423,0.14211024,0.06663064362108707,0.10299797211419112,False
1997-10-12 19:00:00,0.0,0.15964031,0.14184804,0.06656706950068474,0.10248894350854,False
1997-10-12 20:00:00,0.0,0.15752721,0.1400232,0.06568879276514053,0.10224761350005185,False
1997-10-12 21:00:00,0.0,0.15447019,0.13696744,0.06439574177563191,0.10218556043663314,False
1997-10-12 22:00:00,0.0,0.16983865,0.15212865,0.07088540978729725,0.1022160824972137,False
1997-10-12 23:00:00,0.0,0.16521533,0.14751075,0.06893003676831722,0.10225190490735014,False
1997-10-13 00:00:00,0.0,0.16081062,0.14327334,0.06707587891817092,0.10240537352551958,False
1997-10-13 01:00:00,0.0,0.16040768,0.14307286,0.06691636727750301,0.10255547897908157,False
1997-10-13 02:00:00,0.0,0.16163304,0.14460161,0.06745108053088188,0.10266814160923725,False
1997-10-13 03:00:00,0.0,0.15787695,0.14045736,0.06584129337966442,0.10272589675960382,False
1997-10-13 04:00:00,0.0,0.15033849,0.13258845,0.06263467736542225,0.10271959880291735,False
1997-10-13 05:00:00,0.0,0.14486335,0.12614012,0.060266143307089806,0.1026515700250796,False
1997-10-13 06:00:00,0.0026188653,0.13537237,0.117090024,0.057786351309390735,0.10250281376037067,False
1997-10-13 07:00:00,0.04541142,0.13864362,0.11698843,0.08367926060780882,0.10238051847137587,False
1997-10-13 08:00:00,0.12216016,0.15734573,0.12974358,0.1355531381741166,0.10230837190564487,False
1997-10-13 09:00:00,0.19690295,0.1808956,0.14745991,0.18832630993425845,0.10249427006077408,False
1997-10-13 10:00:00,0.2560433,0.17333482,0.1452848,0.21954290415346622,0.10242177220629915,False
1997-10-13 11:00:00,0.28724313,0.16350152,0.13676436,0.2334566197246313,0.10221415302027403,False
1997-10-13 12:00:00,0.2862628,0.15564895,0.12779455,0.2295090084969997,0.10223651066618428,False
1997-10-13 13:00:00,0.2691001,0.15726729,0.12735347,0.22017947424948214,0.10200850707581655,False
1997-10-13 14:00:00,0.20954034,0.15065153,0.12163133,0.18306328091025353,0.101760219993322,False
1997-10-13 15:00:00,0.13059889,0.12766372,0.106805936,0.12823099023103712,0.10120083443380037,False
1997-10-13 16:00:00,0.0534215,0.113772176,0.099113666,0.07815827707573772,0.10067596151922285,False
1997-10-13 17:00:00,0.0047201873,0.10233511,0.089736074,0.045330951771233224,0.09994478358601919,False
1997-10-13 18:00:00,0.0,0.10511806,0.09205541,0.04375955577939749,0.0991273739085688,False
1997-10-13 19:00:00,0.0,0.10712103,0.09484955,0.04464953499287366,0.09822035612786809,False
1997-10-13 20:00:00,0.0,0.108047396,0.09589809,0.045047986060380935,0.09724664211521544,False
1997-10-13 21:00:00,0.0,0.11012566,0.09628008,0.04583549335598946,0.09622756266306776,False
1997-10-13 22:00:00,0.0,0.11642885,0.10383818,0.04856950829923153,0.09518135753871562,False
1997-10-13 23:00:00,0.0,0.118336424,0.10336815,0.04924802054464817,0.09403849239639626,False
1997-10-14 00:00:00,0.0,0.115835875,0.09820903,0.048046725645661356,0.09286988152672225,False
1997-10-14 01:00:00,0.0,0.114289075,0.09902018,0.0475197586119175,0.09167922789630635,False
1997-10-14 02:00:00,0.0,0.11354525,0.09877963,0.04723229614645243,0.09045676064448586,False
1997-10-14 03:00:00,0.0,0.113754295,0.099824704,0.04736586881428957,0.08920640317249733,False
1997-10-14 04:00:00,0.0,0.109041445,0.095432796,0.04538966415077447,0.08800448527249197,False
1997-10-14 05:00:00,0.0,0.10595191,0.09148224,0.0440362965837121,0.08688275548249172,False
1997-10-14 06:00:00,0.0020552783,0.10441002,0.09101609,0.04462806280539371,0.08583652727053656,False
1997-10-14 07:00:00,0.038084928,0.107692204,0.09183585,0.06667256269976496,0.08492288358579389,False
1997-10-14 08:00:00,0.12076533,0.11540468,0.09412879,0.1173488760739565,0.08389357450119375,False
1997-10-14 09:00:00,0.19424345,0.107156835,0.08574006,0.1562493038550019,0.08253124365928427,False
1997-10-14 10:00:00,0.2613715,0.07730631,0.061997622,0.1826852508559823,0.08083581195713485,False
1997-10-14 11:00:00,0.30963486,0.082527794,0.06688383,0.21272379962354898,0.07897584815505737,False
1997-10-14 12:00:00,0.3154739,0.09080586,0.07351701,0.2195057287216186,0.07718135881132912,False
1997-10-14 13:00:00,0.29109848,0.09634595,0.078999564,0.20778145369142295,0.07554580618910647,False
1997-10-14 14:00:00,0.22791314,0.09800261,0.07974089,0.17197485457360745,0.07373653768495811,False
1997-10-14 15:00:00,0.15252967,0.092785224,0.07635154,0.1263703514635563,0.07227507659742452,False
1997-10-14 16:00:00,0.06292809,0.07937519,0.065947086,0.06916009544581174,0.0711281170096481,False
1997-10-14 17:00:00,0.004568169,0.06676571,0.054459564,0.03021319718100131,0.07028346511290873,False
1997-10-14 18:00:00,0.0,0.05605009,0.044653844,0.023093790147453545,0.06972380604304877,False
1997-10-14 19:00:00,0.0,0.04825969,0.03742539,0.01982879689335823,0.0691967619502781,False
1997-10-14 20:00:00,0.0,0.04088863,0.031205086,0.01677297906205058,0.06862801605429072,False
1997-10-14 21:00:00,0.0,0.03465772,0.02572587,0.014177895806729793,0.06803520104627629,False
1997-10-14 22:00:00,0.0,0.03919166,0.029002974,0.01602788295596838,0.0674070968044786,False
1997-10-14 23:00:00,0.0,0.03143434,0.022915632,0.012836715023964643,0.06669560498244634,False
1997-10-15 00:00:00,0.0,0.024302965,0.017716862,0.009924504658207297,0.06594072196365838,False
1997-10-15 01:00:00,0.0,0.020172931,0.014706066,0.008237939190119505,0.0651672516275527,False
1997-10-15 02:00:00,0.0,0.018204067,0.013270763,0.0074339218754321335,0.0644199136662161,False
1997-10-15 03:00:00,0.0,0.019955711,0.014547716,0.008149234179407359,0.06370086722647345,False
1997-10-15 04:00:00,0.0,0.021512367,0.015807113,0.00879164744541049,0.06296376249427946,False
1997-10-15 05:00:00,0.0,0.024570676,0.018159442,0.010047189133241773,0.06225815255545118,False
1997-10-15 06:00:00,0.0019020208,0.031398058,0.023113057,0.01393145444174297,0.06159301426169501,False
1997-10-15 07:00:00,0.029061133,0.042843964,0.031383853,0.034272424547001724,0.06094434074483676,False
1997-10-15 08:00:00,0.08210884,0.055794206,0.040673982,0.0701612577624619,0.06016847068382291,False
1997-10-15 09:00:00,0.13941479,0.06490074,0.04731264,0.10694558823108671,0.05908595411122951,True
1997-10-15 10:00:00,0.18677673,0.05508409,0.040156305,0.13026464165374635,0.058005609019276254,True
1997-10-15 11:00:00,0.22135675,0.047991965,0.034986142,0.14732113122567536,0.056887539254118255,True
1997-10-15 12:00:00,0.22965536,0.0452813,0.033010066,0.1510024826303124,0.05554696249252204,True
1997-10-15 13:00:00,0.19914031,0.04513262,0.032901682,0.1333345860503614,0.05377899929716659,True
1997-10-15 14:00:00,0.16679981,0.040820383,0.029758058,0.11291314870864153,0.0519613350356667,True
1997-10-15 15:00:00,0.1011051,0.036338203,0.02649055,0.07317693001776934,0.0502164202438289,True
1997-10-15 16:00:00,0.038766794,0.03731868,0.02733246,0.03761498603224754,0.04874636261280101,True
1997-10-15 17:00:00,0.002204041,0.042073723,0.030932982,0.01846731641795486,0.04783734699721389,True
1997-10-15 18:00:00,0.0,0.045178667,0.033157617,0.018461439326405524,0.04736686650170789,True
1997-10-15 19:00:00,0.0,0.042474713,0.03104746,0.017349731985479594,0.04705260643487175,True
1997-10-15 20:00:00,0.0,0.04063203,0.029623073,0.01659286567568779,0.04686129311736052,True
1997-10-15 21:00:00,0.0,0.03841282,0.028002944,0.01568648974969983,0.04681401419693915,True
1997-10-15 22:00:00,0.0,0.035301484,0.025771355,0.01441790084168315,0.04688820140490618,True
1997-10-15 23:00:00,0.0,0.03186758,0.023231465,0.013013635642826557,0.04703173534230639,True
1997-10-16 00:00:00,0.0,0.026741084,0.019494252,0.010920149512588977,0.04725869731938776,True
1997-10-16 01:00:00,0.0,0.028498933,0.020952413,0.011647536467760802,0.04756310967398652,True
1997-10-16 02:00:00,0.0,0.031007271,0.02363674,0.012718067038804293,0.0479128678002938,True
1997-10-16 03:00:00,0.0,0.029268341,0.021941181,0.011984841668978334,0.048306077008213225,True
1997-10-16 04:00:00,0.0,0.028195519,0.020671122,0.011520387087017298,0.048705381401659295,True
1997-10-16 05:00:00,0.0,0.02965092,0.02163832,0.012109658483415841,0.04909725307541278,True
1997-10-16 06:00:00,0.0013448875,0.031126019,0.022782093,0.013491733996197582,0.049477625789780474,True
1997-10-16 07:00:00,0.03285425,0.02564821,0.018698279,0.029430799771100278,0.049805104683728126,True
1997-10-16 08:00:00,0.09973345,0.019203069,0.013999035,0.06538808058947325,0.05013273211389362,True
1997-10-16 09:00:00,0.17164327,0.013112187,0.009558784,0.10439273944124579,0.05050620546749996,True
1997-10-16 10:00:00,0.2173859,0.008781916,0.006402017,0.1290179021283984,0.05108363491233952,True
1997-10-16 11:00:00,0.24963911,0.010613884,0.0077375215,0.14837611506693063,0.0520372473736376,True
1997-10-16 12:00:00,0.22510366,0.011652985,0.008495025,0.13464349534455686,0.0531110945537924,True
1997-10-16 13:00:00,0.2009295,0.0112576755,0.008206844,0.12053356913942843,0.05416005984258421,True
1997-10-16 14:00:00,0.1450475,0.011084509,0.008080607,0.08821894456539302,0.05516241461154277,True
1997-10-16 15:00:00,0.08905589,0.010829348,0.007894595,0.055807585174217814,0.05603406438936993,True
1997-10-16 16:00:00,0.03524587,0.012710361,0.009265855,0.025527345897629856,0.05677326227995459,True
1997-10-16 17:00:00,0.0019281253,0.015960205,0.011634988,0.007630133396713063,0.05732674199279911,True
1997-10-16 18:00:00,0.0,0.019563133,0.014639091,0.008009306939318776,0.05771078418211982,True
1997-10-16 19:00:00,0.0,0.025912222,0.020076813,0.010645757652819157,0.05808646331045747,True
1997-10-16 20:00:00,0.0,0.035221945,0.027901722,0.014503590881824494,0.05849586513538815,True
1997-10-16 21:00:00,0.0,0.042796843,0.03605272,0.017738881789147856,0.05891662446635745,True
1997-10-16 22:00:00,0.0,0.05489823,0.049260475,0.02291751195117831,0.05936089442454248,True
1997-10-16 23:00:00,0.0,0.056957074,0.050254256,0.023730889923870565,0.05983671498944022,True
1997-10-17 00:00:00,0.0,0.058756553,0.052872773,0.02453629767894745,0.06028615047496714,False
1997-10-17 01:00:00,0.0,0.05991674,0.054019496,0.02502632925286889,0.06075219352536805,False
1997-10-17 02:00:00,0.0,0.06305914,0.056280367,0.02630796385556459,0.06119438378669292,False
1997-10-17 03:00:00,0.0,0.06546894,0.058477912,0.027315845064818857,0.061639422869709956,False
1997-10-17 04:00:00,0.0,0.06613735,0.059200097,0.027601487785577774,0.06214585518050443,False
1997-10-17 05:00:00,0.0,0.067820325,0.060729247,0.02830507942289114,0.062676178992544,False
1997-10-17 06:00:00,0.0013629821,0.06911224,0.06225155,0.029650441351230256,0.06322017136267821,False
1997-10-17 07:00:00,0.03322145,0.07387551,0.06610559,0.049998541194945574,0.06378197350921254,False
1997-10-17 08:00:00,0.095776066,0.07873286,0.069865964,0.08808797873556613,0.06463195570854925,False
1997-10-17 09:00:00,0.17335498,0.083135426,0.073322296,0.13466220158338546,0.06601257831604986,False
1997-10-17 10:00:00,0.24661236,0.081146754,0.070362195,0.17603803979605437,0.06792387812873493,False
1997-10-17 11:00:00,0.2869165,0.0801801,0.06904669,0.19886579587310552,0.07030458287935228,False
1997-10-17 12:00:00,0.28917107,0.08316627,0.070606574,0.2013528164923191,0.07294643487810147,False
1997-10-17 13:00:00,0.25525,0.0824495,0.06934249,0.18144761496037243,0.07594230852147787,False
1997-10-17 14:00:00,0.20970851,0.08157947,0.06755005,0.15475233804434535,0.0786159625992659,False
1997-10-17 15:00:00,0.13142411,0.07953141,0.0644375,0.10865842876583337,0.08089950937699904,False
1997-10-17 16:00:00,0.05314893,0.08119862,0.06579241,0.0641820122487843,0.08246896180941013,False
1997-10-17 17:00:00,0.0033262596,0.08471727,0.06891511,0.03690134150534868,0.08324204665662788,False
1997-10-17 18:00:00,0.0,0.08816483,0.073355846,0.0364940374866128,0.08355344915990279,False
1997-10-17 19:00:00,0.0,0.08931407,0.07489123,0.03700101958215237,0.08378017507290494,False
1997-10-17 20:00:00,0.0,0.0889299,0.07359594,0.036789313562214376,0.08398670867278268,False
1997-10-17 21:00:00,0.0,0.089582995,0.07324672,0.03701144774258137,0.08413002455636887,False
1997-10-17 22:00:00,0.0,0.09016167,0.07384501,0.03725728795677423,0.08421126994776566,False
1997-10-17 23:00:00,0.0,0.08396781,0.06671141,0.03458653894811869,0.08415326401225318,False
1997-10-18 00:00:00,0.0,0.08082294,0.06419541,0.03329021593183279,0.08403036129760584,False
1997-10-18 01:00:00,0.0,0.079732284,0.063915856,0.032872669011354445,0.08382194897725276,False
1997-10-18 02:00:00,0.0,0.08268889,0.066069305,0.034079943023622036,0.08355711298931418,False
1997-10-18 03:00:00,0.0,0.08804393,0.07047006,0.03629359258711338,0.08323232017301051,False
1997-10-18 04:00:00,0.0,0.08972956,0.071587436,0.03697593006491661,0.08285426973406719,False
1997-10-18 05:00:00,0.0,0.09255449,0.075346045,0.038221292249858374,0.08246433529415662,False
1997-10-18 06:00:00,0.0015254023,0.09575673,0.07858974,0.0404582370298449,0.08207899475430167,False
1997-10-18 07:00:00,0.048262976,0.10258137,0.08388303,0.07022994533926248,0.08170973407827113,False
1997-10-18 08:00:00,0.15193285,0.10667738,0.085717715,0.13165796574950217,0.08149152140025155,False
1997-10-18 09:00:00,0.26180476,0.1093452,0.08750752,0.1961351304501295,0.08168143433022729,False
1997-10-18 10:00:00,0.3538432,0.0954686,0.072153375,0.24329173015803096,0.0821439080535662,False
1997-10-18 11:00:00,0.41029695,0.09376807,0.0711714,0.2751850110068917,0.08273659537058117,False
1997-10-18 12:00:00,0.4171564,0.091883935,0.07112993,0.278445430226624,0.08352844726675296,False
1997-10-18 13:00:00,0.37565067,0.07810581,0.0610645,0.2488689648732543,0.08437885416548183,False
1997-10-18 14:00:00,0.2923339,0.07077867,0.05620742,0.19782918989658355,0.0851698763420257,False
1997-10-18 15:00:00,0.1810574,0.06477407,0.051288012,0.13114130192995072,0.08557393913965157,False
1997-10-18 16:00:00,0.066817015,0.058648273,0.045199774,0.0626354185640812,0.08564979588085891,False
1997-10-18 17:00:00,0.0032359587,0.05066786,0.0372938,0.022577453553909436,0.08532549882083305,False
1997-10-18 18:00:00,0.0,0.046243098,0.033860143,0.01889215076342225,0.0849155643668855,False
1997-10-18 19:00:00,0.0,0.050331634,0.036796253,0.020559370446950196,0.08453518392545083,False
1997-10-18 20:00:00,0.0,0.052340176,0.038319044,0.021382753293961287,0.08421582235469395,False
1997-10-18 21:00:00,0.0,0.052961465,0.038812593,0.021638660576194523,0.08396211550574662,False
1997-10-18 22:00:00,0.0,0.04930192,0.035941094,0.020133227046579123,0.08377878801435143,False
1997-10-18 23:00:00,0.0,0.043665633,0.031832244,0.017831559620797636,0.08367609063027338,False
1997-10-19 00:00:00,0.0,0.035586964,0.025942897,0.014532506301999093,0.08375510631598444,False
1997-10-19 01:00:00,0.0,0.030154817,0.02198286,0.012314201831817627,0.08393382205352098,False
1997-10-19 02:00:00,0.0,0.02624584,0.019133218,0.010717908672988415,0.08417168511686758,False
1997-10-19 03:00:00,0.0,0.022453936,0.01636892,0.009169423995539546,0.08441083778491155,False
1997-10-19 04:00:00,0.0,0.021756548,0.015860524,0.00888463466987014,0.08460453016454267,False
1997-10-19 05:00:00,0.0,0.024019467,0.01751019,0.009808733509853482,0.08476688255512999,False
1997-10-19 06:00:00,0.0013212318,0.027337188,0.019928811,0.011925928901764565,0.0848903090395397,False
1997-10-19 07:00:00,0.046376258,0.03125929,0.022788025,0.039524332650005815,0.08495686728405294,False
1997-10-19 08:00:00,0.14223485,0.036958046,0.02771803,0.09720379937440156,0.0847337600418335,False
1997-10-19 09:00:00,0.24270757,0.041034743,0.031052867,0.15686094030365347,0.08401127303922233,False
1997-10-19 10:00:00,0.32797047,0.03717223,0.02836136,0.2044870310127735,0.08275729668655427,False
1997-10-19 11:00:00,0.38549292,0.035147984,0.02732714,0.2368746868893504,0.08126348825391685,False
1997-10-19 12:00:00,0.39558733,0.03381162,0.0267032,0.24217234763130543,0.07965589817771372,False
1997-10-19 13:00:00,0.35716146,0.03243839,0.025273144,0.21941667943447826,0.07807543914504034,False
1997-10-19 14:00:00,0.2793025,0.031586174,0.024713097,0.17414735233038664,0.07685457681324018,False
1997-10-19 15:00:00,0.1713613,0.032542676,0.026219193,0.11229955234378575,0.07602788068574226,False
1997-10-19 16:00:00,0.06010572,0.033750586,0.027421989,0.048615753367543216,0.07573609551588378,False
1997-10-19 17:00:00,0.002591522,0.038110588,0.030858753,0.017224487715866415,0.07591480371312234,False
1997-10-19 18:00:00,0.0,0.044224627,0.03549794,0.01823577629774809,0.07645768864508742,False
1997-10-19 19:00:00,0.0,0.052620113,0.041756343,0.02167166418582201,0.07705314105036692,False
1997-10-19 20:00:00,0.0,0.059840094,0.046859074,0.02461138481274247,0.07759981143018255,False
1997-10-19 21:00:00,0.0,0.06850663,0.054310784,0.028211728155612945,0.0781170237160756,False
1997-10-19 22:00:00,0.0,0.07846765,0.06246759,0.032327813521027565,0.07856654366394528,False
1997-10-19 23:00:00,0.0,0.09262556,0.07778631,0.03837929186224937,0.07889082235456468,False
1997-10-20 00:00:00,0.0,0.10068443,0.087333664,0.041868571333587165,0.07920249036639021,False
1997-10-20 01:00:00,0.0,0.10618844,0.094565965,0.04429009605199099,0.0794765819277151,False
1997-10-20 02:00:00,0.0,0.10905949,0.098450355,0.04555927108973264,0.07968040421730863,False
1997-10-20 03:00:00,0.0,0.10902251,0.0992874,0.04559082680940628,0.07986179954311834,False
1997-10-20 04:00:00,0.0,0.10735044,0.09549135,0.044768844813108444,0.08005105580084515,False
1997-10-20 05:00:00,0.0,0.10610008,0.09249691,0.04414576350152493,0.08023549371908908,False
1997-10-20 06:00:00,0.0009359697,0.10373083,0.089561164,0.043653032766480464,0.08038859832412587,False
1997-10-20 07:00:00,0.03075668,0.10051675,0.0867317,0.05952079771272838,0.08050296001784105,False
1997-10-20 08:00:00,0.09495158,0.10153251,0.087519124,0.09697858962416649,0.08044794217081652,False
1997-10-20 09:00:00,0.15974681,0.10541188,0.09024763,0.13594426552206276,0.08021322113752588,False
1997-10-20 10:00:00,0.22077759,0.106580764,0.09022141,0.17158892539143558,0.07989791314835262,False
1997-10-20 11:00:00,0.26630628,0.10723635,0.088736124,0.19802068734914063,0.07950862672874305,False
1997-10-20 12:00:00,0.274943,0.10636321,0.08691233,0.20258339665830136,0.07899399242483923,False
1997-10-20 13:00:00,0.24897571,0.1127455,0.092694424,0.19026757294684646,0.0784256467693849,False
1997-10-20 14:00:00,0.18896924,0.118743144,0.09807971,0.15814777577668426,0.07794365595323566,False
1997-10-20 15:00:00,0.11515677,0.122159995,0.103946656,0.11713561377674342,0.077651232139399,False
1997-10-20 16:00:00,0.03821323,0.117909186,0.104738675,0.07121341203153134,0.07757137785995291,False
1997-10-20 17:00:00,0.0013505925,0.1145858,0.103231065,0.0486359302882338,0.07759034385155489,False
1997-10-20 18:00:00,0.0,0.11366377,0.10244324,0.04747386621683836,0.07770774016110468,False
1997-10-20 19:00:00,0.0,0.11221687,0.09984305,0.046799548678100114,0.07781293991208318,False
1997-10-20 20:00:00,0.0,0.111148335,0.096207544,0.046208943016827105,0.07784826297802161,False
1997-10-20 21:00:00,0.0,0.10433966,0.08730155,0.043215618073940275,0.07781699306029137,False
1997-10-20 22:00:00,0.0,0.08648193,0.070125416,0.035698604196310046,0.07770795251312908,False
1997-10-20 23:00:00,0.0,0.07970394,0.0626087,0.03279162418842316,0.07753657184960563,False
1997-10-21 00:00:00,0.0,0.06746847,0.051722873,0.027688901245594026,0.07726977198384943,False
1997-10-21 01:00:00,0.0,0.053788617,0.041660592,0.02209767173230648,0.07696766321547571,False
1997-10-21 02:00:00,0.0,0.047233753,0.0369561,0.01942488431185484,0.0766489999801876,False
1997-10-21 03:00:00,0.0,0.04441917,0.03450094,0.018253724366426468,0.07634404914034772,False
1997-10-21 04:00:00,0.0,0.043287165,0.032679457,0.017737654745578764,0.07605745657114554,False
1997-10-21 05:00:00,0.0,0.041962177,0.030994656,0.01715775455161929,0.07580103458138424,False
1997-10-21 06:00:00,0.0005120979,0.041870452,0.030918755,0.017415290200093293,0.07557283243816587,False
1997-10-21 07:00:00,0.03228635,0.044665597,0.032826792,0.0368834759928286,0.07538582212884405,False
1997-10-21 08:00:00,0.11452563,0.048622806,0.035446025,0.08593718977645039,0.07537191882674232,False
1997-10-21 09:00:00,0.20786944,0.053347953,0.038890652,0.14172615682333708,0.07578895051132227,False
1997-10-21 10:00:00,0.28918922,0.046377767,0.033809394,0.18580128287151454,0.07666471071222136,False
1997-10-21 11:00:00,0.334796,0.046514504,0.03390907,0.21217224030196666,0.07773977025418813,False
1997-10-21 12:00:00,0.33896974,0.04727675,0.034464758,0.21489175616949796,0.07896854834110126,False
1997-10-21 13:00:00,0.3048637,0.049893405,0.036372293,0.19628112025931477,0.08030538935205549,False
1997-10-21 14:00:00,0.23910867,0.054123405,0.040255036,0.16011100926622746,0.08150832392514953,False
1997-10-21 15:00:00,0.14930363,0.054257028,0.042546466,0.10846654693037272,0.08246166093607704,False
1997-10-21 16:00:00,0.049564846,0.050551888,0.042102933,0.04952612096443772,0.0829950204139944,False
1997-10-21 17:00:00,0.0016088744,0.052777357,0.045487873,0.022859510574257003,0.08311259060158044,False
1997-10-21 18:00:00,0.0,0.055901706,0.04921546,0.02328536434471607,0.08308240650644196,False
1997-10-21 19:00:00,0.0,0.05599923,0.050063986,0.023367171350866557,0.08307819456098271,False
1997-10-21 20:00:00,0.0,0.05535164,0.04973469,0.023110428761690855,0.08310400804973808,False
1997-10-21 21:00:00,0.0,0.055055887,0.049299255,0.022977781891822813,0.08316170930307028,False
1997-10-21 22:00:00,0.0,0.057745736,0.051728982,0.02410154167190194,0.08329652031747294,False
1997-10-21 23:00:00,0.0,0.06123948,0.055102404,0.025572898305952548,0.08361859636338097,False
1997-10-22 00:00:00,0.0,0.0655056,0.059181176,0.027367350451648235,0.08399555558016193,False
1997-10-22 01:00:00,0.0,0.0695246,0.06184598,0.028994260758161545,0.0844782100329515,False
1997-10-22 02:00:00,0.0,0.07418681,0.065679595,0.030921630777418614,0.08508130498420116,False
1997-10-22 03:00:00,0.0,0.07636507,0.06769765,0.031834383487701415,0.0857315908284266,False
1997-10-22 04:00:00,0.0,0.07786371,0.06905335,0.032460589304566384,0.08640352756719705,False
1997-10-22 05:00:00,0.0,0.07964631,0.07041799,0.033192060627043246,0.08708364491633741,False
1997-10-22 06:00:00,0.00066722854,0.082222916,0.073172055,0.03467653791903285,0.08777955142202457,False
1997-10-22 07:00:00,0.039376944,0.0865204,0.077905804,0.0588534392118454,0.08847289079709297,False
1997-10-22 08:00:00,0.13819836,0.08916579,0.08061998,0.11699611048400402,0.08915161309253744,False
1997-10-22 09:00:00,0.24123335,0.09298709,0.08290512,0.17798075516521927,0.08971552538462613,False
1997-10-22 10:00:00,0.32311437,0.0881852,0.07804549,0.22319178340584037,0.09031912726204852,False
1997-10-22 11:00:00,0.37718654,0.094363205,0.084173724,0.2570020355209708,0.09107937652650919,False
1997-10-22 12:00:00,0.38988486,0.10006652,0.09006769,0.26675176518410443,0.09198350320137735,False
1997-10-22 13:00:00,0.3522157,0.10722745,0.09653777,0.2480084324553609,0.09294744117420486,False
1997-10-22 14:00:00,0.27417162,0.10948854,0.098326966,0.2039079523012042,0.09395593952832132,False
1997-10-22 15:00:00,0.16819744,0.10929526,0.09920365,0.14273686871677638,0.09477689558254254,False
1997-10-22 16:00:00,0.054420173,0.10853699,0.10011467,0.0768567810356617,0.09540048020552543,False
1997-10-22 17:00:00,0.0014444086,0.11062817,0.102442116,0.04718709372158628,0.09609330111876138,False
1997-10-22 18:00:00,0.0,0.112769775,0.104808256,0.047271692834794515,0.09688665270693066,False
1997-10-22 19:00:00,0.0,0.114507824,0.1071335,0.04803859613835812,0.09775371702368768,False
1997-10-22 20:00:00,0.0,0.11665944,0.10983833,0.04897860317677259,0.09872803084463277,False
1997-10-22 21:00:00,0.0,0.11833393,0.11150606,0.049686546765267854,0.09983391649070593,False
1997-10-22 22:00:00,0.0,0.121929646,0.11418917,0.05115825439989567,0.10106365274059984,False
1997-10-22 23:00:00,0.0,0.12149976,0.112078786,0.050885666593909265,0.10239241899647215,False
1997-10-23 00:00:00,0.0,0.12146632,0.11176378,0.05085631497949362,0.10376323695252114,False
1997-10-23 01:00:00,0.0,0.12185493,0.11262518,0.051046229392290116,0.10508836493086465,False
1997-10-23 02:00:00,0.0,0.12100795,0.11086429,0.05063860483467579,0.10628814874872962,False
1997-10-23 03:00:00,0.0,0.12069147,0.11058398,0.05050668782740831,0.10734159823464626,False
1997-10-23 04:00:00,0.0,0.12019907,0.111663535,0.05038328750431537,0.10825624017840649,False
1997-10-23 05:00:00,0.0,0.12065831,0.111821316,0.05056126682460308,0.10899855575016165,False
1997-10-23 06:00:00,0.00049290835,0.12049136,0.110182576,0.05069558020337717,0.10959411828037749,False
1997-10-23 07:00:00,0.032668006,0.12114455,0.10945127,0.06946214617416263,0.11006841910416976,False
1997-10-23 08:00:00,0.109671004,0.11910686,0.10693295,0.11300497979670762,0.11034824604265486,False
1997-10-23 09:00:00,0.19835986,0.13501497,0.118979335,0.17069904693961144,0.11053732849288825,False
1997-10-23 10:00:00,0.27753782,0.1493152,0.1306781,0.22229324756562707,0.11072939091986761,False
1997-10-23 11:00:00,0.32630584,0.16165745,0.14148617,0.2555703206956387,0.11075114650950552,False
1997-10-23 12:00:00,0.32962298,0.17018943,0.15126702,0.2611607788652181,0.11063630161283011,False
1997-10-23 13:00:00,0.29460773,0.17910719,0.15944128,0.2446890412569046,0.1104275953855437,False
1997-10-23 14:00:00,0.22790103,0.16266951,0.14801775,0.19951689986884594,0.11010189146583373,False
1997-10-23 15:00:00,0.13477205,0.1445068,0.1354098,0.1383986088335514,0.10990004973691672,False
1997-10-23 16:00:00,0.042586334,0.13857014,0.13105235,0.08278152479976415,0.10959485129534671,False
1997-10-23 17:00:00,0.0009783253,0.14384319,0.13514364,0.06094038680638186,0.10942394879790118,False
1997-10-23 18:00:00,0.0,0.15488714,0.14353883,0.0649044515490532,0.10936437974210214,False
1997-10-23 19:00:00,0.0,0.16750512,0.15416384,0.07013423475623132,0.10925930069332329,False
1997-10-23 20:00:00,0.0,0.18226634,0.16549371,0.07619293977320193,0.1091404233597344,False
1997-10-23 21:00:00,0.0,0.19644722,0.17622401,0.0820051218867302,0.10904508513856065,False
1997-10-23 22:00:00,0.0,0.21089843,0.18631114,0.0878823219537735,0.10900179627296833,False
1997-10-23 23:00:00,0.0,0.21944377,0.19254462,0.09137216019630433,0.10905555766300615,False
1997-10-24 00:00:00,0.0,0.21853198,0.19139245,0.09097349341213704,0.10918458228224273,False
1997-10-24 01:00:00,0.0,0.20800017,0.18207078,0.08658388401567936,0.10940302280514819,False
1997-10-24 02:00:00,0.0,0.19554871,0.1727728,0.08148720610141755,0.10966852482679618,False
1997-10-24 03:00:00,0.0,0.18157323,0.1617903,0.0757371967881918,0.10998136678981912,False
1997-10-24 04:00:00,0.0,0.16309924,0.14644659,0.06809173674881458,0.11030544039552417,False
1997-10-24 05:00:00,0.0,0.14771758,0.13465324,0.06177906207740307,0.11063257189971712,False
1997-10-24 06:00:00,0.00029645956,0.13665944,0.12675159,0.057442977461061674,0.11092142973133678,False
1997-10-24 07:00:00,0.028982908,0.13243051,0.12398402,0.07228513225913048,0.11118951099236073,False
1997-10-24 08:00:00,0.114469126,0.14336987,0.13185002,0.1260720680952072,0.11142622636881544,False
1997-10-24 09:00:00,0.21098718,0.15668787,0.14152452,0.18719975166022776,0.11172605766715059,False
1997-10-24 10:00:00,0.2729516,0.1598025,0.14399733,0.22423605170845984,0.11193350997305362,False
1997-10-24 11:00:00,0.313128,0.16980119,0.15107386,0.2514894804805517,0.11224384098051936,False
1997-10-24 12:00:00,0.31567392,0.17912418,0.15728138,0.25673386627435685,0.11238865352781068,False
1997-10-24 13:00:00,0.27160418,0.18203792,0.1571674,0.23237464430928229,0.11250459081076283,False
1997-10-24 14:00:00,0.21137518,0.17399107,0.14913644,0.19421954931318758,0.11265369070928741,False
1997-10-24 15:00:00,0.12471526,0.13459772,0.119631104,0.12808734352141618,0.11320351050563354,False
1997-10-24 16:00:00,0.0369708,0.11315165,0.10311761,0.0686534611582756,0.11407866584108099,False
1997-10-24 17:00:00,0.000639539,0.105114914,0.095765956,0.044327779043233026,0.11499268541005948,False
1997-10-24 18:00:00,0.0,0.100998,0.091845125,0.042227898493409154,0.11574364918051286,False
1997-10-24 19:00:00,0.0,0.10119943,0.09240543,0.042332484126091,0.11610001043183728,False
1997-10-24 20:00:00,0.0,0.10595898,0.09821303,0.044402368560433385,0.11609237626986577,False
1997-10-24 21:00:00,0.0,0.11362347,0.1052152,0.04760868121683598,0.11576092016464098,False
1997-10-24 22:00:00,0.0,0.12815775,0.11941836,0.05373880112171173,0.11512281100312247,False
1997-10-24 23:00:00,0.0,0.13599707,0.12770239,0.05707884831726551,0.11417371506476773,False
1997-10-25 00:00:00,0.0,0.14618433,0.13702674,0.06134146007895469,0.11305767088104038,False
1997-10-25 01:00:00,0.0,0.15219621,0.14129488,0.06379032643139362,0.11188837522873654,False
1997-10-25 02:00:00,0.0,0.1569268,0.14350058,0.06565501905977726,0.11077598433382807,False
1997-10-25 03:00:00,0.0,0.15795812,0.14399397,0.06606222090125084,0.10977962761279195,False
1997-10-25 04:00:00,0.0,0.15808399,0.1435668,0.0660855997055769,0.1089248880073428,False
1997-10-25 05:00:00,0.0,0.15406403,0.1403114,0.06442644274234771,0.10823932528775185,False
1997-10-25 06:00:00,0.00026925982,0.15170728,0.13755801,0.06356348073252593,0.10766548856114967,False
1997-10-25 07:00:00,0.026282787,0.15777875,0.13775843,0.08082448424398898,0.10718201571395394,False
1997-10-25 08:00:00,0.09317927,0.17783593,0.1483516,0.12739688211679456,0.10663717774622847,False
1997-10-25 09:00:00,0.15327185,0.22330293,0.18185401,0.18065675762295724,0.10578819269433702,False
1997-10-25 10:00:00,0.20544474,0.2874402,0.23300156,0.23718913592398166,0.10456142173656037,False
1997-10-25 11:00:00,0.22505882,0.32160464,0.25907907,0.2625213229656219,0.10315666873267006,False
1997-10-25 12:00:00,0.21363848,0.34810942,0.27785158,0.2667257684469223,0.10163182375156095,False
1997-10-25 13:00:00,0.1785282,0.3606837,0.29153284,0.25184583638608454,0.09999807072689841,False
1997-10-25 14:00:00,0.14204141,0.34894285,0.2813045,0.22590825009346005,0.09827629632606566,False
1997-10-25 15:00:00,0.087569244,0.31406993,0.25901496,0.18040606493502856,0.09674818447553327,False
1997-10-25 16:00:00,0.026638374,0.2688942,0.22337341,0.12665446411073206,0.09572539519676712,False
1997-10-25 17:00:00,0.00044994772,0.23370713,0.19424254,0.09698664778814418,0.09511131497017503,False
1997-10-25 18:00:00,0.0,0.19783399,0.16683428,0.08200979161262512,0.09472279730900147,False
1997-10-25 19:00:00,0.0,0.16802023,0.14385794,0.06976779498159885,0.09437123590074437,False
1997-10-25 20:00:00,0.0,0.14527147,0.12366437,0.06028304672241211,0.09399378775707402,False
1997-10-25 21:00:00,0.0,0.12396009,0.10434459,0.05137588213384151,0.0935334751184094,False
1997-10-25 22:00:00,0.0,0.1021636,0.08569165,0.042325716912746426,0.09297458819923879,False
1997-10-25 23:00:00,0.0,0.09120134,0.07682859,0.037802039377391336,0.09227868694621096,False
1997-10-26 00:00:00,0.0,0.084210984,0.06987868,0.034847302101552485,0.09149479701248886,False
1997-10-26 01:00:00,0.0,0.080047496,0.06762213,0.03318912106007338,0.09059393109190234,False
1997-10-26 02:00:00,0.0,0.08109157,0.0692462,0.03366208349168301,0.08961564774480604,False
1997-10-26 03:00:00,0.0,0.0835392,0.071920924,0.03470969572663307,0.0885773891962129,False
1997-10-26 04:00:00,0.0,0.08473088,0.07257467,0.03518472620844841,0.08751262215380513,False
1997-10-26 05:00:00,0.0,0.08261081,0.069472425,0.034234899200499054,0.08644787065354133,False
1997-10-26 06:00:00,0.00011732757,0.082597055,0.06833833,0.03423628079566697,0.08542288208119528,False
1997-10-26 07:00:00,0.021653246,0.08154272,0.06573559,0.046132909808307886,0.08442744078111444,False
1997-10-26 08:00:00,0.08929645,0.08225566,0.06378506,0.08532078560441732,0.08340951585929451,False
1997-10-26 09:00:00,0.16265523,0.08407275,0.063700594,0.12831474568694828,0.08249728733127237,False
1997-10-26 10:00:00,0.22329517,0.06843231,0.05027915,0.15680790752172472,0.08173568225322833,False
1997-10-26 11:00:00,0.25406694,0.077580296,0.056910474,0.1782969213873148,0.08070758679342997,False
1997-10-26 12:00:00,0.2536926,0.078170635,0.05718756,0.1783137210905552,0.07972276492048906,False
1997-10-26 13:00:00,0.20680766,0.0744019,0.05457691,0.14972947306931017,0.07868190401750538,False
1997-10-26 14:00:00,0.16100729,0.06842345,0.050383776,0.12087018048763275,0.07757266984341277,False
1997-10-26 15:00:00,0.093216784,0.06137755,0.047389947,0.07899345814064145,0.07616731983381245,False
1997-10-26 16:00:00,0.025288817,0.05955153,0.04836016,0.03917761028185486,0.07444089400346,False
1997-10-26 17:00:00,0.00033279308,0.061562747,0.05130104,0.025678931306902086,0.07254819764255777,False
1997-10-26 18:00:00,0.0,0.061266337,0.05084579,0.025352950897067784,0.07084534970711835,False
1997-10-26 19:00:00,0.0,0.058513734,0.048581578,0.024214973229914904,0.06948140200035566,False
1997-10-26 20:00:00,0.0,0.053846966,0.045145024,0.022307361904531715,0.06837857173191303,False
1997-10-26 21:00:00,0.0,0.050093412,0.042548887,0.02078210909664631,0.06746965118305677,False
1997-10-26 22:00:00,0.0,0.04899429,0.041789766,0.02033554097637534,0.06675362131203444,False
1997-10-26 23:00:00,0.0,0.04687761,0.039894313,0.019452131498605012,0.06627396831609227,False
1997-10-27 00:00:00,0.0,0.04368419,0.036674637,0.01809989589080214,0.06590915257361635,False
1997-10-27 01:00:00,0.0,0.04070291,0.033580597,0.016832725770771505,0.06560983799927786,False
1997-10-27 02:00:00,0.0,0.03832035,0.031081464,0.015818608727306126,0.06538452780962839,False
1997-10-27 03:00:00,0.0,0.03630016,0.028863775,0.014953402865678072,0.06518612991407433,False
1997-10-27 04:00:00,0.0,0.03639675,0.028650504,0.014977527692914008,0.0650013852454155,False
1997-10-27 05:00:00,0.0,0.037056357,0.028762883,0.015226991269737483,0.0648615022072933,False
1997-10-27 06:00:00,0.00010488025,0.03825482,0.029736184,0.015782298328645993,0.06476151978311978,False
1997-10-27 07:00:00,0.026034214,0.04116859,0.03242847,0.03196408799663186,0.06468930393564673,False
1997-10-27 08:00:00,0.11256405,0.045223307,0.036538072,0.0836099127717316,0.0647791292390181,False
1997-10-27 09:00:00,0.21254998,0.052077234,0.041516177,0.14409971387684345,0.06562535278396839,False
1997-10-27 10:00:00,0.29266074,0.04632831,0.034817755,0.18784055385366083,0.0671829835956311,False
1997-10-27 11:00:00,0.33973968,0.047007732,0.03470786,0.21524987306445836,0.0690386111926303,False
1997-10-27 12:00:00,0.34110823,0.048835672,0.035641328,0.21676444510370493,0.07122704014374721,False
1997-10-27 13:00:00,0.30826637,0.050770387,0.03701161,0.19860259602963923,0.07370832327542362,False
1997-10-27 14:00:00,0.23590949,0.054685436,0.039865684,0.15845144963264463,0.07639172061290748,False
1997-10-27 15:00:00,0.135666,0.04715952,0.034379292,0.0975376250781119,0.07859225296732195,False
1997-10-27 16:00:00,0.037402947,0.03483037,0.025391342,0.03580503878742457,0.07996672547824527,False
1997-10-27 17:00:00,0.00036690795,0.0368254,0.026845712,0.015249946887051918,0.08069126936590146,False
1997-10-27 18:00:00,0.0,0.04050362,0.029527139,0.01654030168801546,0.08119680370163404,False
1997-10-27 19:00:00,0.0,0.041217785,0.030047765,0.016831942096352578,0.08169626389053883,False
1997-10-27 20:00:00,0.0,0.04078415,0.029731646,0.016654860377311707,0.08219839366112136,False
1997-10-27 21:00:00,0.0,0.041645113,0.030359287,0.017006448324769736,0.08273550892696949,False
1997-10-27 22:00:00,0.0,0.047267336,0.03445789,0.019302373107522728,0.08329920151672558,False
1997-10-27 23:00:00,0.0,0.049687985,0.03622254,0.020290883738547563,0.08389734000485623,False
1997-10-28 00:00:00,0.0,0.050151587,0.036560502,0.02048020253330469,0.08451951674214797,False
1997-10-28 01:00:00,0.0,0.054789655,0.039941654,0.022374231956899165,0.08518337287154282,False
1997-10-28 02:00:00,0.0,0.05911115,0.043092027,0.024138984505087138,0.08591218614164972,False
1997-10-28 03:00:00,0.0,0.06328135,0.046132103,0.02584195163100958,0.08669528630032436,False
1997-10-28 04:00:00,0.0,0.069717705,0.050824206,0.028470340378582475,0.08749992859415942,False
1997-10-28 05:00:00,0.0,0.07208177,0.052547608,0.02943574284017086,0.08828991034772479,False
1997-10-28 06:00:00,0.00013303079,0.07516091,0.054792304,0.03076992011695984,0.08905628943798365,False
1997-10-28 07:00:00,0.0320085,0.07830138,0.057081707,0.05044452437013387,0.0897777172069935,False
1997-10-28 08:00:00,0.14086242,0.10917405,0.08104953,0.12593951576203108,0.0904195800823874,False
1997-10-28 09:00:00,0.25797725,0.13265748,0.09773225,0.203081024646759,0.0909775436044609,False
1997-10-28 10:00:00,0.34652978,0.11245602,0.082112506,0.24587803217768667,0.09137223949118212,False
1997-10-28 11:00:00,0.3962329,0.13394454,0.097955376,0.283341511040926,0.09173506225115624,False
1997-10-28 12:00:00,0.3993626,0.16390193,0.12043119,0.2974153114110231,0.09200323285967427,False
1997-10-28 13:00:00,0.35478824,0.18038514,0.1344002,0.2785325452685356,0.09228884861957597,False
1997-10-28 14:00:00,0.2676766,0.17558244,0.13437815,0.22649573349952695,0.09250593599116123,False
1997-10-28 15:00:00,0.15309595,0.13728888,0.11059593,0.14496813866496086,0.0926599293642771,False
1997-10-28 16:00:00,0.039232817,0.12402795,0.10281606,0.07395571688935161,0.09284782385676484,False
1997-10-28 17:00:00,0.00029205118,0.12010544,0.101058505,0.049944579422066454,0.09311051076143985,False
1997-10-28 18:00:00,0.0,0.118908234,0.100924104,0.04932703996449709,0.09339008577568149,False
1997-10-28 19:00:00,0.0,0.11636444,0.099605985,0.04831720221787691,0.09361277690557455,False
1997-10-28 20:00:00,0.0,0.11575404,0.09954916,0.048088894665241244,0.09377844226713916,False
1997-10-28 21:00:00,0.0,0.11510245,0.09938056,0.047839353404939174,0.09388890839791549,False
1997-10-28 22:00:00,0.0,0.11799509,0.10196296,0.04904618840664625,0.09393778005386394,False
1997-10-28 23:00:00,0.0,0.1186898,0.102223694,0.04931661488860845,0.09386057055862312,False
1997-10-29 00:00:00,0.0,0.120229684,0.10370809,0.04996499010175466,0.0937187178696475,False
1997-10-29 01:00:00,0.0,0.124734305,0.10720008,0.05181576273590326,0.09356879433970591,False
1997-10-29 02:00:00,0.0,0.12853663,0.11069261,0.053407416343688965,0.09337259322432494,False
1997-10-29 03:00:00,0.0,0.12896945,0.11086125,0.05357623296976089,0.09312414491320653,False
1997-10-29 04:00:00,0.0,0.12743214,0.10878135,0.05289665186405182,0.09283141208653962,False
1997-10-29 05:00:00,0.0,0.12545492,0.10593191,0.05201318760216236,0.0924754756541659,False
1997-10-29 06:00:00,9.122276e-05,0.12144375,0.102693565,0.05041083124111901,0.09209058886549593,False
1997-10-29 07:00:00,0.024287932,0.11762152,0.09920424,0.06277350601553917,0.09167887704271682,False
1997-10-29 08:00:00,0.10774527,0.11641034,0.09755052,0.11039216183125972,0.0911891266415611,False
1997-10-29 09:00:00,0.1997846,0.11552973,0.09516533,0.1630451164394617,0.09028327336282017,False
1997-10-29 10:00:00,0.27836052,0.107971646,0.08889799,0.2052560463324189,0.08918289642807575,False
1997-10-29 11:00:00,0.31583643,0.110901915,0.09188215,0.22812206227332352,0.08828127831945676,False
1997-10-29 12:00:00,0.3209382,0.109587334,0.089906186,0.23047400157898662,0.08722693710699847,False
1997-10-29 13:00:00,0.28786868,0.104,0.084195584,0.2090227898657322,0.08594630696689878,False
1997-10-29 14:00:00,0.2212963,0.09252727,0.07430752,0.1658431315422058,0.08456928394295754,False
1997-10-29 15:00:00,0.12784523,0.07969049,0.062668,0.10655656071752309,0.08316474138040575,False
1997-10-29 16:00:00,0.032425053,0.07229758,0.056054577,0.04841401021182537,0.0820794777357502,False
1997-10-29 17:00:00,0.00019760129,0.06968514,0.05262436,0.028669547570651047,0.08119372240007092,False
1997-10-29 18:00:00,0.0,0.0664568,0.050128073,0.027229475922882555,0.0804352871508569,False
1997-10-29 19:00:00,0.0,0.060561508,0.04512376,0.024783879451453685,0.07968743541168502,False
1997-10-29 20:00:00,0.0,0.05370642,0.039621595,0.021957234654575587,0.0789537173039977,False
1997-10-29 21:00:00,0.0,0.04736105,0.03474186,0.01935228781029582,0.07821982015327071,False
1997-10-29 22:00:00,0.0,0.038192008,0.027841972,0.015596317335963249,0.077490490162582,False
1997-10-29 23:00:00,0.0,0.03301439,0.024067491,0.01348195466771722,0.07675602193672662,False
1997-10-30 00:00:00,0.0,0.03252933,0.023713883,0.013283873096108437,0.07600998073613724,False
1997-10-30 01:00:00,0.0,0.031727858,0.023129608,0.012956578418612481,0.07525113401452532,False
1997-10-30 02:00:00,0.0,0.029908136,0.021803029,0.012213465571403502,0.07444054524444496,False
1997-10-30 03:00:00,0.0,0.02887306,0.02104846,0.011790775950998068,0.0735749145729466,False
1997-10-30 04:00:00,0.0,0.027880361,0.020324783,0.011385391624644399,0.07269039151638268,False
1997-10-30 05:00:00,0.0,0.026841551,0.019567493,0.010961176984012127,0.07180408130534911,False
1997-10-30 06:00:00,6.0565457e-05,0.026870029,0.019588253,0.011007752623561828,0.07092264829641196,False
1997-10-30 07:00:00,0.025400093,0.03007266,0.021922968,0.026936505114659667,0.07005768552479988,False
1997-10-30 08:00:00,0.12314041,0.027932154,0.020362541,0.08245855838246642,0.0691840685222922,False
1997-10-30 09:00:00,0.23182602,0.040403258,0.029453976,0.150262931779027,0.06836966850506951,False
1997-10-30 10:00:00,0.32147616,0.041895304,0.030541679,0.20260036296397446,0.06775286648992171,False
1997-10-30 11:00:00,0.36964938,0.047617678,0.034713283,0.23273313284292813,0.06726464940859037,False
1997-10-30 12:00:00,0.37365612,0.049821682,0.03632001,0.23594506468623874,0.06693726909450909,False
1997-10-30 13:00:00,0.33289772,0.049841207,0.03633424,0.2124354401193559,0.0666015068152457,False
1997-10-30 14:00:00,0.24867444,0.038182758,0.027835231,0.15907769049704074,0.06620865963771196,False
1997-10-30 15:00:00,0.13792464,0.032551598,0.023730112,0.09287548372149466,0.06574062446985271,False
1997-10-30 16:00:00,0.03241739,0.031184345,0.022733388,0.03143946077674627,0.06518023052622673,False
1997-10-30 17:00:00,0.00013686295,0.032962386,0.024029579,0.013539687459793639,0.06463390059054396,False
1997-10-30 18:00:00,0.0,0.03288755,0.023975022,0.013430156484246255,0.06414645122013356,False
1997-10-30 19:00:00,0.0,0.032075964,0.023383377,0.01309873304888606,0.06368059330606668,False
1997-10-30 20:00:00,0.0,0.031495843,0.02296047,0.012861831430345774,0.06326115535384344,False
1997-10-30 21:00:00,0.0,0.0314216,0.022906348,0.012831513851881027,0.06289385300488978,False
1997-10-30 22:00:00,0.0,0.033772923,0.024620462,0.013791713565587997,0.06258228738953661,False
1997-10-30 23:00:00,0.0,0.033074833,0.02411155,0.013506637260317802,0.062339168977849864,False
1997-10-31 00:00:00,0.0,0.033157382,0.02417173,0.013540347464382648,0.06215106235140304,False
1997-10-31 01:00:00,0.0,0.03160768,0.023041997,0.01290750177204609,0.06198954560058958,False
1997-10-31 02:00:00,0.0,0.029035581,0.021166937,0.011857144111767411,0.06185685300778898,False
1997-10-31 03:00:00,0.0,0.027228335,0.019849457,0.011119126254692675,0.06176507464235949,False
1997-10-31 04:00:00,0.0,0.025354123,0.018483156,0.010353761734440923,0.061706393030805724,False
1997-10-31 05:00:00,0.0,0.023763984,0.017323943,0.009704403173178435,0.061679132001691714,False
1997-10-31 06:00:00,3.4287776e-05,0.021727651,0.01583946,0.008892618203739402,0.06167762254386509,False
1997-10-31 07:00:00,0.021537332,0.020601248,0.01501831,0.020839889895170927,0.06168504516845935,False
1997-10-31 08:00:00,0.110198736,0.018895525,0.013774839,0.0713009610045701,0.061610379705783536,False
1997-10-31 09:00:00,0.21225609,0.02685546,0.019577628,0.13343861971236765,0.061316460219712245,False
1997-10-31 10:00:00,0.29047102,0.034821335,0.025384754,0.1818216264285147,0.06067364771007926,False
1997-10-31 11:00:00,0.3425137,0.036186647,0.02638007,0.21240780719742178,0.05987364762916285,True
1997-10-31 12:00:00,0.34754542,0.03385127,0.024677576,0.21435741217434404,0.05905750050538895,True
1997-10-31 13:00:00,0.3076036,0.03104776,0.022633819,0.19016612534411248,0.05833825748766518,True
1997-10-31 14:00:00,0.23117258,0.024465472,0.01783533,0.14337744348496198,0.057791484428371544,True
1997-10-31 15:00:00,0.12722631,0.015300176,0.011153828,0.07965765142347662,0.05753255911019686,True
1997-10-31 16:00:00,0.028995298,0.013370081,0.009746789,0.022190173299051822,0.05750569781617938,True
1997-10-31 17:00:00,9.2778675e-05,0.012778842,0.009315775,0.005271977790951496,0.057696457259818534,True
1997-10-31 18:00:00,0.0,0.011921404,0.008690704,0.004868296047672629,0.05800997276134087,True
1997-10-31 19:00:00,0.0,0.011388944,0.008302541,0.00465085774473846,0.05838956439164697,True
1997-10-31 20:00:00,0.0,0.010595206,0.007723904,0.004326721904799343,0.058836069483498545,True
1997-10-31 21:00:00,0.0,0.010767641,0.0078496095,0.0043971382733434435,0.059319928931959406,True
1997-10-31 22:00:00,0.0,0.009615476,0.0070096822,0.003926633574999869,0.059830067302987414,True
1997-10-31 23:00:00,0.0,0.010904034,0.00794904,0.004452836598269641,0.06038986674319251,False
1997-11-01 00:00:00,0.0,0.013544392,0.0098738605,0.0055310690570622685,0.060976968826216144,False
1997-11-01 01:00:00,0.0,0.016130956,0.011759467,0.006587333964183926,0.0616178694632393,False
1997-11-01 02:00:00,0.0,0.019120358,0.01393874,0.007808104030787945,0.06230373287382765,False
1997-11-01 03:00:00,0.0,0.021962313,0.016110465,0.008974058596417308,0.06299054658792677,False
1997-11-01 04:00:00,0.0,0.024619497,0.018375328,0.010076862227171659,0.06366814722977808,False
1997-11-01 05:00:00,0.0,0.026566919,0.020102406,0.010888723008334636,0.06430748915237139,False
1997-11-01 06:00:00,2.2186206e-05,0.027661767,0.021186022,0.011364038604086092,0.06486849437614667,False
1997-11-01 07:00:00,0.019522766,0.02945795,0.022554517,0.02335256290622055,0.06539492629227898,False
1997-11-01 08:00:00,0.09709657,0.030038064,0.02299364,0.06835042305104434,0.06579283620122249,False
1997-11-01 09:00:00,0.18418823,0.031983767,0.024616882,0.11940793131664393,0.06591478598641748,False
1997-11-01 10:00:00,0.2603693,0.034044057,0.026018804,0.16420035907998679,0.06562366263607257,False
1997-11-01 11:00:00,0.30640963,0.040700663,0.032243915,0.19355807090178132,0.06516152748869161,False
1997-11-01 12:00:00,0.31456867,0.04832225,0.03859941,0.20142139983549712,0.06450993050976396,False
1997-11-01 13:00:00,0.28421178,0.05380479,0.043447528,0.18619033327326176,0.06375562845100699,False
1997-11-01 14:00:00,0.21256334,0.058030363,0.047907896,0.14664927522465587,0.06307299303771823,False
1997-11-01 15:00:00,0.11464359,0.061421923,0.051335208,0.09158614160865546,0.06256100685316343,False
1997-11-01 16:00:00,0.024577705,0.06376703,0.053417478,0.04059591407142579,0.06230002163278843,False
1997-11-01 17:00:00,5.952818e-05,0.06892443,0.057795744,0.028588431532865798,0.062305547467627447,False
1997-11-01 18:00:00,0.0,0.07633113,0.06452532,0.03165055473893881,0.0623871358383854,False
1997-11-01 19:00:00,0.0,0.08320512,0.070894234,0.03453097745776176,0.06247094718738804,False
1997-11-01 20:00:00,0.0,0.08695274,0.074102305,0.03608708495646715,0.06258672022236857,False
1997-11-01 21:00:00,0.0,0.08985838,0.07704467,0.037318155661225316,0.06276542496668985,False
1997-11-01 22:00:00,0.0,0.097670645,0.085585535,0.04066208669543266,0.06304619152959781,False
1997-11-01 23:00:00,0.0,0.10011708,0.08785805,0.041687537245452405,0.06344919182737935,False
1997-11-02 00:00:00,0.0,0.10652686,0.09250309,0.04430357804149389,0.06395437673059637,False
1997-11-02 01:00:00,0.0,0.11037233,0.09447327,0.04582894548028708,0.06453946141211195,False
1997-11-02 02:00:00,0.0,0.1080458,0.091764845,0.04482420238852501,0.06521348517177972,False
1997-11-02 03:00:00,0.0,0.10524954,0.089016244,0.04364395706355572,0.06594508635368543,False
1997-11-02 04:00:00,0.0,0.09912435,0.08269054,0.04104217401891947,0.06673779233928649,False
1997-11-02 05:00:00,0.0,0.08852465,0.07346406,0.036632653914391994,0.06760369915782354,False
1997-11-02 06:00:00,1.23897e-05,0.082990505,0.06538343,0.034161350178091195,0.06853337090310521,False
1997-11-02 07:00:00,0.016800776,0.07376647,0.0560313,0.03993956552445888,0.06950766545635234,False
1997-11-02 08:00:00,0.08528214,0.06822291,0.051342636,0.0771545506939292,0.07047066733640982,False
1997-11-02 09:00:00,0.16109012,0.06473972,0.048643388,0.11946469889581203,0.07134036692309711,False
1997-11-02 10:00:00,0.23172517,0.06347384,0.046516065,0.15963913935422896,0.07211892924558891,False
1997-11-02 11:00:00,0.27356848,0.05700918,0.04158799,0.18113115220889447,0.07271137729070047,False
1997-11-02 12:00:00,0.27495712,0.04774298,0.03487953,0.17815091335400937,0.07308918584068513,False
1997-11-02 13:00:00,0.2430922,0.04194887,0.030672157,0.15739962550625203,0.0734389241839159,False
1997-11-02 14:00:00,0.18096012,0.035212062,0.025830872,0.1188021066263318,0.07364241499787716,False
1997-11-02 15:00:00,0.096286,0.028319113,0.020807164,0.06713036084547638,0.07375993175804824,False
1997-11-02 16:00:00,0.020765193,0.02564802,0.018699586,0.022455413371324538,0.07389316971072514,False
1997-11-02 17:00:00,3.71691e-05,0.022447444,0.016364185,0.009188219587333152,0.07413870537052294,False
1997-11-02 18:00:00,0.0,0.021772726,0.015872316,0.008891240799799562,0.0744093188576655,False
1997-11-02 19:00:00,0.0,0.024997095,0.01822288,0.01020796342380345,0.07462480629359125,False
1997-11-02 20:00:00,0.0,0.03159995,0.02304015,0.01290454963222146,0.07476515303955165,False
1997-11-02 21:00:00,0.0,0.04373855,0.032118663,0.01787393329292536,0.0748974735181102,False
1997-11-02 22:00:00,0.0,0.056818016,0.04268148,0.02327064786851406,0.07503862391954973,False
1997-11-02 23:00:00,0.0,0.06958316,0.05602824,0.02870171195268631,0.07520774535492747,False
1997-11-03 00:00:00,0.0,0.081044994,0.068695016,0.0336151337698102,0.07535073034542365,False
1997-11-03 01:00:00,0.0,0.093573816,0.08169882,0.038940474428236484,0.07544012942521586,False
1997-11-03 02:00:00,0.0,0.10295996,0.09134695,0.04292496076226235,0.07553664866492836,False
1997-11-03 03:00:00,0.0,0.1126254,0.10120693,0.04702394590526819,0.07568010461221202,False
1997-11-03 04:00:00,0.0,0.123310074,0.11368467,0.05164038951694965,0.0758711727492766,False
1997-11-03 05:00:00,0.0,0.13265342,0.1215529,0.055512966781854634,0.07613303780865609,False
1997-11-03 06:00:00,6.0507837e-06,0.13878477,0.12805754,0.0581301771599492,0.07650096979534937,False
1997-11-03 07:00:00,0.012839761,0.14870584,0.13510475,0.06957665314897896,0.0769284382474992,False
1997-11-03 08:00:00,0.07516324,0.15983792,0.143456,0.1100960032120347,0.07748181123880934,False
1997-11-03 09:00:00,0.15262663,0.1646901,0.14708714,0.1567789227962494,0.0783163279768851,False
1997-11-03 10:00:00,0.21913867,0.15862311,0.14190602,0.19263786524534227,0.07974801975632972,False
1997-11-03 11:00:00,0.2547683,0.1553861,0.1361869,0.2116928813010454,0.0814716610587663,False
1997-11-03 12:00:00,0.27123076,0.14870536,0.12660027,0.21820884031057358,0.08333447165721981,False
1997-11-03 13:00:00,0.24016951,0.13874997,0.11446936,0.19595789234340188,0.08524384928499303,False
1997-11-03 14:00:00,0.17744538,0.12073958,0.099096105,0.1522900797128677,0.08699664403293236,False
1997-11-03 15:00:00,0.09652282,0.102088995,0.08550102,0.09798156333714723,0.08835193910974343,False
1997-11-03 16:00:00,0.019505076,0.09904038,0.084838815,0.0523816257417202,0.08959260628175256,False
1997-11-03 17:00:00,2.19557e-05,0.10005337,0.08602809,0.041577878915708424,0.09081209596561532,False
1997-11-03 18:00:00,0.0,0.10115938,0.086410016,0.0419939516633749,0.09220418398484992,False
1997-11-03 19:00:00,0.0,0.09934196,0.08537849,0.04126762126386165,0.09360718802404527,False
1997-11-03 20:00:00,0.0,0.10218022,0.08766605,0.04243846792727709,0.09491831286630997,False
1997-11-03 21:00:00,0.0,0.10623015,0.090637974,0.04409337493032217,0.09609922803875462,False
1997-11-03 22:00:00,0.0,0.117578395,0.09987941,0.04877991559356451,0.09711886555033208,False
1997-11-03 23:00:00,0.0,0.11704151,0.099305525,0.048550816789269445,0.0980209747607115,False
1997-11-04 00:00:00,0.0,0.11714847,0.09938796,0.048594733871519566,0.09878770443315091,False
1997-11-04 01:00:00,0.0,0.12171741,0.10274343,0.050461868986487385,0.09943205379166113,False
1997-11-04 02:00:00,0.0,0.12476405,0.105039895,0.05171008785814047,0.0999515828069526,False
1997-11-04 03:00:00,0.0,0.12738945,0.107565224,0.05281522764265537,0.10037074391713768,False
1997-11-04 04:00:00,0.0,0.12925094,0.10959442,0.0536116968691349,0.1006861272690113,False
1997-11-04 05:00:00,0.0,0.13088,0.11108648,0.05429338927567005,0.10088976218674736,False
1997-11-04 06:00:00,1.9593012e-06,0.131688,0.112700626,0.054679835881283445,0.10101140409551965,False
1997-11-04 07:00:00,0.017023044,0.1364841,0.11697295,0.06650146910734475,0.10106928218131293,False
1997-11-04 08:00:00,0.10344443,0.13850942,0.11877672,0.1172113541215658,0.1010022661964412,False
1997-11-04 09:00:00,0.20701283,0.16594593,0.13898984,0.18818590430915355,0.10055551925424205,False
1997-11-04 10:00:00,0.29454237,0.17495844,0.14561684,0.24237392187118528,0.0997349175045425,False
1997-11-04 11:00:00,0.34380507,0.17433481,0.14520349,0.27054606093466277,0.09862310453518323,False
1997-11-04 12:00:00,0.34503144,0.17077383,0.14263618,0.2698010394871235,0.0973535611562589,False
1997-11-04 13:00:00,0.29832,0.1675212,0.1405151,0.24153377340734006,0.09600592649059089,False
1997-11-04 14:00:00,0.20977457,0.1513566,0.12899558,0.18385627031326293,0.09480916723436705,False
1997-11-04 15:00:00,0.103019774,0.16179793,0.13956557,0.1266823851019144,0.09392787713292083,False
1997-11-04 16:00:00,0.016349562,0.17197806,0.14995034,0.08099091819673776,0.09348082721984664,False
1997-11-04 17:00:00,2.0745545e-06,0.18259181,0.15983091,0.0760084445105938,0.09343123688811156,False
1997-11-04 18:00:00,0.0,0.18283954,0.16236377,0.07623543468117715,0.09347129682633154,False
1997-11-04 19:00:00,0.0,0.1752182,0.15715633,0.07314195585250854,0.09349122530403606,False
1997-11-04 20:00:00,0.0,0.16652074,0.15078376,0.06958847790956497,0.09348567109876371,False
1997-11-04 21:00:00,0.0,0.15975766,0.14566588,0.0668165338486433,0.09338128727437056,False
1997-11-04 22:00:00,0.0,0.15912536,0.14545617,0.0665718899667263,0.09322404355038948,False
1997-11-04 23:00:00,0.0,0.15654601,0.14331959,0.06550473622977733,0.09302581607499219,False
1997-11-05 00:00:00,0.0,0.15430824,0.14081779,0.06454390297830104,0.0928212927146355,False
1997-11-05 01:00:00,0.0,0.1526582,0.13975914,0.06387786716222763,0.0925428936541552,False
1997-11-05 02:00:00,0.0,0.1506363,0.13814628,0.0630446940511465,0.09210318603920808,False
1997-11-05 03:00:00,0.0,0.14850377,0.13637884,0.0621623467952013,0.09164717537253222,False
1997-11-05 04:00:00,0.0,0.14667444,0.13503699,0.061414865568280214,0.09122903559305764,False
1997-11-05 05:00:00,0.0,0.14654078,0.13478208,0.06135177840292454,0.09085275218118972,False
1997-11-05 06:00:00,1.0084639e-06,0.14552426,0.13350537,0.06090832527802718,0.09046000161808976,False
1997-11-05 07:00:00,0.010138202,0.14457937,0.1325992,0.06635988587513565,0.090108996883798,False
1997-11-05 08:00:00,0.053719666,0.13769443,0.12678994,0.0886521499864757,0.0896655283589273,False
1997-11-05 09:00:00,0.100981705,0.14140826,0.12859158,0.11739003881067038,0.08862613845992678,False
1997-11-05 10:00:00,0.1431757,0.13589449,0.12061838,0.13927084271609783,0.08655326268452995,False
1997-11-05 11:00:00,0.16577095,0.13245904,0.11532546,0.15075479911267758,0.08371906057252082,False
1997-11-05 12:00:00,0.16976015,0.13361672,0.116040744,0.15352237635850904,0.0805485283639639,False
1997-11-05 13:00:00,0.14760618,0.12827557,0.111314744,0.1385134480446577,0.07724753779859436,False
1997-11-05 14:00:00,0.10445548,0.11939535,0.104823306,0.10998815484344958,0.07432991326945368,False
1997-11-05 15:00:00,0.05278104,0.11080443,0.09595688,0.07652316750958561,0.07222596692856247,False
1997-11-05 16:00:00,0.009161059,0.10762331,0.09263626,0.0500012898184359,0.07066209570733364,False
1997-11-05 17:00:00,1.2101567e-06,0.10499991,0.08805726,0.043500755950267714,0.06938524480509106,False
1997-11-05 18:00:00,0.0,0.10378423,0.08618771,0.0429505185931921,0.06806107092525077,False
1997-11-05 19:00:00,0.0,0.09922937,0.081210755,0.041001019410789014,0.06672468760648939,False
1997-11-05 20:00:00,0.0,0.09086976,0.07216856,0.03742804435640574,0.06545903017376281,False
1997-11-05 21:00:00,0.0,0.08879382,0.070014,0.03654567617923021,0.06425056162434362,False
1997-11-05 22:00:00,0.0,0.09519031,0.07666246,0.03926499677449465,0.063148429757028,False
1997-11-05 23:00:00,0.0,0.09401204,0.07487507,0.038733695492148404,0.0621995436219006,False
1997-11-06 00:00:00,0.0,0.08589799,0.06546705,0.03523157896846533,0.06140671198074438,False
1997-11-06 01:00:00,0.0,0.07183415,0.05276117,0.029355903469026088,0.060831842015541274,False
1997-11-06 02:00:00,0.0,0.07296436,0.053661592,0.029821575857698915,0.06035812074509181,False
1997-11-06 03:00:00,0.0,0.080068186,0.059247363,0.03274451822787523,0.059971423765688314,True
1997-11-06 04:00:00,0.0,0.08681078,0.06512804,0.03555009309947491,0.05975256897699751,True
1997-11-06 05:00:00,0.0,0.086661965,0.06413143,0.03544136224687099,0.059669535541950834,True
1997-11-06 06:00:00,1.1525302e-07,0.09247027,0.06870391,0.03783160863527931,0.0598573962850935,True
1997-11-06 07:00:00,0.007627186,0.099506736,0.075853854,0.04521497991355136,0.06025221532353214,False
1997-11-06 08:00:00,0.04523669,0.1003934,0.077294506,0.0673206389695406,0.06089103763971453,False
1997-11-06 09:00:00,0.08899313,0.09105152,0.06927443,0.08868786709010601,0.061799654170811555,False
1997-11-06 10:00:00,0.12598626,0.08226009,0.060818046,0.10633222049474715,0.06306816642027013,False
1997-11-06 11:00:00,0.14682513,0.081981674,0.06279953,0.11836051492393017,0.06504751246494217,False
1997-11-06 12:00:00,0.14484228,0.067694776,0.051854137,0.11135349234938621,0.06788379593513572,False
1997-11-06 13:00:00,0.13169104,0.062244296,0.04692447,0.10148779600858689,0.0707245922021286,False
1997-11-06 14:00:00,0.10480535,0.054630175,0.041400447,0.08286684595048427,0.07333619458113771,False
1997-11-06 15:00:00,0.06142481,0.039452214,0.02993674,0.05161656648293137,0.07552027378023576,False
1997-11-06 16:00:00,0.010751031,0.03296757,0.024698075,0.019702074889093635,0.07710124199296012,False
1997-11-06 17:00:00,1.6135424e-06,0.03048042,0.022220226,0.012448098278259408,0.07825365943758414,False
1997-11-06 18:00:00,0.0,0.029603433,0.021580901,0.012089035380631684,0.07928493745688944,False
1997-11-06 19:00:00,0.0,0.030341407,0.022118885,0.012390399081632494,0.08021538859204054,False
1997-11-06 20:00:00,0.0,0.028361782,0.020675737,0.011581987537443637,0.08107167346420363,False
1997-11-06 21:00:00,0.0,0.034072876,0.02483913,0.013914204217493533,0.0819046480177775,False
1997-11-06 22:00:00,0.0,0.05130221,0.038793337,0.021025355480611324,0.08266609474288897,False
1997-11-06 23:00:00,0.0,0.066885136,0.051263005,0.02744881745427847,0.08336576850403696,False
1997-11-07 00:00:00,0.0,0.08981249,0.070543274,0.03695014464855194,0.08387645926483572,False
1997-11-07 01:00:00,0.0,0.100046486,0.07818691,0.04113924618065357,0.08432327005098239,False
1997-11-07 02:00:00,0.0,0.10821518,0.08429327,0.04448323903977871,0.0847793743071951,False
1997-11-07 03:00:00,0.0,0.12586267,0.09655538,0.05165731693804264,0.08511584139632658,False
1997-11-07 04:00:00,0.0,0.14009935,0.10615929,0.05742926068603993,0.08532163458847106,False
1997-11-07 05:00:00,0.0,0.17153871,0.13095018,0.07036909407377243,0.0853971813523084,False
1997-11-07 06:00:00,0.0,0.19399159,0.15327303,0.07985963912308217,0.08549461664882153,False
1997-11-07 07:00:00,0.0077407095,0.22423916,0.18171702,0.09702335705189033,0.08561214789802613,False
1997-11-07 08:00:00,0.052160203,0.24706526,0.2037449,0.13226574347913264,0.08567355561584405,False
1997-11-07 09:00:00,0.112369135,0.27451366,0.22492768,0.17827862678468226,0.08592517850899309,False
1997-11-07 10:00:00,0.17036527,0.32856816,0.27290812,0.23427945286035537,0.08658917393964266,False
1997-11-07 11:00:00,0.21588434,0.39154634,0.33056557,0.2868964056819677,0.0874431323880378,False
1997-11-07 12:00:00,0.21860552,0.3953253,0.3309292,0.2898805971741676,0.08866575121004616,False
1997-11-07 13:00:00,0.197733,0.36231667,0.2978439,0.2638703622370958,0.09007164557644959,False
1997-11-07 14:00:00,0.13707957,0.32852077,0.2686089,0.214823956400156,0.09132116222779438,False
1997-11-07 15:00:00,0.06847245,0.2727446,0.2270052,0.15240964172035454,0.09224535092969596,False
1997-11-07 16:00:00,0.010360498,0.23976496,0.20122315,0.10531732716038823,0.09296075548404378,False
1997-11-07 17:00:00,1.2101567e-06,0.22439128,0.18890777,0.09300210087692301,0.09360410250380032,False
1997-11-07 18:00:00,0.0,0.21080887,0.18192035,0.08761217308044433,0.09427305803645046,False
1997-11-07 19:00:00,0.0,0.19707768,0.17372279,0.0821026932746172,0.09495568042841383,False
1997-11-07 20:00:00,0.0,0.18563685,0.1650153,0.07741082292795182,0.09564198680058231,False
1997-11-07 21:00:00,0.0,0.1751269,0.15691286,0.07309511898458004,0.09634068977249896,False
1997-11-07 22:00:00,0.0,0.17454475,0.15633933,0.07284933730959892,0.0970377484273549,False
1997-11-07 23:00:00,0.0,0.15123004,0.13783275,0.0632468520104885,0.09764997279387078,False
1997-11-08 00:00:00,0.0,0.13543865,0.12410434,0.05667849670350551,0.09814505453709622,False
1997-11-08 01:00:00,0.0,0.12283095,0.109709024,0.05124890776723623,0.09852337150205036,False
1997-11-08 02:00:00,0.0,0.11068452,0.09498903,0.04597199613600969,0.09894978030979742,False
1997-11-08 03:00:00,0.0,0.103042126,0.08518606,0.04262259145081043,0.09947947372239192,False
1997-11-08 04:00:00,0.0,0.09488168,0.077129565,0.03917633776366711,0.09996136697962989,False
1997-11-08 05:00:00,0.0,0.09726752,0.078269266,0.04011825647950172,0.10036213245265295,False
1997-11-08 06:00:00,0.0,0.10524825,0.08586119,0.04347310859709978,0.10051460939668229,False
1997-11-08 07:00:00,0.0067709996,0.10698209,0.08850542,0.04816255036881194,0.10042296656802406,False
1997-11-08 08:00:00,0.060001906,0.108312026,0.08907964,0.0793985378406942,0.1000068485898873,False
1997-11-08 09:00:00,0.12713912,0.1142251,0.09354285,0.1205596477612853,0.09933448839084937,False
1997-11-08 10:00:00,0.17729692,0.108822405,0.09011916,0.14732222601771355,0.09825295097402367,False
1997-11-08 11:00:00,0.21095452,0.13395785,0.109166965,0.177046218380332,0.09631789199843142,False
1997-11-08 12:00:00,0.19764395,0.15708117,0.12653537,0.1788364219367504,0.09386683089555933,False
1997-11-08 13:00:00,0.1746452,0.14692844,0.11995775,0.16146459527313708,0.09151505310078843,False
1997-11-08 14:00:00,0.12493651,0.13328928,0.11029244,0.12722790364176034,0.08940587442700201,False
1997-11-08 15:00:00,0.06377566,0.11866664,0.09943406,0.08595598509162664,0.08771625227316354,False
1997-11-08 16:00:00,0.010938952,0.10669024,0.09078254,0.05058273183740675,0.0865195412606132,False
1997-11-08 17:00:00,4.033856e-07,0.107302114,0.09191205,0.04455796384546662,0.0855269824027409,False
1997-11-08 18:00:00,0.0,0.10797948,0.09278673,0.04485491019487381,0.0846901663554038,False
1997-11-08 19:00:00,0.0,0.10907254,0.094172895,0.04533310494571924,0.0841295160235043,False
1997-11-08 20:00:00,0.0,0.108658984,0.0930475,0.04511973018944264,0.0838913787922959,False
1997-11-08 21:00:00,0.0,0.114267245,0.09645197,0.0473730196505785,0.08393717371142909,False
1997-11-08 22:00:00,0.0,0.121804856,0.10122469,0.050412125073373316,0.08422751368984088,False
1997-11-08 23:00:00,0.0,0.12373117,0.10288774,0.05121274112910032,0.08467624692834422,False
1997-11-09 00:00:00,0.0,0.13320169,0.11033215,0.05510935896635055,0.08530806017416968,False
1997-11-09 01:00:00,0.0,0.14893433,0.12314999,0.06160686895251274,0.08603276982653393,False
1997-11-09 02:00:00,0.0,0.16908896,0.13916105,0.06990852284431458,0.086764612840316,False
1997-11-09 03:00:00,0.0,0.18109664,0.14747281,0.07478819328546524,0.08748490738246098,False
1997-11-09 04:00:00,0.0,0.18564968,0.15113467,0.07666600339114665,0.08814378509513543,False
1997-11-09 05:00:00,0.0,0.18813738,0.15306099,0.07768798738718033,0.08881196618388847,False
1997-11-09 06:00:00,0.0,0.1825961,0.14968188,0.07546078334748746,0.08941862217831864,False
1997-11-09 07:00:00,0.0074123247,0.17604193,0.14469093,0.07704969410132616,0.0898484897826004,False
1997-11-09 08:00:00,0.0456788,0.17814021,0.14633423,0.09999245392531157,0.09029126924759683,False
1997-11-09 09:00:00,0.08914435,0.18128113,0.14881116,0.12636483077704905,0.09090730649646345,False
1997-11-09 10:00:00,0.12921634,0.16131034,0.13546805,0.1413966220319271,0.09153444951177238,False
1997-11-09 11:00:00,0.16040087,0.18513693,0.1551601,0.16924547274410723,0.0924176457346787,False
1997-11-09 12:00:00,0.1618075,0.20225765,0.16665295,0.1769952630251646,0.09348560015385944,False
1997-11-09 13:00:00,0.14675063,0.1887995,0.15347514,0.1626297858953476,0.09451297141264478,False
1997-11-09 14:00:00,0.10943787,0.17122851,0.13690966,0.13372209301590918,0.09510686534140854,False
1997-11-09 15:00:00,0.059656683,0.14685877,0.117680036,0.09496751311793923,0.0954130604646849,False
1997-11-09 16:00:00,0.0099734785,0.12581787,0.10172246,0.05767450198251754,0.09538923447604575,False
1997-11-09 17:00:00,5.762651e-08,0.12800361,0.103732675,0.05283493060474236,0.09528618695729735,False
1997-11-09 18:00:00,0.0,0.147204,0.11819782,0.060700957149267196,0.09523986617981085,False
1997-11-09 19:00:00,0.0,0.1714778,0.13697778,0.07067210617661476,0.09525231875705162,False
1997-11-09 20:00:00,0.0,0.19271624,0.15734604,0.07960897904634476,0.0953210173942391,False
1997-11-09 21:00:00,0.0,0.21033739,0.17438783,0.08703143794834614,0.09542932330390999,False
1997-11-09 22:00:00,0.0,0.22791281,0.19053157,0.09438853275775909,0.09547686901541987,False
1997-11-09 23:00:00,0.0,0.22609262,0.18788353,0.09357388781011104,0.09537948356887886,False
1997-11-10 00:00:00,0.0,0.22167237,0.17902695,0.0914645600169897,0.09528836375421473,False
1997-11-10 01:00:00,0.0,0.20970942,0.1665666,0.08637737242877483,0.0951187850147728,False
1997-11-10 02:00:00,0.0,0.19554652,0.1553605,0.08054613415896893,0.09483607976690495,False
1997-11-10 03:00:00,0.0,0.18035501,0.14255041,0.07424872165918349,0.09444095648957977,False
1997-11-10 04:00:00,0.0,0.17306253,0.1368325,0.07124903002381325,0.0939585709659625,False
1997-11-10 05:00:00,0.0,0.16810125,0.13348857,0.06923774421215056,0.09341950826479684,False
1997-11-10 06:00:00,0.0,0.1554913,0.12463817,0.06410675360262394,0.09284506076148341,False
1997-11-10 07:00:00,0.0077474522,0.1574323,0.12691046,0.06941596468864009,0.09231954904685358,False
1997-11-10 08:00:00,0.0659093,0.17195992,0.13861938,0.10896832578629255,0.09185102065038418,False
1997-11-10 09:00:00,0.14081985,0.16810067,0.13667247,0.1506625124961138,0.09153808801798632,False
1997-11-10 10:00:00,0.2102224,0.16552731,0.13588417,0.18971564471721647,0.09146561860749981,False
1997-11-10 11:00:00,0.2479846,0.20659187,0.16645394,0.22830803050100804,0.0915941213683584,False
1997-11-10 12:00:00,0.25175583,0.20086339,0.16238028,0.2281502423584461,0.09149147690979005,False
1997-11-10 13:00:00,0.20509924,0.17346348,0.14113368,0.1899715038537979,0.09122111479572192,False
1997-11-10 14:00:00,0.14319329,0.14330456,0.11895111,0.14192526955902576,0.09080585558501866,False
1997-11-10 15:00:00,0.06641723,0.11198114,0.09571397,0.08481233763694764,0.09018192715902985,False
1997-11-10 16:00:00,0.0077972696,0.09909619,0.08464692,0.04563645093748346,0.08951328272301565,False
1997-11-10 17:00:00,0.0,0.10203374,0.086742885,0.04233456652611494,0.0889697886715187,False
1997-11-10 18:00:00,0.0,0.109710604,0.092026316,0.04545263390243053,0.088432973731542,False
1997-11-10 19:00:00,0.0,0.11751481,0.09754952,0.04863063953071833,0.0877207639820408,False
1997-11-10 20:00:00,0.0,0.12159236,0.10094137,0.05031841385364533,0.08677796636009588,False
1997-11-10 21:00:00,0.0,0.11995034,0.099880345,0.049655213803052906,0.08560400288109667,False
1997-11-10 22:00:00,0.0,0.1106104,0.091155276,0.04573762363940477,0.08424825688754208,False
1997-11-10 23:00:00,0.0,0.11333253,0.09294973,0.0468389900252223,0.08269637276791036,False
1997-11-11 00:00:00,0.0,0.11360742,0.09348965,0.04696957947313785,0.0811732293749228,False
1997-11-11 01:00:00,0.0,0.11609443,0.09626243,0.04803701705485582,0.07970838264166377,False
1997-11-11 02:00:00,0.0,0.12311094,0.10212348,0.05094260553270578,0.07830063621560111,False
1997-11-11 03:00:00,0.0,0.1246237,0.10458412,0.051633688151836395,0.07697187677701003,False
1997-11-11 04:00:00,0.0,0.1223885,0.10425256,0.050790993735194204,0.07583032937534152,False
1997-11-11 05:00:00,0.0,0.12070936,0.10319914,0.05011450722813606,0.07471169936051592,False
1997-11-11 06:00:00,0.0,0.12093738,0.10389498,0.050236221045255665,0.07357396862492896,False
1997-11-11 07:00:00,0.0061107147,0.12285603,0.10556619,0.05456033107079565,0.07254261439386755,False
1997-11-11 08:00:00,0.057325244,0.124987885,0.10693504,0.08497168757021427,0.07144399865254913,False
1997-11-11 09:00:00,0.12517938,0.122057244,0.10404951,0.12288629907369614,0.06999509636654208,False
1997-11-11 10:00:00,0.18428962,0.099096246,0.08635425,0.1475647545531392,0.06827707273959337,False
1997-11-11 11:00:00,0.21538572,0.096215434,0.08402746,0.1643185387328267,0.0662147122756966,False
1997-11-11 12:00:00,0.21144255,0.101031624,0.087682664,0.16401788154989477,0.06357124487108862,False
1997-11-11 13:00:00,0.18210284,0.090623885,0.077477574,0.14269734378159046,0.06084402829528941,False
1997-11-11 14:00:00,0.1250327,0.07624551,0.06472355,0.10377352856844663,0.05856689305060232,True
1997-11-11 15:00:00,0.060067337,0.06796069,0.058078393,0.06287258018925786,0.05671112634195014,True
1997-11-11 16:00:00,0.007844869,0.06515,0.055924963,0.031586787510663274,0.055564282217722694,True
1997-11-11 17:00:00,0.0,0.06519065,0.05578636,0.027067813485860823,0.054923204025811474,True
1997-11-11 18:00:00,0.0,0.06410645,0.052955728,0.02651488917320967,0.05435629573077797,True
1997-11-11 19:00:00,0.0,0.061730657,0.04887422,0.02541782032325864,0.05371887027900568,True
1997-11-11 20:00:00,0.0,0.05682418,0.04241869,0.02325873205438256,0.05294441739350926,True
1997-11-11 21:00:00,0.0,0.05376459,0.039194386,0.021955630257725716,0.052088424882827285,True
1997-11-11 22:00:00,0.0,0.04872613,0.03552135,0.01989809501543641,0.05123477546891566,True
1997-11-11 23:00:00,0.0,0.050084144,0.036702886,0.02046300494670868,0.05046755400053128,True
1997-11-12 00:00:00,0.0,0.051773947,0.037913527,0.021151916820555925,0.04971389632762778,True
1997-11-12 01:00:00,0.0,0.04605071,0.03357097,0.01880554397776723,0.048996196018042004,True
1997-11-12 02:00:00,0.0,0.041055527,0.029929478,0.016765681106597183,0.04828415792502831,True
1997-11-12 03:00:00,0.0,0.04763973,0.03472936,0.019454446379095318,0.0475257106367256,True
1997-11-12 04:00:00,0.0,0.042975716,0.031421296,0.017554789312183856,0.046790429983729454,True
1997-11-12 05:00:00,0.0,0.03581755,0.02611099,0.014626668903976679,0.04613324212839264,True
1997-11-12 06:00:00,0.0,0.03575653,0.02606651,0.014601750511676073,0.04554119863754507,True
1997-11-12 07:00:00,0.0050247437,0.03375191,0.024605142,0.01668240910535678,0.04501860839964259,True
1997-11-12 08:00:00,0.046811283,0.030391624,0.022155493,0.039421016057953236,0.044517248455910395,True
1997-11-12 09:00:00,0.09670301,0.030364288,0.022135567,0.06819737840257585,0.043856949202920076,True
1997-11-12 10:00:00,0.13502085,0.031381924,0.022877425,0.09072234245017172,0.0431035292832045,True
1997-11-12 11:00:00,0.15690263,0.026664266,0.01943825,0.10142159507982432,0.04249513398829731,True
1997-11-12 12:00:00,0.15421169,0.020236025,0.014752062,0.09724384672008454,0.04189489204503479,True
1997-11-12 13:00:00,0.12907028,0.01517134,0.011059908,0.08066901210881769,0.041194769707867326,True
1997-11-12 14:00:00,0.08030187,0.015952079,0.011629066,0.052848467543721196,0.040552868149447016,True
1997-11-12 15:00:00,0.0334266,0.0256551,0.018702568,0.029763819674029947,0.04019026309691253,True
1997-11-12 16:00:00,0.0033173275,0.031713217,0.023118936,0.014864697725744919,0.03998999522367376,True
1997-11-12 17:00:00,0.0,0.036998503,0.027231866,0.01512296836450696,0.03989323828588627,True
1997-11-12 18:00:00,0.0,0.03637965,0.026520764,0.014856212217360736,0.039775909225320594,True
1997-11-12 19:00:00,0.0,0.028055472,0.02045244,0.011456901026889682,0.03965680529396438,True
1997-11-12 20:00:00,0.0,0.022604167,0.016478436,0.009230773340910672,0.03956620141338013,True
1997-11-12 21:00:00,0.0,0.021255545,0.015495291,0.008680041935294867,0.039522365759223854,True
1997-11-12 22:00:00,0.0,0.021821095,0.015907578,0.008910993156954646,0.03950984128690713,True
1997-11-12 23:00:00,0.0,0.026112413,0.01903595,0.010663421725854279,0.039416666287560166,True
1997-11-13 00:00:00,0.0,0.030658685,0.022350185,0.012519964613020419,0.03932400831054353,True
1997-11-13 01:00:00,0.0,0.033938155,0.024740918,0.013859188590198756,0.03925380843817644,True
1997-11-13 02:00:00,0.0,0.0355983,0.025951164,0.01453713569417596,0.03928782905624635,True
1997-11-13 03:00:00,0.0,0.040013656,0.029169958,0.016340216808021068,0.03939713204848036,True
1997-11-13 04:00:00,0.0,0.047098428,0.034567717,0.019245976679027083,0.039482436794884654,True
1997-11-13 05:00:00,0.0,0.053055342,0.03924071,0.021696419667452574,0.039609737107161584,True
1997-11-13 06:00:00,0.0,0.061442267,0.04592024,0.025151889625936747,0.039795495782144516,True
1997-11-13 07:00:00,0.0029113775,0.070154555,0.05422515,0.03049505377165042,0.03997370388368532,True
1997-11-13 08:00:00,0.029871682,0.0876314,0.068618104,0.05327732342667878,0.04013046237934031,True
1997-11-13 09:00:00,0.07392351,0.107093476,0.08427376,0.0867221429273486,0.040233908136792396,True
1997-11-13 10:00:00,0.114854015,0.1265019,0.10021873,0.11836178039759396,0.04046793314774792,True
1997-11-13 11:00:00,0.14820997,0.121164136,0.09778156,0.13550692545622586,0.04096702502666934,True
1997-11-13 12:00:00,0.15098085,0.104835115,0.08540563,0.13041200936585665,0.0415944715127019,True
1997-11-13 13:00:00,0.12953192,0.089775525,0.0744256,0.11188606897741556,0.04220114439476553,True
1997-11-13 14:00:00,0.09661006,0.07391722,0.06201902,0.08636848604679108,0.04281700599351704,True
1997-11-13 15:00:00,0.048735026,0.060583107,0.051563807,0.05325972227379679,0.04335747443134702,True
1997-11-13 16:00:00,0.006338513,0.056108538,0.047797814,0.026942454496864228,0.04375012630192213,True
1997-11-13 17:00:00,0.0,0.051783726,0.04310785,0.021436018578708173,0.04396009278135898,True
1997-11-13 18:00:00,0.0,0.050374277,0.04092208,0.020797900468111037,0.04413467964019219,True
1997-11-13 19:00:00,0.0,0.05129255,0.039664503,0.02106883405521512,0.04431609921764175,True
1997-11-13 20:00:00,0.0,0.051704727,0.0384366,0.021154620654881,0.04458856085328443,True
1997-11-13 21:00:00,0.0,0.052253265,0.038388904,0.021354455586522818,0.044934095057091325,True
1997-11-13 22:00:00,0.0,0.037742738,0.027752312,0.015425695046782494,0.04531844416972308,True
1997-11-13 23:00:00,0.0,0.039176494,0.028875848,0.01601542204990983,0.0457397448769916,True
1997-11-14 00:00:00,0.0,0.043510508,0.031980474,0.017782322946935894,0.04619401272422692,True
1997-11-14 01:00:00,0.0,0.049964104,0.037069988,0.020438533645123245,0.04666230710771924,True
1997-11-14 02:00:00,0.0,0.05367908,0.040826753,0.0220122247338295,0.04717041890708788,True
1997-11-14 03:00:00,0.0,0.057143126,0.04561594,0.023549074206501243,0.04771887437802798,True
1997-11-14 04:00:00,0.0,0.057314366,0.046596356,0.023665204301476478,0.04825819209300971,True
1997-11-14 05:00:00,0.0,0.056759145,0.048128903,0.023543085303157567,0.04875167440705991,True
1997-11-14 06:00:00,0.0,0.055774305,0.04768557,0.02315573938563466,0.04919193486370205,True
1997-11-14 07:00:00,0.0028520226,0.054441698,0.045781728,0.02420681689679623,0.0495377052360127,True
1997-11-14 08:00:00,0.036943085,0.05583724,0.045672417,0.04438641241565347,0.04974268015956235,True
1997-11-14 09:00:00,0.09465047,0.060089793,0.048965264,0.0794305789284408,0.0498133440913031,True
1997-11-14 10:00:00,0.14931558,0.06891266,0.05731278,0.11467875263839959,0.04968994945160618,True
1997-11-14 11:00:00,0.18056074,0.06617394,0.05439438,0.1315390264093876,0.04933190594874516,True
1997-11-14 12:00:00,0.1758266,0.060406905,0.048556525,0.12636414505913854,0.04874719694812665,True
1997-11-14 13:00:00,0.15151085,0.05533805,0.04423829,0.11023036884889008,0.048106007479257334,True
1997-11-14 14:00:00,0.0998649,0.05124994,0.04180884,0.07879095255956053,0.04753938245669512,True
1997-11-14 15:00:00,0.047813695,0.050662152,0.04311617,0.04861110946163535,0.0468648340893075,True
1997-11-14 16:00:00,0.0055361786,0.052272987,0.045555215,0.024943088738713416,0.04630522696325594,True
1997-11-14 17:00:00,0.0,0.056373157,0.05002672,0.023503137588500977,0.04595451026955561,True
1997-11-14 18:00:00,0.0,0.056429636,0.050774377,0.023564351934939623,0.045676451621562586,True
1997-11-14 19:00:00,0.0,0.058729682,0.05303346,0.02453505953773856,0.045413529009078045,True
1997-11-14 20:00:00,0.0,0.061728053,0.0562734,0.02581641512364149,0.045133829918209814,True
1997-11-14 21:00:00,0.0,0.06480624,0.059542548,0.027128799341619013,0.044813989088564994,True
1997-11-14 22:00:00,0.0,0.06962613,0.06372935,0.02913342710584402,0.044461763001148936,True
1997-11-14 23:00:00,0.0,0.077687114,0.070402466,0.03246827839314938,0.04422904282649688,True
1997-11-15 00:00:00,0.0,0.08384818,0.07515032,0.03499809502065182,0.0440145249361376,True
1997-11-15 01:00:00,0.0,0.0917564,0.08130448,0.038248554959893225,0.04383188421737577,True
1997-11-15 02:00:00,0.0,0.09802731,0.0868689,0.04086299829930067,0.04368249731084506,True
1997-11-15 03:00:00,0.0,0.10132296,0.0896166,0.04222746712714434,0.043604204087911054,True
1997-11-15 04:00:00,0.0,0.10328043,0.0893083,0.042933127753436565,0.0435227996645699,True
1997-11-15 05:00:00,0.0,0.103267506,0.08746689,0.0428289215862751,0.043473833673095215,True
1997-11-15 06:00:00,0.0,0.10077971,0.08446581,0.041748867496848106,0.04346474860717717,True
1997-11-15 07:00:00,0.0036248802,0.092615925,0.07531515,0.04033385010203347,0.043511257264224695,True
1997-11-15 08:00:00,0.038085185,0.08441349,0.06565671,0.05666919215023518,0.04359760537591016,True
1997-11-15 09:00:00,0.087814964,0.07324511,0.05745409,0.08079920022189617,0.04356910636977166,True
1997-11-15 10:00:00,0.12554607,0.069742166,0.05556948,0.10117569226026533,0.04329982423210701,True
1997-11-15 11:00:00,0.1404063,0.064275466,0.05016322,0.10744089342653751,0.04280997195423455,True
1997-11-15 12:00:00,0.13350753,0.05512785,0.041831296,0.09963491486012935,0.04223052992814094,True
1997-11-15 13:00:00,0.11862373,0.039768886,0.02902694,0.08468806789442897,0.04177662220095468,True
1997-11-15 14:00:00,0.07615585,0.024605965,0.01793775,0.05399016441218555,0.041481851116780794,True
1997-11-15 15:00:00,0.032256495,0.019067656,0.013900321,0.02639858022332191,0.041442733610153173,True
1997-11-15 16:00:00,0.003689998,0.01953866,0.014243684,0.01010805319924839,0.04155947843064738,True
1997-11-15 17:00:00,0.0,0.01980871,0.014440549,0.008089203475043178,0.04184794378122266,True
1997-11-15 18:00:00,0.0,0.02002521,0.014598378,0.008177615068852902,0.042150684390030314,True
1997-11-15 19:00:00,0.0,0.018716734,0.013644498,0.007643277693539858,0.042458853811537356,True
1997-11-15 20:00:00,0.0,0.014208482,0.010357983,0.005802260831929743,0.042721327619906026,True
1997-11-15 21:00:00,0.0,0.010891219,0.007939698,0.004447603390552103,0.04295218537216958,True
1997-11-15 22:00:00,0.0,0.010419885,0.0075960965,0.004255126663483679,0.04316740733226712,True
1997-11-15 23:00:00,0.0,0.014003525,0.0102085695,0.005718563312664628,0.043376229671574645,True
1997-11-16 00:00:00,0.0,0.022077177,0.016094264,0.009015568446367979,0.04355489564994301,True
1997-11-16 01:00:00,0.0,0.03249037,0.023685481,0.013267962131649255,0.043678211148175855,True
1997-11-16 02:00:00,0.0,0.044637702,0.033015516,0.01825415003299713,0.04369546348536338,True
1997-11-16 03:00:00,0.0,0.048029,0.0355363,0.019641661886125802,0.043619295123777796,True
1997-11-16 04:00:00,0.0,0.05212976,0.03849917,0.021314836710691454,0.04347537302114021,True
1997-11-16 05:00:00,0.0,0.05642803,0.042315908,0.023107002139091493,0.043291015681623926,True
1997-11-16 06:00:00,0.0,0.06183268,0.047627695,0.025388154923915864,0.04308586135674219,True
1997-11-16 07:00:00,0.0013592365,0.0669267,0.0531721,0.028351526257698424,0.042890541879273464,True
1997-11-16 08:00:00,0.022877868,0.07218686,0.058907032,0.04301846012100577,0.042732341561716264,True
1997-11-16 09:00:00,0.059478197,0.07776374,0.06465361,0.06650503632053732,0.04265251230799428,True
1997-11-16 10:00:00,0.09068364,0.09373138,0.07878711,0.09116584330052135,0.04282630161966032,True
1997-11-16 11:00:00,0.11710399,0.087100975,0.07438054,0.10372580915689468,0.043464034653829,True
1997-11-16 12:00:00,0.11926962,0.08612904,0.073636845,0.10457657415419816,0.04440426798981449,True
1997-11-16 13:00:00,0.10345656,0.08755933,0.075509846,0.09608135680854321,0.04555911485751615,True
1997-11-16 14:00:00,0.06939551,0.08858542,0.07748298,0.07691331224143505,0.04672625381671969,True
1997-11-16 15:00:00,0.03128912,0.08676857,0.076730326,0.05421486084535718,0.047857850530861466,True
1997-11-16 16:00:00,0.0029937546,0.08883578,0.079289354,0.03878942556632683,0.04879185011064934,True
1997-11-16 17:00:00,0.0,0.09112627,0.08164987,0.03803468681126833,0.049510243313069316,True
1997-11-16 18:00:00,0.0,0.09197869,0.0817842,0.03835648416727781,0.05025900367464298,True
1997-11-16 19:00:00,0.0,0.08902907,0.07929767,0.03713380233943463,0.051060689169013726,True
1997-11-16 20:00:00,0.0,0.08846884,0.078751564,0.0368975872322917,0.05185561855396614,True
1997-11-16 21:00:00,0.0,0.0898044,0.08003016,0.03745945342630148,0.05267505866530943,True
1997-11-16 22:00:00,0.0,0.0938098,0.084094144,0.039156899392604826,0.053528336674821424,True
1997-11-16 23:00:00,0.0,0.098438494,0.087415576,0.04104424535483122,0.05434941422727085,True
1997-11-17 00:00:00,0.0,0.09819397,0.086734496,0.04091723893582821,0.05514807799071665,True
1997-11-17 01:00:00,0.0,0.093724474,0.08319141,0.0390766671448946,0.055932233379312184,True
1997-11-17 02:00:00,0.0,0.089164376,0.079727076,0.03720691694319248,0.056696284422507834,True
1997-11-17 03:00:00,0.0,0.08455328,0.076278634,0.03531920620054006,0.05742049318351443,True
1997-11-17 04:00:00,0.0,0.08153225,0.07404771,0.03408397545665502,0.058207064412623966,True
1997-11-17 05:00:00,0.0,0.07880971,0.07223577,0.03298151399195194,0.05903442792882803,True
1997-11-17 06:00:00,0.0,0.07732707,0.0711082,0.032373532578349115,0.05987142364317211,True
1997-11-17 07:00:00,0.001680389,0.07585793,0.06998286,0.03274023485928774,0.06066486802519891,False
1997-11-17 08:00:00,0.0358402,0.076868616,0.070242114,0.05283738797158003,0.06141239906074285,False
1997-11-17 09:00:00,0.09834364,0.077469684,0.07056469,0.08914108718186617,0.062368915275932524,False
1997-11-17 10:00:00,0.16175318,0.092282,0.081541434,0.131786877900362,0.06371113363858118,False
1997-11-17 11:00:00,0.19757283,0.09262105,0.08139638,0.1525720935538411,0.06520302592562316,False
1997-11-17 12:00:00,0.2016616,0.09310181,0.080634326,0.155067564509809,0.06689268702426732,False
1997-11-17 13:00:00,0.17465243,0.09605413,0.08319099,0.14071073793619873,0.06875077987077141,False
1997-11-17 14:00:00,0.11950314,0.09451454,0.082919054,0.10830680669099091,0.07048882056201303,False
1997-11-17 15:00:00,0.054918554,0.094960235,0.08337459,0.07123056005313991,0.07194871331273073,False
1997-11-17 16:00:00,0.0058867782,0.09901351,0.08626429,0.044590926915407184,0.07295656190233421,False
1997-11-17 17:00:00,0.0,0.10592696,0.0915306,0.0440297008305788,0.07365042108375927,False
1997-11-17 18:00:00,0.0,0.11242186,0.09583058,0.04665851879864931,0.07435852089556283,False
1997-11-17 19:00:00,0.0,0.11036023,0.094017856,0.04579988817125559,0.07511408399962237,False
1997-11-17 20:00:00,0.0,0.108778425,0.09252125,0.04513538617640734,0.07593699795458814,False
1997-11-17 21:00:00,0.0,0.109385625,0.09336393,0.04540494784712791,0.07680404554805136,False
1997-11-17 22:00:00,0.0,0.105128855,0.09026485,0.043666849181056025,0.07769108218685142,False
1997-11-17 23:00:00,0.0,0.10596037,0.09176014,0.044054423958063124,0.0784388857091253,False
1997-11-18 00:00:00,0.0,0.11214692,0.09764469,0.04665502709895372,0.07922769083766615,False
1997-11-18 01:00:00,0.0,0.12005519,0.104482345,0.049942412205040455,0.08005310182026006,False
1997-11-18 02:00:00,0.0,0.12755483,0.11015624,0.05301617056131363,0.08087710410667932,False
1997-11-18 03:00:00,0.0,0.13816772,0.11876279,0.05739708088338375,0.08171125806806957,False
1997-11-18 04:00:00,0.0,0.14676286,0.12727387,0.06102828548848629,0.08256875747520825,False
1997-11-18 05:00:00,0.0,0.15212043,0.13241406,0.06328279642760753,0.08342000228384859,False
1997-11-18 06:00:00,0.0,0.15246537,0.1335882,0.06347348526120186,0.08432349782189702,False
1997-11-18 07:00:00,0.001974428,0.15141399,0.13374089,0.0642330159638077,0.08528998056272394,False
1997-11-18 08:00:00,0.039084516,0.15947647,0.13949358,0.08893123845010996,0.08635152745018422,False
1997-11-18 09:00:00,0.104634635,0.16993614,0.14538702,0.13093151772767303,0.08773135772895087,False
1997-11-18 10:00:00,0.16157576,0.16741553,0.14390975,0.162776673078537,0.0896981194140826,False
1997-11-18 11:00:00,0.19899355,0.16860376,0.14436066,0.18482954189181328,0.09181319250667486,False
1997-11-18 12:00:00,0.2130434,0.1705004,0.14674701,0.19376503078639506,0.09402333381916105,False
1997-11-18 13:00:00,0.18731743,0.17169477,0.14944041,0.17950730998814102,0.0961337362447569,False
1997-11-18 14:00:00,0.13491455,0.16605258,0.14572349,0.14698816427588463,0.09794885111682136,False
1997-11-18 15:00:00,0.061517477,0.16084337,0.1434223,0.10259159314632416,0.0993237766080662,False
1997-11-18 16:00:00,0.0058159553,0.16472128,0.14734644,0.07209466627473012,0.100231907126615,False
1997-11-18 17:00:00,0.0,0.1726306,0.15412572,0.0720234777778387,0.10097114996611586,False
1997-11-18 18:00:00,0.0,0.17896163,0.1590124,0.07462351316213607,0.10168667736090234,False
1997-11-18 19:00:00,0.0,0.18384784,0.16284847,0.0766336721777916,0.10232001306628322,False
1997-11-18 20:00:00,0.0,0.18843995,0.16632463,0.07851587171852588,0.10291173549182227,False
1997-11-18 21:00:00,0.0,0.19218512,0.16890562,0.08003721208870411,0.10343738923081641,False
1997-11-18 22:00:00,0.0,0.17996252,0.16009815,0.07505146846175192,0.10387645089858658,False
1997-11-18 23:00:00,0.0,0.18943232,0.16678452,0.07890689152479172,0.10428699725074209,False
1997-11-19 00:00:00,0.0,0.19360591,0.16845155,0.08053696610033513,0.10466141358529663,False
1997-11-19 01:00:00,0.0,0.18922801,0.16303037,0.07862877689301967,0.10495870980433633,False
1997-11-19 02:00:00,0.0,0.18614666,0.15848498,0.0772463070899248,0.10517327686538433,False
1997-11-19 03:00:00,0.0,0.18445939,0.15580858,0.07647917774319649,0.10532339030550307,False
1997-11-19 04:00:00,0.0,0.18082389,0.15221685,0.07494372627139093,0.10540832184208071,False
1997-11-19 05:00:00,0.0,0.18412748,0.15567148,0.07634929981827736,0.1054537035277996,False
1997-11-19 06:00:00,0.0,0.18989807,0.1609688,0.07876470413804054,0.10546734447450823,False
1997-11-19 07:00:00,0.0028849558,0.1978022,0.16742322,0.08369448545738124,0.10548255513654536,False
1997-11-19 08:00:00,0.055567168,0.20987894,0.17706774,0.11906924135237931,0.10555068610952972,False
1997-11-19 09:00:00,0.14995898,0.23427786,0.19575527,0.18354564806818963,0.10569700901725444,False
1997-11-19 10:00:00,0.23343197,0.23827003,0.1981204,0.23331038634479045,0.10581055706043843,False
1997-11-19 11:00:00,0.2823279,0.23144527,0.19171074,0.2586588765531778,0.10596087165474696,False
1997-11-19 12:00:00,0.28662506,0.21989204,0.18229741,0.25636688093841076,0.10598577808824483,False
1997-11-19 13:00:00,0.24586096,0.2076079,0.17346597,0.22783625179529188,0.10582692137999886,False
1997-11-19 14:00:00,0.16698697,0.18790077,0.1595623,0.17430323027074335,0.10555034421371723,False
1997-11-19 15:00:00,0.07019114,0.17896366,0.15338792,0.11482082494348289,0.10522138600085357,False
1997-11-19 16:00:00,0.005278358,0.18555534,0.15850094,0.08007458321144804,0.10497992061360854,False
1997-11-19 17:00:00,0.0,0.18862419,0.16245723,0.07837501578032971,0.10494287587818689,False
1997-11-19 18:00:00,0.0,0.1852514,0.16112715,0.07705863265693189,0.1048513846641872,False
1997-11-19 19:00:00,0.0,0.17815873,0.15670358,0.07420256459712983,0.10465497435466385,False
1997-11-19 20:00:00,0.0,0.16886586,0.14917155,0.0703667656481266,0.1043325069521088,False
1997-11-19 21:00:00,0.0,0.15961292,0.14042109,0.06647990790009498,0.10383238206082024,False
1997-11-19 22:00:00,0.0,0.15227777,0.1330107,0.06337307408452034,0.10319163618725724,False
1997-11-19 23:00:00,0.0,0.14910439,0.12975721,0.06202640801668167,0.10258407206949777,False
1997-11-20 00:00:00,0.0,0.1464752,0.12733145,0.060925245612859724,0.10182355650677344,False
1997-11-20 01:00:00,0.0,0.14485233,0.12576154,0.0602416311353445,0.10096800561551936,False
1997-11-20 02:00:00,0.0,0.14477913,0.12589104,0.060221615687012675,0.10010663686902262,False
1997-11-20 03:00:00,0.0,0.14774442,0.12881675,0.06147379463911056,0.09924260919424704,False
1997-11-20 04:00:00,0.0,0.15151449,0.13514373,0.0632066064029932,0.09835165526461787,False
1997-11-20 05:00:00,0.0,0.15314314,0.13755082,0.06393756186962127,0.0974582822031807,False
1997-11-20 06:00:00,0.0,0.15388915,0.13737965,0.06420359703898429,0.09651073260861448,False
1997-11-20 07:00:00,0.0025020277,0.15829183,0.14166568,0.06750330266705713,0.09549011687724851,False
1997-11-20 08:00:00,0.04126081,0.17305666,0.15350635,0.09595473802089692,0.09436963607318952,False
1997-11-20 09:00:00,0.10491287,0.18209755,0.1602426,0.13638182380050418,0.0928192186231657,False
1997-11-20 10:00:00,0.15827301,0.18902108,0.16517532,0.16999177360534667,0.09049428725276083,False
1997-11-20 11:00:00,0.18708652,0.18760905,0.16385905,0.18602505069971084,0.08760803817463358,False
1997-11-20 12:00:00,0.19097371,0.18242784,0.15985562,0.18613990879058837,0.08442863804958081,False
1997-11-20 13:00:00,0.16103142,0.17611867,0.15423489,0.16623160600662232,0.08137948112991579,False
1997-11-20 14:00:00,0.10575015,0.16853036,0.14801167,0.13119817005842924,0.07850137482314312,False
1997-11-20 15:00:00,0.040285856,0.16268533,0.14306347,0.09100125455856323,0.07630354661559006,False
1997-11-20 16:00:00,0.0027162256,0.16502878,0.14543772,0.07031651897449046,0.07480200681744706,False
1997-11-20 17:00:00,0.0,0.1622571,0.1436857,0.06763189950585366,0.07369034296565223,False
1997-11-20 18:00:00,0.0,0.1563856,0.13869503,0.06519581830501556,0.07259050972841213,False
1997-11-20 19:00:00,0.0,0.1466843,0.13016164,0.061155236855149266,0.07150498974544461,False
1997-11-20 20:00:00,0.0,0.13062483,0.116839156,0.05450987693667411,0.0704245109540643,False
1997-11-20 21:00:00,0.0,0.11810091,0.10559581,0.04928141015768051,0.06937929143395738,False
1997-11-20 22:00:00,0.0,0.10994241,0.098511904,0.04588839080929756,0.06837402734614442,False
1997-11-20 23:00:00,0.0,0.10148791,0.091724165,0.042402144514024256,0.06743253310455474,False
1997-11-21 00:00:00,0.0,0.09432217,0.08640081,0.03947052332013846,0.06646025985095183,False
1997-11-21 01:00:00,0.0,0.08905253,0.081901744,0.0372830770611763,0.0654911276960047,False
1997-11-21 02:00:00,0.0,0.08553181,0.07799521,0.03577297870069742,0.06454151142726186,False
1997-11-21 03:00:00,0.0,0.08066314,0.07312392,0.033713389120995994,0.06360292310349176,False
1997-11-21 04:00:00,0.0,0.07675239,0.06926275,0.032061819322407245,0.06262566064216661,False
1997-11-21 05:00:00,0.0,0.07400648,0.06589865,0.03086691927909851,0.06158531938272062,False
1997-11-21 06:00:00,0.0,0.07146083,0.06307599,0.029775149032473566,0.06052199106884654,False
1997-11-21 07:00:00,0.0010897173,0.07035291,0.061526213,0.02991140686254948,0.059448629385326045,True
1997-11-21 08:00:00,0.028301876,0.068153605,0.05871002,0.0446492037512362,0.058319798544932064,True
1997-11-21 09:00:00,0.077649765,0.06544647,0.055468135,0.07194894228875637,0.056864871215802845,True
1997-11-21 10:00:00,0.121205695,0.060048267,0.04957285,0.09477043059468268,0.055105844368139506,True
1997-11-21 11:00:00,0.14329165,0.05661287,0.04589329,0.10604767055064439,0.05312963099761205,True
1997-11-21 12:00:00,0.15245424,0.0535021,0.042573623,0.11000734879449008,0.05115174281468109,True
1997-11-21 13:00:00,0.11956716,0.050363205,0.03912728,0.0896871490702033,0.04920982511612237,True
1997-11-21 14:00:00,0.08355386,0.05019184,0.038446516,0.0688074763081968,0.04747120224019939,True
1997-11-21 15:00:00,0.03513125,0.05471425,0.042344905,0.04274691463261843,0.045944042926625114,True
1997-11-21 16:00:00,0.002912732,0.060828064,0.04793549,0.026714718325296417,0.0446278453732472,True
1997-11-21 17:00:00,0.0,0.062059697,0.049685042,0.02558302039280534,0.04334900631199222,True
1997-11-21 18:00:00,0.0,0.06055756,0.048295077,0.02495367347449064,0.042083392760274965,True
1997-11-21 19:00:00,0.0,0.054334994,0.042406846,0.022339582610875368,0.04085854309497032,True
1997-11-21 20:00:00,0.0,0.04918118,0.03793285,0.02019622868299484,0.03969716022887829,True
1997-11-21 21:00:00,0.0,0.04442473,0.03397233,0.018227231685072183,0.0386568208674095,True
1997-11-21 22:00:00,0.0,0.044264596,0.034216937,0.018181350488215682,0.03771625099275358,True
1997-11-21 23:00:00,0.0,0.037509747,0.02807769,0.015357291843742132,0.03684765761167606,True
1997-11-22 00:00:00,0.0,0.03522121,0.026116205,0.01440690217539668,0.036065930794483086,True
1997-11-22 01:00:00,0.0,0.03580056,0.026845243,0.014660050235688686,0.03534338341888602,True
1997-11-22 02:00:00,0.0,0.037015896,0.027972415,0.015169376146048307,0.034657286796510256,True
1997-11-22 03:00:00,0.0,0.03557939,0.026600024,0.014565196495503186,0.03399585366542547,True
1997-11-22 04:00:00,0.0,0.0324668,0.023888465,0.013270225949585438,0.03337598872041659,True
1997-11-22 05:00:00,0.0,0.031568695,0.023128785,0.012897802803665398,0.03278763180397315,True
1997-11-22 06:00:00,0.0,0.031034147,0.022789553,0.012682236230000853,0.03222447645963499,True
1997-11-22 07:00:00,0.0011207492,0.031018188,0.022722937,0.013319422328146176,0.03168770701068084,True
1997-11-22 08:00:00,0.023237457,0.031115698,0.022750385,0.026118226222693917,0.03115561430037269,True
1997-11-22 09:00:00,0.0687484,0.030072799,0.021923069,0.0519485351126641,0.030517953450513835,True
1997-11-22 10:00:00,0.11399013,0.022923622,0.01671132,0.075133531820029,0.02974009285588181,True
1997-11-22 11:00:00,0.14375618,0.0199309,0.014529624,0.09108641791902482,0.028885861831963358,True
1997-11-22 12:00:00,0.14939477,0.016473163,0.012008934,0.09292785925976932,0.028137212745771342,True
1997-11-22 13:00:00,0.13318032,0.014527809,0.010590772,0.08277770796231924,0.02728267075572876,True
1997-11-22 14:00:00,0.08983261,0.014842338,0.010820066,0.05789452300686389,0.026625994584817816,True
1997-11-22 15:00:00,0.03627243,0.016883336,0.012307954,0.027823771996423604,0.02602991894228398,True
1997-11-22 16:00:00,0.0028449052,0.01785343,0.013015152,0.008932244034251196,0.02551548970298002,True
1997-11-22 17:00:00,0.0,0.016853629,0.012286297,0.006882449023425579,0.02504605932264894,True
1997-11-22 18:00:00,0.0,0.015679646,0.011430461,0.0064030343703925605,0.024582665533398537,True
1997-11-22 19:00:00,0.0,0.013245126,0.009655698,0.00540885928273201,0.024135961345327812,True
1997-11-22 20:00:00,0.0,0.011199727,0.0081646005,0.004573587586171925,0.023758565854852344,True
1997-11-22 21:00:00,0.0,0.010123409,0.0073799654,0.004134056174196303,0.023443400209293027,True
1997-11-22 22:00:00,0.0,0.010274872,0.007490383,0.004195908517576754,0.023181192969019316,True
1997-11-22 23:00:00,0.0,0.011948246,0.008710272,0.004879257288761436,0.022935313148587735,True
1997-11-23 00:00:00,0.0,0.011725387,0.008547808,0.0047882492914795875,0.022751950621186547,True
1997-11-23 01:00:00,0.0,0.010653284,0.0077662454,0.004350439187139272,0.022577673205803873,True
1997-11-23 02:00:00,0.0,0.009854367,0.007183833,0.004024188408628106,0.022369168969675224,True
1997-11-23 03:00:00,0.0,0.009696869,0.007069019,0.003959871760569513,0.022151675867604352,True
1997-11-23 04:00:00,0.0,0.009356037,0.006820551,0.0038206873331218956,0.021994353938021956,True
1997-11-23 05:00:00,0.0,0.009392219,0.006846927,0.003835462750867009,0.021916307432566097,True
1997-11-23 06:00:00,0.0,0.00982015,0.00715889,0.004010215482674539,0.02187120876530025,True
1997-11-23 07:00:00,0.0007944679,0.009580986,0.0069845384,0.004370956767757888,0.021892425526504666,True
1997-11-23 08:00:00,0.018468922,0.008288925,0.0060426258,0.01404148295801133,0.021942192835193657,True
1997-11-23 09:00:00,0.05524653,0.006695922,0.0048813284,0.034611633746419096,0.022057911845820247,True
1997-11-23 10:00:00,0.088432774,0.006713661,0.0048942594,0.053767341446597124,0.022307308683485946,True
1997-11-23 11:00:00,0.117326014,0.005914803,0.0043118913,0.07011251441342756,0.022652381730812823,True
1997-11-23 12:00:00,0.11626451,0.004664229,0.003400223,0.06898933327244593,0.02302874481938367,True
1997-11-23 13:00:00,0.097478144,0.004706082,0.0034307337,0.05816669286647812,0.02338176689437023,True
1997-11-23 14:00:00,0.065942764,0.0052572214,0.0038325144,0.04019584546657279,0.023734986677420238,True
1997-11-23 15:00:00,0.02673818,0.00643144,0.0046885195,0.01805431114602834,0.024088294946534004,True
1997-11-23 16:00:00,0.0020504086,0.0073438394,0.0053536585,0.0041820600694045425,0.024425739127661168,True
1997-11-23 17:00:00,0.0,0.008179228,0.0059626563,0.003340118508785963,0.024771219380465483,True
1997-11-23 18:00:00,0.0,0.008599816,0.0062692664,0.0035118724470958114,0.025193924702969522,True
1997-11-23 19:00:00,0.0,0.010345129,0.007541599,0.0042245990680530665,0.025675022061481284,True
1997-11-23 20:00:00,0.0,0.012411116,0.009047704,0.005068277696147561,0.026183698194134193,True
1997-11-23 21:00:00,0.0,0.0138142845,0.0100706145,0.005641284151934088,0.026694290989169527,True
1997-11-23 22:00:00,0.0,0.015621083,0.011387769,0.006379119107499718,0.02720827960680253,True
1997-11-23 23:00:00,0.0,0.016053958,0.011703335,0.006555890528485179,0.02772633111031973,True
1997-11-24 00:00:00,0.0,0.014794538,0.010785218,0.0060415862370282415,0.02825467025515172,True
1997-11-24 01:00:00,0.0,0.011391367,0.008304306,0.004651846901513637,0.028802543891393723,True
1997-11-24 02:00:00,0.0,0.01158203,0.0084433,0.004729707246646285,0.02937162159340005,True
1997-11-24 03:00:00,0.0,0.017175142,0.012520677,0.0070137438755482435,0.029961479074470842,True
1997-11-24 04:00:00,0.0,0.0233222,0.017001884,0.009523993687704206,0.03055072082984043,True
1997-11-24 05:00:00,0.0,0.026282959,0.019160278,0.010733066774904728,0.03114699477932663,True
1997-11-24 06:00:00,0.0,0.03354861,0.024466746,0.013700640767812728,0.03175131109365975,True
1997-11-24 07:00:00,0.0009308122,0.037089262,0.027504385,0.015708253145217895,0.03236018132724348,True
1997-11-24 08:00:00,0.027518673,0.03861913,0.028592689,0.03167273873277009,0.033001730250792505,True
1997-11-24 09:00:00,0.082125984,0.04048263,0.02953334,0.06391958332061767,0.03380747905811707,True
1997-11-24 10:00:00,0.13549416,0.033099987,0.02412989,0.09169703809171913,0.03496952118079086,True
1997-11-24 11:00:00,0.16701828,0.031301085,0.022818493,0.10915184617042542,0.036420491061615996,True
1997-11-24 12:00:00,0.16730456,0.032662336,0.023810843,0.10987291885912417,0.03791571572685522,True
1997-11-24 13:00:00,0.14261866,0.042709954,0.031135553,0.09973225754871964,0.03953965749201234,True
1997-11-24 14:00:00,0.093912944,0.050605465,0.036891382,0.07485331992432476,0.04104781165285021,True
1997-11-24 15:00:00,0.039668504,0.051748592,0.037724726,0.04402109269052744,0.04226208244876882,True
1997-11-24 16:00:00,0.0026673006,0.058521993,0.044104595,0.025515296168858184,0.04311883298375202,True
1997-11-24 17:00:00,0.0,0.06588479,0.052978083,0.027172304503619668,0.043819162141358295,True
1997-11-24 18:00:00,0.0,0.071360536,0.05858648,0.02949570757895708,0.04454782906273734,True
1997-11-24 19:00:00,0.0,0.07228186,0.05839458,0.02982531365007162,0.045287015768002065,True
1997-11-24 20:00:00,0.0,0.07085923,0.054351583,0.02908204174786806,0.04599712717562336,True
1997-11-24 21:00:00,0.0,0.07018782,0.053818583,0.028805509820580482,0.046652110360971465,True
1997-11-24 22:00:00,0.0,0.07069089,0.055137802,0.029062380686402323,0.04725003353704353,True
1997-11-24 23:00:00,0.0,0.07335001,0.058766328,0.030239536240696908,0.04781337718782136,True
1997-11-25 00:00:00,0.0,0.07511542,0.062381368,0.031086183831095696,0.048352224878153105,True
1997-11-25 01:00:00,0.0,0.07634163,0.06474274,0.03166616888344288,0.04891704214713657,True
1997-11-25 02:00:00,0.0,0.07787556,0.066690095,0.032337347500026224,0.049520935521986144,True
1997-11-25 03:00:00,0.0,0.077603534,0.06681059,0.03224347601830959,0.05015319403581209,True
1997-11-25 04:00:00,0.0,0.077952415,0.06809992,0.03244183690845966,0.05075606167857889,True
1997-11-25 05:00:00,0.0,0.07879543,0.069761686,0.032842645838856696,0.0513333223158855,True
1997-11-25 06:00:00,0.0,0.07966295,0.07111775,0.03323598669469356,0.051914523055719954,True
1997-11-25 07:00:00,0.00086272653,0.083108194,0.07408497,0.03516530509811127,0.05245645386813096,True
1997-11-25 08:00:00,0.028334377,0.087232046,0.07740491,0.052717425709590315,0.05298261718732586,True
1997-11-25 09:00:00,0.09051235,0.09168756,0.08020963,0.09038965563476085,0.05352880708164351,True
1997-11-25 10:00:00,0.14919853,0.08971077,0.07820496,0.1234138957262039,0.054220691361515486,True
1997-11-25 11:00:00,0.18251601,0.08796207,0.076177,0.14188329834491015,0.055125638954857996,True
1997-11-25 12:00:00,0.19189978,0.08706319,0.07566757,0.1469385379999876,0.05607109405105438,True
1997-11-25 13:00:00,0.16416758,0.08606369,0.075479545,0.13055809258669612,0.0570705996999095,True
1997-11-25 14:00:00,0.10914758,0.085202254,0.075241834,0.09848084367066622,0.057943997262329495,True
1997-11-25 15:00:00,0.04207078,0.08362874,0.07489802,0.05917833682522177,0.0586820074421242,True
1997-11-25 16:00:00,0.0026138232,0.08695346,0.077849194,0.03779785963450558,0.05919221009660638,True
1997-11-25 17:00:00,0.0,0.091777705,0.08241033,0.03831613073498011,0.05959557453270099,True
1997-11-25 18:00:00,0.0,0.09338181,0.08398051,0.038992834299802784,0.059931310465624846,True
1997-11-25 19:00:00,0.0,0.09173151,0.082611464,0.03830994663387537,0.0602110071047864,False
1997-11-25 20:00:00,0.0,0.08741385,0.07873631,0.0365074705928564,0.06046493519336945,False
1997-11-25 21:00:00,0.0,0.082288995,0.07364736,0.03434159660339355,0.06071906112420401,False
1997-11-25 22:00:00,0.0,0.08002496,0.07204454,0.03341961434483528,0.06096341499646223,False
1997-11-25 23:00:00,0.0,0.07760767,0.070062034,0.03242057966440916,0.06119309238537243,False
1997-11-26 00:00:00,0.0,0.07931301,0.07196879,0.03315281514823437,0.061400990605885455,False
1997-11-26 01:00:00,0.0,0.080458485,0.07313978,0.033638728894293306,0.06158806493931479,False
1997-11-26 02:00:00,0.0,0.08396338,0.07584498,0.03507811591029167,0.061763930952707595,False
1997-11-26 03:00:00,0.0,0.086110115,0.077347375,0.03595139072835445,0.06191063320550165,False
1997-11-26 04:00:00,0.0,0.08916515,0.08019562,0.0372325042784214,0.0620514028506077,False
1997-11-26 05:00:00,0.0,0.09243816,0.08372261,0.038630702286958696,0.06217260621261811,False
1997-11-26 06:00:00,0.0,0.09502299,0.08610807,0.03971331976354122,0.062287617818052234,False
1997-11-26 07:00:00,0.00075859536,0.09715573,0.0865911,0.04096409246657276,0.06240099678940169,False
1997-11-26 08:00:00,0.027619261,0.10064243,0.08919415,0.057889853660017254,0.06249342580387505,False
1997-11-26 09:00:00,0.09047618,0.107897766,0.09464812,0.09713002875447273,0.06255754172595819,False
1997-11-26 10:00:00,0.15134257,0.11470272,0.10156587,0.13513452257215977,0.06255026960570345,False
1997-11-26 11:00:00,0.18633895,0.11288456,0.09929105,0.15453369078785179,0.06253989964470869,False
1997-11-26 12:00:00,0.19176975,0.11333943,0.09955175,0.15784919000416994,0.0625888389856118,False
1997-11-26 13:00:00,0.16367704,0.11331726,0.099993,0.14165534054487944,0.0625858366710939,False
1997-11-26 14:00:00,0.110166185,0.11209434,0.09905755,0.11027780855447053,0.06261194457761302,False
1997-11-26 15:00:00,0.043253906,0.10450209,0.092445284,0.06851082010567187,0.06272152350683366,False
1997-11-26 16:00:00,0.0025963048,0.10409369,0.09200275,0.04487678910139948,0.06290882808617607,False
1997-11-26 17:00:00,0.0,0.1038465,0.09200503,0.04328762928396463,0.06317214205161144,False
1997-11-26 18:00:00,0.0,0.10296059,0.091272034,0.042921146258711816,0.06341884061459858,False
1997-11-26 19:00:00,0.0,0.10083098,0.089022785,0.04201386190205812,0.06365553563459252,False
1997-11-26 20:00:00,0.0,0.09909366,0.08730603,0.041280086427927014,0.06390402546616678,False
1997-11-26 21:00:00,0.0,0.09728701,0.08584426,0.04053449568897486,0.06418445355071162,False
1997-11-26 22:00:00,0.0,0.09612618,0.08548771,0.04008689535409212,0.06450918964388257,False
1997-11-26 23:00:00,0.0,0.09643168,0.08584002,0.040218650825321674,0.06485240329055522,False
1997-11-27 00:00:00,0.0,0.09608047,0.08540851,0.04006575183570385,0.06522827399008382,False
1997-11-27 01:00:00,0.0,0.09616782,0.085589126,0.04010773752629757,0.06559576805167308,False
1997-11-27 02:00:00,0.0,0.094286725,0.08494915,0.039379055634140965,0.06596006200321425,False
1997-11-27 03:00:00,0.0,0.09341378,0.0839025,0.03900041898339987,0.06629147204569016,False
1997-11-27 04:00:00,0.0,0.09160891,0.08251685,0.03825959828495979,0.06659257594261725,False
1997-11-27 05:00:00,0.0,0.09186065,0.08271523,0.03836320289969444,0.06683995943841001,False
1997-11-27 06:00:00,0.0,0.09263893,0.08322984,0.038678177319467065,0.06703596134249527,False
1997-11-27 07:00:00,0.0005771871,0.09409614,0.08421084,0.03960189779283246,0.06719845580913533,False
1997-11-27 08:00:00,0.026972,0.09638416,0.08641465,0.05579498996958136,0.06733781636025014,False
1997-11-27 09:00:00,0.08567898,0.0972977,0.087055035,0.09004059386253356,0.06737082380999224,False
1997-11-27 10:00:00,0.14015317,0.10084341,0.08956558,0.12291613759845495,0.0671974523361993,False
1997-11-27 11:00:00,0.17613502,0.102148265,0.09092169,0.14423238670825958,0.0666845892476449,False
1997-11-27 12:00:00,0.17968899,0.10336259,0.092094146,0.1467944269031286,0.06621135646644082,False
1997-11-27 13:00:00,0.15269889,0.10476743,0.09342282,0.13181127209961413,0.06571699826725791,False
1997-11-27 14:00:00,0.10084198,0.10923579,0.09716304,0.10374063227325678,0.06523584897486215,False
1997-11-27 15:00:00,0.037222516,0.11196858,0.09954,0.06816895663365721,0.06493335971309837,False
1997-11-27 16:00:00,0.0020034432,0.11827997,0.10436359,0.05043692997540347,0.06491203388342667,False
1997-11-27 17:00:00,0.0,0.12044247,0.10582203,0.050157661758363246,0.0651291036358998,False
1997-11-27 18:00:00,0.0,0.12087021,0.10653866,0.05035419525951147,0.0653937639035248,False
1997-11-27 19:00:00,0.0,0.12044542,0.107279584,0.05023745854943991,0.06566828917525344,False
1997-11-27 20:00:00,0.0,0.119660094,0.10765637,0.049968018651008604,0.06593598964018384,False
1997-11-27 21:00:00,0.0,0.119467095,0.10825132,0.04992892907559872,0.06618630244629094,False
1997-11-27 22:00:00,0.0,0.11933398,0.108511664,0.04989386938512325,0.06642438496881732,False
1997-11-27 23:00:00,0.0,0.12065685,0.10999993,0.05046237324178219,0.06662155842687571,False
1997-11-28 00:00:00,0.0,0.12144737,0.11071205,0.05079253010451794,0.06683504135720068,False
1997-11-28 01:00:00,0.0,0.12216029,0.11199427,0.0511248385682702,0.06706496505392351,False
1997-11-28 02:00:00,0.0,0.121690385,0.11263048,0.0509857979491353,0.06730347743956008,False
1997-11-28 03:00:00,0.0,0.120286904,0.11145389,0.0504043777808547,0.06757036914163836,False
1997-11-28 04:00:00,0.0,0.11735867,0.10743635,0.04910691207647323,0.06781898977839955,False
1997-11-28 05:00:00,0.0,0.11491655,0.10434421,0.04803879368305206,0.06805596323823192,False
1997-11-28 06:00:00,0.0,0.11366895,0.10313356,0.047513054162263875,0.06828740772511446,False
1997-11-28 07:00:00,0.0004548172,0.11335617,0.10301003,0.04765339892008342,0.06853182478854068,False
1997-11-28 08:00:00,0.019815767,0.114942305,0.10420006,0.05947421124763787,0.06876523182848601,False
1997-11-28 09:00:00,0.06896245,0.11753091,0.10459184,0.08880819801241159,0.0688419721458043,False
1997-11-28 10:00:00,0.106141396,0.118384674,0.10351045,0.11051709432154892,0.06872187853698597,False
1997-11-28 11:00:00,0.14198059,0.119896255,0.104703695,0.13181851729005573,0.0681320539837173,False
1997-11-28 12:00:00,0.14606383,0.119654685,0.10534417,0.13411999644339084,0.0673623454789722,False
1997-11-28 13:00:00,0.11766768,0.12162586,0.107147746,0.11856017450988293,0.06658929303149672,False
1997-11-28 14:00:00,0.07767546,0.12218226,0.10841351,0.09575832398980856,0.06587345281477065,False
1997-11-28 15:00:00,0.027353,0.12386798,0.111059524,0.06748718028143048,0.06511513672738936,False
1997-11-28 16:00:00,0.0009949793,0.13090456,0.11885654,0.055296137220109814,0.06447075437041289,False
1997-11-28 17:00:00,0.0,0.13374692,0.122939035,0.055991322129964834,0.06379496616139113,False
1997-11-28 18:00:00,0.0,0.13402916,0.122992545,0.05609835930168629,0.06306136020566373,False
1997-11-28 19:00:00,0.0,0.13120398,0.11942992,0.05486348421871662,0.06229369847467205,False
1997-11-28 20:00:00,0.0,0.12764774,0.11468674,0.053295101121068,0.061510265049082594,False
1997-11-28 21:00:00,0.0,0.12470109,0.1101436,0.05196245677024126,0.06070944703733585,False
1997-11-28 22:00:00,0.0,0.119212046,0.10299956,0.0495512213408947,0.0598855714402398,True
1997-11-28 23:00:00,0.0,0.12139837,0.10499693,0.05046583148092031,0.0590040103582669,True
1997-11-29 00:00:00,0.0,0.12273369,0.10765477,0.051102089278399945,0.05810318684906269,True
1997-11-29 01:00:00,0.0,0.12377405,0.10895754,0.05155633203685284,0.05718673979435152,True
1997-11-29 02:00:00,0.0,0.12534897,0.10992754,0.05218985733389855,0.05625065077197541,True
1997-11-29 03:00:00,0.0,0.12243701,0.10657322,0.05093420954793691,0.05531268990717399,True
1997-11-29 04:00:00,0.0,0.11969133,0.10126342,0.04963432435691357,0.05438089294850397,True
1997-11-29 05:00:00,0.0,0.119636856,0.0986396,0.04947253827005625,0.05347404081830791,True
1997-11-29 06:00:00,0.0,0.1220445,0.09955138,0.050410196363925935,0.05259602058646305,True
1997-11-29 07:00:00,0.00028643254,0.122556046,0.100314505,0.05080543571020826,0.05174475602342317,True
1997-11-29 08:00:00,0.016605856,0.12084005,0.09827718,0.05947852520085871,0.05091941132697987,True
1997-11-29 09:00:00,0.06071682,0.119524516,0.095147215,0.08427610063925385,0.050049144490105994,True
1997-11-29 10:00:00,0.09554997,0.09633697,0.07266453,0.09460455904155969,0.04900875995788192,True
1997-11-29 11:00:00,0.11892228,0.09447452,0.070502356,0.10728637848049402,0.04789898895288752,True
1997-11-29 12:00:00,0.12776701,0.087972865,0.064895496,0.10968790942430497,0.04656713436038323,True
1997-11-29 13:00:00,0.111488245,0.08108184,0.059315298,0.09745094169676302,0.04517139884902099,True
1997-11-29 14:00:00,0.07112892,0.06440319,0.046949923,0.0673414600789547,0.04379821819228831,True
1997-11-29 15:00:00,0.027700659,0.05204969,0.037944224,0.03723860349878669,0.04255941736638791,True
1997-11-29 16:00:00,0.0016806195,0.041701265,0.030400218,0.017999095942359416,0.041610192266863424,True
1997-11-29 17:00:00,0.0,0.036596034,0.026678508,0.014944575883448124,0.04078086515912764,True
1997-11-29 18:00:00,0.0,0.03307433,0.024111189,0.013506432171911002,0.04001878929954,True
1997-11-29 19:00:00,0.0,0.030934637,0.02255135,0.012632654121145606,0.03935879124492385,True
1997-11-29 20:00:00,0.0,0.028231425,0.020580707,0.011528754087164998,0.03879517531465717,True
1997-11-29 21:00:00,0.0,0.025425477,0.018535174,0.010382900414988398,0.03830970944162436,True
1997-11-29 22:00:00,0.0,0.018559178,0.013529642,0.007578937450423837,0.03787336440734543,True
1997-11-29 23:00:00,0.0,0.017687185,0.012893956,0.007222844799980521,0.03750589361391939,True
1997-11-30 00:00:00,0.0,0.01665925,0.0121445935,0.0068030714783817526,0.0371208859833514,True
1997-11-30 01:00:00,0.0,0.015164253,0.011054741,0.006192565494216979,0.03678754395550095,True
1997-11-30 02:00:00,0.0,0.014603754,0.0106461365,0.00596367643866688,0.03649813597906358,True
1997-11-30 03:00:00,0.0,0.013904497,0.010136377,0.005678123764693737,0.036218758281096594,True
1997-11-30 04:00:00,0.0,0.013659339,0.009957659,0.005578009827062488,0.03592387316260465,True
1997-11-30 05:00:00,0.0,0.014432697,0.010521435,0.00589382255449891,0.03560428997432791,True
1997-11-30 06:00:00,0.0,0.016290179,0.011875542,0.006652355136349797,0.035254280547387676,True
1997-11-30 07:00:00,0.00018475059,0.019419473,0.014156796,0.008036853490804787,0.03479962702678495,True
1997-11-30 08:00:00,0.014362371,0.023053622,0.016806088,0.017701403077691795,0.034233994438339924,True
1997-11-30 09:00:00,0.047667578,0.027831769,0.02028936,0.03886974046565592,0.033539757902508724,True
1997-11-30 10:00:00,0.080999844,0.025739597,0.018764164,0.057248086081817744,0.03276442641897574,True
1997-11-30 11:00:00,0.098473735,0.027108407,0.01976203,0.06788949684984982,0.032269706599421924,True
1997-11-30 12:00:00,0.10146922,0.020945022,0.015708141,0.06712469189800321,0.031911353290088595,True
1997-11-30 13:00:00,0.07662983,0.020474123,0.016243303,0.052647502986714244,0.03155148550511785,True
1997-11-30 14:00:00,0.045738734,0.02388837,0.020181965,0.036295884346589445,0.031283992926752935,True
1997-11-30 15:00:00,0.016826307,0.029303899,0.025971433,0.021924375504255293,0.031162342617916686,True
1997-11-30 16:00:00,0.0009070988,0.0357457,0.032868095,0.015488436048792208,0.031024322166852466,True
1997-11-30 17:00:00,0.0,0.046301544,0.04308169,0.01941168086975813,0.030873790607831623,True
1997-11-30 18:00:00,0.0,0.058270484,0.054011926,0.02441845268011093,0.03072495401096269,True
1997-11-30 19:00:00,0.0,0.06643248,0.061043207,0.027809919565916063,0.030573795746357362,True
1997-11-30 20:00:00,0.0,0.071952686,0.06374441,0.0299927392154932,0.03041433630207059,True
1997-11-30 21:00:00,0.0,0.07445385,0.06563747,0.031017895124852656,0.030257473718942787,True
1997-11-30 22:00:00,0.0,0.07676181,0.06643546,0.03191262325644493,0.03011538414149284,True
1997-11-30 23:00:00,0.0,0.076831475,0.06730835,0.031985465213656424,0.03002640956109129,True
1997-12-01 00:00:00,0.0,0.08427667,0.07414039,0.035101671941578386,0.029949921765699702,True
1997-12-01 01:00:00,0.0,0.0905403,0.07880332,0.03766474916785955,0.02988643158027874,True
1997-12-01 02:00:00,0.0,0.0935574,0.07883419,0.03877972783148288,0.029850683466982744,True
1997-12-01 03:00:00,0.0,0.089044,0.07263868,0.03677972386032343,0.029841004714180896,True
1997-12-01 04:00:00,0.0,0.083204724,0.0665146,0.034294331319630146,0.029875483111988003,True
1997-12-01 05:00:00,0.0,0.0795373,0.061533727,0.03267208577692508,0.029952818793288614,True
1997-12-01 06:00:00,0.0,0.06990671,0.05168983,0.028586827374994756,0.030072188838545413,True
1997-12-01 07:00:00,0.00016472537,0.05765714,0.042306293,0.023655071464847424,0.030246313258351008,True
1997-12-01 08:00:00,0.012298361,0.04665758,0.034117956,0.026155171480961147,0.030443292075592272,True
1997-12-01 09:00:00,0.05054493,0.043807447,0.032052178,0.047060189429670565,0.0306551669561486,True
1997-12-01 10:00:00,0.09439089,0.040122546,0.02943044,0.07085800770297646,0.030977201004026327,True
1997-12-01 11:00:00,0.12320237,0.046416678,0.034627758,0.09008541963249445,0.031412339815344845,True
1997-12-01 12:00:00,0.12723006,0.04644926,0.034495052,0.09241425574570894,0.031979246708155794,True
1997-12-01 13:00:00,0.11870781,0.039416313,0.029116113,0.08461129793524741,0.0325928555765992,True
1997-12-01 14:00:00,0.08232399,0.03428206,0.025022648,0.061502245254814625,0.03324745577983049,True
1997-12-01 15:00:00,0.03229032,0.029341588,0.021390015,0.03061362184770405,0.03376617467808803,True
1997-12-01 16:00:00,0.0016341725,0.024073169,0.01754934,0.010773581109358929,0.034050018019371533,True
1997-12-01 17:00:00,0.0,0.01910154,0.013925021,0.007800419233739376,0.03436209929062533,True
1997-12-01 18:00:00,0.0,0.015306944,0.011158762,0.006250835470855236,0.03470081138451132,True
1997-12-01 19:00:00,0.0,0.012191516,0.008887616,0.004978600795380771,0.03500465387830991,True
1997-12-01 20:00:00,0.0,0.009793543,0.0071394932,0.003999350097030401,0.03517598730631652,True
1997-12-01 21:00:00,0.0,0.0087240385,0.006359824,0.0035626006973907354,0.03522579863228384,True
1997-12-01 22:00:00,0.0,0.008100962,0.005905602,0.0033081575911492107,0.03522828464469421,True
1997-12-01 23:00:00,0.0,0.008696686,0.0063398825,0.0035514306211844086,0.03511862279734123,True
1997-12-02 00:00:00,0.0,0.0091965115,0.0067042564,0.0037555425781756638,0.03516295531046126,True
1997-12-02 01:00:00,0.0,0.010962362,0.007991562,0.004476656056009233,0.035222528985967075,True
1997-12-02 02:00:00,0.0,0.013466097,0.009816784,0.0054990963041782375,0.035247486246549664,True
1997-12-02 03:00:00,0.0,0.017957143,0.013090758,0.0073330868594348435,0.03525923549689833,True
1997-12-02 04:00:00,0.0,0.0227495,0.016584387,0.009290122529491782,0.035348145868429125,True
1997-12-02 05:00:00,0.0,0.028463645,0.020749995,0.011623584726825356,0.0355146664285894,True
1997-12-02 06:00:00,0.0,0.036757044,0.026795886,0.015010327287018298,0.03570998878524187,True
1997-12-02 07:00:00,0.00020163516,0.042548824,0.031018095,0.017491836718385455,0.03596327165028561,True
1997-12-02 08:00:00,0.016424881,0.045043517,0.032836724,0.027871397344395515,0.036321418210406894,True
1997-12-02 09:00:00,0.061112713,0.04668689,0.034034748,0.05432737476378679,0.03671019882919184,True
1997-12-02 10:00:00,0.099348985,0.05096013,0.037149936,0.07813474902510643,0.03704304136266849,True
1997-12-02 11:00:00,0.122494996,0.059802763,0.043596216,0.09510102770477533,0.03730892890475297,True
1997-12-02 12:00:00,0.11920481,0.06806821,0.049621724,0.09657791758328677,0.037453264809998166,True
1997-12-02 13:00:00,0.097226664,0.06848887,0.04992839,0.08406831274181603,0.037568614724411115,True
1997-12-02 14:00:00,0.060863335,0.06385509,0.04655036,0.06119439146295189,0.03769765753268803,True
1997-12-02 15:00:00,0.01936755,0.059686113,0.043511186,0.035548855885863304,0.037976989680443995,True
1997-12-02 16:00:00,0.0008259031,0.07341247,0.053751655,0.030468337068974505,0.038524814062333455,True
1997-12-02 17:00:00,0.0,0.087245315,0.06437667,0.035669861376285555,0.03931109769606822,True
1997-12-02 18:00:00,0.0,0.095371984,0.07056723,0.03900289238244295,0.040172760530019634,True
1997-12-02 19:00:00,0.0,0.088206224,0.06455236,0.03603392411023378,0.04108513564115249,True
1997-12-02 20:00:00,0.0,0.079300635,0.05781016,0.032383682861924175,0.04202435641042514,True
1997-12-02 21:00:00,0.0,0.076248325,0.05558503,0.031137223720550535,0.042959484553249536,True
1997-12-02 22:00:00,0.0,0.06525728,0.047572553,0.026648854583501816,0.04385386010933992,True
1997-12-02 23:00:00,0.0,0.0835364,0.060898032,0.034113425843417644,0.044680092940682994,True
1997-12-03 00:00:00,0.0,0.09294882,0.06783509,0.0379612083658576,0.045499690581514485,True
1997-12-03 01:00:00,0.0,0.09516634,0.06937626,0.03886269767582416,0.04631724147736653,True
1997-12-03 02:00:00,0.0,0.09631037,0.07046603,0.03934369184821844,0.04711615279386145,True
1997-12-03 03:00:00,0.0,0.10045946,0.07366449,0.041047421693801885,0.047897181001252946,True
1997-12-03 04:00:00,0.0,0.10309359,0.07862564,0.04228731820732355,0.048596277495840084,True
1997-12-03 05:00:00,0.0,0.102120794,0.08083307,0.04204755889624357,0.04920050216593638,True
1997-12-03 06:00:00,0.0,0.09873812,0.07981554,0.04074440489709377,0.0497044296874604,True
1997-12-03 07:00:00,8.119574e-05,0.09875161,0.0807391,0.040846106350669285,0.05008343082945187,True
1997-12-03 08:00:00,0.009046295,0.095878996,0.078103326,0.0448166411826387,0.050346431537191316,True
1997-12-03 09:00:00,0.038232047,0.099380925,0.079725526,0.06303663103654981,0.05041758406832574,True
1997-12-03 10:00:00,0.067398064,0.10832797,0.08812789,0.08362060972303152,0.05030195622374063,True
1997-12-03 11:00:00,0.0854381,0.11538637,0.09515164,0.0970135430842638,0.05016191104119404,True
1997-12-03 12:00:00,0.08460963,0.118847445,0.09771462,0.09795105163753032,0.04998828185166303,True
1997-12-03 13:00:00,0.07224057,0.11877287,0.09806213,0.09080535273253917,0.049824383501418955,True
1997-12-03 14:00:00,0.04537984,0.11746379,0.09966449,0.07491018834710121,0.049635302457211004,True
1997-12-03 15:00:00,0.017120693,0.113095835,0.09811462,0.05690919217839837,0.04939103435762763,True
1997-12-03 16:00:00,0.0009486476,0.11515797,0.10138028,0.04851519552862737,0.0491145037329887,True
1997-12-03 17:00:00,0.0,0.11775204,0.1057358,0.04916023526340723,0.04862452810543209,True
1997-12-03 18:00:00,0.0,0.119636424,0.10924075,0.05004484080523252,0.04800264388922687,True
1997-12-03 19:00:00,0.0,0.11973757,0.10885247,0.05006119772046805,0.04731399727869166,True
1997-12-03 20:00:00,0.0,0.11714281,0.10481118,0.048885500952601434,0.04669963150355352,True
1997-12-03 21:00:00,0.0,0.1118617,0.09658631,0.04649262738972902,0.04618468916626034,True
1997-12-03 22:00:00,0.0,0.10420643,0.0836141,0.04296733349561692,0.04572069349629191,True
1997-12-03 23:00:00,0.0,0.104093805,0.0829908,0.042892117381095884,0.04539106245269386,True
1997-12-04 00:00:00,0.0,0.10436865,0.08307322,0.04299798557907343,0.04494296684128085,True
1997-12-04 01:00:00,0.0,0.10403544,0.08213561,0.042824399247765536,0.044426684660956645,True
1997-12-04 02:00:00,0.0,0.104395345,0.08271422,0.04298845025897026,0.0439335035177678,True
1997-12-04 03:00:00,0.0,0.09948502,0.077402726,0.04088971859961748,0.04346812470036411,True
1997-12-04 04:00:00,0.0,0.09324884,0.07192752,0.038292906694114205,0.04302476952004099,True
1997-12-04 05:00:00,0.0,0.08734177,0.06635171,0.0358121057599783,0.04261822844075823,True
1997-12-04 06:00:00,0.0,0.08105569,0.060978357,0.03320238210260868,0.042242099052647517,True
1997-12-04 07:00:00,0.000117846204,0.07341854,0.054748725,0.03011587068987865,0.04189465651510135,True
1997-12-04 08:00:00,0.011909296,0.05969179,0.04423675,0.031286718838848177,0.04153124664681869,True
1997-12-04 09:00:00,0.048792075,0.05044657,0.0372116,0.04877723822370171,0.04129139666525786,True
1997-12-04 10:00:00,0.08815559,0.050270926,0.03697839,0.07141258026286959,0.04133390375935611,True
1997-12-04 11:00:00,0.12303606,0.038608678,0.02830407,0.08676682660728693,0.04153441757983045,True
1997-12-04 12:00:00,0.13200265,0.030708829,0.02247609,0.08871079677157104,0.041795896785282366,True
1997-12-04 13:00:00,0.1128594,0.024175739,0.017624116,0.07499242261983455,0.042201732928347606,True
1997-12-04 14:00:00,0.07151531,0.020092737,0.014647606,0.04946952268294989,0.04242555254521918,True
1997-12-04 15:00:00,0.026598783,0.0169649,0.01236741,0.022275385903194545,0.042505239586294465,True
1997-12-04 16:00:00,0.0012823626,0.015205927,0.011085122,0.006949506946257315,0.042336436774142235,True
1997-12-04 17:00:00,0.0,0.014250498,0.010388614,0.00581941899843514,0.04204945297475888,True
1997-12-04 18:00:00,0.0,0.014565011,0.010617892,0.005947855076752603,0.0418113014510086,True
1997-12-04 19:00:00,0.0,0.016025739,0.011682765,0.006544366903603076,0.041615573045629836,True
1997-12-04 20:00:00,0.0,0.01877348,0.013685866,0.007666450671851635,0.04151623544685526,True
1997-12-04 21:00:00,0.0,0.021709524,0.015826244,0.008865431562066078,0.041513355749025774,True
1997-12-04 22:00:00,0.0,0.026511915,0.019327182,0.010826564490795136,0.041635151687841696,True
1997-12-04 23:00:00,0.0,0.030849626,0.022617118,0.012604836495593191,0.04189972189052014,True
1997-12-05 00:00:00,0.0,0.032274146,0.023527851,0.013179663710296155,0.042179745092820214,True
1997-12-05 01:00:00,0.0,0.03719703,0.027116636,0.015190002802759409,0.042491517364345324,True
1997-12-05 02:00:00,0.0,0.04164066,0.030372305,0.017005508612841367,0.04283314828138782,True
1997-12-05 03:00:00,0.0,0.04838311,0.03542603,0.01976637303829193,0.04319165978983028,True
1997-12-05 04:00:00,0.0,0.05575613,0.04072842,0.022773346401751042,0.043627324946988205,True
1997-12-05 05:00:00,0.0,0.058752064,0.04284883,0.02399334826692939,0.04416684870172275,True
1997-12-05 06:00:00,0.0,0.0589156,0.04309827,0.024067163094878198,0.04479909201182408,True
1997-12-05 07:00:00,0.00015314245,0.057083778,0.041669544,0.02340243267310143,0.04556854528870417,True
1997-12-05 08:00:00,0.015784074,0.059247542,0.04322386,0.033303842067718505,0.0464771669270032,True
1997-12-05 09:00:00,0.066732876,0.06499911,0.047915373,0.06507697155326604,0.04764831767238092,True
1997-12-05 10:00:00,0.114804134,0.06606506,0.048616324,0.09324527310580015,0.04922457566949575,True
1997-12-05 11:00:00,0.14410499,0.06467167,0.04726148,0.10956454494595527,0.05100817675864361,True
1997-12-05 12:00:00,0.15702163,0.06570015,0.04789541,0.11743118650466203,0.05290488041990783,True
1997-12-05 13:00:00,0.1303243,0.06449536,0.047273744,0.10154869434237479,0.054902682553618576,True
1997-12-05 14:00:00,0.08910715,0.06675575,0.049767967,0.0787351663187146,0.057060119249305735,True
1997-12-05 15:00:00,0.032753237,0.072854124,0.056016073,0.04880665719509125,0.05911935419134366,True
1997-12-05 16:00:00,0.001523011,0.08223534,0.06511772,0.03473997315822635,0.06106918188583298,False
1997-12-05 17:00:00,0.0,0.09146346,0.07368416,0.037728962123394015,0.06307092270016271,False
1997-12-05 18:00:00,0.0,0.09836496,0.08061497,0.040649877347052096,0.0651556098852872,False
1997-12-05 19:00:00,0.0,0.109052464,0.09356729,0.0452929929792881,0.06722747562848796,False
1997-12-05 20:00:00,0.0,0.11711739,0.10242516,0.04874727545678616,0.06922025091643277,False
1997-12-05 21:00:00,0.0,0.12541519,0.11223383,0.05233883245289326,0.07108475141902287,False
1997-12-05 22:00:00,0.0,0.13308422,0.12145602,0.05566670322418213,0.07282826551818121,False
1997-12-05 23:00:00,0.0,0.13463517,0.12320102,0.05633323109149933,0.07433297658362259,False
1997-12-06 00:00:00,0.0,0.13855962,0.1265658,0.057963054612278936,0.07558957732457035,False
1997-12-06 01:00:00,0.0,0.14158873,0.12919335,0.059222683265805244,0.07662038495146968,False
1997-12-06 02:00:00,0.0,0.14391725,0.13132478,0.06019700266420841,0.07742047070583627,False
1997-12-06 03:00:00,0.0,0.14771914,0.13506077,0.06180164614319801,0.078074865523142,False
1997-12-06 04:00:00,0.0,0.15347962,0.13992716,0.06419004692137241,0.07861788498831279,False
1997-12-06 05:00:00,0.0,0.15822339,0.14398803,0.06615978464484215,0.07903465160948522,False
1997-12-06 06:00:00,0.0,0.16788599,0.15159647,0.07013613939285278,0.07937528242927343,False
1997-12-06 07:00:00,0.00010289213,0.17646241,0.15843908,0.07372970932823228,0.0796579000639014,False
1997-12-06 08:00:00,0.01727833,0.18578728,0.16623802,0.08750195461697875,0.0799153190011043,False
1997-12-06 09:00:00,0.07206625,0.19863595,0.17701355,0.12443762208521365,0.08003357241777712,False
1997-12-06 10:00:00,0.1284618,0.19869539,0.17748849,0.15702543254196644,0.07980994279823894,False
1997-12-06 11:00:00,0.16316706,0.200592,0.17856967,0.17780860234797,0.07933211143471619,False
1997-12-06 12:00:00,0.16353276,0.21647175,0.19201519,0.18460529918968677,0.07891109640261476,False
1997-12-06 13:00:00,0.13732189,0.23867382,0.20822248,0.17854938401281834,0.07847029172553069,False
1997-12-06 14:00:00,0.086525366,0.2364863,0.20600405,0.14831279990077018,0.07824604429337204,False
1997-12-06 15:00:00,0.029870817,0.23726702,0.20518748,0.11586711523868143,0.0781152758835971,False
1997-12-06 16:00:00,0.0013561246,0.24627389,0.21065772,0.10303306603408419,0.07808288955468848,False
1997-12-06 17:00:00,0.0,0.25533238,0.21605103,0.10588440388441087,0.07799358632740631,False
1997-12-06 18:00:00,0.0,0.25446218,0.21297899,0.1053974107503891,0.0778273488520558,False
1997-12-06 19:00:00,0.0,0.24695247,0.20503922,0.1021975807249546,0.0776071248389694,False
1997-12-06 20:00:00,0.0,0.23495753,0.19376196,0.09716247479617596,0.07730100895789518,False
1997-12-06 21:00:00,0.0,0.22393075,0.18377154,0.09255410832166672,0.07690869575132682,False
1997-12-06 22:00:00,0.0,0.20114562,0.16351782,0.0830526956319809,0.07644128560972466,False
1997-12-06 23:00:00,0.0,0.17689951,0.14158803,0.0729216720610857,0.07591348296309888,False
1997-12-07 00:00:00,0.0,0.15285297,0.115846016,0.06265842980146408,0.07537525716562823,False
1997-12-07 01:00:00,0.0,0.13063501,0.09981113,0.053594119012355806,0.07481935930437475,False
1997-12-07 02:00:00,0.0,0.11756991,0.09320673,0.04841645984351635,0.07426034783291698,False
1997-12-07 03:00:00,0.0,0.11089006,0.09097917,0.04583130736649036,0.07370917978881925,False
1997-12-07 04:00:00,0.0,0.10334068,0.08602656,0.042778144218027586,0.07316292030456542,False
1997-12-07 05:00:00,0.0,0.09760897,0.080109596,0.04034362761676312,0.07259557414938762,False
1997-12-07 06:00:00,0.0,0.091195755,0.07373289,0.03763280955702067,0.07201891134678454,False
1997-12-07 07:00:00,6.722132e-05,0.08659067,0.06977403,0.035758541658840834,0.07140078843244418,False
1997-12-07 08:00:00,0.0077775037,0.08389022,0.06549805,0.038980006068013606,0.07076254107204416,False
1997-12-07 09:00:00,0.035222817,0.082697816,0.06488315,0.054342749815434216,0.07008475455434987,False
1997-12-07 10:00:00,0.07055833,0.072049126,0.05576079,0.07030936765670776,0.06922952708108035,False
1997-12-07 11:00:00,0.1032068,0.072199084,0.05859331,0.08935582340508699,0.06801963511546757,False
1997-12-07 12:00:00,0.11283809,0.07528152,0.0627056,0.09627256200462579,0.0666443079584557,False
1997-12-07 13:00:00,0.103780724,0.07434325,0.06427187,0.09078481759876013,0.06521020967469546,False
1997-12-07 14:00:00,0.07216954,0.07396783,0.06522829,0.07245828264951706,0.063677874022657,False
1997-12-07 15:00:00,0.029287001,0.07281685,0.06452031,0.04725211340747774,0.062374525131530384,False
1997-12-07 16:00:00,0.001689033,0.07086011,0.061693806,0.03045341824868228,0.06120225424108866,False
1997-12-07 17:00:00,0.0,0.07151897,0.06220486,0.029749563306570054,0.06000908517168742,False
1997-12-07 18:00:00,0.0,0.072267696,0.06319157,0.030079124718904497,0.0587779172689831,True
1997-12-07 19:00:00,0.0,0.073489465,0.064478114,0.030599430687725544,0.05754813126550895,True
1997-12-07 20:00:00,0.0,0.071909145,0.06262532,0.02991624154150486,0.05640553277667519,True
1997-12-07 21:00:00,0.0,0.071833864,0.06289722,0.029903145655989647,0.055357578342146246,True
1997-12-07 22:00:00,0.0,0.07289172,0.06361355,0.030332176186144352,0.05439642841957417,True
1997-12-07 23:00:00,0.0,0.07328602,0.063997254,0.0304983928129077,0.053583983394614426,True
1997-12-08 00:00:00,0.0,0.075131424,0.065860406,0.031279957272112364,0.052985882047395225,True
1997-12-08 01:00:00,0.0,0.077785924,0.06828012,0.032390132635831834,0.05260864784831089,True
1997-12-08 02:00:00,0.0,0.08106688,0.07087517,0.03374093654751777,0.05243093977199775,True
1997-12-08 03:00:00,0.0,0.08548631,0.07475451,0.03558119089901447,0.05237772432744411,True
1997-12-08 04:00:00,0.0,0.088762246,0.077854864,0.03695743147283792,0.05238125148259011,True
1997-12-08 05:00:00,0.0,0.09242635,0.081011966,0.03847997011989355,0.05242967218236905,True
1997-12-08 06:00:00,0.0,0.097270004,0.08469644,0.040466239504516124,0.05254074695316982,True
1997-12-08 07:00:00,8.923464e-05,0.10354161,0.08954616,0.04309383602903108,0.05273039494717401,True
1997-12-08 08:00:00,0.014793675,0.11180869,0.09583047,0.05496820176765323,0.05298271236929031,True
1997-12-08 09:00:00,0.059724372,0.11789988,0.10038306,0.08338670336827636,0.05335882373006158,True
1997-12-08 10:00:00,0.09674843,0.1038827,0.08877888,0.09895061819255352,0.0539130262024646,True
1997-12-08 11:00:00,0.11937639,0.10337842,0.0882608,0.11179289881139994,0.05453741526680763,True
1997-12-08 12:00:00,0.12307466,0.10798142,0.09091406,0.11576858156919478,0.05509521213716592,True
1997-12-08 13:00:00,0.10209816,0.111207746,0.0935366,0.10499727271497249,0.05552097670128023,True
1997-12-08 14:00:00,0.069967546,0.10947987,0.09227238,0.08575205312669278,0.05583321476028685,True
1997-12-08 15:00:00,0.026477996,0.1068801,0.09039912,0.05959811249747872,0.05600621635280003,True
1997-12-08 16:00:00,0.0012744103,0.10852506,0.09221979,0.045760950702824627,0.05621441557688558,True
1997-12-08 17:00:00,0.0,0.112763055,0.095903285,0.0467883445546031,0.056586476259699335,True
1997-12-08 18:00:00,0.0,0.11166429,0.09562149,0.04636768258363008,0.057052408344878125,True
1997-12-08 19:00:00,0.0,0.11400769,0.09785215,0.04735285326093436,0.05758896188421385,True
1997-12-08 20:00:00,0.0,0.112825245,0.09681753,0.046860661938786505,0.058244961791971944,True
1997-12-08 21:00:00,0.0,0.11172868,0.09613015,0.046418912038207055,0.05905373723089906,True
1997-12-08 22:00:00,0.0,0.10594177,0.09190408,0.04405533443391323,0.05998422313139053,True
1997-12-08 23:00:00,0.0,0.106299214,0.09237773,0.04421280739456415,0.06105025873502927,False
1997-12-09 00:00:00,0.0,0.107126355,0.09299191,0.044551188245415686,0.06227093210939528,False
1997-12-09 01:00:00,0.0,0.10838878,0.09386428,0.04506413134932518,0.06360136423988477,False
1997-12-09 02:00:00,0.0,0.11031645,0.09546943,0.045862118504941464,0.06499473476113962,False
1997-12-09 03:00:00,0.0,0.11064759,0.095771305,0.0460006108134985,0.06644375669101463,False
1997-12-09 04:00:00,0.0,0.10845956,0.09408814,0.04510233780741692,0.06783114714903968,False
1997-12-09 05:00:00,0.0,0.10986866,0.095068164,0.04567521661520004,0.06906781952299387,False
1997-12-09 06:00:00,0.0,0.11245208,0.09705731,0.04673591326922178,0.07019701483736025,False
1997-12-09 07:00:00,4.3335138e-05,0.11520626,0.09877157,0.047869777920423066,0.07127137723036321,False
1997-12-09 08:00:00,0.013404244,0.11881374,0.10105247,0.05703335138503462,0.07242626989948947,False
1997-12-09 09:00:00,0.052579753,0.122022435,0.10332727,0.0809444684907794,0.07364588572084743,False
1997-12-09 10:00:00,0.0916946,0.11456537,0.09440066,0.10028004274517296,0.07488446758966734,False
1997-12-09 11:00:00,0.10900933,0.12879497,0.10567305,0.11613007318228483,0.07632622844508379,False
1997-12-09 12:00:00,0.10855711,0.13087349,0.107027605,0.11670926108211277,0.07785803672143408,False
1997-12-09 13:00:00,0.09140653,0.12842026,0.10451108,0.10577224443107844,0.07940743080355689,False
1997-12-09 14:00:00,0.05785021,0.114664905,0.0939155,0.0807623590901494,0.08114419459209929,False
1997-12-09 15:00:00,0.020193223,0.11009331,0.0920325,0.05724567616358399,0.08310471147709987,False
1997-12-09 16:00:00,0.00066864036,0.11566153,0.09717445,0.048312331023742446,0.0854329622546583,False
1997-12-09 17:00:00,0.0,0.12578216,0.10556825,0.05211430339515209,0.08803895890555781,False
1997-12-09 18:00:00,0.0,0.13475317,0.113143995,0.055833694607019424,0.0908605474380913,False
1997-12-09 19:00:00,0.0,0.14991944,0.12531768,0.062087426260113716,0.09383864036604267,False
1997-12-09 20:00:00,0.0,0.16615033,0.13755538,0.06873746261000634,0.09690940419939784,False
1997-12-09 21:00:00,0.0,0.18035336,0.14844592,0.07456646887958049,0.10003851349541423,False
1997-12-09 22:00:00,0.0,0.19740377,0.16036838,0.08150188516080378,0.10316841327754286,False
1997-12-09 23:00:00,0.0,0.21599343,0.17387292,0.08909071478247642,0.10591195059643564,False
1997-12-10 00:00:00,0.0,0.23077595,0.1848958,0.09514069953560829,0.10869579350511979,False
1997-12-10 01:00:00,0.0,0.24086006,0.19249177,0.09927191765606402,0.11135446357942622,False
1997-12-10 02:00:00,0.0,0.25105804,0.19728836,0.10329398918151855,0.11384938061639172,False
1997-12-10 03:00:00,0.0,0.24871361,0.19260389,0.10217593288421631,0.1163204703292015,False
1997-12-10 04:00:00,0.0,0.23492327,0.17835218,0.09631770542263984,0.11857810457499203,False
1997-12-10 05:00:00,0.0,0.22604437,0.17168467,0.09268134520947932,0.12051651266665635,False
1997-12-10 06:00:00,0.0,0.22424984,0.1719897,0.09203563436865805,0.12219763351307689,False
1997-12-10 07:00:00,6.056546e-05,0.24026042,0.18217856,0.09852868414709155,0.12356095038383705,False
1997-12-10 08:00:00,0.010895559,0.26155332,0.19833055,0.11350976119283586,0.12462188190322133,False
1997-12-10 09:00:00,0.043194097,0.28711432,0.22167508,0.1428386330716312,0.12528385728054794,False
1997-12-10 10:00:00,0.0756384,0.30243355,0.2391445,0.16815513925254344,0.12553698905379315,False
1997-12-10 11:00:00,0.09841735,0.31181243,0.24952035,0.18531969607621432,0.12545877927480067,False
1997-12-10 12:00:00,0.09893318,0.322737,0.25861287,0.19013949751108886,0.125074578133804,False
1997-12-10 13:00:00,0.07627093,0.34976658,0.2831433,0.1883619345650077,0.12473868069262668,False
1997-12-10 14:00:00,0.04520457,0.37279463,0.3002335,0.17985686360672115,0.12452162427556504,False
1997-12-10 15:00:00,0.013571503,0.39687675,0.31621984,0.17135414982028305,0.12459030995173027,False
1997-12-10 16:00:00,0.0003230542,0.41454983,0.32765743,0.17084878994600147,0.12478517704818357,False
1997-12-10 17:00:00,0.0,0.44271213,0.34932998,0.18222459411621092,0.12484877690426643,False
1997-12-10 18:00:00,0.0,0.45982245,0.36373445,0.18931614312529563,0.12470120668863516,False
1997-12-10 19:00:00,0.0,0.47294343,0.37469247,0.19474951726198195,0.12438341982463011,False
1997-12-10 20:00:00,0.0,0.47841492,0.38005188,0.19705790814757349,0.12385243185503045,False
1997-12-10 21:00:00,0.0,0.47706053,0.38182902,0.1966541015803814,0.12316125686034197,False
1997-12-10 22:00:00,0.0,0.42639294,0.34085426,0.17574512574076653,0.12233744767062003,False
1997-12-10 23:00:00,0.0,0.43141326,0.3452921,0.17783726701140404,0.12127180932448814,False
1997-12-11 00:00:00,0.0,0.41743156,0.33583528,0.17216735181212425,0.120042085127771,False
1997-12-11 01:00:00,0.0,0.3993413,0.32339287,0.16482014912366866,0.1187595571972021,False
1997-12-11 02:00:00,0.0,0.3985489,0.3224052,0.1644744247198105,0.1174781315693223,False
1997-12-11 03:00:00,0.0,0.3739148,0.30356464,0.15436705461144448,0.11623030774654458,False
1997-12-11 04:00:00,0.0,0.33437875,0.27333644,0.13814592620730398,0.11525555493389825,False
1997-12-11 05:00:00,0.0,0.3056937,0.25126013,0.1263690172433853,0.11462044131090501,False
1997-12-11 06:00:00,0.0,0.27127823,0.2235825,0.11217512306571006,0.11415957554695766,False
1997-12-11 07:00:00,2.4577708e-05,0.2388597,0.19705705,0.09879449085086889,0.11376764199589948,False
1997-12-11 08:00:00,0.0061216927,0.20676933,0.16626054,0.08880816949671134,0.1132832019961396,False
1997-12-11 09:00:00,0.027317587,0.18766357,0.14971645,0.0930947936065495,0.11264381361389879,False
1997-12-11 10:00:00,0.04870935,0.16598241,0.13283645,0.09652597335353494,0.11189454957542044,False
1997-12-11 11:00:00,0.061313402,0.15139334,0.11937858,0.09768841841444371,0.11098934276147782,False
1997-12-11 12:00:00,0.058712542,0.16240785,0.12556578,0.1005861839056015,0.11013787409626294,False
1997-12-11 13:00:00,0.045851395,0.16795811,0.12816183,0.09535353641211985,0.10913968627242096,False
1997-12-11 14:00:00,0.02860214,0.16472317,0.12542567,0.0840592715460807,0.10793495022794578,False
1997-12-11 15:00:00,0.010888442,0.14716113,0.11137426,0.06659929679334163,0.10652994960664806,False
1997-12-11 16:00:00,0.00036523677,0.12515771,0.092059,0.05136512411572039,0.1048651757777936,False
1997-12-11 17:00:00,0.0,0.110271014,0.08038757,0.04503093304485083,0.10296083873801236,False
1997-12-11 18:00:00,0.0,0.099361405,0.072510496,0.04057992513477802,0.10088574082974647,False
1997-12-11 19:00:00,0.0,0.08962549,0.06533698,0.03660000371932983,0.0987564506429464,False
1997-12-11 20:00:00,0.0,0.08708135,0.06348231,0.03556106286495924,0.09664454809680884,False
1997-12-11 21:00:00,0.0,0.08576529,0.0625229,0.03502362777292728,0.09460862710338389,False
1997-12-11 22:00:00,0.0,0.07432363,0.054181933,0.030351244546473026,0.09257346695766155,False
1997-12-11 23:00:00,0.0,0.07362012,0.05366907,0.03006395334005356,0.09105329955380712,False
1997-12-12 00:00:00,0.0,0.082228586,0.05994464,0.033579358868300914,0.08911939113319223,False
1997-12-12 01:00:00,0.0,0.09247066,0.067440994,0.037763487517833705,0.08727438104071025,False
1997-12-12 02:00:00,0.0,0.10622961,0.07777258,0.04339844568818808,0.08561388920072768,False
1997-12-12 03:00:00,0.0,0.1353383,0.1008882,0.0553877978771925,0.08395609342504595,False
1997-12-12 04:00:00,0.0,0.16046053,0.12263547,0.06583225151896477,0.0825461421498314,False
1997-12-12 05:00:00,0.0,0.17158325,0.13417721,0.07055978854000568,0.0814854078275368,False
1997-12-12 06:00:00,0.0,0.17784351,0.14071423,0.07322282391786575,0.08055657883931253,False
1997-12-12 07:00:00,1.7691336e-05,0.18277727,0.14482488,0.07527556415861728,0.07978791087691042,False
1997-12-12 08:00:00,0.009066033,0.18857521,0.14821789,0.08281911884527654,0.07911112874670459,False
1997-12-12 09:00:00,0.040993597,0.20259367,0.15673314,0.10687395922467112,0.07852931594888216,False
1997-12-12 10:00:00,0.06968168,0.205535,0.16030498,0.12470521218329668,0.07810652515525775,False
1997-12-12 11:00:00,0.08746993,0.22855881,0.17853428,0.14444920014590026,0.07815082407425314,False
1997-12-12 12:00:00,0.07807455,0.23622723,0.1853633,0.14222648196667434,0.07870607723234377,False
1997-12-12 13:00:00,0.06507191,0.22576582,0.17926894,0.13053460443019868,0.0791499228882681,False
1997-12-12 14:00:00,0.040242087,0.21644704,0.17274429,0.11241683378443122,0.07949240437414654,False
1997-12-12 15:00:00,0.014798544,0.20104301,0.16150695,0.09144500603526831,0.07941423644572497,False
1997-12-12 16:00:00,0.0006163155,0.19165042,0.1549258,0.07944061203650199,0.07903304983292087,False
1997-12-12 17:00:00,0.0,0.20029925,0.16128652,0.08261989451944829,0.07868356534869769,False
1997-12-12 18:00:00,0.0,0.21125509,0.16957568,0.08711021415889263,0.07845256663657153,False
1997-12-12 19:00:00,0.0,0.22648436,0.18158272,0.09337819504737854,0.07829250943458999,False
1997-12-12 20:00:00,0.0,0.24095555,0.1929834,0.09933370046317577,0.07819968994318867,False
1997-12-12 21:00:00,0.0,0.23993774,0.19313684,0.09896641458570957,0.07813041212627092,False
1997-12-12 22:00:00,0.0,0.24965422,0.19730896,0.1027770903557539,0.07806945024694675,False
1997-12-12 23:00:00,0.0,0.2060182,0.16646202,0.08500966282188892,0.07816117672699863,False
1997-12-13 00:00:00,0.0,0.20230141,0.16588233,0.08360686737298965,0.07829351260870124,False
1997-12-13 01:00:00,0.0,0.20574029,0.17034027,0.08511654080450536,0.0783772122010904,False
1997-12-13 02:00:00,0.0,0.20508832,0.1707896,0.08490022748708725,0.07847087022926086,False
1997-12-13 03:00:00,0.0,0.20947221,0.1739657,0.08668939340114594,0.07851953501983905,False
1997-12-13 04:00:00,0.0,0.21076003,0.17518942,0.08723067873716353,0.07839519912966886,False
1997-12-13 05:00:00,0.0,0.1980632,0.16110939,0.08178522580862044,0.0781157633199672,False
1997-12-13 06:00:00,0.0,0.18285,0.14458166,0.07527906087040902,0.0777479175676907,False
1997-12-13 07:00:00,1.2965964e-05,0.16132206,0.12543756,0.06630894860098852,0.0773705920058618,False
1997-12-13 08:00:00,0.0055857087,0.14045443,0.107972555,0.06088115520123392,0.0770368538336389,False
1997-12-13 09:00:00,0.03664493,0.1258673,0.09651251,0.07280083551257849,0.07674370489516946,False
1997-12-13 10:00:00,0.07922239,0.12911478,0.09810464,0.09865232146531343,0.07652560561723726,False
1997-12-13 11:00:00,0.11492999,0.1417874,0.1056744,0.12434057000279425,0.07644105749933389,False
1997-12-13 12:00:00,0.1165053,0.13373691,0.098486975,0.12189077538996934,0.07637422808289868,False
1997-12-13 13:00:00,0.111326255,0.11636878,0.08550592,0.1117926477342844,0.07650877184590665,False
1997-12-13 14:00:00,0.07126846,0.09588022,0.070472375,0.08030721098184586,0.07659141769181656,False
1997-12-13 15:00:00,0.025899429,0.08151009,0.060761962,0.04830233937874436,0.0766987628454718,False
1997-12-13 16:00:00,0.0011145544,0.08258557,0.06430916,0.03458986887300853,0.07655014271505517,False
1997-12-13 17:00:00,0.0,0.08244729,0.06518416,0.033942994862794874,0.07631781393616446,False
1997-12-13 18:00:00,0.0,0.07996224,0.062798396,0.03289717943966389,0.07602299368242718,False
1997-12-13 19:00:00,0.0,0.07799484,0.062306903,0.03214466813206673,0.07568144325121291,False
1997-12-13 20:00:00,0.0,0.07824267,0.062299695,0.03223572765290737,0.07522224121960797,False
1997-12-13 21:00:00,0.0,0.07784148,0.06248056,0.03209745756536722,0.074658346144026,False
1997-12-13 22:00:00,0.0,0.083524935,0.07284101,0.03475411558896303,0.07411559095467427,False
1997-12-13 23:00:00,0.0,0.0881706,0.07187265,0.03641607566177845,0.07345553514874525,False
1997-12-14 00:00:00,0.0,0.09072337,0.07629657,0.0375969393029809,0.0731622164319361,False
1997-12-14 01:00:00,0.0,0.10185991,0.08653269,0.0422590728700161,0.07290142935375668,False
1997-12-14 02:00:00,0.0,0.11012482,0.094412915,0.045734355635941026,0.07261616412597693,False
1997-12-14 03:00:00,0.0,0.11902585,0.10183587,0.04941967514902353,0.07237971117115564,False
1997-12-14 04:00:00,0.0,0.12629887,0.10768607,0.05241933265328408,0.07215916426899828,False
1997-12-14 05:00:00,0.0,0.12738651,0.10921426,0.05290319243073463,0.07196649062587865,False
1997-12-14 06:00:00,0.0,0.13260502,0.11444344,0.05511119695007801,0.07195849960437961,False
1997-12-14 07:00:00,1.8209976e-05,0.14230147,0.12474782,0.059256131891917904,0.0721395895942206,False
1997-12-14 08:00:00,0.00840085,0.15315449,0.13679022,0.06874796979874373,0.07256251529698605,False
1997-12-14 09:00:00,0.047078434,0.16596995,0.14811157,0.09640519388392567,0.07330226531992778,False
1997-12-14 10:00:00,0.090070345,0.16450088,0.14769426,0.12064690252393484,0.07445888771065623,False
1997-12-14 11:00:00,0.1186108,0.17458574,0.15520032,0.1412413881570101,0.07574474676569726,False
1997-12-14 12:00:00,0.12823193,0.17923461,0.15846647,0.14868458259105682,0.07706498260682872,False
1997-12-14 13:00:00,0.104367,0.17810138,0.15856364,0.13450160503387448,0.0784428449789539,False
1997-12-14 14:00:00,0.07483186,0.17842838,0.15835826,0.11756940115988254,0.07984624548810645,False
1997-12-14 15:00:00,0.024794381,0.16764997,0.15077858,0.08431123977527022,0.0813802168895812,False
1997-12-14 16:00:00,0.0008156455,0.1622359,0.14728066,0.06828883064974797,0.08306776165313509,False
1997-12-14 17:00:00,0.0,0.16378796,0.14871787,0.06846852234005928,0.08482766704484496,False
1997-12-14 18:00:00,0.0,0.1692262,0.1531727,0.07071579346060752,0.08665417075566623,False
1997-12-14 19:00:00,0.0,0.17068414,0.1547046,0.07133649753034114,0.08860594531464996,False
1997-12-14 20:00:00,0.0,0.17291448,0.15669066,0.07226673683524132,0.09060211912486378,False
1997-12-14 21:00:00,0.0,0.17458689,0.1572519,0.07291416549682617,0.09251137748025035,False
1997-12-14 22:00:00,0.0,0.17027688,0.1530045,0.07109441167116165,0.09433112030746091,False
1997-12-14 23:00:00,0.0,0.16989715,0.15256138,0.07093036441504956,0.0955911507684705,False
1997-12-15 00:00:00,0.0,0.17029838,0.15275897,0.07108908762037755,0.09689746428969924,False
1997-12-15 01:00:00,0.0,0.17112313,0.15332174,0.07142380987107753,0.09826859871567835,False
1997-12-15 02:00:00,0.0,0.17634659,0.15701103,0.0735504856556654,0.0996394851644491,False
1997-12-15 03:00:00,0.0,0.1825069,0.16218694,0.07610314209759235,0.10106593228075328,False
1997-12-15 04:00:00,0.0,0.18706821,0.16581805,0.07798234386742114,0.10246340747167963,False
1997-12-15 05:00:00,0.0,0.19542283,0.17204876,0.08140165677666664,0.10388500504931111,False
1997-12-15 06:00:00,0.0,0.20172116,0.17659763,0.08397138038277625,0.105397726571091,False
1997-12-15 07:00:00,1.2821898e-05,0.20818211,0.18116269,0.08660938233373053,0.10689470085212636,False
1997-12-15 08:00:00,0.008156514,0.22059335,0.19044264,0.09638915630243719,0.10830356563832322,False
1997-12-15 09:00:00,0.04246244,0.25030524,0.21213429,0.1283187102675438,0.1097302687708958,False
1997-12-15 10:00:00,0.08141193,0.2738474,0.22868857,0.16037355610728263,0.11171181113908243,False
1997-12-15 11:00:00,0.10658515,0.30517212,0.25192124,0.18771189037710428,0.11406479754204728,False
1997-12-15 12:00:00,0.10801346,0.30391082,0.25113538,0.1880281692519784,0.11663161865744917,False
1997-12-15 13:00:00,0.08905802,0.3089843,0.25470713,0.17915587217360734,0.11900325409415044,False
1997-12-15 14:00:00,0.058959898,0.28977856,0.24054979,0.15393783825263382,0.12125339646729506,False
1997-12-15 15:00:00,0.023462173,0.27959347,0.23327453,0.12930448802933098,0.12288283159582741,False
1997-12-15 16:00:00,0.0012197802,0.28593877,0.23796497,0.11906532767508178,0.12408882478212183,False
1997-12-15 17:00:00,0.0,0.29393148,0.24360102,0.12161517298221589,0.12531497114137674,False
1997-12-15 18:00:00,0.0,0.3061308,0.25222397,0.12658235827088357,0.12669327983804907,False
1997-12-15 19:00:00,0.0,0.30953005,0.25452635,0.12796101102232935,0.12808203893513348,False
1997-12-15 20:00:00,0.0,0.29956788,0.24702929,0.12388012871146202,0.1294681328133207,False
1997-12-15 21:00:00,0.0,0.28878087,0.23861061,0.11944511327147483,0.13084690689560885,False
1997-12-15 22:00:00,0.0,0.22998635,0.19204839,0.09523557771742344,0.13222418232713756,False
1997-12-15 23:00:00,0.0,0.23940688,0.1995923,0.09911912468075752,0.13332926787515098,False
1997-12-16 00:00:00,0.0,0.24996255,0.20694833,0.10341139174997806,0.13467470027492312,False
1997-12-16 01:00:00,0.0,0.26134607,0.21527633,0.10806162241101265,0.13608354762834424,False
1997-12-16 02:00:00,0.0,0.27619532,0.22755083,0.1142038172185421,0.13760224715419972,False
1997-12-16 03:00:00,0.0,0.281663,0.23268217,0.11649848431348801,0.1392225284956854,False
1997-12-16 04:00:00,0.0,0.29177377,0.24058327,0.1206560163795948,0.1408769837784108,False
1997-12-16 05:00:00,0.0,0.30361107,0.24965446,0.1255138254761696,0.14256753577743586,False
1997-12-16 06:00:00,0.0,0.30712762,0.2525161,0.12696596243977545,0.14424003369626517,False
1997-12-16 07:00:00,1.6971007e-05,0.3068667,0.2525562,0.12688164162936666,0.14586888727438563,False
1997-12-16 08:00:00,0.015229391,0.31067216,0.2556358,0.13722972016222776,0.14745493312777863,False
1997-12-16 09:00:00,0.08800357,0.3407904,0.2775836,0.1915192275568843,0.14895247450686516,False
1997-12-16 10:00:00,0.16744488,0.33175823,0.2695512,0.23359024986624716,0.1503120579691432,False
1997-12-16 11:00:00,0.21901408,0.33456805,0.270779,0.2644488016963005,0.15192728880449652,False
1997-12-16 12:00:00,0.23152374,0.3121752,0.25446728,0.26252308355271814,0.15334969214332744,False
1997-12-16 13:00:00,0.1994468,0.30828428,0.2531618,0.24250843894481658,0.15469177103785942,False
1997-12-16 14:00:00,0.13109562,0.29032484,0.24093057,0.19578228732943534,0.15573217782888707,False
1997-12-16 15:00:00,0.0458569,0.27951798,0.2332842,0.14219891271740198,0.15623444470132847,False
1997-12-16 16:00:00,0.0018485431,0.30478692,0.2520532,0.12714385589398444,0.15675058060560676,False
1997-12-16 17:00:00,0.0,0.325625,0.2679947,0.13462733978033065,0.15705385237568387,False
1997-12-16 18:00:00,0.0,0.3323486,0.2729556,0.13737623012065886,0.1571854836718119,False
1997-12-16 19:00:00,0.0,0.3335599,0.2738037,0.13786900368332863,0.15707852730722494,False
1997-12-16 20:00:00,0.0,0.33498108,0.27481246,0.13844789278507233,0.15677060644337304,False
1997-12-16 21:00:00,0.0,0.33642873,0.2755775,0.13902338621020316,0.15637761776157982,False
1997-12-16 22:00:00,0.0,0.3000074,0.24881086,0.12413851797580719,0.15591285941106597,False
1997-12-16 23:00:00,0.0,0.3276868,0.27027214,0.13551111960411072,0.15569557715122917,False
1997-12-17 00:00:00,0.0,0.3354636,0.27643865,0.1387137605845928,0.15532829071496945,False
1997-12-17 01:00:00,0.0,0.3490036,0.28776026,0.14432138711214065,0.15482213257448146,False
1997-12-17 02:00:00,0.0,0.36604744,0.30097193,0.151323990046978,0.15419035104857154,False
1997-12-17 03:00:00,0.0,0.37618476,0.3093485,0.15551699566841126,0.15340667083495624,False
1997-12-17 04:00:00,0.0,0.38502017,0.31585923,0.1591288398206234,0.152561783055862,False
1997-12-17 05:00:00,0.0,0.3911581,0.3211892,0.1616815568804741,0.15162699233563015,False
1997-12-17 06:00:00,0.0,0.392301,0.32217196,0.1621563521325588,0.1505818407787881,False
1997-12-17 07:00:00,1.1496488e-05,0.39362827,0.32377997,0.162739583296594,0.14948659043581553,False
1997-12-17 08:00:00,0.012563155,0.38931844,0.32154998,0.16827114249859004,0.1483937361633157,False
1997-12-17 09:00:00,0.07224402,0.36686465,0.30594188,0.1935787164568901,0.1472660894195495,False
1997-12-17 10:00:00,0.13416862,0.38820964,0.31925893,0.23790463620424274,0.14562559661783978,False
1997-12-17 11:00:00,0.17083816,0.380276,0.3165146,0.2559872506409884,0.14381266459809694,False
1997-12-17 12:00:00,0.17964141,0.3594312,0.29934716,0.25244795618951316,0.1416636070586066,False
1997-12-17 13:00:00,0.15222071,0.3411282,0.28495818,0.22909539814293384,0.139448126803954,False
1997-12-17 14:00:00,0.09291263,0.3002964,0.25234613,0.17804664812982082,0.13720418950979987,False
1997-12-17 15:00:00,0.028189534,0.33277965,0.27811038,0.15407901143468916,0.13534261938544068,False
1997-12-17 16:00:00,0.0006931316,0.32170254,0.26878145,0.1336223726387834,0.1340097648049961,False
1997-12-17 17:00:00,0.0,0.30889064,0.25838572,0.12793347519636156,0.13273898612257368,False
1997-12-17 18:00:00,0.0,0.2931403,0.24592009,0.12144845277070998,0.13130338544693118,False
1997-12-17 19:00:00,0.0,0.27300444,0.23041056,0.1131808095574379,0.12976315998953108,False
1997-12-17 20:00:00,0.0,0.2531038,0.2152106,0.10501667198538779,0.128142249706353,False
1997-12-17 21:00:00,0.0,0.23392661,0.20032951,0.09713671244680883,0.12645208173260367,False
1997-12-17 22:00:00,0.0,0.20381574,0.17774111,0.08480602924525737,0.12472251117524033,False
1997-12-17 23:00:00,0.0,0.19584006,0.1708221,0.0814893757402897,0.12327651047721777,False
1997-12-18 00:00:00,0.0,0.19008297,0.16620715,0.07911580100655556,0.12157811135441338,False
1997-12-18 01:00:00,0.0,0.18670315,0.16375275,0.07773610916733742,0.11978344329368597,False
1997-12-18 02:00:00,0.0,0.1839019,0.16161785,0.07658716696500778,0.11788107927158747,False
1997-12-18 03:00:00,0.0,0.18239813,0.15998079,0.07594387091696263,0.1158461469068778,False
1997-12-18 04:00:00,0.0,0.18210535,0.15905905,0.0757860618084669,0.11371521083560114,False
1997-12-18 05:00:00,0.0,0.18109311,0.1578369,0.07534655074775218,0.11149906525589798,False
1997-12-18 06:00:00,0.0,0.17861117,0.15715598,0.07439394597709179,0.10923445429668102,False
1997-12-18 07:00:00,1.0862596e-05,0.17855246,0.15800944,0.07442463654937365,0.10694281636845593,False
1997-12-18 08:00:00,0.011557917,0.1834426,0.16191559,0.08310267646145077,0.10464092578908234,False
1997-12-18 09:00:00,0.063768685,0.18235436,0.1609682,0.11277557307481766,0.10234028311045179,False
1997-12-18 10:00:00,0.120599896,0.18491893,0.16200536,0.1465695129185915,0.10004241535628794,False
1997-12-18 11:00:00,0.15238477,0.17647052,0.15278527,0.16129403980076312,0.09739223395678484,False
1997-12-18 12:00:00,0.15340361,0.16302663,0.13906151,0.15618003132939337,0.09471289659185295,False
1997-12-18 13:00:00,0.12356026,0.15297443,0.13069661,0.13479944882541892,0.09220628729123581,False
1997-12-18 14:00:00,0.074032255,0.15339483,0.13162254,0.10642692136019467,0.08990081038902784,False
1997-12-18 15:00:00,0.02246172,0.15700902,0.13565096,0.07822189285606145,0.08806445466015447,False
1997-12-18 16:00:00,0.00054716365,0.15827565,0.13753799,0.06614647913770749,0.08598245989374621,False
1997-12-18 17:00:00,0.0,0.15804845,0.13701165,0.06571850734949113,0.08392935939307808,False
1997-12-18 18:00:00,0.0,0.15263784,0.13188973,0.06344540816545487,0.08196367207204475,False
1997-12-18 19:00:00,0.0,0.1445872,0.124308,0.060065310090780255,0.08012257503333986,False
1997-12-18 20:00:00,0.0,0.13805552,0.11809896,0.05731983004510403,0.07845686328632309,False
1997-12-18 21:00:00,0.0,0.1348398,0.11570578,0.056003999456763265,0.07693799579271599,False
1997-12-18 22:00:00,0.0,0.13146119,0.11520937,0.05473048447072506,0.07552798848727271,False
1997-12-18 23:00:00,0.0,0.12977374,0.11298987,0.053987961709499356,0.07431663919228614,False
1997-12-19 00:00:00,0.0,0.12638715,0.10986733,0.05256969366967678,0.07311635232262798,False
1997-12-19 01:00:00,0.0,0.12743019,0.1108551,0.053007914051413536,0.07192871926224342,False
1997-12-19 02:00:00,0.0,0.12886661,0.11287882,0.05364723654091358,0.07072677831829077,False
1997-12-19 03:00:00,0.0,0.12781891,0.11234973,0.053232064247131346,0.06951882992882766,False
1997-12-19 04:00:00,0.0,0.12666543,0.11137609,0.05275385199487209,0.06828207568114175,False
1997-12-19 05:00:00,0.0,0.12731959,0.11109819,0.052980230838060374,0.0669828476976838,False
1997-12-19 06:00:00,0.0,0.12537454,0.10915789,0.05215773157775402,0.06563271768507567,False
1997-12-19 07:00:00,7.837206e-06,0.12561427,0.1091231,0.05224883548666094,0.06431434310949426,False
1997-12-19 08:00:00,0.0096422685,0.12571098,0.109062105,0.057840293924324215,0.062997730454595,False
1997-12-19 09:00:00,0.054545656,0.124632984,0.10775277,0.08328106425702571,0.061570390398682104,False
1997-12-19 10:00:00,0.1057625,0.1195998,0.10256747,0.1106959290280938,0.06000485365654467,False
1997-12-19 11:00:00,0.14102481,0.11074291,0.095251955,0.1273790571242571,0.05826058668025273,True
1997-12-19 12:00:00,0.15480125,0.10318554,0.087683775,0.13213070975989102,0.05643951106858254,True
1997-12-19 13:00:00,0.13717014,0.09474035,0.08011385,0.11843250683695077,0.054762639813619986,True
1997-12-19 14:00:00,0.09181646,0.0890045,0.07557061,0.08990157314389943,0.05332608442818561,True
1997-12-19 15:00:00,0.032961093,0.08463289,0.07213289,0.054143262647092336,0.05205367297829565,True
1997-12-19 16:00:00,0.00115472,0.082873315,0.07087078,0.0350735486067133,0.05100950570818783,True
1997-12-19 17:00:00,0.0,0.08089765,0.06906019,0.03358048378676176,0.05010887629566857,True
1997-12-19 18:00:00,0.0,0.07971699,0.06778197,0.0330757949128747,0.04928679520012953,True
1997-12-19 19:00:00,0.0,0.08014204,0.067670956,0.03322664570063352,0.048542652000488275,True
1997-12-19 20:00:00,0.0,0.07743946,0.06547912,0.03211103229224682,0.04790188792422556,True
1997-12-19 21:00:00,0.0,0.07094607,0.060690053,0.029456361785531043,0.04736722499299936,True
1997-12-19 22:00:00,0.0,0.0641367,0.055459652,0.026661263085901735,0.04692799663711482,True
1997-12-19 23:00:00,0.0,0.05745059,0.04956183,0.02387560599669814,0.04655233855294206,True
1997-12-20 00:00:00,0.0,0.053282894,0.045333818,0.022109414108097553,0.04624163474496596,True
1997-12-20 01:00:00,0.0,0.048328593,0.04092024,0.020042943857610226,0.04599313325416439,True
1997-12-20 02:00:00,0.0,0.045000464,0.0370458,0.0186056442707777,0.04577329074759179,True
1997-12-20 03:00:00,0.0,0.040226925,0.032146882,0.016579667028039695,0.045539731914458356,True
1997-12-20 04:00:00,0.0,0.0326798,0.025264304,0.013423118602484465,0.045350955888444115,True
1997-12-20 05:00:00,0.0,0.025801187,0.018882815,0.010540310142561793,0.045228387154919586,True
1997-12-20 06:00:00,0.0,0.027210802,0.019836675,0.011111966349184512,0.04515562133751952,True
1997-12-20 07:00:00,3.284711e-06,0.027488414,0.020039055,0.011227229114208967,0.045132293380612074,True
1997-12-20 08:00:00,0.0070626475,0.025749465,0.01877136,0.014590353777632117,0.045111091625340355,True
1997-12-20 09:00:00,0.04611374,0.026990937,0.019676395,0.037629809452220796,0.04503571722267187,True
1997-12-20 10:00:00,0.087421745,0.030370675,0.022140224,0.06284469805657864,0.044670289644726156,True
1997-12-20 11:00:00,0.108947955,0.026984226,0.0196715,0.07388241044059395,0.0440608285878039,True
1997-12-20 12:00:00,0.112301275,0.026673071,0.019444669,0.07569021109119058,0.043253591432689295,True
1997-12-20 13:00:00,0.091133095,0.032473307,0.023673037,0.06584479032456875,0.04235092957735674,True
1997-12-20 14:00:00,0.051274914,0.038606413,0.028144073,0.04535117176547646,0.04153008654541638,True
1997-12-20 15:00:00,0.016566988,0.04540709,0.033101767,0.028101863890886303,0.040985863746441815,True
1997-12-20 16:00:00,0.00044170718,0.05548769,0.040489726,0.022916267336782765,0.040863255507921095,True
1997-12-20 17:00:00,0.0,0.06406114,0.048519503,0.026258614763617516,0.04095588027197687,True
1997-12-20 18:00:00,0.0,0.06729808,0.05358415,0.027726534582674503,0.041044283038245574,True
1997-12-20 19:00:00,0.0,0.0710628,0.057156667,0.02930863443017006,0.04108582170517935,True
1997-12-20 20:00:00,0.0,0.076897815,0.060753994,0.03165600934624672,0.04105405065022228,True
1997-12-20 21:00:00,0.0,0.084831044,0.067007095,0.03492103837430477,0.04096978410450561,True
1997-12-20 22:00:00,0.0,0.089033924,0.07121071,0.036698896430432795,0.040867144403288196,True
1997-12-20 23:00:00,0.0,0.09476604,0.076027945,0.03907417892664671,0.04083551242296403,True
1997-12-21 00:00:00,0.0,0.098520905,0.07939645,0.04064162211120129,0.040761107986800424,True
1997-12-21 01:00:00,0.0,0.10282345,0.08358556,0.042455473735928534,0.04066272706422774,True
1997-12-21 02:00:00,0.0,0.10267485,0.08424802,0.04243641255050898,0.04055946619693009,True
1997-12-21 03:00:00,0.0,0.10674856,0.08852957,0.044170814998447896,0.04043357640109776,True
1997-12-21 04:00:00,0.0,0.113363706,0.09332121,0.046870552785694596,0.040295598699835185,True
1997-12-21 05:00:00,0.0,0.119643025,0.09887399,0.04948747160285711,0.04018097574893205,True
1997-12-21 06:00:00,0.0,0.123243645,0.10298305,0.051037989646196366,0.04011042874004511,True
1997-12-21 07:00:00,3.7457232e-06,0.12367464,0.10357497,0.05123115123361845,0.040029451811227995,True
1997-12-21 08:00:00,0.0050071385,0.12393751,0.103708565,0.05422232259623706,0.03994902537388788,True
1997-12-21 09:00:00,0.02576043,0.12295347,0.10198042,0.06574054051563144,0.03984577404052002,True
1997-12-21 10:00:00,0.048558023,0.12895097,0.10816503,0.08144179829582572,0.039496609989322244,True
1997-12-21 11:00:00,0.06395814,0.12496798,0.10397489,0.08863167367875575,0.03895030377326129,True
1997-12-21 12:00:00,0.06844494,0.11923192,0.09840064,0.08880294070392845,0.03836926188153198,True
1997-12-21 13:00:00,0.058520757,0.109584495,0.08942381,0.07903204130381346,0.03780721847631156,True
1997-12-21 14:00:00,0.03636924,0.10368981,0.083931215,0.06377887879312039,0.03730424147773149,True
1997-12-21 15:00:00,0.012724914,0.09915011,0.080174126,0.0482580671980977,0.03692655021790189,True
1997-12-21 16:00:00,0.0003791248,0.09522293,0.07710226,0.039519537281390515,0.036556957660535336,True
1997-12-21 17:00:00,0.0,0.09161827,0.07438287,0.03782381656765938,0.036092207028465224,True
1997-12-21 18:00:00,0.0,0.085034065,0.06837187,0.035069650925695896,0.03554752023412237,True
1997-12-21 19:00:00,0.0,0.077048406,0.060569875,0.03170163506269455,0.03497243803319379,True
1997-12-21 20:00:00,0.0,0.06821932,0.053579804,0.02806623809784651,0.034367467289536026,True
1997-12-21 21:00:00,0.0,0.059710912,0.046228323,0.02452965612709522,0.033721846109212666,True
1997-12-21 22:00:00,0.0,0.06118646,0.04750231,0.025142928030341863,0.033018493062074585,True
1997-12-21 23:00:00,0.0,0.049404744,0.03840449,0.020304193060845136,0.03227799171541136,True
1997-12-22 00:00:00,0.0,0.042342756,0.03264172,0.017387129824608563,0.03148468469784729,True
1997-12-22 01:00:00,0.0,0.03680528,0.027875446,0.015086422227323055,0.030658981288943496,True
1997-12-22 02:00:00,0.0,0.030738104,0.022603216,0.012562934070825576,0.029807106149441272,True
1997-12-22 03:00:00,0.0,0.02437584,0.017815791,0.00995673736743629,0.028969237761630386,True
1997-12-22 04:00:00,0.0,0.019385949,0.014218553,0.007921216959133745,0.0281009753947439,True
1997-12-22 05:00:00,0.0,0.017499102,0.012905277,0.007154053715988993,0.027173673582292567,True
1997-12-22 06:00:00,0.0,0.017681764,0.012972272,0.007225073765963316,0.02618910458244517,True
1997-12-22 07:00:00,3.1118316e-06,0.018035205,0.013147665,0.0073667601218830895,0.025172568732145184,True
1997-12-22 08:00:00,0.004527484,0.017195191,0.0125352945,0.009634289775975049,0.0241528980303457,True
1997-12-22 09:00:00,0.026040928,0.014311474,0.010433064,0.02086993499472737,0.02315877790650103,True
1997-12-22 10:00:00,0.056762114,0.009477429,0.006909046,0.03662199968565255,0.022336200393105608,True
1997-12-22 11:00:00,0.07571772,0.0056402264,0.004111725,0.04599239963758736,0.021661473712330744,True
1997-12-22 12:00:00,0.08229665,0.0030045651,0.002190328,0.04871212764061056,0.021129277521579275,True
1997-12-22 13:00:00,0.07135622,0.0012962741,0.0009449838,0.041701894392725085,0.02066623210292874,True
1997-12-22 14:00:00,0.04658334,0.000840923,0.0006130329,0.027221991293656173,0.020191738083463688,True
1997-12-22 15:00:00,0.017561937,0.00055877236,0.00040734504,0.01036142113729147,0.019639085202953065,True
1997-12-22 16:00:00,0.00081287953,0.00034088417,0.0002485046,0.0006082369974174071,0.01899300040914854,True
1997-12-22 17:00:00,0.0,0.00027830093,0.00020288136,0.00011364863516064361,0.018264552190411582,True
1997-12-22 18:00:00,0.0,0.0003001938,0.0002188413,0.00012258893810212612,0.01759826163712491,True
1997-12-22 19:00:00,0.0,0.00066126644,0.00048206327,0.0002700387345976196,0.017055615292723036,True
1997-12-22 20:00:00,0.0,0.0016313618,0.0011892628,0.0006661926907254382,0.016630873982539145,True
1997-12-22 21:00:00,0.0,0.0028408146,0.0020709538,0.0011600921116769313,0.016327038954222318,True
1997-12-22 22:00:00,0.0,0.0028279333,0.002061563,0.0011548317905981094,0.016161416050489735,True
1997-12-22 23:00:00,0.0,0.0024376223,0.001777027,0.0009954420835711062,0.016003737708065402,True
1997-12-23 00:00:00,0.0,0.0024680274,0.001799192,0.001007858483819291,0.016015076331771655,True
1997-12-23 01:00:00,0.0,0.0038334902,0.002794614,0.0015654670398216695,0.016165007270617156,True
1997-12-23 02:00:00,0.0,0.0054331897,0.0039607952,0.002218729935586452,0.016433331754268823,True
1997-12-23 03:00:00,0.0,0.0061078086,0.004452593,0.0024942213878966866,0.01682823160498005,True
1997-12-23 04:00:00,0.0,0.0057792906,0.004213103,0.0023600657880306244,0.017351703136787494,True
1997-12-23 05:00:00,0.0,0.005456281,0.003977629,0.0022281596101820468,0.01800789645242107,True
1997-12-23 06:00:00,0.0,0.005495729,0.0040063863,0.002244268831796944,0.01874199639037319,True
1997-12-23 07:00:00,3.63047e-06,0.0055951346,0.004078854,0.002286957547243219,0.01957228258471072,True
1997-12-23 08:00:00,0.0075965854,0.0051946705,0.0037869154,0.006504556651692837,0.02048648208798575,True
1997-12-23 09:00:00,0.04165218,0.0054448997,0.0039693313,0.026256819872651247,0.021476901318099175,True
1997-12-23 10:00:00,0.08078629,0.005978043,0.004357993,0.049054917618632315,0.02248821271509442,True
1997-12-23 11:00:00,0.10389275,0.0076895216,0.005605661,0.06308625652268528,0.023334268389752118,True
1997-12-23 12:00:00,0.10878656,0.009322312,0.006795965,0.06657676060870289,0.024133091150081852,True
1997-12-23 13:00:00,0.09060878,0.009734063,0.0070961323,0.05625632836949079,0.024851448902474427,True
1997-12-23 14:00:00,0.058171708,0.009027355,0.006580941,0.03725154052861035,0.02558577285712067,True
1997-12-23 15:00:00,0.023608314,0.008874392,0.0064694313,0.01724599709548056,0.026321947335771024,True
1997-12-23 16:00:00,0.0011480353,0.009529702,0.006947153,0.004554022782016545,0.027055863054582987,True
1997-12-23 17:00:00,0.0,0.014305476,0.010428691,0.0058418700098991395,0.027799541564288797,True
1997-12-23 18:00:00,0.0,0.02209446,0.016106863,0.009022626394405962,0.02869792547651536,True
1997-12-23 19:00:00,0.0,0.027677314,0.02039117,0.011314052173867821,0.029806445818436028,True
1997-12-23 20:00:00,0.0,0.032799557,0.025539264,0.013482156738638878,0.031181891486799708,True
1997-12-23 21:00:00,0.0,0.040199343,0.03233702,0.016579756747931242,0.032833947849999955,True
1997-12-23 22:00:00,0.0,0.04264057,0.03407402,0.017574367593973874,0.03474774959434739,True
1997-12-23 23:00:00,0.0,0.05053507,0.040759362,0.020848446998745204,0.03688179499979173,True
1997-12-24 00:00:00,0.0,0.059353024,0.049676836,0.02458381488919258,0.03926361056324253,True
1997-12-24 01:00:00,0.0,0.0673518,0.05765152,0.02796599744260311,0.04186726754564892,True
1997-12-24 02:00:00,0.0,0.07576336,0.065952726,0.031518126904964444,0.04468207185293589,True
1997-12-24 03:00:00,0.0,0.08430177,0.07362996,0.03508337089419365,0.04763306153097232,True
1997-12-24 04:00:00,0.0,0.09478607,0.08226734,0.03941849610954523,0.050753090835178,True
1997-12-24 05:00:00,0.0,0.10214187,0.087046295,0.04239085073769092,0.05381939045991907,True
1997-12-24 06:00:00,0.0,0.11336309,0.09718207,0.04707881109416485,0.0567918884961416,True
1997-12-24 07:00:00,1.5847289e-06,0.123585954,0.10452231,0.05124833627908436,0.05971204586356338,True
1997-12-24 08:00:00,0.0038863318,0.13297963,0.1085651,0.05717441282141953,0.06268696524090456,False
1997-12-24 09:00:00,0.022910139,0.13656598,0.10742378,0.06941288205049932,0.06570388404691449,False
1997-12-24 10:00:00,0.04417141,0.12590803,0.0978834,0.07723267206922174,0.06883026511442508,False
1997-12-24 11:00:00,0.05826685,0.12317457,0.09749082,0.08433589213341475,0.07178769916314603,False
1997-12-24 12:00:00,0.059019372,0.119401276,0.094075024,0.08319329975545406,0.07499683676018973,False
1997-12-24 13:00:00,0.050216112,0.11697299,0.089105815,0.07694944421574473,0.07835534341388044,False
1997-12-24 14:00:00,0.03434612,0.104218245,0.07933562,0.0625583662688732,0.08176149136353024,False
1997-12-24 15:00:00,0.013822871,0.09176152,0.06951069,0.04558937564026564,0.08492920348460681,False
1997-12-24 16:00:00,0.00090796326,0.08740578,0.06533664,0.03630480546329636,0.08800002995957204,False
1997-12-24 17:00:00,0.0,0.10548941,0.07982378,0.043236076422035696,0.09122979974919795,False
1997-12-24 18:00:00,0.0,0.12964517,0.10171293,0.05333156535029411,0.09475341913463413,False
1997-12-24 19:00:00,0.0,0.16052856,0.13067396,0.06629143081605435,0.09860056977158743,False
1997-12-24 20:00:00,0.0,0.19334953,0.15960969,0.0799648981243372,0.10277191543868608,False
1997-12-24 21:00:00,0.0,0.22491314,0.18573387,0.09302257584035396,0.10739506829726375,False
1997-12-24 22:00:00,0.0,0.2508182,0.2043907,0.10358901125192642,0.11238855490634084,False
1997-12-24 23:00:00,0.0,0.27904567,0.22879142,0.11532258912920951,0.1175140723265787,False
1997-12-25 00:00:00,0.0,0.30465445,0.2512204,0.1259833936393261,0.12246213924219698,False
1997-12-25 01:00:00,0.0,0.33008426,0.2754626,0.13667607378959656,0.12701137998966366,False
1997-12-25 02:00:00,0.0,0.34712535,0.2921663,0.14386623448133468,0.13113463386321306,False
1997-12-25 03:00:00,0.0,0.3673119,0.30958405,0.152255627989769,0.13495973621854424,False
1997-12-25 04:00:00,0.0,0.36095354,0.30278873,0.14954244777560233,0.13869717362882433,False
1997-12-25 05:00:00,0.0,0.34974048,0.29358944,0.1449080653488636,0.1424242997880639,False
1997-12-25 06:00:00,0.0,0.3436809,0.2887699,0.14241182246804238,0.14626398257292672,False
1997-12-25 07:00:00,9.220242e-07,0.34985876,0.29601246,0.14508308765961947,0.15018166879597916,False
1997-12-25 08:00:00,0.004948446,0.35786095,0.30390212,0.1513166593401693,0.15415882804492242,False
1997-12-25 09:00:00,0.040376272,0.36891124,0.3129214,0.17632311111316085,0.15822755484758433,False
1997-12-25 10:00:00,0.08644516,0.34007692,0.28971314,0.1910117519572377,0.16282647628886338,False
1997-12-25 11:00:00,0.12280157,0.3528143,0.2977756,0.2171248611807823,0.16810995916989346,False
1997-12-25 12:00:00,0.1338014,0.36334887,0.30566552,0.227785079985857,0.17360227056264904,False
1997-12-25 13:00:00,0.120822676,0.36235806,0.30234483,0.21975142995268104,0.1793162668864059,False
1997-12-25 14:00:00,0.07608419,0.35111892,0.29330117,0.18930172234028578,0.1850910177791773,False
1997-12-25 15:00:00,0.026670499,0.36032206,0.3018139,0.16464566789381205,0.19034928733302614,False
1997-12-25 16:00:00,0.0013777922,0.3826596,0.32567757,0.15958297268406021,0.19436158395706155,False
1997-12-25 17:00:00,0.0,0.42134884,0.36107183,0.17497560051083566,0.19764583478512798,False
1997-12-25 18:00:00,0.0,0.46649942,0.3990291,0.19368585696816445,0.20045673149329235,False
1997-12-25 19:00:00,0.0,0.5101413,0.43141666,0.21153864419460297,0.20281824201409332,False
1997-12-25 20:00:00,0.0,0.5672694,0.48279798,0.23539349395036696,0.20469079256214762,False
1997-12-25 21:00:00,0.0,0.6166006,0.53225005,0.2562671139836311,0.20602110536646656,False
1997-12-25 22:00:00,0.0,0.6366295,0.531165,0.2635992037653923,0.2068312124048229,False
1997-12-25 23:00:00,0.0,0.62541956,0.51066375,0.25835565894842144,0.20737864448100887,False
1997-12-26 00:00:00,0.0,0.58731073,0.4857354,0.24294737076759337,0.20731090588465892,False
1997-12-26 01:00:00,0.0,0.54483783,0.45994487,0.2258821833729744,0.20678827952843717,False
1997-12-26 02:00:00,0.0,0.5183455,0.4417326,0.2151230399608612,0.2058171217783224,False
1997-12-26 03:00:00,0.0,0.51657814,0.44190803,0.21448036658763886,0.2045164276721757,False
1997-12-26 04:00:00,0.0,0.525475,0.45222718,0.21832055175304413,0.20293728040315767,False
1997-12-26 05:00:00,0.0,0.54556656,0.47002897,0.2266956244111061,0.20131758430291524,False
1997-12-26 06:00:00,0.0,0.5661101,0.48579875,0.23512774980068207,0.19967451693088376,False
1997-12-26 07:00:00,1.4982892e-06,0.58327395,0.4985746,0.24215198022836046,0.1979471718526315,False
1997-12-26 08:00:00,0.0059794136,0.5999393,0.5119552,0.25247329934919255,0.19608063553627053,False
1997-12-26 09:00:00,0.043504532,0.63877827,0.5435151,0.29016111123189325,0.19408583891631626,False
1997-12-26 10:00:00,0.09479474,0.66501945,0.5694649,0.330839850358665,0.19194325268267864,False
1997-12-26 11:00:00,0.13748041,0.6462158,0.5590188,0.3479668389856815,0.1900135560797766,False
1997-12-26 12:00:00,0.15100855,0.65020174,0.563125,0.35746512329578395,0.18783782332094906,False
1997-12-26 13:00:00,0.12840529,0.6740306,0.58019155,0.35413748706877235,0.18549479619940643,False
1997-12-26 14:00:00,0.08640104,0.6402611,0.53417695,0.3149553048536181,0.18302682899543293,False
1997-12-26 15:00:00,0.034287456,0.5287841,0.43100777,0.23817961359396578,0.1805861095379345,False
1997-12-26 16:00:00,0.0019958941,0.46689287,0.37988418,0.19394884521048517,0.1778911898116664,False
1997-12-26 17:00:00,0.0,0.4315741,0.3501532,0.17815911841392515,0.17484685389709198,False
1997-12-26 18:00:00,0.0,0.40393102,0.32654673,0.16668407034873964,0.17141739060997502,False
1997-12-26 19:00:00,0.0,0.37879303,0.30368942,0.1561738571226597,0.1675757582139923,False
1997-12-26 20:00:00,0.0,0.34928352,0.27656102,0.1438199127316475,0.16334019612404527,False
1997-12-26 21:00:00,0.0,0.32044348,0.25303832,0.13190771368145943,0.15858757707814228,False
1997-12-26 22:00:00,0.0,0.31523097,0.25084305,0.1298657509088516,0.15338571800466166,False
1997-12-26 23:00:00,0.0,0.2722642,0.2149193,0.1120711365044117,0.14800461643957538,False
1997-12-27 00:00:00,0.0,0.24514745,0.1932948,0.1008973285406828,0.14271596846595647,False
1997-12-27 01:00:00,0.0,0.21891496,0.1718682,0.09006050178408623,0.13774089683947394,False
1997-12-27 02:00:00,0.0,0.1979354,0.1554584,0.08143291738629341,0.13313115981762536,False
1997-12-27 03:00:00,0.0,0.18571623,0.14680132,0.07645655907690524,0.12875852254434728,False
1997-12-27 04:00:00,0.0,0.17436852,0.13805653,0.07179703496396542,0.12443206167820617,False
1997-12-27 05:00:00,0.0,0.16041322,0.12682135,0.06604083149135113,0.12006266828143278,False
1997-12-27 06:00:00,0.0,0.14448065,0.11455371,0.05949925871193409,0.11553641483496183,False
1997-12-27 07:00:00,1.4694759e-06,0.13483477,0.10619385,0.05548934447429371,0.11084583988907987,False
1997-12-27 08:00:00,0.0059393337,0.12693678,0.09814361,0.05556642158236354,0.1060256118743495,False
1997-12-27 09:00:00,0.034705073,0.13055728,0.097750135,0.07347897189855576,0.10108767702930382,False
1997-12-27 10:00:00,0.0783975,0.12920089,0.101404265,0.09838631501793861,0.09578707728103511,False
1997-12-27 11:00:00,0.10487771,0.12742469,0.09547297,0.11268968875706195,0.09024186269445432,False
1997-12-27 12:00:00,0.11840442,0.115014665,0.08444477,0.11531977815181015,0.08479758509484517,False
1997-12-27 13:00:00,0.10887215,0.09420415,0.068674825,0.10128900416195392,0.0793886562595463,False
1997-12-27 14:00:00,0.07469095,0.07113841,0.0518599,0.07214718838036059,0.07385697596678598,False
1997-12-27 15:00:00,0.030506955,0.043311656,0.0315742,0.03528952103294432,0.068762718898897,False
1997-12-27 16:00:00,0.0016554943,0.030608887,0.022313876,0.013454848784487694,0.06465325516845807,False
1997-12-27 17:00:00,0.0,0.025372736,0.018496724,0.010361362729221581,0.061133822252152116,False
1997-12-27 18:00:00,0.0,0.022743084,0.016579706,0.009287501960992813,0.058001795834505564,True
1997-12-27 19:00:00,0.0,0.020157564,0.014694863,0.008231663877144456,0.05518130296339989,True
1997-12-27 20:00:00,0.0,0.01779722,0.012974174,0.007267779747024179,0.0526233236413613,True
1997-12-27 21:00:00,0.0,0.016107801,0.011742588,0.006577878456562758,0.05038675372453183,True
1997-12-27 22:00:00,0.0,0.012994051,0.0094726635,0.0053063286412507295,0.0484864090565756,True
1997-12-27 23:00:00,0.0,0.011020889,0.008034228,0.00450055621471256,0.04668423848144487,True
1997-12-28 00:00:00,0.0,0.010147595,0.0073975963,0.004143932696431875,0.04525004919955283,True
1997-12-28 01:00:00,0.0,0.0113006625,0.008238182,0.004614806324243546,0.0440084832525976,True
1997-12-28 02:00:00,0.0,0.012822935,0.00934792,0.005236450843513011,0.04295519287196696,True
1997-12-28 03:00:00,0.0,0.016676817,0.012157398,0.00681024501286447,0.04202284874545187,True
1997-12-28 04:00:00,0.0,0.02103424,0.015333961,0.008589668707922101,0.04113072727259025,True
1997-12-28 05:00:00,0.0,0.023105398,0.016843837,0.009435458980500697,0.04026740319851563,True
1997-12-28 06:00:00,0.0,0.024439234,0.017816203,0.009980152398347854,0.03947853105107099,True
1997-12-28 07:00:00,1.0660904e-06,0.026398918,0.01924481,0.01078103552130301,0.0387695139014326,True
1997-12-28 08:00:00,0.0051619518,0.03054608,0.022268092,0.015452426787000149,0.038063193199517946,True
1997-12-28 09:00:00,0.033754323,0.03980762,0.029019756,0.03573232331499457,0.03734905613573909,True
1997-12-28 10:00:00,0.07286806,0.055121474,0.04231218,0.06466955020278692,0.03665669519791089,True
1997-12-28 11:00:00,0.104413345,0.06436891,0.048942327,0.0866415142044425,0.03600360096575091,True
1997-12-28 12:00:00,0.12053123,0.06912157,0.051558513,0.09783653920143844,0.035447435149488546,True
1997-12-28 13:00:00,0.105281524,0.06815948,0.05034341,0.08861683301627636,0.03489093780070564,True
1997-12-28 14:00:00,0.07742867,0.06305965,0.046029866,0.07043096559494734,0.03430603799506421,True
1997-12-28 15:00:00,0.031320527,0.055900656,0.04122349,0.04092535453289747,0.03387840689155293,True
1997-12-28 16:00:00,0.0021455502,0.058025133,0.04382979,0.025016065227799117,0.03369548573429561,True
1997-12-28 17:00:00,0.0,0.06760675,0.053240012,0.02782185036689043,0.03369546415252961,True
1997-12-28 18:00:00,0.0,0.07588366,0.061098948,0.03130041253566742,0.03379550397457905,True
1997-12-28 19:00:00,0.0,0.08096105,0.065115236,0.03339084966480732,0.03395491359351553,True
1997-12-28 20:00:00,0.0,0.08847171,0.07071288,0.03646455672383308,0.03413877734475654,True
1997-12-28 21:00:00,0.0,0.09866516,0.07932823,0.040691169619560236,0.03431540935059428,True
1997-12-28 22:00:00,0.0,0.10496516,0.08573,0.04336156330257654,0.034457139281708515,True
1997-12-28 23:00:00,0.0,0.104694284,0.085145555,0.043230050973594183,0.03462113818297047,True
1997-12-29 00:00:00,0.0,0.10029396,0.079512835,0.04130216308683157,0.034760323041562236,True
1997-12-29 01:00:00,0.0,0.09609174,0.074902065,0.039502563513815404,0.03490375480041956,True
1997-12-29 02:00:00,0.0,0.0892708,0.06924952,0.03668039931356906,0.035014781519166434,True
1997-12-29 03:00:00,0.0,0.08182263,0.06374406,0.0336347283795476,0.0351007140247163,True
1997-12-29 04:00:00,0.0,0.07387334,0.05737438,0.03035747940838337,0.035143720251485946,True
1997-12-29 05:00:00,0.0,0.06868597,0.052404538,0.028174968414008617,0.035140818311927155,True
1997-12-29 06:00:00,0.0,0.06236179,0.045461748,0.025466435529291627,0.03513017613322125,True
1997-12-29 07:00:00,1.2677832e-06,0.052857533,0.03853314,0.021585950782390114,0.03513693883221248,True
1997-12-29 08:00:00,0.005860155,0.043849226,0.031966086,0.0212878425209783,0.035154366738218756,True
1997-12-29 09:00:00,0.037867386,0.04504823,0.03284016,0.040245646882802244,0.035270829894005186,True
1997-12-29 10:00:00,0.07770851,0.05436295,0.039630592,0.0670377918742597,0.035633434164771986,True
1997-12-29 11:00:00,0.109034486,0.056519963,0.04120305,0.08599372957646848,0.036154061603638835,True
1997-12-29 12:00:00,0.11752728,0.05092164,0.037121877,0.08860790541023016,0.03665789752147737,True
1997-12-29 13:00:00,0.098948754,0.03947533,0.028777514,0.07321381349116564,0.037157916726435404,True
1997-12-29 14:00:00,0.06783061,0.03053338,0.022515139,0.05162089541181922,0.037701597540685465,True
1997-12-29 15:00:00,0.027115809,0.026569562,0.019616952,0.02650930548459291,0.03810645260293924,True
1997-12-29 16:00:00,0.0020383073,0.030048702,0.022032196,0.01345381285971962,0.03836760147976024,True
1997-12-29 17:00:00,0.0,0.036923382,0.028491594,0.015163274187594653,0.03852493369208003,True
1997-12-29 18:00:00,0.0,0.04106812,0.03305605,0.01693916366994381,0.03867696643715078,True
1997-12-29 19:00:00,0.0,0.041317195,0.0335385,0.017057123936712743,0.03883489279450203,True
1997-12-29 20:00:00,0.0,0.03832961,0.029675748,0.015746116027235985,0.039004070737876984,True
1997-12-29 21:00:00,0.0,0.032755595,0.023964828,0.013380915150046347,0.03914810991754109,True
1997-12-29 22:00:00,0.0,0.0322629,0.023579003,0.013178275901824237,0.03922086820380116,True
1997-12-29 23:00:00,0.0,0.027380902,0.019960675,0.011181429427117109,0.03924756301335344,True
1997-12-30 00:00:00,0.0,0.027006796,0.019687954,0.011028657121583818,0.03933446789860079,True
1997-12-30 01:00:00,0.0,0.024350923,0.017751822,0.009944088824093342,0.03950344543905282,True
1997-12-30 02:00:00,0.0,0.022923581,0.016711289,0.009361211109906434,0.03977179673361877,True
1997-12-30 03:00:00,0.0,0.021731839,0.015842509,0.008874543897807598,0.040160392309085524,True
1997-12-30 04:00:00,0.0,0.020693142,0.0150853,0.008450375609099866,0.04066012626980717,True
1997-12-30 05:00:00,0.0,0.0218545,0.015931929,0.008924634402617811,0.04126521087811614,True
1997-12-30 06:00:00,0.0,0.025234133,0.018395683,0.010304761949926614,0.04194940157096187,True
1997-12-30 07:00:00,1.5847289e-06,0.02844669,0.020737635,0.011617575009604366,0.04271219733824307,True
1997-12-30 08:00:00,0.008660371,0.039206635,0.029229177,0.02104265826474875,0.04359696037892265,True
1997-12-30 09:00:00,0.054976724,0.052118182,0.04044721,0.05313732831180096,0.04468929003490031,True
1997-12-30 10:00:00,0.115420446,0.055926874,0.044908397,0.08965966726839542,0.04612704013280777,True
1997-12-30 11:00:00,0.1551968,0.052014578,0.038587127,0.11082563826069235,0.047725837172479885,True
1997-12-30 12:00:00,0.17375134,0.052603886,0.040224157,0.12183746103942394,0.049299603964362504,True
1997-12-30 13:00:00,0.15729707,0.05802504,0.047071487,0.11471351210027932,0.05080426676013093,True
1997-12-30 14:00:00,0.11072561,0.06271117,0.052498303,0.08986400858312844,0.05224693567818548,True
1997-12-30 15:00:00,0.044651814,0.06652103,0.058335975,0.05346050062030554,0.05339436707219316,True
1997-12-30 16:00:00,0.0026640159,0.0745004,0.065559775,0.03256801141914912,0.0543127812046299,True
1997-12-30 17:00:00,0.0,0.084493734,0.07298582,0.035119422130286695,0.0550687013068749,True
1997-12-30 18:00:00,0.0,0.09374398,0.07943239,0.038880877688527105,0.055691038842597074,True
1997-12-30 19:00:00,0.0,0.10009088,0.08477509,0.041511390946805476,0.05618023400176785,True
1997-12-30 20:00:00,0.0,0.10453137,0.0890067,0.04337843734771013,0.056546401814376035,True
1997-12-30 21:00:00,0.0,0.10654573,0.09015171,0.04418356736004352,0.05683688171888239,True
1997-12-30 22:00:00,0.0,0.10766441,0.091013856,0.04464291416108608,0.05708468349329665,True
1997-12-30 23:00:00,0.0,0.11432289,0.09659885,0.04740148546546698,0.05726044225115798,True
1997-12-31 00:00:00,0.0,0.119212925,0.10043547,0.04941308502852917,0.05740944702812008,True
1997-12-31 01:00:00,0.0,0.12649518,0.10567969,0.052383425652980806,0.05756163456144746,True
1997-12-31 02:00:00,0.0,0.1337302,0.11086189,0.05533298693597317,0.05773641726763922,True
1997-12-31 03:00:00,0.0,0.1392646,0.11543188,0.0576219584941864,0.05792334325954321,True
1997-12-31 04:00:00,0.0,0.14350198,0.11943165,0.05940154060721397,0.05812040815169926,True
1997-12-31 05:00:00,0.0,0.14739391,0.12273645,0.06101612167060375,0.05832630988320339,True
1997-12-31 06:00:00,0.0,0.14991587,0.1252162,0.06208063235878944,0.05852233122317589,True
1997-12-31 07:00:00,1.6711688e-06,0.15477082,0.1285774,0.06405457673500996,0.0586895999059128,True
1997-12-31 08:00:00,0.010380436,0.16374563,0.13533367,0.07371966600790619,0.058829518316573085,True
1997-12-31 09:00:00,0.06412476,0.17477755,0.1437916,0.10925765158236027,0.058773080826084526,True
1997-12-31 10:00:00,0.12387893,0.17493573,0.14353003,0.14378004977852105,0.05804800437628238,True
1997-12-31 11:00:00,0.16058905,0.16662024,0.13688487,0.16153453558683398,0.056562045864884516,True
1997-12-31 12:00:00,0.16459644,0.1592471,0.13143323,0.1608317196071148,0.054635129624480465,True
1997-12-31 13:00:00,0.13866872,0.15090273,0.12531415,0.14246192155778406,0.05247880040951951,True
1997-12-31 14:00:00,0.08906946,0.13352019,0.11176988,0.10669760232418775,0.0504708867974574,True
1997-12-31 15:00:00,0.032845985,0.12480533,0.10347932,0.07059318384155631,0.04898067117533593,True
1997-12-31 16:00:00,0.0018726309,0.118169144,0.093575105,0.0497379777674796,0.048248861969106605,True
1997-12-31 17:00:00,0.0,0.10979495,0.08372479,0.04503547590225935,0.04795231295456804,True
1997-12-31 18:00:00,0.0,0.09889043,0.07277708,0.04042053131014108,0.04760260955021411,True
1997-12-31 19:00:00,0.0,0.084736764,0.06232061,0.0346331789419055,0.04717454248839684,True
1997-12-31 20:00:00,0.0,0.07263086,0.053488225,0.029689151443541048,0.0466916730670321,True
1997-12-31 21:00:00,0.0,0.061843593,0.045465086,0.02527540032193065,0.046169906845648506,True
1997-12-31 22:00:00,0.0,0.05289135,0.03884792,0.02161469627916813,0.045631367082341306,True
1997-12-31 23:00:00,0.0,0.044863123,0.03294752,0.01833365872129798,0.04508325759401239,True
