time,solar_cf,onshore_wind_cf,offshore_wind_cf,combined_cf,cf_ma,is_drought
1979-01-01 00:00:00,0.0,0.2645968,0.23499608,0.1103260038793087,0.10426736623142722,False
1979-01-01 01:00:00,0.0,0.2587356,0.2300851,0.10789803099632263,0.10302044963371816,False
1979-01-01 02:00:00,0.0,0.2504112,0.2226104,0.10442269894480705,0.10179824281251866,False
1979-01-01 03:00:00,0.0,0.24415007,0.21713947,0.10181690794229506,0.10056640975410928,False
1979-01-01 04:00:00,0.0,0.22706485,0.2026961,0.09473251828551292,0.09937141576363584,False
1979-01-01 05:00:00,0.0,0.20671873,0.18102172,0.08605438350141048,0.09822064691549977,False
1979-01-01 06:00:00,0.0,0.1867537,0.16510302,0.0778276801854372,0.09712884476176342,False
1979-01-01 07:00:00,9.796507e-07,0.17431445,0.15460324,0.07267117397269737,0.09606243387936493,False
1979-01-01 08:00:00,0.0071747885,0.16796552,0.14994235,0.07421601562062279,0.09501077972718795,False
1979-01-01 09:00:00,0.05863575,0.17060174,0.15116122,0.10494757544249296,0.0941041498669032,False
1979-01-01 10:00:00,0.1256999,0.20031312,0.17500477,0.15589463706314563,0.09399953792528994,False
1979-01-01 11:00:00,0.17475381,0.20101026,0.17642583,0.18453273084759714,0.09472154989781913,False
1979-01-01 12:00:00,0.19253577,0.20185886,0.1770628,0.19514045241475106,0.09602322892198152,False
1979-01-01 13:00:00,0.16852218,0.19639234,0.17037944,0.17890656174719333,0.09754745421346711,False
1979-01-01 14:00:00,0.11492607,0.1875849,0.16151246,0.1442528460621834,0.09880976974348661,False
1979-01-01 15:00:00,0.047053803,0.17568216,0.15008396,0.10008129401877522,0.09936275287257322,False
1979-01-01 16:00:00,0.0034404176,0.16640605,0.14019547,0.07095950911217369,0.09898334035810519,False
1979-01-01 17:00:00,0.0,0.15883182,0.13249888,0.0657638808041811,0.09798708917964123,False
1979-01-01 18:00:00,0.0,0.14926164,0.12435861,0.061792909517884256,0.09695464975405359,False
1979-01-01 19:00:00,0.0,0.14267838,0.11949875,0.05910125483572483,0.0959442874707269,False
1979-01-01 20:00:00,0.0,0.13209784,0.1116721,0.05477439665794373,0.09493983119092757,False
1979-01-01 21:00:00,0.0,0.12511985,0.106849015,0.051939071461558343,0.09399003174546981,False
1979-01-01 22:00:00,0.0,0.11672659,0.10028701,0.04848761120438575,0.09305672464165711,False
1979-01-01 23:00:00,0.0,0.121527374,0.10418038,0.05046934148669243,0.09217670556828254,False
1979-01-02 00:00:00,0.0,0.121463686,0.10470198,0.050474007189273834,0.09127654123883568,False
1979-01-02 01:00:00,0.0,0.124329396,0.10708388,0.05166007646173239,0.09032798508107535,False
1979-01-02 02:00:00,0.0,0.12323907,0.10597778,0.051198017075657846,0.08936950388382993,False
1979-01-02 03:00:00,0.0,0.12762131,0.10877833,0.052966292336583135,0.08844287725463383,False
1979-01-02 04:00:00,0.0,0.1328805,0.112151794,0.05508909916877747,0.08754799085873984,False
1979-01-02 05:00:00,0.0,0.13982645,0.11710262,0.05791950049996376,0.08680307179242246,False
1979-01-02 06:00:00,0.0,0.14285119,0.11900357,0.059138281524181366,0.08625204932242504,False
1979-01-02 07:00:00,1.3254098e-06,0.14460193,0.12014313,0.05984660457481323,0.085866940068266,False
1979-01-02 08:00:00,0.0092817005,0.14850427,0.123225056,0.06680777058564126,0.08557282786332603,False
1979-01-02 09:00:00,0.06717011,0.16102861,0.1319985,0.10530463068187236,0.08532247534699222,False
1979-01-02 10:00:00,0.13621663,0.1607345,0.13101025,0.14498257856070992,0.08517505193387574,False
1979-01-02 11:00:00,0.18123819,0.1652736,0.1341889,0.1728065970391035,0.08478040789233005,False
1979-01-02 12:00:00,0.19603254,0.17053796,0.13795434,0.1834888178706169,0.08448304527573391,False
1979-01-02 13:00:00,0.16845179,0.17904143,0.14174409,0.1709171493202448,0.08437095959091041,False
1979-01-02 14:00:00,0.1127892,0.17440853,0.13764964,0.13686919407546522,0.08441122725274518,False
1979-01-02 15:00:00,0.04546593,0.15989153,0.12741455,0.09211420318484305,0.08449075680515522,False
1979-01-02 16:00:00,0.0032850567,0.1469491,0.11826394,0.06250594731303863,0.08451321401123373,False
1979-01-02 17:00:00,0.0,0.14728498,0.11890282,0.060768911451101304,0.08447729411444595,False
1979-01-02 18:00:00,0.0,0.14976345,0.12159076,0.0618286142796278,0.08451409073921821,False
1979-01-02 19:00:00,0.0,0.15026075,0.12344235,0.062112102448940276,0.08464964678886316,False
1979-01-02 20:00:00,0.0,0.1563953,0.13010675,0.06473563049733638,0.0848262379151114,False
1979-01-02 21:00:00,0.0,0.15803319,0.13357435,0.06552726289629936,0.08503352325784942,False
1979-01-02 22:00:00,0.0,0.16413291,0.1392601,0.06808508835732936,0.08524199851791343,False
1979-01-02 23:00:00,0.0,0.16186978,0.13681792,0.0671181160658598,0.08533337849008821,False
1979-01-03 00:00:00,0.0,0.15612744,0.13304229,0.06479530830681324,0.0853591114804425,False
1979-01-03 01:00:00,0.0,0.14879064,0.12939234,0.06189093352854252,0.08534847859202854,False
1979-01-03 02:00:00,0.0,0.14377467,0.1276253,0.0599446207433939,0.08522706714927188,False
1979-01-03 03:00:00,0.0,0.14096414,0.1267888,0.05886236093938351,0.08506354493557444,False
1979-01-03 04:00:00,0.0,0.1411361,0.12772563,0.05897640310227871,0.08482538709326616,False
1979-01-03 05:00:00,0.0,0.14262713,0.12918319,0.059605304941534994,0.08450289400157489,False
1979-01-03 06:00:00,0.0,0.14230672,0.12650478,0.059342435985803604,0.08412409449604309,False
1979-01-03 07:00:00,1.3830363e-06,0.14065105,0.12319914,0.058553788135578086,0.08374190868067526,False
1979-01-03 08:00:00,0.009624203,0.13644937,0.116594695,0.062199094836600126,0.08337550985453211,False
1979-01-03 09:00:00,0.06803812,0.14148055,0.118646905,0.09787125161290168,0.0830350516446535,False
1979-01-03 10:00:00,0.13832125,0.1379374,0.11558263,0.13695172306895254,0.0826720284791953,False
1979-01-03 11:00:00,0.18439889,0.15434937,0.12789348,0.17025932525098322,0.08222584148033625,False
1979-01-03 12:00:00,0.20135981,0.17813824,0.14523554,0.18976033954322338,0.08174370941848598,False
1979-01-03 13:00:00,0.17833632,0.1888238,0.15302533,0.18083940951526162,0.08124925367707801,False
1979-01-03 14:00:00,0.12064421,0.19003734,0.1543477,0.1480702645778656,0.08074233860913457,False
1979-01-03 15:00:00,0.052672647,0.17122662,0.1404537,0.10115923991054296,0.08031325772671442,False
1979-01-03 16:00:00,0.004753784,0.1608618,0.13211879,0.06923535406636074,0.08002966614256717,False
1979-01-03 17:00:00,0.0,0.16347891,0.13345186,0.06753011879324913,0.0797976395651493,False
1979-01-03 18:00:00,0.0,0.16535853,0.13485746,0.06829959990084171,0.07959586829373426,False
1979-01-03 19:00:00,0.0,0.16355701,0.13379802,0.06757762889564037,0.0793854047819767,False
1979-01-03 20:00:00,0.0,0.15651664,0.12906393,0.06472409310936927,0.0791824648162145,False
1979-01-03 21:00:00,0.0,0.14972213,0.12404478,0.06194588394463062,0.07895383517777359,False
1979-01-03 22:00:00,0.0,0.12753007,0.1076899,0.05287384986877441,0.07870546025091595,False
1979-01-03 23:00:00,0.0,0.12472804,0.10518294,0.05170452502369881,0.07831743997575527,False
1979-01-04 00:00:00,0.0,0.120510876,0.10176139,0.04996362854540348,0.07787523710036462,False
1979-01-04 01:00:00,0.0,0.11040499,0.0943127,0.04583232720941305,0.07738763124782404,False
1979-01-04 02:00:00,0.0,0.10431555,0.08993543,0.04334895081818104,0.07690771564196607,False
1979-01-04 03:00:00,0.0,0.099855274,0.08681703,0.04153471590578556,0.07643890369690766,False
1979-01-04 04:00:00,0.0,0.095157616,0.08326427,0.039609430767595766,0.07594693313732555,False
1979-01-04 05:00:00,0.0,0.095518425,0.08316343,0.03973712423443794,0.07542889369658937,False
1979-01-04 06:00:00,0.0,0.09816281,0.08465345,0.04079336238652468,0.07490478853935187,False
1979-01-04 07:00:00,1.7287953e-06,0.10172298,0.08745712,0.04225946091994274,0.0743751400076579,False
1979-01-04 08:00:00,0.010079422,0.10756348,0.09183381,0.050465776511468,0.07382735306954556,False
1979-01-04 09:00:00,0.06794588,0.11739289,0.09919941,0.08787951873987912,0.07327162079488471,False
1979-01-04 10:00:00,0.13772264,0.10642852,0.08939843,0.12356560261547564,0.07259343781406294,False
1979-01-04 11:00:00,0.18516025,0.103321455,0.087058835,0.1496642580702901,0.07185881538874082,False
1979-01-04 12:00:00,0.20278336,0.10327703,0.085920736,0.15975494228303433,0.07095969608238512,False
1979-01-04 13:00:00,0.18001547,0.1032778,0.08531089,0.14658522605895996,0.06984098409301215,False
1979-01-04 14:00:00,0.12616152,0.10507427,0.087142795,0.11627331171929836,0.0686425821243964,False
1979-01-04 15:00:00,0.05453614,0.11359158,0.09479926,0.07850180714577436,0.06744601646716321,False
1979-01-04 16:00:00,0.0046213577,0.11768022,0.09774345,0.05136867159698158,0.0663037673646142,False
1979-01-04 17:00:00,0.0,0.12337436,0.10293986,0.05108389042317867,0.06518524932218757,False
1979-01-04 18:00:00,0.0,0.12501019,0.10365935,0.051726365715265274,0.06401328930873465,False
1979-01-04 19:00:00,0.0,0.12656893,0.10494536,0.05237098409235477,0.06277898497539613,False
1979-01-04 20:00:00,0.0,0.12987359,0.108112104,0.05376140785217285,0.061514352863864454,False
1979-01-04 21:00:00,0.0,0.12936346,0.10870646,0.05360526640713215,0.06028076905551175,False
1979-01-04 22:00:00,0.0,0.119801044,0.09728759,0.0494601151496172,0.059089141747949596,True
1979-01-04 23:00:00,0.0,0.11139932,0.08863015,0.04589237804710865,0.0581019335733498,True
1979-01-05 00:00:00,0.0,0.10045565,0.080038756,0.04139022738486528,0.05716804952009157,True
1979-01-05 01:00:00,0.0,0.09422235,0.07568401,0.03885498444736003,0.05630442590403878,True
1979-01-05 02:00:00,0.0,0.09085405,0.07252784,0.037441647380590436,0.05555985203068745,True
1979-01-05 03:00:00,0.0,0.085559845,0.06807762,0.035247774079442025,0.05488698773479597,True
1979-01-05 04:00:00,0.0,0.0827743,0.06605175,0.03411050994694233,0.05427994013156318,True
1979-01-05 05:00:00,0.0,0.08366265,0.06623591,0.034448257394135,0.053762125865766265,True
1979-01-05 06:00:00,0.0,0.08236905,0.06528012,0.03391930646449327,0.05330233398007737,True
1979-01-05 07:00:00,1.8440484e-06,0.0782607,0.06260655,0.03226001510618573,0.05290179277255708,True
1979-01-05 08:00:00,0.010300622,0.07171694,0.05772102,0.03552394565287977,0.05253110837887923,True
1979-01-05 09:00:00,0.065919764,0.06618161,0.052995395,0.06531846853345633,0.05214697756290385,True
1979-01-05 10:00:00,0.13387765,0.059406336,0.04669453,0.10168984665349125,0.05174116343351031,True
1979-01-05 11:00:00,0.18394108,0.051044144,0.039487142,0.1271015985459089,0.051462205531366906,True
1979-01-05 12:00:00,0.20240958,0.04700338,0.035696086,0.1360621640533209,0.051302197597280885,True
1979-01-05 13:00:00,0.18420944,0.0416093,0.030989615,0.12331611502170563,0.05119513822065616,True
1979-01-05 14:00:00,0.12998307,0.038228367,0.0283077,0.09063511303067207,0.05115028340336506,True
1979-01-05 15:00:00,0.05651132,0.033556346,0.024851104,0.04633128298819065,0.051037127973182245,True
1979-01-05 16:00:00,0.0050921086,0.030850805,0.022673966,0.015546488029882309,0.05079282448469921,True
1979-01-05 17:00:00,0.0,0.027612578,0.02012957,0.011276038147509099,0.05050095185905257,True
1979-01-05 18:00:00,0.0,0.022168819,0.01616107,0.009052991900593041,0.050233110529254464,True
1979-01-05 19:00:00,0.0,0.016836092,0.012273512,0.006875287542119622,0.05004775723943048,True
1979-01-05 20:00:00,0.0,0.013497868,0.009839947,0.005512070308439434,0.04993206113146179,True
1979-01-05 21:00:00,0.0,0.01162627,0.0084755495,0.004747773181647062,0.049856483585085064,True
1979-01-05 22:00:00,0.0,0.013438576,0.009796722,0.005487857487984001,0.04984769134863773,True
1979-01-05 23:00:00,0.0,0.016842956,0.012278515,0.006878090467303991,0.04997926580149242,True
1979-01-06 00:00:00,0.0,0.020838402,0.0151911955,0.008509694974869489,0.05023027395911076,True
1979-01-06 01:00:00,0.0,0.024709752,0.018053386,0.010092781288549305,0.05060060192120754,True
1979-01-06 02:00:00,0.0,0.027048534,0.019825105,0.011051464615389705,0.05103466635698014,True
1979-01-06 03:00:00,0.0,0.030312873,0.022425568,0.01239643095061183,0.05156527628039503,True
1979-01-06 04:00:00,0.0,0.035964593,0.027470576,0.014754346009343862,0.05225152642780476,True
1979-01-06 05:00:00,0.0,0.04291202,0.033936627,0.017667113721370697,0.05305438682192498,True
1979-01-06 06:00:00,0.0,0.05224477,0.04239007,0.021567384425550697,0.053934619632433435,True
1979-01-06 07:00:00,2.0169277e-06,0.059068926,0.04942616,0.02446661002340579,0.054939087209641274,True
1979-01-06 08:00:00,0.010010646,0.06316,0.05454285,0.032027497344650324,0.05606943777285314,True
1979-01-06 09:00:00,0.06948688,0.06793681,0.059959803,0.06840044052898883,0.05735579271636158,True
1979-01-06 10:00:00,0.14005305,0.07040447,0.06269935,0.1101756233125925,0.058865503302060064,True
1979-01-06 11:00:00,0.19285318,0.0736581,0.06532873,0.1419838772341609,0.0606534080783048,False
1979-01-06 12:00:00,0.21279371,0.076449424,0.067116395,0.1546160922050476,0.062438204073485604,False
1979-01-06 13:00:00,0.19439527,0.07755336,0.0675728,0.14443219482898711,0.06423035019153293,False
1979-01-06 14:00:00,0.1371748,0.07628207,0.065627925,0.11084185107052326,0.06604053745556808,False
1979-01-06 15:00:00,0.0600041,0.07731707,0.0670903,0.06677523969858885,0.06788165415216423,False
1979-01-06 16:00:00,0.0054006986,0.08223835,0.072159864,0.03735878556594252,0.06976977625448753,False
1979-01-06 17:00:00,0.0,0.091667086,0.081525035,0.038227506592869755,0.07169173162989582,False
1979-01-06 18:00:00,0.0,0.102678604,0.09150005,0.042829407803714276,0.07365624460997323,False
1979-01-06 19:00:00,0.0,0.112040624,0.10138112,0.04681757090985775,0.075664237025895,False
1979-01-06 20:00:00,0.0,0.1198143,0.10967054,0.05013368562608957,0.07773041564866699,False
1979-01-06 21:00:00,0.0,0.126993,0.117089294,0.053183239057660106,0.07979362147982728,False
1979-01-06 22:00:00,0.0,0.13299985,0.1240508,0.05577568888664245,0.08182249204727386,False
1979-01-06 23:00:00,0.0,0.1381022,0.12927882,0.057940769612789156,0.08393642078072562,False
1979-01-07 00:00:00,0.0,0.14109515,0.13151594,0.05916596956551075,0.08578180743370005,False
1979-01-07 01:00:00,0.0,0.14234528,0.13267906,0.05969007736444473,0.08727916179562718,False
1979-01-07 02:00:00,0.0,0.15015422,0.13896328,0.06291092370450496,0.08846475477516917,False
1979-01-07 03:00:00,0.0,0.16300413,0.14887513,0.0681877811551094,0.08941130852175677,False
1979-01-07 04:00:00,0.0,0.17382385,0.1575335,0.07264780886471271,0.09017935823428246,False
1979-01-07 05:00:00,0.0,0.18362229,0.16560757,0.07669943229854106,0.09080839707504758,False
1979-01-07 06:00:00,0.0,0.19678271,0.17631353,0.08213375017046928,0.09134393685951629,False
1979-01-07 07:00:00,2.1321807e-06,0.20735739,0.18519878,0.08651684214035549,0.09184622657357515,False
1979-01-07 08:00:00,0.01166738,0.21695857,0.19405913,0.09726898294128478,0.09233127307523153,False
1979-01-07 09:00:00,0.07352088,0.22851057,0.20449314,0.13778457664698363,0.09283868941769426,False
1979-01-07 10:00:00,0.14165545,0.25371596,0.2250536,0.18750927591323852,0.09320702012438127,False
1979-01-07 11:00:00,0.18778189,0.25037804,0.2228178,0.21277180631458759,0.09315728273021479,False
1979-01-07 12:00:00,0.20103851,0.2543443,0.22653529,0.22208517771959302,0.09293795743161613,False
1979-01-07 13:00:00,0.18057507,0.25418493,0.22627865,0.21020510369539258,0.09262518639982788,False
1979-01-07 14:00:00,0.12901711,0.25072014,0.22315012,0.17900871446728706,0.09232565675035541,False
1979-01-07 15:00:00,0.05843002,0.24760462,0.22001697,0.13696114389970898,0.09214444095109701,False
1979-01-07 16:00:00,0.006313416,0.25000805,0.22045437,0.10780034604948013,0.09218532059461922,False
1979-01-07 17:00:00,0.0,0.25357726,0.22227132,0.10557266119122505,0.0923457834110785,False
1979-01-07 18:00:00,0.0,0.2534118,0.22088285,0.10543662786483765,0.09245449068119783,False
1979-01-07 19:00:00,0.0,0.25502232,0.22127086,0.10605186143517494,0.09244925461106036,False
1979-01-07 20:00:00,0.0,0.25161067,0.21669656,0.10454595020413399,0.09233744226910208,False
1979-01-07 21:00:00,0.0,0.24611586,0.2095705,0.10213356041908264,0.09210936463626136,False
1979-01-07 22:00:00,0.0,0.25822818,0.2161155,0.10695643669366836,0.09179641859933768,False
1979-01-07 23:00:00,0.0,0.23068991,0.19133466,0.09545664981007576,0.09132010757086834,False
1979-01-08 00:00:00,0.0,0.19472474,0.15794955,0.08038270434737205,0.09074092523941805,False
1979-01-08 01:00:00,0.0,0.16249064,0.1304111,0.06700124430656433,0.09013043262438884,False
1979-01-08 02:00:00,0.0,0.13701358,0.10977837,0.05648604445159435,0.08945249657055399,False
1979-01-08 03:00:00,0.0,0.1195228,0.09553524,0.049262817151844496,0.08867723408436438,False
1979-01-08 04:00:00,0.0,0.109028675,0.08734499,0.04494821036607027,0.08773995274586638,False
1979-01-08 05:00:00,0.0,0.10520114,0.08432968,0.0433730233758688,0.08664661532921751,False
1979-01-08 06:00:00,0.0,0.11092191,0.087909356,0.04567729070037603,0.08542061116222327,False
1979-01-08 07:00:00,2.7660724e-06,0.11596174,0.09180305,0.047748842102912706,0.08407166288725136,False
1979-01-08 08:00:00,0.010224556,0.12265765,0.09672668,0.05638348178286105,0.08261175285938306,False
1979-01-08 09:00:00,0.058117054,0.12770899,0.100410335,0.08608031444996596,0.08097572371177213,False
1979-01-08 10:00:00,0.10897037,0.10977896,0.08155351,0.10778822839260101,0.07880834531038837,False
1979-01-08 11:00:00,0.14582486,0.11554393,0.08665936,0.13145626290142537,0.07593060613147908,False
1979-01-08 12:00:00,0.15827322,0.11783401,0.08886454,0.1396030826792121,0.07275674577926435,False
1979-01-08 13:00:00,0.14116055,0.118577115,0.08981815,0.13005477165430782,0.06945494636854306,False
1979-01-08 14:00:00,0.10007563,0.10849192,0.080858044,0.10214349270612001,0.06625442732761763,False
1979-01-08 15:00:00,0.04463046,0.10487458,0.07938827,0.06873746258765459,0.06340179699628141,False
1979-01-08 16:00:00,0.00458344,0.10310815,0.0809157,0.04506100075598806,0.06103236095611,False
1979-01-08 17:00:00,0.0,0.10540324,0.08429002,0.043445455558598044,0.05897186038657997,True
1979-01-08 18:00:00,0.0,0.103360176,0.08218836,0.04257807643711567,0.05697320288190127,True
1979-01-08 19:00:00,0.0,0.10078545,0.07890274,0.0414505784958601,0.05505533646422878,True
1979-01-08 20:00:00,0.0,0.09564923,0.07206286,0.03918595924973488,0.05322537026115201,True
1979-01-08 21:00:00,0.0,0.09318624,0.06992792,0.03816182928532362,0.05150730515391074,True
1979-01-08 22:00:00,0.0,0.08031354,0.06068635,0.032912759520113466,0.04992512361918084,True
1979-01-08 23:00:00,0.0,0.073551096,0.05554932,0.030140017703175544,0.04833094629997827,True
1979-01-09 00:00:00,0.0,0.07282253,0.055385355,0.02986232404410839,0.047049215144742945,True
1979-01-09 01:00:00,0.0,0.06629677,0.04973404,0.02714914678037167,0.046142558962837525,True
1979-01-09 02:00:00,0.0,0.062791646,0.04681865,0.025698324367403984,0.045582337087285436,True
1979-01-09 03:00:00,0.0,0.05675277,0.041787118,0.02319827690720558,0.045322414471101684,True
1979-01-09 04:00:00,0.0,0.04938042,0.03604143,0.020167612865567206,0.045306601686668314,True
1979-01-09 05:00:00,0.0,0.043707266,0.031912055,0.01785123228281736,0.04549299281815506,True
1979-01-09 06:00:00,0.0,0.042570226,0.031033697,0.017384232971817255,0.04575002901981093,True
1979-01-09 07:00:00,2.1898072e-06,0.040257752,0.029347904,0.01644116080267713,0.04598275202911786,True
1979-01-09 08:00:00,0.005949533,0.037482806,0.027324963,0.01873958385596052,0.04628907084656792,True
1979-01-09 09:00:00,0.034218334,0.03429873,0.025003774,0.03375041338056326,0.046732889907722425,True
1979-01-09 10:00:00,0.06622995,0.027331365,0.01996004,0.04937779532559215,0.047429851819738494,True
1979-01-09 11:00:00,0.08885541,0.022423362,0.016346633,0.060426509408280246,0.048796182856096326,True
1979-01-09 12:00:00,0.094795026,0.021799259,0.015891658,0.06359880600497127,0.05034897284378211,True
1979-01-09 13:00:00,0.08300315,0.021273497,0.01550838,0.05658018973097205,0.05197910825533395,True
1979-01-09 14:00:00,0.05918992,0.019418549,0.014156122,0.04208245856314897,0.05367325629741798,True
1979-01-09 15:00:00,0.02799761,0.0173217,0.01262752,0.023228213971480727,0.05540035752592832,True
1979-01-09 16:00:00,0.0028854746,0.017708134,0.012909231,0.00889631871203892,0.05727293933413526,True
1979-01-09 17:00:00,0.0,0.023599176,0.017203799,0.009637100966647268,0.05933882358253731,True
1979-01-09 18:00:00,0.0,0.032762375,0.02388377,0.013379039816558361,0.061662891833137556,False
1979-01-09 19:00:00,0.0,0.04459585,0.032548435,0.018213483687490224,0.06402324220633863,False
1979-01-09 20:00:00,0.0,0.05389815,0.040563118,0.022078825056552887,0.06626638780723124,False
1979-01-09 21:00:00,0.0,0.063747026,0.049373966,0.02618884675204754,0.06839125840927272,False
1979-01-09 22:00:00,0.0,0.07352624,0.061198935,0.030435925371944905,0.0703683570600374,False
1979-01-09 23:00:00,0.0,0.08191221,0.068665706,0.033933554358780385,0.0721787299309185,False
1979-01-10 00:00:00,0.0,0.0893301,0.072229646,0.036863207615911955,0.0739936168017125,False
1979-01-10 01:00:00,0.0,0.09734886,0.07757156,0.04011059428006411,0.07580580359327405,False
1979-01-10 02:00:00,0.0,0.10680963,0.08512972,0.04400975887477398,0.07760881245790778,False
1979-01-10 03:00:00,0.0,0.11800993,0.09181738,0.048503803499042986,0.07936260706188887,False
1979-01-10 04:00:00,0.0,0.13105819,0.102491,0.05389498467743396,0.08108000044899791,False
1979-01-10 05:00:00,0.0,0.13484664,0.1102287,0.0557107610553503,0.0828559477189815,False
1979-01-10 06:00:00,0.0,0.13731974,0.11438907,0.05684799514710903,0.08461052552939191,False
1979-01-10 07:00:00,1.23897e-06,0.15085046,0.1256965,0.06245214534051581,0.08622573673797569,False
1979-01-10 08:00:00,0.00764721,0.17705166,0.1470795,0.07768679671827704,0.08769545321053712,False
1979-01-10 09:00:00,0.050718702,0.21831937,0.17981383,0.1195344862267375,0.08906203238544523,False
1979-01-10 10:00:00,0.10845121,0.26816064,0.21934247,0.1733721181377768,0.09054731141429241,False
1979-01-10 11:00:00,0.15676594,0.27924833,0.23136303,0.20599018231034277,0.09211309557321484,False
1979-01-10 12:00:00,0.17902488,0.27662835,0.23104389,0.21784958243370056,0.09406404659255567,False
1979-01-10 13:00:00,0.16610327,0.27888379,0.23378097,0.21137387767434118,0.0960996408936211,False
1979-01-10 14:00:00,0.11858184,0.28158024,0.23554671,0.18504435167461633,0.09813596864443119,False
1979-01-10 15:00:00,0.052504145,0.30961612,0.26070648,0.1586213893815875,0.09981668498253297,False
1979-01-10 16:00:00,0.004714021,0.34215707,0.28236106,0.14422344467928636,0.1010121976036144,False
1979-01-10 17:00:00,0.0,0.37538445,0.30525684,0.15500073158740996,0.10189975718620527,False
1979-01-10 18:00:00,0.0,0.37731692,0.30823982,0.15587489435076715,0.10269966590255326,False
1979-01-10 19:00:00,0.0,0.36053565,0.29785022,0.14912156733870507,0.10344342479472808,False
1979-01-10 20:00:00,0.0,0.34120205,0.28289244,0.14117974814772605,0.1041141773696506,False
1979-01-10 21:00:00,0.0,0.3216345,0.2662858,0.13306256452202797,0.10475567282843233,False
1979-01-10 22:00:00,0.0,0.2896843,0.23920652,0.11981065732240676,0.10536876663300038,False
1979-01-10 23:00:00,0.0,0.2840048,0.23068173,0.11725458750128745,0.10601259983950123,False
1979-01-11 00:00:00,0.0,0.28285536,0.23099373,0.11684729003906251,0.10661866206968963,False
1979-01-11 01:00:00,0.0,0.2753796,0.22367594,0.11369357228279114,0.10718859396376477,False
1979-01-11 02:00:00,0.0,0.26668158,0.21249929,0.10988046535849572,0.10764055254603566,False
1979-01-11 03:00:00,0.0,0.2566088,0.20267606,0.10563315948843957,0.1079924109383935,False
1979-01-11 04:00:00,0.0,0.2563354,0.20046882,0.10541308182477951,0.10824876832463609,False
1979-01-11 05:00:00,0.0,0.24807496,0.19502418,0.10207096718251706,0.10841476990808563,False
1979-01-11 06:00:00,0.0,0.23047075,0.1827901,0.09491437098383904,0.10849963395078498,False
1979-01-11 07:00:00,2.7660724e-06,0.21112923,0.1681346,0.08698755148562555,0.10853210619804281,False
1979-01-11 08:00:00,0.008258196,0.19302467,0.15452415,0.08433538425154984,0.10843223327746186,False
1979-01-11 09:00:00,0.050839204,0.18359827,0.14744122,0.10504380676522851,0.10812980362571735,False
1979-01-11 10:00:00,0.09943197,0.1625859,0.13275911,0.12453543495386839,0.10750636978176381,False
1979-01-11 11:00:00,0.1385766,0.17961088,0.14513052,0.1540721583366394,0.1062613061335151,False
1979-01-11 12:00:00,0.14691578,0.18565147,0.14873217,0.1613073324561119,0.10516064189631141,False
1979-01-11 13:00:00,0.13914753,0.17951496,0.14434767,0.15432392176985738,0.10422159435918825,False
1979-01-11 14:00:00,0.09947765,0.15851107,0.12717877,0.12275684279203414,0.10345231418288893,False
1979-01-11 15:00:00,0.047874086,0.12852055,0.10306278,0.08061281978338956,0.10292009229795657,False
1979-01-11 16:00:00,0.006744838,0.115353785,0.093367785,0.05149917867640033,0.1020984753437864,False
1979-01-11 17:00:00,0.0,0.11629694,0.09479905,0.04803271935135126,0.10080325654689996,False
1979-01-11 18:00:00,0.0,0.11876781,0.09729896,0.049079466640949254,0.09912940506786977,False
1979-01-11 19:00:00,0.0,0.122100525,0.09915766,0.05040960728377104,0.09742435640805337,False
1979-01-11 20:00:00,0.0,0.1284203,0.101546645,0.05287060707807541,0.09586236101631944,False
1979-01-11 21:00:00,0.0,0.13539945,0.10472137,0.055617349371314045,0.09450210185685132,False
1979-01-11 22:00:00,0.0,0.14887707,0.11859779,0.06133991928398609,0.09333722460606071,False
1979-01-11 23:00:00,0.0,0.15294401,0.12200371,0.06302454140782357,0.09234965959061804,False
1979-01-12 00:00:00,0.0,0.15622133,0.1217457,0.06421993853151799,0.09128265473303321,False
1979-01-12 01:00:00,0.0,0.15052463,0.115944766,0.06180460622906685,0.09014115923699857,False
1979-01-12 02:00:00,0.0,0.14826839,0.11459124,0.06089896170794964,0.08903751096744957,False
1979-01-12 03:00:00,0.0,0.14790791,0.115387745,0.0608089580386877,0.08808712350633863,False
1979-01-12 04:00:00,0.0,0.15041572,0.11777149,0.061863060683012006,0.0872793153390375,False
1979-01-12 05:00:00,0.0,0.14535032,0.11388826,0.05978423510491848,0.08654027264342579,False
1979-01-12 06:00:00,0.0,0.14189841,0.111965746,0.05840666301548481,0.08586982891579094,False
1979-01-12 07:00:00,6.1372234e-06,0.14012723,0.110143654,0.05765824515263057,0.08530551684332016,False
1979-01-12 08:00:00,0.007937072,0.14252846,0.11106447,0.06317017343454064,0.08491433249094582,False
1979-01-12 09:00:00,0.048772056,0.14957464,0.11620638,0.08960966171696781,0.08471972151473922,False
1979-01-12 10:00:00,0.099284016,0.13695236,0.10716235,0.11360906302183867,0.08471688230848697,False
1979-01-12 11:00:00,0.14648849,0.1669728,0.13002737,0.15315829892456528,0.08508622033398112,False
1979-01-12 12:00:00,0.16231577,0.19249357,0.14979579,0.1727753006517887,0.08559805566849323,False
1979-01-12 13:00:00,0.15059985,0.21292698,0.1663381,0.17444842921197415,0.08619060962958397,False
1979-01-12 14:00:00,0.10933016,0.23444118,0.1834334,0.15949770119786263,0.08675425286312412,False
1979-01-12 15:00:00,0.054939814,0.21251151,0.16790289,0.11918377558141947,0.08738105281039588,False
1979-01-12 16:00:00,0.007365186,0.1887485,0.15101919,0.08205294242873788,0.08784538344263547,False
1979-01-12 17:00:00,5.762651e-08,0.18105298,0.14531994,0.07465586059396107,0.08808128856615106,False
1979-01-12 18:00:00,0.0,0.17948866,0.14446747,0.0740325586795807,0.08829385763760145,False
1979-01-12 19:00:00,0.0,0.17964377,0.14550443,0.07414578853547574,0.08851559270247306,False
1979-01-12 20:00:00,0.0,0.1837904,0.14941946,0.07588730849325656,0.08873202747506509,False
1979-01-12 21:00:00,0.0,0.1866987,0.15290064,0.07714845648407936,0.08890290690706532,False
1979-01-12 22:00:00,0.0,0.1754945,0.14166784,0.07240753658115863,0.08899719401942054,False
1979-01-12 23:00:00,0.0,0.16072641,0.12463533,0.06603835433721543,0.08895761386518786,False
1979-01-13 00:00:00,0.0,0.15114617,0.116343856,0.062055506229400634,0.08886321443533013,False
1979-01-13 01:00:00,0.0,0.14777526,0.11461821,0.06071845534443855,0.08873475157683203,False
1979-01-13 02:00:00,0.0,0.15602225,0.12388253,0.06426186722517013,0.08863113875062624,False
1979-01-13 03:00:00,0.0,0.16187374,0.13198067,0.06685836745798587,0.08850449376766989,False
1979-01-13 04:00:00,0.0,0.16907635,0.13981219,0.06993903243541717,0.08832220947397361,False
1979-01-13 05:00:00,0.0,0.16873693,0.1412174,0.06988966825604438,0.08806605184385041,False
1979-01-13 06:00:00,0.0,0.16362843,0.1379352,0.06782739150524139,0.08780462922322983,False
1979-01-13 07:00:00,6.5406084e-06,0.16448626,0.13910183,0.06821070257165683,0.08753608042168849,False
1979-01-13 08:00:00,0.008465997,0.16930778,0.14138158,0.07499405739363284,0.08727259672534225,False
1979-01-13 09:00:00,0.057203617,0.1737776,0.14402047,0.10490752486512066,0.08701754406989202,False
1979-01-13 10:00:00,0.111203566,0.18880647,0.15610395,0.14226366017758846,0.08692919581649476,False
1979-01-13 11:00:00,0.16604951,0.20050631,0.16375661,0.17864025439321993,0.0872874450477364,False
1979-01-13 12:00:00,0.18531866,0.20052385,0.16347688,0.18974992258846762,0.08754498997845028,False
1979-01-13 13:00:00,0.16977799,0.20189844,0.16511801,0.18137879697978496,0.0875436433111531,False
1979-01-13 14:00:00,0.1263548,0.19348867,0.15813336,0.15284324026107787,0.0872957892075084,False
1979-01-13 15:00:00,0.06441013,0.15889461,0.13155434,0.10290069013088941,0.0865931491881512,False
1979-01-13 16:00:00,0.009063613,0.1390427,0.116410404,0.06282262460514904,0.08583463124839862,False
1979-01-13 17:00:00,2.8813255e-07,0.14060925,0.11761214,0.0582360347809691,0.08508151556068527,False
1979-01-13 18:00:00,0.0,0.14420867,0.12055094,0.05972274975478649,0.08431650667342362,False
1979-01-13 19:00:00,0.0,0.14675453,0.12307507,0.06079847636818886,0.08346114149860112,False
1979-01-13 20:00:00,0.0,0.14739896,0.12375189,0.06107281981408596,0.08254786256824626,False
1979-01-13 21:00:00,0.0,0.14511058,0.122172736,0.0601431307643652,0.08157218217507942,False
1979-01-13 22:00:00,0.0,0.14332822,0.12133257,0.05944007188081741,0.08057303498157306,False
1979-01-13 23:00:00,0.0,0.14105766,0.119316556,0.05849336877465248,0.07961894260191364,False
1979-01-14 00:00:00,0.0,0.13987099,0.11928384,0.05805372132360935,0.07874144684880047,False
1979-01-14 01:00:00,0.0,0.13686833,0.11716255,0.056831190571188926,0.07798210890226072,False
1979-01-14 02:00:00,0.0,0.13209797,0.11251574,0.054820002526044846,0.07728513981083414,False
1979-01-14 03:00:00,0.0,0.12548855,0.106556244,0.05205931194126606,0.07656821488456807,False
1979-01-14 04:00:00,0.0,0.119405344,0.101980045,0.0495674944370985,0.07584267264379195,False
1979-01-14 05:00:00,0.0,0.11371928,0.097658075,0.04723594931513071,0.07509343202466151,False
1979-01-14 06:00:00,0.0,0.109549895,0.094303876,0.045516320541501044,0.07435582095531752,False
1979-01-14 07:00:00,5.906717e-06,0.10826222,0.09368261,0.04501102772801096,0.07362966902887455,False
1979-01-14 08:00:00,0.008948042,0.11009466,0.095179565,0.0509276459729299,0.07285731490775851,False
1979-01-14 09:00:00,0.06039647,0.12173531,0.103700966,0.08536894555389882,0.07204401418872008,False
1979-01-14 10:00:00,0.12337955,0.1440775,0.1194524,0.13080502612143755,0.07125790564229544,False
1979-01-14 11:00:00,0.17409636,0.15748607,0.12878698,0.16552045559883116,0.07043867939410563,False
1979-01-14 12:00:00,0.19098416,0.15132767,0.123572044,0.17271066062152385,0.06942088697581693,False
1979-01-14 13:00:00,0.17893416,0.14355421,0.11731333,0.16255143223702906,0.06836467699965293,False
1979-01-14 14:00:00,0.13034706,0.12235333,0.10022868,0.1257709802687168,0.0672893179407761,False
1979-01-14 15:00:00,0.06732372,0.10636737,0.08665864,0.0827749144732952,0.06628805891900465,False
1979-01-14 16:00:00,0.010363551,0.09704491,0.076186106,0.04590338941849768,0.06555690736489202,False
1979-01-14 17:00:00,9.220242e-07,0.0927442,0.06874614,0.03793543400540176,0.06503576279705842,False
1979-01-14 18:00:00,0.0,0.08073986,0.05892631,0.03297503028810024,0.06449996671776902,False
1979-01-14 19:00:00,0.0,0.07421031,0.05416289,0.030308399878442287,0.06395501145345774,False
1979-01-14 20:00:00,0.0,0.07114855,0.051867295,0.029054649621248242,0.06336542848076356,False
1979-01-14 21:00:00,0.0,0.07147156,0.05215531,0.02918939119577408,0.0627300451337142,False
1979-01-14 22:00:00,0.0,0.06515639,0.04756284,0.02661110235750675,0.06209553408154902,False
1979-01-14 23:00:00,0.0,0.0585377,0.04292865,0.023918558187782765,0.06140852259469834,False
1979-01-15 00:00:00,0.0,0.062496785,0.047147613,0.025607284795492888,0.060736510015071,False
1979-01-15 01:00:00,0.0,0.06638403,0.051263537,0.027263938955962658,0.060056345946599365,False
1979-01-15 02:00:00,0.0,0.072421476,0.05788789,0.02984947076439857,0.05936351633488816,True
1979-01-15 03:00:00,0.0,0.07747316,0.06379153,0.03203233990073204,0.058655094100606264,True
1979-01-15 04:00:00,0.0,0.08210705,0.06811075,0.03397548271715641,0.05798704578748589,True
1979-01-15 05:00:00,0.0,0.08332062,0.06924128,0.03448433692753315,0.057365290817782855,True
1979-01-15 06:00:00,0.0,0.07965326,0.06629713,0.032972099035978315,0.056809652209492974,True
1979-01-15 07:00:00,7.0592478e-06,0.07522036,0.06254293,0.031137704758087238,0.05632417234846076,True
1979-01-15 08:00:00,0.009973219,0.072836,0.061566535,0.03595562287978828,0.05581832869222216,True
1979-01-15 09:00:00,0.061282363,0.07674875,0.064705595,0.0671743146367371,0.05523555133531863,True
1979-01-15 10:00:00,0.12121031,0.07974014,0.066265605,0.10294080026447773,0.054470285979811094,True
1979-01-15 11:00:00,0.16146898,0.08855456,0.07299967,0.1297862183153629,0.053392182592160366,True
1979-01-15 12:00:00,0.17455557,0.09278785,0.07582527,0.13905184373259544,0.05206634078641794,True
1979-01-15 13:00:00,0.1620402,0.08790167,0.07090092,0.129761562153697,0.05084558153891066,True
1979-01-15 14:00:00,0.12151076,0.0839642,0.068302035,0.10478280721604823,0.04969145283251752,True
1979-01-15 15:00:00,0.063175045,0.075702146,0.06332079,0.06780541553348303,0.04877815758608964,True
1979-01-15 16:00:00,0.0111388005,0.07575497,0.06346321,0.03780768534913659,0.048159454338343184,True
1979-01-15 17:00:00,2.016928e-06,0.078624494,0.06489298,0.03251782297507794,0.047765693434236096,True
1979-01-15 18:00:00,0.0,0.08119077,0.06676856,0.033564897067844865,0.0474382291015279,True
1979-01-15 19:00:00,0.0,0.078691,0.064102136,0.03249849367886781,0.04721117049786677,True
1979-01-15 20:00:00,0.0,0.07403277,0.06030236,0.030574419155716896,0.04704396608337244,True
1979-01-15 21:00:00,0.0,0.071975015,0.057922587,0.029686600260436534,0.046878836143114104,True
1979-01-15 22:00:00,0.0,0.06430261,0.050664037,0.026463520511984827,0.046655635209804834,True
1979-01-15 23:00:00,0.0,0.063883625,0.049327914,0.026236764952540396,0.046423536758454946,True
1979-01-16 00:00:00,0.0,0.061910532,0.047423325,0.025405846036970617,0.046205218063019644,True
1979-01-16 01:00:00,0.0,0.057382196,0.044469237,0.02357536920905113,0.04589112547673701,True
1979-01-16 02:00:00,0.0,0.050652213,0.03935312,0.020815735280513763,0.045477138920505034,True
1979-01-16 03:00:00,0.0,0.048606705,0.038094793,0.019992992911487817,0.044986607488819365,True
1979-01-16 04:00:00,0.0,0.048097465,0.036579467,0.019723255891352893,0.04447622408298027,True
1979-01-16 05:00:00,0.0,0.050132733,0.038265143,0.020565296117216348,0.043948400520362856,True
1979-01-16 06:00:00,0.0,0.054147772,0.041347392,0.022213287211954594,0.04343356847005613,True
1979-01-16 07:00:00,8.471096e-06,0.050555054,0.038348693,0.02073053222855833,0.04297856344770823,True
1979-01-16 08:00:00,0.009042693,0.043245055,0.03294951,0.022954332841560243,0.04259714175479392,True
1979-01-16 09:00:00,0.054640476,0.0416726,0.03206417,0.04863620848953724,0.04229084288614086,True
1979-01-16 10:00:00,0.10925445,0.038914446,0.03068177,0.07905606351420284,0.04195056298776745,True
1979-01-16 11:00:00,0.14756358,0.04068739,0.031892933,0.10188004892319441,0.041601655862041724,True
1979-01-16 12:00:00,0.16356575,0.048025902,0.037318856,0.11411421674117445,0.04127333366054015,True
1979-01-16 13:00:00,0.15089929,0.048861466,0.03804597,0.10715325433015824,0.04113905564996319,True
1979-01-16 14:00:00,0.107482836,0.04847279,0.037569508,0.08193280844017864,0.04106167308114995,True
1979-01-16 15:00:00,0.05727155,0.04873447,0.037934326,0.053077158581465486,0.04093376331789945,True
1979-01-16 16:00:00,0.01075423,0.050542776,0.039766498,0.027002866021357475,0.040870055790039696,True
1979-01-16 17:00:00,4.1491085e-06,0.053963225,0.04263559,0.022217146035408402,0.04081940799093944,True
1979-01-16 18:00:00,0.0,0.05362649,0.042371165,0.02207621731236577,0.04084723271530809,True
1979-01-16 19:00:00,0.0,0.054191805,0.042329848,0.022282587982714177,0.04094504575905146,True
1979-01-16 20:00:00,0.0,0.051491704,0.03940692,0.02112841248884797,0.04109653780850338,True
1979-01-16 21:00:00,0.0,0.04518531,0.033377174,0.018475746396929026,0.04129913517095836,True
1979-01-16 22:00:00,0.0,0.037883606,0.02761715,0.015470376692712307,0.04152039426806139,True
1979-01-16 23:00:00,0.0,0.03289382,0.024100753,0.013439260806888342,0.041815227663225846,True
1979-01-17 00:00:00,0.0,0.025781117,0.018844599,0.010530840653926133,0.042092198944731964,True
1979-01-17 01:00:00,0.0,0.01810284,0.013196971,0.0073925842568278305,0.04237072916243912,True
1979-01-17 02:00:00,0.0,0.01543704,0.011253601,0.006303962043486535,0.04264747749509976,True
1979-01-17 03:00:00,0.0,0.01844898,0.0134493075,0.0075339364204555755,0.04296509887938143,True
1979-01-17 04:00:00,0.0,0.021157373,0.015423725,0.008639951711520552,0.04326197232989349,True
1979-01-17 05:00:00,0.0,0.02393049,0.017445328,0.00977239851281047,0.0435758117526652,True
1979-01-17 06:00:00,0.0,0.027259512,0.019872187,0.01113185796327889,0.04390473440740012,True
1979-01-17 07:00:00,1.4377815e-05,0.031396266,0.022887876,0.01282946349820031,0.04420654254903772,True
1979-01-17 08:00:00,0.010940449,0.036575284,0.026747374,0.021253277184441685,0.04454117881518943,True
1979-01-17 09:00:00,0.059561145,0.040326267,0.029513082,0.05084087951481342,0.04504830221242581,True
1979-01-17 10:00:00,0.118288875,0.043891136,0.032310158,0.0861932582296431,0.0458597827948071,True
1979-01-17 11:00:00,0.1713071,0.037176196,0.027121088,0.11402675264328717,0.047016274775927874,True
1979-01-17 12:00:00,0.20254067,0.038545165,0.028099427,0.1326064992249012,0.0484292845906907,True
1979-01-17 13:00:00,0.18556888,0.046463106,0.033871606,0.1260471988506615,0.04990515840473273,True
1979-01-17 14:00:00,0.13398169,0.052215867,0.0382972,0.09864313858002423,0.05137012840637315,True
1979-01-17 15:00:00,0.07072132,0.058470264,0.043809716,0.06474745419621468,0.05272325265586686,True
1979-01-17 16:00:00,0.012848924,0.068345785,0.050799392,0.035376590992324056,0.0537332546984218,True
1979-01-17 17:00:00,7.43382e-06,0.08223545,0.064893335,0.033853409744773216,0.05453557801856504,True
1979-01-17 18:00:00,0.0,0.09199142,0.07990908,0.03825992316752672,0.05542200501665868,True
1979-01-17 19:00:00,0.0,0.095403865,0.084557146,0.039770112052559856,0.056452843199087534,True
1979-01-17 20:00:00,0.0,0.096634544,0.08594344,0.04029909255355597,0.057593697179178005,True
1979-01-17 21:00:00,0.0,0.09662096,0.08618337,0.040307036921381954,0.05881153704349348,True
1979-01-17 22:00:00,0.0,0.09739686,0.08659413,0.0406155234798789,0.060135415423264955,False
1979-01-17 23:00:00,0.0,0.0948261,0.08408435,0.039531386464834214,0.06161197175278724,False
1979-01-18 00:00:00,0.0,0.09294895,0.08290988,0.038775296486914156,0.06315569037182651,False
1979-01-18 01:00:00,0.0,0.08842335,0.07835321,0.0368592891767621,0.06482041750017017,False
1979-01-18 02:00:00,0.0,0.08652758,0.07653491,0.03606156172603369,0.06660394132749572,False
1979-01-18 03:00:00,0.0,0.08199327,0.0738408,0.03424291853606701,0.06847865094501687,False
1979-01-18 04:00:00,0.0,0.08333033,0.07478991,0.034787548184394834,0.07030600849342229,False
1979-01-18 05:00:00,0.0,0.087210864,0.07727361,0.036353583544492724,0.07210043503973795,False
1979-01-18 06:00:00,0.0,0.08810218,0.07759953,0.03670007801055908,0.07388825090649699,False
1979-01-18 07:00:00,2.3079416e-05,0.088273875,0.07790178,0.03679307300384062,0.07566010580690273,False
1979-01-18 08:00:00,0.015727341,0.091895096,0.079857215,0.04729625590890646,0.07740919342524098,False
1979-01-18 09:00:00,0.081557155,0.09760396,0.083572894,0.08758727644383907,0.07919200754339843,False
1979-01-18 10:00:00,0.15397765,0.11024455,0.093376614,0.13456767860800026,0.08113489133185123,False
1979-01-18 11:00:00,0.20857236,0.11911774,0.10007083,0.1697045200318098,0.08328161477914116,False
1979-01-18 12:00:00,0.22943403,0.12695588,0.10603713,0.1849561598151922,0.08543348729031817,False
1979-01-18 13:00:00,0.21359006,0.13100219,0.10908417,0.17747181440889834,0.08738379168521648,False
1979-01-18 14:00:00,0.15953821,0.13239387,0.110664606,0.14688277241587638,0.08911566651553882,False
1979-01-18 15:00:00,0.08253579,0.13013688,0.10951109,0.10155725662410259,0.09075633192702232,False
1979-01-18 16:00:00,0.013689638,0.13904943,0.116781965,0.06551438538823276,0.09209714512297608,False
1979-01-18 17:00:00,5.5897713e-06,0.15644799,0.13024274,0.06476564194390312,0.09324051896748091,False
1979-01-18 18:00:00,0.0,0.17296872,0.14316656,0.07155645006895064,0.09428710406520825,False
1979-01-18 19:00:00,0.0,0.18606268,0.15530464,0.07704357902705669,0.09528515175558117,False
1979-01-18 20:00:00,0.0,0.19208705,0.16119635,0.0795847259759903,0.09624018612704661,False
1979-01-18 21:00:00,0.0,0.19794883,0.1662739,0.08202190862596036,0.09712945433860136,False
1979-01-18 22:00:00,0.0,0.20826729,0.17582318,0.08634508050978183,0.09792116697472943,False
1979-01-18 23:00:00,0.0,0.21123375,0.1776389,0.08753775452077389,0.09861681555319068,False
1979-01-19 00:00:00,0.0,0.21803056,0.18489754,0.09043774281442166,0.09934600591115145,False
1979-01-19 01:00:00,0.0,0.2240743,0.19107981,0.09300172796845436,0.1000859097369523,False
1979-01-19 02:00:00,0.0,0.23193052,0.19829,0.09629002368450164,0.10085777338515457,False
1979-01-19 03:00:00,0.0,0.2293658,0.19650222,0.09524709874391556,0.10166039495789868,False
1979-01-19 04:00:00,0.0,0.22821824,0.1955536,0.09477242593467236,0.10249326463290913,False
1979-01-19 05:00:00,0.0,0.2300893,0.19786307,0.09558756011724473,0.10330628166129303,False
1979-01-19 06:00:00,0.0,0.23147202,0.19940221,0.09618089318275451,0.10410529239257289,False
1979-01-19 07:00:00,3.0686115e-05,0.23297134,0.2000285,0.09678566917843637,0.10487753167995674,False
1979-01-19 08:00:00,0.016833222,0.23375861,0.20108625,0.10682835485599934,0.10562648932609496,False
1979-01-19 09:00:00,0.08306313,0.23154722,0.19872127,0.14409930136054755,0.10633345736843476,False
1979-01-19 10:00:00,0.15638137,0.23856539,0.20320939,0.18923598369956016,0.10687440722902249,False
1979-01-19 11:00:00,0.21279071,0.22754258,0.19579963,0.2173166331797838,0.10720886395174023,False
1979-01-19 12:00:00,0.23340937,0.22028644,0.18996672,0.2262211101800203,0.10730222818675395,False
1979-01-19 13:00:00,0.21607226,0.20319735,0.17636436,0.20917719070613383,0.10721349186901258,False
1979-01-19 14:00:00,0.16440764,0.19845018,0.17229174,0.17739507833123208,0.10698728579143939,False
1979-01-19 15:00:00,0.08584215,0.19120376,0.16706263,0.12910648760199545,0.10677524203652772,False
1979-01-19 16:00:00,0.016108626,0.1945152,0.17014351,0.0902585355285555,0.1066965427189998,False
1979-01-19 17:00:00,1.3715109e-05,0.20209637,0.17607443,0.084089494435686,0.1067597723152809,False
1979-01-19 18:00:00,0.0,0.20718239,0.17992425,0.08616621230542659,0.10669840207908493,False
1979-01-19 19:00:00,0.0,0.20583798,0.17884347,0.08561176188290119,0.10646518581573111,False
1979-01-19 20:00:00,0.0,0.19950011,0.17348935,0.0829839667081833,0.10610519549090607,False
1979-01-19 21:00:00,0.0,0.18815507,0.16444486,0.07830924345552921,0.10566682113360804,False
1979-01-19 22:00:00,0.0,0.17779821,0.15553917,0.07400665524601936,0.1051535438348372,False
1979-01-19 23:00:00,0.0,0.17895715,0.15735807,0.07453252364695072,0.10452172738153677,False
1979-01-20 00:00:00,0.0,0.178315,0.15726751,0.07429068012535572,0.10386286718703996,False
1979-01-20 01:00:00,0.0,0.17729543,0.15716167,0.07390874429047108,0.10311294813666683,False
1979-01-20 02:00:00,0.0,0.1789639,0.15832812,0.07458739721775055,0.1022768302674238,False
1979-01-20 03:00:00,0.0,0.17817761,0.15690972,0.07422066293656826,0.10133163773946656,False
1979-01-20 04:00:00,0.0,0.17731602,0.15523615,0.07381236554682255,0.10038959184920608,False
1979-01-20 05:00:00,0.0,0.17954665,0.15654413,0.07470609864592553,0.09943827356796904,False
1979-01-20 06:00:00,0.0,0.17728327,0.1546303,0.0737675638049841,0.09846725337187022,False
1979-01-20 07:00:00,3.567081e-05,0.17465769,0.15321799,0.07274304001847484,0.09746492152733921,False
1979-01-20 08:00:00,0.015823087,0.1730282,0.15284064,0.08123072194121778,0.09645188052275201,False
1979-01-20 09:00:00,0.070733055,0.17442119,0.15515698,0.11355286975204945,0.09532913018695217,False
1979-01-20 10:00:00,0.12644602,0.18630272,0.16512114,0.15062160129845142,0.09388906487032911,False
1979-01-20 11:00:00,0.16501467,0.18945083,0.16787376,0.17418600331246853,0.09218763797918474,False
1979-01-20 12:00:00,0.18019065,0.18404153,0.16324973,0.18069681656360626,0.09032507426448927,False
1979-01-20 13:00:00,0.16214116,0.17507218,0.15660815,0.16661392268538472,0.08860286149105197,False
1979-01-20 14:00:00,0.11981589,0.16172571,0.14618728,0.1367046721801162,0.08698683532934776,False
1979-01-20 15:00:00,0.060089465,0.15084584,0.13788801,0.09777968938276171,0.08549816763682432,False
1979-01-20 16:00:00,0.01086058,0.14883065,0.13637668,0.06854940600972623,0.08431251331544931,False
1979-01-20 17:00:00,1.9593013e-05,0.14770502,0.13528544,0.061819870606495894,0.08328358648810598,False
1979-01-20 18:00:00,0.0,0.14420381,0.13242339,0.060362069427967076,0.08222878774534848,False
1979-01-20 19:00:00,0.0,0.14265107,0.13195926,0.05976404343545437,0.08113118291739312,False
1979-01-20 20:00:00,0.0,0.13963234,0.12997077,0.05854275682568551,0.08005645474791463,False
1979-01-20 21:00:00,0.0,0.13682392,0.12771428,0.057384598284959794,0.07901347240665864,False
1979-01-20 22:00:00,0.0,0.13359821,0.12444726,0.05601789075136185,0.07800562942167681,False
1979-01-20 23:00:00,0.0,0.13338205,0.123972,0.055912465184926985,0.0770102165183046,False
1979-01-21 00:00:00,0.0,0.12997796,0.1199956,0.05444162839651107,0.07592379151051801,False
1979-01-21 01:00:00,0.0,0.12623239,0.11645037,0.05286807024478912,0.07479329331451963,False
1979-01-21 02:00:00,0.0,0.1216068,0.11199767,0.050920782342553136,0.07362831483478595,False
1979-01-21 03:00:00,0.0,0.119509555,0.10981241,0.050028896011412145,0.07243007917539153,False
1979-01-21 04:00:00,0.0,0.117303796,0.107852735,0.049109148435294625,0.07125183789152588,False
1979-01-21 05:00:00,0.0,0.11695667,0.107807,0.048978590704500675,0.07002867161692057,False
1979-01-21 06:00:00,0.0,0.11501989,0.10419678,0.04806896464526653,0.06873153239360481,False
1979-01-21 07:00:00,2.6508194e-05,0.115253605,0.10399677,0.04815970095825105,0.06740644084056775,False
1979-01-21 08:00:00,0.011450388,0.110835396,0.10057785,0.052936338737607,0.06608257300463626,False
1979-01-21 09:00:00,0.053009015,0.10634302,0.09535906,0.07497616616263986,0.06477809868957347,False
1979-01-21 10:00:00,0.10459039,0.11295153,0.10258742,0.10756749292463064,0.06351824927518886,False
1979-01-21 11:00:00,0.1429225,0.108631045,0.099304326,0.12791357487440108,0.062304203804259155,False
1979-01-21 12:00:00,0.17499334,0.101980045,0.09172417,0.14355489705502986,0.06119230611997467,False
1979-01-21 13:00:00,0.15927792,0.09516605,0.08496861,0.13160793494433162,0.060292951403211774,False
1979-01-21 14:00:00,0.119335845,0.08894735,0.07890139,0.10593902909010647,0.05946309188907311,True
1979-01-21 15:00:00,0.065033674,0.08334391,0.07253237,0.07219508017599582,0.05861796950757159,True
1979-01-21 16:00:00,0.013591961,0.079696275,0.0670289,0.04087004781607539,0.05769720240296917,True
1979-01-21 17:00:00,3.1809832e-05,0.08089165,0.0665145,0.03345915478332608,0.05662171136134503,True
1979-01-21 18:00:00,0.0,0.0812355,0.064912625,0.033481180563569066,0.0555116804215959,True
1979-01-21 19:00:00,0.0,0.08257228,0.06584515,0.03402480974793434,0.05444617122732053,True
1979-01-21 20:00:00,0.0,0.07994052,0.06338449,0.03292081432789564,0.0534485270889145,True
1979-01-21 21:00:00,0.0,0.07289452,0.056198183,0.029932780176401136,0.05252771343878886,True
1979-01-21 22:00:00,0.0,0.063913345,0.048940953,0.026226835884153844,0.05166373358975581,True
1979-01-21 23:00:00,0.0,0.054604784,0.041388113,0.022384123273193834,0.05080522756424217,True
1979-01-22 00:00:00,0.0,0.048925743,0.036540143,0.02002676671743393,0.04989348331495604,True
1979-01-22 01:00:00,0.0,0.04402015,0.032339666,0.017989777263253928,0.049003314692819926,True
1979-01-22 02:00:00,0.0,0.041805845,0.03047646,0.017072085566818714,0.048172798994988636,True
1979-01-22 03:00:00,0.0,0.043257963,0.031535055,0.017665081311017274,0.04747292200970879,True
1979-01-22 04:00:00,0.0,0.036977574,0.026956657,0.01510038436576724,0.04689740088448344,True
1979-01-22 05:00:00,0.0,0.030471234,0.022213532,0.012443415926769376,0.04641251788550472,True
1979-01-22 06:00:00,0.0,0.024887403,0.018142914,0.01016316925920546,0.04599124518531791,True
1979-01-22 07:00:00,5.4082477e-05,0.022445988,0.016363125,0.009197383893762888,0.04564949950744814,True
1979-01-22 08:00:00,0.016584737,0.022153072,0.01614959,0.018615954818204043,0.0453706393429897,True
1979-01-22 09:00:00,0.07708139,0.021069668,0.015359785,0.053080097861588,0.045197675591509716,True
1979-01-22 10:00:00,0.14228,0.025104588,0.018301245,0.0923474186938256,0.04504975186724953,True
1979-01-22 11:00:00,0.19157207,0.025168182,0.018347606,0.1208149144668132,0.04473166166294482,True
1979-01-22 12:00:00,0.21859112,0.027917877,0.020352133,0.13752779015898706,0.04436820725710558,True
1979-01-22 13:00:00,0.19847888,0.030012375,0.021921989,0.126780666006729,0.043705229566607544,True
1979-01-22 14:00:00,0.14773759,0.026677556,0.01944794,0.09613879786804316,0.043118710858767145,True
1979-01-22 15:00:00,0.07763036,0.021525173,0.015691852,0.05358286836184561,0.0427079907384278,True
1979-01-22 16:00:00,0.015789028,0.019138632,0.013952062,0.01692583601176739,0.04269620792189418,True
1979-01-22 17:00:00,2.7199709e-05,0.020870227,0.015214396,0.008538385498537537,0.043105600736589395,True
1979-01-22 18:00:00,0.0,0.022571977,0.016454972,0.009217628102749585,0.04368949504361456,True
1979-01-22 19:00:00,0.0,0.02908451,0.021202609,0.011877124791964889,0.044297724692867746,True
1979-01-22 20:00:00,0.0,0.035124622,0.025605852,0.014343701619654894,0.044876071552531475,True
1979-01-22 21:00:00,0.0,0.03896888,0.028408313,0.015913565531373023,0.04547543562228759,True
1979-01-22 22:00:00,0.0,0.03626551,0.026437555,0.01480960152670741,0.04613035589481671,True
1979-01-22 23:00:00,0.0,0.02974964,0.021687487,0.012148741219192743,0.04663509962406908,True
1979-01-23 00:00:00,0.0,0.028683912,0.020910574,0.011713534533977507,0.04724967970631053,True
1979-01-23 01:00:00,0.0,0.03184231,0.023213044,0.0130033167488873,0.04793035765110482,True
1979-01-23 02:00:00,0.0,0.04241338,0.031039812,0.017326687049120663,0.04865484392924202,True
1979-01-23 03:00:00,0.0,0.054405022,0.04311905,0.02240388200059533,0.04933851820744542,True
1979-01-23 04:00:00,0.0,0.06228025,0.052839864,0.02583476448431611,0.049987178945233725,True
1979-01-23 05:00:00,0.0,0.06916415,0.05992463,0.02875750109553337,0.05070251173108784,True
1979-01-23 06:00:00,0.0,0.07633253,0.06478644,0.03166517210751772,0.05151799158020379,True
1979-01-23 07:00:00,6.523322e-05,0.08397841,0.069421135,0.03477441306424589,0.05247687714665165,True
1979-01-23 08:00:00,0.013297692,0.08955063,0.07253941,0.0446340786665678,0.05356360118940435,True
1979-01-23 09:00:00,0.05278704,0.09098952,0.07115874,0.06787582739815115,0.054673119715603936,True
1979-01-23 10:00:00,0.0918317,0.095830634,0.073162384,0.09229916311800479,0.05560575007937812,True
1979-01-23 11:00:00,0.12010101,0.100563936,0.07521087,0.11046776339411736,0.05647686190747464,True
1979-01-23 12:00:00,0.122173436,0.10078361,0.074976735,0.11173196791112422,0.057214420760627466,True
1979-01-23 13:00:00,0.10672957,0.10233091,0.07614762,0.10345503696799277,0.05777543947189389,True
1979-01-23 14:00:00,0.072079204,0.10892794,0.082228735,0.08622446331381796,0.058381055095228,True
1979-01-23 15:00:00,0.036401857,0.12274861,0.09872954,0.07162950498238205,0.058938634551978925,True
1979-01-23 16:00:00,0.0076208757,0.13553584,0.113165446,0.060520902921445664,0.05958324914071983,True
1979-01-23 17:00:00,2.725734e-05,0.1480862,0.12641749,0.06148608152053384,0.06022879735422595,False
1979-01-23 18:00:00,0.0,0.15109414,0.12819383,0.06267620372772217,0.06075531656022279,False
1979-01-23 19:00:00,0.0,0.1490452,0.12569964,0.06178545901179314,0.06125157360343358,False
1979-01-23 20:00:00,0.0,0.14894353,0.12463199,0.06169028967618942,0.06173070751335102,False
1979-01-23 21:00:00,0.0,0.1484125,0.12231004,0.06136895325779915,0.06225706531335229,False
1979-01-23 22:00:00,0.0,0.12230544,0.09858941,0.05045453488826752,0.06283419320121968,False
1979-01-23 23:00:00,0.0,0.12593342,0.100269146,0.051883967220783235,0.06352322210669147,False
1979-01-24 00:00:00,0.0,0.12792002,0.101793,0.052699308067560194,0.06428322097188423,False
1979-01-24 01:00:00,0.0,0.1283649,0.09997164,0.052765118613839146,0.0650805051386785,False
1979-01-24 02:00:00,0.0,0.12159127,0.092986524,0.04988845092058181,0.06587860895851257,False
1979-01-24 03:00:00,0.0,0.118914925,0.09113314,0.0488007967248559,0.06661430298671688,False
1979-01-24 04:00:00,0.0,0.1203971,0.09277461,0.04943635808676482,0.06730093796895446,False
1979-01-24 05:00:00,0.0,0.12553643,0.097472355,0.051586448684334756,0.06796398547100464,False
1979-01-24 06:00:00,0.0,0.13664003,0.10684271,0.05618967644870281,0.0686066013555471,False
1979-01-24 07:00:00,3.8840262e-05,0.14876914,0.11929471,0.061360137945892346,0.06928303887736613,False
1979-01-24 08:00:00,0.011608427,0.15849955,0.12386011,0.07187284407578408,0.07003138047458672,False
1979-01-24 09:00:00,0.051041875,0.16647723,0.12898323,0.09784635532274842,0.07088676253673222,False
1979-01-24 10:00:00,0.09677064,0.19064924,0.14767702,0.1341607864424586,0.07207394273491799,False
1979-01-24 11:00:00,0.13261889,0.19391352,0.150788,0.15621773941814898,0.07352144813605496,False
1979-01-24 12:00:00,0.15293294,0.18531574,0.14505318,0.1644566882997751,0.07516468954464643,False
1979-01-24 13:00:00,0.14602272,0.17367914,0.1390278,0.1558502159267664,0.07705992304943103,False
1979-01-24 14:00:00,0.11564767,0.13586332,0.11185814,0.12290261179208754,0.07898902768771697,False
1979-01-24 15:00:00,0.067916036,0.1093789,0.09214821,0.08452436862140894,0.08048427632518955,False
1979-01-24 16:00:00,0.017417151,0.09117407,0.07813372,0.04791215026006102,0.08130262831208518,False
1979-01-24 17:00:00,0.00011600217,0.081139065,0.07044554,0.03381130738638603,0.08148222329223052,False
1979-01-24 18:00:00,0.0,0.07939847,0.06925799,0.03303796617686748,0.08142321065636633,False
1979-01-24 19:00:00,0.0,0.08396522,0.07208123,0.03487555246800184,0.08143695407742917,False
1979-01-24 20:00:00,0.0,0.095510855,0.08084019,0.039608876019716265,0.08154217552217005,False
1979-01-24 21:00:00,0.0,0.10514332,0.08921885,0.0436157041490078,0.08171204017671106,False
1979-01-24 22:00:00,0.0,0.11476092,0.102522396,0.04788298898935318,0.08193653498599587,False
1979-01-24 23:00:00,0.0,0.11638921,0.105204985,0.04862868674844503,0.0823156912029749,False
1979-01-25 00:00:00,0.0,0.11995048,0.105952725,0.04998317454010248,0.08275733477631865,False
1979-01-25 01:00:00,0.0,0.12318426,0.108468644,0.05131230010092259,0.08323719725767433,False
1979-01-25 02:00:00,0.0,0.12631851,0.11163831,0.0526400004029274,0.08372196194539128,False
1979-01-25 03:00:00,0.0,0.1328411,0.117481425,0.055362361147999764,0.08429973672060577,False
1979-01-25 04:00:00,0.0,0.13856758,0.12091865,0.05766104458272457,0.08491933655981256,False
1979-01-25 05:00:00,0.0,0.14353377,0.12294637,0.0596030635535717,0.08555986930253266,False
1979-01-25 06:00:00,0.0,0.15466037,0.13082398,0.06413417315483093,0.08617210082719384,False
1979-01-25 07:00:00,7.819917e-05,0.17016792,0.14551343,0.07069480973083409,0.08671727337418406,False
1979-01-25 08:00:00,0.018059311,0.18118209,0.15585195,0.08569241764955222,0.08716459272336123,False
1979-01-25 09:00:00,0.07976782,0.18984753,0.16260564,0.12486047691106796,0.08772149570666472,False
1979-01-25 10:00:00,0.14586443,0.1868833,0.16029093,0.16177942237257958,0.08857793952493527,False
1979-01-25 11:00:00,0.19380297,0.18684502,0.15876345,0.18934335100650787,0.08942305179421389,False
1979-01-25 12:00:00,0.21786365,0.18561786,0.15746035,0.2027031761407852,0.09055475709043974,False
1979-01-25 13:00:00,0.20979524,0.18085168,0.15307291,0.19605205960571764,0.09165468000542903,False
1979-01-25 14:00:00,0.16249454,0.1547896,0.13184606,0.15799639791250228,0.09266047138053213,False
1979-01-25 15:00:00,0.09105147,0.14087407,0.11835502,0.11091040035337209,0.09360980462049974,False
1979-01-25 16:00:00,0.02348724,0.13420619,0.1123563,0.06914146196842193,0.09417075003730042,False
1979-01-25 17:00:00,0.00018290656,0.14132385,0.1185081,0.05865347499905328,0.09448027258327452,False
1979-01-25 18:00:00,0.0,0.1528948,0.12810571,0.06333588793873787,0.0947858023333597,False
1979-01-25 19:00:00,0.0,0.16129363,0.13553223,0.06683608835935592,0.09507988951562447,False
1979-01-25 20:00:00,0.0,0.16829658,0.14337698,0.06984379309415817,0.09528674059754712,False
1979-01-25 21:00:00,0.0,0.17377582,0.14854492,0.07214470410346985,0.09532605072597516,False
1979-01-25 22:00:00,0.0,0.16540158,0.14112687,0.06865403330326081,0.09517268042333898,False
1979-01-25 23:00:00,0.0,0.17587715,0.15155905,0.07308285874128341,0.09489885662330788,False
1979-01-26 00:00:00,0.0,0.18211946,0.15797457,0.07573270717263221,0.09451831249587711,False
1979-01-26 01:00:00,0.0,0.18272282,0.15942782,0.07603382362425327,0.09409823336473207,False
1979-01-26 02:00:00,0.0,0.18653624,0.16277349,0.0776216401308775,0.09366611172279815,False
1979-01-26 03:00:00,0.0,0.18884234,0.1640512,0.07854158900678158,0.09320819625046577,False
1979-01-26 04:00:00,0.0,0.19295269,0.16634049,0.08018192973732949,0.09270963436060126,False
1979-01-26 05:00:00,0.0,0.19489719,0.16771294,0.08097356186807154,0.09218295064775744,False
1979-01-26 06:00:00,0.0,0.19830766,0.17004502,0.08235795870423317,0.0916334625787335,False
1979-01-26 07:00:00,0.0001515289,0.19916183,0.17135778,0.08283146670639688,0.0910181973178173,False
1979-01-26 08:00:00,0.024355585,0.20340624,0.17581686,0.09860418727435172,0.09031074340819044,False
1979-01-26 09:00:00,0.09427285,0.20332725,0.17652716,0.1389556585997343,0.08956804254855778,False
1979-01-26 10:00:00,0.16688964,0.18857637,0.16381803,0.17472617536783216,0.08874722402576796,False
1979-01-26 11:00:00,0.22070263,0.20014484,0.17297643,0.2105395936369896,0.08803235982361378,False
1979-01-26 12:00:00,0.23468663,0.19719394,0.16804151,0.2172529882192612,0.0873824298020434,False
1979-01-26 13:00:00,0.21383221,0.19475214,0.16450877,0.204128201931715,0.08657487888714736,False
1979-01-26 14:00:00,0.16728926,0.17360327,0.14602038,0.1684706073105335,0.08559979213156244,False
1979-01-26 15:00:00,0.09071501,0.14256552,0.120379806,0.11144974862784147,0.08477754917076295,False
1979-01-26 16:00:00,0.020928882,0.122291975,0.103102386,0.0627692324668169,0.08408560179720138,False
1979-01-26 17:00:00,0.00012326309,0.11665054,0.09928823,0.04847673539047537,0.0834522150225143,False
1979-01-26 18:00:00,0.0,0.113520704,0.097500205,0.047154150925576684,0.08280002071195619,False
1979-01-26 19:00:00,0.0,0.10783114,0.09286505,0.04480440440028906,0.08205152568406762,False
1979-01-26 20:00:00,0.0,0.09992577,0.085613936,0.04149576218426227,0.08120037886965425,False
1979-01-26 21:00:00,0.0,0.087287806,0.07490239,0.036253929622471336,0.08019770587677473,False
1979-01-26 22:00:00,0.0,0.08362811,0.07186433,0.03473944658786059,0.07906022567557508,False
1979-01-26 23:00:00,0.0,0.07327267,0.061573226,0.030362568631768228,0.0779178669301268,False
1979-01-27 00:00:00,0.0,0.071957715,0.06049962,0.029819376245141027,0.07661202914162411,False
1979-01-27 01:00:00,0.0,0.073717445,0.06238378,0.03057046128809452,0.07520542954047547,False
1979-01-27 02:00:00,0.0,0.073943526,0.06249809,0.030660057730972766,0.07376128693681082,False
1979-01-27 03:00:00,0.0,0.07577497,0.06426717,0.031431390434503555,0.07225490165029758,False
1979-01-27 04:00:00,0.0,0.07796743,0.0668564,0.032380226366221905,0.0707182383589038,False
1979-01-27 05:00:00,0.0,0.08000941,0.06859564,0.03322763624042273,0.06916729539323703,False
1979-01-27 06:00:00,0.0,0.08324539,0.07192393,0.03460144063085318,0.06761579990718154,False
1979-01-27 07:00:00,0.00017034395,0.08808704,0.07656698,0.03673702206874441,0.06605422182595928,False
1979-01-27 08:00:00,0.01947191,0.09316735,0.08201356,0.05004277638718486,0.06448658963518042,False
1979-01-27 09:00:00,0.07843864,0.09655186,0.08471217,0.08546118781715631,0.06275559819482092,False
1979-01-27 10:00:00,0.13903645,0.11320458,0.10128555,0.12746594066917896,0.06078699869158192,False
1979-01-27 11:00:00,0.19093299,0.11493518,0.10309802,0.15814670997112987,0.058859174466188796,True
1979-01-27 12:00:00,0.20174481,0.11388075,0.102073684,0.1639407322257757,0.05672342599431809,True
1979-01-27 13:00:00,0.18129069,0.107113324,0.09478431,0.14924789533764124,0.05464717485530748,True
1979-01-27 14:00:00,0.13622601,0.09646874,0.08017336,0.11852873579412698,0.052709802923182135,True
1979-01-27 15:00:00,0.07580168,0.08246851,0.06534219,0.07769692642241716,0.05104546914715455,True
1979-01-27 16:00:00,0.016875807,0.0706984,0.0539601,0.0387388967834413,0.049892022682510424,True
1979-01-27 17:00:00,8.615163e-05,0.06677817,0.04920916,0.027348148092263727,0.0490984847618979,True
1979-01-27 18:00:00,0.0,0.06693282,0.05018363,0.02740812660008669,0.04842576276201891,True
1979-01-27 19:00:00,0.0,0.06310114,0.049939252,0.02598104126751423,0.04788183372135411,True
1979-01-27 20:00:00,0.0,0.052563485,0.04295488,0.02171548943594098,0.047460908326722194,True
1979-01-27 21:00:00,0.0,0.04245214,0.034829892,0.017545654445886613,0.047151334682881345,True
1979-01-27 22:00:00,0.0,0.033653785,0.025973463,0.01382081352174282,0.046991231453075516,True
1979-01-27 23:00:00,0.0,0.025418764,0.018946685,0.0104026448931545,0.046863640242658065,True
1979-01-28 00:00:00,0.0,0.020119026,0.014666771,0.008215926317498089,0.046832174233097094,True
1979-01-28 01:00:00,0.0,0.01644353,0.011987334,0.006714978648349643,0.04684584575140055,True
1979-01-28 02:00:00,0.0,0.013015644,0.009488405,0.0053151463782414796,0.04687535881803509,True
1979-01-28 03:00:00,0.0,0.011709474,0.008536206,0.0047817510198801755,0.04692716775967878,True
1979-01-28 04:00:00,0.0,0.014047857,0.010240889,0.005736667385324835,0.04703854057139855,True
1979-01-28 05:00:00,0.0,0.01592145,0.011606736,0.0065017785374075175,0.04719978395377424,True
1979-01-28 06:00:00,0.0,0.018126413,0.013214154,0.007402210805565119,0.0474491184464949,True
1979-01-28 07:00:00,0.00013787141,0.018379517,0.013398667,0.007585121549011092,0.0477743959435555,True
1979-01-28 08:00:00,0.015128054,0.016621636,0.0121171735,0.01551659813709557,0.048140544560405195,True
1979-01-28 09:00:00,0.06644941,0.014990406,0.010928006,0.0444628824442625,0.04852575130568298,True
1979-01-28 10:00:00,0.12746984,0.021158755,0.015424735,0.08219061254896223,0.04889259474439026,True
1979-01-28 11:00:00,0.17243938,0.020878682,0.01522056,0.10802366698719561,0.04905240299360306,True
1979-01-28 12:00:00,0.18961813,0.02003907,0.014608484,0.11759293354675172,0.04900945677524534,True
1979-01-28 13:00:00,0.17868903,0.019665636,0.014336251,0.11113434918969868,0.049151605772569544,True
1979-01-28 14:00:00,0.13815293,0.021709263,0.015882017,0.08858258606120945,0.04919178134383114,True
1979-01-28 15:00:00,0.080259055,0.023925677,0.017523497,0.05608431832492351,0.04938775939690051,True
1979-01-28 16:00:00,0.021822408,0.029600611,0.021578843,0.024679412277415394,0.04974349521606641,True
1979-01-28 17:00:00,0.00025355665,0.039277945,0.028633622,0.016186079396284185,0.05027496393166273,True
1979-01-28 18:00:00,0.0,0.051527064,0.03763093,0.021045556973665953,0.050763604281989665,True
1979-01-28 19:00:00,0.0,0.060104594,0.044840563,0.02459998545795679,0.051227177580872356,True
1979-01-28 20:00:00,0.0,0.06496505,0.049335647,0.026636227279901507,0.05167838775977287,True
1979-01-28 21:00:00,0.0,0.06941054,0.054749727,0.02856897459179163,0.0521601768320499,True
1979-01-28 22:00:00,0.0,0.06941175,0.05559507,0.028615068487823008,0.05262320769606884,True
1979-01-28 23:00:00,0.0,0.06989508,0.056683615,0.028852200172841548,0.0529855787328517,True
1979-01-29 00:00:00,0.0,0.07359162,0.061487064,0.030475609123706816,0.053400288843254366,True
1979-01-29 01:00:00,0.0,0.07713686,0.06525162,0.03198708848655224,0.05389698731066453,True
1979-01-29 02:00:00,0.0,0.079892576,0.06789864,0.033146886929869654,0.05441338485147132,True
1979-01-29 03:00:00,0.0,0.08865762,0.07523379,0.036777285397052766,0.05494262466497746,True
1979-01-29 04:00:00,0.0,0.096746296,0.081861585,0.0401199087202549,0.05543532986100324,True
1979-01-29 05:00:00,0.0,0.1088547,0.09311678,0.04519569189101458,0.05585563142026801,True
1979-01-29 06:00:00,0.0,0.12068813,0.10520073,0.050214760489761825,0.05622411323012345,True
1979-01-29 07:00:00,0.00017074734,0.13007353,0.11512039,0.05431215567752952,0.05652350064739146,True
1979-01-29 08:00:00,0.020355755,0.13591544,0.12286353,0.0685327001605183,0.056777147814751065,True
1979-01-29 09:00:00,0.07835194,0.13842845,0.12556495,0.10306967287510632,0.057115608065935554,True
1979-01-29 10:00:00,0.13541457,0.13663408,0.12193617,0.13513673663139342,0.0575639279745551,True
1979-01-29 11:00:00,0.16868584,0.14086488,0.12545227,0.15608529148995876,0.05797166376417665,True
1979-01-29 12:00:00,0.19682468,0.13732521,0.12079699,0.1707638840973377,0.058433481528271686,True
1979-01-29 13:00:00,0.16950768,0.12824741,0.111983255,0.15117632275819776,0.05893409464198172,True
1979-01-29 14:00:00,0.13134277,0.12519819,0.11023656,0.1279356823414564,0.059289938213268056,True
1979-01-29 15:00:00,0.075815104,0.12211251,0.11050766,0.09477224574238062,0.05943168943298057,True
1979-01-29 16:00:00,0.023072273,0.12174916,0.1113195,0.06424939513206482,0.059491779290142856,True
1979-01-29 17:00:00,0.00041566,0.120922826,0.11004678,0.050802884907956466,0.05942410944189108,True
1979-01-29 18:00:00,0.0,0.11910859,0.10571437,0.04965964494645596,0.05922592323020535,True
1979-01-29 19:00:00,0.0,0.114401914,0.100459695,0.04763912985473871,0.05893302763501151,True
1979-01-29 20:00:00,0.0,0.1079295,0.09287741,0.04484136490523815,0.05860630979869483,True
1979-01-29 21:00:00,0.0,0.09618614,0.07923057,0.03977113591879606,0.05829433754508817,True
1979-01-29 22:00:00,0.0,0.0760349,0.05847674,0.031214623287320137,0.05797558888353841,True
1979-01-29 23:00:00,0.0,0.07385961,0.05656545,0.03030873019248247,0.05776790359759206,True
1979-01-30 00:00:00,0.0,0.07757749,0.06354371,0.03205745275318623,0.057551537428083506,True
1979-01-30 01:00:00,0.0,0.07595031,0.06437771,0.031502060607075694,0.057326294329980994,True
1979-01-30 02:00:00,0.0,0.07411079,0.062440287,0.030718657426536084,0.0571157058405547,True
1979-01-30 03:00:00,0.0,0.06862941,0.05754351,0.02843160042911768,0.05695079654202299,True
1979-01-30 04:00:00,0.0,0.06271971,0.05125128,0.025911142230033875,0.05681247242054405,True
1979-01-30 05:00:00,0.0,0.058581278,0.047637295,0.024188905410468576,0.056731507344436514,True
1979-01-30 06:00:00,0.0,0.052840885,0.042120747,0.0217728068344295,0.056742442122460025,True
1979-01-30 07:00:00,0.00032357284,0.047621995,0.03705496,0.01976018558227224,0.056809388459925225,True
1979-01-30 08:00:00,0.024865292,0.04243333,0.032546636,0.03176269019395113,0.05685893470190679,True
1979-01-30 09:00:00,0.089513354,0.0350747,0.025749419,0.0659822380580008,0.0568639727181497,True
1979-01-30 10:00:00,0.1569201,0.02740914,0.02046402,0.10176193045079708,0.056858876325288445,True
1979-01-30 11:00:00,0.20574303,0.028089065,0.020598639,0.13019091966375707,0.05722391626590146,True
1979-01-30 12:00:00,0.22524337,0.028523758,0.020956835,0.14162236300483344,0.05821367902939423,True
1979-01-30 13:00:00,0.20346436,0.026474642,0.019384494,0.12821484061144292,0.05958871064034505,True
1979-01-30 14:00:00,0.14851418,0.023738416,0.017305305,0.09538664460740982,0.061264016079504324,False
1979-01-30 15:00:00,0.08837979,0.019525355,0.014233983,0.05896863146871328,0.06294987158425057,False
1979-01-30 16:00:00,0.024644783,0.017658718,0.0128732035,0.021431259561330077,0.06442784734732065,False
1979-01-30 17:00:00,0.00050008285,0.015634488,0.0113975415,0.0066731412353692576,0.06551406577953352,False
1979-01-30 18:00:00,0.0,0.017108595,0.012472164,0.006986568404361605,0.06644675378019581,False
1979-01-30 19:00:00,0.0,0.0218371,0.015919246,0.008917529314756393,0.0673851991946123,False
1979-01-30 20:00:00,0.0,0.028556636,0.020817788,0.01166155910678208,0.06839410290524954,False
1979-01-30 21:00:00,0.0,0.032452833,0.023961917,0.013269038837403059,0.06954818824895317,False
1979-01-30 22:00:00,0.0,0.045191254,0.036492627,0.018646174762398004,0.0710096316578112,False
1979-01-30 23:00:00,0.0,0.044784643,0.035946127,0.018466624036431314,0.0727698345229275,False
1979-01-31 00:00:00,0.0,0.047548704,0.0392309,0.01966394041478634,0.07451990134951318,False
1979-01-31 01:00:00,0.0,0.052736286,0.0447991,0.021878840994089842,0.07617331917614335,False
1979-01-31 02:00:00,0.0,0.060728244,0.05226886,0.025231240600347517,0.07778687782895412,False
1979-01-31 03:00:00,0.0,0.07250967,0.06262333,0.030137727566063404,0.0793631797254331,False
1979-01-31 04:00:00,0.0,0.08722369,0.07496379,0.03623358506709337,0.08093908564683641,False
1979-01-31 05:00:00,0.0,0.11027503,0.09313102,0.04572056123614311,0.0824801626720711,False
1979-01-31 06:00:00,0.0,0.12872827,0.109767646,0.053428184688091275,0.08389396888653407,False
1979-01-31 07:00:00,0.00033089143,0.13597137,0.11714845,0.056690375292644604,0.08527536422254177,False
1979-01-31 08:00:00,0.018780796,0.1394884,0.119755305,0.0687745249401778,0.08666808891807659,False
1979-01-31 09:00:00,0.0659557,0.15629454,0.13140598,0.102825046017766,0.08818672990010251,False
1979-01-31 10:00:00,0.12638704,0.19298351,0.15782249,0.15265865378081797,0.0898615147619956,False
1979-01-31 11:00:00,0.18549292,0.23405845,0.18883187,0.20359390413761136,0.09173094606829317,False
1979-01-31 12:00:00,0.21863243,0.26834166,0.21474846,0.23676540142297745,0.09341511895386322,False
1979-01-31 13:00:00,0.21309742,0.2631309,0.21367532,0.23159098383784293,0.09485240086690962,False
1979-01-31 14:00:00,0.17362098,0.26282245,0.21659176,0.20885674656927586,0.09616521274995964,False
1979-01-31 15:00:00,0.10275488,0.2572194,0.21317694,0.16571508236974475,0.09741002141935569,False
1979-01-31 16:00:00,0.030789152,0.23809938,0.19933088,0.11638787987828254,0.09861746939119391,False
1979-01-31 17:00:00,0.00067469117,0.22970994,0.19295639,0.09557190893974621,0.10002725668289363,False
1979-01-31 18:00:00,0.0,0.22861129,0.1916196,0.09470502483844756,0.10167416195185991,False
1979-01-31 19:00:00,0.0,0.23188516,0.19446078,0.09606650796532631,0.10355256599954932,False
1979-01-31 20:00:00,0.0,0.24225293,0.20085426,0.10023746140301228,0.10557032712198465,False
1979-01-31 21:00:00,0.0,0.26614895,0.2168788,0.10992041954398155,0.10762305064579608,False
1979-01-31 22:00:00,0.0,0.2799879,0.22942269,0.11570436081290245,0.10962267514933967,False
1979-01-31 23:00:00,0.0,0.2765611,0.22705348,0.11431193786859511,0.11109754014002295,False
1979-02-01 00:00:00,0.0,0.26968756,0.22049625,0.11142150843143464,0.11255995514975997,False
1979-02-01 01:00:00,0.0,0.26372212,0.21554469,0.10895287594199181,0.11394311906943234,False
1979-02-01 02:00:00,0.0,0.25750348,0.21041416,0.10638114845752716,0.11532340233923073,False
1979-02-01 03:00:00,0.0,0.25159174,0.20810615,0.10407508465647697,0.11668938429896858,False
1979-02-01 04:00:00,0.0,0.24103099,0.2026371,0.09988283944129944,0.11803154299697977,False
1979-02-01 05:00:00,0.0,0.2217291,0.18951048,0.09205160370469093,0.11927198334933396,False
1979-02-01 06:00:00,0.0,0.21192187,0.18297431,0.08807978296279907,0.12026779917218859,False
1979-02-01 07:00:00,0.00047513054,0.20757921,0.18037207,0.08661097096794401,0.12110675667376393,False
1979-02-01 08:00:00,0.030620018,0.20912865,0.18187474,0.10465745733119548,0.12191620724681658,False
1979-02-01 09:00:00,0.10184448,0.2105419,0.18366079,0.14637191142886877,0.1227030948597283,False
1979-02-01 10:00:00,0.17775428,0.21370725,0.18652658,0.19149463315308093,0.12326016073841262,False
1979-02-01 11:00:00,0.21719997,0.20587723,0.18033592,0.21103121817111967,0.12308482054850367,False
1979-02-01 12:00:00,0.22358504,0.19588451,0.17262857,0.21061189483106135,0.1222804413355232,False
1979-02-01 13:00:00,0.19694574,0.1861347,0.16497065,0.19122981099784372,0.12107686634994702,False
1979-02-01 14:00:00,0.13906388,0.17973466,0.15880577,0.15513746073842047,0.11981688005489266,False
1979-02-01 15:00:00,0.07543834,0.17648788,0.15322562,0.11692613411694765,0.11873160719340325,False
1979-02-01 16:00:00,0.020475274,0.18612428,0.1593881,0.08910104956291616,0.11788974284268573,False
1979-02-01 17:00:00,0.00041929047,0.20621392,0.17388383,0.08572459414575133,0.1172140948826801,False
1979-02-01 18:00:00,0.0,0.23472977,0.19508664,0.09714996269345283,0.11653647410676614,False
1979-02-01 19:00:00,0.0,0.25590706,0.21000664,0.10577006319165229,0.11571339999039455,False
1979-02-01 20:00:00,0.0,0.26705387,0.2157298,0.11019228824973107,0.11480494438011929,False
1979-02-01 21:00:00,0.0,0.26575503,0.20717426,0.10925101500749589,0.11375231904762595,False
1979-02-01 22:00:00,0.0,0.21838072,0.16402239,0.08943969431519509,0.11246667227654517,False
1979-02-01 23:00:00,0.0,0.21649425,0.16252162,0.08866254450380802,0.11106294720054403,False
1979-02-02 00:00:00,0.0,0.21021812,0.15713562,0.0860558085590601,0.10966552609664187,False
1979-02-02 01:00:00,0.0,0.21507514,0.1624021,0.08813243794441222,0.10834044454146907,False
1979-02-02 02:00:00,0.0,0.22118236,0.17003858,0.09079837466776372,0.10711170831967876,False
1979-02-02 03:00:00,0.0,0.23013756,0.17852938,0.0945613450706005,0.10603356542431548,False
1979-02-02 04:00:00,0.0,0.23289868,0.18213163,0.09577472198009492,0.10511227669839546,False
1979-02-02 05:00:00,0.0,0.22756198,0.17683981,0.09351972073316574,0.10438420192704334,False
1979-02-02 06:00:00,0.0,0.22799143,0.17720938,0.09369814476370812,0.103940561622314,False
1979-02-02 07:00:00,0.00034489468,0.23194754,0.18067326,0.09554400279917172,0.10369855566781744,False
1979-02-02 08:00:00,0.014829087,0.23834646,0.18590564,0.10654513035994023,0.10362943551156432,False
1979-02-02 09:00:00,0.049753577,0.24529381,0.19153664,0.12956420819461345,0.10367125978882187,False
1979-02-02 10:00:00,0.08748637,0.22756478,0.18132007,0.1442423246651888,0.10385325188642441,False
1979-02-02 11:00:00,0.11982326,0.23335241,0.18034521,0.1649837019145489,0.10394513059580772,False
1979-02-02 12:00:00,0.14335345,0.23437715,0.18136474,0.17899380211532115,0.10462596137808709,False
1979-02-02 13:00:00,0.13261373,0.23033296,0.17778994,0.17111164167523382,0.10568513628299732,False
1979-02-02 14:00:00,0.116041295,0.21868882,0.16873424,0.15676364921778443,0.1070752901654015,False
1979-02-02 15:00:00,0.07502355,0.20001587,0.15205833,0.12530559353530407,0.1088191946315214,False
1979-02-02 16:00:00,0.023801418,0.17100535,0.131896,0.0839567777980119,0.11037703401411647,False
1979-02-02 17:00:00,0.0005118963,0.15227446,0.12150874,0.06304611169587587,0.11148388324567966,False
1979-02-02 18:00:00,0.0,0.13385059,0.107529625,0.05519746725261211,0.1121708868597508,False
1979-02-02 19:00:00,0.0,0.12679769,0.10504242,0.05246063867211342,0.11252196468458181,False
1979-02-02 20:00:00,0.0,0.12009207,0.09995317,0.0497114454433322,0.11262183752515025,False
1979-02-02 21:00:00,0.0,0.11637688,0.0975242,0.04820937453210354,0.11255728169948465,False
1979-02-02 22:00:00,0.0,0.11616076,0.10115255,0.048325557164847856,0.11243870306898511,False
1979-02-02 23:00:00,0.0,0.1132227,0.10104717,0.047235724881291394,0.11260817148861146,False
1979-02-03 00:00:00,0.0,0.11459577,0.102439895,0.04781759378314018,0.1127875477759973,False
1979-02-03 01:00:00,0.0,0.119684875,0.10758923,0.04997353729605675,0.1129693717188076,False
1979-02-03 02:00:00,0.0,0.13082649,0.117691025,0.05463028948009014,0.11300844792508193,False
1979-02-03 03:00:00,0.0,0.14314638,0.13022614,0.05985322581231594,0.11288581858061858,False
1979-02-03 04:00:00,0.0,0.1550862,0.1427489,0.06493525041639805,0.11253979399566211,False
1979-02-03 05:00:00,0.0,0.16911203,0.15471354,0.07075686907768249,0.11203444371417769,False
1979-02-03 06:00:00,0.0,0.18274681,0.1672208,0.07646349714696407,0.11141954455383725,False
1979-02-03 07:00:00,0.00044781558,0.19851443,0.18116646,0.08329320346779423,0.11068686988343157,False
1979-02-03 08:00:00,0.025873033,0.21946323,0.19915465,0.10666502263955772,0.10980842986361448,False
1979-02-03 09:00:00,0.09076293,0.24594487,0.22191972,0.1551075321137905,0.10900748307422826,False
1979-02-03 10:00:00,0.1562486,0.2530095,0.22942342,0.19590481120347977,0.1085986286826472,False
1979-02-03 11:00:00,0.21376052,0.28854412,0.2573795,0.24371109572052954,0.10866726153601985,False
1979-02-03 12:00:00,0.23545137,0.30101526,0.26893,0.2614522902667522,0.1089469105538642,False
1979-02-03 13:00:00,0.22476898,0.3072781,0.2755533,0.2579571973532438,0.10924229296663558,False
1979-02-03 14:00:00,0.18212913,0.32073793,0.2852606,0.23884487511217592,0.1093790292453682,False
1979-02-03 15:00:00,0.10966499,0.3084767,0.27033013,0.19170242448151112,0.10910480198871438,False
1979-02-03 16:00:00,0.037244704,0.29030898,0.25214082,0.14222981267794965,0.10839388967493642,False
1979-02-03 17:00:00,0.0011720655,0.2840932,0.24433509,0.11870076762116515,0.10747686719108622,False
1979-02-03 18:00:00,0.0,0.2745738,0.23488824,0.11400169828534126,0.10649951667848306,False
1979-02-03 19:00:00,0.0,0.2663126,0.22767797,0.11056395953893661,0.10565239346117976,False
1979-02-03 20:00:00,0.0,0.25796163,0.22047716,0.1070936086177826,0.10486795913262555,False
1979-02-03 21:00:00,0.0,0.2494015,0.21352017,0.10355924074351788,0.10414688623577618,False
1979-02-03 22:00:00,0.0,0.23483947,0.20219286,0.09757417845726013,0.1034615176138215,False
1979-02-03 23:00:00,0.0,0.23435272,0.19993429,0.09727260629832744,0.10272144934416079,False
1979-02-04 00:00:00,0.0,0.22827344,0.19537888,0.09478335781395435,0.1019729389019523,False
1979-02-04 01:00:00,0.0,0.21654637,0.18708305,0.0900080958455801,0.10116778832741345,False
1979-02-04 02:00:00,0.0,0.20418872,0.17715794,0.08491216613352298,0.1002892488768304,False
1979-02-04 03:00:00,0.0,0.18729092,0.16373731,0.07795216499269009,0.09928397439737835,False
1979-02-04 04:00:00,0.0,0.17177932,0.15058036,0.0715179084688425,0.09814925791990042,False
1979-02-04 05:00:00,0.0,0.15372136,0.13484034,0.06400456103682518,0.09688950615926677,False
1979-02-04 06:00:00,0.0,0.140652,0.12276245,0.05852976058423519,0.09549479355299643,False
1979-02-04 07:00:00,0.0006461949,0.12752998,0.110138245,0.05337888184795156,0.0939695475444061,False
1979-02-04 08:00:00,0.034480132,0.11632946,0.097760685,0.06809968446940184,0.09229804234328687,False
1979-02-04 09:00:00,0.11294981,0.108280644,0.089103684,0.10993919739872217,0.09047329784981913,False
1979-02-04 10:00:00,0.1929324,0.087603845,0.07201648,0.14753670162707566,0.0883214510166801,False
1979-02-04 11:00:00,0.24868928,0.084456585,0.069419645,0.17840685477107765,0.08596557211349881,False
1979-02-04 12:00:00,0.2778486,0.07958712,0.06455313,0.1931721579283476,0.08317958367495416,False
1979-02-04 13:00:00,0.257927,0.069822714,0.057157822,0.1776749830543995,0.08030440571106512,False
1979-02-04 14:00:00,0.20489463,0.061330464,0.05084439,0.14360074089840053,0.07744590694715121,False
1979-02-04 15:00:00,0.12135379,0.051185623,0.042095754,0.09118180247396232,0.07454733709802548,False
1979-02-04 16:00:00,0.03850851,0.043017633,0.034199677,0.03993969857320189,0.07192454975426049,False
1979-02-04 17:00:00,0.0009795354,0.03778941,0.030070411,0.01613328709092457,0.06957555924423667,False
1979-02-04 18:00:00,0.0,0.035461653,0.026855608,0.014535552822053432,0.06734287941348173,False
1979-02-04 19:00:00,0.0,0.036215972,0.02674254,0.014807790901511908,0.06518328405867231,False
1979-02-04 20:00:00,0.0,0.0369162,0.027367936,0.01509994639456272,0.0631189556404426,False
1979-02-04 21:00:00,0.0,0.037308097,0.02861098,0.015311680678278207,0.061142027015536025,False
1979-02-04 22:00:00,0.0,0.031342648,0.022904502,0.012802280221134422,0.05925136357216996,True
1979-02-04 23:00:00,0.0,0.027631465,0.020578017,0.01130722365528345,0.05750050358983588,True
1979-02-05 00:00:00,0.0,0.022456244,0.016370598,0.009170366205275058,0.05573323972252563,True
1979-02-05 01:00:00,0.0,0.019109435,0.013930778,0.007803643668070435,0.05402025452777178,True
1979-02-05 02:00:00,0.0,0.015616174,0.011384191,0.006377114466391503,0.05242174178789735,True
1979-02-05 03:00:00,0.0,0.013191193,0.009616381,0.005386834893375635,0.050965617013717,True
1979-02-05 04:00:00,0.0,0.010939123,0.00797462,0.004467165905982256,0.0496764462041612,True
1979-02-05 05:00:00,0.0,0.009331492,0.0068026576,0.0038106639767065647,0.04849968514413938,True
1979-02-05 06:00:00,0.0,0.007962682,0.005804796,0.00325168873462826,0.04743718822495446,True
1979-02-05 07:00:00,0.00084296055,0.006304554,0.00459602,0.003060953814070672,0.04644170561558001,True
1979-02-05 08:00:00,0.029229203,0.0054167993,0.003948847,0.01907728695310652,0.045525033866766096,True
1979-02-05 09:00:00,0.086140886,0.0051806294,0.003776679,0.051818884123116735,0.044667625464123235,True
1979-02-05 10:00:00,0.13948014,0.005736474,0.004181889,0.08282262385077772,0.04385140627006832,True
1979-02-05 11:00:00,0.18475725,0.0082737515,0.0060315654,0.10998365067038685,0.043077506944879294,True
1979-02-05 12:00:00,0.20522532,0.012314294,0.00897712,0.1234437480000779,0.042238876102019436,True
1979-02-05 13:00:00,0.19688408,0.017501805,0.012758816,0.12074925668537616,0.041440958008007796,True
1979-02-05 14:00:00,0.1571416,0.022143913,0.016142914,0.09971352235414087,0.040819931862170214,True
1979-02-05 15:00:00,0.09566827,0.025976794,0.018937085,0.06580863198079168,0.04031635533062961,True
1979-02-05 16:00:00,0.031649284,0.027467104,0.02002352,0.02947826819680631,0.04002840973366272,True
1979-02-05 17:00:00,0.0010347416,0.02677767,0.01952092,0.011532135744928382,0.039802300000798686,True
1979-02-05 18:00:00,0.0,0.02532317,0.018460589,0.010341121254488826,0.039537619095921565,True
1979-02-05 19:00:00,0.0,0.02810272,0.020486884,0.0114761954639107,0.03927816821665345,True
1979-02-05 20:00:00,0.0,0.029877694,0.021780841,0.012201034622266889,0.03904266905151615,True
1979-02-05 21:00:00,0.0,0.03136254,0.022863293,0.012807395461946727,0.03885452466232544,True
1979-02-05 22:00:00,0.0,0.033139143,0.024158435,0.01353289930522442,0.03872592808173811,True
1979-02-05 23:00:00,0.0,0.030472519,0.022214467,0.012443940667435526,0.03869695068123127,True
1979-02-06 00:00:00,0.0,0.03075689,0.022421774,0.012560068465769292,0.03877369168745661,True
1979-02-06 01:00:00,0.0,0.032518584,0.02370605,0.013279484331607819,0.03900830891118692,True
1979-02-06 02:00:00,0.0,0.036776267,0.026809897,0.015018176972866058,0.03938258261613389,True
1979-02-06 03:00:00,0.0,0.039356768,0.028691087,0.016071966134011746,0.03986372666411642,True
1979-02-06 04:00:00,0.0,0.03681349,0.026837032,0.015033377587795257,0.040444712491255065,True
1979-02-06 05:00:00,0.0,0.03184572,0.023215532,0.013004708915948867,0.041128367005629274,True
1979-02-06 06:00:00,0.0,0.026316088,0.019184425,0.010746595334261656,0.04195349401894798,True
1979-02-06 07:00:00,0.00075389876,0.021901036,0.015965855,0.009378637904883363,0.04293995937881134,True
1979-02-06 08:00:00,0.03308502,0.01923281,0.014020719,0.026944081142544745,0.044085780537476395,True
1979-02-06 09:00:00,0.10877004,0.019591155,0.014281953,0.07076067608408629,0.04550926648125233,True
1979-02-06 10:00:00,0.18113147,0.014390712,0.01049083,0.11038953401800246,0.047239948312657515,True
1979-02-06 11:00:00,0.23079322,0.012206905,0.008898833,0.13815257431380448,0.049140505161934474,True
1979-02-06 12:00:00,0.2612051,0.010178964,0.007420465,0.15487208941578862,0.050982283681478446,True
1979-02-06 13:00:00,0.24955049,0.009489268,0.006917676,0.14786572805419565,0.05269225724361862,True
1979-02-06 14:00:00,0.20125331,0.008095453,0.0059015853,0.11942906738445162,0.054212846763531615,True
1979-02-06 15:00:00,0.12798622,0.008601018,0.0062701427,0.07736041381955147,0.055487533585384434,True
1979-02-06 16:00:00,0.045660995,0.0067097587,0.004891414,0.029086431395728137,0.05660859926636977,True
1979-02-06 17:00:00,0.0021502755,0.005357681,0.0039057492,0.0034286036568228154,0.05764897135674513,True
1979-02-06 18:00:00,0.0,0.0050981487,0.0037165508,0.002081910617183894,0.0586524643111117,True
1979-02-06 19:00:00,0.0,0.008580124,0.0062549114,0.0035038309749215843,0.05962581919588426,True
1979-02-06 20:00:00,0.0,0.014861707,0.0108341845,0.00606901571340859,0.060472224991776034,False
1979-02-06 21:00:00,0.0,0.022379544,0.01631469,0.009139044810086488,0.06120220629091652,False
1979-02-06 22:00:00,0.0,0.0279132,0.020581376,0.011411364996805787,0.06191991777288074,False
1979-02-06 23:00:00,0.0,0.03660261,0.027489431,0.014990791954100132,0.06269483931677694,False
1979-02-07 00:00:00,0.0,0.04976059,0.038339533,0.020431992944329975,0.06362320388365349,False
1979-02-07 01:00:00,0.0,0.06253305,0.049890477,0.025768781505525112,0.06465062873927689,False
1979-02-07 02:00:00,0.0,0.07127401,0.058739226,0.029472028769552707,0.06571390240104681,False
1979-02-07 03:00:00,0.0,0.080334716,0.06723416,0.03327415459603071,0.06677841675212419,False
1979-02-07 04:00:00,0.0,0.08987726,0.0762569,0.03728258259594441,0.06792404245469531,False
1979-02-07 05:00:00,0.0,0.10462927,0.0890474,0.04341676061600447,0.0692537752760183,False
1979-02-07 06:00:00,0.0,0.12216046,0.10231143,0.05060202600806951,0.07078244126472436,False
1979-02-07 07:00:00,0.0015000756,0.13810092,0.11547381,0.058060369429993444,0.07254266403755917,False
1979-02-07 08:00:00,0.037582885,0.15888777,0.13129072,0.08740461225435137,0.07453173075450242,False
1979-02-07 09:00:00,0.1038618,0.18130277,0.14930797,0.1348916120305657,0.07665259530799587,False
1979-02-07 10:00:00,0.16470307,0.19103903,0.15782,0.1740493526160717,0.07884011551633756,False
1979-02-07 11:00:00,0.20455846,0.19401184,0.16237813,0.1983890196084976,0.08140123191544522,False
1979-02-07 12:00:00,0.21752766,0.19280268,0.16416353,0.20552247898280618,0.08448663208799329,False
1979-02-07 13:00:00,0.1991495,0.18977296,0.16300122,0.19373755364120004,0.08805036012559402,False
1979-02-07 14:00:00,0.15473646,0.17248991,0.14753288,0.1608984898030758,0.09157408278531287,False
1979-02-07 15:00:00,0.09215914,0.16027099,0.13525866,0.11961978466808795,0.09481393857496993,False
1979-02-07 16:00:00,0.03147537,0.14802909,0.12281679,0.07941612853482365,0.09751138543658472,False
1979-02-07 17:00:00,0.0014253916,0.14225942,0.1182152,0.05969979755452368,0.09980328286456419,False
1979-02-07 18:00:00,0.0,0.13783643,0.11482434,0.057062155723571775,0.10183704461050384,False
1979-02-07 19:00:00,0.0,0.12581463,0.10514953,0.05210367366671562,0.10370484927268281,False
1979-02-07 20:00:00,0.0,0.11399065,0.095881246,0.04724013698101044,0.10533318863117185,False
1979-02-07 21:00:00,0.0,0.114108,0.09540173,0.04725754659622908,0.10667837528436958,False
1979-02-07 22:00:00,0.0,0.122436315,0.102780245,0.05072913341224194,0.10776852963626898,False
1979-02-07 23:00:00,0.0,0.13739677,0.11677838,0.05700543987751007,0.1086419136212864,False
1979-02-08 00:00:00,0.0,0.14887443,0.12855178,0.06187646153569221,0.10925593018678065,False
1979-02-08 01:00:00,0.0,0.15467127,0.1341282,0.06431662009656429,0.10957289832953411,False
1979-02-08 02:00:00,0.0,0.1591004,0.13716331,0.06611486582458019,0.1096918693350819,False
1979-02-08 03:00:00,0.0,0.17119384,0.1461384,0.07106199985742569,0.1097197788500418,False
1979-02-08 04:00:00,0.0,0.19026224,0.16025528,0.07886055301129818,0.10970609253628227,False
1979-02-08 05:00:00,0.0,0.20849787,0.17490673,0.08638067637383938,0.10967701677169699,False
1979-02-08 06:00:00,0.0,0.2300509,0.19163896,0.09523728843033313,0.10956243932370142,False
1979-02-08 07:00:00,0.0007339312,0.2521346,0.21097589,0.10485384031815921,0.10930049311213241,False
1979-02-08 08:00:00,0.02531766,0.2754366,0.23150335,0.12874557971023023,0.1089162388903207,False
1979-02-08 09:00:00,0.089780055,0.2992933,0.25035784,0.17576164608448744,0.10843229199548192,False
1979-02-08 10:00:00,0.16787969,0.3294897,0.27546,0.23332312117516993,0.10790522942666836,False
1979-02-08 11:00:00,0.23049754,0.36982185,0.3109341,0.28625178259611134,0.1074473347920577,False
1979-02-08 12:00:00,0.25647795,0.4285696,0.36668646,0.325931035220623,0.10711692709046977,False
1979-02-08 13:00:00,0.24327084,0.42602038,0.35991883,0.3170044157207012,0.1067851978194863,False
1979-02-08 14:00:00,0.19883192,0.38549107,0.33277637,0.27494214528799055,0.10643357597809537,False
1979-02-08 15:00:00,0.13217366,0.31428698,0.27040312,0.20683786317706107,0.10598157252035666,False
1979-02-08 16:00:00,0.05368866,0.26057565,0.22160621,0.13909750793874262,0.10547107994298392,False
1979-02-08 17:00:00,0.0027081,0.24028775,0.20037803,0.1010491674619261,0.10485542551853015,False
1979-02-08 18:00:00,0.0,0.22164108,0.18427734,0.0917365344017744,0.1040907966879242,False
1979-02-08 19:00:00,0.0,0.19753282,0.16249093,0.08166412018239498,0.10331990077305109,False
1979-02-08 20:00:00,0.0,0.17104718,0.13928825,0.07063797506690025,0.10263542062445068,False
1979-02-08 21:00:00,0.0,0.14881654,0.12135463,0.06146645370125771,0.1020413811223627,False
1979-02-08 22:00:00,0.0,0.12899442,0.10620102,0.05333379627764225,0.10142225143388368,False
1979-02-08 23:00:00,0.0,0.10747204,0.08900749,0.044463587097823616,0.10066931257378765,False
1979-02-09 00:00:00,0.0,0.085994154,0.07249298,0.03564646379649639,0.09975708088330448,False
1979-02-09 01:00:00,0.0,0.07582758,0.06479651,0.03147938977181911,0.0986985165568114,False
1979-02-09 02:00:00,0.0,0.07411741,0.06411782,0.03081168548762798,0.09753829172223795,False
1979-02-09 03:00:00,0.0,0.078563735,0.06717025,0.032617211535573,0.09632625755835779,False
1979-02-09 04:00:00,0.0,0.0862653,0.0750935,0.03588694589585066,0.09503992435585697,False
1979-02-09 05:00:00,0.0,0.091105305,0.07961455,0.03791704311221838,0.09363868667842344,False
1979-02-09 06:00:00,0.0,0.091300406,0.080347374,0.038028607852756975,0.09212211586330542,False
1979-02-09 07:00:00,0.0022146157,0.09207148,0.08081402,0.03961616678303107,0.090443184914817,False
1979-02-09 08:00:00,0.04424589,0.09289078,0.08089973,0.0641751613020897,0.08856862133833072,False
1979-02-09 09:00:00,0.120776236,0.09597056,0.083177455,0.10959260872751474,0.08657395120382733,False
1979-02-09 10:00:00,0.18906626,0.103270315,0.09023021,0.15207041015475986,0.08439060517895769,False
1979-02-09 11:00:00,0.24165566,0.103680946,0.08955303,0.1825294499322772,0.08173794801974162,False
1979-02-09 12:00:00,0.25487912,0.102446444,0.0876201,0.18959947397559881,0.07869178333729619,False
1979-02-09 13:00:00,0.23807625,0.09510584,0.08140094,0.17685970525443553,0.07510469568154578,False
1979-02-09 14:00:00,0.1808544,0.084062345,0.07093208,0.13920232383161782,0.07156832814424723,False
1979-02-09 15:00:00,0.113727264,0.071609095,0.056884326,0.09511614095419645,0.06830605826086943,False
1979-02-09 16:00:00,0.0437002,0.060065962,0.0460252,0.04986471616104245,0.06571282296389609,False
1979-02-09 17:00:00,0.0024925193,0.052614592,0.03971566,0.02299761368543841,0.06368537139312942,False
1979-02-09 18:00:00,0.0,0.04905236,0.036274638,0.02005915180966258,0.06195970722081757,False
1979-02-09 19:00:00,0.0,0.047135588,0.034362864,0.01924862653389573,0.06045753940151691,False
1979-02-09 20:00:00,0.0,0.045856513,0.0334294,0.018726240880787372,0.059202378455350764,True
1979-02-09 21:00:00,0.0,0.042950004,0.031310555,0.017539321549236774,0.058188661503174005,True
1979-02-09 22:00:00,0.0,0.035723023,0.026042085,0.01458806812763214,0.05736565383294284,True
1979-02-09 23:00:00,0.0,0.032360375,0.023654452,0.013218318734318018,0.056769601315526885,True
1979-02-10 00:00:00,0.0,0.027096707,0.019753497,0.011065373864024878,0.05637129511175364,True
1979-02-10 01:00:00,0.0,0.021122787,0.015398511,0.008625828037038446,0.056173192195628434,True
1979-02-10 02:00:00,0.0,0.01943655,0.014169245,0.00793722595833242,0.05605721189504176,True
1979-02-10 03:00:00,0.0,0.022817781,0.016634164,0.009318006137385964,0.05595428028985545,True
1979-02-10 04:00:00,0.0,0.028408693,0.02070994,0.011601144494488836,0.055835951628663234,True
1979-02-10 05:00:00,0.0,0.033267405,0.024251942,0.013585277248173952,0.055708274626672855,True
1979-02-10 06:00:00,0.0,0.03587126,0.026150148,0.014648602902889251,0.055629257366560984,True
1979-02-10 07:00:00,0.0016240303,0.03413047,0.024881113,0.01487478864681907,0.0556403628574094,True
1979-02-10 08:00:00,0.035151392,0.031146226,0.0227056,0.0330014132540673,0.05577415222474292,True
1979-02-10 09:00:00,0.09959995,0.03303866,0.024085183,0.07096103689074516,0.05605947183159409,True
1979-02-10 10:00:00,0.15864362,0.03540503,0.025810264,0.10599557753279805,0.056374086427284205,True
1979-02-10 11:00:00,0.21311033,0.04180372,0.030474918,0.1400358778387308,0.0566968618267518,True
1979-02-10 12:00:00,0.23781812,0.040477835,0.029508341,0.15375082774460316,0.0572065350637763,True
1979-02-10 13:00:00,0.23058778,0.034796298,0.025366496,0.1472587739303708,0.05802204729175734,True
1979-02-10 14:00:00,0.18445249,0.029199554,0.02128647,0.11835319088585673,0.058990495023565175,True
1979-02-10 15:00:00,0.12115602,0.030500934,0.022235181,0.08236256892234087,0.060490465284727936,False
1979-02-10 16:00:00,0.048007835,0.03447719,0.025133872,0.04177983254194259,0.06230609852240029,False
1979-02-10 17:00:00,0.0026837818,0.04081815,0.029756432,0.018217287190956995,0.06424783991348537,False
1979-02-10 18:00:00,0.0,0.048075695,0.03504718,0.019632479075342414,0.0662424095151996,False
1979-02-10 19:00:00,0.0,0.05243663,0.038282923,0.021416394766420127,0.06834713507700281,False
1979-02-10 20:00:00,0.0,0.05376378,0.03964308,0.02197956136241555,0.07050530861691141,False
1979-02-10 21:00:00,0.0,0.05376067,0.03934071,0.021962085530161858,0.07272798530431965,False
1979-02-10 22:00:00,0.0,0.060541954,0.044135083,0.02472327544167638,0.07506162177678698,False
1979-02-10 23:00:00,0.0,0.06205574,0.045302242,0.02534488931670785,0.07761529568117613,False
1979-02-11 00:00:00,0.0,0.06399604,0.04672195,0.0261375238224864,0.0802237033287579,False
1979-02-11 01:00:00,0.0,0.063399024,0.046631396,0.025912335343658922,0.08282030487154181,False
1979-02-11 02:00:00,0.0,0.06321248,0.047140084,0.02587096843868494,0.08541490339686199,False
1979-02-11 03:00:00,0.0,0.065769695,0.049415156,0.026937435798346995,0.08788292040769513,False
1979-02-11 04:00:00,0.0,0.07263826,0.05472097,0.029758449800312517,0.09013568502862974,False
1979-02-11 05:00:00,0.0,0.08319973,0.0633984,0.0341242146268487,0.09220937090437431,False
1979-02-11 06:00:00,0.0,0.09402653,0.071590416,0.038561671413481234,0.09413656904642043,False
1979-02-11 07:00:00,0.0024264795,0.10870705,0.08379772,0.046038056415040045,0.09596481384616849,False
1979-02-11 08:00:00,0.042868648,0.1292939,0.10047856,0.07787050243094563,0.09775723162911909,False
1979-02-11 09:00:00,0.11601336,0.14052062,0.10930169,0.12469410932064057,0.09942467503518874,False
1979-02-11 10:00:00,0.17854609,0.1570696,0.12192329,0.16756362932920457,0.10067445257249365,False
1979-02-11 11:00:00,0.23259993,0.17701039,0.13827358,0.206993765309453,0.10152242778813543,False
1979-02-11 12:00:00,0.2602693,0.19093518,0.15025158,0.22874406091868876,0.10202220384199871,False
1979-02-11 13:00:00,0.239617,0.20671129,0.16314292,0.22334519638121128,0.10233357660206112,False
1979-02-11 14:00:00,0.19269763,0.24304038,0.1913419,0.2112008963674307,0.10268099707300542,False
1979-02-11 15:00:00,0.1196968,0.27520642,0.21574654,0.1822665363624692,0.10319854874405932,False
1979-02-11 16:00:00,0.049615387,0.27808315,0.21902859,0.14306830293312667,0.10389004733686567,False
1979-02-11 17:00:00,0.0033274123,0.28380936,0.22391449,0.11873695456772111,0.10470615556069261,False
1979-02-11 18:00:00,0.0,0.29414523,0.23234056,0.1210859787762165,0.10556174574314615,False
1979-02-11 19:00:00,0.0,0.2983408,0.23617041,0.12284095644950865,0.10630758983559906,False
1979-02-11 20:00:00,0.0,0.3044933,0.24179058,0.12541472187638283,0.10696985876641235,False
1979-02-11 21:00:00,0.0,0.31444287,0.25045282,0.12955387222766876,0.10759800362691281,False
1979-02-11 22:00:00,0.0,0.3326987,0.26664063,0.13716441553831102,0.10820099889218805,False
1979-02-11 23:00:00,0.0,0.33542922,0.27126858,0.13842188581824302,0.10870558767707085,False
1979-02-12 00:00:00,0.0,0.32868046,0.26702148,0.13570224791765212,0.10920449627667665,False
1979-02-12 01:00:00,0.0,0.32222426,0.26418158,0.1331665572524071,0.10968540682561695,False
1979-02-12 02:00:00,0.0,0.30546692,0.25342128,0.12640204247832298,0.11015774053066968,False
1979-02-12 03:00:00,0.0,0.28355125,0.23741293,0.11745070794224739,0.11063192575203253,False
1979-02-12 04:00:00,0.0,0.26802847,0.22658448,0.11113806653022766,0.11110114009968936,False
1979-02-12 05:00:00,0.0,0.25561157,0.21796517,0.10609078806638718,0.111543897074759,False
1979-02-12 06:00:00,0.0,0.24662015,0.21113923,0.10240435329079628,0.11192006290249525,False
1979-02-12 07:00:00,0.0016386097,0.24061806,0.20698701,0.10091084222844802,0.11222517752053214,False
1979-02-12 08:00:00,0.025248045,0.23686664,0.20494047,0.11303869674541057,0.11241517487541829,False
1979-02-12 09:00:00,0.06605191,0.22299115,0.19545689,0.13095035868138075,0.11240463289526346,False
1979-02-12 10:00:00,0.100016944,0.21362898,0.18813923,0.14669838788360356,0.11219419103116783,False
1979-02-12 11:00:00,0.1399177,0.19983795,0.17689648,0.1640251284241676,0.11184112876157952,False
1979-02-12 12:00:00,0.15852113,0.18510053,0.16533211,0.16869672022759913,0.11127052260470631,False
1979-02-12 13:00:00,0.15862285,0.17333063,0.15649204,0.16393495653569698,0.11042778992250306,False
1979-02-12 14:00:00,0.13206178,0.1601776,0.14612016,0.14319567109644415,0.10966818313053243,False
1979-02-12 15:00:00,0.088562526,0.15398647,0.14135031,0.1155545013770461,0.10865460518065584,False
1979-02-12 16:00:00,0.036789052,0.14242949,0.13276415,0.08095302728563547,0.10753807314501819,False
1979-02-12 17:00:00,0.003743706,0.1361507,0.12751645,0.05928561594872735,0.10652880395515256,False
1979-02-12 18:00:00,0.0,0.13206725,0.124077424,0.05543299551308155,0.10555084942750319,False
1979-02-12 19:00:00,0.0,0.12671591,0.11939132,0.05320530344545841,0.10454796659297927,False
1979-02-12 20:00:00,0.0,0.12408279,0.117480844,0.0521305146664381,0.10358933855876012,False
1979-02-12 21:00:00,0.0,0.12118471,0.11460558,0.05090585826337338,0.1026907085478647,False
1979-02-12 22:00:00,0.0,0.11670679,0.10886541,0.04894353711605072,0.10179534103072867,False
1979-02-12 23:00:00,0.0,0.11766303,0.108793385,0.049292502097785476,0.10071897079612746,False
1979-02-13 00:00:00,0.0,0.117584996,0.10800679,0.04922123017162084,0.099767021669109,False
1979-02-13 01:00:00,0.0,0.11611163,0.10628078,0.04858435318619012,0.09898627372461988,False
1979-02-13 02:00:00,0.0,0.11600794,0.10786907,0.048631859064102174,0.09839096999544335,False
1979-02-13 03:00:00,0.0,0.11787473,0.110443525,0.04945972448587418,0.09803807396817638,False
1979-02-13 04:00:00,0.0,0.12158535,0.11381096,0.05101078460365534,0.09795875774513614,False
1979-02-13 05:00:00,0.0,0.124328665,0.11672031,0.052180174358189106,0.09809553910050227,False
1979-02-13 06:00:00,0.0,0.12676093,0.11911833,0.05320717307925224,0.09838872044350637,False
1979-02-13 07:00:00,0.0028950118,0.12743853,0.11967944,0.05515792944957502,0.09885479109551443,False
1979-02-13 08:00:00,0.04095963,0.12815054,0.11931912,0.07736448738351465,0.09940308693922044,False
1979-02-13 09:00:00,0.10422036,0.12993401,0.120594464,0.11459289984405041,0.10009538152679565,False
1979-02-13 10:00:00,0.15748425,0.14270125,0.13132346,0.1506166403889656,0.10110104762209343,False
1979-02-13 11:00:00,0.20109865,0.15189314,0.13929963,0.1796046697795391,0.10244094210138928,False
1979-02-13 12:00:00,0.2107205,0.15947652,0.1455617,0.18829289217293263,0.10415992763255795,False
1979-02-13 13:00:00,0.20480438,0.16420962,0.15034437,0.186884070366621,0.10607532077055187,False
1979-02-13 14:00:00,0.16329178,0.16332166,0.14933527,0.16254915477335455,0.1076407602443895,False
1979-02-13 15:00:00,0.108325645,0.15807334,0.14518593,0.12867299865186213,0.10907859143263114,False
1979-02-13 16:00:00,0.047979023,0.15997306,0.14647089,0.09462338181957602,0.11022721800523884,False
1979-02-13 17:00:00,0.004587992,0.1653747,0.15045561,0.07179513724055141,0.11143232131754743,False
1979-02-13 18:00:00,0.0,0.17452142,0.15831852,0.07294760271906853,0.11254023428269057,False
1979-02-13 19:00:00,0.0,0.18390879,0.16600865,0.07682681080698966,0.1135494057043302,False
1979-02-13 20:00:00,0.0,0.19706951,0.17707096,0.08228048135340213,0.11466122806452543,False
1979-02-13 21:00:00,0.0,0.20727752,0.18686715,0.08657623140513897,0.11576806035366237,False
1979-02-13 22:00:00,0.0,0.20445742,0.18618254,0.08549864427745343,0.11685143164553075,False
1979-02-13 23:00:00,0.0,0.22183868,0.20129359,0.09272832772135735,0.11770093391098409,False
1979-02-14 00:00:00,0.0,0.23514494,0.21218264,0.0982263465821743,0.11862741500659241,False
1979-02-14 01:00:00,0.0,0.2505454,0.22482817,0.10459197825193406,0.1195951255607265,False
1979-02-14 02:00:00,0.0,0.2622661,0.23494153,0.10946303316950798,0.12056476379612786,False
1979-02-14 03:00:00,0.0,0.2723364,0.24354444,0.11364352923631668,0.12152998571152195,False
1979-02-14 04:00:00,0.0,0.28223535,0.25108752,0.11770357158780098,0.12247226147966787,False
1979-02-14 05:00:00,0.0,0.28828683,0.25528982,0.12016349253058434,0.12344632689942002,False
1979-02-14 06:00:00,0.0,0.2992042,0.2660999,0.12477574458718299,0.12443725750184013,False
1979-02-14 07:00:00,0.0033251073,0.30040333,0.26780793,0.12722904272633603,0.12549128727669223,False
1979-02-14 08:00:00,0.03498358,0.3021786,0.2699891,0.14626883694902063,0.12656917914870444,False
1979-02-14 09:00:00,0.08872232,0.30726808,0.27125242,0.17922233125567438,0.12756197592489982,False
1979-02-14 10:00:00,0.14014736,0.3127345,0.27313447,0.21101332288980484,0.1285889807278098,False
1979-02-14 11:00:00,0.17796947,0.34566602,0.30180162,0.24653643392026425,0.12945183972205285,False
1979-02-14 12:00:00,0.20149082,0.3470987,0.30177712,0.2606355908513069,0.13021893679876442,False
1979-02-14 13:00:00,0.18625201,0.316295,0.27584788,0.23907605127990245,0.13104684053669935,False
1979-02-14 14:00:00,0.15560065,0.2942035,0.25683156,0.21221156813204287,0.13176798085369731,False
1979-02-14 15:00:00,0.10019161,0.27048647,0.24200945,0.170688576862216,0.13267793485271998,False
1979-02-14 16:00:00,0.043516196,0.27221262,0.24523486,0.13879798627644777,0.13349324679062333,False
1979-02-14 17:00:00,0.0042940965,0.26358336,0.23565711,0.11246543827559799,0.13437294034044822,False
1979-02-14 18:00:00,0.0,0.24891838,0.22263592,0.10387322375178337,0.13514032809089035,False
1979-02-14 19:00:00,0.0,0.25534257,0.22872902,0.10657277673482896,0.13578888702976616,False
1979-02-14 20:00:00,0.0,0.25223178,0.22564702,0.10525846454501152,0.13629662573735327,False
1979-02-14 21:00:00,0.0,0.24655148,0.22092931,0.10290768027305602,0.1366044996485776,False
1979-02-14 22:00:00,0.0,0.21519205,0.19099592,0.08971964585781096,0.13675653591125372,False
1979-02-14 23:00:00,0.0,0.22468424,0.20102057,0.09376359468698502,0.13677264005343528,False
1979-02-15 00:00:00,0.0,0.22917405,0.20566876,0.09567133677005768,0.1366530614339477,False
1979-02-15 01:00:00,0.0,0.22789808,0.20430738,0.09512698848545552,0.13641272014777275,False
1979-02-15 02:00:00,0.0,0.22754344,0.20368482,0.09496251100301742,0.13601084408654932,False
1979-02-15 03:00:00,0.0,0.22685811,0.2033022,0.09468896135687829,0.13546122585914197,False
1979-02-15 04:00:00,0.0,0.2342839,0.20954014,0.09776592475175858,0.13478428366153603,False
1979-02-15 05:00:00,0.0,0.2391198,0.21314144,0.09974484327435493,0.13401192077181404,False
1979-02-15 06:00:00,0.0,0.24887858,0.22156306,0.1038006022721529,0.13319694193664108,False
1979-02-15 07:00:00,0.0032482913,0.25184977,0.22388722,0.10689673930616118,0.13229531366589578,False
1979-02-15 08:00:00,0.03948148,0.24494739,0.21948764,0.12501873264089225,0.13141377755194866,False
1979-02-15 09:00:00,0.09701538,0.258603,0.23123604,0.16388913038372993,0.13054587782782157,False
1979-02-15 10:00:00,0.15165399,0.25067502,0.22278586,0.19203387211263181,0.13002496221462229,False
1979-02-15 11:00:00,0.19391142,0.25025257,0.2258378,0.21642532946169374,0.12983304329358628,False
1979-02-15 12:00:00,0.21532007,0.24856822,0.22353555,0.22803227159380912,0.12946045827324779,False
1979-02-15 13:00:00,0.20404533,0.24856615,0.22303228,0.22149880558252333,0.12915334509889873,False
1979-02-15 14:00:00,0.17202683,0.25611442,0.2307638,0.20622694672644137,0.12918992788083197,False
1979-02-15 15:00:00,0.1119964,0.24704167,0.22273469,0.16780797167122363,0.12928299785795896,False
1979-02-15 16:00:00,0.05171904,0.2562231,0.23074922,0.1368486722111702,0.1291941354049925,False
1979-02-15 17:00:00,0.005717241,0.25233728,0.22626752,0.10862974926177413,0.12882101421402112,False
1979-02-15 18:00:00,0.0,0.2494283,0.22295164,0.10407843178510666,0.12841340606543747,False
1979-02-15 19:00:00,0.0,0.2424517,0.21728875,0.10119826877117158,0.12818605062994684,False
1979-02-15 20:00:00,0.0,0.23254886,0.20829442,0.0970584290921688,0.1278886649075481,False
1979-02-15 21:00:00,0.0,0.22490443,0.20155993,0.09387397201359271,0.12762788802735087,False
1979-02-15 22:00:00,0.0,0.20663658,0.1856064,0.08627164310216903,0.12742300007935192,False
1979-02-15 23:00:00,0.0,0.20847695,0.18630669,0.08698855398595333,0.1273320401494908,False
1979-02-16 00:00:00,0.0,0.20787422,0.18489586,0.08668996484577655,0.12726814657799476,False
1979-02-16 01:00:00,0.0,0.20459397,0.18160652,0.08530192731320858,0.12730238305940803,False
1979-02-16 02:00:00,0.0,0.1993171,0.1765435,0.08308135825395585,0.12749613443087363,False
1979-02-16 03:00:00,0.0,0.1946514,0.17266554,0.08115030375123025,0.12784099825355733,False
1979-02-16 04:00:00,0.0,0.1933912,0.17164442,0.08063015288114547,0.12829239842366005,False
1979-02-16 05:00:00,0.0,0.19443412,0.17219107,0.08104450844228267,0.12872937690350736,False
1979-02-16 06:00:00,0.0,0.1955828,0.17273207,0.08149758759140968,0.1291438814725312,False
1979-02-16 07:00:00,0.0036674952,0.1987939,0.17489286,0.08491530925687403,0.12943276172853582,False
1979-02-16 08:00:00,0.041124236,0.19411989,0.17130978,0.10460965019091963,0.12963365422670442,False
1979-02-16 09:00:00,0.11169608,0.21582936,0.18756872,0.15421838182210923,0.12984347249940062,False
1979-02-16 10:00:00,0.18231256,0.23264134,0.19930021,0.2018012146800756,0.13004524418308114,False
1979-02-16 11:00:00,0.23178382,0.2285046,0.19620168,0.22865235294401642,0.130235196429305,False
1979-02-16 12:00:00,0.26611722,0.22222286,0.1915609,0.24589415848255158,0.13037071280957532,False
1979-02-16 13:00:00,0.26153326,0.21632677,0.18708804,0.24083202481269833,0.13032205796645355,False
1979-02-16 14:00:00,0.21689065,0.22023426,0.19012187,0.21667892703413963,0.1301322311029461,False
1979-02-16 15:00:00,0.13484833,0.21311384,0.18475345,0.16642317911982535,0.12976918057755898,False
1979-02-16 16:00:00,0.059641764,0.20784031,0.1811444,0.12088816910982132,0.12941418743878624,False
1979-02-16 17:00:00,0.006435843,0.21445797,0.18614395,0.09290024714358151,0.12893219628107444,False
1979-02-16 18:00:00,0.0,0.22365636,0.19316606,0.09296016284823418,0.1284900164915212,False
1979-02-16 19:00:00,0.0,0.22201526,0.19212279,0.09229826205968857,0.1280033367512711,False
1979-02-16 20:00:00,0.0,0.22310986,0.19284514,0.09274117429554463,0.127429338400621,False
1979-02-16 21:00:00,0.0,0.22392778,0.19340199,0.09307305876910686,0.12682355551272265,False
1979-02-16 22:00:00,0.0,0.20504473,0.17948265,0.08535356922447682,0.12622697874009242,False
1979-02-16 23:00:00,0.0,0.21812078,0.18907656,0.09069670325517655,0.12568957691583416,False
1979-02-17 00:00:00,0.0,0.23428825,0.20115417,0.09731468787789345,0.12512071027084817,False
1979-02-17 01:00:00,0.0,0.25161734,0.21444917,0.10442705431580543,0.12452483487911155,False
1979-02-17 02:00:00,0.0,0.26885748,0.22791786,0.11151597449183463,0.12392209786027303,False
1979-02-17 03:00:00,0.0,0.2806979,0.23664148,0.11635616952180863,0.12330593303534766,False
1979-02-17 04:00:00,0.0,0.28660747,0.240421,0.11874089178442954,0.1226360494758897,False
1979-02-17 05:00:00,0.0,0.28882974,0.24190532,0.11964106258749962,0.12188710105549178,False
1979-02-17 06:00:00,0.0,0.28395942,0.23862647,0.11766685456037522,0.12108437155736244,False
1979-02-17 07:00:00,0.004473632,0.27487874,0.23200071,0.1165395792182535,0.12023819718965895,False
1979-02-17 08:00:00,0.045099627,0.2628255,0.2237948,0.13509000973030924,0.11931511939272384,False
1979-02-17 09:00:00,0.10646702,0.27023903,0.2300833,0.17357417120039462,0.1183867574624603,False
1979-02-17 10:00:00,0.16722168,0.25190765,0.21686572,0.20115157993137836,0.1170227094514802,False
1979-02-17 11:00:00,0.19479491,0.26609492,0.2286005,0.22293011571466922,0.11518575594576175,False
1979-02-17 12:00:00,0.20093945,0.26395792,0.22878346,0.2256968391239643,0.11313848485442597,False
1979-02-17 13:00:00,0.18596631,0.25244394,0.22097667,0.2123871161341667,0.11104236787621652,False
1979-02-17 14:00:00,0.1553508,0.23802225,0.20986845,0.18880052150785923,0.10897221658070361,False
1979-02-17 15:00:00,0.10273185,0.21952635,0.19419996,0.15076830101013183,0.1069326696546634,False
1979-02-17 16:00:00,0.044125713,0.21173234,0.18746899,0.11371309664100407,0.10520917096549744,False
1979-02-17 17:00:00,0.0052420534,0.20232666,0.18003553,0.08740511936321854,0.1037036884512638,False
1979-02-17 18:00:00,0.0,0.19334647,0.17357327,0.08071780425310135,0.10224958384459044,False
1979-02-17 19:00:00,0.0,0.17625329,0.15942378,0.0736463479399681,0.10069271605418201,False
1979-02-17 20:00:00,0.0,0.16251172,0.14840788,0.0679808504730463,0.09908841594125282,False
1979-02-17 21:00:00,0.0,0.15586112,0.14306541,0.06523828692734242,0.09740787455081612,False
1979-02-17 22:00:00,0.0,0.1443323,0.13366176,0.060476355537772176,0.09566217998371597,False
1979-02-17 23:00:00,0.0,0.14249605,0.1315169,0.059682955026626586,0.09400510548966144,False
1979-02-18 00:00:00,0.0,0.13868196,0.12804262,0.05808794604241848,0.09223836386328933,False
1979-02-18 01:00:00,0.0,0.13461153,0.12405361,0.056370550408959386,0.09033103063845214,False
1979-02-18 02:00:00,0.0,0.12787798,0.11700874,0.05350544665753841,0.08828051999906915,False
1979-02-18 03:00:00,0.0,0.117453784,0.104730494,0.04899589289724827,0.08608084901407731,False
1979-02-18 04:00:00,0.0,0.10727495,0.09437356,0.044680628702044485,0.0837783818312748,False
1979-02-18 05:00:00,0.0,0.10219396,0.08896151,0.04251349253207445,0.08143949457528672,False
1979-02-18 06:00:00,0.0,0.09843916,0.08439202,0.04088121794164181,0.07908368045595145,False
1979-02-18 07:00:00,0.0043881433,0.09172557,0.07831259,0.04060757500398904,0.07675399795352152,False
1979-02-18 08:00:00,0.04063997,0.08814565,0.075430915,0.06004827753826976,0.07451863131687686,False
1979-02-18 09:00:00,0.093327135,0.0839628,0.07244533,0.08874407729506492,0.07251599810687691,False
1979-02-18 10:00:00,0.1432611,0.07477146,0.06250225,0.11362744640558958,0.07066307531500954,False
1979-02-18 11:00:00,0.17782894,0.06713808,0.055594273,0.1303833405598998,0.06913109450604941,False
1979-02-18 12:00:00,0.20609345,0.06387175,0.051776856,0.1452805435284972,0.06777496669138802,False
1979-02-18 13:00:00,0.20240177,0.05992972,0.04749765,0.14146476262807847,0.06654114936144732,False
1979-02-18 14:00:00,0.1673266,0.054069184,0.042253666,0.1187806745842099,0.06529783509041126,False
1979-02-18 15:00:00,0.11033096,0.048730977,0.038010124,0.08369524203985929,0.06388778404004815,False
1979-02-18 16:00:00,0.05029178,0.04781924,0.03632134,0.04862500842660666,0.06248263185144384,False
1979-02-18 17:00:00,0.006831853,0.046733912,0.035489503,0.023103226023260502,0.06097140458760766,False
1979-02-18 18:00:00,0.0,0.044516504,0.033405907,0.018230508908629418,0.059341757344751604,True
1979-02-18 19:00:00,0.0,0.03733029,0.028092226,0.0152918566390872,0.05775993098705679,True
1979-02-18 20:00:00,0.0,0.029453361,0.022349948,0.012075187554582952,0.05631860882099157,True
1979-02-18 21:00:00,0.0,0.022619938,0.017277079,0.009279719548299908,0.05498403741788955,True
1979-02-18 22:00:00,0.0,0.014227085,0.010448134,0.005813993509858847,0.053697438101837386,True
1979-02-18 23:00:00,0.0,0.014429188,0.010532124,0.005893105189315974,0.05249800987512593,True
1979-02-19 00:00:00,0.0,0.014111589,0.010287349,0.005762693085707724,0.051302183902531606,True
1979-02-19 01:00:00,0.0,0.014698931,0.01071552,0.006002543625421822,0.05013281075350845,True
1979-02-19 02:00:00,0.0,0.014525615,0.010589174,0.005931767212226986,0.048995970105927183,True
1979-02-19 03:00:00,0.0,0.014295374,0.010421328,0.005837744747288525,0.04791882383805954,True
1979-02-19 04:00:00,0.0,0.015854169,0.01155769,0.006474303497001529,0.04694244247296614,True
1979-02-19 05:00:00,0.0,0.016068881,0.011714215,0.006561984859406947,0.04606841258495137,True
1979-02-19 06:00:00,0.0,0.014306026,0.010429093,0.005842094443738461,0.04525146121205784,True
1979-02-19 07:00:00,0.007245352,0.012394304,0.009035449,0.009241980659309774,0.04447619295440403,True
1979-02-19 08:00:00,0.059683453,0.011083839,0.008080117,0.03896361565031111,0.04385451709537324,True
1979-02-19 09:00:00,0.13952993,0.010101498,0.0073639927,0.08463387719076126,0.04382086572254798,True
1979-02-19 10:00:00,0.21502529,0.008685611,0.0063318103,0.12761650110129266,0.04457925708363011,True
1979-02-19 11:00:00,0.26699954,0.009249655,0.0067429985,0.15783598061092197,0.046075346145973146,True
1979-02-19 12:00:00,0.28201452,0.00918595,0.006696559,0.16647360728681088,0.048153366729112884,True
1979-02-19 13:00:00,0.25897095,0.008036407,0.00585854,0.15270803112443537,0.05040462442274073,True
1979-02-19 14:00:00,0.20441516,0.0077639306,0.005659905,0.12111807109043,0.0525109037778653,True
1979-02-19 15:00:00,0.13914073,0.0074364603,0.0054211793,0.08332099595712497,0.05429161451112812,True
1979-02-19 16:00:00,0.06518266,0.0087269535,0.0063619497,0.041174187976866956,0.05553646033746213,True
1979-02-19 17:00:00,0.0084783,0.01050546,0.0076584807,0.009182051706127821,0.05602611065904323,True
1979-02-19 18:00:00,0.0,0.011730014,0.008551181,0.004790139083750545,0.05593044482003726,True
1979-02-19 19:00:00,0.0,0.010928637,0.007966978,0.00446288396883756,0.05580017572566696,True
1979-02-19 20:00:00,0.0,0.009602717,0.0070003797,0.003921423124149442,0.05574962759478778,True
1979-02-19 21:00:00,0.0,0.008525489,0.0062150806,0.003481519756838679,0.055739545401603134,True
1979-02-19 22:00:00,0.0,0.0071107796,0.0051837587,0.002903800655622035,0.05574303863623473,True
1979-02-19 23:00:00,0.0,0.0055913283,0.004076078,0.0022833083420991896,0.0557517989430443,True
1979-02-20 00:00:00,0.0,0.004794804,0.003495412,0.001958034889306873,0.055763758899595735,True
1979-02-20 01:00:00,0.0,0.0044131964,0.0032172198,0.0018021993250586094,0.055833707293039804,True
1979-02-20 02:00:00,0.0,0.004413751,0.003217624,0.0018024257998913527,0.055939887945841225,True
1979-02-20 03:00:00,0.0,0.005214899,0.003801661,0.0021295873727649453,0.05607543471881484,True
1979-02-20 04:00:00,0.0,0.0066783084,0.004868487,0.002727194077335298,0.05620906114765506,True
1979-02-20 05:00:00,0.0,0.008080562,0.0058907294,0.003299826633185148,0.05631749166898492,True
1979-02-20 06:00:00,0.0,0.008982975,0.0065485886,0.0036683415742591024,0.05642397780042204,True
1979-02-20 07:00:00,0.011835707,0.00964314,0.0070298496,0.010767133770510555,0.056561518055396776,True
1979-02-20 08:00:00,0.093812294,0.010537894,0.0076821255,0.05843301164265722,0.056833077237495304,True
1979-02-20 09:00:00,0.20670392,0.014395672,0.010494445,0.12514686262700705,0.05769365337659862,True
1979-02-20 10:00:00,0.30892867,0.017601563,0.012831538,0.18543972139805553,0.059184065728914236,True
1979-02-20 11:00:00,0.38471273,0.019955348,0.014547449,0.23012832855060694,0.061134352072743786,False
1979-02-20 12:00:00,0.4242295,0.020962788,0.015281872,0.25334091282263393,0.06333886532549537,False
1979-02-20 13:00:00,0.40633947,0.019855471,0.01447464,0.24256617167405783,0.06569766342199508,False
1979-02-20 14:00:00,0.34022564,0.0194546,0.014182403,0.20425478978082534,0.06803432641818677,False
1979-02-20 15:00:00,0.23715091,0.01619079,0.011803087,0.14344784170389177,0.07016562616735876,False
1979-02-20 16:00:00,0.11326005,0.016595831,0.012098362,0.072128223862499,0.07175722234109246,False
1979-02-20 17:00:00,0.016192127,0.02245145,0.016367106,0.018511265750974417,0.07266521747374426,False
1979-02-20 18:00:00,0.0,0.029330533,0.021381957,0.011977592378854752,0.07301584046893815,False
1979-02-20 19:00:00,0.0,0.03150494,0.0229671,0.012865546356886626,0.07321561576661402,False
1979-02-20 20:00:00,0.0,0.028384445,0.02069226,0.011591242281720043,0.07340739376618508,False
1979-02-20 21:00:00,0.0,0.023134626,0.016865142,0.009447394810616969,0.07357082799015548,False
1979-02-20 22:00:00,0.0,0.015266913,0.01112958,0.0062344882367178795,0.07369927372023444,False
1979-02-20 23:00:00,0.0,0.015836732,0.011544978,0.006467183103784919,0.0737551057135533,False
1979-02-21 00:00:00,0.0,0.022333436,0.016281078,0.009120215971022845,0.07380141317838201,False
1979-02-21 01:00:00,0.0,0.027179576,0.019813912,0.01109921495988965,0.07382694342298414,False
1979-02-21 02:00:00,0.0,0.030458001,0.022203885,0.012438012314960362,0.07384019013648134,False
1979-02-21 03:00:00,0.0,0.03000204,0.021871487,0.012251813331618904,0.07384074171608876,False
1979-02-21 04:00:00,0.0,0.028599268,0.020848865,0.011678968520835041,0.07383033973705819,False
1979-02-21 05:00:00,0.0,0.028585434,0.020838778,0.011673319168388843,0.0738114267762539,False
1979-02-21 06:00:00,0.0,0.03047273,0.022214621,0.012444026682525873,0.07379123647391311,False
1979-02-21 07:00:00,0.01477659,0.03367256,0.0245473,0.022276821400038897,0.07376951902941432,False
1979-02-21 08:00:00,0.113359906,0.036395304,0.026532177,0.08027127032727002,0.07377315591304427,False
1979-02-21 09:00:00,0.24318157,0.038832575,0.028308949,0.15617367010191083,0.07373733681257601,False
1979-02-21 10:00:00,0.35743424,0.03670895,0.026760824,0.22123024560511112,0.07351711270101192,False
1979-02-21 11:00:00,0.4341399,0.03221103,0.023481842,0.2636526167429984,0.07308257994431303,False
1979-02-21 12:00:00,0.46484485,0.028113104,0.020494452,0.2796959159187972,0.07240393360050917,False
1979-02-21 13:00:00,0.44208887,0.023955412,0.017463492,0.2648678549416363,0.07125238743851386,False
1979-02-21 14:00:00,0.36818063,0.026888218,0.019601513,0.22342045905068517,0.07010083469798088,False
1979-02-21 15:00:00,0.25561342,0.02994537,0.021830177,0.15971761229634282,0.06891704804686129,False
1979-02-21 16:00:00,0.12357514,0.03294862,0.024019547,0.08475795434415341,0.06795277809861114,False
1979-02-21 17:00:00,0.019241435,0.0365105,0.026616154,0.02601195547543466,0.06739143735097719,False
1979-02-21 18:00:00,2.3050605e-07,0.0352116,0.025669256,0.014379353372191943,0.06716844415931572,False
1979-02-21 19:00:00,0.0,0.033470534,0.024400018,0.013668227948248386,0.06695360802084237,False
1979-02-21 20:00:00,0.0,0.02881304,0.021004707,0.01176626587472856,0.06672169606893352,False
1979-02-21 21:00:00,0.0,0.023623208,0.017221319,0.00964691480062902,0.06651837044246407,False
1979-02-21 22:00:00,0.0,0.013673362,0.009967882,0.00558373633492738,0.06637058188899449,False
1979-02-21 23:00:00,0.0,0.0110343825,0.008044065,0.004506066653877497,0.06632013788387905,False
1979-02-22 00:00:00,0.0,0.00779567,0.005683044,0.0031834866302087902,0.06627462509890812,False
1979-02-22 01:00:00,0.0,0.0059702364,0.0043523028,0.0024380415729247035,0.06620281067763482,False
1979-02-22 02:00:00,0.0,0.0044785845,0.0032648877,0.0018289016210474075,0.06611016357997924,False
1979-02-22 03:00:00,0.0,0.0039922334,0.0029103379,0.0016302923792973162,0.06599166926863165,False
1979-02-22 04:00:00,0.0,0.0044552484,0.0032478762,0.0018193719587288797,0.06588664171197944,False
1979-02-22 05:00:00,0.0,0.005707361,0.0041606664,0.0023306921208277346,0.06582190067733665,False
1979-02-22 06:00:00,0.0,0.0064302715,0.0046876674,0.0026259042383171617,0.06578660340635599,False
1979-02-22 07:00:00,0.014388187,0.006464104,0.004712332,0.01094170418474823,0.06576070723867167,False
1979-02-22 08:00:00,0.0940634,0.0059728585,0.0043542134,0.05671369482018054,0.06566412717616386,False
1979-02-22 09:00:00,0.19533768,0.0045700725,0.0033315823,0.11457610527193174,0.06496343035549902,False
1979-02-22 10:00:00,0.28336525,0.002645666,0.0019286904,0.16458214907650834,0.06353018360720993,False
1979-02-22 11:00:00,0.3407185,0.0023477103,0.0017114808,0.1975533040480222,0.0617209589886111,False
1979-02-22 12:00:00,0.34101894,0.0031803965,0.002318509,0.19806669704685917,0.05955988322745743,True
1979-02-22 13:00:00,0.32153323,0.0043269144,0.0031543204,0.18729164012847468,0.05727515386895011,True
1979-02-22 14:00:00,0.25140777,0.005805444,0.004232168,0.14743303052708506,0.05514148929571778,True
1979-02-22 15:00:00,0.1643284,0.005743376,0.0041869218,0.09716288418788462,0.05330597483526029,True
1979-02-22 16:00:00,0.07462489,0.0052044177,0.0037940205,0.04518386797606945,0.05201673820560688,True
1979-02-22 17:00:00,0.010539255,0.004227684,0.0030819816,0.007807592551223933,0.05134760397932848,True
1979-02-22 18:00:00,4.610121e-07,0.0040776944,0.002972639,0.0016654577321334328,0.05114767450629934,True
1979-02-22 19:00:00,0.0,0.004245634,0.0030950676,0.0017337726652622222,0.0510518781748163,True
1979-02-22 20:00:00,0.0,0.004485222,0.0032697273,0.0018316122111864388,0.05103340065763615,True
1979-02-22 21:00:00,0.0,0.0057633207,0.004201461,0.0023535442440770567,0.05110805885906149,True
1979-02-22 22:00:00,0.0,0.009337643,0.006807142,0.0038131759911775587,0.05127039890974112,True
1979-02-22 23:00:00,0.0,0.010487086,0.007645086,0.004282569425180554,0.05154361434966842,True
1979-02-23 00:00:00,0.0,0.013892253,0.010127452,0.005673123749904334,0.05184839572488847,True
1979-02-23 01:00:00,0.0,0.016289687,0.011875182,0.006652154272422195,0.052200536503389516,True
1979-02-23 02:00:00,0.0,0.016529988,0.012050363,0.006750285370275379,0.052569505066514755,True
1979-02-23 03:00:00,0.0,0.017656932,0.012871904,0.0072104906123131515,0.05294451649969262,True
1979-02-23 04:00:00,0.0,0.020989502,0.015301346,0.008571398857980967,0.05329979734377987,True
1979-02-23 05:00:00,0.0,0.024436535,0.017814234,0.00997905016131699,0.05365129409726644,True
1979-02-23 06:00:00,5.762651e-08,0.02742877,0.019995576,0.011201010633678624,0.05399872268296015,True
1979-02-23 07:00:00,0.009515578,0.029753922,0.021690609,0.01764097839966416,0.05434193471531582,True
1979-02-23 08:00:00,0.059103157,0.030696241,0.022377558,0.04663782293535768,0.05464754864188886,True
1979-02-23 09:00:00,0.12554574,0.03657977,0.026666654,0.08737782618403435,0.05469591984866385,True
1979-02-23 10:00:00,0.19924198,0.047567233,0.034676515,0.13438746391236783,0.05448248690456544,True
1979-02-23 11:00:00,0.2437069,0.04726667,0.0344574,0.15992098020762205,0.05411047193258675,True
1979-02-23 12:00:00,0.2643061,0.04291319,0.031283714,0.17002890671044588,0.053609447059246446,True
1979-02-23 13:00:00,0.2530319,0.04028872,0.02937048,0.16245195542648433,0.053312127953327966,True
1979-02-23 14:00:00,0.21221425,0.031511303,0.02297174,0.13531576494872571,0.053011748351176745,True
1979-02-23 15:00:00,0.15374358,0.022343213,0.016288202,0.09783425407297909,0.05310224915321126,True
1979-02-23 16:00:00,0.079475425,0.016608119,0.012107319,0.052639511482790106,0.05337931799919718,True
1979-02-23 17:00:00,0.01609347,0.01745838,0.012727158,0.016415340770035983,0.05374336718775705,True
1979-02-23 18:00:00,3.1118316e-06,0.023947474,0.017457707,0.009781129461006456,0.05394905349746177,True
1979-02-23 19:00:00,0.0,0.031278048,0.022957547,0.012781307123601437,0.05408569276742276,True
1979-02-23 20:00:00,0.0,0.037497267,0.028025333,0.015349859543144703,0.054218814117271565,True
1979-02-23 21:00:00,0.0,0.042556923,0.032143198,0.01743923723325133,0.05431190655775356,True
1979-02-23 22:00:00,0.0,0.045407023,0.035979368,0.01869807745143771,0.054367201331149424,True
1979-02-23 23:00:00,0.0,0.04635533,0.03760104,0.019135572664439677,0.05437461864036378,True
1979-02-24 00:00:00,0.0,0.048444975,0.040926818,0.020086243998259305,0.054384805810075355,True
1979-02-24 01:00:00,0.0,0.048419464,0.042254634,0.020148532602936028,0.05435813146249494,True
1979-02-24 02:00:00,0.0,0.047702156,0.041247312,0.019829450413584707,0.05429933922501151,True
1979-02-24 03:00:00,0.0,0.04497428,0.038671557,0.018683772895485163,0.05423584988528966,True
1979-02-24 04:00:00,0.0,0.045011483,0.038555164,0.018691216126084327,0.054167273864344334,True
1979-02-24 05:00:00,0.0,0.045953393,0.037971523,0.019007264234125614,0.054065711000895696,True
1979-02-24 06:00:00,5.474518e-07,0.046248473,0.037668135,0.019100081791389698,0.0539396110642898,True
1979-02-24 07:00:00,0.0110799065,0.04685796,0.03569406,0.02561117266025394,0.05378402550402541,True
1979-02-24 08:00:00,0.06772342,0.048842132,0.035858348,0.0590355127453804,0.05368343237700617,True
1979-02-24 09:00:00,0.14355537,0.05264854,0.038380783,0.10433132395520806,0.053912889493420345,True
1979-02-24 10:00:00,0.22015232,0.04823502,0.035163328,0.1467254304215312,0.054454163993383375,True
1979-02-24 11:00:00,0.272034,0.0405041,0.029527495,0.17350411012768743,0.05511818308331282,True
1979-02-24 12:00:00,0.2912158,0.03860228,0.028141063,0.18379537996277212,0.05604777924404534,True
1979-02-24 13:00:00,0.27278042,0.03790501,0.027632752,0.1728734192252159,0.05717122338951309,True
1979-02-24 14:00:00,0.23703864,0.03674589,0.026787754,0.15177706902474164,0.058376699792089794,True
1979-02-24 15:00:00,0.16759077,0.033700936,0.02456798,0.11046218879520893,0.05955810222482208,True
1979-02-24 16:00:00,0.09218037,0.02319036,0.016905773,0.06265822902694344,0.06040252206271258,False
1979-02-24 17:00:00,0.018239597,0.017524201,0.012775143,0.01768053541705012,0.060851399427536486,False
1979-02-24 18:00:00,8.067712e-06,0.020127747,0.014673128,0.008224142690261033,0.060900824931396404,False
1979-02-24 19:00:00,0.0,0.019892933,0.014501949,0.008123597458004951,0.06082019378969461,False
1979-02-24 20:00:00,0.0,0.015427458,0.011246617,0.006300049354322255,0.06067447059819723,False
1979-02-24 21:00:00,0.0,0.012262758,0.00893955,0.0050076933670789,0.060488795883341384,False
1979-02-24 22:00:00,0.0,0.010209486,0.0074427137,0.0041692068334668875,0.06028513650197318,False
1979-02-24 23:00:00,0.0,0.0116845025,0.008518003,0.004771553571335971,0.0601145913528443,False
1979-02-25 00:00:00,0.0,0.010756907,0.0078417845,0.004392755066044629,0.060025103581340666,False
1979-02-25 01:00:00,0.0,0.009379152,0.006837402,0.003830126873217523,0.05997501558062402,True
1979-02-25 02:00:00,0.0,0.009067349,0.006610097,0.003702797063626349,0.05996485466181082,True
1979-02-25 03:00:00,0.0,0.009596395,0.006995773,0.003918841606937349,0.05999425280696494,True
1979-02-25 04:00:00,0.0,0.009051639,0.0065986435,0.003696381412446499,0.06005685531181996,False
1979-02-25 05:00:00,0.0,0.009614545,0.0070090024,0.003926253204233944,0.06012997575357338,False
1979-02-25 06:00:00,1.3830361e-06,0.00913912,0.006662418,0.0037329037409874672,0.06017971524453503,False
1979-02-25 07:00:00,0.014834273,0.010415003,0.0075925365,0.012812508302740753,0.06025793157160066,False
1979-02-25 08:00:00,0.08883907,0.0156517,0.011410087,0.05765176452323794,0.06050049021798513,False
1979-02-25 09:00:00,0.18170664,0.020849612,0.015199368,0.11335900218226015,0.06118337222411003,False
1979-02-25 10:00:00,0.27196622,0.022861531,0.016666055,0.16626038022898137,0.06218294605066705,False
1979-02-25 11:00:00,0.33785942,0.023500266,0.017131694,0.204541595922783,0.06356929993657721,False
1979-02-25 12:00:00,0.3712662,0.02383557,0.01737613,0.22395422569289802,0.0652171077639518,False
1979-02-25 13:00:00,0.36477965,0.024088597,0.017560588,0.22031482275016603,0.06692450427439701,False
1979-02-25 14:00:00,0.31441164,0.025975633,0.018936234,0.19202308171987534,0.06872782960430425,False
1979-02-25 15:00:00,0.22420084,0.022045221,0.016070968,0.13836640629172323,0.07028919650945208,False
1979-02-25 16:00:00,0.116218664,0.017453598,0.012723674,0.07418562499433755,0.07153339599962673,False
1979-02-25 17:00:00,0.022809204,0.013778949,0.010044855,0.018787764955312012,0.0725241886758899,False
1979-02-25 18:00:00,1.9535386e-05,0.014446753,0.0105316825,0.0059108346593202445,0.07340532729480896,False
1979-02-25 19:00:00,0.0,0.014170117,0.010330016,0.005786593931727112,0.07421496369809723,False
1979-02-25 20:00:00,0.0,0.01576398,0.011491941,0.006437473230063915,0.07502115456600553,False
1979-02-25 21:00:00,0.0,0.018766467,0.013680755,0.007663586927577853,0.07587640494979099,False
1979-02-25 22:00:00,0.0,0.025741395,0.018765476,0.010511910293251277,0.07677720671703685,False
1979-02-25 23:00:00,0.0,0.03634034,0.026492108,0.014840159632265568,0.07774151714271978,False
1979-02-26 00:00:00,0.0,0.04327695,0.031718984,0.017682019963860512,0.07868874043765357,False
1979-02-26 01:00:00,0.0,0.04810242,0.035389178,0.019660808499902486,0.07962368095279783,False
1979-02-26 02:00:00,0.0,0.051951967,0.03833862,0.0212405613809824,0.08056593318892523,False
1979-02-26 03:00:00,0.0,0.053046554,0.039157677,0.02168869312852621,0.08149945828910098,False
1979-02-26 04:00:00,0.0,0.05430831,0.040022794,0.022200997330248353,0.08241276936143517,False
1979-02-26 05:00:00,0.0,0.05238616,0.038227156,0.0213947598002851,0.08334215302768976,False
1979-02-26 06:00:00,6.2812887e-06,0.055948272,0.04085053,0.022854465490539953,0.08428690845808127,False
1979-02-26 07:00:00,0.01845097,0.06508458,0.047992025,0.03725398768670857,0.0852438596454152,False
1979-02-26 08:00:00,0.09888389,0.08490172,0.063502036,0.09181384903937578,0.08629718698862841,False
1979-02-26 09:00:00,0.1909289,0.10235412,0.081041105,0.15231086762994525,0.08756788213177485,False
1979-02-26 10:00:00,0.28168982,0.12219255,0.10456184,0.21327041694521903,0.08907480724570088,False
1979-02-26 11:00:00,0.3482658,0.12456595,0.10527194,0.2525988858416676,0.0906381382966932,False
1979-02-26 12:00:00,0.3710676,0.124663785,0.10450857,0.2657504124641418,0.0921205053945202,False
1979-02-26 13:00:00,0.36143968,0.12295736,0.10205695,0.2594330350607634,0.0935516576554601,False
1979-02-26 14:00:00,0.30413905,0.12342387,0.105389684,0.2267226804718375,0.09481293536209405,False
1979-02-26 15:00:00,0.21092954,0.1168531,0.09923376,0.17018376432359217,0.09578078491891638,False
1979-02-26 16:00:00,0.11024492,0.11237286,0.09517355,0.11021627748757601,0.09661719483151625,False
1979-02-26 17:00:00,0.023719763,0.11163004,0.09439633,0.05997518912516534,0.09739568472404246,False
1979-02-26 18:00:00,3.584369e-05,0.11356607,0.09555793,0.047086690048097804,0.09812753139466261,False
1979-02-26 19:00:00,0.0,0.11283749,0.09599489,0.0468207591176033,0.09878585513728522,False
1979-02-26 20:00:00,0.0,0.11404575,0.09757754,0.04735206777602434,0.09943155366037591,False
1979-02-26 21:00:00,0.0,0.116240665,0.09913653,0.04824617819488049,0.1000318954875189,False
1979-02-26 22:00:00,0.0,0.12126013,0.105761476,0.05045610726624727,0.10055710585352118,False
1979-02-26 23:00:00,0.0,0.12092799,0.103997104,0.05023827172815799,0.1010677198772979,False
1979-02-27 00:00:00,0.0,0.11899597,0.09926641,0.04926989979296923,0.10142731640494512,False
1979-02-27 01:00:00,0.0,0.118592955,0.098100625,0.04905823420733213,0.10168737455790015,False
1979-02-27 02:00:00,0.0,0.11741957,0.09600334,0.048512001872062685,0.10189282779052937,False
1979-02-27 03:00:00,0.0,0.11572776,0.093596846,0.047757773078978064,0.1020742683283248,False
1979-02-27 04:00:00,0.0,0.11702835,0.09487661,0.04830679739266634,0.10226224525023336,False
1979-02-27 05:00:00,0.0,0.119474195,0.096084,0.04927451386302709,0.1024806811770619,False
1979-02-27 06:00:00,1.9679452e-05,0.120357014,0.09710125,0.049666560733016014,0.10278829229117457,False
1979-02-27 07:00:00,0.023264311,0.120997176,0.09816214,0.06337222077697516,0.10313326397092328,False
1979-02-27 08:00:00,0.11639597,0.124149375,0.10506548,0.11864513139426708,0.10360775553396684,False
1979-02-27 09:00:00,0.22863905,0.12927793,0.11227998,0.18569140765070916,0.10443438391255927,False
1979-02-27 10:00:00,0.3258355,0.1283435,0.10989705,0.2413002706766128,0.1056264261523457,False
1979-02-27 11:00:00,0.38776127,0.12495624,0.10829839,0.2756952166184783,0.1069908986266277,False
1979-02-27 12:00:00,0.41806632,0.1236886,0.1071143,0.29264953421801326,0.10842562016076811,False
1979-02-27 13:00:00,0.40200633,0.11775571,0.10086378,0.2808561526685953,0.10988395524886839,False
1979-02-27 14:00:00,0.33393946,0.110309295,0.094308525,0.23847986044734715,0.11117238607048459,False
1979-02-27 15:00:00,0.23705263,0.1004572,0.08640751,0.17851408209651706,0.11226277477814596,False
1979-02-27 16:00:00,0.12471211,0.09513712,0.08312325,0.11155313983559609,0.11311502697761572,False
1979-02-27 17:00:00,0.027488362,0.09135728,0.08045894,0.053916405145078894,0.11358433561407742,False
1979-02-27 18:00:00,5.9412927e-05,0.0899555,0.0793058,0.037510374305205915,0.11375245942668614,False
1979-02-27 19:00:00,0.0,0.088336825,0.077478416,0.036780123040080076,0.11391850396107239,False
1979-02-27 20:00:00,0.0,0.08469252,0.07411741,0.035253880932927126,0.11415983788251234,False
1979-02-27 21:00:00,0.0,0.07893415,0.06938859,0.032873684495687484,0.1143903908925253,False
1979-02-27 22:00:00,0.0,0.08421673,0.07306316,0.03502138343453407,0.11451096979436753,False
1979-02-27 23:00:00,0.0,0.07722631,0.066746004,0.032100792959332464,0.11444724302833258,False
1979-02-28 00:00:00,0.0,0.07258692,0.06259702,0.03016481130570173,0.11431954601175441,False
1979-02-28 01:00:00,0.0,0.071085155,0.060965583,0.02952256366610527,0.11417771134945853,False
1979-02-28 02:00:00,0.0,0.072049074,0.06228887,0.02994970719516277,0.11404371570703863,False
1979-02-28 03:00:00,0.0,0.073867746,0.06397013,0.030711585380136967,0.11387300351216746,False
1979-02-28 04:00:00,0.0,0.07862863,0.067999214,0.03268592181801796,0.11370183607098934,False
1979-02-28 05:00:00,0.0,0.08703163,0.0749152,0.03616009327769279,0.1135386836612719,False
1979-02-28 06:00:00,4.186566e-05,0.09471303,0.08221927,0.03941310611847802,0.1133852925840887,False
1979-02-28 07:00:00,0.0311932,0.101016834,0.08807211,0.060029582712799304,0.11325007794205993,False
1979-02-28 08:00:00,0.1502162,0.10786586,0.09286586,0.1314920112118125,0.11322448073830417,False
1979-02-28 09:00:00,0.28738433,0.105243206,0.09024802,0.20952889513969422,0.11322637873350916,False
1979-02-28 10:00:00,0.406042,0.10719141,0.09120786,0.27876509571075436,0.11330792523072995,False
1979-02-28 11:00:00,0.4798008,0.10759797,0.091052085,0.32146551948040725,0.11397987567810304,False
1979-02-28 12:00:00,0.50691193,0.104510464,0.08699907,0.3357504966929554,0.11461803717451753,False
1979-02-28 13:00:00,0.4820149,0.10433129,0.0862384,0.321277714498341,0.11506894573901433,False
1979-02-28 14:00:00,0.4068983,0.107182905,0.08760247,0.27906133843958375,0.11538474299594102,False
1979-02-28 15:00:00,0.288421,0.108040966,0.08899692,0.21109186989814044,0.11560935254308047,False
1979-02-28 16:00:00,0.15066518,0.11058325,0.09266784,0.13274309203773738,0.11597288721480059,False
1979-02-28 17:00:00,0.03262703,0.11864157,0.10075177,0.06804513213038445,0.1164164467449917,False
1979-02-28 18:00:00,7.514496e-05,0.13262165,0.11252003,0.05505682769863779,0.11689882150139465,False
1979-02-28 19:00:00,0.0,0.14077447,0.11961123,0.058404787346720693,0.11736098472944961,False
1979-02-28 20:00:00,0.0,0.14070089,0.12037006,0.05841861225664616,0.11785585780519563,False
1979-02-28 21:00:00,0.0,0.13020821,0.110872895,0.05403396548330784,0.11835306626636105,False
1979-02-28 22:00:00,0.0,0.11415059,0.0976973,0.04739722249656916,0.11887431782561857,False
1979-02-28 23:00:00,0.0,0.10630832,0.09038973,0.04410881493240595,0.11942942260935474,False
1979-03-01 00:00:00,0.0,0.102661915,0.08480721,0.04246183600276709,0.11997411487329324,False
1979-03-01 01:00:00,0.0,0.103367254,0.08303568,0.042626443371176714,0.12053437535589133,False
1979-03-01 02:00:00,0.0,0.09815202,0.07592077,0.040317816518247125,0.12112054382761511,False
1979-03-01 03:00:00,0.0,0.09631327,0.074113704,0.039541735902428626,0.12173498669670467,False
1979-03-01 04:00:00,0.0,0.098368116,0.077363834,0.040475481726229195,0.12237960366703142,False
1979-03-01 05:00:00,0.0,0.1018225,0.08035627,0.041911742158234115,0.12306154024958182,False
1979-03-01 06:00:00,7.350261e-05,0.10495019,0.081615314,0.04317625791563478,0.12381879388711918,False
1979-03-01 07:00:00,0.025800798,0.11452531,0.092530645,0.06214355499669909,0.12469396277627283,False
1979-03-01 08:00:00,0.11256892,0.12984565,0.10872079,0.1187362351641059,0.12578003459394285,False
1979-03-01 09:00:00,0.21428175,0.15946339,0.13190883,0.18960563951730725,0.1268088222799667,False
1979-03-01 10:00:00,0.31942636,0.21616425,0.17556068,0.2735538921505213,0.12779232502807858,False
1979-03-01 11:00:00,0.36963555,0.22588418,0.17955539,0.3063269684463739,0.1286076278054931,False
1979-03-01 12:00:00,0.3801608,0.23046212,0.18333031,0.314293145313859,0.12922263780268836,False
1979-03-01 13:00:00,0.356506,0.21843617,0.17976888,0.29601442100107667,0.1295536923112192,False
1979-03-01 14:00:00,0.29385972,0.19229534,0.16198294,0.24926111871004103,0.12966732367688474,False
1979-03-01 15:00:00,0.2169505,0.17050573,0.14567943,0.1959637463390827,0.12950718715695347,False
1979-03-01 16:00:00,0.12017256,0.15264232,0.13295208,0.13284399728477,0.12955563508612097,False
1979-03-01 17:00:00,0.029631147,0.14429477,0.12460096,0.07707039345242082,0.13006680514820224,False
1979-03-01 18:00:00,0.0001271817,0.14356782,0.12304262,0.05969420925184385,0.13107979770757175,False
1979-03-01 19:00:00,0.0,0.14577684,0.12485884,0.06053403067588806,0.13204121825228277,False
1979-03-01 20:00:00,0.0,0.14259256,0.1204302,0.059119887068867685,0.13284587805381806,False
1979-03-01 21:00:00,0.0,0.1397614,0.1170704,0.05789375934004784,0.13357621978073211,False
1979-03-01 22:00:00,0.0,0.14865111,0.12618804,0.061666413053870196,0.13436454550771806,False
1979-03-01 23:00:00,0.0,0.14045937,0.11882431,0.05824602162837982,0.13532949877892453,False
1979-03-02 00:00:00,0.0,0.13733843,0.118137665,0.05705731447041035,0.1363184918569291,False
1979-03-02 01:00:00,0.0,0.13845909,0.12161569,0.057658650308847426,0.13732518743620087,False
1979-03-02 02:00:00,0.0,0.14276144,0.12525915,0.05944296491146087,0.13833122493409386,False
1979-03-02 03:00:00,0.0,0.14811759,0.12958908,0.06165319995582103,0.13940874662565833,False
1979-03-02 04:00:00,0.0,0.15738994,0.13596278,0.06541887778043746,0.14048994977622128,False
1979-03-02 05:00:00,0.0,0.1745539,0.14996071,0.07250826787948608,0.14155447363936177,False
1979-03-02 06:00:00,0.00010833783,0.19583236,0.16845486,0.08142121279785351,0.14258308566025293,False
1979-03-02 07:00:00,0.03152242,0.2260744,0.1953915,0.11216102996096014,0.14363326139895452,False
1979-03-02 08:00:00,0.12836425,0.2569581,0.22203907,0.18087382014095782,0.14463893407047623,False
1979-03-02 09:00:00,0.23310593,0.2944189,0.2517469,0.25673702704906465,0.14517591273155891,False
1979-03-02 10:00:00,0.3064015,0.340399,0.28701368,0.31789962902665136,0.1450563870183337,False
1979-03-02 11:00:00,0.33929133,0.37493914,0.31226584,0.3509859993457794,0.14402379839549048,False
1979-03-02 12:00:00,0.3286902,0.39162764,0.3236346,0.35164111310243606,0.14298998579095637,False
1979-03-02 13:00:00,0.2920491,0.3823578,0.3172158,0.32673202005028723,0.14188874870096232,False
1979-03-02 14:00:00,0.2242487,0.3428911,0.28623086,0.27137478548288346,0.14116898936242694,False
1979-03-02 15:00:00,0.14825758,0.30863574,0.2590029,0.2134173704981804,0.14067123347388788,False
1979-03-02 16:00:00,0.07202993,0.27906695,0.23596813,0.15727925501763818,0.14027192487001006,False
1979-03-02 17:00:00,0.015341329,0.25979593,0.22133571,0.11666877498012036,0.1402258834026278,False
1979-03-02 18:00:00,6.523321e-05,0.24361151,0.20879121,0.10120501384476666,0.14055907826936545,False
1979-03-02 19:00:00,0.0,0.23351642,0.20112772,0.0970284578204155,0.14102007836751032,False
1979-03-02 20:00:00,0.0,0.22487147,0.19439708,0.09347501514852047,0.14145807779389757,False
1979-03-02 21:00:00,0.0,0.22096859,0.19141094,0.09187360037863254,0.14193114549941707,False
1979-03-02 22:00:00,0.0,0.22543068,0.19501959,0.09371497951447963,0.14239407719015465,False
1979-03-02 23:00:00,0.0,0.22023438,0.19099994,0.09158048267662525,0.1427840383369042,False
1979-03-03 00:00:00,0.0,0.21826419,0.18969883,0.09078322380781174,0.14314616084187612,False
1979-03-03 01:00:00,0.0,0.21848558,0.19064935,0.09091624327003955,0.14342313722237335,False
1979-03-03 02:00:00,0.0,0.22116764,0.19311109,0.0920388577133417,0.14366368011008337,False
1979-03-03 03:00:00,0.0,0.21973863,0.19177651,0.09143948712944984,0.14379340357049689,False
1979-03-03 04:00:00,0.0,0.22007385,0.19195142,0.09157262715697288,0.14383085542540386,False
1979-03-03 05:00:00,0.0,0.21936329,0.19148271,0.09128511916100979,0.14371175300977512,False
1979-03-03 06:00:00,0.0001458527,0.22467516,0.19621113,0.09358469337331189,0.14338903490170224,False
1979-03-03 07:00:00,0.017855834,0.24076626,0.20870885,0.11041584322974085,0.14290442963902447,False
1979-03-03 08:00:00,0.06809736,0.25315183,0.21862976,0.14451121089607477,0.1420481274111607,False
1979-03-03 09:00:00,0.13188669,0.25932175,0.2237048,0.18386840528249743,0.14039213464393044,False
1979-03-03 10:00:00,0.19504069,0.26820588,0.2311702,0.2239896382540464,0.13791089283053526,False
1979-03-03 11:00:00,0.24314997,0.28009608,0.24168478,0.25670396342873575,0.13471979466576825,False
1979-03-03 12:00:00,0.2539454,0.2766314,0.23759761,0.2614337649941444,0.13145556523650337,False
1979-03-03 13:00:00,0.25542203,0.27461192,0.23621602,0.261465972751379,0.12829236883669545,False
1979-03-03 14:00:00,0.20790191,0.25369865,0.21841913,0.22536883606016636,0.1255226300293525,False
1979-03-03 15:00:00,0.14024118,0.23053506,0.20019144,0.17679693335294722,0.12338112681079107,False
1979-03-03 16:00:00,0.072894596,0.21277076,0.1863225,0.13063400685042142,0.12172644538928516,False
1979-03-03 17:00:00,0.017299823,0.19944052,0.17570733,0.09306374705582857,0.12037090489578195,False
1979-03-03 18:00:00,9.496848e-05,0.19635685,0.17243963,0.08182221396279783,0.11909966044692007,False
1979-03-03 19:00:00,0.0,0.19603361,0.17077038,0.08155800314247608,0.11787337443274643,False
1979-03-03 20:00:00,0.0,0.19682828,0.17032413,0.08182713693380356,0.11672922832048695,False
1979-03-03 21:00:00,0.0,0.19291872,0.16532359,0.08011448049545287,0.1156730620460139,False
1979-03-03 22:00:00,0.0,0.19380257,0.16428521,0.0803845480978489,0.11466937182047603,False
1979-03-03 23:00:00,0.0,0.18255804,0.15303673,0.07562790186703205,0.11365627840436261,False
1979-03-04 00:00:00,0.0,0.1703244,0.13893476,0.07035218073427676,0.11269132463163894,False
1979-03-04 01:00:00,0.0,0.16785921,0.13453074,0.0692047089189291,0.11172909054900719,False
1979-03-04 02:00:00,0.0,0.15965731,0.12511374,0.06566969101130962,0.11075282696117845,False
1979-03-04 03:00:00,0.0,0.15430422,0.120604284,0.0634508889913559,0.10972702462966753,False
1979-03-04 04:00:00,0.0,0.14537077,0.11222498,0.059701961830258374,0.10868798340200646,False
1979-03-04 05:00:00,0.0,0.13896939,0.106260985,0.05701779869198799,0.10764705702285482,False
1979-03-04 06:00:00,0.00019572844,0.1415691,0.10755981,0.05816016018931987,0.10663690587966902,False
1979-03-04 07:00:00,0.01686048,0.14966953,0.112999454,0.07105852302350103,0.10561274552079308,False
1979-03-04 08:00:00,0.06075419,0.16174738,0.12307806,0.10138616731390357,0.10459009398739089,False
1979-03-04 09:00:00,0.11117407,0.17910321,0.13705365,0.13763742000609638,0.10384145410252038,False
1979-03-04 10:00:00,0.16138808,0.17414351,0.13605626,0.16472691711783408,0.10330501330816422,False
1979-03-04 11:00:00,0.20192489,0.18903536,0.14885701,0.19430298674106597,0.10286102120673209,False
1979-03-04 12:00:00,0.21294113,0.18710814,0.14625466,0.19980768591165543,0.10258160101903528,False
1979-03-04 13:00:00,0.21042936,0.17582199,0.13867602,0.19378455729782582,0.10253533419844309,False
1979-03-04 14:00:00,0.1805548,0.15600675,0.12659287,0.1685826309919357,0.10242604880129842,False
1979-03-04 15:00:00,0.13351426,0.13800137,0.11171171,0.1339926622658968,0.10237760334153273,False
1979-03-04 16:00:00,0.07572056,0.11767031,0.0944852,0.09221331132948397,0.10227345072479843,False
1979-03-04 17:00:00,0.01992984,0.107104026,0.08570627,0.055649041434749955,0.10191133816945602,False
1979-03-04 18:00:00,0.00016561859,0.10234739,0.08299142,0.04234328516443202,0.10125584068166638,False
1979-03-04 19:00:00,0.0,0.10190406,0.08346014,0.04210944443196058,0.10045476121754487,False
1979-03-04 20:00:00,0.0,0.10336989,0.08584341,0.04277903397381306,0.09967311376352896,False
1979-03-04 21:00:00,0.0,0.10537889,0.08910481,0.04369646955281496,0.09889520453634774,False
1979-03-04 22:00:00,0.0,0.10835465,0.09451166,0.04508649554103612,0.09815447708518348,False
1979-03-04 23:00:00,0.0,0.10864198,0.0958113,0.04526270158588886,0.09746149048321984,False
1979-03-05 00:00:00,0.0,0.10702805,0.09449327,0.044595987841486925,0.09683227762646145,False
1979-03-05 01:00:00,0.0,0.10583333,0.09264986,0.04405559105426073,0.09625947103156811,False
1979-03-05 02:00:00,0.0,0.10300266,0.08874749,0.04280034580081701,0.09563886451880549,False
1979-03-05 03:00:00,0.0,0.10019857,0.085041426,0.04156550820171833,0.09504087088742395,False
1979-03-05 04:00:00,0.0,0.10037112,0.08465216,0.041608160957694054,0.09445339222923954,False
1979-03-05 05:00:00,0.0,0.1030976,0.08805276,0.04279786428809165,0.09395351507068712,False
1979-03-05 06:00:00,0.00023497209,0.10638121,0.09323614,0.04442499614726694,0.09354369349750791,False
1979-03-05 07:00:00,0.026620766,0.11021429,0.098135434,0.06132856962643563,0.09314238495166575,False
1979-03-05 08:00:00,0.10462625,0.11555998,0.1030651,0.1085764964222908,0.09287491740597108,False
1979-03-05 09:00:00,0.19112341,0.11463447,0.10260963,0.15811924715340137,0.09293675667583327,False
1979-03-05 10:00:00,0.26658332,0.117076494,0.10478173,0.20267801738530397,0.0933982958286877,False
1979-03-05 11:00:00,0.33607152,0.118285194,0.106135,0.2432917944192886,0.0943719685922874,False
1979-03-05 12:00:00,0.36015645,0.12324014,0.10976065,0.25921295760571955,0.09537608839222544,False
1979-03-05 13:00:00,0.35322633,0.12567306,0.11176521,0.25622027368843553,0.09657895635992292,False
1979-03-05 14:00:00,0.29883343,0.12137802,0.10792733,0.2230434539914131,0.0977722492142767,False
1979-03-05 15:00:00,0.21624163,0.1127647,0.10029655,0.17179760774970054,0.09881347337342182,False
1979-03-05 16:00:00,0.11884306,0.107071094,0.09575783,0.11325260419398546,0.09946567602168772,False
1979-03-05 17:00:00,0.031647645,0.10383057,0.09306846,0.06159986764192581,0.09982536673103774,False
1979-03-05 18:00:00,0.00031723393,0.10344794,0.092871614,0.04337039968496538,0.09992649831766733,False
1979-03-05 19:00:00,0.0,0.1054676,0.09484037,0.04403892534971238,0.1000489981601384,False
1979-03-05 20:00:00,0.0,0.10654735,0.095768936,0.04448749402910471,0.10034799484940214,False
1979-03-05 21:00:00,0.0,0.10670095,0.096053936,0.04455956283956766,0.10074504965389115,False
1979-03-05 22:00:00,0.0,0.112648085,0.10285274,0.04712119120359421,0.10120316409304707,False
1979-03-05 23:00:00,0.0,0.10872581,0.09825669,0.04542568474262953,0.10172678006844564,False
1979-03-06 00:00:00,0.0,0.10270965,0.09180746,0.04285746417939663,0.10233216240195525,False
1979-03-06 01:00:00,0.0,0.09461953,0.08335168,0.039415596306324005,0.10303019709730488,False
1979-03-06 02:00:00,0.0,0.0889901,0.07645648,0.03696599670499563,0.1038576116467264,False
1979-03-06 03:00:00,0.0,0.085186556,0.07070508,0.03525191339850426,0.10490966236343574,False
1979-03-06 04:00:00,0.0,0.086260825,0.07180766,0.035707858219742775,0.10618730036852848,False
1979-03-06 05:00:00,0.0,0.09006124,0.076180845,0.037346363179385667,0.10765532095203144,False
1979-03-06 06:00:00,0.00045081213,0.093118094,0.07919731,0.038897349988896164,0.10914834787914496,False
1979-03-06 07:00:00,0.030828424,0.097318694,0.08373115,0.058220080830156805,0.11058512380772674,False
1979-03-06 08:00:00,0.11089377,0.09718782,0.08345263,0.10435445226728915,0.11207203562001948,False
1979-03-06 09:00:00,0.20884232,0.094713375,0.080371186,0.1597912993431091,0.11356008966052844,False
1979-03-06 10:00:00,0.3028475,0.088798456,0.07321425,0.21146320977061986,0.1155242574848539,False
1979-03-06 11:00:00,0.3577125,0.08747212,0.070803866,0.2425007371380925,0.11744573216065703,False
1979-03-06 12:00:00,0.38738734,0.08249487,0.06633794,0.2575453483611345,0.11902225028586823,False
1979-03-06 13:00:00,0.37550694,0.0835703,0.06588278,0.2510626143068075,0.12038893912316549,False
1979-03-06 14:00:00,0.31706572,0.08677211,0.06658454,0.21856139063090085,0.12131312045504589,False
1979-03-06 15:00:00,0.2258462,0.08537295,0.064491,0.16529838938266037,0.12204466420865247,False
1979-03-06 16:00:00,0.13110247,0.08255104,0.06242602,0.10947846537828444,0.12255075836790046,False
1979-03-06 17:00:00,0.037959214,0.09426383,0.07069515,0.06050335759297013,0.12274190210103929,False
1979-03-06 18:00:00,0.0005071133,0.116939016,0.088521786,0.04822327760304324,0.12269016147415714,False
1979-03-06 19:00:00,0.0,0.13673659,0.111212686,0.05646128551661968,0.12243730341106689,False
1979-03-06 20:00:00,0.0,0.14918093,0.12573889,0.06183766458928585,0.12214144650869106,False
1979-03-06 21:00:00,0.0,0.15818204,0.13549611,0.06568596263229848,0.121826428672057,False
1979-03-06 22:00:00,0.0,0.16903488,0.14529982,0.0702200623601675,0.12153141918288579,False
1979-03-06 23:00:00,0.0,0.17884609,0.15420085,0.07432105359435082,0.12117039248183405,False
1979-03-07 00:00:00,0.0,0.1878959,0.16237164,0.07810165321826935,0.12083222992088681,False
1979-03-07 01:00:00,0.0,0.20165758,0.17333043,0.08377148942649365,0.12046586537383532,False
1979-03-07 02:00:00,0.0,0.22478423,0.19172965,0.09329878020286561,0.12011723857255686,False
1979-03-07 03:00:00,0.0,0.24816789,0.20959596,0.10289213244616985,0.11974770009423641,False
1979-03-07 04:00:00,0.0,0.26990566,0.23107336,0.11207314896583556,0.11935296694141846,False
1979-03-07 05:00:00,0.0,0.2753853,0.2378886,0.11446315678954123,0.11891926416311448,False
1979-03-07 06:00:00,0.0007037349,0.27171257,0.23559716,0.11339024071919265,0.11842998411901329,False
1979-03-07 07:00:00,0.03611393,0.26920164,0.2319851,0.1327003366164863,0.11792458051368411,False
1979-03-07 08:00:00,0.11657141,0.27116013,0.23487592,0.18000309036672113,0.11762629499786041,False
1979-03-07 09:00:00,0.2099967,0.31618267,0.26962593,0.25239930272102357,0.11781572560596408,False
1979-03-07 10:00:00,0.28861994,0.30943236,0.2628622,0.2949088018238545,0.11841579423071634,False
1979-03-07 11:00:00,0.3388162,0.29806256,0.2496784,0.31896466442942617,0.1187872173129873,False
1979-03-07 12:00:00,0.35744518,0.28630954,0.239258,0.32481402179598806,0.1194109201040411,False
1979-03-07 13:00:00,0.3416829,0.2500722,0.20654245,0.3005809776186943,0.11998034041859025,False
1979-03-07 14:00:00,0.29583836,0.21153416,0.17412442,0.25815755416452885,0.12068776044376632,False
1979-03-07 15:00:00,0.22304589,0.16285105,0.13519655,0.1960901273936033,0.1213852420798795,False
1979-03-07 16:00:00,0.12840097,0.11664637,0.09810434,0.12242750338464975,0.12195621370371869,False
1979-03-07 17:00:00,0.03844541,0.08945204,0.072694674,0.05911631755158305,0.12218804353400882,False
1979-03-07 18:00:00,0.0007949577,0.074731775,0.05923143,0.031233212656632533,0.12210679585908668,False
1979-03-07 19:00:00,0.0,0.07264996,0.056110326,0.02983779403567314,0.12175293947875143,False
1979-03-07 20:00:00,0.0,0.07170641,0.053832848,0.029366637870669364,0.12130495108969153,False
1979-03-07 21:00:00,0.0,0.074371725,0.054739643,0.030399107359349725,0.12085566948892192,False
1979-03-07 22:00:00,0.0,0.07292878,0.053355373,0.029791909553110597,0.1204606175443867,False
1979-03-07 23:00:00,0.0,0.07145835,0.052328736,0.029193881817162037,0.12019233723196776,False
1979-03-08 00:00:00,0.0,0.06188547,0.045115333,0.02527196592092514,0.1199505708434397,False
1979-03-08 01:00:00,0.0,0.05554211,0.0404902,0.02268150984495878,0.11978701323296519,False
1979-03-08 02:00:00,0.0,0.04708558,0.034325387,0.01922814974561334,0.1196478186047414,False
1979-03-08 03:00:00,0.0,0.039926738,0.02910659,0.01630472206324339,0.11945477488103896,False
1979-03-08 04:00:00,0.0,0.036462694,0.026581308,0.01489012486115098,0.11922820334627866,False
1979-03-08 05:00:00,0.0,0.033942398,0.024744006,0.013860921062529086,0.11902042345448971,False
1979-03-08 06:00:00,0.00084074197,0.034657314,0.025265181,0.01463797693309607,0.11900263593278469,False
1979-03-08 07:00:00,0.041144922,0.04937178,0.035992026,0.04390237607061863,0.11931330650413546,False
1979-03-08 08:00:00,0.13738763,0.08368585,0.06100699,0.11344712145626544,0.12022684068874283,False
1979-03-08 09:00:00,0.24883936,0.11023024,0.080357835,0.18859459333121775,0.12142947981185727,False
1979-03-08 10:00:00,0.33430174,0.08913429,0.0649789,0.22929151771962641,0.12267462954318288,False
1979-03-08 11:00:00,0.40550956,0.094178885,0.0686564,0.272438471108675,0.12486042375200256,False
1979-03-08 12:00:00,0.4165512,0.108968504,0.07996485,0.2848775234594941,0.12813926812716586,False
1979-03-08 13:00:00,0.40963924,0.11868241,0.090057895,0.2850187755152583,0.13153916663076246,False
1979-03-08 14:00:00,0.35171756,0.11944842,0.093018666,0.2520405091643333,0.1345766182773636,False
1979-03-08 15:00:00,0.2558794,0.10932973,0.08740633,0.19270502732694147,0.1372833351575659,False
1979-03-08 16:00:00,0.14548163,0.08860127,0.073509775,0.12060629723221063,0.139935032974514,False
1979-03-08 17:00:00,0.04614417,0.07215645,0.062084317,0.05660346919670701,0.14321513048207526,False
1979-03-08 18:00:00,0.0009560813,0.073788315,0.064048596,0.031238171346951272,0.1473637320961305,False
1979-03-08 19:00:00,0.0,0.08395235,0.07369305,0.03495784284174442,0.15195346077928795,False
1979-03-08 20:00:00,0.0,0.09669403,0.08503798,0.04027214775234461,0.15647857721360878,False
1979-03-08 21:00:00,0.0,0.11224934,0.098212294,0.04672346929460764,0.1607154846426706,False
1979-03-08 22:00:00,0.0,0.13808523,0.11831772,0.057342607364058495,0.16458425507765742,False
1979-03-08 23:00:00,0.0,0.15111311,0.12880611,0.06271626694500446,0.16794229002601013,False
1979-03-09 00:00:00,0.0,0.16916795,0.14496137,0.07025088791549206,0.17105208648533107,False
1979-03-09 01:00:00,0.0,0.1853806,0.16082793,0.07709014727175235,0.17392165510334553,False
1979-03-09 02:00:00,0.0,0.20193955,0.17624049,0.08403268146514892,0.17654912784999713,False
1979-03-09 03:00:00,0.0,0.22112626,0.19298351,0.09201669877767563,0.17906341769966774,False
1979-03-09 04:00:00,0.0,0.24538878,0.21391214,0.10209971415996552,0.1813929281886808,False
1979-03-09 05:00:00,0.0,0.27306876,0.23790713,0.11360935574769974,0.18359538250720608,False
1979-03-09 06:00:00,0.0015544174,0.30633238,0.2660904,0.12830242814403026,0.18577999252431576,False
1979-03-09 07:00:00,0.051117476,0.35358226,0.30709887,0.1765499774776399,0.1878844017480862,False
1979-03-09 08:00:00,0.14944866,0.36349013,0.32166722,0.2377297682762146,0.1900036825385307,False
1979-03-09 09:00:00,0.24651496,0.40816742,0.35765886,0.31216648982465267,0.19215446871516503,False
1979-03-09 10:00:00,0.3201056,0.5174274,0.44806075,0.3998269238471985,0.1946969969356174,False
1979-03-09 11:00:00,0.3649663,0.6388614,0.5559958,0.47634919443726537,0.1972150316703806,False
1979-03-09 12:00:00,0.35666192,0.67865604,0.5887249,0.4880091499686241,0.19955501266938844,False
1979-03-09 13:00:00,0.30259916,0.65493125,0.5575798,0.44637865665555,0.2018973065501131,False
1979-03-09 14:00:00,0.2351367,0.6083867,0.5168777,0.3880799644142389,0.20389267571143707,False
1979-03-09 15:00:00,0.14622633,0.5753114,0.49461323,0.32337162260711194,0.20564091542857288,False
1979-03-09 16:00:00,0.071543284,0.5739986,0.49604142,0.2798721837475896,0.20692738400428146,False
1979-03-09 17:00:00,0.019633697,0.59499407,0.50681,0.2582491950262338,0.2077212016214358,False
1979-03-09 18:00:00,0.00036134702,0.60644364,0.51025903,0.2515401894481911,0.20820030760576227,False
1979-03-09 19:00:00,0.0,0.5970299,0.49517298,0.2470433828830719,0.20848715692271644,False
1979-03-09 20:00:00,0.0,0.56194067,0.47003865,0.2327381944656372,0.2086461766923515,False
1979-03-09 21:00:00,0.0,0.5210195,0.44155344,0.21610008823871613,0.20866321425025516,False
1979-03-09 22:00:00,0.0,0.4599953,0.39332077,0.19097758707404136,0.20848811808812598,False
1979-03-09 23:00:00,0.0,0.43028015,0.36464328,0.1784641118645668,0.20813912333666515,False
1979-03-10 00:00:00,0.0,0.39378336,0.32787406,0.16301125958561896,0.2075635848979203,False
1979-03-10 01:00:00,0.0,0.36015525,0.29449838,0.14880020168423652,0.20673060078478586,False
1979-03-10 02:00:00,0.0,0.33926937,0.27266046,0.13991406252980232,0.20571664900171738,False
1979-03-10 03:00:00,0.0,0.31072992,0.24929416,0.1281212255358696,0.20453980239319783,False
1979-03-10 04:00:00,0.0,0.29206407,0.23770908,0.12060793215036392,0.20323153082586062,False
1979-03-10 05:00:00,0.0,0.2872513,0.23567545,0.11872220188379287,0.20180218727586027,False
1979-03-10 06:00:00,0.001307776,0.27790093,0.22869608,0.11564961967407725,0.2002053302049374,False
1979-03-10 07:00:00,0.043245696,0.2919878,0.23947383,0.14562785401195288,0.19839165164680492,False
1979-03-10 08:00:00,0.14884421,0.31648552,0.2596035,0.21668485793471337,0.19605721409823396,False
1979-03-10 09:00:00,0.27814898,0.3636133,0.29575327,0.3106359479129315,0.19320869193554815,False
1979-03-10 10:00:00,0.37268674,0.3267472,0.26939285,0.3501571849882602,0.18957558704496322,False
1979-03-10 11:00:00,0.43812227,0.3190114,0.2638112,0.3847575590610504,0.18455629832905676,False
1979-03-10 12:00:00,0.46817234,0.30720443,0.2558103,0.3973076297342777,0.178228970644247,False
1979-03-10 13:00:00,0.44680426,0.29706052,0.24768719,0.38079649525880815,0.17190532009228712,False
1979-03-10 14:00:00,0.38555974,0.2739877,0.22938114,0.335956015586853,0.16604769211777445,False
1979-03-10 15:00:00,0.27627537,0.22934589,0.19288889,0.25445551896095275,0.16092139567235755,False
1979-03-10 16:00:00,0.15671855,0.16456918,0.13994277,0.15870954285562036,0.15660792880849564,False
1979-03-10 17:00:00,0.05240641,0.11909428,0.100301236,0.0796005564443767,0.15273134785769157,False
1979-03-10 18:00:00,0.0013936971,0.10672854,0.08925823,0.0450069385607494,0.1489105320574293,False
1979-03-10 19:00:00,0.0,0.10290522,0.08553269,0.042590791784226895,0.1451126735944511,False
1979-03-10 20:00:00,0.0,0.0993361,0.08212831,0.04108995053172111,0.14149953408615903,False
1979-03-10 21:00:00,0.0,0.092898175,0.0748042,0.03831885351240635,0.13829075491504983,False
1979-03-10 22:00:00,0.0,0.098402604,0.07926478,0.04059085929393769,0.13555752978736774,False
1979-03-10 23:00:00,0.0,0.08557232,0.06507846,0.035090421885252,0.13324361702969537,False
1979-03-11 00:00:00,0.0,0.07405951,0.054438736,0.030267650485038756,0.13125063871668893,False
1979-03-11 01:00:00,0.0,0.069587424,0.05079078,0.02842046168446541,0.12966026301386077,False
1979-03-11 02:00:00,0.0,0.067449406,0.04917062,0.027544044256210327,0.1284452623760538,False
1979-03-11 03:00:00,0.0,0.071552634,0.05216188,0.029219663545489313,0.12743026374915856,False
1979-03-11 04:00:00,0.0,0.081778824,0.06138588,0.03349122375994921,0.1266321747143032,False
1979-03-11 05:00:00,0.0,0.08983572,0.07057104,0.036960216343402866,0.1260094135411294,False
1979-03-11 06:00:00,0.001925561,0.097078845,0.07986509,0.04124585735367145,0.12549301122298706,False
1979-03-11 07:00:00,0.035303064,0.10668212,0.08817416,0.06449697514623404,0.12517252548620036,False
1979-03-11 08:00:00,0.09243238,0.11522536,0.09535303,0.1010007044672966,0.12473107194162215,False
1979-03-11 09:00:00,0.14457001,0.1317054,0.10669012,0.1377774550765753,0.12371062797749348,False
1979-03-11 10:00:00,0.17687082,0.13790406,0.1103704,0.1589010654836893,0.12189196214397059,False
1979-03-11 11:00:00,0.18638043,0.15814956,0.124792054,0.1726374655663967,0.11996254206300334,False
1979-03-11 12:00:00,0.19156878,0.17993112,0.1397066,0.18447392347455024,0.11855723306450304,False
1979-03-11 13:00:00,0.14858428,0.19345637,0.14988865,0.16521251387894154,0.1174454122003223,False
1979-03-11 14:00:00,0.11094195,0.19008324,0.1456207,0.14201773503422735,0.11696625908626174,False
1979-03-11 15:00:00,0.07629617,0.1760913,0.13564134,0.11632521314173937,0.11688921956259067,False
1979-03-11 16:00:00,0.042715304,0.16830534,0.13046108,0.09379629810899495,0.11752308985783959,False
1979-03-11 17:00:00,0.012594216,0.16471675,0.1259758,0.07485003661364317,0.11856479177785967,False
1979-03-11 18:00:00,0.00038315865,0.16817725,0.12897216,0.06924298322523827,0.11974574506607767,False
1979-03-11 19:00:00,0.0,0.17914534,0.1390381,0.0736126864850521,0.12099596158811103,False
1979-03-11 20:00:00,0.0,0.19138798,0.14990054,0.07871679425239562,0.12233422500058289,False
1979-03-11 21:00:00,0.0,0.20644608,0.16160515,0.0849052821099758,0.12377310133516069,False
1979-03-11 22:00:00,0.0,0.19440256,0.15139315,0.07990977470576763,0.12532672574254897,False
1979-03-11 23:00:00,0.0,0.20172681,0.15488815,0.08280115284025669,0.1268844054013046,False
1979-03-12 00:00:00,0.0,0.21128407,0.16128525,0.08667322584986686,0.1286503426532748,False
1979-03-12 01:00:00,0.0,0.220201,0.17085189,0.09048017106950282,0.1305041166401955,False
1979-03-12 02:00:00,0.0,0.22145785,0.17548482,0.09119412843883037,0.1324163869514617,False
1979-03-12 03:00:00,0.0,0.21770933,0.17552237,0.08981295186281205,0.1343133412401679,False
1979-03-12 04:00:00,0.0,0.21955815,0.17960072,0.09071539583802224,0.1361440536861795,False
1979-03-12 05:00:00,0.0,0.22748695,0.18504083,0.09393489061295987,0.13784046541364145,False
1979-03-12 06:00:00,0.00082495227,0.24184625,0.19535261,0.10026630430831572,0.13942347581521822,False
1979-03-12 07:00:00,0.026061848,0.2653211,0.21290573,0.12443808387219904,0.1409039237629862,False
1979-03-12 08:00:00,0.086122215,0.28620756,0.2296378,0.1677035476565361,0.14238292008407946,False
1979-03-12 09:00:00,0.15566853,0.32413697,0.2576427,0.2233399879038334,0.14374131523990916,False
1979-03-12 10:00:00,0.21377502,0.32532477,0.2620739,0.25754502110183236,0.14588406416015612,False
1979-03-12 11:00:00,0.27912274,0.37866557,0.30595022,0.31730272713303564,0.14830216374824978,False
1979-03-12 12:00:00,0.3044922,0.40759254,0.33049223,0.343940228253603,0.1500609772750416,False
1979-03-12 13:00:00,0.31345803,0.42834234,0.34951,0.35779714578390115,0.15127569795479912,False
1979-03-12 14:00:00,0.2715879,0.42493832,0.34721583,0.3322581184506416,0.15221560514208463,False
1979-03-12 15:00:00,0.21430422,0.39029515,0.31868234,0.28488129313290117,0.15269490374937567,False
1979-03-12 16:00:00,0.12879366,0.32476667,0.2695999,0.20871123501658437,0.15266586365048687,False
1979-03-12 17:00:00,0.045253754,0.26568088,0.22478989,0.13628631427884103,0.1521672800192849,False
1979-03-12 18:00:00,0.001550931,0.25068572,0.21517432,0.10501733161835,0.1512077125238184,False
1979-03-12 19:00:00,0.0,0.25706723,0.22165975,0.1068274355828762,0.1499313868059256,False
1979-03-12 20:00:00,0.0,0.26493487,0.22953793,0.11015601459145546,0.14853215511245102,False
1979-03-12 21:00:00,0.0,0.27139187,0.23609677,0.1128928250670433,0.14702203221744306,False
1979-03-12 22:00:00,0.0,0.27713352,0.24254097,0.11535948291420936,0.14536279686543307,False
1979-03-12 23:00:00,0.0,0.28821653,0.250065,0.11985540997982025,0.14380311395871134,False
1979-03-13 00:00:00,0.0,0.28690496,0.24779391,0.11924880185723304,0.14216489984813993,False
1979-03-13 01:00:00,0.0,0.28921887,0.24977171,0.12020943662524222,0.1404296601799145,False
1979-03-13 02:00:00,0.0,0.28531876,0.24657828,0.11859785011410713,0.1386051887443758,False
1979-03-13 03:00:00,0.0,0.28163552,0.24389543,0.11709386095404624,0.1367555726655704,False
1979-03-13 04:00:00,0.0,0.27631193,0.23999783,0.11491898667812347,0.13493073982559176,False
1979-03-13 05:00:00,0.0,0.271474,0.23649645,0.11294471561908721,0.13308818059382643,False
1979-03-13 06:00:00,0.0024348353,0.26656407,0.23222809,0.11230735884653403,0.13118272822798496,False
1979-03-13 07:00:00,0.04051426,0.27025008,0.22944055,0.13548879855871201,0.129188178673416,False
1979-03-13 08:00:00,0.103872016,0.25662664,0.2143387,0.16620367194712163,0.12721528434946508,False
1979-03-13 09:00:00,0.15855576,0.36040288,0.29914936,0.24062940324842927,0.12532770582852182,False
1979-03-13 10:00:00,0.2127136,0.36756128,0.30748123,0.2749698457121849,0.12340857711514919,False
1979-03-13 11:00:00,0.23305146,0.29676646,0.24227771,0.2570605148524046,0.12168930303874886,False
1979-03-13 12:00:00,0.24535003,0.24569626,0.19540049,0.24278051610291004,0.11920179960235483,False
1979-03-13 13:00:00,0.23188227,0.18690246,0.14009218,0.2103280588686466,0.11630259604859783,False
1979-03-13 14:00:00,0.20459384,0.11469323,0.08614114,0.16502406818419693,0.11282058502150695,False
1979-03-13 15:00:00,0.15640672,0.060339656,0.044801492,0.11493128839507699,0.109316648659481,False
1979-03-13 16:00:00,0.09875553,0.0315294,0.023110993,0.06986428381130098,0.10591814220055468,False
1979-03-13 17:00:00,0.035187665,0.020784086,0.0151515985,0.02879079683125019,0.10316340250788718,False
1979-03-13 18:00:00,0.0014475777,0.017494347,0.012753378,0.007979348766384646,0.1011320657731173,False
1979-03-13 19:00:00,0.0,0.01579359,0.011513528,0.006449565198272466,0.09941299716227547,False
1979-03-13 20:00:00,0.0,0.015258115,0.0111231655,0.006230895292013883,0.0977449756337595,False
1979-03-13 21:00:00,0.0,0.012885463,0.009393504,0.005261985213495791,0.09605692513131396,False
1979-03-13 22:00:00,0.0,0.012354102,0.00900614,0.0050449951831251375,0.09435304118863165,False
1979-03-13 23:00:00,0.0,0.010203777,0.007438553,0.0041668755328282715,0.09258701110708385,False
1979-03-14 00:00:00,0.0,0.008281105,0.006036925,0.003381721775047481,0.09084571124969841,False
1979-03-14 01:00:00,0.0,0.007115044,0.005186868,0.002905542163643986,0.08919177979959965,False
1979-03-14 02:00:00,0.0,0.0059078294,0.0043068076,0.0024125566561706362,0.08759105363658488,False
1979-03-14 03:00:00,0.0,0.0054386887,0.003964804,0.0022209755438379946,0.08608652145492703,False
1979-03-14 04:00:00,0.0,0.00556499,0.004056878,0.0022725527132861317,0.08472651572788925,False
1979-03-14 05:00:00,0.0,0.0060562757,0.0044150245,0.0024731770525686443,0.08349887720572623,False
1979-03-14 06:00:00,0.0028635764,0.0070418254,0.005133491,0.004527925689006224,0.08243024265191377,False
1979-03-14 07:00:00,0.04492315,0.009350679,0.0068166447,0.02973915632255375,0.0815207478114029,False
1979-03-14 08:00:00,0.12572497,0.01115781,0.008134045,0.07709977865125983,0.08061340424149274,False
1979-03-14 09:00:00,0.21766086,0.01379031,0.010053136,0.1312218096619472,0.08045400804306978,False
1979-03-14 10:00:00,0.29153284,0.016664987,0.012148776,0.1750198654346168,0.07972541052656536,False
1979-03-14 11:00:00,0.3304696,0.017684132,0.012891732,0.19790256218612193,0.07908349084414208,False
1979-03-14 12:00:00,0.34228402,0.017828556,0.012997016,0.20477845767326652,0.07938484888239118,False
1979-03-14 13:00:00,0.31489164,0.02196104,0.016009597,0.19066061648353932,0.08027303678847515,False
1979-03-14 14:00:00,0.2652543,0.026979348,0.019667946,0.16406917307339605,0.08179557993319793,False
1979-03-14 15:00:00,0.18823783,0.032176416,0.02345661,0.12175298310443759,0.08376727792351484,False
1979-03-14 16:00:00,0.10782314,0.034941494,0.02548826,0.07648372976854442,0.08594215185228711,False
1979-03-14 17:00:00,0.037827365,0.041455835,0.03071404,0.03878215100988745,0.0878459087339631,False
1979-03-14 18:00:00,0.0015289464,0.05276744,0.039789826,0.022502038297941906,0.08989416475891422,False
1979-03-14 19:00:00,0.0,0.06518204,0.05018945,0.026762402214109894,0.09195662436778401,False
1979-03-14 20:00:00,0.0,0.07079989,0.05563763,0.029129590474069118,0.09390524642662822,False
1979-03-14 21:00:00,0.0,0.07556106,0.059710447,0.031106395818293095,0.09570818666093728,False
1979-03-14 22:00:00,0.0,0.07405231,0.060458075,0.030590038999915123,0.09742088559955336,False
1979-03-14 23:00:00,0.0,0.08770205,0.07242519,0.03627301682531833,0.09902345445517895,False
1979-03-15 00:00:00,0.0,0.09612189,0.081316926,0.03986009225249291,0.10063908900662537,False
1979-03-15 01:00:00,0.0,0.10462107,0.08832235,0.043374580800533295,0.10224774941439718,False
1979-03-15 02:00:00,0.0,0.11195789,0.09384894,0.046380305394530294,0.10385100777087829,False
1979-03-15 03:00:00,0.0,0.12508975,0.1047309,0.05181358605623246,0.10543010012367486,False
1979-03-15 04:00:00,0.0,0.1351537,0.113344885,0.055992337614297866,0.10696628084628938,False
1979-03-15 05:00:00,0.0,0.14891714,0.12407098,0.061650257036089895,0.10846588095625376,False
1979-03-15 06:00:00,0.0030512083,0.16168438,0.13388006,0.06865160650201142,0.10992196723872659,False
1979-03-15 07:00:00,0.039306294,0.1672487,0.13966309,0.09193630720302462,0.11133208836248415,False
1979-03-15 08:00:00,0.10243011,0.24082261,0.19605435,0.1585526544228196,0.112551765024643,False
1979-03-15 09:00:00,0.160732,0.2732484,0.2238092,0.2056567224562168,0.11326147488023502,False
1979-03-15 10:00:00,0.23308718,0.26447922,0.22358453,0.24415770095586775,0.11361483152492087,False
1979-03-15 11:00:00,0.2708992,0.27774787,0.23570175,0.27152570068836207,0.11349379809241546,False
1979-03-15 12:00:00,0.28464374,0.29169783,0.25069627,0.2854135355949402,0.11330953136220379,False
1979-03-15 13:00:00,0.27654397,0.2980567,0.25669143,0.28341012981534,0.11304727154976026,False
1979-03-15 14:00:00,0.23736444,0.29515028,0.25547844,0.259665571719408,0.11298948471044461,False
1979-03-15 15:00:00,0.18220621,0.2746238,0.23807529,0.21932523697614673,0.11314034075912825,False
1979-03-15 16:00:00,0.106050216,0.24077518,0.2075481,0.16124461413174868,0.11360135779058367,False
1979-03-15 17:00:00,0.036564913,0.2549896,0.22070317,0.1271070860289037,0.11432816771807887,False
1979-03-15 18:00:00,0.0019225066,0.2546117,0.22067419,0.10697740999213419,0.115143462108856,False
1979-03-15 19:00:00,0.0,0.24029712,0.20951454,0.09998342402279377,0.11589552215362627,False
1979-03-15 20:00:00,0.0,0.22272006,0.1960801,0.09277202653884888,0.11648302142151361,False
1979-03-15 21:00:00,0.0,0.20975538,0.18651482,0.08747153426706791,0.11704950210886737,False
1979-03-15 22:00:00,0.0,0.19637421,0.17604107,0.08196830025315284,0.11757056450114316,False
1979-03-15 23:00:00,0.0,0.19571573,0.17589317,0.08171733400225639,0.11807966870736991,False
1979-03-16 00:00:00,0.0,0.19303298,0.17348614,0.08059742134809493,0.11846184439041381,False
1979-03-16 01:00:00,0.0,0.19121411,0.1722951,0.0798619432747364,0.11877300853949702,False
1979-03-16 02:00:00,0.0,0.18721399,0.16901904,0.07820898959040641,0.11900131039243854,False
1979-03-16 03:00:00,0.0,0.18190126,0.1636312,0.07595765022933483,0.11915165979151345,False
1979-03-16 04:00:00,0.0,0.17787881,0.15955697,0.0742533579915762,0.11916086998597449,False
1979-03-16 05:00:00,0.0,0.1733462,0.15556608,0.07236531861126423,0.11905452945238641,False
1979-03-16 06:00:00,0.003220688,0.1683452,0.15251897,0.07221373962936922,0.11882785792291826,False
1979-03-16 07:00:00,0.030984102,0.16846685,0.15262114,0.08828363610617816,0.11853008523163387,False
1979-03-16 08:00:00,0.07208911,0.16629606,0.15198492,0.11116585171967744,0.11840620880542013,False
1979-03-16 09:00:00,0.12547445,0.18154897,0.16282593,0.1481829286068678,0.11835649764024653,False
1979-03-16 10:00:00,0.16005322,0.1842473,0.1643018,0.1692102606743574,0.11886913460911253,False
1979-03-16 11:00:00,0.19285007,0.18643562,0.16645415,0.18905775913596154,0.1197184143642181,False
1979-03-16 12:00:00,0.19861338,0.18609092,0.16523187,0.19218998667597773,0.1203884132738753,False
1979-03-16 13:00:00,0.19373791,0.18260643,0.16145004,0.1878868481963873,0.1206949638489851,False
1979-03-16 14:00:00,0.16666585,0.18034168,0.159222,0.1713102634102106,0.12046703656063416,False
1979-03-16 15:00:00,0.12465332,0.17249574,0.15381314,0.1438818006142974,0.1202304354888915,False
1979-03-16 16:00:00,0.0797964,0.15646635,0.14059256,0.11137060628831386,0.11966266114496626,False
1979-03-16 17:00:00,0.032379933,0.14176062,0.12821098,0.0779162817671895,0.11912666470618609,False
1979-03-16 18:00:00,0.0025383614,0.13683084,0.12306865,0.05860092044691555,0.11818641209081437,False
1979-03-16 19:00:00,0.0,0.13175067,0.11752535,0.054962367072701454,0.11700617399010944,False
1979-03-16 20:00:00,0.0,0.13540863,0.11768298,0.05632066346704959,0.11591378983054447,False
1979-03-16 21:00:00,0.0,0.13494265,0.117102824,0.05611739064753055,0.11496944741336766,False
1979-03-16 22:00:00,0.0,0.13217635,0.11581419,0.055027040898799895,0.11413387418622288,False
1979-03-16 23:00:00,0.0,0.13123788,0.114642076,0.054617449611425395,0.11339797935905072,False
1979-03-17 00:00:00,0.0,0.13155861,0.11575636,0.05479597140848637,0.11266683932710575,False
1979-03-17 01:00:00,0.0,0.13040997,0.11503316,0.054333069741725915,0.11192809577882425,False
1979-03-17 02:00:00,0.0,0.1285448,0.11414894,0.05359707655012607,0.11115044990265877,False
1979-03-17 03:00:00,0.0,0.12537764,0.110950485,0.05225567539036274,0.1103797645782134,False
1979-03-17 04:00:00,0.0,0.12208981,0.10808985,0.05088799200206995,0.10962645947924017,False
1979-03-17 05:00:00,0.0,0.12171278,0.108481616,0.05077002362161875,0.10887944788616284,False
1979-03-17 06:00:00,0.004063533,0.12458494,0.11188916,0.05435851732036098,0.10815335054826125,False
1979-03-17 07:00:00,0.053381193,0.13229126,0.11803363,0.08599023874476551,0.1075057266893034,False
1979-03-17 08:00:00,0.14286856,0.1777454,0.15080193,0.1561665184944868,0.10724428823484088,False
1979-03-17 09:00:00,0.23942707,0.22270007,0.18402866,0.23026329696178435,0.10766383116275673,False
1979-03-17 10:00:00,0.31265604,0.2533127,0.20459634,0.2849231292009353,0.10856091389947241,False
1979-03-17 11:00:00,0.34668213,0.25093344,0.2047337,0.3036856483519077,0.10990860142700976,False
1979-03-17 12:00:00,0.3557155,0.22932531,0.18998283,0.3001279632002115,0.11124112055654928,False
1979-03-17 13:00:00,0.32482144,0.20532842,0.1718789,0.272469619974494,0.11253471528694635,False
1979-03-17 14:00:00,0.3004571,0.18084006,0.15212958,0.24830872027575965,0.11357312133398507,False
1979-03-17 15:00:00,0.22666259,0.14737481,0.1278972,0.19207206846773622,0.1142200733519716,False
1979-03-17 16:00:00,0.14413531,0.12539512,0.11259095,0.1355167850703001,0.11439780905503759,False
1979-03-17 17:00:00,0.057777777,0.11615498,0.10696285,0.0819749604910612,0.11417717059510119,False
1979-03-17 18:00:00,0.0038297134,0.11486674,0.10611869,0.050325981158297506,0.11375576614567678,False
1979-03-17 19:00:00,0.0,0.113512084,0.10487084,0.04754898436367512,0.11320506500430966,False
1979-03-17 20:00:00,0.0,0.113313325,0.10427729,0.04744359051436186,0.11274907385768929,False
1979-03-17 21:00:00,0.0,0.11316152,0.10384109,0.047364019364118576,0.11228776350921581,False
1979-03-17 22:00:00,0.0,0.11163919,0.100934975,0.04664534854888916,0.11180510053063371,False
1979-03-17 23:00:00,0.0,0.11156475,0.1010226,0.046622612468898296,0.11123325455353224,False
1979-03-18 00:00:00,0.0,0.108078495,0.09734753,0.04513773103058338,0.11060416717456283,False
1979-03-18 01:00:00,0.0,0.10199002,0.09075228,0.04253494121879339,0.10991934653838725,False
1979-03-18 02:00:00,0.0,0.09899737,0.086778976,0.041216094017028804,0.10921784127761237,False
1979-03-18 03:00:00,0.0,0.095685005,0.083171085,0.03979900547862053,0.1085324280038625,False
1979-03-18 04:00:00,0.0,0.09230506,0.08030066,0.03839680152386427,0.1078694618838057,False
1979-03-18 05:00:00,0.0,0.090239376,0.0780429,0.0375126463919878,0.10719463754586504,False
1979-03-18 06:00:00,0.007010467,0.08936653,0.07604638,0.04112779439939186,0.10646979654349015,False
1979-03-18 07:00:00,0.07000238,0.08520016,0.07230295,0.07573459029197693,0.10567820674530752,False
1979-03-18 08:00:00,0.16642138,0.08494251,0.07287013,0.1313039122596383,0.10493775393383632,False
1979-03-18 09:00:00,0.2700973,0.08540338,0.07190589,0.19124289996922014,0.10401328827429618,False
1979-03-18 10:00:00,0.3423711,0.08793059,0.07231011,0.23389926199615002,0.10291741967717861,False
1979-03-18 11:00:00,0.38071877,0.080827996,0.065155886,0.2530186773538589,0.10162284923488951,False
1979-03-18 12:00:00,0.3843033,0.07895407,0.06306438,0.25428253373503684,0.10057451598750328,False
1979-03-18 13:00:00,0.35787153,0.076254375,0.057418514,0.2377303384542465,0.09972711994588741,False
1979-03-18 14:00:00,0.2988839,0.073227204,0.053465188,0.20236396027356385,0.09921266392459838,False
1979-03-18 15:00:00,0.21822949,0.06487979,0.047297362,0.15241311436146496,0.0984182768460648,False
1979-03-18 16:00:00,0.13247451,0.0596087,0.04345474,0.10077996021136641,0.09770749707433701,False
1979-03-18 17:00:00,0.053795844,0.06525682,0.047572218,0.05768886819481849,0.09688851699901145,False
1979-03-18 18:00:00,0.0035133439,0.073793136,0.053896282,0.03216726566129364,0.09596125935311622,False
1979-03-18 19:00:00,0.0,0.08095412,0.059309665,0.03307479203492403,0.09497826688490695,False
1979-03-18 20:00:00,0.0,0.08366829,0.06118828,0.034177766740322114,0.09399223607236072,False
1979-03-18 21:00:00,0.0,0.08065728,0.059019092,0.03294956767559051,0.09301399749121937,False
1979-03-18 22:00:00,0.0,0.06753362,0.049232006,0.027578433997929093,0.09204624091829773,False
1979-03-18 23:00:00,0.0,0.059802372,0.04359593,0.02442125542089343,0.09109715454950074,False
1979-03-19 00:00:00,0.0,0.053688556,0.039138958,0.02192458087205887,0.09016510710743332,False
1979-03-19 01:00:00,0.0,0.05059387,0.036882937,0.020660817224532366,0.08929498621390976,False
1979-03-19 02:00:00,0.0,0.050683063,0.03694795,0.020697239410132167,0.08850090248004144,False
1979-03-19 03:00:00,0.0,0.050036736,0.03647678,0.020433301627635955,0.08774259736907279,False
1979-03-19 04:00:00,0.0,0.04529374,0.033019137,0.01849642378091812,0.08701360206061819,False
1979-03-19 05:00:00,0.0,0.039125822,0.028522722,0.015977655507624148,0.08632860021904654,False
1979-03-19 06:00:00,0.0066852802,0.030621551,0.022323111,0.016362207007594408,0.0856976928987455,False
1979-03-19 07:00:00,0.06812131,0.027285596,0.0198912,0.05044850379414856,0.08519099632754729,False
1979-03-19 08:00:00,0.1628373,0.04367417,0.031838473,0.11179216683655978,0.08503750428855537,False
1979-03-19 09:00:00,0.27310506,0.049171165,0.035848662,0.17766160430014133,0.08524092154045086,False
1979-03-19 10:00:00,0.3611317,0.03528883,0.02572556,0.22278374797105788,0.08574733377887674,False
1979-03-19 11:00:00,0.42103407,0.025538353,0.018617462,0.2533656524773687,0.08655171347187639,False
1979-03-19 12:00:00,0.43758002,0.017066265,0.012441305,0.2594529532026499,0.08777656114904016,False
1979-03-19 13:00:00,0.42140937,0.011319565,0.008251962,0.24777573095262045,0.08902351412032848,False
1979-03-19 14:00:00,0.35973656,0.006391679,0.004659534,0.2101781405061483,0.09016492746439879,False
1979-03-19 15:00:00,0.2720615,0.0023879453,0.0017408121,0.15795463942480273,0.09093404486064605,False
1979-03-19 16:00:00,0.16624291,0.0006944285,0.0005062384,0.09620574145467253,0.09129584463037045,False
1979-03-19 17:00:00,0.06481576,0.00016627282,0.00012121288,0.03746659348809044,0.09134515737015869,False
1979-03-19 18:00:00,0.0052963654,0.00021142767,0.00015413077,0.003142342684252071,0.09116242023413185,False
1979-03-19 19:00:00,0.0,0.00053752115,0.00039185293,0.00021950536145595834,0.09095746735788822,False
1979-03-19 20:00:00,0.0,0.0011953459,0.00087140716,0.0004881386195775121,0.09071832681706116,False
1979-03-19 21:00:00,0.0,0.0022325655,0.0016275403,0.0009117038638796658,0.09044535038902364,False
1979-03-19 22:00:00,0.0,0.0026672222,0.0019444049,0.0010892028466332703,0.09018345639112346,False
1979-03-19 23:00:00,0.0,0.0046143294,0.003363846,0.0018843352496623993,0.08998809869217628,False
1979-03-20 00:00:00,0.0,0.008257123,0.006019442,0.003371928141452372,0.08980495676354446,False
1979-03-20 01:00:00,0.0,0.010820984,0.007888499,0.004418921993114055,0.08966467470073082,False
1979-03-20 02:00:00,0.0,0.01179689,0.008599932,0.004817448690533638,0.08954456885673978,False
1979-03-20 03:00:00,0.0,0.011771868,0.008581692,0.004807230672799051,0.08940694079923385,False
1979-03-20 04:00:00,0.0,0.013509237,0.009848233,0.0055167131284251806,0.08927327643896395,False
1979-03-20 05:00:00,0.0,0.01770249,0.012905114,0.0072290950175374746,0.0891960688422242,False
1979-03-20 06:00:00,0.011791104,0.024494918,0.017856795,0.016806358981877566,0.08917451607950905,False
1979-03-20 07:00:00,0.09702022,0.030331388,0.022111582,0.06836697242036462,0.08931238110659197,False
1979-03-20 08:00:00,0.2194531,0.035369016,0.025784014,0.14106794035062192,0.08967166989184934,False
1979-03-20 09:00:00,0.34371057,0.042191777,0.03075781,0.21555068741366265,0.09026122323979331,False
1979-03-20 10:00:00,0.43854493,0.047675524,0.03475546,0.272509487260133,0.0914207631743515,False
1979-03-20 11:00:00,0.5060491,0.048537433,0.035383783,0.31181136585772035,0.09289992499441548,False
1979-03-20 12:00:00,0.5130645,0.04431823,0.032307986,0.3141362763568759,0.0943747412222517,False
1979-03-20 13:00:00,0.4786617,0.039989583,0.029152405,0.2925181789696217,0.09609518081466685,False
1979-03-20 14:00:00,0.3858431,0.04077256,0.029723197,0.23928159529343246,0.09794945920496266,False
1979-03-20 15:00:00,0.26621938,0.03959909,0.02886774,0.1697795033082366,0.09992758107919575,False
1979-03-20 16:00:00,0.15267873,0.03685749,0.02686911,0.10314697172120213,0.10173088564050771,False
1979-03-20 17:00:00,0.05572538,0.041051265,0.029926375,0.04891748566552996,0.10306155320645673,False
1979-03-20 18:00:00,0.004608795,0.048151188,0.035230827,0.022329527601599692,0.10403986487229856,False
1979-03-20 19:00:00,0.0,0.052781574,0.039252687,0.021596046075224876,0.10481389676040187,False
1979-03-20 20:00:00,0.0,0.05139528,0.039074823,0.021074898194521668,0.10557787541090063,False
1979-03-20 21:00:00,0.0,0.04979462,0.037119266,0.020378655776381493,0.10638478636710631,False
1979-03-20 22:00:00,0.0,0.044562995,0.03254665,0.018201264448463917,0.10727181972653042,False
1979-03-20 23:00:00,0.0,0.038275573,0.027902894,0.015630442846566436,0.10830887525876014,False
1979-03-21 00:00:00,0.0,0.037199575,0.027118491,0.015191041857004166,0.10943602118522822,False
1979-03-21 01:00:00,0.0,0.036476437,0.026591323,0.01489573671296239,0.11067678221784727,False
1979-03-21 02:00:00,0.0,0.034506038,0.025154902,0.01409109264984727,0.11199321184806021,False
1979-03-21 03:00:00,0.0,0.03432561,0.02502337,0.014017412334680558,0.11333356482289227,False
1979-03-21 04:00:00,0.0,0.036218636,0.02640338,0.014790459137409926,0.11463639835411876,False
1979-03-21 05:00:00,0.0,0.036592476,0.026675912,0.014943122897297142,0.11596188425072895,False
1979-03-21 06:00:00,0.009606771,0.042698514,0.031127218,0.022979728307574984,0.1172504854488462,False
1979-03-21 07:00:00,0.076114334,0.058223248,0.042444747,0.06769436548650264,0.11856296936073378,False
1979-03-21 08:00:00,0.1816098,0.08644666,0.06301962,0.14009072753787039,0.12004314724340452,False
1979-03-21 09:00:00,0.29249838,0.15799138,0.11572476,0.23331952115893362,0.1220488950606284,False
1979-03-21 10:00:00,0.38737535,0.17195073,0.12626143,0.29378351533412933,0.12455995470533805,False
1979-03-21 11:00:00,0.44406945,0.16604131,0.12332438,0.32415683141350743,0.127281371901045,False
1979-03-21 12:00:00,0.48365638,0.15375754,0.11532947,0.3420340536385774,0.12992884263450627,False
1979-03-21 13:00:00,0.47869894,0.14780554,0.11169557,0.336781093686819,0.13276756069134024,False
1979-03-21 14:00:00,0.4321619,0.13609414,0.10281183,0.30512799046933653,0.13567261411443698,False
1979-03-21 15:00:00,0.33492264,0.12512578,0.09428669,0.24451325836777688,0.13856380236148869,False
1979-03-21 16:00:00,0.2084811,0.09689731,0.074612595,0.16007778462022543,0.14096325362116754,False
1979-03-21 17:00:00,0.08152156,0.0911769,0.069321044,0.08442555344849824,0.1424707416805908,False
1979-03-21 18:00:00,0.0066032773,0.08920344,0.0661058,0.040295873313210905,0.14317657079361415,False
1979-03-21 19:00:00,0.0,0.09033681,0.06585553,0.03689048058539629,0.1434704969359158,False
1979-03-21 20:00:00,0.0,0.096032605,0.07007099,0.039219864517450326,0.14380399296866417,False
1979-03-21 21:00:00,0.0,0.10616625,0.07988812,0.04348930511623621,0.14435903560408078,False
1979-03-21 22:00:00,0.0,0.123963356,0.09491463,0.05086786839365959,0.1451673729488688,False
1979-03-21 23:00:00,0.0,0.13605592,0.10708716,0.05598733972012997,0.14626945808707423,False
1979-03-22 00:00:00,0.0,0.15267603,0.1220556,0.06292845770716667,0.1474259644282578,False
1979-03-22 01:00:00,0.0,0.1637618,0.13295263,0.06760754424333572,0.14846323656864152,False
1979-03-22 02:00:00,0.0,0.16719924,0.13810875,0.06915439148247242,0.14941107446645074,False
1979-03-22 03:00:00,0.0,0.16283041,0.13442256,0.06734324017167091,0.15026208159295532,False
1979-03-22 04:00:00,0.0,0.16682321,0.14041245,0.06914003616571426,0.15103597825500803,False
1979-03-22 05:00:00,0.0,0.16651662,0.14143187,0.06908195252716541,0.15175138029913107,False
1979-03-22 06:00:00,0.014289242,0.17259918,0.1457703,0.07980558675248176,0.15244940346587138,False
1979-03-22 07:00:00,0.106114194,0.18864888,0.15881823,0.1394155107885599,0.1531387801239911,False
1979-03-22 08:00:00,0.23203029,0.25041586,0.20479457,0.23734383557736874,0.15368573395905008,False
1979-03-22 09:00:00,0.36136368,0.30809072,0.25720802,0.3360815503597259,0.15407463000867128,False
1979-03-22 10:00:00,0.4645025,0.32559505,0.2773146,0.40313751265406605,0.15402953510635456,False
1979-03-22 11:00:00,0.5348262,0.31433606,0.2649116,0.43888996106386186,0.15386701188078383,False
1979-03-22 12:00:00,0.57140625,0.29146454,0.2433875,0.45039474308490746,0.1542400304870393,False
1979-03-22 13:00:00,0.54881144,0.27888918,0.22937848,0.43196074327826495,0.15458284310031295,False
1979-03-22 14:00:00,0.47407717,0.25330412,0.20457195,0.37805863115191457,0.15480581731160095,False
1979-03-22 15:00:00,0.35121495,0.2000879,0.15684636,0.28495316377282137,0.1550696312955604,False
1979-03-22 16:00:00,0.20977063,0.13285096,0.10086552,0.17550639857351777,0.1554207662101548,False
1979-03-22 17:00:00,0.08409698,0.08370019,0.0627399,0.08279728309065103,0.1559618428586695,False
1979-03-22 18:00:00,0.007536165,0.07830484,0.059169047,0.03643798243207857,0.1564239616926162,False
1979-03-22 19:00:00,0.0,0.091493584,0.07116154,0.037603855647146696,0.15672584375344295,False
1979-03-22 20:00:00,0.0,0.11602099,0.09083701,0.047716944694519044,0.1569667287597068,False
1979-03-22 21:00:00,0.0,0.14399643,0.11192898,0.05917884832620621,0.15717727532215495,False
1979-03-22 22:00:00,0.0,0.17207092,0.14087373,0.07110135108232499,0.15731888840464953,False
1979-03-22 23:00:00,0.0,0.17222548,0.1405842,0.07114274722337723,0.1573112945917629,False
1979-03-23 00:00:00,0.0,0.15743905,0.12750174,0.06498010459542275,0.15717472836352964,False
1979-03-23 01:00:00,0.0,0.14632732,0.11846622,0.060391955807805056,0.15685538802553048,False
1979-03-23 02:00:00,0.0,0.13316195,0.10745697,0.05493943472206593,0.15641547612963322,False
1979-03-23 03:00:00,0.0,0.12411598,0.09936398,0.051164452113211155,0.1559403404786818,False
1979-03-23 04:00:00,0.0,0.119082436,0.09608034,0.04912975725531578,0.15548342349078584,False
1979-03-23 05:00:00,0.0,0.11731692,0.09552394,0.04844823490083217,0.1549476118364938,False
1979-03-23 06:00:00,0.011528443,0.11945352,0.098880515,0.05606980789732188,0.1543335360933662,False
1979-03-23 07:00:00,0.07289506,0.1251334,0.10580516,0.09394814956933259,0.15366673939227904,False
1979-03-23 08:00:00,0.1732728,0.14203244,0.11795108,0.15875773791968822,0.15301012864339322,False
1979-03-23 09:00:00,0.28174832,0.1660141,0.13568477,0.2311549658477306,0.1520951581200259,False
1979-03-23 10:00:00,0.3692747,0.17636985,0.14500782,0.2859824005067348,0.15077204409089406,False
1979-03-23 11:00:00,0.46403655,0.1795541,0.14920682,0.34206172451376915,0.1491488887652429,False
1979-03-23 12:00:00,0.48878872,0.1847427,0.15347977,0.35848905907571316,0.1472198659271918,False
1979-03-23 13:00:00,0.47139928,0.18236001,0.15177092,0.34748385582864283,0.14496761713288572,False
1979-03-23 14:00:00,0.4202982,0.18166101,0.15270545,0.3177910616993904,0.14256998651943328,False
1979-03-23 15:00:00,0.33083686,0.1700431,0.14312893,0.26136773426830767,0.14027641219687495,False
1979-03-23 16:00:00,0.21511143,0.14918515,0.12742306,0.18604946374893186,0.13874542128057069,False
1979-03-23 17:00:00,0.09401613,0.12570862,0.110619806,0.10660725747793912,0.13809556767564737,False
1979-03-23 18:00:00,0.010349144,0.11692982,0.104956515,0.05478621223289519,0.1378845691017248,False
1979-03-23 19:00:00,0.0,0.116039716,0.104338996,0.04845296088606119,0.13747189184674105,False
1979-03-23 20:00:00,0.0,0.118033946,0.10688099,0.049326099514961246,0.1369012895683995,False
1979-03-23 21:00:00,0.0,0.120290056,0.10925375,0.05028673307597637,0.13622865569137543,False
1979-03-23 22:00:00,0.0,0.120932065,0.1088784,0.05050336537510157,0.1354626695782649,False
1979-03-23 23:00:00,0.0,0.11850062,0.10565615,0.04943216076493263,0.1345849826297494,False
1979-03-24 00:00:00,0.0,0.11425461,0.100743905,0.04760012148320675,0.13378104658040726,False
1979-03-24 01:00:00,0.0,0.11162651,0.09817759,0.04649177324026823,0.13321816388785415,False
1979-03-24 02:00:00,0.0,0.11136223,0.097318865,0.04634788023680449,0.1328679450013446,False
1979-03-24 03:00:00,0.0,0.109214485,0.09464963,0.04541122475266456,0.13275034380552866,False
1979-03-24 04:00:00,0.0,0.104469866,0.0902166,0.04342107675969601,0.13286676273669626,False
1979-03-24 05:00:00,0.0,0.09527374,0.082413085,0.03960631685703993,0.13322544920619153,False
1979-03-24 06:00:00,0.019644761,0.087713316,0.07589082,0.04779934510029852,0.13386133353104132,False
1979-03-24 07:00:00,0.12633073,0.08413216,0.073344365,0.10789819484204052,0.13497754745174215,False
1979-03-24 08:00:00,0.26868412,0.09245169,0.07925629,0.1934252504557371,0.1367348853496029,False
1979-03-24 09:00:00,0.4007908,0.099497244,0.08520919,0.27257207696139807,0.13853693989203017,False
1979-03-24 10:00:00,0.49413958,0.09655759,0.08292164,0.32522605702281,0.14014651237649858,False
1979-03-24 11:00:00,0.53859675,0.08566348,0.07253177,0.34629686483740807,0.1415001696556622,False
1979-03-24 12:00:00,0.54008645,0.07392075,0.06259563,0.3422868009582161,0.14196978832382104,False
1979-03-24 13:00:00,0.50378704,0.06322933,0.0529209,0.31687447383254763,0.14148474633449706,False
1979-03-24 14:00:00,0.4287221,0.049691435,0.041819718,0.26796706366911527,0.140371903355277,False
1979-03-24 15:00:00,0.33922306,0.03785456,0.032695618,0.21146559979021548,0.13878393765201807,False
1979-03-24 16:00:00,0.22768246,0.031093527,0.027169202,0.14431342553719875,0.13734514105355383,False
1979-03-24 17:00:00,0.1066401,0.026838133,0.0228656,0.07266935154236852,0.13657939612761155,False
1979-03-24 18:00:00,0.012092289,0.02346795,0.018380554,0.01662947419285774,0.1368180204954745,False
1979-03-24 19:00:00,0.0,0.025014194,0.018235348,0.01021494628675282,0.1377291405011977,False
1979-03-24 20:00:00,0.0,0.0376536,0.028450752,0.015430518597364426,0.13865450738203552,False
1979-03-24 21:00:00,0.0,0.054512884,0.042523343,0.02241151489689946,0.13952929694690583,False
1979-03-24 22:00:00,0.0,0.07008527,0.057609484,0.02897237755358219,0.1403453984709534,False
1979-03-24 23:00:00,0.0,0.078292936,0.06784673,0.03255381685495377,0.14103591187084868,False
1979-03-25 00:00:00,0.0,0.09127575,0.07927746,0.0379617353528738,0.14168906567963616,False
1979-03-25 01:00:00,0.0,0.104917526,0.090127446,0.04358144925534725,0.14232666631947113,False
1979-03-25 02:00:00,0.0,0.11873341,0.10151755,0.049294577322900296,0.1429971218362528,False
1979-03-25 03:00:00,0.0,0.13682722,0.115987375,0.05675256080925465,0.14366432676437155,False
1979-03-25 04:00:00,0.0,0.16014618,0.13431053,0.06634670779109,0.14436943488634033,False
1979-03-25 05:00:00,9.2202424e-07,0.19093208,0.15770765,0.07897068249362234,0.1451411613381545,False
1979-03-25 06:00:00,0.021301437,0.23565911,0.19257289,0.10964807609096171,0.14598940744589836,False
1979-03-25 07:00:00,0.10977855,0.2782042,0.22779246,0.17830036866664883,0.1468548160578285,False
1979-03-25 08:00:00,0.21005605,0.2999726,0.24748383,0.24525635595619677,0.14737304694775236,False
1979-03-25 09:00:00,0.29529184,0.33371818,0.27572304,0.3084144451022148,0.14713349789050462,False
1979-03-25 10:00:00,0.34238958,0.370962,0.30581823,0.3509579499065876,0.1465531070671205,False
1979-03-25 11:00:00,0.3612962,0.37796164,0.30866048,0.3646034205853939,0.14599802891020716,False
1979-03-25 12:00:00,0.3194457,0.36506483,0.29959172,0.33520704358816145,0.14570307442587854,False
1979-03-25 13:00:00,0.25812212,0.3510622,0.28868476,0.29406739282608035,0.1456896976129623,False
1979-03-25 14:00:00,0.18919402,0.32005417,0.26488456,0.24156870794296262,0.14600255867818737,False
1979-03-25 15:00:00,0.12679474,0.2878141,0.23965788,0.19230549754202364,0.1466195343413396,False
1979-03-25 16:00:00,0.068518184,0.264936,0.2221728,0.1492937073037028,0.14753751719373645,False
1979-03-25 17:00:00,0.027992882,0.24574478,0.2079539,0.11806122713536023,0.14861908428319784,False
1979-03-25 18:00:00,0.0035160526,0.2326694,0.19696671,0.09851997250760905,0.15013003900064367,False
1979-03-25 19:00:00,0.0,0.22394422,0.18953991,0.09287057116627694,0.15196381976371298,False
1979-03-25 20:00:00,0.0,0.22010298,0.18699998,0.09131599862873555,0.15382782745335385,False
1979-03-25 21:00:00,0.0,0.21573225,0.18248902,0.08945960623025893,0.1556485335554196,False
1979-03-25 22:00:00,0.0,0.20187248,0.16957523,0.08364800857007504,0.15729262482372247,False
1979-03-25 23:00:00,0.0,0.19505915,0.16308735,0.08078354358673095,0.15897531435170345,False
1979-03-26 00:00:00,0.0,0.18888469,0.1575278,0.07820495219528675,0.16034629011244647,False
1979-03-26 01:00:00,0.0,0.1901696,0.15742694,0.07867363804578781,0.16142410803583587,False
1979-03-26 02:00:00,0.0,0.18950148,0.15643835,0.07837371678650379,0.16226631810699724,False
1979-03-26 03:00:00,0.0,0.19186114,0.15666027,0.07925641460716724,0.1629918230888168,False
1979-03-26 04:00:00,0.0,0.19490059,0.1582524,0.08046394644677639,0.16361544064662556,False
1979-03-26 05:00:00,1.6135424e-06,0.19448291,0.15846308,0.08032213002874469,0.16413446431557785,False
1979-03-26 06:00:00,0.012292714,0.19915906,0.16215502,0.08933895847294479,0.16449447175717874,False
1979-03-26 07:00:00,0.07698048,0.21412975,0.1729938,0.1327732775583863,0.1646788027010342,False
1979-03-26 08:00:00,0.16354257,0.21226487,0.17105737,0.1819268957078457,0.16462389510467454,False
1979-03-26 09:00:00,0.24905005,0.24521305,0.1949597,0.24471331743896008,0.16532299141680004,False
1979-03-26 10:00:00,0.33148065,0.26031378,0.20855898,0.2985823054909706,0.16681098666757152,False
1979-03-26 11:00:00,0.37975714,0.27449635,0.21722278,0.3321390495896339,0.16910577482638067,False
1979-03-26 12:00:00,0.40897587,0.25641632,0.20459287,0.3416447139382362,0.17095713653820063,False
1979-03-26 13:00:00,0.3933965,0.25399292,0.20701186,0.3318918049633503,0.1725878896002452,False
1979-03-26 14:00:00,0.33623305,0.25042108,0.20685275,0.29758189550042147,0.17433516431445684,False
1979-03-26 15:00:00,0.2673189,0.24493468,0.20194209,0.255528776705265,0.1762273219578694,False
1979-03-26 16:00:00,0.16253717,0.24708901,0.20868243,0.19622864583134647,0.17762532992506827,False
1979-03-26 17:00:00,0.07389217,0.24745582,0.20829998,0.1451951779797673,0.17866071036567718,False
1979-03-26 18:00:00,0.010156096,0.23882064,0.19751975,0.10465095082018525,0.179026534654521,False
1979-03-26 19:00:00,0.0,0.24084564,0.20028289,0.09968731538951398,0.17874891330425532,False
1979-03-26 20:00:00,0.0,0.24844064,0.20647807,0.10282441149652005,0.17842921429344358,False
1979-03-26 21:00:00,0.0,0.24478604,0.20373791,0.10132789577543735,0.17811966292311343,False
1979-03-26 22:00:00,0.0,0.26494318,0.22180445,0.10974147489666938,0.17780539394666348,False
1979-03-26 23:00:00,0.0,0.2372143,0.20052922,0.09836065337061882,0.17757855464921238,False
1979-03-27 00:00:00,0.0,0.21641019,0.18225251,0.0896969956755638,0.17744149575506243,False
1979-03-27 01:00:00,0.0,0.20284273,0.16960308,0.08400753267109393,0.17741738106154745,False
1979-03-27 02:00:00,0.0,0.20308326,0.17002024,0.08411881645023822,0.1775216899181986,False
1979-03-27 03:00:00,0.0,0.20945792,0.17400429,0.08668620358407497,0.17768509211701247,False
1979-03-27 04:00:00,0.0,0.22040166,0.1839191,0.09125984390079976,0.1778546322047049,False
1979-03-27 05:00:00,1.887268e-05,0.2322571,0.19513483,0.09625103969046539,0.17805100917939934,False
1979-03-27 06:00:00,0.022004394,0.25547227,0.21352144,0.11849596139602363,0.17833345434104397,False
1979-03-27 07:00:00,0.11587438,0.26308513,0.21716435,0.17566480404138565,0.17885845902276765,False
1979-03-27 08:00:00,0.22668071,0.35851026,0.29125786,0.2788129789382219,0.17952221979474256,False
1979-03-27 09:00:00,0.31932294,0.47212732,0.39581293,0.3798382171392441,0.18039662032351125,False
1979-03-27 10:00:00,0.38112825,0.58073235,0.49826935,0.46110778152942655,0.1811893103736786,False
1979-03-27 11:00:00,0.39580914,0.5455738,0.44018862,0.45346878275275226,0.18147280660172535,False
1979-03-27 12:00:00,0.37235332,0.48157075,0.38769853,0.41348319056630134,0.181540535911237,False
1979-03-27 13:00:00,0.33662388,0.445666,0.35655284,0.3779365791082382,0.18171122682430083,False
1979-03-27 14:00:00,0.2924011,0.39793694,0.31181678,0.33239227482676503,0.18169855969269058,False
1979-03-27 15:00:00,0.2294911,0.30928674,0.23827235,0.2594098799675703,0.18131690044539903,False
1979-03-27 16:00:00,0.16458663,0.25321934,0.19606566,0.19899196845293043,0.1805456452291482,False
1979-03-27 17:00:00,0.08359924,0.21255831,0.165741,0.13562079299986363,0.1795587408265743,False
1979-03-27 18:00:00,0.011035938,0.19204363,0.14745021,0.08519414769485592,0.17836645167221857,False
1979-03-27 19:00:00,0.0,0.18903847,0.14388561,0.07752501864731312,0.17719241732576085,False
1979-03-27 20:00:00,0.0,0.1866557,0.14039962,0.0764575328528881,0.17596369770013884,False
1979-03-27 21:00:00,0.0,0.18168479,0.13579643,0.07437469536066055,0.17462560515974804,False
1979-03-27 22:00:00,0.0,0.17771563,0.13301213,0.07275972229242324,0.17323537954672397,False
1979-03-27 23:00:00,0.0,0.18109177,0.13670099,0.07420471666753292,0.17154687156140028,False
1979-03-28 00:00:00,0.0,0.18749392,0.14559612,0.07704744690656662,0.16998405480182885,False
1979-03-28 01:00:00,0.0,0.2031458,0.16147523,0.08368046316504478,0.16852437019216052,False
1979-03-28 02:00:00,0.0,0.20913562,0.16751811,0.08621702232956886,0.1671489365078338,False
1979-03-28 03:00:00,0.0,0.21194354,0.17013285,0.08739433881640433,0.16579926013954138,False
1979-03-28 04:00:00,0.0,0.2178343,0.17609605,0.08989004123210907,0.1644526899955996,False
1979-03-28 05:00:00,4.7628306e-05,0.2271917,0.18552367,0.09387949778768596,0.16306010469312934,False
1979-03-28 06:00:00,0.023381349,0.24439579,0.20122403,0.11453918319568038,0.16160424129541726,False
1979-03-28 07:00:00,0.103378244,0.25381702,0.20974198,0.16463379461318253,0.15990591724765094,False
1979-03-28 08:00:00,0.19983307,0.26288193,0.2146483,0.2238981210887432,0.1576486778847275,False
1979-03-28 09:00:00,0.29607308,0.27106136,0.22049317,0.2827624398469925,0.1540734308723383,False
1979-03-28 10:00:00,0.3762249,0.23041882,0.18673724,0.31219012443721295,0.14913684468604851,False
1979-03-28 11:00:00,0.41725484,0.22950028,0.18422988,0.33539005644619463,0.14309899909729365,False
1979-03-28 12:00:00,0.43733895,0.23661263,0.18857858,0.3498378777652979,0.13750908314061266,False
1979-03-28 13:00:00,0.42105678,0.21450524,0.17002942,0.33128378264605995,0.13287523773806395,False
1979-03-28 14:00:00,0.35538933,0.18032359,0.14191124,0.27926225163042545,0.12865615827307952,False
1979-03-28 15:00:00,0.2677102,0.15568464,0.12207603,0.21850852632522585,0.12521122398100398,False
1979-03-28 16:00:00,0.17142005,0.12134516,0.095768504,0.14885723450779917,0.12293070088230919,False
1979-03-28 17:00:00,0.07849632,0.10344199,0.08338567,0.08796529857069253,0.12125713920636949,False
1979-03-28 18:00:00,0.012315448,0.09946088,0.08315231,0.04829730219021439,0.12041412843334093,False
1979-03-28 19:00:00,0.0,0.0983001,0.08214883,0.04070877335965633,0.12017902503077282,False
1979-03-28 20:00:00,0.0,0.09338479,0.076610796,0.03859596955776214,0.12003910413578495,False
1979-03-28 21:00:00,0.0,0.083907284,0.067319974,0.03459706635028124,0.11992747835263952,False
1979-03-28 22:00:00,0.0,0.069727734,0.0548807,0.028693091601133345,0.11989283908725128,False
1979-03-28 23:00:00,0.0,0.056960106,0.043095738,0.02334544891119003,0.11982339320619001,False
1979-03-29 00:00:00,0.0,0.04788437,0.036348175,0.019632134411484002,0.11979301937677307,False
1979-03-29 01:00:00,0.0,0.04380802,0.033732522,0.017986715823411943,0.11974288440596653,False
1979-03-29 02:00:00,0.0,0.047072344,0.03638252,0.019334350772202018,0.11958370411869479,False
1979-03-29 03:00:00,0.0,0.053642534,0.041791514,0.02205083667486906,0.11940206018843097,False
1979-03-29 04:00:00,0.0,0.05926914,0.047137707,0.024415749382227656,0.11924132084202362,False
1979-03-29 05:00:00,5.7280748e-05,0.06364121,0.052832186,0.02636959660028515,0.11907393556561661,False
1979-03-29 06:00:00,0.0140302405,0.06941506,0.0604963,0.03697640710324049,0.11887525328580234,False
1979-03-29 07:00:00,0.060491268,0.07798911,0.067330964,0.06731731462106108,0.11837885400520659,False
1979-03-29 08:00:00,0.124589,0.08503953,0.07284591,0.10720112234354018,0.1172500919677133,False
1979-03-29 09:00:00,0.18082538,0.09287742,0.079149395,0.14288208019733428,0.11556245761605001,False
1979-03-29 10:00:00,0.22570063,0.0989654,0.08414253,0.17129119326919315,0.11333279871637643,False
1979-03-29 11:00:00,0.24180599,0.11009033,0.09273021,0.18515281683206558,0.11119953282712669,False
1979-03-29 12:00:00,0.24415505,0.12113994,0.1014909,0.19105861124396323,0.10901184733747216,False
1979-03-29 13:00:00,0.20629077,0.13629024,0.11296102,0.17542076478898527,0.10654366613311093,False
1979-03-29 14:00:00,0.1778933,0.15577182,0.12798509,0.1670354288071394,0.10410607652901382,False
1979-03-29 15:00:00,0.14395162,0.16150603,0.13498074,0.14994477123022076,0.10248384180486224,False
1979-03-29 16:00:00,0.088402174,0.16303755,0.13874252,0.11866100800782442,0.10149576061335103,False
1979-03-29 17:00:00,0.043829944,0.16807032,0.1453417,0.09515627589449287,0.1011110796632682,False
1979-03-29 18:00:00,0.0072970144,0.16748828,0.14621542,0.07390918437158689,0.10134705554204704,False
1979-03-29 19:00:00,0.0,0.17003042,0.14939986,0.07080881568789482,0.10196088811406616,False
1979-03-29 20:00:00,0.0,0.17058116,0.15101938,0.07109949526190756,0.10255281175669179,False
1979-03-29 21:00:00,0.0,0.17443109,0.15457296,0.07271201062202454,0.1030924615347375,False
1979-03-29 22:00:00,0.0,0.16651832,0.14779744,0.06942632000148297,0.10364023942729354,False
1979-03-29 23:00:00,0.0,0.17467132,0.1535751,0.07274677285552025,0.10406170558459953,False
1979-03-30 00:00:00,0.0,0.1793337,0.15679319,0.07464096830785275,0.10454999118992954,False
1979-03-30 01:00:00,0.0,0.18275654,0.15930824,0.07603980937600135,0.10507650145116158,False
1979-03-30 02:00:00,0.0,0.18634225,0.16181152,0.07749811367690562,0.10566438051425747,False
1979-03-30 03:00:00,0.0,0.19157283,0.16645326,0.07967885018885135,0.10626006563818909,False
1979-03-30 04:00:00,0.0,0.19688022,0.1704953,0.08185554796457291,0.106758006046255,False
1979-03-30 05:00:00,3.446065e-05,0.20287797,0.17520174,0.08434274835660108,0.10712596312068297,False
1979-03-30 06:00:00,0.008102951,0.20717682,0.17756239,0.09071201772708445,0.1073666737635654,False
1979-03-30 07:00:00,0.034313418,0.21851419,0.18560442,0.11045321681350469,0.10754457242590483,False
1979-03-30 08:00:00,0.07611519,0.23893116,0.20014088,0.1428916722089052,0.10772499624008731,False
1979-03-30 09:00:00,0.1201394,0.25733262,0.21227115,0.17573881266266106,0.10795359781327767,False
1979-03-30 10:00:00,0.14918217,0.29952344,0.24427961,0.20979336175322533,0.10822540602667675,False
1979-03-30 11:00:00,0.17981215,0.30668256,0.2493274,0.2303811529427767,0.1087283106994733,False
1979-03-30 12:00:00,0.17584532,0.31473976,0.2548788,0.23136517995595932,0.10926457851245797,False
1979-03-30 13:00:00,0.16102338,0.29414058,0.23761332,0.2142794816493988,0.10979911909816585,False
1979-03-30 14:00:00,0.14667311,0.2830976,0.22780715,0.20139498487114907,0.11049650851471769,False
1979-03-30 15:00:00,0.11317157,0.25666094,0.20505087,0.171080629132688,0.11094511311009946,False
1979-03-30 16:00:00,0.07108599,0.21654715,0.17537104,0.1303925489038229,0.11102240879528642,False
1979-03-30 17:00:00,0.033655867,0.19348945,0.15694629,0.0992921407520771,0.11066832835504271,False
1979-03-30 18:00:00,0.006170329,0.17973338,0.14591423,0.07776126564713196,0.10983413043282103,False
1979-03-30 19:00:00,8.643977e-08,0.16743053,0.13591094,0.06912110820568662,0.10872559655993781,False
1979-03-30 20:00:00,0.0,0.15611811,0.12762178,0.06449915890395641,0.1075577189733497,False
1979-03-30 21:00:00,0.0,0.14738908,0.120441355,0.06089040519297123,0.10642788459195189,False
1979-03-30 22:00:00,0.0,0.11868224,0.094994806,0.048923467151820665,0.10528404022820659,False
1979-03-30 23:00:00,0.0,0.11361239,0.09000344,0.046783157967031,0.10414132212123267,False
1979-03-31 00:00:00,0.0,0.10906154,0.086313315,0.0449046269506216,0.10293825380082607,False
1979-03-31 01:00:00,0.0,0.112233646,0.08871658,0.04620491085201502,0.10169630834993339,False
1979-03-31 02:00:00,0.0,0.116559505,0.09105147,0.047927236720919614,0.10046194341543495,False
1979-03-31 03:00:00,0.0,0.11168631,0.08777273,0.045951976262032984,0.09924590767964153,False
1979-03-31 04:00:00,0.0,0.102187864,0.08093272,0.04207768895477057,0.09804347926515518,False
1979-03-31 05:00:00,0.00012989015,0.09199698,0.07225693,0.03792370745864173,0.09685313578296817,False
1979-03-31 06:00:00,0.014109419,0.0910345,0.07004958,0.04551554289553315,0.09568877803733604,False
1979-03-31 07:00:00,0.057522926,0.10461495,0.07748171,0.07597765770182013,0.09471660804821752,False
1979-03-31 08:00:00,0.12486501,0.112869896,0.082923986,0.11817399785667657,0.09435999553475483,False
1979-03-31 09:00:00,0.19608667,0.10473267,0.07667607,0.1559288744404912,0.09451723156290703,False
1979-03-31 10:00:00,0.25853255,0.11310334,0.08374449,0.1954306175634265,0.09510449966504503,False
1979-03-31 11:00:00,0.29710382,0.09657754,0.070882484,0.21089367185533045,0.0957996643008225,False
1979-03-31 12:00:00,0.32106248,0.07704733,0.056167502,0.21671655935794112,0.09622610732380876,False
1979-03-31 13:00:00,0.3144309,0.06726523,0.04903635,0.2088954567834735,0.09664485055700521,False
1979-03-31 14:00:00,0.2879103,0.05496099,0.040066563,0.18856844938546416,0.09726390383714145,False
1979-03-31 15:00:00,0.2310147,0.04985597,0.036345,0.15365496411919596,0.09747352953017956,False
1979-03-31 16:00:00,0.14938459,0.03788327,0.027616903,0.10166514687612652,0.09758678735881378,False
1979-03-31 17:00:00,0.0748785,0.029164724,0.021261085,0.055114775627851484,0.09744582137383477,False
1979-03-31 18:00:00,0.014111579,0.03074981,0.02241661,0.020699558473192155,0.09687851882527539,False
1979-03-31 19:00:00,1.0949036e-06,0.036115266,0.026361601,0.014750691531665552,0.09582663736719867,False
1979-03-31 20:00:00,0.0,0.041185785,0.030923894,0.016867444954812526,0.09476276792317949,False
1979-03-31 21:00:00,0.0,0.043318436,0.03375886,0.01780748116225004,0.0938030313564217,False
1979-03-31 22:00:00,0.0,0.03561383,0.026561985,0.014575850866734982,0.09293965399789013,False
1979-03-31 23:00:00,0.0,0.03658123,0.027796663,0.014999493476003408,0.09232052195479483,False
1979-04-01 00:00:00,0.0,0.03665576,0.027807606,0.015027586665004491,0.09174037991708466,False
1979-04-01 01:00:00,0.0,0.040747095,0.03249286,0.016790292520076036,0.09119517532118916,False
1979-04-01 02:00:00,0.0,0.046169713,0.03873656,0.01912839835882187,0.09062102734588406,False
1979-04-01 03:00:00,0.0,0.052914567,0.04512613,0.021962286293506623,0.09002393777610122,False
1979-04-01 04:00:00,0.0,0.059564088,0.05073912,0.024719060819596052,0.08945891254267042,False
1979-04-01 05:00:00,0.00021627227,0.068244085,0.058272596,0.028453576566258562,0.08898850952589271,False
1979-04-01 06:00:00,0.022947911,0.07436148,0.062361613,0.04404785824939608,0.08861123778541942,False
1979-04-01 07:00:00,0.09024288,0.10000574,0.080806635,0.09333581616729497,0.08851305480178118,False
1979-04-01 08:00:00,0.17839178,0.115421325,0.0910458,0.15043900156021117,0.08902338058277326,False
1979-04-01 09:00:00,0.2620426,0.12847163,0.09857526,0.2039276815652847,0.09011776642711815,False
1979-04-01 10:00:00,0.32072642,0.14159238,0.10841718,0.24316126427054405,0.09151325727790575,False
1979-04-01 11:00:00,0.34307286,0.12918763,0.09679893,0.2508504180461168,0.09300619303366149,False
1979-04-01 12:00:00,0.34919113,0.12217015,0.090755336,0.25146485514938827,0.09481227453294501,False
1979-04-01 13:00:00,0.34330535,0.11227044,0.08294558,0.2439940390959382,0.09685246969504263,False
1979-04-01 14:00:00,0.30090737,0.09258297,0.0679694,0.21145701813697815,0.098801569022325,False
1979-04-01 15:00:00,0.25186938,0.07631238,0.056094535,0.17651700490713118,0.10074427968225734,False
1979-04-01 16:00:00,0.17385526,0.057014793,0.042097,0.12362618162482976,0.10236203475398303,False
1979-04-01 17:00:00,0.09325035,0.044625785,0.0331343,0.07206161842122674,0.10356269480397595,False
1979-04-01 18:00:00,0.017939564,0.041346613,0.030794945,0.0272709556594491,0.10409889080360823,False
1979-04-01 19:00:00,4.6677474e-06,0.044095337,0.03299078,0.018055374892765486,0.10416097649441936,False
1979-04-01 20:00:00,0.0,0.044991147,0.033890195,0.018431803699582815,0.10405865660810093,False
1979-04-01 21:00:00,0.0,0.047354426,0.036564976,0.01944829198345542,0.10392278312775022,False
1979-04-01 22:00:00,0.0,0.046369415,0.03879287,0.019205129083245995,0.10377341331576179,False
1979-04-01 23:00:00,0.0,0.04569607,0.038416497,0.018936340156942608,0.1036136747350655,False
1979-04-02 00:00:00,0.0,0.045087185,0.038845096,0.01873480634763837,0.10345396667811735,False
1979-04-02 01:00:00,0.0,0.044869725,0.038682956,0.018645808037370443,0.10331730774324104,False
1979-04-02 02:00:00,0.0,0.046425346,0.03955527,0.019266937371343374,0.1031515094733303,False
1979-04-02 03:00:00,0.0,0.045496706,0.037823714,0.018830765057355165,0.10293975689576189,False
1979-04-02 04:00:00,0.0,0.047265965,0.03809635,0.019498344149440527,0.1026828071600729,False
1979-04-02 05:00:00,0.00045121557,0.047450047,0.03787491,0.01981466391592403,0.1023912158022839,False
1979-04-02 06:00:00,0.031652454,0.05493535,0.04200276,0.04080275968089699,0.1020866055432421,False
1979-04-02 07:00:00,0.11862722,0.078223646,0.058534514,0.10047329518944025,0.10194962469827007,False
1979-04-02 08:00:00,0.21651514,0.11181665,0.083609976,0.17070451838523146,0.10176584564503527,False
1979-04-02 09:00:00,0.29220095,0.13277538,0.09848833,0.22291243527829646,0.10159746092384304,False
1979-04-02 10:00:00,0.36414158,0.13882792,0.10656181,0.2670915338397026,0.10140423828251904,False
1979-04-02 11:00:00,0.42921573,0.121525496,0.09417037,0.2975855838209391,0.10126968398702886,False
1979-04-02 12:00:00,0.47112048,0.10396654,0.082328856,0.3146459271386266,0.1016321337632549,False
1979-04-02 13:00:00,0.45721075,0.09366888,0.07551493,0.3024522244930267,0.10224869168283042,False
1979-04-02 14:00:00,0.42468697,0.08912842,0.07195914,0.28181856106221675,0.10268428891475247,False
1979-04-02 15:00:00,0.34183276,0.08307215,0.063260816,0.23130720756202933,0.10322003283053882,False
1979-04-02 16:00:00,0.23099957,0.06369305,0.046432238,0.15929682927578684,0.10341691940779422,False
1979-04-02 17:00:00,0.11187227,0.039919786,0.029101525,0.08085218361020088,0.10346646854814077,False
1979-04-02 18:00:00,0.02052054,0.028991934,0.02113512,0.023679671632125972,0.10342695224057197,False
1979-04-02 19:00:00,9.710067e-06,0.024080688,0.017554821,0.009839336988381546,0.10337340964432275,False
1979-04-02 20:00:00,0.0,0.025333935,0.01846844,0.010345517897978425,0.10329985312914601,False
1979-04-02 21:00:00,0.0,0.0260495,0.018990085,0.010637730186805128,0.10322634786513758,False
1979-04-02 22:00:00,0.0,0.016917175,0.012332621,0.006908398993313312,0.10310387720337262,False
1979-04-02 23:00:00,0.0,0.017958172,0.013091507,0.0073335067424923185,0.1029667775120552,False
1979-04-03 00:00:00,0.0,0.020736197,0.015116687,0.008467957790941,0.10278076388262802,False
1979-04-03 01:00:00,0.0,0.021627598,0.01576652,0.00883197556436062,0.10256081902288956,False
1979-04-03 02:00:00,0.0,0.02195157,0.016002696,0.008964274635538458,0.1023143658638665,False
1979-04-03 03:00:00,0.0,0.023578601,0.0171888,0.009628698980435729,0.10202732080425726,False
1979-04-03 04:00:00,0.0,0.026257513,0.019141728,0.010722675645723939,0.10171298557759388,False
1979-04-03 05:00:00,0.0007587394,0.032800213,0.023911353,0.013832284132251517,0.10136065926741235,False
1979-04-03 06:00:00,0.030383315,0.048832677,0.03559902,0.037472777690738444,0.10100166402014328,False
1979-04-03 07:00:00,0.0984272,0.067793705,0.050112054,0.08451442161202431,0.10063530376346207,False
1979-04-03 08:00:00,0.18557833,0.086057544,0.06523341,0.14235653494298459,0.10016075108415957,False
1979-04-03 09:00:00,0.27201894,0.09182581,0.07063596,0.19465299478173254,0.09936851373352,False
1979-04-03 10:00:00,0.3510147,0.0832386,0.063928336,0.23670265808701513,0.09871334086370466,False
1979-04-03 11:00:00,0.4029334,0.08731861,0.06546067,0.2682480073049664,0.09803565543482823,False
1979-04-03 12:00:00,0.42861933,0.08247922,0.06132317,0.28105963528901334,0.09717381521207946,False
1979-04-03 13:00:00,0.40721422,0.07322839,0.054052282,0.2649027062281966,0.09606011838361433,False
1979-04-03 14:00:00,0.3651128,0.064873405,0.04748792,0.23717272609472276,0.0948991826912804,False
1979-04-03 15:00:00,0.28104874,0.058253285,0.04272172,0.18596756061539052,0.0934897104690345,False
1979-04-03 16:00:00,0.18251546,0.05060803,0.037384406,0.12600454036146402,0.09205373038662257,False
1979-04-03 17:00:00,0.094756626,0.037932303,0.027652647,0.0701648356579244,0.09128843731262691,False
1979-04-03 18:00:00,0.018987013,0.033658147,0.024547191,0.024700911039486524,0.09112847490314054,False
1979-04-03 19:00:00,2.2474336e-05,0.035484564,0.026257232,0.014524662164281835,0.09135718764989763,False
1979-04-03 20:00:00,0.0,0.03635275,0.027581228,0.014903551027178764,0.09167971666942572,False
1979-04-03 21:00:00,0.0,0.03308176,0.02523206,0.013569700218737124,0.0920292375344386,False
1979-04-03 22:00:00,0.0,0.030756423,0.023615254,0.01262434390000999,0.09242467542265763,False
1979-04-03 23:00:00,0.0,0.024506658,0.017865352,0.01000768594443798,0.09293758806952496,False
1979-04-04 00:00:00,0.0,0.020024814,0.014598089,0.008177453080192208,0.09341773046418779,False
1979-04-04 01:00:00,0.0,0.016691048,0.012167774,0.006816056404262781,0.09381701883841992,False
1979-04-04 02:00:00,0.0,0.013440821,0.00979836,0.005488774510100484,0.094123249732477,False
1979-04-04 03:00:00,0.0,0.009164999,0.0066812863,0.0037426741775125265,0.09440187219547329,False
1979-04-04 04:00:00,0.0,0.006334223,0.0046176487,0.002586681260727346,0.09464972377550544,False
1979-04-04 05:00:00,0.0009829642,0.0049360665,0.0035983925,0.0025828920470085,0.09488568120373635,False
1979-04-04 06:00:00,0.036428943,0.005382346,0.00392373,0.023217467360198498,0.0950949576257251,False
1979-04-04 07:00:00,0.129058,0.007905405,0.00576304,0.07769476658292114,0.09525210700447867,False
1979-04-04 08:00:00,0.22409548,0.00826228,0.006023202,0.1326771255545318,0.0953969152340033,False
1979-04-04 09:00:00,0.3263026,0.0078056064,0.0056902873,0.19146413752716035,0.09552287342135368,False
1979-04-04 10:00:00,0.39946717,0.009966736,0.007265751,0.23456263325363397,0.09563555522976948,False
1979-04-04 11:00:00,0.43618986,0.011106958,0.008096972,0.256217253128998,0.09575156737693159,False
1979-04-04 12:00:00,0.443459,0.013009491,0.0094839195,0.2611884793723002,0.0958542263451952,False
1979-04-04 13:00:00,0.41358626,0.01980586,0.014438475,0.24672731126099823,0.09604473691852648,False
1979-04-04 14:00:00,0.3521677,0.026846344,0.019570984,0.2141638943944126,0.09644278588999568,False
1979-04-04 15:00:00,0.2572356,0.03417334,0.024912367,0.16238016360625623,0.09665009191942596,False
1979-04-04 16:00:00,0.18484682,0.038950715,0.028395066,0.1225627617239952,0.09702791957238883,False
1979-04-04 17:00:00,0.09426049,0.04598838,0.03362911,0.07317398795485497,0.09739127571345191,False
1979-04-04 18:00:00,0.021298498,0.05456272,0.041389,0.03465788347646594,0.09773142015328513,False
1979-04-04 19:00:00,3.7774178e-05,0.06161331,0.047474496,0.02532072992573012,0.09814166341027282,False
1979-04-04 20:00:00,0.0,0.065979764,0.05140716,0.02712251941859722,0.09851698229500722,False
1979-04-04 21:00:00,0.0,0.07191807,0.0570552,0.02961874882131815,0.09884418143277686,False
1979-04-04 22:00:00,0.0,0.07654293,0.06081232,0.031528206042945386,0.0991459811575867,False
1979-04-04 23:00:00,0.0,0.07375803,0.058585726,0.030380341686308383,0.09939720335862763,False
1979-04-05 00:00:00,0.0,0.0669905,0.0539686,0.027633799754083158,0.0996269919607246,False
1979-04-05 01:00:00,0.0,0.057092268,0.045629844,0.023531058479100465,0.09983004622945259,False
1979-04-05 02:00:00,0.0,0.054170314,0.043505684,0.02233815285935998,0.10002387707882258,False
1979-04-05 03:00:00,0.0,0.052024465,0.043121245,0.021525574821978807,0.1002100210849119,False
1979-04-05 04:00:00,0.0,0.052988242,0.04622168,0.022048632200807335,0.10040482825522008,False
1979-04-05 05:00:00,0.0007140501,0.056152955,0.05083528,0.023877552387712057,0.10067805127692804,False
1979-04-05 06:00:00,0.031880997,0.06373649,0.05744162,0.045015947870910164,0.1009744029641031,False
1979-04-05 07:00:00,0.10946069,0.06773877,0.06131097,0.09146521662920713,0.10124722075236066,False
1979-04-05 08:00:00,0.20599903,0.070625596,0.06444892,0.1484025279358029,0.10125667996443379,False
1979-04-05 09:00:00,0.29346758,0.073490165,0.06690845,0.20006172158569094,0.10131548469322305,False
1979-04-05 10:00:00,0.36640352,0.07377804,0.067265056,0.2422712411507964,0.1012024829545675,False
1979-04-05 11:00:00,0.41711187,0.077785105,0.07035895,0.27317563778162,0.100900319578017,False
1979-04-05 12:00:00,0.4417684,0.08461945,0.075540654,0.29020414280891416,0.10042637892993668,False
1979-04-05 13:00:00,0.4310701,0.08452139,0.07580041,0.28400905685871836,0.10002082202141908,False
1979-04-05 14:00:00,0.36854598,0.08245733,0.07491911,0.24712341550737618,0.09961140226441549,False
1979-04-05 15:00:00,0.29425818,0.0820046,0.07512264,0.20410328795760868,0.09927182746753055,False
1979-04-05 16:00:00,0.19020784,0.080419175,0.074463636,0.1434456351324916,0.09916279683251202,False
1979-04-05 17:00:00,0.09168346,0.080118366,0.07456915,0.08649176876991987,0.0989819446347805,False
1979-04-05 18:00:00,0.019466694,0.07905488,0.07387139,0.04439258737489581,0.09892219917061697,False
1979-04-05 19:00:00,4.8060505e-05,0.077581905,0.07193546,0.032539968631532246,0.0989059805592285,False
1979-04-05 20:00:00,0.0,0.07299423,0.068041444,0.030609109640121458,0.09888589780075092,False
1979-04-05 21:00:00,0.0,0.06702266,0.061568998,0.028056087009608745,0.09887743977034082,False
1979-04-05 22:00:00,0.0,0.05932083,0.051733766,0.024683009549975394,0.09885223519332324,False
1979-04-05 23:00:00,0.0,0.05091403,0.04167151,0.021037538845092057,0.09871139664338519,False
1979-04-06 00:00:00,0.0,0.043571424,0.034188937,0.017924057979136702,0.09861245278451208,False
1979-04-06 01:00:00,0.0,0.039311465,0.029889012,0.016119937174022197,0.09857236171556254,False
1979-04-06 02:00:00,0.0,0.035241622,0.026287558,0.014423686802387236,0.09860399989220862,False
1979-04-06 03:00:00,0.0,0.03201957,0.023670312,0.013093418352305888,0.09867783125415992,False
1979-04-06 04:00:00,0.0,0.03839735,0.028384525,0.015701386302709577,0.09879157664250199,False
1979-04-06 05:00:00,0.001240641,0.038993932,0.03154004,0.01680777303141076,0.09890720366333228,False
1979-04-06 06:00:00,0.036068,0.03758284,0.030248463,0.036312721196562044,0.09904559133539577,False
1979-04-06 07:00:00,0.10919202,0.0369275,0.028125286,0.07814880876243115,0.09920150710056515,False
1979-04-06 08:00:00,0.2089229,0.036526535,0.02727689,0.13549975253641605,0.09938104429534617,False
1979-04-06 09:00:00,0.29599574,0.037252367,0.02785903,0.1860400540716946,0.09964307616127326,False
1979-04-06 10:00:00,0.35838193,0.032501284,0.023693435,0.22005879117920993,0.099979370185059,False
1979-04-06 11:00:00,0.38275167,0.030904597,0.02252945,0.23346810202114282,0.1004531530027369,False
1979-04-06 12:00:00,0.39601395,0.032377087,0.023602895,0.2417217477634549,0.10072792624127412,False
1979-04-06 13:00:00,0.36966792,0.03373634,0.024593793,0.22707516292482613,0.10062761923923137,False
1979-04-06 14:00:00,0.31573772,0.038405836,0.02799785,0.19786430414393544,0.10010515476906963,False
1979-04-06 15:00:00,0.24422881,0.039735604,0.028967256,0.15714669312536714,0.09956521046972815,False
1979-04-06 16:00:00,0.16614366,0.044104233,0.032268606,0.11388185623288154,0.09903111445504222,False
1979-04-06 17:00:00,0.08893154,0.046316378,0.03522157,0.07030620567500591,0.09866755044122828,False
1979-04-06 18:00:00,0.022423802,0.05090889,0.039916225,0.03387939012981951,0.09851998391720447,False
1979-04-06 19:00:00,0.00012548172,0.059145607,0.04554862,0.02435675751880626,0.09857469816944543,False
1979-04-06 20:00:00,0.0,0.06520303,0.049196567,0.026716533958911895,0.09861808191094672,False
1979-04-06 21:00:00,0.0,0.06926951,0.05274964,0.028408929124474527,0.09873181333992753,False
1979-04-06 22:00:00,0.0,0.0605018,0.045236886,0.024767955645918844,0.09888910556020337,False
1979-04-06 23:00:00,0.0,0.062656954,0.04649297,0.025631036460399624,0.09919651031814637,False
1979-04-07 00:00:00,0.0,0.062846616,0.04664865,0.025709428444504735,0.0995599034071819,False
1979-04-07 01:00:00,0.0,0.061267104,0.045224622,0.025049690958112478,0.09994000522786874,False
1979-04-07 02:00:00,0.0,0.06322777,0.047240928,0.025882058233022687,0.10032136047486338,False
1979-04-07 03:00:00,0.0,0.06589026,0.049478658,0.026985353462398054,0.10070957092702511,False
1979-04-07 04:00:00,0.0,0.067360975,0.050787583,0.02759872920066118,0.10114619874576229,False
1979-04-07 05:00:00,0.0012069583,0.0728017,0.054813292,0.030520160646759904,0.10153437137179198,False
1979-04-07 06:00:00,0.03295556,0.081737325,0.0615458,0.05249990459904075,0.1019496924741942,False
1979-04-07 07:00:00,0.1048784,0.096576005,0.07280773,0.1000830019786954,0.10249062478524977,False
1979-04-07 08:00:00,0.19437848,0.11900931,0.09091184,0.16098005750030278,0.10339932599366985,False
1979-04-07 09:00:00,0.28134426,0.13117234,0.1012148,0.2162038347274065,0.10459208820510067,False
1979-04-07 10:00:00,0.34962377,0.1539655,0.11975242,0.2650128163993358,0.10590919861855329,False
1979-04-07 11:00:00,0.38826334,0.15162304,0.11829447,0.2863647532314062,0.10750685736504105,False
1979-04-07 12:00:00,0.3890439,0.1481277,0.11577694,0.28538940671086305,0.10907132759847554,False
1979-04-07 13:00:00,0.35471508,0.13171728,0.10474973,0.2589307622909546,0.11015455033399352,False
1979-04-07 14:00:00,0.29992223,0.11663987,0.09464542,0.22120608913898465,0.11110946513248794,False
1979-04-07 15:00:00,0.23382913,0.105355434,0.086502194,0.1784666792526841,0.11194206665155665,False
1979-04-07 16:00:00,0.15203208,0.092473544,0.076839186,0.1259945624694228,0.11263789528571566,False
1979-04-07 17:00:00,0.080130756,0.079996325,0.06767566,0.07940857561677694,0.11322273067938039,False
1979-04-07 18:00:00,0.02344108,0.08075262,0.068438,0.047018871482461685,0.11366232740687082,False
1979-04-07 19:00:00,0.00018149469,0.0832375,0.07042646,0.03462238822359359,0.11403352913856228,False
1979-04-07 20:00:00,0.0,0.08699335,0.0734754,0.036068218231201175,0.1143477351313688,False
1979-04-07 21:00:00,0.0,0.08587967,0.07252807,0.0356061135828495,0.1146170687193282,False
1979-04-07 22:00:00,0.0,0.09519226,0.07986099,0.039438437931239606,0.11481744411608652,False
1979-04-07 23:00:00,0.0,0.09292962,0.077581085,0.0384804071187973,0.11508397245428041,False
1979-04-08 00:00:00,0.0,0.08750321,0.071856685,0.03616894537210465,0.11526094818415566,False
1979-04-08 01:00:00,0.0,0.08352652,0.06673523,0.03442498902976513,0.11535116424944698,False
1979-04-08 02:00:00,0.0,0.080298364,0.06347578,0.033057788506150244,0.1153995725810293,False
1979-04-08 03:00:00,0.0,0.082725465,0.06529365,0.034051553651690485,0.11539585528380684,False
1979-04-08 04:00:00,0.0,0.08350725,0.06517589,0.03433367235213518,0.11532800699907801,False
1979-04-08 05:00:00,0.001916917,0.08669417,0.06753657,0.036743185946717855,0.11521269392592347,False
1979-04-08 06:00:00,0.045777287,0.08727429,0.06777341,0.06227747212722897,0.11508261729413381,False
1979-04-08 07:00:00,0.14190136,0.09708165,0.07530102,0.12176646676659583,0.11533653091873401,False
1979-04-08 08:00:00,0.26516274,0.09680276,0.07468926,0.1927523386850953,0.11617377875451668,False
1979-04-08 09:00:00,0.36524233,0.093878426,0.071766466,0.24926135391741988,0.11758605796891623,False
1979-04-08 10:00:00,0.43285093,0.11414963,0.09018912,0.29674641101062293,0.11955995047404168,False
1979-04-08 11:00:00,0.45602778,0.11027092,0.08786441,0.30856267322599884,0.12175898318987388,False
1979-04-08 12:00:00,0.43585804,0.10242222,0.082084246,0.2937164390683174,0.124296713558349,False
1979-04-08 13:00:00,0.40371946,0.096912265,0.077857815,0.27291107325255864,0.1271949290270115,False
1979-04-08 14:00:00,0.3486074,0.088926844,0.07164272,0.23782917705923315,0.13035872099674045,False
1979-04-08 15:00:00,0.27073634,0.08311232,0.067836195,0.19054646756500007,0.13357111551800172,False
1979-04-08 16:00:00,0.18756697,0.08160733,0.066939116,0.14195395512878894,0.13644283256106748,False
1979-04-08 17:00:00,0.099341035,0.08234848,0.068527445,0.09140684859454631,0.13866352986048955,False
1979-04-08 18:00:00,0.024730243,0.09007607,0.0775862,0.05169707325100899,0.14008850300204678,False
1979-04-08 19:00:00,0.00017950656,0.094588526,0.082072295,0.039438645173519034,0.14077838960656014,False
1979-04-08 20:00:00,0.0,0.09571092,0.080133654,0.03964454618096352,0.14131088668029362,False
1979-04-08 21:00:00,0.0,0.092073604,0.07503311,0.03802694816887379,0.14183102255235966,False
1979-04-08 22:00:00,0.0,0.0911842,0.0724879,0.03756131587922573,0.14230231270487959,False
1979-04-08 23:00:00,0.0,0.08318658,0.06351894,0.03412587149441242,0.14257023946443179,False
1979-04-09 00:00:00,0.0,0.07346779,0.05426268,0.03003979957848787,0.142828376996476,False
1979-04-09 01:00:00,0.0,0.06699226,0.049132347,0.02737329087406397,0.14313131442354599,False
1979-04-09 02:00:00,0.0,0.06294021,0.045901675,0.025703627966344355,0.14344586457931974,False
1979-04-09 03:00:00,0.0,0.058106296,0.042359494,0.023728635795414448,0.14375833027032742,False
1979-04-09 04:00:00,0.0,0.054029234,0.039387304,0.022063701689243317,0.1440237464389352,False
1979-04-09 05:00:00,0.0035952027,0.05436802,0.039634284,0.024276482320856302,0.14428225337961295,False
1979-04-09 06:00:00,0.06641017,0.0645722,0.047073133,0.0646877585798502,0.14457337558312142,False
1979-04-09 07:00:00,0.18730018,0.07874788,0.058161628,0.14027089809626342,0.1453714239853818,False
1979-04-09 08:00:00,0.32509002,0.100280814,0.077572174,0.22876945979148147,0.14667339306592433,False
1979-04-09 09:00:00,0.45468897,0.11822113,0.09206566,0.31095067497342826,0.14844207409462692,False
1979-04-09 10:00:00,0.55216575,0.12676482,0.096120976,0.3705663867592811,0.1508135168169388,False
1979-04-09 11:00:00,0.60589916,0.14278433,0.108973734,0.4081758109182119,0.1535992637390344,False
1979-04-09 12:00:00,0.61861634,0.16449957,0.12707,0.4245037492066621,0.15718502949104446,False
1979-04-09 13:00:00,0.583113,0.18097328,0.13995238,0.4107927768379449,0.16152457956647612,False
1979-04-09 14:00:00,0.5159938,0.18881962,0.14811444,0.37540102615952486,0.16601804612347967,False
1979-04-09 15:00:00,0.4147689,0.18671775,0.14978871,0.31630909731984136,0.17032284147917096,False
1979-04-09 16:00:00,0.28651434,0.16290331,0.13255438,0.23258803284168242,0.1739966274973699,False
1979-04-09 17:00:00,0.15541203,0.14020921,0.11846933,0.14780728641152382,0.17646153016718216,False
1979-04-09 18:00:00,0.03913203,0.13834597,0.120455265,0.0801334284991026,0.1779610392298002,False
1979-04-09 19:00:00,0.0003618945,0.1441183,0.12581082,0.06018224776280113,0.17875127455790019,False
1979-04-09 20:00:00,0.0,0.14686832,0.12667279,0.061034740090370174,0.17936059948324437,False
1979-04-09 21:00:00,0.0,0.14020185,0.12025107,0.058228040903806684,0.18002795742999045,False
1979-04-09 22:00:00,0.0,0.12600107,0.10749122,0.05229892238974571,0.1807436509261581,False
1979-04-09 23:00:00,0.0,0.12267656,0.1037659,0.05087100865691901,0.18146721535629806,False
1979-04-10 00:00:00,0.0,0.122281365,0.10348367,0.05070994187146425,0.1821871658003631,False
1979-04-10 01:00:00,0.0,0.11947557,0.10068352,0.049523396506905557,0.18290022206341128,False
1979-04-10 02:00:00,0.0,0.11595766,0.09755119,0.048056141674518583,0.1835957930925044,False
1979-04-10 03:00:00,0.0,0.11285649,0.09532378,0.04679152974486351,0.18427234835771125,False
1979-04-10 04:00:00,0.0,0.11269977,0.0954776,0.046742005504667755,0.1849925096192139,False
1979-04-10 05:00:00,0.0049143885,0.1155711,0.09695768,0.050717051715124396,0.18575642524927136,False
1979-04-10 06:00:00,0.08415159,0.12562045,0.10508113,0.10058379543572664,0.18655960774275918,False
1979-04-10 07:00:00,0.21981767,0.13864648,0.11603029,0.18426098263263704,0.18760002976743018,False
1979-04-10 08:00:00,0.37563226,0.1472733,0.121580884,0.27764902806282044,0.18880025218002014,False
1979-04-10 09:00:00,0.5252016,0.1454803,0.11790811,0.3630906045883894,0.19022244856997217,False
1979-04-10 10:00:00,0.64319277,0.14439817,0.112168744,0.43046226327121256,0.1916445806744522,False
1979-04-10 11:00:00,0.71189094,0.16991523,0.13369703,0.48067942932248114,0.19322061904280893,False
1979-04-10 12:00:00,0.72934175,0.1971632,0.15613772,0.5020148426890373,0.19491439409780761,False
1979-04-10 13:00:00,0.6970239,0.20986193,0.16621496,0.48859746798872944,0.1966048529614708,False
1979-04-10 14:00:00,0.615796,0.21646485,0.17165771,0.4444593541324138,0.19813124516150118,False
1979-04-10 15:00:00,0.49263453,0.20058969,0.15963843,0.3668881964385509,0.1993922719655262,False
1979-04-10 16:00:00,0.33921766,0.15629475,0.12718388,0.26026928327977655,0.20033239259549243,False
1979-04-10 17:00:00,0.17816602,0.14636222,0.121737674,0.16338328360021115,0.20087022677539054,False
1979-04-10 18:00:00,0.04485276,0.15362462,0.1307563,0.08962836899980903,0.20129326589228722,False
1979-04-10 19:00:00,0.00047743562,0.1646612,0.14168109,0.06868624159003957,0.2017029680817867,False
1979-04-10 20:00:00,0.0,0.17248069,0.1487473,0.07167772762477398,0.2020846434489818,False
1979-04-10 21:00:00,0.0,0.17427401,0.14950232,0.07238023598492145,0.2024371407491149,False
1979-04-10 22:00:00,0.0,0.17419276,0.14843114,0.07229240852594375,0.20278039391925498,False
1979-04-10 23:00:00,0.0,0.1655432,0.14070468,0.06868349280953406,0.20316383043331965,False
1979-04-11 00:00:00,0.0,0.15494663,0.13131844,0.06426650020480157,0.2034809758540237,False
1979-04-11 01:00:00,0.0,0.14649686,0.12413626,0.06076070027053356,0.20373256617253588,False
1979-04-11 02:00:00,0.0,0.14025977,0.11893379,0.058178280696272844,0.20394227712629306,False
1979-04-11 03:00:00,0.0,0.14053978,0.11920736,0.05829637634754181,0.20411247319569756,False
1979-04-11 04:00:00,0.0,0.1415548,0.12033203,0.05873165193200111,0.20424334536520708,False
1979-04-11 05:00:00,0.006062078,0.14300126,0.12155479,0.06282924200827256,0.20431476830532722,False
1979-04-11 06:00:00,0.088896,0.15272789,0.12923026,0.11462801576405762,0.20435776038613154,False
1979-04-11 07:00:00,0.23494662,0.15026054,0.12724507,0.1978815739005804,0.20401212535400548,False
1979-04-11 08:00:00,0.39043075,0.17337397,0.14409909,0.29703488650918003,0.2031096677235885,False
1979-04-11 09:00:00,0.5235417,0.18673126,0.15232639,0.37921301598846907,0.20143213871980692,False
1979-04-11 10:00:00,0.62842727,0.20266624,0.1635158,0.44621622844040393,0.19900445944588616,False
1979-04-11 11:00:00,0.6853353,0.2281599,0.1823621,0.4894770135581493,0.19612542971694824,False
1979-04-11 12:00:00,0.6942798,0.2549833,0.20291659,0.5056457746624946,0.19280343873913072,False
1979-04-11 13:00:00,0.64430296,0.27254048,0.21721028,0.48405960243940355,0.18917366592560567,False
1979-04-11 14:00:00,0.5563309,0.27876604,0.22338343,0.4359303127527237,0.18500161878801244,False
1979-04-11 15:00:00,0.44061655,0.2596179,0.21111363,0.36143488755822184,0.18079696485917995,False
1979-04-11 16:00:00,0.29736805,0.20951658,0.17613128,0.25840407347679134,0.17705313812085408,False
1979-04-11 17:00:00,0.15409248,0.19064876,0.16393355,0.16811316402256488,0.17439717491438436,False
1979-04-11 18:00:00,0.040497463,0.18383153,0.1592271,0.09979913359507919,0.17264387052946395,False
1979-04-11 19:00:00,0.0005442824,0.18794152,0.16367024,0.07850266538816504,0.17139728658419084,False
1979-04-11 20:00:00,0.0,0.1873255,0.16354626,0.0779546104967594,0.17015844747076023,False
1979-04-11 21:00:00,0.0,0.17952485,0.15665781,0.07470419307053089,0.16888722344116516,False
1979-04-11 22:00:00,0.0,0.16981044,0.14895965,0.07070387506484985,0.1676165121601776,False
1979-04-11 23:00:00,0.0,0.15893303,0.1379204,0.06609398885071277,0.16633081718721637,False
1979-04-12 00:00:00,0.0,0.15129115,0.128886,0.06278627716004848,0.1651170862792174,False
1979-04-12 01:00:00,0.0,0.14373524,0.12131883,0.05958952228724956,0.16399830081291708,False
1979-04-12 02:00:00,0.0,0.13564092,0.11433433,0.05622555300593376,0.1629415933248934,False
1979-04-12 03:00:00,0.0,0.1281226,0.10733621,0.05307339388132095,0.16192130215688355,False
1979-04-12 04:00:00,0.0,0.121210836,0.10080571,0.05017030663043261,0.1608743580829001,False
1979-04-12 05:00:00,0.005879258,0.11933222,0.09916207,0.05278067159373313,0.15981849962334363,False
1979-04-12 06:00:00,0.065228656,0.11206801,0.09265339,0.0839933138936758,0.158751107129988,False
1979-04-12 07:00:00,0.1606963,0.11687846,0.0943167,0.14094301637262105,0.1574585784541189,False
1979-04-12 08:00:00,0.26473412,0.1080365,0.08352925,0.19712763588130472,0.15589922575813817,False
1979-04-12 09:00:00,0.36239257,0.09154445,0.06817745,0.24656199944019314,0.154004981769464,False
1979-04-12 10:00:00,0.45056242,0.078957565,0.058499627,0.29226883628219363,0.15208686439132416,False
1979-04-12 11:00:00,0.5048485,0.07314212,0.054386064,0.3212238623872399,0.14993985472055094,False
1979-04-12 12:00:00,0.5221189,0.06476641,0.048598576,0.32778574763983487,0.1475414061729697,False
1979-04-12 13:00:00,0.4610745,0.054420732,0.041073482,0.2883392053842544,0.14482690989818056,False
1979-04-12 14:00:00,0.38896817,0.044434585,0.03342537,0.2426359655484557,0.1420846312588758,False
1979-04-12 15:00:00,0.29940587,0.03523666,0.026388828,0.18718451299890873,0.13931122002127988,False
1979-04-12 16:00:00,0.2121212,0.025409294,0.01876084,0.13278304936923085,0.13662281668133977,False
1979-04-12 17:00:00,0.12346151,0.019559374,0.014258785,0.07922467312403024,0.1346920887630955,False
1979-04-12 18:00:00,0.038199633,0.018980892,0.013837072,0.02979233962669968,0.13317361868972444,False
1979-04-12 19:00:00,0.00080561853,0.021444298,0.015632892,0.009221964145370293,0.1317272410044503,False
1979-04-12 20:00:00,0.0,0.026101522,0.01902801,0.010658974204212426,0.1301594791616801,False
1979-04-12 21:00:00,0.0,0.027882082,0.020326039,0.011386094497516751,0.1285849429661023,False
1979-04-12 22:00:00,0.0,0.025905805,0.018885331,0.01057904982380569,0.1270758716173434,False
1979-04-12 23:00:00,0.0,0.025527123,0.018609272,0.010424409225583076,0.12564828688591592,False
1979-04-13 00:00:00,0.0,0.025870904,0.018859891,0.010564797822386026,0.12430890620242212,False
1979-04-13 01:00:00,0.0,0.024582705,0.017920794,0.010038740845397114,0.12302621927989753,False
1979-04-13 02:00:00,0.0,0.022539351,0.016431186,0.009204304631799458,0.12180150184234594,False
1979-04-13 03:00:00,0.0,0.019695716,0.014358178,0.008043060796335339,0.12064211600004567,False
1979-04-13 04:00:00,0.0,0.0197138,0.014371362,0.008050445873290301,0.11954526161806937,False
1979-04-13 05:00:00,0.0051320726,0.02114083,0.015411666,0.01159440232720226,0.11850785453526552,False
1979-04-13 06:00:00,0.072709784,0.026038148,0.018981807,0.05258663932234049,0.11751898013809892,False
1979-04-13 07:00:00,0.19216684,0.029758552,0.02169398,0.12303264449350534,0.11692730805340205,False
1979-04-13 08:00:00,0.33402747,0.032758176,0.023880709,0.20611117505282162,0.11684549092616413,False
1979-04-13 09:00:00,0.47293377,0.034921117,0.025457496,0.28714338183775545,0.11740624718601783,False
1979-04-13 10:00:00,0.5757779,0.02677971,0.019522406,0.3431597642432898,0.11864601376676658,False
1979-04-13 11:00:00,0.62210274,0.03770687,0.027488306,0.3743514832742512,0.12025399788285408,False
1979-04-13 12:00:00,0.6210812,0.041595325,0.030322991,0.37534995347261424,0.12186908808998294,False
1979-04-13 13:00:00,0.58373255,0.03824155,0.027878093,0.35243022775277494,0.12325885885666432,False
1979-04-13 14:00:00,0.5060965,0.02641969,0.019259954,0.30280657334811983,0.12482721562170072,False
1979-04-13 15:00:00,0.39016303,0.017796429,0.012973597,0.23239152724109588,0.1263409649127539,False
1979-04-13 16:00:00,0.27872306,0.012013555,0.00875788,0.16572913340106604,0.1277289510137312,False
1979-04-13 17:00:00,0.15847059,0.009278619,0.006764113,0.095226600500755,0.12869971619550952,False
1979-04-13 18:00:00,0.047216825,0.007661991,0.005585592,0.030373004701919854,0.12908816476081533,False
1979-04-13 19:00:00,0.0009786998,0.0065759323,0.004793855,0.00325009693519678,0.12914609350365622,False
1979-04-13 20:00:00,0.0,0.005820448,0.004243107,0.002376873109024018,0.12907651849762675,False
1979-04-13 21:00:00,0.0,0.005555723,0.004050122,0.002268768330104649,0.1289810487030996,False
1979-04-13 22:00:00,0.0,0.005337878,0.0038913134,0.002179807956330478,0.1288765452167359,False
1979-04-13 23:00:00,0.0,0.0044169105,0.0032199274,0.0018037160430103539,0.12878510117556338,False
1979-04-14 00:00:00,0.0,0.0029809163,0.0021730883,0.0012173048788681625,0.12870568897973186,False
1979-04-14 01:00:00,0.0,0.0019665821,0.0014336384,0.0008030852847732604,0.12862984082430973,False
1979-04-14 02:00:00,0.0,0.0014081304,0.001026527,0.0005750325755216182,0.1285877371594766,False
1979-04-14 03:00:00,0.0,0.0010392235,0.0007575939,0.0004243835464585572,0.1285520505518876,False
1979-04-14 04:00:00,0.0,0.0009177225,0.0006690197,0.0003747666558483616,0.12852384958243834,False
1979-04-14 05:00:00,0.008656049,0.000784003,0.0005715382,0.005314700529736001,0.1284913598330682,False
1979-04-14 06:00:00,0.09576897,0.0008187662,0.00059688056,0.0555930538282264,0.12849209153285776,False
1979-04-14 07:00:00,0.2370337,0.0006057122,0.0004415642,0.13701579426520039,0.1286937458410423,False
1979-04-14 08:00:00,0.38783425,0.00064543466,0.00047052186,0.22404393635428277,0.12916868002907045,False
1979-04-14 09:00:00,0.52935773,0.0015461236,0.0011271242,0.3060707953161327,0.12973310286578202,False
1979-04-14 10:00:00,0.63712317,0.004486187,0.0032704303,0.36945207385439427,0.13022208448068998,False
1979-04-14 11:00:00,0.6867933,0.0060446816,0.004406573,0.3987481923294254,0.13074264230893753,False
1979-04-14 12:00:00,0.6787339,0.007016482,0.0051150154,0.39449474444054067,0.13130135882814942,False
1979-04-14 13:00:00,0.62493926,0.007420734,0.0054097143,0.3636203301060013,0.13182127348302847,False
1979-04-14 14:00:00,0.5403865,0.008553411,0.0062354365,0.31529593151900914,0.132251937511574,False
1979-04-14 15:00:00,0.4323695,0.010604811,0.0077309054,0.2538078458458185,0.1327419581988002,False
1979-04-14 16:00:00,0.30325267,0.010781968,0.007860054,0.1793797780945897,0.1332891842009296,False
1979-04-14 17:00:00,0.16162832,0.011290517,0.008230787,0.09787020425871014,0.13366243670116626,False
1979-04-14 18:00:00,0.048110183,0.011786837,0.008592604,0.03257291928306222,0.13389493232630098,False
1979-04-14 19:00:00,0.0011886043,0.0127252005,0.00927667,0.00588236385595519,0.134138409233849,False
1979-04-14 20:00:00,0.0,0.014879848,0.010847411,0.006076424066908657,0.13440691493237975,False
1979-04-14 21:00:00,0.0,0.015598574,0.01137136,0.006369927152059972,0.13472743840683254,False
1979-04-14 22:00:00,0.0,0.015157324,0.011049689,0.006189735847525298,0.13508783600396712,False
1979-04-14 23:00:00,0.0,0.016192885,0.011804615,0.006612623825669289,0.13536304734582086,False
1979-04-15 00:00:00,0.0,0.01695559,0.012360624,0.0069240863621234895,0.1356760583407479,False
1979-04-15 01:00:00,0.0,0.019633772,0.014313021,0.008017764933407306,0.1360090156432591,False
1979-04-15 02:00:00,0.0,0.01834469,0.013373281,0.007491347467526794,0.13639402051225194,False
1979-04-15 03:00:00,0.0,0.016380928,0.011941697,0.006689414262771607,0.13684847749355253,False
1979-04-15 04:00:00,0.0,0.015894903,0.011587384,0.006490937903523445,0.13740829483728453,False
1979-04-15 05:00:00,0.010170157,0.014108283,0.010284939,0.011629523917101325,0.13806119088515265,False
1979-04-15 06:00:00,0.100076385,0.011073331,0.008072459,0.06226604611519724,0.13886148632695577,False
1979-04-15 07:00:00,0.24719894,0.007825572,0.0057048416,0.14582948551885783,0.13965167675942386,False
1979-04-15 08:00:00,0.40018284,0.005627233,0.0041022534,0.23320347121497614,0.14020060120686617,False
1979-04-15 09:00:00,0.53485847,0.00490042,0.003572406,0.310614499353338,0.14041235493432327,False
1979-04-15 10:00:00,0.63169765,0.008955185,0.0065283305,0.3681465399991721,0.14011917819011485,False
1979-04-15 11:00:00,0.68815464,0.0100514,0.007327471,0.40116987619642164,0.13938960721868163,False
1979-04-15 12:00:00,0.68558806,0.011562043,0.00842873,0.4003058569068089,0.1382103984146724,False
1979-04-15 13:00:00,0.6364624,0.014357958,0.010466951,0.37310210112296044,0.13702851955196388,False
1979-04-15 14:00:00,0.5522267,0.018837875,0.013732811,0.3263275663349777,0.13609904092938865,False
1979-04-15 15:00:00,0.43065396,0.024814354,0.018787852,0.2586583753433079,0.13536131983078234,False
1979-04-15 16:00:00,0.29773217,0.028857581,0.022321135,0.18364525341242552,0.13486080374179246,False
1979-04-15 17:00:00,0.16170093,0.03179488,0.025048906,0.1063863905072212,0.1346634732192863,False
1979-04-15 18:00:00,0.04896481,0.03363317,0.025862256,0.04205989626422524,0.1350392248056844,False
1979-04-15 19:00:00,0.0013931497,0.037441913,0.028119577,0.016138370464672334,0.13582731240617726,False
1979-04-15 20:00:00,0.0,0.043392614,0.03240973,0.017761999882757663,0.13676393261098255,False
1979-04-15 21:00:00,0.0,0.047865633,0.035285823,0.01956785299256444,0.13766286510293554,False
1979-04-15 22:00:00,0.0,0.037686665,0.027473576,0.015389952365309,0.1385111001184019,False
1979-04-15 23:00:00,0.0,0.04120873,0.030041162,0.01682824379950762,0.1393020520934993,False
1979-04-16 00:00:00,0.0,0.042117257,0.030703476,0.017199255399405956,0.14010682518064693,False
1979-04-16 01:00:00,0.0,0.047220677,0.034423873,0.019283318996429443,0.1409441202197382,False
1979-04-16 02:00:00,0.0,0.054764785,0.040384483,0.022388967677950858,0.14173165823502185,False
1979-04-16 03:00:00,0.0,0.06643049,0.05153271,0.027295616045594218,0.1425092010532431,False
1979-04-16 04:00:00,0.0,0.07673044,0.06296751,0.03171377695351839,0.14327040899330004,False
1979-04-16 05:00:00,0.0104010375,0.090913124,0.07741741,0.04372888173628598,0.1440061272277422,False
1979-04-16 06:00:00,0.08625835,0.10505245,0.09234763,0.09352219458669424,0.14468886493640631,False
1979-04-16 07:00:00,0.19987157,0.11515195,0.102725975,0.16336416774243115,0.14483063998658743,False
1979-04-16 08:00:00,0.31945276,0.11964492,0.10620179,0.23420811527222396,0.14380492026575598,False
1979-04-16 09:00:00,0.41570392,0.12532876,0.10908952,0.2919983115941286,0.14163675035765655,False
1979-04-16 10:00:00,0.48399484,0.13267422,0.11501588,0.3344326672255993,0.138427504562418,False
1979-04-16 11:00:00,0.49378228,0.13803129,0.11667125,0.34214616973698136,0.13464621280303912,False
1979-04-16 12:00:00,0.48161358,0.1446562,0.12028498,0.3377645590305328,0.1304932442886195,False
1979-04-16 13:00:00,0.44149894,0.15535095,0.12844387,0.3190053562223912,0.1265682730377829,False
1979-04-16 14:00:00,0.36697707,0.16531855,0.1321668,0.27988531878590583,0.12319272563900863,False
1979-04-16 15:00:00,0.2825146,0.16201532,0.12941658,0.22978307357430455,0.1203581086881015,False
1979-04-16 16:00:00,0.18458764,0.15363096,0.12427815,0.16990791301429273,0.11819566418121323,False
1979-04-16 17:00:00,0.098023556,0.14359137,0.11780503,0.11590628040581942,0.11678111844742113,False
1979-04-16 18:00:00,0.029708313,0.128712,0.10675371,0.07040112410672009,0.11621961060414154,False
1979-04-16 19:00:00,0.0008540536,0.12171323,0.100651175,0.05084013368660817,0.1162188472428769,False
1979-04-16 20:00:00,0.0,0.11905429,0.09803984,0.049225183680653574,0.11638115284193845,False
1979-04-16 21:00:00,0.0,0.114006534,0.092903644,0.04708520789444447,0.1164386986563688,False
1979-04-16 22:00:00,0.0,0.10709121,0.08590322,0.04415543065220118,0.11639680334993245,False
1979-04-16 23:00:00,0.0,0.10963633,0.08862827,0.04524173200875521,0.1163754758117495,False
1979-04-17 00:00:00,0.0,0.11396334,0.09373657,0.04711424823850393,0.11631556776606085,False
1979-04-17 01:00:00,0.0,0.1107697,0.09158466,0.04581958966702222,0.11624513529518227,False
1979-04-17 02:00:00,0.0,0.108544275,0.088158615,0.04481340274214745,0.11610901181374284,False
1979-04-17 03:00:00,0.0,0.104870886,0.0838896,0.04322739538550377,0.11590200887164175,False
1979-04-17 04:00:00,0.0,0.101507664,0.080538616,0.041805413156747816,0.11557555740976315,False
1979-04-17 05:00:00,0.006055307,0.099259615,0.079263404,0.044400933932978656,0.11513669938380165,False
1979-04-17 06:00:00,0.043451943,0.106686115,0.085783355,0.06907124852389096,0.11457507155033793,False
1979-04-17 07:00:00,0.08591072,0.11390804,0.092451595,0.09659493891894816,0.11383015850769855,False
1979-04-17 08:00:00,0.14333954,0.11265939,0.089871936,0.129131315626204,0.1128131713856465,False
1979-04-17 09:00:00,0.1933914,0.10945137,0.08511685,0.1565707011818886,0.11166053850038321,False
1979-04-17 10:00:00,0.24382427,0.11210605,0.08501478,0.18664453554898497,0.11045344539352882,False
1979-04-17 11:00:00,0.27438304,0.10614403,0.080393076,0.2018273875042796,0.10915838065589657,False
1979-04-17 12:00:00,0.29218653,0.10538513,0.08200919,0.21190723686665294,0.10791114329823638,False
1979-04-17 13:00:00,0.28622735,0.111701585,0.087125234,0.21107582598179578,0.10670063111688045,False
1979-04-17 14:00:00,0.25075307,0.111086816,0.08500729,0.19026595269143584,0.10567361713481636,False
1979-04-17 15:00:00,0.19060993,0.10957031,0.08236415,0.1548610390126705,0.10449486932936003,False
1979-04-17 16:00:00,0.13231045,0.09629745,0.0716698,0.11574705819040536,0.10318229940756257,False
1979-04-17 17:00:00,0.080684975,0.08029249,0.060200993,0.0794340140298009,0.10203405967499783,False
1979-04-17 18:00:00,0.028015733,0.06306864,0.04788607,0.04202325492352247,0.10089807777690268,False
1979-04-17 19:00:00,0.0011374897,0.05678951,0.042914417,0.023929039219627156,0.09987291953340632,False
1979-04-17 20:00:00,0.0,0.050163914,0.037291016,0.020524198975414038,0.09885560356271016,False
1979-04-17 21:00:00,0.0,0.042934917,0.031738777,0.01755687828361988,0.09784390191970886,False
1979-04-17 22:00:00,0.0,0.035165183,0.025745887,0.01436623053252697,0.09687412164573322,False
1979-04-17 23:00:00,0.0,0.034161482,0.024945755,0.013952657606452703,0.09597413724453362,False
1979-04-18 00:00:00,0.0,0.03382226,0.024779307,0.013818496797233818,0.09506191820745004,False
1979-04-18 01:00:00,0.0,0.031220503,0.022759745,0.012749391887336968,0.094109687576571,False
1979-04-18 02:00:00,0.0,0.030494278,0.022230329,0.012452826457098125,0.0931780757081782,False
1979-04-18 03:00:00,0.0,0.028469427,0.020754213,0.011625945875421166,0.092259481854015,False
1979-04-18 04:00:00,1.1525302e-07,0.026075935,0.019009355,0.010648591707366485,0.09137339945887503,False
1979-04-18 05:00:00,0.010892678,0.025677139,0.018718634,0.016770745730027556,0.09052081844091518,False
1979-04-18 06:00:00,0.07925951,0.029467763,0.021482002,0.057766368540003894,0.08978409938521727,False
1979-04-18 07:00:00,0.17527305,0.032853466,0.023950178,0.11454878588393329,0.08956438613680778,False
1979-04-18 08:00:00,0.28830105,0.030688232,0.022371722,0.17888173677958547,0.09009402814691057,False
1979-04-18 09:00:00,0.3869786,0.02637632,0.019228337,0.23405784246511757,0.09164613757105179,False
1979-04-18 10:00:00,0.4558644,0.02261648,0.016487412,0.2722695598192513,0.09398372948454174,False
1979-04-18 11:00:00,0.47423872,0.021164918,0.015429227,0.2822787765692919,0.09577377980821596,False
1979-04-18 12:00:00,0.46947455,0.021483563,0.015661517,0.27965997432544826,0.09732867317592632,False
1979-04-18 13:00:00,0.45278916,0.020690609,0.015083454,0.26970868508331475,0.09858502517613645,False
1979-04-18 14:00:00,0.37257418,0.020398667,0.014870628,0.22330542412400245,0.09957585257678121,False
1979-04-18 15:00:00,0.27510083,0.019704236,0.01436439,0.16677971732802688,0.1003704579308806,False
1979-04-18 16:00:00,0.18703505,0.01683093,0.012269747,0.11479240585118532,0.10093470611700928,False
1979-04-18 17:00:00,0.098457396,0.01118906,0.008156825,0.06137914929725229,0.10127225079436149,False
1979-04-18 18:00:00,0.033415593,0.004683865,0.0034145378,0.021193528418894856,0.10123710053284325,False
1979-04-18 19:00:00,0.0016282946,0.00261883,0.0019091271,0.002008967093192041,0.10101734798871352,False
1979-04-18 20:00:00,0.0,0.0016247798,0.0011844644,0.0006635048165917396,0.1006515973770508,False
1979-04-18 21:00:00,0.0,0.0013119475,0.0009564097,0.000535754743614234,0.1003359698268102,False
1979-04-18 22:00:00,0.0,0.0023414765,0.0017069364,0.0009561793946195393,0.1001089499960869,False
1979-04-18 23:00:00,0.0,0.0035635147,0.002597802,0.001455218228744343,0.09995435356735079,False
1979-04-19 00:00:00,0.0,0.0034458744,0.0025120424,0.0014071779563091693,0.0998309734516294,False
1979-04-19 01:00:00,0.0,0.0026990983,0.0019676427,0.0011022199841681868,0.09971231398046775,False
1979-04-19 02:00:00,0.0,0.0017653226,0.0012869202,0.0007208977423142642,0.09959465675721701,False
1979-04-19 03:00:00,0.0,0.0017029832,0.0012414746,0.0006954404187854379,0.09946629603622538,False
1979-04-19 04:00:00,8.067712e-07,0.0021575224,0.001572834,0.0008815242946751027,0.09934389814719148,False
1979-04-19 05:00:00,0.013882975,0.0025172092,0.0018350454,0.009038419259479269,0.09924887124118142,False
1979-04-19 06:00:00,0.09933196,0.0029641832,0.0021608893,0.05852501260023564,0.0991770810870312,False
1979-04-19 07:00:00,0.20919433,0.0032143362,0.0023432511,0.12201775540388188,0.09911455200508683,False
1979-04-19 08:00:00,0.3499831,0.0041441293,0.0030210703,0.2036325679849833,0.09908993987507166,False
1979-04-19 09:00:00,0.4619476,0.005464102,0.0039833304,0.2687751130294055,0.09925783416959592,False
1979-04-19 10:00:00,0.4678075,0.006469742,0.004716443,0.2725669510853477,0.09982129129605348,False
1979-04-19 11:00:00,0.47257438,0.009273177,0.006760145,0.27646226915437727,0.1003628228949086,False
1979-04-19 12:00:00,0.4629824,0.012418507,0.009053092,0.2722121328767389,0.10033048005402999,False
1979-04-19 13:00:00,0.43819988,0.014188771,0.010343615,0.25863554121274496,0.09936745829159373,False
1979-04-19 14:00:00,0.38553968,0.014571766,0.010622817,0.22840700968820601,0.09814861463857173,False
1979-04-19 15:00:00,0.3045483,0.015232871,0.011104763,0.18194495194684715,0.09693736350964115,False
1979-04-19 16:00:00,0.21710141,0.016362011,0.0119279055,0.13194920270331204,0.09599985351682155,False
1979-04-19 17:00:00,0.12409131,0.015050504,0.010971818,0.07774680147692561,0.09526279459997448,False
1979-04-19 18:00:00,0.04487687,0.0136671,0.009963315,0.031475132805295285,0.09495122224508608,False
1979-04-19 19:00:00,0.0024465045,0.012149339,0.0088568665,0.006373009859817102,0.09487336148297315,False
1979-04-19 20:00:00,0.0,0.013159951,0.009593603,0.005374076563864946,0.09490625894401394,False
1979-04-19 21:00:00,0.0,0.01630872,0.011889055,0.006659926408901811,0.09496073024073787,False
1979-04-19 22:00:00,0.0,0.017008277,0.012399035,0.006945601953193546,0.0950197972997624,False
1979-04-19 23:00:00,0.0,0.019664742,0.014335597,0.008030412051826715,0.09505926243669029,False
1979-04-20 00:00:00,0.0,0.019891083,0.014500601,0.008122842181473971,0.09510347902053701,False
1979-04-20 01:00:00,0.0,0.017390883,0.012677954,0.007101845171302557,0.09517025644615142,False
1979-04-20 02:00:00,0.0,0.015406552,0.011231375,0.006291511849500239,0.095250601183848,False
1979-04-20 03:00:00,0.0,0.014082581,0.010266202,0.005750847201794386,0.09533571749253979,False
1979-04-20 04:00:00,2.3626867e-06,0.014903143,0.010864392,0.006087300218883229,0.09541752090708842,False
1979-04-20 05:00:00,0.012453059,0.015034071,0.010959837,0.013324818330816925,0.09550960527333947,False
1979-04-20 06:00:00,0.08326342,0.016460674,0.011999831,0.05476497260667384,0.09552342995031303,False
1979-04-20 07:00:00,0.18333948,0.018563068,0.0135324765,0.11336740364320576,0.09500625568758496,False
1979-04-20 08:00:00,0.3065628,0.024619877,0.017947892,0.1869406629167497,0.09407012462944542,False
1979-04-20 09:00:00,0.4290533,0.033156596,0.02417116,0.26110378453508015,0.09243444045825834,False
1979-04-20 10:00:00,0.49497232,0.031011516,0.022607395,0.29826307656429707,0.09048791950318935,False
1979-04-20 11:00:00,0.46224982,0.034302995,0.025006883,0.28072632020711896,0.0895000813569417,False
1979-04-20 12:00:00,0.38032123,0.03425745,0.02497368,0.233434929728508,0.08912009916066205,False
1979-04-20 13:00:00,0.34567994,0.028765531,0.020970074,0.21120418973825872,0.08936273322413223,False
1979-04-20 14:00:00,0.27000463,0.022951711,0.016731797,0.16516536993533373,0.08990126939926697,False
1979-04-20 15:00:00,0.19990437,0.015756497,0.0114864865,0.12177923767268657,0.09059813608422888,False
1979-04-20 16:00:00,0.13077128,0.009693632,0.0070666573,0.07941357784252613,0.09128172040709075,False
1979-04-20 17:00:00,0.07598577,0.0063175894,0.004605523,0.04642367626260966,0.09177414426492463,False
1979-04-20 18:00:00,0.025586603,0.006593942,0.0048069838,0.017456211837474256,0.09216690570144849,False
1979-04-20 19:00:00,0.0009698253,0.0074160337,0.005406289,0.003588045223150402,0.09244563442674013,False
1979-04-20 20:00:00,0.0,0.008027424,0.005851992,0.003278127059340477,0.09265159772879457,False
1979-04-20 21:00:00,0.0,0.008254785,0.0060177385,0.0033709735767915843,0.09289066297219149,False
1979-04-20 22:00:00,0.0,0.0069802725,0.005088619,0.002850505967158824,0.09315900196177433,False
1979-04-20 23:00:00,0.0,0.008760803,0.006386626,0.003577614253386855,0.09336353721220991,False
1979-04-21 00:00:00,0.0,0.011295001,0.008234056,0.0046124943858012555,0.09353368894833154,False
1979-04-21 01:00:00,0.0,0.012142949,0.008852209,0.004958767393603921,0.09367337146967664,False
1979-04-21 02:00:00,0.0,0.011770031,0.008580351,0.004806480559520424,0.09386553129165448,False
1979-04-21 03:00:00,0.0,0.011318289,0.008251033,0.0046220043171197175,0.0940883562531254,False
1979-04-21 04:00:00,4.0050427e-06,0.012976749,0.009460049,0.005301573874726273,0.0943182780736989,False
1979-04-21 05:00:00,0.0073526236,0.013369232,0.00974617,0.009702003754209727,0.0945335264846044,False
1979-04-21 06:00:00,0.046916913,0.01623443,0.011834899,0.033700647989287964,0.09476225507903746,False
1979-04-21 07:00:00,0.11964612,0.019706966,0.014366379,0.07708346461318433,0.09503400301735594,False
1979-04-21 08:00:00,0.20256579,0.020176183,0.014708439,0.12511972776800392,0.09530026642147975,False
1979-04-21 09:00:00,0.2873534,0.023359431,0.017029027,0.17534210718609392,0.09545590917044532,False
1979-04-21 10:00:00,0.37538895,0.020940274,0.015265458,0.2251507200654596,0.09546166039491284,False
1979-04-21 11:00:00,0.42510298,0.03168409,0.023097701,0.25822312373295425,0.09530429315446932,False
1979-04-21 12:00:00,0.46260652,0.041469187,0.030231044,0.2838585679233074,0.09608925719687461,False
1979-04-21 13:00:00,0.4593163,0.047652755,0.034738857,0.28448527761921283,0.09792357209670415,False
1979-04-21 14:00:00,0.4195068,0.04848884,0.035348363,0.26185661056637766,0.10020069702722655,False
1979-04-21 15:00:00,0.34059325,0.044652823,0.03255191,0.21475699944421647,0.10280934460251805,False
1979-04-21 16:00:00,0.24067198,0.040938318,0.02984403,0.15558554787933826,0.10545753096859183,False
1979-04-21 17:00:00,0.14505734,0.031592414,0.023030873,0.09659935043007134,0.10785422372851189,False
1979-04-21 18:00:00,0.05506691,0.032023165,0.023406606,0.04485411161929369,0.1092600673074312,False
1979-04-21 19:00:00,0.0027444337,0.03584667,0.02682017,0.01625924835843034,0.1098654214787454,False
1979-04-21 20:00:00,0.0,0.04111367,0.031078957,0.016849208246916533,0.11006815121500614,False
1979-04-21 21:00:00,0.0,0.04767683,0.036063835,0.019540197908878326,0.11021415317760176,False
1979-04-21 22:00:00,0.0,0.041031856,0.03004702,0.01676329397410154,0.11035035516516867,False
1979-04-21 23:00:00,0.0,0.039664652,0.028915532,0.016197695385664703,0.11056629379047293,False
1979-04-22 00:00:00,0.0,0.036309592,0.026469696,0.014827603206038474,0.11085294287710197,False
1979-04-22 01:00:00,0.0,0.03997766,0.029143715,0.016325516626238823,0.11123970478360055,False
1979-04-22 02:00:00,0.0,0.041597757,0.030324768,0.016987110000103712,0.11180762671790066,False
1979-04-22 03:00:00,0.0,0.041107964,0.029967703,0.016787094589322805,0.11260716839193113,False
1979-04-22 04:00:00,1.5732037e-05,0.0401849,0.029294785,0.01641922394234825,0.11363085556240034,False
1979-04-22 05:00:00,0.016368117,0.036387425,0.026526434,0.02430379086360335,0.11475990292651593,False
1979-04-22 06:00:00,0.09163275,0.03657693,0.026664583,0.06780887364596128,0.11600683983566214,False
1979-04-22 07:00:00,0.18664286,0.045192596,0.032945402,0.12614804704114793,0.11732947789302846,False
1979-04-22 08:00:00,0.2928455,0.062296245,0.045413963,0.19441151486709712,0.11835583915642438,False
1979-04-22 09:00:00,0.38184223,0.100539416,0.07329323,0.26137984330952163,0.1192147750913815,False
1979-04-22 10:00:00,0.43039426,0.103759766,0.07564086,0.2907094490230083,0.11980669406506052,False
1979-04-22 11:00:00,0.47335473,0.110878274,0.08083025,0.3184045942425728,0.11999834619962585,False
1979-04-22 12:00:00,0.49185076,0.09228034,0.067272365,0.3214820449203253,0.12030105572872458,False
1979-04-22 13:00:00,0.48616797,0.09792017,0.07138381,0.32050618640333417,0.12035895325114924,False
1979-04-22 14:00:00,0.43835995,0.09169903,0.06684859,0.29038045354932546,0.12013543233123582,False
1979-04-22 15:00:00,0.36998588,0.08671224,0.06321323,0.24889218324422835,0.11975088901324482,False
1979-04-22 16:00:00,0.28280714,0.07658598,0.05583118,0.19445483031868935,0.11923860713726504,False
1979-04-22 17:00:00,0.16621396,0.044074956,0.03213064,0.11390416805073618,0.11901562454050381,False
1979-04-22 18:00:00,0.060605794,0.028267948,0.020607334,0.04651321206055581,0.11895466151472156,False
1979-04-22 19:00:00,0.0037042317,0.02738164,0.019961217,0.01331907256366685,0.11896979503903514,False
1979-04-22 20:00:00,0.0,0.025188731,0.018362584,0.0102862212639302,0.11907598364333773,False
1979-04-22 21:00:00,0.0,0.024264187,0.017688595,0.009908668980002403,0.11913720102472382,False
1979-04-22 22:00:00,0.0,0.032362048,0.023591934,0.013215559981763362,0.1191932806508072,False
1979-04-22 23:00:00,0.0,0.042454,0.030948967,0.017336770411580802,0.1192680143951826,False
1979-04-23 00:00:00,0.0,0.05675562,0.041374847,0.02317706589773297,0.11937756368475187,False
1979-04-23 01:00:00,0.0,0.07887699,0.057655778,0.03221902024000883,0.11947162403449568,False
1979-04-23 02:00:00,0.0,0.105562605,0.07836814,0.043184480912983415,0.11947666593994166,False
1979-04-23 03:00:00,0.0,0.13147685,0.09711169,0.05375898849964142,0.11940451993773843,False
1979-04-23 04:00:00,3.382676e-05,0.14561944,0.10634735,0.05949584735227472,0.11930084503899946,False
1979-04-23 05:00:00,0.012315649,0.15291542,0.11153809,0.06955497539322823,0.119223992925563,False
1979-04-23 06:00:00,0.051553104,0.16514875,0.120393425,0.09718727474287152,0.11917454540176436,False
1979-04-23 07:00:00,0.09151637,0.180093,0.13128781,0.1263488052561879,0.11887135596936067,False
1979-04-23 08:00:00,0.15042154,0.19468787,0.14288141,0.16634865264594556,0.11825857287037927,False
1979-04-23 09:00:00,0.18872286,0.23201822,0.17122969,0.20375421792268752,0.11745832256264484,False
1979-04-23 10:00:00,0.23679227,0.238821,0.17770252,0.23435002252459525,0.11651932710383829,False
1979-04-23 11:00:00,0.25933507,0.30060712,0.22579296,0.27275318112969393,0.11574341976648317,False
1979-04-23 12:00:00,0.29357323,0.28670326,0.21208134,0.286637648999691,0.1150199895071747,False
1979-04-23 13:00:00,0.29887292,0.24793653,0.18181518,0.2737562734633684,0.11449971003339436,False
1979-04-23 14:00:00,0.28298858,0.19605322,0.14389783,0.2433985313028097,0.11346926409415399,False
1979-04-23 15:00:00,0.2259109,0.1464263,0.10714023,0.1901674693971872,0.11245204321331775,False
1979-04-23 16:00:00,0.17773186,0.10365971,0.07556793,0.1448823832347989,0.11118721899690848,False
1979-04-23 17:00:00,0.10969324,0.07439436,0.054233495,0.093673125192523,0.11003889029230422,False
1979-04-23 18:00:00,0.041958295,0.05233194,0.038149983,0.045580520786345,0.10945677928686572,False
1979-04-23 19:00:00,0.0033418476,0.047575105,0.03468225,0.021356301364954557,0.10937975488705835,False
1979-04-23 20:00:00,0.0,0.048455656,0.03532418,0.019787642553448677,0.1094235176889816,False
1979-04-23 21:00:00,0.0,0.054441407,0.03968779,0.022232019960880277,0.10952598532614145,False
1979-04-23 22:00:00,0.0,0.049834006,0.036328994,0.020350513704121113,0.10974086994117904,False
1979-04-23 23:00:00,0.0,0.052541252,0.038302578,0.021456061284989118,0.11007284194136817,False
1979-04-24 00:00:00,0.0,0.0473656,0.034529522,0.019342499993741512,0.11038629155954192,False
1979-04-24 01:00:00,0.0,0.040570293,0.029575743,0.016567528087645767,0.11062927719297665,False
1979-04-24 02:00:00,0.0,0.0331176,0.024142733,0.013524101894348859,0.11073957926965165,False
1979-04-24 03:00:00,0.0,0.028921848,0.021084027,0.01181069944985211,0.11066815150155533,False
1979-04-24 04:00:00,5.2180807e-05,0.031100078,0.022671955,0.012730322497398448,0.1104122561034638,False
1979-04-24 05:00:00,0.015308828,0.032072004,0.02338049,0.021930309721268713,0.11007118969336699,False
1979-04-24 06:00:00,0.066514306,0.03643062,0.026557922,0.053255780890583984,0.10972887584987877,False
1979-04-24 07:00:00,0.14011164,0.038911276,0.02836632,0.09673445829004049,0.10961044680460826,False
1979-04-24 08:00:00,0.22660854,0.0618229,0.045068894,0.15599950009584426,0.11013124369016697,False
1979-04-24 09:00:00,0.31433323,0.085555084,0.062369656,0.21630806128680705,0.11097344598618185,False
1979-04-24 10:00:00,0.37859112,0.085753515,0.06251432,0.2534658968299627,0.11191931154991969,False
1979-04-24 11:00:00,0.42165154,0.098880805,0.07222194,0.28367994179576633,0.11292640124162195,False
1979-04-24 12:00:00,0.44702494,0.09446242,0.068863094,0.29650863017886875,0.11310723359162766,False
1979-04-24 13:00:00,0.40641537,0.089486174,0.06523542,0.27104478131979703,0.11300361031233491,False
1979-04-24 14:00:00,0.3622873,0.07961993,0.058042925,0.24155385126918552,0.11311567160644105,False
1979-04-24 15:00:00,0.27396134,0.07372046,0.053742215,0.18818062085658313,0.11325685610534626,False
1979-04-24 16:00:00,0.1954158,0.06508901,0.047449894,0.13933505249768496,0.11342253506821738,False
1979-04-24 17:00:00,0.1164384,0.04598298,0.03352159,0.08596283978968858,0.11361228665239724,False
1979-04-24 18:00:00,0.0500543,0.03412309,0.024875732,0.04281604086980224,0.11348426963989199,False
1979-04-24 19:00:00,0.0042645345,0.03173391,0.023134025,0.01541968705598265,0.11325614246826698,False
1979-04-24 20:00:00,0.0,0.037232943,0.027142813,0.01520466784760356,0.11288721342257498,False
1979-04-24 21:00:00,0.0,0.049522072,0.03610159,0.020223130501806737,0.11248795505983446,False
1979-04-24 22:00:00,0.0,0.07092374,0.05517327,0.029150215990841388,0.11203519178161525,False
1979-04-24 23:00:00,0.0,0.078413546,0.06384729,0.032382352083921435,0.11161673064677245,False
1979-04-25 00:00:00,0.0,0.08408278,0.070626475,0.03484037630259991,0.11117570581957271,False
1979-04-25 01:00:00,0.0,0.09035019,0.07730186,0.037513519920408724,0.11078043515576802,False
1979-04-25 02:00:00,0.0,0.09588491,0.0810077,0.03975594804435968,0.11044596824586561,False
1979-04-25 03:00:00,0.0,0.1003424,0.08240118,0.04147600939124823,0.11017666539379944,False
1979-04-25 04:00:00,9.600576e-05,0.10435004,0.08452038,0.043124659667628296,0.10994341731902761,False
1979-04-25 05:00:00,0.017844366,0.10385218,0.08344919,0.053123910905793305,0.10969191368810201,False
1979-04-25 06:00:00,0.08368089,0.10464568,0.08526948,0.09150268056988717,0.10948005328673528,False
1979-04-25 07:00:00,0.18373272,0.10994786,0.08819476,0.1513470557630062,0.10951023943388784,False
1979-04-25 08:00:00,0.28625017,0.10112058,0.07952809,0.20677436285465955,0.10969161880688401,False
1979-04-25 09:00:00,0.3684735,0.089128,0.067746714,0.24915576498210426,0.10988642881724099,False
1979-04-25 10:00:00,0.44050112,0.069819584,0.051069494,0.2826903277263045,0.10974408393459713,False
1979-04-25 11:00:00,0.4501312,0.053156793,0.038751304,0.2814331339299679,0.10971000575887124,False
1979-04-25 12:00:00,0.4601567,0.039555963,0.028836299,0.2816637315936386,0.10955787478835328,False
1979-04-25 13:00:00,0.462742,0.029711291,0.02165953,0.2791352155804634,0.109304039681687,False
1979-04-25 14:00:00,0.41696,0.02348253,0.017118765,0.2501753872502595,0.10962971558100511,False
1979-04-25 15:00:00,0.33118254,0.017209401,0.012545653,0.19812005961500107,0.10993353124804724,False
1979-04-25 16:00:00,0.2591367,0.010942585,0.007977144,0.15399045927543192,0.11037689131812432,False
1979-04-25 17:00:00,0.14845642,0.0045766584,0.003336384,0.08752830859227105,0.11059481271092243,False
1979-04-25 18:00:00,0.058913708,0.0015603825,0.001137519,0.034630416548345234,0.11069515079500238,False
1979-04-25 19:00:00,0.0052809794,0.0014706955,0.001072137,0.003647707171738147,0.1106317906516077,False
1979-04-25 20:00:00,0.0,0.0015261828,0.0011125872,0.0006232411419041454,0.11043094636929422,False
1979-04-25 21:00:00,0.0,0.00122288,0.00089147955,0.0004993826063582673,0.1101603643393781,False
1979-04-25 22:00:00,0.0,0.00064740755,0.0004719601,0.00026437923166668044,0.10979756541115317,False
1979-04-25 23:00:00,0.0,0.00070248154,0.0005121091,0.0002868695794022642,0.1092550776871966,False
1979-04-26 00:00:00,0.0,0.0009048455,0.0006596324,0.00036950813111616296,0.1086624259895642,False
1979-04-26 01:00:00,0.0,0.0012565111,0.00091599673,0.0005131164123304188,0.10803315172715779,False
1979-04-26 02:00:00,0.0,0.0014633074,0.0010667511,0.0005975649951724336,0.10735775700891359,False
1979-04-26 03:00:00,0.0,0.0015054923,0.001097504,0.0006147918608039617,0.10664905478850674,False
1979-04-26 04:00:00,0.00012139024,0.0014401445,0.0010498653,0.000658148212969536,0.1059169924379556,False
1979-04-26 05:00:00,0.019421719,0.0013582879,0.0009901918,0.01176101045566611,0.10517249043884931,False
1979-04-26 06:00:00,0.09371696,0.001542812,0.0011247098,0.05470471595390699,0.10451224063318933,False
1979-04-26 07:00:00,0.18118592,0.0021950766,0.0016002107,0.10544066819385627,0.10388771676944969,False
1979-04-26 08:00:00,0.28486794,0.0024036719,0.0017522769,0.1653503805929795,0.10314996826110807,False
1979-04-26 09:00:00,0.36141264,0.0023028634,0.0016787873,0.2094755069199018,0.10232365482274842,False
1979-04-26 10:00:00,0.43416247,0.0032284777,0.0023535604,0.25183014439512036,0.1015092562732513,False
1979-04-26 11:00:00,0.4769506,0.0028826278,0.0021014358,0.27637765521090474,0.10069395060578762,False
1979-04-26 12:00:00,0.4899142,0.0040259147,0.0029348915,0.2843245450588874,0.10033821598600996,False
1979-04-26 13:00:00,0.4930596,0.005342835,0.0038949267,0.2866772244870663,0.10039696689816903,False
1979-04-26 14:00:00,0.43838763,0.007805105,0.005689921,0.25613700328720734,0.10041275802795556,False
1979-04-26 15:00:00,0.35549635,0.010628975,0.0077485233,0.20946190422028302,0.10062435941096952,False
1979-04-26 16:00:00,0.24974987,0.013932612,0.010156873,0.14979527935199438,0.1011632057156485,False
1979-04-26 17:00:00,0.14816026,0.012955524,0.009444578,0.090779067825526,0.10164911297960531,False
1979-04-26 18:00:00,0.062316846,0.009349294,0.006815635,0.03977475398685783,0.10226665576582827,False
1979-04-26 19:00:00,0.0056584044,0.006156884,0.0044883685,0.0057791615049354724,0.10285971393839315,False
1979-04-26 20:00:00,0.0,0.0054282933,0.003957226,0.002216730411630124,0.10336735013044414,False
1979-04-26 21:00:00,0.0,0.0068780994,0.0050141346,0.0028087819470092655,0.1037896999749504,False
1979-04-26 22:00:00,0.0,0.007617689,0.005553295,0.0031108052409254015,0.10418621863560873,False
1979-04-26 23:00:00,0.0,0.009636137,0.0070247436,0.003935070597566664,0.10459599854602526,False
1979-04-27 00:00:00,0.0,0.011350631,0.00827461,0.004635211707092821,0.10493960630595427,False
1979-04-27 01:00:00,0.0,0.012475508,0.009094646,0.005094573444686831,0.10525856271905319,False
1979-04-27 02:00:00,0.0,0.014051712,0.010243698,0.005738241464830935,0.10560882728684769,False
1979-04-27 03:00:00,0.0,0.015517983,0.0113126105,0.006337016564793884,0.10599060084653716,False
1979-04-27 04:00:00,0.00014066629,0.01789424,0.013044901,0.007388563710526796,0.10635007692518807,False
1979-04-27 05:00:00,0.019398091,0.025065819,0.018332118,0.02143192023411393,0.1067007257461613,False
1979-04-27 06:00:00,0.07876812,0.039240003,0.029569803,0.06152553511038422,0.10698605924006523,False
1979-04-27 07:00:00,0.16158313,0.055378802,0.04197937,0.1159351273626089,0.1070921992504782,False
1979-04-27 08:00:00,0.24164115,0.06754728,0.051100552,0.16711131781339644,0.1070228388636215,False
1979-04-27 09:00:00,0.30982155,0.076347135,0.05787981,0.21006463460624217,0.10658345690577185,False
1979-04-27 10:00:00,0.36651596,0.077933505,0.06145335,0.24355565568804738,0.10621519223133967,False
1979-04-27 11:00:00,0.39622265,0.08676983,0.0688766,0.2643578721806407,0.1055963362893572,False
1979-04-27 12:00:00,0.42126518,0.10039544,0.080886036,0.28448377537727354,0.10484193570429705,False
1979-04-27 13:00:00,0.40484947,0.11213956,0.09102867,0.2798931898102164,0.10393820300162743,False
1979-04-27 14:00:00,0.36632916,0.11833359,0.098059826,0.2603322536349296,0.10274860888564312,False
1979-04-27 15:00:00,0.2989155,0.12462745,0.10227606,0.22398468223959206,0.10170910183054098,False
1979-04-27 16:00:00,0.2263051,0.11351182,0.08981674,0.17731400794535873,0.10065554617000912,False
1979-04-27 17:00:00,0.1376782,0.09188471,0.07082555,0.11717036233097314,0.09993732901745023,False
1979-04-27 18:00:00,0.057743344,0.07244111,0.05645426,0.06309720883145929,0.0995722388546174,False
1979-04-27 19:00:00,0.006057007,0.059672773,0.046298116,0.028014244390185922,0.09939904995083122,False
1979-04-27 20:00:00,0.0,0.050928336,0.038953293,0.02089603367820382,0.09936703482514202,False
1979-04-27 21:00:00,0.0,0.047822464,0.03492202,0.01953227831795812,0.09935891402445339,False
1979-04-27 22:00:00,0.0,0.0488136,0.03558512,0.019933814931660892,0.09936509425984184,False
1979-04-27 23:00:00,0.0,0.041090693,0.029955115,0.01678004205599427,0.09940913988233148,False
1979-04-28 00:00:00,0.0,0.038395498,0.027990319,0.015679415959864856,0.09947325926002883,False
1979-04-28 01:00:00,0.0,0.042427175,0.03092941,0.017325815666466952,0.09954658763636905,False
1979-04-28 02:00:00,0.0,0.04633759,0.033780098,0.018922695860266684,0.09961049035583926,False
1979-04-28 03:00:00,0.0,0.04375889,0.031900235,0.017869643636047837,0.09967716783240975,False
1979-04-28 04:00:00,0.00018068793,0.04250018,0.031527195,0.01748929161968408,0.09977296175722804,False
1979-04-28 05:00:00,0.018130798,0.036720853,0.026769498,0.025457018163055182,0.09991459979295576,False
1979-04-28 06:00:00,0.07834226,0.03574233,0.026056163,0.05979943645372987,0.1001354681049334,False
1979-04-28 07:00:00,0.14748468,0.041642733,0.03049155,0.10211136962473392,0.10050297113368445,False
1979-04-28 08:00:00,0.2175497,0.0458752,0.033443023,0.14426004661619662,0.10096852784340117,False
1979-04-28 09:00:00,0.2956348,0.051957116,0.037876736,0.19179880254715678,0.10172195883498995,False
1979-04-28 10:00:00,0.33903658,0.06459257,0.049375776,0.22212505917996167,0.10282285484966669,False
1979-04-28 11:00:00,0.3771569,0.055129163,0.04081902,0.24016642712801695,0.10390691790466045,False
1979-04-28 12:00:00,0.38448334,0.04676807,0.034093928,0.24094537533074614,0.10445539631260096,False
1979-04-28 13:00:00,0.37317386,0.03490836,0.025448197,0.2295767069198191,0.10463487409831494,False
1979-04-28 14:00:00,0.33935314,0.025550365,0.018626215,0.20624066464230417,0.1046450379368244,False
1979-04-28 15:00:00,0.26286304,0.017678402,0.012887555,0.1588912325147539,0.10455649251320248,False
1979-04-28 16:00:00,0.19173254,0.011487685,0.008374522,0.11532085602916775,0.10443357024466159,False
1979-04-28 17:00:00,0.12305837,0.0055099097,0.0040167244,0.07325474000955,0.10425249265212105,False
1979-04-28 18:00:00,0.052229956,0.0032446436,0.0023653451,0.031461686605121934,0.10444746273973497,False
1979-04-28 19:00:00,0.00508917,0.0031980735,0.0023313956,0.004242435471853241,0.10506345801746324,False
1979-04-28 20:00:00,0.0,0.004473761,0.0032613722,0.0018269319785758852,0.10605607509341076,False
1979-04-28 21:00:00,0.0,0.0076045343,0.0055437055,0.003105433245655149,0.10736188033533269,False
1979-04-28 22:00:00,0.0,0.012794883,0.009327468,0.005224995120428502,0.10895063129214556,False
1979-04-28 23:00:00,0.0,0.017172832,0.0125189945,0.007012800727039575,0.11111856717600475,False
1979-04-29 00:00:00,0.0,0.019969767,0.014557959,0.008154973771423102,0.11361419859629113,False
1979-04-29 01:00:00,0.0,0.019986738,0.01457033,0.008161903979256748,0.1164089847144949,False
1979-04-29 02:00:00,0.0,0.02188909,0.015957147,0.008938760340213774,0.11951118731832121,False
1979-04-29 03:00:00,0.0,0.026777755,0.019520985,0.010935124956071376,0.12285788551772002,False
1979-04-29 04:00:00,0.0003075815,0.03430676,0.025009632,0.0141871894254582,0.12654659662682552,False
1979-04-29 05:00:00,0.023056079,0.04586631,0.03343654,0.0320335992090404,0.1305582075012336,False
1979-04-29 06:00:00,0.095240936,0.05928912,0.043221764,0.07916568049043415,0.13485235926210418,False
1979-04-29 07:00:00,0.18181877,0.08170266,0.05970629,0.13828184942901134,0.1389681910068837,False
1979-04-29 08:00:00,0.28121865,0.100140385,0.07520451,0.20327600540965793,0.14319050638863046,False
1979-04-29 09:00:00,0.37000564,0.12014013,0.094123766,0.26290764331072564,0.14749186060504216,False
1979-04-29 10:00:00,0.408671,0.14452219,0.119608,0.2955906823277473,0.15136957086657954,False
1979-04-29 11:00:00,0.38748083,0.16245568,0.13263434,0.29068483576178555,0.15478721515015859,False
1979-04-29 12:00:00,0.3888041,0.1665184,0.13543421,0.2930987090915442,0.1582748651200704,False
1979-04-29 13:00:00,0.35575405,0.18175896,0.14892434,0.280381054058671,0.16171402373215651,False
1979-04-29 14:00:00,0.30914882,0.18776599,0.15588067,0.25608207330107685,0.1651707260749567,False
1979-04-29 15:00:00,0.24219146,0.18915322,0.15819257,0.21808441334962844,0.1689971832150702,False
1979-04-29 16:00:00,0.17407721,0.16418855,0.14063254,0.16862228350341318,0.1730246204302367,False
1979-04-29 17:00:00,0.10633981,0.15669115,0.13614483,0.12652892653644085,0.17673234078455255,False
1979-04-29 18:00:00,0.043431975,0.1625102,0.14145312,0.09266498216241598,0.17968797871462036,False
1979-04-29 19:00:00,0.0037050967,0.1767835,0.15349835,0.07565986403566785,0.18213098924983762,False
1979-04-29 20:00:00,0.0,0.20090152,0.17485228,0.08357468529045581,0.18401531426316384,False
1979-04-29 21:00:00,0.0,0.2305291,0.19864975,0.09579232424497604,0.18566390523621834,False
1979-04-29 22:00:00,0.0,0.29906705,0.252574,0.12399473735690117,0.18716878537975157,False
1979-04-29 23:00:00,0.0,0.32961762,0.2766935,0.13657035022974015,0.18875976670459516,False
1979-04-30 00:00:00,0.0,0.36169252,0.30304834,0.14982914963364602,0.19013310400997893,False
1979-04-30 01:00:00,0.0,0.4012095,0.3367636,0.16623154065012932,0.1913617997590513,False
1979-04-30 02:00:00,0.0,0.43355516,0.36263624,0.17956420943140983,0.19252312902531724,False
1979-04-30 03:00:00,0.0,0.47093558,0.39171383,0.19492777687311175,0.193605109974585,False
1979-04-30 04:00:00,0.00020376734,0.50769556,0.41832185,0.21004661359127202,0.1945688109056386,False
1979-04-30 05:00:00,0.01522354,0.54018265,0.4345356,0.23157630268484353,0.19537005743142022,False
1979-04-30 06:00:00,0.05933343,0.540728,0.43695092,0.2573593602031469,0.19609200732633278,False
1979-04-30 07:00:00,0.1033768,0.5941628,0.47940767,0.3047825079485774,0.19697258691169747,False
1979-04-30 08:00:00,0.16990463,0.61235046,0.495051,0.3507250490039587,0.19799474185230015,False
1979-04-30 09:00:00,0.22419612,0.6015088,0.49279606,0.3779288951009512,0.19910941342767133,False
1979-04-30 10:00:00,0.27785957,0.5460936,0.45071262,0.3861719847917557,0.20003856342679938,False
1979-04-30 11:00:00,0.3444879,0.5047724,0.41746444,0.40757362568378447,0.20129890501396538,False
1979-04-30 12:00:00,0.35811993,0.48154923,0.40181702,0.4060249887108802,0.20305432630258732,False
1979-04-30 13:00:00,0.36906093,0.4403371,0.37159026,0.39549841937422753,0.20497198266588582,False
1979-04-30 14:00:00,0.35744506,0.44251952,0.37731677,0.3899106073677539,0.20677493782642417,False
1979-04-30 15:00:00,0.2985836,0.43319756,0.37177008,0.3522082188427448,0.2078949613377743,False
1979-04-30 16:00:00,0.22186542,0.39798456,0.3410886,0.2932914330363273,0.2088249345979634,False
1979-04-30 17:00:00,0.13997085,0.32378158,0.27568102,0.21512536065280438,0.20915040185898348,False
1979-04-30 18:00:00,0.06528899,0.2674767,0.22880629,0.1487261922955513,0.20873326685184732,False
1979-04-30 19:00:00,0.008633488,0.21563807,0.18774195,0.09469003611151129,0.20782063258573377,False
1979-04-30 20:00:00,0.0,0.19426541,0.17176597,0.08095929868519305,0.20654546336484006,False
1979-04-30 21:00:00,0.0,0.18051165,0.16168296,0.07533968013525008,0.2051020594519941,False
1979-04-30 22:00:00,0.0,0.19573656,0.17343165,0.08159209871292114,0.20363439301367905,False
1979-04-30 23:00:00,0.0,0.17466182,0.15708855,0.0729329913854599,0.2018480256578332,False
1979-05-01 00:00:00,0.0,0.16062096,0.14561549,0.06713236972689629,0.20009757956549581,False
1979-05-01 01:00:00,0.0,0.15284449,0.13900171,0.06390570876002312,0.19838284681797083,False
1979-05-01 02:00:00,0.0,0.14547458,0.13321713,0.06087384590506554,0.1967336426522961,False
1979-05-01 03:00:00,0.0,0.13665363,0.12532555,0.05719276964664459,0.195141217613258,False
1979-05-01 04:00:00,0.000623951,0.1250277,0.11392187,0.05264702266297536,0.1935574573554477,False
1979-05-01 05:00:00,0.030682918,0.11734502,0.105237745,0.06668719416484237,0.19196596030308832,False
1979-05-01 06:00:00,0.11594753,0.13101803,0.11455785,0.12143350058794022,0.19042719813121914,False
1979-05-01 07:00:00,0.22341976,0.14077246,0.12013054,0.18734528657793997,0.18923991845156188,False
1979-05-01 08:00:00,0.3466658,0.13702343,0.11467458,0.2567802410274744,0.18809705737539692,False
1979-05-01 09:00:00,0.4398152,0.12999265,0.10678128,0.3075068432688713,0.18718257337401123,False
1979-05-01 10:00:00,0.52611995,0.127463,0.10151894,0.35608707851171495,0.18669768269914946,False
1979-05-01 11:00:00,0.5549935,0.13324423,0.10271631,0.37494505761563773,0.18684136031564139,False
1979-05-01 12:00:00,0.57256025,0.13372616,0.10062954,0.38514621452987197,0.18749275697763823,False
1979-05-01 13:00:00,0.5416807,0.132987,0.09816558,0.36692290176451203,0.18836200774829648,False
1979-05-01 14:00:00,0.44823763,0.12539373,0.09147783,0.30984320184588426,0.18908326688901644,False
1979-05-01 15:00:00,0.37793443,0.10935035,0.0797164,0.262723129838705,0.18923192692109506,False
1979-05-01 16:00:00,0.25900382,0.08521647,0.062122807,0.18424471203237772,0.18881107014351647,False
1979-05-01 17:00:00,0.15233363,0.04557172,0.033221785,0.10650644619390368,0.1883586390968021,False
1979-05-01 18:00:00,0.06398942,0.02923025,0.02130885,0.048858537388965485,0.18791247772980293,False
1979-05-01 19:00:00,0.007862274,0.024280204,0.017700268,0.014451741432771087,0.18745295999055542,False
1979-05-01 20:00:00,1.1525302e-07,0.034996133,0.025512181,0.014291297473850627,0.18705776090597856,False
1979-05-01 21:00:00,0.0,0.061987802,0.045756225,0.025344335205852983,0.1866414949279784,False
1979-05-01 22:00:00,0.0,0.09328976,0.0708367,0.038249104276299475,0.18624995368351627,False
1979-05-01 23:00:00,0.0,0.12780711,0.09977989,0.05254893779754639,0.18588084155139914,False
1979-05-02 00:00:00,0.0,0.16419536,0.12840538,0.06752197775244713,0.1856133988453581,False
1979-05-02 01:00:00,0.0,0.21127106,0.16871701,0.08706974069774151,0.18540940289111277,False
1979-05-02 02:00:00,0.0,0.25029346,0.19943555,0.10312780755758286,0.18520437189755432,False
1979-05-02 03:00:00,0.0,0.28912127,0.22632474,0.11890728449821471,0.18502958667190214,False
1979-05-02 04:00:00,0.00058148033,0.3234884,0.25837067,0.1336547550780233,0.1848872106322593,False
1979-05-02 05:00:00,0.018570172,0.3560635,0.28913525,0.15771571843512353,0.18483395840652483,False
1979-05-02 06:00:00,0.06760944,0.39047974,0.31985676,0.20036993557959792,0.18488841393254274,False
1979-05-02 07:00:00,0.12750915,0.42619228,0.35347122,0.24992517629265784,0.1852648953693566,False
1979-05-02 08:00:00,0.20163688,0.45877877,0.39251798,0.3068298169374466,0.18568590557829365,False
1979-05-02 09:00:00,0.2820784,0.46123496,0.40183732,0.35465414270758633,0.18609762729492854,False
1979-05-02 10:00:00,0.36561608,0.43807408,0.3788647,0.3930685103833675,0.18663586153095782,False
1979-05-02 11:00:00,0.43429077,0.45258725,0.3935222,0.4388406654596329,0.18735609520480853,False
1979-05-02 12:00:00,0.4559384,0.44424903,0.38416067,0.44774902570247654,0.18885757730751804,False
1979-05-02 13:00:00,0.44001392,0.4241566,0.3651304,0.4301188581287861,0.19027279999702743,False
1979-05-02 14:00:00,0.40395966,0.39511666,0.33636144,0.3970462889075279,0.1915677440443344,False
1979-05-02 15:00:00,0.32269827,0.35204172,0.29457036,0.3320070935189724,0.19304746093808559,False
1979-05-02 16:00:00,0.25256556,0.30442512,0.25021377,0.27157474279403687,0.19409270540366766,False
1979-05-02 17:00:00,0.15757321,0.2487236,0.20390494,0.19370961503684522,0.19491317634926686,False
1979-05-02 18:00:00,0.07099081,0.2069125,0.1732765,0.1266693408116698,0.19551767787738902,False
1979-05-02 19:00:00,0.010167045,0.16807859,0.14505735,0.07572048005182297,0.19580770405608894,False
1979-05-02 20:00:00,7.203314e-07,0.1467544,0.12640265,0.06097853174118495,0.19594092393299764,False
1979-05-02 21:00:00,0.0,0.13610357,0.117101535,0.05654570040106774,0.19586921970070936,False
1979-05-02 22:00:00,0.0,0.15391165,0.13113551,0.06387471637129784,0.19553244295543656,False
1979-05-02 23:00:00,0.0,0.14472938,0.12390003,0.060095741495490074,0.19491044524476994,False
1979-05-03 00:00:00,0.0,0.13813758,0.11792217,0.0573405639231205,0.19400744141745044,False
1979-05-03 01:00:00,0.0,0.13016786,0.111708924,0.05406422106921673,0.19278651902093216,False
1979-05-03 02:00:00,0.0,0.1264269,0.10801161,0.05248415507376194,0.19114170308122078,False
1979-05-03 03:00:00,0.0,0.121439435,0.10273275,0.05035871974378824,0.18913135267179126,False
1979-05-03 04:00:00,0.00094300014,0.11959522,0.1002994,0.05009091582772089,0.1867547915052473,False
1979-05-03 05:00:00,0.03515851,0.11849516,0.09796083,0.0693010594137013,0.18405951814738905,False
1979-05-03 06:00:00,0.124781504,0.16375817,0.13109103,0.13950460955500604,0.1813455728894168,False
1979-05-03 07:00:00,0.21778996,0.1991128,0.15585822,0.20755377660691737,0.17888714307186027,False
1979-05-03 08:00:00,0.35067534,0.18044123,0.14111844,0.27654288342595096,0.17662992460727214,False
1979-05-03 09:00:00,0.4644628,0.15901896,0.12350113,0.3333420865982771,0.17469543420675046,False
1979-05-03 10:00:00,0.577906,0.13914399,0.10856285,0.3906582948565483,0.17289240533373773,False
1979-05-03 11:00:00,0.67714536,0.13693894,0.10690471,0.44701619854569435,0.1714748434204211,False
1979-05-03 12:00:00,0.6907532,0.13268608,0.10279874,0.45307690362632275,0.1698747341004424,False
1979-05-03 13:00:00,0.65131354,0.13010253,0.09749015,0.4290802160352469,0.16827829178576267,False
1979-05-03 14:00:00,0.57170534,0.12469988,0.092247665,0.38086961274594067,0.16668167198579667,False
1979-05-03 15:00:00,0.45987207,0.11636862,0.08534556,0.3128948641866446,0.1648435768158942,False
1979-05-03 16:00:00,0.31886333,0.09700427,0.07127034,0.22362731742113828,0.16306379870800988,False
1979-05-03 17:00:00,0.18822604,0.06589552,0.048160095,0.13552251954376698,0.16105951479599565,False
1979-05-03 18:00:00,0.07696479,0.044986878,0.032795433,0.06277979396656155,0.15926793675113302,False
1979-05-03 19:00:00,0.01112546,0.03532837,0.025754381,0.02084629552438855,0.15764969722808558,False
1979-05-03 20:00:00,2.1898072e-06,0.02656497,0.019365864,0.01084949432401345,0.15627421116048262,False
1979-05-03 21:00:00,0.0,0.022477511,0.016386107,0.00917905143275857,0.15504231005719274,False
1979-05-03 22:00:00,0.0,0.020553166,0.014983257,0.008393214164301752,0.15388808876508783,False
1979-05-03 23:00:00,0.0,0.022540452,0.016431987,0.009204754086211324,0.1525782631090399,False
1979-05-04 00:00:00,0.0,0.021837525,0.015919555,0.008917702719569206,0.1513396207838371,False
1979-05-04 01:00:00,0.0,0.019880636,0.014492982,0.00811857559159398,0.15015773596480655,False
1979-05-04 02:00:00,0.0,0.016237855,0.011837397,0.006630987904965878,0.14904647214482183,False
1979-05-04 03:00:00,0.0,0.011833376,0.008626531,0.00483234850410372,0.1479770679227943,False
1979-05-04 04:00:00,0.0013595246,0.0085638575,0.006243052,0.004281633900827728,0.14695447150593036,False
1979-05-04 05:00:00,0.04208582,0.007745083,0.005646165,0.027446346052456647,0.14595842764146613,False
1979-05-04 06:00:00,0.1353273,0.010484358,0.0076430966,0.08236530433688312,0.14499318663167463,False
1979-05-04 07:00:00,0.236748,0.012182936,0.00888136,0.14157868999242781,0.14364149324686934,False
1979-05-04 08:00:00,0.36027074,0.014932834,0.010886036,0.2139742777124047,0.14205615958481024,False
1979-05-04 09:00:00,0.45119384,0.019026833,0.013870561,0.26810875680297613,0.14028138046952573,False
1979-05-04 10:00:00,0.5529911,0.014569475,0.010621147,0.32502553854417054,0.13856243935680498,False
1979-05-04 11:00:00,0.6165289,0.015422994,0.011243363,0.36203541810065504,0.1369056740412397,False
1979-05-04 12:00:00,0.6315097,0.016501583,0.0120296525,0.3711197945978492,0.1352403090588104,False
1979-05-04 13:00:00,0.60026723,0.017452274,0.012722708,0.3534811077304184,0.13387284172982675,False
1979-05-04 14:00:00,0.52158666,0.019252876,0.014035347,0.30881772075220937,0.13261594044882374,False
1979-05-04 15:00:00,0.41297892,0.020297745,0.014797056,0.2465777443405241,0.1315435858660354,False
1979-05-04 16:00:00,0.29036567,0.019169386,0.013974482,0.17536911501735447,0.1305313839036346,False
1979-05-04 17:00:00,0.17660233,0.014238018,0.010379515,0.1077138688834384,0.1299653566936376,False
1979-05-04 18:00:00,0.07875114,0.008704046,0.0063452483,0.048993843705393364,0.1296488043116702,False
1979-05-04 19:00:00,0.0124050565,0.0062185177,0.0045332997,0.00969714880688116,0.12944178144005908,False
1979-05-04 20:00:00,5.3304525e-06,0.0045160544,0.0032922043,0.0018472787832711217,0.12918131128479998,False
1979-05-04 21:00:00,0.0,0.0027991517,0.0020405815,0.0011430783800315113,0.1289590954182928,False
1979-05-04 22:00:00,0.0,0.002456338,0.0017906702,0.001003084880998358,0.12877331013967308,False
1979-05-04 23:00:00,0.0,0.0015694497,0.0011441289,0.0006409098857548087,0.12860276934352408,False
1979-05-05 00:00:00,0.0,0.0014939848,0.0010891149,0.000610092609655112,0.12841567378265212,False
1979-05-05 01:00:00,0.0,0.0017718363,0.0012916687,0.0007235577099490912,0.12823517865525685,False
1979-05-05 02:00:00,0.0,0.0028228413,0.0020578515,0.0011527524164412172,0.12807183992582907,False
1979-05-05 03:00:00,0.0,0.003119975,0.0022744616,0.0012740917343180627,0.12794033429619198,False
1979-05-05 04:00:00,0.0013881937,0.0036237654,0.0026417247,0.0022808103334391486,0.12784581781595958,False
1979-05-05 05:00:00,0.037062287,0.003880223,0.0028286825,0.022969490943709387,0.12778577102915942,False
1979-05-05 06:00:00,0.12644553,0.004075401,0.0029709674,0.07462332708435133,0.12779050504522302,False
1979-05-05 07:00:00,0.22562185,0.0031196373,0.0022742155,0.1314577608280815,0.12788340048866997,False
1979-05-05 08:00:00,0.32993832,0.0023975403,0.0017478068,0.19135348589229398,0.12806100982710963,False
1979-05-05 09:00:00,0.43334645,0.0019394645,0.0014138696,0.2508329131876817,0.12823300095949855,False
1979-05-05 10:00:00,0.53769845,0.0021587384,0.0015737204,0.3111335597094148,0.12865462502414293,False
1979-05-05 11:00:00,0.6344877,0.0023980525,0.0017481802,0.36707867938908745,0.12887193090500504,False
1979-05-05 12:00:00,0.6695392,0.002728792,0.0019892892,0.3874384718351066,0.1291635929212725,False
1979-05-05 13:00:00,0.63691485,0.0030587427,0.002229823,0.36874895454710344,0.1291942886810705,False
1979-05-05 14:00:00,0.56838787,0.003518398,0.002564912,0.3293965927721001,0.12922278747417867,False
1979-05-05 15:00:00,0.45525298,0.0039871177,0.0029066086,0.2643091699914075,0.12915746114067675,False
1979-05-05 16:00:00,0.33734047,0.004438562,0.003235712,0.1964580113412812,0.1292540189999887,False
1979-05-05 17:00:00,0.20583169,0.0038277407,0.0027904229,0.12032800520933233,0.12942170596617836,False
1979-05-05 18:00:00,0.0906325,0.0013413081,0.0009778136,0.052842696129227984,0.1295839713887383,False
1979-05-05 19:00:00,0.014073775,0.0005464701,0.00039837667,0.00834372807195177,0.12966185182502607,False
1979-05-05 20:00:00,1.0459212e-05,0.0004336741,0.0003161485,0.0001831327316695024,0.1296556025477775,False
1979-05-05 21:00:00,0.0,0.00064000936,0.0004665668,0.00026135805901139977,0.12962678894732715,False
1979-05-05 22:00:00,0.0,0.000507525,0.00036998568,0.00020725594914983958,0.12960871576928154,False
1979-05-05 23:00:00,0.0,0.0005489369,0.00040017502,0.0002241671643569134,0.12959331435754545,False
1979-05-06 00:00:00,0.0,0.0006218358,0.0004533183,0.00025393660459667444,0.12958915569861681,False
1979-05-06 01:00:00,0.0,0.0006815371,0.0004968406,0.000278316579060629,0.12959172523605927,False
1979-05-06 02:00:00,0.0,0.00078047067,0.00056896306,0.00031871768238488584,0.12960613824510772,False
1979-05-06 03:00:00,0.0,0.00072375627,0.00052761834,0.0002955574529478326,0.129617249392824,False
1979-05-06 04:00:00,0.0019515217,0.00066939974,0.00048799245,0.001399388134421315,0.12962854967512946,False
1979-05-06 05:00:00,0.04728471,0.00095576147,0.0006967501,0.027673578823509154,0.12965025189563767,False
1979-05-06 06:00:00,0.14911364,0.0019240467,0.0014026299,0.08682428562233689,0.12981138942083847,False
1979-05-06 07:00:00,0.25825953,0.0026647337,0.0019425909,0.15010393823753107,0.13030320882497198,False
1979-05-06 08:00:00,0.38288864,0.0031910196,0.0023262536,0.22222985206707377,0.1312327016998482,False
1979-05-06 09:00:00,0.4971208,0.0036927944,0.0026920473,0.28834671190590594,0.13265859973283387,False
1979-05-06 10:00:00,0.5801433,0.0017473354,0.0012738075,0.335456220825552,0.13423784430415706,False
1979-05-06 11:00:00,0.64985174,0.0026220137,0.0019114481,0.3760351948814932,0.13554665779572161,False
1979-05-06 12:00:00,0.6427125,0.004280703,0.003120633,0.37259319106815375,0.13629096877470115,False
1979-05-06 13:00:00,0.6109115,0.005762284,0.004200705,0.3548490497996099,0.13655620977309654,False
1979-05-06 14:00:00,0.5248421,0.0069745635,0.005084457,0.3056820567441173,0.13670462836838335,False
1979-05-06 15:00:00,0.43046632,0.0069385124,0.005058176,0.25121252158749846,0.13650470528056968,False
1979-05-06 16:00:00,0.31277213,0.007220418,0.0052636843,0.18341808939445764,0.13644958087311987,False
1979-05-06 17:00:00,0.1956481,0.0064002713,0.0046657976,0.11550260916631667,0.13646903835218563,False
1979-05-06 18:00:00,0.0892169,0.0030706564,0.0022385088,0.052732104647206145,0.13679282250346023,False
1979-05-06 19:00:00,0.014944024,0.0018965375,0.0013825758,0.009397183498949744,0.13733073036651786,False
1979-05-06 20:00:00,1.8209977e-05,0.0011110592,0.0008099621,0.0004642259616539377,0.13790720614447338,False
1979-05-06 21:00:00,0.0,0.0006748011,0.00049193,0.0002755658338428475,0.13852805704413615,False
1979-05-06 22:00:00,0.0,0.00064603105,0.00047095664,0.00026381711766589435,0.13920420735043873,False
1979-05-06 23:00:00,0.0,0.0010806342,0.00078778225,0.00044129425717983397,0.14002770518775354,False
1979-05-07 00:00:00,0.0,0.0017960124,0.0013092932,0.0007334304068936034,0.14089722857461376,False
1979-05-07 01:00:00,0.0,0.0034659647,0.0025266884,0.00141538214427419,0.14180683771200778,False
1979-05-07 02:00:00,0.0,0.0041288636,0.0030099417,0.0016860875068232418,0.14271357377393062,False
1979-05-07 03:00:00,0.0,0.0044482285,0.0032427586,0.0018165052849799395,0.14358648038256136,False
1979-05-07 04:00:00,0.0018849341,0.005472811,0.0039896793,0.0033225169178331265,0.14441407259172476,False
1979-05-07 05:00:00,0.0465345,0.009436841,0.0068794573,0.030704092153348028,0.1452174493417667,False
1979-05-07 06:00:00,0.15737742,0.018179491,0.013252849,0.09823065848276019,0.14607897537726547,False
1979-05-07 07:00:00,0.28554407,0.02770311,0.02022304,0.17607341882213948,0.14712661697643556,False
1979-05-07 08:00:00,0.42285758,0.038416304,0.030225005,0.25979659147560596,0.1485967562261146,False
1979-05-07 09:00:00,0.53141606,0.04842539,0.039641064,0.326636652611196,0.15036851971535184,False
1979-05-07 10:00:00,0.60409534,0.061235487,0.051809285,0.37395660730451347,0.15236230031925097,False
1979-05-07 11:00:00,0.6417848,0.078328654,0.06652798,0.402805606380105,0.15458217757119144,False
1979-05-07 12:00:00,0.63456494,0.081863314,0.070713125,0.4001700397580862,0.15670185942607415,False
1979-05-07 13:00:00,0.5884881,0.08702316,0.077849366,0.37587304712086916,0.15874583712369658,False
1979-05-07 14:00:00,0.49593112,0.08071398,0.07156612,0.3198002845570445,0.1602723621720707,False
1979-05-07 15:00:00,0.39907333,0.07515591,0.067876965,0.2616631984338164,0.16180999670581336,False
1979-05-07 16:00:00,0.29334465,0.06719458,0.061802015,0.1973919703364372,0.16296649903103697,False
1979-05-07 17:00:00,0.19004774,0.062412262,0.05892543,0.13586964447051286,0.16391545502597066,False
1979-05-07 18:00:00,0.09049287,0.063013405,0.05918413,0.07866227355599403,0.16459524192674693,False
1979-05-07 19:00:00,0.014604775,0.06581368,0.061154835,0.03601456541381776,0.16499768711005228,False
1979-05-07 20:00:00,1.16405545e-05,0.07171091,0.0651099,0.029983975915482915,0.16518723197555243,False
1979-05-07 21:00:00,0.0,0.07850228,0.069430195,0.03271657276153564,0.16533446880298988,False
1979-05-07 22:00:00,0.0,0.09530169,0.08460795,0.039735152140259744,0.1655138084082752,False
1979-05-07 23:00:00,0.0,0.100822255,0.088108845,0.041961289733648294,0.1657004138870067,False
1979-05-08 00:00:00,0.0,0.1054527,0.092650525,0.04391517519950867,0.1658795896538392,False
1979-05-08 01:00:00,0.0,0.1051921,0.09232892,0.04380164755135774,0.16603545345953505,False
1979-05-08 02:00:00,0.0,0.10152505,0.08806463,0.04221823489665985,0.1661492069264165,False
1979-05-08 03:00:00,0.0,0.096295975,0.08308831,0.04001998349279165,0.16623662116001256,False
1979-05-08 04:00:00,0.0024114675,0.092923895,0.07928034,0.03996147213643417,0.16630279355549613,False
1979-05-08 05:00:00,0.05442124,0.09078754,0.076392084,0.06902682852745057,0.16637243593848292,False
1979-05-08 06:00:00,0.1733766,0.089649804,0.073925994,0.13711108238250017,0.16659589084698956,False
1979-05-08 07:00:00,0.31776506,0.09040492,0.07334757,0.2206706222221255,0.16698646111655732,False
1979-05-08 08:00:00,0.46645766,0.092579305,0.07345673,0.3072744995504617,0.1676102235421164,False
1979-05-08 09:00:00,0.5958335,0.09788057,0.0765617,0.38404818089306353,0.1683222228008414,False
1979-05-08 10:00:00,0.7014664,0.0902655,0.07326404,0.4420103289186954,0.1692473390986303,False
1979-05-08 11:00:00,0.76202875,0.092165545,0.07556013,0.477779923915863,0.17040060279797123,False
1979-05-08 12:00:00,0.7529022,0.08784925,0.071540214,0.47070412055402994,0.17159666061371626,False
1979-05-08 13:00:00,0.6880294,0.07565697,0.059478898,0.4281222521215677,0.17276608283002223,False
1979-05-08 14:00:00,0.61169755,0.064789325,0.04873638,0.3794885143637657,0.17394246129784094,False
1979-05-08 15:00:00,0.49604988,0.050179493,0.03680776,0.3067246331982314,0.17528398687378252,False
1979-05-08 16:00:00,0.3722846,0.03467421,0.025277501,0.22896797715127465,0.17631663025039926,False
1979-05-08 17:00:00,0.24029496,0.023219824,0.016927253,0.14813238040357826,0.1770503905446709,False
1979-05-08 18:00:00,0.111725,0.018571936,0.01353894,0.07204947344586253,0.17743062060149137,False
1979-05-08 19:00:00,0.01986916,0.017216986,0.012551184,0.01849533704295754,0.17749103463093188,False
1979-05-08 20:00:00,4.082838e-05,0.018385556,0.013403068,0.0075315936786500975,0.17744276670041867,False
1979-05-08 21:00:00,0.0,0.02168677,0.016323125,0.008883866887539626,0.1773754960397604,False
1979-05-08 22:00:00,0.0,0.022344856,0.018067192,0.009220880096778274,0.17734375438153474,False
1979-05-08 23:00:00,0.0,0.021923887,0.017626239,0.009041731065139174,0.17722090949084343,False
1979-05-09 00:00:00,0.0,0.019955222,0.015766969,0.008214893080294132,0.17709078393656494,False
1979-05-09 01:00:00,0.0,0.016786756,0.012615474,0.006875548554584384,0.1769132071096796,False
1979-05-09 02:00:00,0.0,0.014403674,0.010500279,0.0058819707194343205,0.17673541988165783,False
1979-05-09 03:00:00,0.0,0.012226239,0.008912928,0.004992780268192291,0.17661257100676853,False
1979-05-09 04:00:00,0.0032618332,0.011713202,0.008538925,0.0066653513011988245,0.17657359591278912,False
1979-05-09 05:00:00,0.06307037,0.012337764,0.00899423,0.04142992776166647,0.17661154893941097,False
1979-05-09 06:00:00,0.19301957,0.013727245,0.010007163,0.11697803142201155,0.17673805654918315,False
1979-05-09 07:00:00,0.34726787,0.013812258,0.010069136,0.20601401524897664,0.17679813872665948,False
1979-05-09 08:00:00,0.50086033,0.012185499,0.0088832285,0.2939725558944046,0.1765900485984376,False
1979-05-09 09:00:00,0.6354264,0.010777589,0.007856863,0.3710422349050641,0.17607526155902853,False
1979-05-09 10:00:00,0.73776776,0.008867706,0.0064645573,0.42931326487287874,0.1751187743519759,False
1979-05-09 11:00:00,0.7904668,0.010081756,0.0073496,0.4602163815358653,0.17396276621613807,False
1979-05-09 12:00:00,0.7834095,0.010468644,0.007631642,0.45630230614077294,0.17259808160426873,False
1979-05-09 13:00:00,0.7411684,0.011472695,0.008363595,0.4323392135761678,0.17168204124846342,False
1979-05-09 14:00:00,0.65548986,0.014633593,0.010667888,0.3841935122022406,0.17120790243925063,False
1979-05-09 15:00:00,0.52479017,0.020633828,0.015042059,0.3112300805114209,0.1711529343271023,False
1979-05-09 16:00:00,0.38277575,0.0287753,0.020977195,0.2326124644614756,0.17133533051245384,False
1979-05-09 17:00:00,0.24085857,0.03700317,0.027613379,0.15412068719789387,0.17156900794703359,False
1979-05-09 18:00:00,0.1094389,0.04488182,0.034342736,0.08156214696913956,0.17184627704143993,False
1979-05-09 19:00:00,0.020162882,0.053520232,0.04286585,0.033697704749181864,0.17217976716354957,False
1979-05-09 20:00:00,5.0106246e-05,0.064617164,0.053376652,0.026754984203886122,0.17246531882637806,False
1979-05-09 21:00:00,0.0,0.07515977,0.06405587,0.031192973166704177,0.17268025147915564,False
1979-05-09 22:00:00,0.0,0.081617475,0.06892128,0.033838597387075425,0.17284502377128905,False
1979-05-09 23:00:00,0.0,0.08630656,0.07163229,0.03571526312828064,0.17298094909790182,False
1979-05-10 00:00:00,0.0,0.08588342,0.068527855,0.03539148750901222,0.17307306922320953,False
1979-05-10 01:00:00,0.0,0.08573958,0.06722138,0.03526786060631275,0.17314575688495046,False
1979-05-10 02:00:00,0.0,0.08840385,0.068527184,0.036321488901972766,0.1732186238719218,False
1979-05-10 03:00:00,0.0,0.093038335,0.07070432,0.038149178981781,0.17332741263526938,False
1979-05-10 04:00:00,0.0031548208,0.09715415,0.076166764,0.04178321741428226,0.17350464861066525,False
1979-05-10 05:00:00,0.050168023,0.111914426,0.08992262,0.07509919379651546,0.1737288136850955,False
1979-05-10 06:00:00,0.14765736,0.1325849,0.1087574,0.1399950269013643,0.17382948081554975,False
1979-05-10 07:00:00,0.26634678,0.1380503,0.11221557,0.21068229606747627,0.17351111023047217,False
1979-05-10 08:00:00,0.39228517,0.13607354,0.111204475,0.28256472165882585,0.17224790230469755,False
1979-05-10 09:00:00,0.4975757,0.12386605,0.09868598,0.3381367949545383,0.17023158467334673,False
1979-05-10 10:00:00,0.59081465,0.11083773,0.08745859,0.38652193839848037,0.1676103575810819,False
1979-05-10 11:00:00,0.6457787,0.09646873,0.075255215,0.412275062546134,0.1642256457257579,False
1979-05-10 12:00:00,0.67322737,0.09328844,0.07145478,0.4267341834753751,0.16021707213232195,False
1979-05-10 13:00:00,0.6401664,0.08771012,0.0670841,0.4053635892793536,0.15581215996317235,False
1979-05-10 14:00:00,0.5916343,0.08637425,0.0667587,0.37685004498064517,0.15107808989704255,False
1979-05-10 15:00:00,0.48684767,0.084034145,0.06592492,0.31547965009510515,0.14651434910263147,False
1979-05-10 16:00:00,0.36051118,0.07809299,0.062096793,0.24018449401110412,0.14261780324450904,False
1979-05-10 17:00:00,0.23344137,0.06481827,0.052364554,0.16144129693508147,0.13953257182796075,False
1979-05-10 18:00:00,0.11214631,0.05653313,0.046071343,0.08805699930712581,0.1374646873637558,False
1979-05-10 19:00:00,0.022118205,0.047207914,0.03740541,0.03220181685872376,0.13648921716745532,False
1979-05-10 20:00:00,8.9032954e-05,0.043335285,0.033449423,0.017848361011972885,0.13625388859472098,False
1979-05-10 21:00:00,0.0,0.040971946,0.031005349,0.01679293690994382,0.13607742683758967,False
1979-05-10 22:00:00,0.0,0.03825416,0.030176122,0.015745295774191616,0.1357926375258901,False
1979-05-10 23:00:00,0.0,0.032882765,0.024625126,0.013463497079908848,0.135341362324725,False
1979-05-11 00:00:00,0.0,0.02865513,0.020928847,0.011703900843858719,0.13484053410305183,False
1979-05-11 01:00:00,0.0,0.025401635,0.018517788,0.010373163929209112,0.13433320654667455,False
1979-05-11 02:00:00,0.0,0.02719088,0.019822154,0.011103831360116601,0.1338092634056882,False
1979-05-11 03:00:00,0.0,0.033030804,0.024291487,0.013500107087194919,0.13323779077566703,False
1979-05-11 04:00:00,0.0036523107,0.037418824,0.027969364,0.017425274873850868,0.13258702437178704,False
1979-05-11 05:00:00,0.050232597,0.042055048,0.03258202,0.046261950023472304,0.13184917801201398,False
1979-05-11 06:00:00,0.14003827,0.05063694,0.040909864,0.10169624333828688,0.1306096673814461,False
1979-05-11 07:00:00,0.20723,0.06251832,0.050723396,0.14538003481179476,0.12846676781391314,False
1979-05-11 08:00:00,0.29110104,0.07081723,0.057267625,0.1971893095895648,0.12572067076289847,False
1979-05-11 09:00:00,0.37197927,0.074151434,0.05980405,0.2452233344763517,0.12249983614752978,False
1979-05-11 10:00:00,0.41018787,0.07306325,0.05941401,0.2668470958173275,0.1191286260152117,False
1979-05-11 11:00:00,0.40850267,0.077524565,0.0646712,0.2678048490509391,0.11572490547118143,False
1979-05-11 12:00:00,0.3701811,0.075621635,0.062363636,0.24486652202159168,0.11244649560403173,False
1979-05-11 13:00:00,0.30377162,0.072206795,0.05895039,0.20510385040193796,0.10929532462456436,False
1979-05-11 14:00:00,0.23682803,0.06917978,0.054756336,0.16513395407050846,0.10657172199917819,False
1979-05-11 15:00:00,0.17146175,0.06156988,0.047095664,0.12419587932154535,0.10388959608879889,False
1979-05-11 16:00:00,0.106726795,0.056102376,0.041448493,0.0845213564671576,0.10174441428650342,False
1979-05-11 17:00:00,0.058598034,0.051549755,0.03757977,0.05486223291605711,0.09987534937104381,False
1979-05-11 18:00:00,0.025641952,0.048838962,0.0356036,0.034739577546715736,0.0984887489021443,False
1979-05-11 19:00:00,0.0048557534,0.047987256,0.035053074,0.022401933257933705,0.09758122362824095,False
1979-05-11 20:00:00,4.0108047e-05,0.04469952,0.032732494,0.018284819861582945,0.09711664686310277,False
1979-05-11 21:00:00,0.0,0.042910248,0.031281568,0.017523086205124855,0.09676261420439301,False
1979-05-11 22:00:00,0.0,0.029819788,0.021738626,0.012177387731149793,0.09642982006619173,False
1979-05-11 23:00:00,0.0,0.028590795,0.02084269,0.011675508487969638,0.09612218804171903,False
1979-05-12 00:00:00,0.0,0.027033996,0.019707784,0.011039764802902937,0.09585906800695125,False
1979-05-12 01:00:00,0.0,0.024778238,0.018063337,0.010118589838966727,0.09563274111575924,False
1979-05-12 02:00:00,0.0,0.021771653,0.015871534,0.00889080266095698,0.09543613910163297,False
1979-05-12 03:00:00,0.0,0.016926952,0.012339748,0.006912391595542431,0.09522448968315915,False
1979-05-12 04:00:00,0.0018465264,0.012981361,0.009463413,0.006366592145175673,0.09496054207951714,False
1979-05-12 05:00:00,0.01949963,0.01065563,0.007767955,0.015602683529257774,0.09465922477850584,False
1979-05-12 06:00:00,0.057446163,0.009769206,0.0071217506,0.03713584765978157,0.09427711222179631,False
1979-05-12 07:00:00,0.12925345,0.010506258,0.007659062,0.07886963761877268,0.09377884135876462,False
1979-05-12 08:00:00,0.2140546,0.010909714,0.007953183,0.12796466012112795,0.09365138455931436,False
1979-05-12 09:00:00,0.2980165,0.01068452,0.0077890153,0.17631870860327034,0.09382868264853206,False
1979-05-12 10:00:00,0.38216224,0.0064543523,0.0047052223,0.22314335228502752,0.0942097643277859,False
1979-05-12 11:00:00,0.43653223,0.007425429,0.005413138,0.25491138892294835,0.09476461601702602,False
1979-05-12 12:00:00,0.47057617,0.009686233,0.0070612635,0.27547797646094113,0.09572062554772116,False
1979-05-12 13:00:00,0.4663188,0.013626805,0.00993394,0.27463066326081753,0.09694699067586517,False
1979-05-12 14:00:00,0.41860375,0.016097419,0.011735019,0.24810800128243862,0.09851238328465832,False
1979-05-12 15:00:00,0.35637468,0.016854323,0.012286802,0.21251092358492313,0.0998947329778747,False
1979-05-12 16:00:00,0.25151372,0.013091104,0.009543416,0.15046937806904315,0.1015933568451921,False
1979-05-12 17:00:00,0.15967536,0.006738543,0.004912398,0.09488447442790493,0.10297252718005123,False
1979-05-12 18:00:00,0.07484133,0.0032136366,0.0023427412,0.04449578615976497,0.1040267027392109,False
1979-05-12 19:00:00,0.015559475,0.0022634477,0.0016500533,0.009902132132090628,0.10452109556446265,False
1979-05-12 20:00:00,0.00011133441,0.0019358944,0.001411267,0.0008547933939044015,0.10448092158588877,False
1979-05-12 21:00:00,0.0,0.0020051089,0.0014617242,0.0008188182762823999,0.10428556700601212,False
1979-05-12 22:00:00,0.0,0.0023972578,0.0017476011,0.0009789585995022207,0.10412625259920925,False
1979-05-12 23:00:00,0.0,0.0020416377,0.0014883539,0.0008337354110553861,0.10414371801170956,False
1979-05-13 00:00:00,0.0,0.0020574927,0.001499912,0.0008402100666426122,0.10420853764730009,False
1979-05-13 01:00:00,0.0,0.002292716,0.0016713901,0.00093626725114882,0.10434759443861867,False
1979-05-13 02:00:00,0.0,0.0023132663,0.0016863707,0.0009446592733729631,0.10456912393277479,False
1979-05-13 03:00:00,0.0,0.0020340139,0.0014827963,0.000830622112378478,0.10487188418003233,False
1979-05-13 04:00:00,0.0035758112,0.0022009702,0.0016045071,0.002962044425308704,0.10523771774609075,False
1979-05-13 05:00:00,0.04661512,0.0025066314,0.0018273343,0.02792054730141535,0.10571717810979149,False
1979-05-13 06:00:00,0.1321358,0.0037635088,0.002743598,0.07777924191276542,0.10676520926093098,False
1979-05-13 07:00:00,0.23772159,0.0051344866,0.0037430406,0.1392621084381826,0.10886904292773958,False
1979-05-13 08:00:00,0.35171545,0.0067581674,0.0049267043,0.20569961787201463,0.11180201433208109,False
1979-05-13 09:00:00,0.4503602,0.008956217,0.006529083,0.26351525508053597,0.11554358374995914,False
1979-05-13 10:00:00,0.500252,0.011838811,0.008630493,0.2934799769008532,0.11991681620889068,False
1979-05-13 11:00:00,0.53251183,0.015755426,0.011485707,0.3136933065243065,0.12430642235115207,False
1979-05-13 12:00:00,0.51239556,0.019785706,0.01442378,0.30373204817250365,0.12827638196873475,False
1979-05-13 13:00:00,0.4691545,0.023362732,0.01703143,0.2802426956240088,0.1319018302021633,False
1979-05-13 14:00:00,0.38337964,0.025165386,0.018345565,0.23148673934489486,0.13513757167481116,False
1979-05-13 15:00:00,0.3401619,0.023156714,0.016881244,0.20572982495278117,0.13810339525978466,False
1979-05-13 16:00:00,0.24633422,0.021026934,0.0153286345,0.15072153254039586,0.14051127759247006,False
1979-05-13 17:00:00,0.16936772,0.018947434,0.013812681,0.10546265975572168,0.14261773254703028,False
1979-05-13 18:00:00,0.08790146,0.018981237,0.013837322,0.0584704331588,0.14406876083611933,False
1979-05-13 19:00:00,0.021742336,0.01941458,0.014153228,0.02047358228638768,0.14489444261411047,False
1979-05-13 20:00:00,0.00020010803,0.021530533,0.015695758,0.00890780002750398,0.14521794212683334,False
1979-05-13 21:00:00,0.0,0.024184175,0.017630262,0.009875994678586722,0.14537271419891776,False
1979-05-13 22:00:00,0.0,0.0318727,0.023235202,0.013015727531164884,0.14551649134885092,False
1979-05-13 23:00:00,0.0,0.0362098,0.026396945,0.014786850996315479,0.14569355494826894,False
1979-05-14 00:00:00,0.0,0.043378957,0.031623255,0.0177144907861948,0.14584279105405884,False
1979-05-14 01:00:00,0.0,0.050817173,0.037045717,0.020752005558460948,0.1459606073805874,False
1979-05-14 02:00:00,0.0,0.05732684,0.042031318,0.02342329452931881,0.1460565589239516,False
1979-05-14 03:00:00,0.0,0.05988177,0.044000555,0.02447240276634693,0.14613151645514452,False
1979-05-14 04:00:00,0.0049238396,0.06492486,0.047821507,0.029380689602810886,0.1461986328631713,False
1979-05-14 05:00:00,0.065377936,0.06894871,0.05079697,0.06590817878395319,0.14628957752853902,False
1979-05-14 06:00:00,0.18737458,0.07338607,0.0541717,0.138119863666594,0.14668764743360768,False
1979-05-14 07:00:00,0.32715318,0.07555717,0.055634923,0.2196522650271654,0.14764214269612236,False
1979-05-14 08:00:00,0.4790645,0.07618999,0.056030992,0.30755999217927454,0.1491745299498828,False
1979-05-14 09:00:00,0.6157048,0.07578904,0.055667687,0.38623386663198467,0.15118972572321518,False
1979-05-14 10:00:00,0.7051667,0.066021375,0.048173614,0.4338444471135735,0.15362938390127054,False
1979-05-14 11:00:00,0.72835636,0.061720517,0.045054805,0.4454694505669176,0.1565842267933579,False
1979-05-14 12:00:00,0.7392274,0.056218546,0.041122783,0.4494994916655123,0.15979846180055815,False
1979-05-14 13:00:00,0.7071912,0.053573944,0.03940981,0.4299462539479136,0.16327807317631532,False
1979-05-14 14:00:00,0.641431,0.049808156,0.036715776,0.39046753336116663,0.16674741655939393,False
1979-05-14 15:00:00,0.5373451,0.044158243,0.03234731,0.3280892755538225,0.17021067459691216,False
1979-05-14 16:00:00,0.41018513,0.036492746,0.02660321,0.25157921588793397,0.17281413236405987,False
1979-05-14 17:00:00,0.26510546,0.028327491,0.020650739,0.16453383230417964,0.17489063588648235,False
1979-05-14 18:00:00,0.12856586,0.024355624,0.01775525,0.0841285115033388,0.17602394091454387,False
1979-05-14 19:00:00,0.028547049,0.021937335,0.015992317,0.025430108742788435,0.17642011745464267,False
1979-05-14 20:00:00,0.0002741005,0.019898074,0.014505697,0.008283852853957796,0.1763864565134481,False
1979-05-14 21:00:00,0.0,0.018904908,0.013781677,0.007720121473073959,0.17624295518567087,False
1979-05-14 22:00:00,0.0,0.0232096,0.016919797,0.009478011371567844,0.17608695352414505,False
1979-05-14 23:00:00,0.0,0.019583091,0.014276071,0.007997068488970398,0.17587727283604326,False
1979-05-15 00:00:00,0.0,0.015905814,0.011595339,0.006495393740013241,0.17564136993226712,False
1979-05-15 01:00:00,0.0,0.013571016,0.00989327,0.005541941332630813,0.17535487572766725,False
1979-05-15 02:00:00,0.0,0.011123896,0.00810932,0.004542620770633221,0.1750029909284727,False
1979-05-15 03:00:00,0.0,0.009922985,0.0072338562,0.004052209697663784,0.17459447250340018,False
1979-05-15 04:00:00,0.0061946195,0.009190513,0.0066998834,0.007327388362959027,0.17417352796467603,False
1979-05-15 05:00:00,0.07433257,0.010133088,0.0073870197,0.04702790274471044,0.17376068926692242,False
1979-05-15 06:00:00,0.20568559,0.01203438,0.008773062,0.12359501451347023,0.1734723521946813,False
1979-05-15 07:00:00,0.3591043,0.013746277,0.0100210365,0.21281669661868363,0.17328167384184198,False
1979-05-15 08:00:00,0.512312,0.016712934,0.012183728,0.30242901499196884,0.17330990428062698,False
1979-05-15 09:00:00,0.6458904,0.019443534,0.014174337,0.3806188476271927,0.17342365644115876,False
1979-05-15 10:00:00,0.743674,0.015213189,0.011090416,0.43531243572104716,0.1735290583662029,False
1979-05-15 11:00:00,0.80015916,0.015390002,0.011219312,0.4679765868699178,0.1737328502537799,False
1979-05-15 12:00:00,0.80499715,0.015353974,0.011193046,0.47075339420884843,0.17443962880600786,False
1979-05-15 13:00:00,0.76460075,0.013704724,0.0099907415,0.44677117801178245,0.17527407369836778,False
1979-05-15 14:00:00,0.6809514,0.011788831,0.008594058,0.3977231251457706,0.17602784834829702,False
1979-05-15 15:00:00,0.5668311,0.008899483,0.0064877225,0.330695797775872,0.17661735643155796,False
1979-05-15 16:00:00,0.4295964,0.006162565,0.00449251,0.2503937016166747,0.1771168278965284,False
1979-05-15 17:00:00,0.27389982,0.0044594873,0.0032509663,0.1598613011026755,0.17741088281723594,False
1979-05-15 18:00:00,0.13142319,0.0040545156,0.0029557417,0.07748690708354114,0.17769933969337726,False
1979-05-15 19:00:00,0.029870443,0.0039734244,0.002896627,0.01885785710904747,0.1781348206605413,False
1979-05-15 20:00:00,0.00033921844,0.0044665993,0.00325615,0.0020197362941980824,0.1787567101726735,False
1979-05-15 21:00:00,0.0,0.005847487,0.004262818,0.0023879149253480136,0.17953719362293022,False
1979-05-15 22:00:00,0.0,0.007226494,0.005268114,0.0029510545022785662,0.1804376481673925,False
1979-05-15 23:00:00,0.0,0.008481391,0.0061829337,0.00346351161506027,0.18124598092972422,False
1979-05-16 00:00:00,0.0,0.009703964,0.00707419,0.003962768965400755,0.18201281170991834,False
1979-05-16 01:00:00,0.0,0.009456065,0.00689347,0.003861535197123885,0.18273147601345674,False
1979-05-16 02:00:00,0.0,0.009340665,0.006809345,0.00381441012583673,0.18344407349670191,False
1979-05-16 03:00:00,0.0,0.010449119,0.007617408,0.004267064907588065,0.1841967828002188,False
1979-05-16 04:00:00,0.006873863,0.013708813,0.009993726,0.009564432110637426,0.18500716014219432,False
1979-05-16 05:00:00,0.07546863,0.020870004,0.015214234,0.05206799931637943,0.18591704260591282,False
1979-05-16 06:00:00,0.20265074,0.02947803,0.021489484,0.128967302730307,0.18675076640694577,False
1979-05-16 07:00:00,0.35742688,0.03617347,0.026370458,0.2210073260888457,0.18710430012115994,False
1979-05-16 08:00:00,0.5097169,0.046314895,0.033763558,0.3130200958847999,0.187104897601437,False
1979-05-16 09:00:00,0.63921684,0.05501203,0.04010377,0.39129315903410317,0.18662749079706475,False
1979-05-16 10:00:00,0.73721755,0.04469504,0.03258268,0.44362645771726966,0.1855050782212679,False
1979-05-16 11:00:00,0.78901315,0.05909952,0.04308355,0.4793948210738599,0.1837196456103549,False
1979-05-16 12:00:00,0.79387313,0.07710742,0.056211315,0.4895528464987874,0.18114789863814,False
1979-05-16 13:00:00,0.7427339,0.09200075,0.06706855,0.4661274371445179,0.1781149984082675,False
1979-05-16 14:00:00,0.6558545,0.0987738,0.0720061,0.41876392135769125,0.17510630557069498,False
1979-05-16 15:00:00,0.5426225,0.0953841,0.06988865,0.35206390587240455,0.1721299206687683,False
1979-05-16 16:00:00,0.40334776,0.08063935,0.059375465,0.26569385208189483,0.16953897048222932,False
1979-05-16 17:00:00,0.2548659,0.07659886,0.056613892,0.17837976235896347,0.16746656845494892,False
1979-05-16 18:00:00,0.1263732,0.078449555,0.058636572,0.1050315979272127,0.1662218184019286,False
1979-05-16 19:00:00,0.030801108,0.09153086,0.0691422,0.05528080532513559,0.16580958373307583,False
1979-05-16 20:00:00,0.00039626865,0.11078331,0.08591427,0.04574705846628058,0.1659634380787652,False
1979-05-16 21:00:00,0.0,0.123770505,0.09760413,0.050941939607262614,0.1662763748654608,False
1979-05-16 22:00:00,0.0,0.11753677,0.09086882,0.048277983963489535,0.16657043398799504,False
1979-05-16 23:00:00,0.0,0.10939827,0.08216639,0.04480494593828916,0.1668748247714167,False
1979-05-17 00:00:00,0.0,0.10010599,0.07504016,0.04099128030985594,0.1671511099943229,False
1979-05-17 01:00:00,0.0,0.096994616,0.073251985,0.039746620528399945,0.167426457404151,False
1979-05-17 02:00:00,0.0,0.09913865,0.07575012,0.04067266733944416,0.16774824991437273,False
1979-05-17 03:00:00,5.762651e-08,0.10439855,0.08198564,0.04295032211248715,0.1680782836913051,False
1979-05-17 04:00:00,0.007026371,0.11353572,0.09357131,0.051001746621448546,0.1683678496130793,False
1979-05-17 05:00:00,0.064354435,0.120393455,0.10164725,0.08704664519429206,0.1686007577012887,False
1979-05-17 06:00:00,0.15552561,0.12235116,0.10516254,0.14056463279575107,0.1684921461062867,False
1979-05-17 07:00:00,0.27686796,0.12814596,0.10753157,0.21284537567198272,0.16774720115839858,False
1979-05-17 08:00:00,0.3877526,0.13492675,0.11096799,0.27951348838210105,0.16652499151009179,False
1979-05-17 09:00:00,0.47517243,0.12742268,0.10277008,0.32674304398894305,0.16458345262283816,False
1979-05-17 10:00:00,0.53668946,0.09694915,0.077178046,0.349611670397222,0.16222708335243832,False
1979-05-17 11:00:00,0.5385987,0.08192472,0.06538983,0.34453273220360275,0.15972600378938687,False
1979-05-17 12:00:00,0.51177585,0.072626226,0.05704518,0.32517418317496777,0.15668078552951462,False
1979-05-17 13:00:00,0.47534564,0.06852924,0.05170735,0.30235392180830234,0.15327283000849543,False
1979-05-17 14:00:00,0.39566803,0.06489259,0.04834872,0.2548566498532891,0.14960842952051245,False
1979-05-17 15:00:00,0.31659523,0.05781549,0.042978294,0.20633018882200121,0.1460781298702013,False
1979-05-17 16:00:00,0.22475863,0.05192012,0.03841025,0.1509184043072164,0.14286194008837655,False
1979-05-17 17:00:00,0.13976699,0.047439456,0.036344174,0.10011329855769872,0.1403190574941354,False
1979-05-17 18:00:00,0.06875648,0.04380428,0.0345069,0.057699642978608606,0.13859581738724497,False
1979-05-17 19:00:00,0.016643574,0.040279143,0.03289851,0.02624286570213735,0.13746599384131966,False
1979-05-17 20:00:00,0.00036970284,0.040755156,0.033124644,0.017040702055586734,0.13665413764014886,False
1979-05-17 21:00:00,0.0,0.039975774,0.032438748,0.016502752806991337,0.13580770512055548,False
1979-05-17 22:00:00,0.0,0.042408172,0.035429567,0.017561812106519938,0.1348709584493417,False
1979-05-17 23:00:00,0.0,0.040466808,0.033202782,0.016725202314555643,0.13399137499185684,False
1979-05-18 00:00:00,0.0,0.041635696,0.033627275,0.01717944463714957,0.1331862915869214,False
1979-05-18 01:00:00,0.0,0.046749845,0.038090423,0.019307575687766077,0.13247526868208018,False
1979-05-18 02:00:00,0.0,0.04754139,0.03913441,0.019656031418591735,0.13182548969258726,False
1979-05-18 03:00:00,8.643977e-08,0.043967664,0.03596502,0.018166229152749593,0.13121273941647899,False
1979-05-18 04:00:00,0.0052745547,0.04286963,0.03484645,0.020744020344689487,0.13062203959011923,False
1979-05-18 05:00:00,0.049317773,0.044499744,0.036627445,0.04685464275628328,0.1300036162947664,False
1979-05-18 06:00:00,0.12820697,0.04648827,0.038525052,0.09320994523167611,0.12940575606075294,False
1979-05-18 07:00:00,0.24317093,0.053311456,0.043698296,0.16234126297011972,0.12909196830201453,False
1979-05-18 08:00:00,0.34164503,0.054923944,0.045002043,0.21982622929662463,0.1290620562505802,False
1979-05-18 09:00:00,0.44279096,0.054961286,0.044747002,0.2781874340549111,0.12944747425773048,False
1979-05-18 10:00:00,0.52309036,0.052678015,0.04283911,0.3235746386907995,0.1303099142123839,False
1979-05-18 11:00:00,0.5445621,0.046100292,0.037055634,0.333224344599992,0.13162370472884605,False
1979-05-18 12:00:00,0.53676426,0.039561782,0.03073525,0.325970981489867,0.13299210951199933,False
1979-05-18 13:00:00,0.4805523,0.0317259,0.023160893,0.2902362137213349,0.13430316633624514,False
1979-05-18 14:00:00,0.41308597,0.026836062,0.019563485,0.2493095381427556,0.13527916151287214,False
1979-05-18 15:00:00,0.32608685,0.02334838,0.017020969,0.19768679634481667,0.13667835539465018,False
1979-05-18 16:00:00,0.23554142,0.018924419,0.013795902,0.14363548755832017,0.13800231607535876,False
1979-05-18 17:00:00,0.15515421,0.015036159,0.010961359,0.09566423722822219,0.13905915951214753,False
1979-05-18 18:00:00,0.07902674,0.012737693,0.009285779,0.05080006772279739,0.1399331399918893,False
1979-05-18 19:00:00,0.020615913,0.010814627,0.0078838635,0.01631170766893774,0.1403506753743675,False
1979-05-18 20:00:00,0.00052134704,0.011796967,0.008599989,0.00511829752579797,0.14029531947162568,False
1979-05-18 21:00:00,0.0,0.014639072,0.010671885,0.005978099389001727,0.14004525341784915,False
1979-05-18 22:00:00,0.0,0.014834678,0.01081448,0.006057978004217148,0.13978722606766839,False
1979-05-18 23:00:00,0.0,0.015086816,0.010998287,0.00616094250138849,0.13948428966519874,False
1979-05-19 00:00:00,0.0,0.016803997,0.012250113,0.006862180877476931,0.13923633540982133,False
1979-05-19 01:00:00,0.0,0.020954803,0.015276053,0.008557229032739998,0.13902180801054215,False
1979-05-19 02:00:00,0.0,0.027574906,0.020102106,0.011260654086247086,0.13879683447444563,False
1979-05-19 03:00:00,4.8982537e-07,0.035712335,0.026270298,0.014596730447218476,0.13863303606167188,False
1979-05-19 04:00:00,0.006455322,0.04296332,0.032208208,0.021317428444512187,0.1385874143651654,False
1979-05-19 05:00:00,0.06610173,0.049208388,0.03797705,0.058349353961646554,0.13871762477096308,False
1979-05-19 06:00:00,0.17878824,0.054034326,0.044506237,0.12550282037630675,0.1392449151155118,False
1979-05-19 07:00:00,0.32303143,0.06026066,0.051560756,0.21140959720313546,0.14023550070187835,False
1979-05-19 08:00:00,0.46839938,0.066862896,0.05693897,0.2980135527253151,0.1412607807572355,False
1979-05-19 09:00:00,0.58716154,0.07084092,0.059401,0.36814016181230547,0.14280959812996116,False
1979-05-19 10:00:00,0.6661223,0.06854962,0.056041278,0.41267361518740653,0.1445358143019845,False
1979-05-19 11:00:00,0.6631103,0.067047015,0.052984465,0.41021616179496045,0.14620091155235482,False
1979-05-19 12:00:00,0.6283969,0.062241912,0.047270697,0.3881049107387662,0.14834041276195845,False
1979-05-19 13:00:00,0.56983274,0.049936324,0.036698043,0.3492016902863979,0.15072751395996176,False
1979-05-19 14:00:00,0.5318023,0.037143227,0.027077414,0.3220179561786353,0.15363125895136484,False
1979-05-19 15:00:00,0.44838554,0.027332949,0.01992572,0.269880301496014,0.156718563795847,False
1979-05-19 16:00:00,0.33331612,0.022831209,0.01664395,0.20164688927307722,0.16002087528070416,False
1979-05-19 17:00:00,0.23176485,0.020413162,0.0148811955,0.1420643615853041,0.16306594384704234,False
1979-05-19 18:00:00,0.12270642,0.016993914,0.012388563,0.0777413413375616,0.16588070309503686,False
1979-05-19 19:00:00,0.031396158,0.013395335,0.009765198,0.023585782370530065,0.1685309048105658,False
1979-05-19 20:00:00,0.00077063934,0.011246951,0.008199029,0.005037531474314164,0.1710404855708093,False
1979-05-19 21:00:00,0.0,0.01008272,0.007350303,0.004117439998313785,0.1735608494228078,False
1979-05-19 22:00:00,0.0,0.0073974445,0.0053927368,0.003020864787977189,0.17608727678899652,False
1979-05-19 23:00:00,0.0,0.0118114585,0.008610553,0.004823398056440055,0.17855819387231953,False
1979-05-20 00:00:00,0.0,0.016852846,0.012285725,0.006882129471749068,0.18100622918996725,False
1979-05-20 01:00:00,0.0,0.020836323,0.0151896775,0.008508845955133437,0.18333118795421674,False
1979-05-20 02:00:00,0.0,0.028880239,0.021053696,0.011793707605451346,0.185483101072649,False
1979-05-20 03:00:00,1.7864218e-06,0.039120194,0.02851862,0.015976387720438197,0.1874366009412776,False
1979-05-20 04:00:00,0.0086855255,0.05374096,0.03985477,0.026994119822978974,0.1892047458314249,False
1979-05-20 05:00:00,0.0728401,0.07342464,0.056336097,0.07216457929462194,0.1908183358907806,False
1979-05-20 06:00:00,0.17926449,0.09064184,0.071770474,0.14075805337727068,0.19220903598192282,False
1979-05-20 07:00:00,0.29037893,0.106756054,0.08542741,0.2115547056272626,0.1932134625279296,False
1979-05-20 08:00:00,0.41522443,0.13248868,0.10549336,0.2941694631874561,0.19408229454770817,False
1979-05-20 09:00:00,0.5133465,0.15765963,0.12349034,0.3610458103120327,0.19440650772219034,False
1979-05-20 10:00:00,0.5704632,0.18057376,0.14278395,0.4034993067085743,0.19390130015347284,False
1979-05-20 11:00:00,0.6083942,0.20557944,0.16700242,0.4359204026609659,0.1925404196441435,False
1979-05-20 12:00:00,0.6042847,0.22204679,0.18415368,0.44055183899402617,0.19101357767041283,False
1979-05-20 13:00:00,0.5723463,0.23998724,0.20031203,0.42961597330868245,0.18981681968342645,False
1979-05-20 14:00:00,0.5132017,0.24462831,0.20583214,0.3975001706779003,0.18911521271966528,False
1979-05-20 15:00:00,0.43114462,0.25933626,0.2172633,0.35619774761795997,0.18813115999879756,False
1979-05-20 16:00:00,0.31914002,0.25484744,0.21511638,0.2897987787425518,0.18701480298758147,False
1979-05-20 17:00:00,0.19966449,0.27904078,0.23333745,0.23077268113195898,0.1863074579520335,False
1979-05-20 18:00:00,0.10033351,0.29007426,0.2422206,0.1780097500681877,0.18590120044592276,False
1979-05-20 19:00:00,0.023910679,0.29689395,0.24854173,0.13677158416062593,0.18571646531458919,False
1979-05-20 20:00:00,0.00055050605,0.30388024,0.25270945,0.12609576242172624,0.18575687981753042,False
1979-05-20 21:00:00,0.0,0.30756712,0.2547101,0.12724661296606063,0.185868698222697,False
1979-05-20 22:00:00,0.0,0.30142707,0.2488039,0.12466199800372124,0.18615324729682806,False
1979-05-20 23:00:00,0.0,0.29903638,0.24670763,0.12366663774847983,0.18653637212641816,False
1979-05-21 00:00:00,0.0,0.28605115,0.23902455,0.11846020156145096,0.18692949087596544,False
1979-05-21 01:00:00,0.0,0.26965046,0.2286674,0.11184905871748924,0.18731540685058615,False
1979-05-21 02:00:00,0.0,0.25323817,0.21451412,0.10502864778041839,0.18768179625975945,False
1979-05-21 03:00:00,3.1118313e-06,0.24003582,0.20171617,0.09946768517429042,0.18797171642426447,False
1979-05-21 04:00:00,0.00848533,0.22646168,0.190914,0.09876975129358471,0.18815491078429514,False
1979-05-21 05:00:00,0.06316623,0.21387558,0.18029547,0.1251029583364725,0.18818614806317577,False
1979-05-21 06:00:00,0.15342315,0.2058326,0.17107241,0.17371529458463192,0.18786672629498727,False
1979-05-21 07:00:00,0.2518096,0.26143035,0.21021475,0.25311353415250776,0.18713563433147196,False
1979-05-21 08:00:00,0.3617066,0.25392514,0.20690167,0.31357578510046,0.18683535899568507,False
1979-05-21 09:00:00,0.43922576,0.21926366,0.17682673,0.34389019851386543,0.18646151811859732,False
1979-05-21 10:00:00,0.48479107,0.1641639,0.1305634,0.3473513507395983,0.18612385255118993,False
1979-05-21 11:00:00,0.47052273,0.1588593,0.12624167,0.3369277470558881,0.1857809282931391,False
1979-05-21 12:00:00,0.47632152,0.13541177,0.10844571,0.3306605273634195,0.18511049013403716,False
1979-05-21 13:00:00,0.4638382,0.1161093,0.09343685,0.31552455602586266,0.18393082073398095,False
1979-05-21 14:00:00,0.40997937,0.09298856,0.07245462,0.2747834255769849,0.1823294027315112,False
1979-05-21 15:00:00,0.32958776,0.063754216,0.048105985,0.21629516495764256,0.18042662686747193,False
1979-05-21 16:00:00,0.2582575,0.04569683,0.033659548,0.1676943275667727,0.17835002396443245,False
1979-05-21 17:00:00,0.18984067,0.03189769,0.023253417,0.12256400129199027,0.17617396508405883,False
1979-05-21 18:00:00,0.10265505,0.023611391,0.017212706,0.06887405503354967,0.17387056827175826,False
1979-05-21 19:00:00,0.029590692,0.02069675,0.015087931,0.025525678511708973,0.1715102961742502,False
1979-05-21 20:00:00,0.00075047003,0.024418766,0.017801281,0.010404814922309016,0.16907811850493973,False
1979-05-21 21:00:00,0.0,0.04352908,0.031732697,0.017775795556604863,0.1665404659919044,False
1979-05-21 22:00:00,0.0,0.052289117,0.039188378,0.0214108566083014,0.16399475029997518,False
1979-05-21 23:00:00,0.0,0.057090636,0.048641726,0.02369309803470969,0.1615229748671594,False
1979-05-22 00:00:00,0.0,0.06113958,0.052696135,0.02540609625354409,0.15910035412655668,False
1979-05-22 01:00:00,0.0,0.06279342,0.054162335,0.026095537595450878,0.15678654405977102,False
1979-05-22 02:00:00,0.0,0.061848603,0.053476684,0.025709875501692295,0.15461791328785,False
1979-05-22 03:00:00,9.796506e-07,0.059678275,0.05088645,0.024769717001910295,0.15262136549876992,False
1979-05-22 04:00:00,0.007417223,0.05852186,0.048503805,0.028493509209249167,0.1507705441358359,False
1979-05-22 05:00:00,0.059543084,0.054727692,0.04224919,0.056832334421575065,0.1490847134494587,False
1979-05-22 06:00:00,0.14984858,0.046976168,0.03460745,0.10566563912853598,0.14774259169693643,False
1979-05-22 07:00:00,0.30811092,0.047412094,0.03456342,0.19714148950949312,0.14691168907050892,False
1979-05-22 08:00:00,0.44576755,0.046569068,0.033948846,0.2762251010872424,0.1462611580487084,False
1979-05-22 09:00:00,0.56545305,0.04547747,0.033153072,0.34483786307647823,0.14613955156760208,False
1979-05-22 10:00:00,0.6427163,0.039649833,0.02890473,0.387038942322135,0.146898736830713,False
1979-05-22 11:00:00,0.6708982,0.04072599,0.029689249,0.40373937102407215,0.1486170391653718,False
1979-05-22 12:00:00,0.6426585,0.032112785,0.02341022,0.38392770779132834,0.15121472312268408,False
1979-05-22 13:00:00,0.5942821,0.024113523,0.017578758,0.35274790919013316,0.15395124272636365,False
1979-05-22 14:00:00,0.5174876,0.018553436,0.013525454,0.3061669292040169,0.1560786397794626,False
1979-05-22 15:00:00,0.43703595,0.01065482,0.0077673635,0.2565208082720637,0.15781871815117923,False
1979-05-22 16:00:00,0.3163338,0.0069137723,0.0050401404,0.18534795248461886,0.15915109881191122,False
1979-05-22 17:00:00,0.20531645,0.0042658793,0.0031098265,0.12020963414153084,0.15993667844976836,False
1979-05-22 18:00:00,0.108616985,0.0050070006,0.0036501035,0.06471668938780202,0.16017488883846046,False
1979-05-22 19:00:00,0.029307054,0.0076325787,0.0055641504,0.020027056033723057,0.16034733463089365,False
1979-05-22 20:00:00,0.0009497713,0.009159489,0.0066772676,0.004288441796030384,0.1606095258108782,False
1979-05-22 21:00:00,0.0,0.012371891,0.009019109,0.005052259753458202,0.16088543766792965,False
1979-05-22 22:00:00,0.0,0.014733786,0.010740931,0.0060167772285640245,0.1609907315616506,False
1979-05-22 23:00:00,0.0,0.018074086,0.013176009,0.007380842199549079,0.16094982752842,False
1979-05-23 00:00:00,0.0,0.018114433,0.01320542,0.007397318355739116,0.1608480863232176,False
1979-05-23 01:00:00,0.0,0.018989783,0.013843552,0.0077547816652804615,0.1607155367288283,False
1979-05-23 02:00:00,0.0,0.022514984,0.016413422,0.00919435390457511,0.1604889704648881,False
1979-05-23 03:00:00,5.3592653e-06,0.026018737,0.018967658,0.010628259753457768,0.1601510518351347,False
1979-05-23 04:00:00,0.0099328505,0.029675888,0.021633722,0.01784987834747881,0.1597357031546128,False
1979-05-23 05:00:00,0.07905095,0.036900025,0.02690012,0.06068111421540379,0.15931894438060915,False
1979-05-23 06:00:00,0.19967155,0.045549713,0.03358591,0.13383196851611134,0.1589440468430308,False
1979-05-23 07:00:00,0.34310043,0.058302034,0.044549026,0.22188804510608312,0.15856489636693755,False
1979-05-23 08:00:00,0.48560905,0.0672209,0.050698865,0.30773867400735616,0.1575255102499992,False
1979-05-23 09:00:00,0.6109698,0.06801402,0.050080635,0.3803310911431908,0.15608965126138863,False
1979-05-23 10:00:00,0.6927784,0.07368775,0.053813748,0.4298298628032208,0.15413524176385082,False
1979-05-23 11:00:00,0.74229354,0.08155098,0.05964621,0.46161657700687647,0.15181236748248944,False
1979-05-23 12:00:00,0.7512325,0.06991844,0.05097054,0.46201346834003926,0.14943074671864962,False
1979-05-23 13:00:00,0.68561524,0.053970262,0.039344322,0.4176396145746112,0.14738017115054172,False
1979-05-23 14:00:00,0.5896721,0.044240687,0.03225146,0.35830718741938467,0.14585169869963063,False
1979-05-23 15:00:00,0.4592346,0.03739556,0.027261367,0.2802494366727769,0.14472157550990256,False
1979-05-23 16:00:00,0.33152,0.034564864,0.025197787,0.20540215018391608,0.14375700451906134,False
1979-05-23 17:00:00,0.20489663,0.03862404,0.028156927,0.13399809994921089,0.14327343949093505,False
1979-05-23 18:00:00,0.098221645,0.050036475,0.037298236,0.07715145307034253,0.14306916045619703,False
1979-05-23 19:00:00,0.02509623,0.05746342,0.044932015,0.038110855150967834,0.1431153614706517,False
1979-05-23 20:00:00,0.00054998737,0.056655902,0.04491136,0.023648584060778372,0.14336997765327902,False
1979-05-23 21:00:00,0.0,0.055264242,0.045136984,0.022829902455210684,0.14366978254114676,False
1979-05-23 22:00:00,0.0,0.04749828,0.035566635,0.019447463013231754,0.14392005100576374,False
1979-05-23 23:00:00,0.0,0.045824334,0.0351915,0.018809520184993742,0.1441137742936628,False
1979-05-24 00:00:00,0.0,0.04608553,0.03774362,0.019043715722858904,0.14424512289718425,False
1979-05-24 01:00:00,0.0,0.03674864,0.030742753,0.015220356926321982,0.14441071329519786,False
1979-05-24 02:00:00,0.0,0.023180341,0.017337691,0.009489781273528935,0.14458305484997275,False
1979-05-24 03:00:00,1.1150729e-05,0.011819168,0.008616174,0.004832980336857872,0.14477678151508028,False
1979-05-24 04:00:00,0.009516297,0.007341906,0.005352249,0.008489088057074696,0.144984951332663,False
1979-05-24 05:00:00,0.061752073,0.00785155,0.0057237805,0.03883725261781365,0.14509002850395378,False
1979-05-24 06:00:00,0.14282462,0.0123825455,0.009026875,0.08746641627606004,0.14482153805427314,False
1979-05-24 07:00:00,0.24647342,0.012331571,0.008989715,0.14725095589645207,0.14410312136430042,False
1979-05-24 08:00:00,0.35243902,0.009664265,0.007045248,0.2073038696339354,0.14301143871345307,False
1979-05-24 09:00:00,0.4291666,0.0083187325,0.0060643563,0.25102620719466356,0.1415007818981204,False
1979-05-24 10:00:00,0.46991888,0.010769224,0.007850764,0.27554097681678835,0.1398725258366956,False
1979-05-24 11:00:00,0.48765904,0.019693878,0.014356836,0.2894215743597597,0.13829070492745127,False
1979-05-24 12:00:00,0.47060746,0.034183983,0.024920125,0.2855000805221498,0.13673542947264447,False
1979-05-24 13:00:00,0.44637543,0.053333536,0.039676555,0.27938123154640193,0.13565490581223802,False
1979-05-24 14:00:00,0.39167136,0.06342303,0.046732288,0.2519210160970688,0.1355151546844722,False
1979-05-24 15:00:00,0.32086387,0.06142271,0.044777155,0.2102214007116854,0.1358988135940991,False
1979-05-24 16:00:00,0.24011134,0.05777315,0.042116623,0.16213683113455774,0.13660851652862563,False
1979-05-24 17:00:00,0.15696345,0.04853704,0.03566965,0.11040424047410487,0.1375573912784898,False
1979-05-24 18:00:00,0.08264768,0.047077242,0.03472451,0.06693433808162809,0.13836155791158225,False
1979-05-24 19:00:00,0.021618672,0.04818738,0.03691697,0.03224863279983401,0.1387414383697764,False
1979-05-24 20:00:00,0.00069978746,0.04463271,0.033441275,0.018679076413682195,0.13884021154430756,False
1979-05-24 21:00:00,0.0,0.041685626,0.031169446,0.017065146055072547,0.13900094887955897,False
1979-05-24 22:00:00,0.0,0.037272014,0.028928185,0.015315495047718286,0.1393199713394683,False
1979-05-24 23:00:00,0.0,0.033513013,0.024430986,0.013685575168579817,0.13981094180109763,False
1979-05-25 00:00:00,0.0,0.037578195,0.027394507,0.015345657460391522,0.14024289244242796,False
1979-05-25 01:00:00,0.0,0.039247088,0.028611125,0.016027176294475795,0.14065620702287965,False
1979-05-25 02:00:00,0.0,0.045222536,0.033446632,0.01849323382973671,0.14114759846140482,False
1979-05-25 03:00:00,1.1438862e-05,0.050180953,0.038834058,0.02062041099742964,0.14169118061526065,False
1979-05-25 04:00:00,0.0074221212,0.04528214,0.035220534,0.022893582569435238,0.14219887459100292,False
1979-05-25 05:00:00,0.055173784,0.039078422,0.028488172,0.04779357263073325,0.14271793367672664,False
1979-05-25 06:00:00,0.14056602,0.044669177,0.032563828,0.09934796739742159,0.14340261923672817,False
1979-05-25 07:00:00,0.25306082,0.057475857,0.0418999,0.16948727786540985,0.1443860937456068,False
1979-05-25 08:00:00,0.36213788,0.064338334,0.04690264,0.23522714687138796,0.14586087086464697,False
1979-05-25 09:00:00,0.47081974,0.07471682,0.05446856,0.3021748001947999,0.14778400356442542,False
1979-05-25 10:00:00,0.5582491,0.07785349,0.05675519,0.3539024591594935,0.15035476196186415,False
1979-05-25 11:00:00,0.59981877,0.10007671,0.07295593,0.38696335517615077,0.15350572591272757,False
1979-05-25 12:00:00,0.6191262,0.1295713,0.09445748,0.41014833264052863,0.15687825604095232,False
1979-05-25 13:00:00,0.5986483,0.16042346,0.1169487,0.41093156044185164,0.1600657418804254,False
1979-05-25 14:00:00,0.53380144,0.16825882,0.12281265,0.37672281508147715,0.1631884829562789,False
1979-05-25 15:00:00,0.43621108,0.15334623,0.1117894,0.3143151775300502,0.1658948787000041,False
1979-05-25 16:00:00,0.3442253,0.12813486,0.09348858,0.25094813817739486,0.16798948482223897,False
1979-05-25 17:00:00,0.23860273,0.0854941,0.06253706,0.1725980983376503,0.16971285860133467,False
1979-05-25 18:00:00,0.12207061,0.061041456,0.044938438,0.09538571506366134,0.17106611690097598,False
1979-05-25 19:00:00,0.03549052,0.054788932,0.039941136,0.042851967528462404,0.17218745739115512,False
1979-05-25 20:00:00,0.0014242104,0.07475173,0.05479295,0.03136397615284659,0.17324998392042193,False
1979-05-25 21:00:00,0.0,0.09261215,0.07350182,0.038142980530858045,0.174397809191244,False
1979-05-25 22:00:00,0.0,0.104068674,0.08542045,0.04301404517143965,0.17568194248188315,False
1979-05-25 23:00:00,0.0,0.096165694,0.07514833,0.03954315096884966,0.17706115719732854,False
1979-05-26 00:00:00,0.0,0.09445295,0.07462367,0.03888281558454036,0.1783290960279855,False
1979-05-26 01:00:00,0.0,0.09404663,0.07599888,0.03880714597553015,0.1794500413815121,False
1979-05-26 02:00:00,0.0,0.08660686,0.06710728,0.03558172465860844,0.18041763975295266,False
1979-05-26 03:00:00,2.3281109e-05,0.0713367,0.053066947,0.029202291172487096,0.1811945615402519,False
1979-05-26 04:00:00,0.012525928,0.0641005,0.046729267,0.03340392417181283,0.1818002474403474,False
1979-05-26 05:00:00,0.08116083,0.060907032,0.044401232,0.0717021594978869,0.18238478847746342,False
1979-05-26 06:00:00,0.19277166,0.057409152,0.04185127,0.1346731927022338,0.1830392508991644,False
1979-05-26 07:00:00,0.34112427,0.051942512,0.03786609,0.21804025761038065,0.18360343920592756,False
1979-05-26 08:00:00,0.48280916,0.05150614,0.037547976,0.2996142392233013,0.18372480714047554,False
1979-05-26 09:00:00,0.6058686,0.06081907,0.044337105,0.3744226102717221,0.18352103853371218,False
1979-05-26 10:00:00,0.6897398,0.07054301,0.05142586,0.4267872464582324,0.1826226446865863,False
1979-05-26 11:00:00,0.7117106,0.09953331,0.07255978,0.45130302051454774,0.18094886570243388,False
1979-05-26 12:00:00,0.67802054,0.11577981,0.084422246,0.4384994008168578,0.17874648153031003,False
1979-05-26 13:00:00,0.65198475,0.12995376,0.09490121,0.4292728031873703,0.1759221947626016,False
1979-05-26 14:00:00,0.5604773,0.14274405,0.10666752,0.3818280117958784,0.17279354214891396,False
1979-05-26 15:00:00,0.43825692,0.14084087,0.109592035,0.31076249457895755,0.16974982849335832,False
1979-05-26 16:00:00,0.32796463,0.13475525,0.1092313,0.24485877253115176,0.16723033339140228,False
1979-05-26 17:00:00,0.20575185,0.13672453,0.114638306,0.17536063885688782,0.16497290307017579,False
1979-05-26 18:00:00,0.10621634,0.1430146,0.12406421,0.12075868161022663,0.16333861557912305,False
1979-05-26 19:00:00,0.03151738,0.15629598,0.13687333,0.08324990620464086,0.16258498013716102,False
1979-05-26 20:00:00,0.0010681073,0.17586501,0.1530408,0.07377468941314146,0.16223644897153514,False
1979-05-26 21:00:00,0.0,0.18913947,0.16501999,0.07870354400575161,0.16185654117112658,False
1979-05-26 22:00:00,0.0,0.195702,0.1722919,0.08151780138909817,0.1613606438791999,False
1979-05-26 23:00:00,0.0,0.17874284,0.1590839,0.0745466390401125,0.1608205868335595,False
1979-05-27 00:00:00,0.0,0.1656002,0.14897338,0.06915103442966938,0.16034776182045837,False
1979-05-27 01:00:00,0.0,0.14960535,0.13458379,0.062471898123621944,0.15989786557333222,False
1979-05-27 02:00:00,0.0,0.13359074,0.12019436,0.05578547962009907,0.1595061009232109,False
1979-05-27 03:00:00,3.057086e-05,0.118954666,0.10706339,0.04969333420201292,0.1592375505186306,False
1979-05-27 04:00:00,0.011939694,0.10575794,0.09329019,0.050951552351005375,0.15910546805413964,False
1979-05-27 05:00:00,0.072624646,0.089862116,0.07674495,0.07920776887238025,0.15896926288492258,False
1979-05-27 06:00:00,0.16716707,0.07231116,0.060940538,0.12642900612205266,0.15880280044627587,False
1979-05-27 07:00:00,0.26153064,0.05927955,0.046955682,0.17531293872371315,0.15886431722528513,False
1979-05-27 08:00:00,0.3599274,0.043414533,0.032373875,0.22544625374674795,0.1589413292418783,False
1979-05-27 09:00:00,0.42494506,0.033907276,0.024940986,0.25905189553275704,0.15878723337485043,False
1979-05-27 10:00:00,0.45890802,0.021478623,0.015657919,0.27356106792017815,0.15827729850750627,False
1979-05-27 11:00:00,0.4750223,0.017535876,0.012783655,0.28124891491420567,0.15723191061421196,False
1979-05-27 12:00:00,0.46206394,0.019520909,0.014230742,0.27458256779052315,0.15582166745132667,False
1979-05-27 13:00:00,0.4343126,0.024874397,0.018133437,0.2607562349848449,0.15422873470566756,False
1979-05-27 14:00:00,0.3744632,0.03565256,0.025990713,0.23062455961480738,0.15237189102133325,False
1979-05-27 15:00:00,0.30750915,0.03904985,0.028467342,0.19337941263616085,0.15031901099990022,False
1979-05-27 16:00:00,0.21780801,0.041424267,0.030198287,0.14259148275852204,0.14909847485436337,False
1979-05-27 17:00:00,0.13721208,0.03668505,0.026743403,0.09415229876711964,0.14834916803826012,False
1979-05-27 18:00:00,0.0803259,0.031499118,0.022962857,0.05921121384948491,0.14787893142643593,False
1979-05-27 19:00:00,0.024935251,0.028736064,0.020948593,0.026122471578419206,0.14718863645226282,False
1979-05-27 20:00:00,0.0015594021,0.029945262,0.021830095,0.013128401733236386,0.1462060713508715,False
1979-05-27 21:00:00,0.0,0.03511534,0.025599083,0.01433991051837802,0.14502979060902246,False
1979-05-27 22:00:00,0.0,0.041852914,0.030510774,0.0170913069806993,0.14382072258379294,False
1979-05-27 23:00:00,0.0,0.041256007,0.030075626,0.016847550339996815,0.1426106032890918,False
1979-05-28 00:00:00,0.0,0.042334072,0.030861538,0.017287795722484588,0.14160112843557246,False
1979-05-28 01:00:00,0.0,0.04898162,0.035707857,0.020002442769706252,0.14074921239155327,False
1979-05-28 02:00:00,0.0,0.055112284,0.04360875,0.022691305238753557,0.14005282297299226,False
1979-05-28 03:00:00,9.335494e-06,0.055239685,0.045805603,0.022862332876920848,0.13949417200299893,False
1979-05-28 04:00:00,0.0099425325,0.050970268,0.042985298,0.026866076049394907,0.13905977709687162,False
1979-05-28 05:00:00,0.07491812,0.049512926,0.040998828,0.0637119624428451,0.13877950811130696,False
1979-05-28 06:00:00,0.19065236,0.06717071,0.052474022,0.13762599809467793,0.13892233406062318,False
1979-05-28 07:00:00,0.31775966,0.093756124,0.07024998,0.2217368344068527,0.13968072701921458,False
1979-05-28 08:00:00,0.43948516,0.094355784,0.07069286,0.2922176376059651,0.1411557080084528,False
1979-05-28 09:00:00,0.5371235,0.097761996,0.07317222,0.3499457366392016,0.14332673296752158,False
1979-05-28 10:00:00,0.58907074,0.08959461,0.06767409,0.37660862758010627,0.14639049105804805,False
1979-05-28 11:00:00,0.60590726,0.08312333,0.061673176,0.38361134869605296,0.15027471417561875,False
1979-05-28 12:00:00,0.57312286,0.07671534,0.056273665,0.3620386290252208,0.15455834085273792,False
1979-05-28 13:00:00,0.5459372,0.06153433,0.045044173,0.3401443063393235,0.15897543976805875,False
1979-05-28 14:00:00,0.46009973,0.04358486,0.032026198,0.28328977076709266,0.16285315397382485,False
1979-05-28 15:00:00,0.4147738,0.03146672,0.022982636,0.25217675959318875,0.16609663628756463,False
1979-05-28 16:00:00,0.34590614,0.022783982,0.016609523,0.2088920453581959,0.168668726943906,False
1979-05-28 17:00:00,0.25371334,0.015664097,0.011419126,0.15278928148932752,0.17057935263783755,False
1979-05-28 18:00:00,0.13819405,0.019312464,0.014078785,0.08762452284991741,0.17186598056602065,False
1979-05-28 19:00:00,0.04140966,0.029859018,0.021767221,0.03608678133785724,0.17242858863537283,False
1979-05-28 20:00:00,0.0018817649,0.039585687,0.030005869,0.017313213804387488,0.1725986556829955,False
1979-05-28 21:00:00,0.0,0.050350983,0.038680855,0.020668278794735668,0.1726391073915654,False
1979-05-28 22:00:00,0.0,0.056956466,0.0447248,0.02343207524344325,0.17266320761162912,False
1979-05-28 23:00:00,0.0,0.06259969,0.055417795,0.026091846071183682,0.17257212561261967,False
1979-05-29 00:00:00,0.0,0.06776515,0.06025417,0.028259064316749575,0.17249804695239415,False
1979-05-29 01:00:00,0.0,0.06966293,0.061844174,0.029045206032693387,0.17243564979159398,False
1979-05-29 02:00:00,0.0,0.0697526,0.059843056,0.02897023306041956,0.17231542572435118,False
1979-05-29 03:00:00,4.7484245e-05,0.069898546,0.055970684,0.028842378707900934,0.17211625047433318,False
1979-05-29 04:00:00,0.014657475,0.07098118,0.052763365,0.03749864104390144,0.17186865942838067,False
1979-05-29 05:00:00,0.09346607,0.07810821,0.061325222,0.08606341443955898,0.1716494508085323,False
1979-05-29 06:00:00,0.22136833,0.08488012,0.07002923,0.16283186813443898,0.17138584749532715,False
1979-05-29 07:00:00,0.3656033,0.08473707,0.07205453,0.246112026207149,0.17082630754739672,False
1979-05-29 08:00:00,0.5074166,0.08911771,0.07391915,0.32965545178204775,0.1701023587753702,False
1979-05-29 09:00:00,0.6333986,0.09866836,0.078382805,0.40611228387802834,0.16965365459911766,False
1979-05-29 10:00:00,0.72915745,0.09601414,0.07130948,0.4600037775635719,0.1696309930227791,False
1979-05-29 11:00:00,0.77934295,0.09105095,0.06637615,0.4868629954159259,0.17015239854968164,False
1979-05-29 12:00:00,0.78555775,0.08161427,0.059644997,0.4866033157259226,0.17111579157978773,False
1979-05-29 13:00:00,0.7285453,0.064909905,0.047483686,0.4468865168616175,0.1725930908990575,False
1979-05-29 14:00:00,0.6316103,0.05354045,0.039188083,0.38631171067431563,0.17414534843577392,False
1979-05-29 15:00:00,0.5166726,0.045793474,0.033738438,0.3168397641405463,0.17601713014498985,False
1979-05-29 16:00:00,0.38069773,0.035772607,0.026645103,0.23430151606723665,0.17744220862378687,False
1979-05-29 17:00:00,0.24692188,0.032813087,0.02460156,0.1559104393199086,0.17823782298225144,False
1979-05-29 18:00:00,0.12661852,0.0321744,0.023799287,0.08621640117838977,0.17859703953071507,False
1979-05-29 19:00:00,0.03574414,0.03342537,0.024580725,0.03428568986430764,0.17886585060518867,False
1979-05-29 20:00:00,0.0016391573,0.034535155,0.025570702,0.0150700837445911,0.17916537952551317,False
1979-05-29 21:00:00,0.0,0.037879936,0.028130084,0.01549672108143568,0.17938206944083912,False
1979-05-29 22:00:00,0.0,0.031146988,0.022706155,0.012719371028244495,0.17951497541698744,False
1979-05-29 23:00:00,0.0,0.03254868,0.023727989,0.013291774649173022,0.17945965064135494,False
1979-05-30 00:00:00,0.0,0.034976013,0.025677467,0.014292732004076242,0.17932331923144051,False
1979-05-30 01:00:00,0.0,0.03478757,0.025834713,0.014231687542051076,0.17913848153203837,False
1979-05-30 02:00:00,0.0,0.032088086,0.023896102,0.013130893237888814,0.17891902231522946,False
1979-05-30 03:00:00,5.8490903e-05,0.026799805,0.019538615,0.010977962671200657,0.17868987252661137,False
1979-05-30 04:00:00,0.012971152,0.021695508,0.015816027,0.016344062296673654,0.1784572475833851,False
1979-05-30 05:00:00,0.07478102,0.019370744,0.014121271,0.051059003408998244,0.17823971368096478,False
1979-05-30 06:00:00,0.17983136,0.01715468,0.012505762,0.1107680805940181,0.17798991589321464,False
1979-05-30 07:00:00,0.313283,0.015238792,0.011109079,0.18698729334957895,0.1776347815464594,False
1979-05-30 08:00:00,0.45945182,0.013654747,0.009954311,0.2706798371458426,0.17721255033885766,False
1979-05-30 09:00:00,0.5947681,0.013901214,0.010133986,0.34885798097494986,0.17683382979690734,False
1979-05-30 10:00:00,0.6837917,0.017357673,0.012653744,0.40163609287142754,0.1764109873628432,False
1979-05-30 11:00:00,0.731158,0.01953159,0.014238531,0.42985421414114533,0.17598266639641502,False
1979-05-30 12:00:00,0.7342057,0.022803795,0.016623965,0.43294899635016915,0.17575185750544708,False
1979-05-30 13:00:00,0.6994362,0.027127596,0.019776018,0.41465266810171303,0.17557335304782742,False
1979-05-30 14:00:00,0.6231004,0.033319037,0.024289578,0.37313529280945656,0.17574156065482663,False
1979-05-30 15:00:00,0.5267632,0.040743254,0.029701833,0.32058052657544606,0.17613879436358826,False
1979-05-30 16:00:00,0.39678046,0.044418998,0.03238145,0.24708153456449508,0.1765584837389522,False
1979-05-30 17:00:00,0.26051378,0.048278317,0.035194896,0.17003167581558226,0.17688132688111644,False
1979-05-30 18:00:00,0.13581009,0.054270696,0.039613787,0.10052745442464947,0.17701730113685613,False
1979-05-30 19:00:00,0.044942856,0.06007391,0.04379388,0.05046416951343417,0.1770969666989165,False
1979-05-30 20:00:00,0.0024535637,0.06432332,0.047468852,0.027714329740032552,0.1772199608757271,False
1979-05-30 21:00:00,0.0,0.066129945,0.04899659,0.027047765649855136,0.17723633524488383,False
1979-05-30 22:00:00,0.0,0.05087712,0.03708942,0.020776486013084648,0.17722736325572905,False
1979-05-30 23:00:00,0.0,0.047868673,0.034896262,0.019547938395291564,0.1772717265925995,False
1979-05-31 00:00:00,0.0,0.047474213,0.034608707,0.019386854745447636,0.17728531338033926,False
1979-05-31 01:00:00,0.0,0.045329835,0.033045452,0.018511163625866172,0.17726215063982373,False
1979-05-31 02:00:00,0.0,0.044007197,0.03208125,0.017971043206751344,0.1772293239547099,False
1979-05-31 03:00:00,6.964163e-05,0.043187235,0.031483494,0.01767638143304066,0.17720218385410688,False
1979-05-31 04:00:00,0.016133174,0.043461435,0.031683385,0.027057013727724552,0.17721252427590314,False
1979-05-31 05:00:00,0.095703505,0.046164956,0.03365425,0.07407312062755225,0.1773192989488466,False
1979-05-31 06:00:00,0.22339688,0.041348737,0.030143231,0.14578541949018836,0.17759784056407943,False
1979-05-31 07:00:00,0.3631278,0.039964613,0.0291342,0.22584492824226615,0.17789792414601968,False
1979-05-31 08:00:00,0.51302975,0.037855007,0.027596299,0.3114768657684326,0.17801400441151186,False
1979-05-31 09:00:00,0.64027673,0.040101707,0.029234147,0.385815847042948,0.17785006117049137,False
1979-05-31 10:00:00,0.73629963,0.035750974,0.026062462,0.43944437117502083,0.17743807338079823,False
1979-05-31 11:00:00,0.79313445,0.044434626,0.032392845,0.4757841686494648,0.17717198674057377,False
1979-05-31 12:00:00,0.79098463,0.052979957,0.03865492,0.4780351017601787,0.17699397631034797,False
1979-05-31 13:00:00,0.7471933,0.058319364,0.042779926,0.4549604819975793,0.1768476159999325,False
1979-05-31 14:00:00,0.6637884,0.05473518,0.040291723,0.405378928694874,0.17654911841377072,False
1979-05-31 15:00:00,0.5505739,0.04720876,0.034883145,0.33698485415801405,0.1763338590063566,False
1979-05-31 16:00:00,0.4079721,0.035225704,0.025922256,0.24979798689112065,0.17602519145804532,False
1979-05-31 17:00:00,0.26044795,0.029759152,0.02180759,0.16243720359541478,0.175585232507075,False
1979-05-31 18:00:00,0.13531405,0.029297598,0.02135795,0.09004034815728663,0.1753016425130058,False
1979-05-31 19:00:00,0.046991996,0.0320152,0.023359617,0.040189410351216794,0.1752910330497605,False
1979-05-31 20:00:00,0.002667416,0.035052586,0.02560278,0.015856053464114665,0.17539072644689813,False
1979-05-31 21:00:00,0.0,0.036888625,0.02692894,0.015066065602004528,0.17549693834629465,False
1979-05-31 22:00:00,0.0,0.036361527,0.026507553,0.014848811198025943,0.17556488795426298,False
1979-05-31 23:00:00,0.0,0.034145694,0.02489221,0.013943940460681915,0.17566917330177126,False
1979-06-01 00:00:00,0.0,0.032277223,0.023530098,0.013180920459330081,0.17578410888963003,False
1979-06-01 01:00:00,0.0,0.030991822,0.02259304,0.012656006656587124,0.17588048520112964,False
1979-06-01 02:00:00,0.0,0.028964626,0.021115214,0.011828168408945202,0.17595749464478896,False
1979-06-01 03:00:00,8.355843e-05,0.027980022,0.020397436,0.011474302917420574,0.17603439242682972,False
1979-06-01 04:00:00,0.016115425,0.02980328,0.021726593,0.02146924659796059,0.17612514472449436,False
1979-06-01 05:00:00,0.08830269,0.033005565,0.024061056,0.06442900094017386,0.17618383553580774,False
1979-06-01 06:00:00,0.19577356,0.029901486,0.021798184,0.1251720925271511,0.17610446410326683,False
1979-06-01 07:00:00,0.3139049,0.02800432,0.02041515,0.1925591460932046,0.1759111474061238,False
1979-06-01 08:00:00,0.43539494,0.02837572,0.020685902,0.2628105615768581,0.17567001480286404,False
1979-06-01 09:00:00,0.545942,0.03446425,0.025124434,0.3290825670696795,0.17539932165569708,False
1979-06-01 10:00:00,0.63367987,0.056875985,0.041544676,0.3888639341406524,0.17507753656411937,False
1979-06-01 11:00:00,0.6815501,0.068321005,0.052682657,0.4213097134903073,0.17489522908980418,False
1979-06-01 12:00:00,0.6873964,0.07119856,0.05599455,0.4259237014502286,0.17463420563931656,False
1979-06-01 13:00:00,0.6385234,0.07746323,0.061349068,0.4003247839659452,0.1743365530339388,False
1979-06-01 14:00:00,0.568759,0.084210776,0.065835334,0.36280284125357865,0.17406756087519928,False
1979-06-01 15:00:00,0.4671616,0.087679654,0.0714528,0.30576448425650593,0.1737383560481179,False
1979-06-01 16:00:00,0.3315327,0.08373364,0.06984132,0.2259635049179196,0.1734448297027196,False
1979-06-01 17:00:00,0.2128516,0.08123592,0.06718385,0.15641935610026123,0.1730736598032845,False
1979-06-01 18:00:00,0.11759118,0.07793727,0.06313403,0.1000182001888752,0.17306887351224123,False
1979-06-01 19:00:00,0.04072065,0.076993436,0.061908524,0.05524945257604122,0.17314555367190318,False
1979-06-01 20:00:00,0.0027666485,0.07574753,0.06046865,0.03281250091106631,0.173309917315989,False
1979-06-01 21:00:00,0.0,0.07344654,0.059399497,0.030309346832334997,0.17348874663284886,False
1979-06-01 22:00:00,0.0,0.06257973,0.04981968,0.025782182693481447,0.1736410315090595,False
1979-06-01 23:00:00,0.0,0.060835734,0.048452977,0.025064846612513063,0.17382252139530982,False
1979-06-02 00:00:00,0.0,0.058083095,0.047782514,0.024012917697429654,0.17403034980085583,False
1979-06-02 01:00:00,0.0,0.053575996,0.045149524,0.022207616921514274,0.17429516260514868,False
1979-06-02 02:00:00,0.0,0.052393872,0.043125886,0.02166213674470782,0.1746077564331041,False
1979-06-02 03:00:00,9.60922e-05,0.053083267,0.044246685,0.022032491720943653,0.17501887464584218,False
1979-06-02 04:00:00,0.016586782,0.049000066,0.041158795,0.02987417267076671,0.17551310770390693,False
1979-06-02 05:00:00,0.091114916,0.04298778,0.0338425,0.07026329186558723,0.17607882795702648,False
1979-06-02 06:00:00,0.2078339,0.040445082,0.03077448,0.13650621802732346,0.1767800742311184,False
1979-06-02 07:00:00,0.34274533,0.040262606,0.030548222,0.21427056328579783,0.17771034534875596,False
1979-06-02 08:00:00,0.48889437,0.04002554,0.030039208,0.2984835947044194,0.17881695014042917,False
1979-06-02 09:00:00,0.6139019,0.039500855,0.02912858,0.3703701626472175,0.18017536289247357,False
1979-06-02 10:00:00,0.71967816,0.037807535,0.027561694,0.43069361240789295,0.1818014286988817,False
1979-06-02 11:00:00,0.7759924,0.037974346,0.027683299,0.4632550430260598,0.18323722830572461,False
1979-06-02 12:00:00,0.77392083,0.04210795,0.030696696,0.46374777670204637,0.18472402803835133,False
1979-06-02 13:00:00,0.7328587,0.046990637,0.034256175,0.4420488583780825,0.18631510054741662,False
1979-06-02 14:00:00,0.6358233,0.055604648,0.040535785,0.38957709699496623,0.18797673195928943,False
1979-06-02 15:00:00,0.5163947,0.061062533,0.04451458,0.3228955895788968,0.18920464724149544,False
1979-06-02 16:00:00,0.36147586,0.05732667,0.041791145,0.2319818317182362,0.19027292357884337,False
1979-06-02 17:00:00,0.24505976,0.050954245,0.03714564,0.16220746162533758,0.19114483003212127,False
1979-06-02 18:00:00,0.1301482,0.04560978,0.033249527,0.09372099582105875,0.1921100890217596,False
1979-06-02 19:00:00,0.049435075,0.04788554,0.03490856,0.04807886526733637,0.19287436988300322,False
1979-06-02 20:00:00,0.0035627873,0.0548139,0.039959326,0.024439860673388467,0.19359355838863168,False
1979-06-02 21:00:00,0.0,0.054793347,0.039944347,0.022375739660114052,0.1942497366827306,False
1979-06-02 22:00:00,0.0,0.057684604,0.0421242,0.023560325738042592,0.19488192722176656,False
1979-06-02 23:00:00,0.0,0.058566857,0.042750623,0.023919703926891085,0.19561722808213425,False
1979-06-03 00:00:00,0.0,0.06340375,0.046221334,0.02589193506538868,0.19636928705334186,False
1979-06-03 01:00:00,0.0,0.06773461,0.04937853,0.027660510398447514,0.19712834517493363,False
1979-06-03 02:00:00,0.0,0.0769744,0.058486838,0.031561842620372774,0.19790208634360215,False
1979-06-03 03:00:00,0.00010940392,0.08514693,0.068799034,0.035197489704529294,0.19865395287120236,False
1979-06-03 04:00:00,0.017391652,0.09333698,0.07680539,0.04862381874769926,0.1993928920220954,False
1979-06-03 05:00:00,0.09644528,0.10263583,0.08457918,0.09808882209658622,0.20016234042990463,False
1979-06-03 06:00:00,0.21851644,0.10581215,0.08697108,0.16982510617375374,0.20096541964819783,False
1979-06-03 07:00:00,0.3428198,0.11572256,0.09569484,0.24567617609351872,0.2018666349460663,False
1979-06-03 08:00:00,0.47696525,0.12758261,0.106063746,0.3280143736749887,0.20277338983504853,False
1979-06-03 09:00:00,0.6065005,0.13786311,0.1168786,0.40713372577726836,0.20365858007632012,False
1979-06-03 10:00:00,0.6921354,0.14065662,0.12070186,0.4577823152691126,0.20446834785567103,False
1979-06-03 11:00:00,0.7419687,0.15467869,0.1385876,0.49267610065639017,0.20509903491341017,False
1979-06-03 12:00:00,0.7485774,0.16862057,0.15083374,0.5022951818853617,0.20546643771074222,False
1979-06-03 13:00:00,0.7026511,0.17899886,0.15931182,0.4800830917358398,0.20573650284637515,False
1979-06-03 14:00:00,0.59757906,0.18451111,0.16398253,0.4217427747994661,0.20578206772627128,False
1979-06-03 15:00:00,0.4910522,0.17660235,0.15811771,0.35704174844920633,0.20595832486635202,False
1979-06-03 16:00:00,0.34210417,0.16857727,0.15214626,0.2678150146752596,0.20599044036886782,False
1979-06-03 17:00:00,0.23407242,0.1619896,0.14662668,0.20275178760290144,0.20621812244875484,False
1979-06-03 18:00:00,0.12596944,0.1529578,0.14033125,0.13670368152856827,0.20644879631323867,False
1979-06-03 19:00:00,0.044312276,0.1533941,0.14073877,0.08977050084620714,0.20682817330566675,False
1979-06-03 20:00:00,0.0033510963,0.1489986,0.1369443,0.06430905902781524,0.20730255151724575,False
1979-06-03 21:00:00,0.0,0.14478907,0.13383937,0.06065449270606041,0.20775002660468178,False
1979-06-03 22:00:00,0.0,0.14584367,0.13445018,0.061076623991131784,0.2081248784231111,False
1979-06-03 23:00:00,0.0,0.14604662,0.13467543,0.06116367723047733,0.20820658768719016,False
1979-06-04 00:00:00,0.0,0.14427182,0.13354455,0.06044770753383637,0.20818327344796575,False
1979-06-04 01:00:00,0.0,0.1416343,0.1311877,0.05934719301760197,0.207972481138594,False
1979-06-04 02:00:00,0.0,0.1378196,0.1277092,0.057751730069518094,0.20764485533331478,False
1979-06-04 03:00:00,0.00012288852,0.13729064,0.1253781,0.05750157096381008,0.2072036653850782,False
1979-06-04 04:00:00,0.016775481,0.13671196,0.123732075,0.06680769624561071,0.2066772532237643,False
1979-06-04 05:00:00,0.09250896,0.13251796,0.12100551,0.10881109434366226,0.20606094065906436,False
1979-06-04 06:00:00,0.21270171,0.13635601,0.124449976,0.1797645523250103,0.2052218989046162,False
1979-06-04 07:00:00,0.3457868,0.13955364,0.12556513,0.25779479795694354,0.20414796126376097,False
1979-06-04 08:00:00,0.4912911,0.13799003,0.121841446,0.3409727262854576,0.2030904723180407,False
1979-06-04 09:00:00,0.6118541,0.13518298,0.116975844,0.4092390160560608,0.20173895331777048,False
1979-06-04 10:00:00,0.70256907,0.13401358,0.11357831,0.4609665911793709,0.20013457127336762,False
1979-06-04 11:00:00,0.7364078,0.13459426,0.11699601,0.48089037729799744,0.19838699540011082,False
1979-06-04 12:00:00,0.728939,0.13486484,0.117555134,0.47671090321242804,0.19636972121068083,False
1979-06-04 13:00:00,0.6749659,0.1316214,0.11504332,0.44423597261309616,0.19407436098915332,False
1979-06-04 14:00:00,0.5943221,0.13244162,0.115604386,0.3980374397188425,0.19158440936368695,False
1979-06-04 15:00:00,0.4681446,0.1304653,0.114370495,0.32443713369965554,0.1894730455078755,False
1979-06-04 16:00:00,0.33368218,0.12073151,0.107889384,0.24291057155281306,0.18748402775595394,False
1979-06-04 17:00:00,0.21667099,0.11558175,0.103907034,0.17327980712056162,0.1859617033119263,False
1979-06-04 18:00:00,0.11325204,0.111606404,0.10003517,0.11193109145760534,0.18430414390459463,False
1979-06-04 19:00:00,0.043401867,0.10975914,0.09824112,0.07084901942312719,0.18300023777763785,False
1979-06-04 20:00:00,0.0031216568,0.10601218,0.0925736,0.045918664870318024,0.18188551181403725,False
1979-06-04 21:00:00,0.0,0.09752139,0.08117102,0.040368626944720744,0.18089458470852968,False
1979-06-04 22:00:00,0.0,0.06709049,0.05048111,0.027482370413839816,0.1799254389728039,False
1979-06-04 23:00:00,0.0,0.05577582,0.041098934,0.02280062044411898,0.17881071120259273,False
1979-06-05 00:00:00,0.0,0.03862688,0.028158994,0.015773904215544463,0.1776544942075006,False
1979-06-05 01:00:00,0.0,0.02922494,0.021304982,0.011934471745043992,0.17649113552845933,False
1979-06-05 02:00:00,0.0,0.025429945,0.01853843,0.010384725105017423,0.17533783997709085,False
1979-06-05 03:00:00,0.00014458489,0.02411141,0.017577222,0.009929705961461878,0.1742199018431447,False
1979-06-05 04:00:00,0.01758447,0.021780895,0.015878271,0.019040815642103553,0.17311687962419756,False
1979-06-05 05:00:00,0.08828643,0.016831832,0.012270407,0.05781481788307428,0.17198823172129474,False
1979-06-05 06:00:00,0.19577946,0.013006353,0.009481632,0.11827609941270201,0.17050635403088077,False
1979-06-05 07:00:00,0.3300591,0.010952429,0.007984321,0.19491670669894662,0.16833716790104455,False
1979-06-05 08:00:00,0.44893575,0.0100535685,0.0073290514,0.2631414616620168,0.16535698952999214,False
1979-06-05 09:00:00,0.5647848,0.010389072,0.007573633,0.33012338764592997,0.1616580966596757,False
1979-06-05 10:00:00,0.6392378,0.012387051,0.0090301605,0.37389867335278537,0.15747458800015676,False
1979-06-05 11:00:00,0.6753457,0.015115019,0.011018848,0.39584693956375117,0.1528070713994669,False
1979-06-05 12:00:00,0.66528,0.020205747,0.01472999,0.39211789125204083,0.14875251151805605,False
1979-06-05 13:00:00,0.6058711,0.026882257,0.019597163,0.36056541371345513,0.14469416422228035,False
1979-06-05 14:00:00,0.53173375,0.033271465,0.024254898,0.3203973097205162,0.14107939131738323,False
1979-06-05 15:00:00,0.42370996,0.041842837,0.030523024,0.26156889635697006,0.13795974129634303,False
1979-06-05 16:00:00,0.30353802,0.047950972,0.03533505,0.19474344136193392,0.1354397295800148,False
1979-06-05 17:00:00,0.17967772,0.047723148,0.035278652,0.12318893605098127,0.13367626929261736,False
1979-06-05 18:00:00,0.097859584,0.043174315,0.031849727,0.0741161874346435,0.1323148156602201,False
1979-06-05 19:00:00,0.034300476,0.040333644,0.029428987,0.036263654593378304,0.13126345718013605,False
1979-06-05 20:00:00,0.0027088204,0.037174303,0.027115755,0.01674455796345137,0.13028504902970295,False
1979-06-05 21:00:00,0.0,0.034614775,0.025234172,0.014135497391223908,0.12946271503484785,False
1979-06-05 22:00:00,0.0,0.018536536,0.013513134,0.007569691020995378,0.12871404411010187,False
1979-06-05 23:00:00,0.0,0.013873,0.010113418,0.005665261466056108,0.1282097607933774,False
1979-06-06 00:00:00,0.0,0.0112803,0.008223337,0.004606490939855575,0.1277880673003474,False
1979-06-06 01:00:00,0.0,0.009768214,0.007121029,0.003989006551913917,0.1275019638475005,False
1979-06-06 02:00:00,0.0,0.010017239,0.007302567,0.004090699640102684,0.1272948267571428,False
1979-06-06 03:00:00,0.00015619665,0.010937196,0.007973215,0.004556504454347305,0.12712734077443927,False
1979-06-06 04:00:00,0.012942857,0.012646911,0.009219598,0.012632596906274557,0.1269687150366244,False
1979-06-06 05:00:00,0.055787705,0.013447396,0.009803152,0.037680965203791855,0.1267311535320156,False
1979-06-06 06:00:00,0.12194524,0.012932553,0.00942783,0.07564361809287219,0.12613598954154379,False
1979-06-06 07:00:00,0.19066122,0.011594283,0.008452234,0.11474623614642768,0.12495748567853478,False
1979-06-06 08:00:00,0.27595556,0.0102836955,0.0074968147,0.16342586851026863,0.12291263088460436,False
1979-06-06 09:00:00,0.35315025,0.011418451,0.00832405,0.20843060039915143,0.12027999127552114,False
1979-06-06 10:00:00,0.40021643,0.01469494,0.0107126115,0.23692579434625802,0.11719148613852727,False
1979-06-06 11:00:00,0.48271003,0.01897272,0.013831115,0.2862715029902756,0.11360991756276234,False
1979-06-06 12:00:00,0.47210628,0.02327547,0.016967816,0.2819102330151945,0.11024811920455431,False
1979-06-06 13:00:00,0.4529661,0.02289556,0.016981026,0.270726873178035,0.10678451736611594,False
1979-06-06 14:00:00,0.41451657,0.022283759,0.016582811,0.24829423870891332,0.1038286504220323,False
1979-06-06 15:00:00,0.33586445,0.02368257,0.017479865,0.20347657131589947,0.10144680323852118,False
1979-06-06 16:00:00,0.25764877,0.023452519,0.017540008,0.15826447775773703,0.099780603501836,False
1979-06-06 17:00:00,0.17325275,0.019457135,0.014509539,0.10793003276549279,0.09883229511907062,False
1979-06-06 18:00:00,0.09586783,0.015060382,0.010979018,0.06146588441357016,0.09858724274032953,False
1979-06-06 19:00:00,0.032158326,0.013052198,0.009515052,0.023885428202338514,0.09850536297033434,False
1979-06-06 20:00:00,0.0030088527,0.011535057,0.008409058,0.00644663311727345,0.09838985643427867,False
1979-06-06 21:00:00,0.0,0.010854044,0.007912599,0.00443242255691439,0.09821341633319573,False
1979-06-06 22:00:00,0.0,0.008024104,0.0058495714,0.0032767712110653518,0.09803606566001145,False
1979-06-06 23:00:00,0.0,0.0062672524,0.004568827,0.0025593327786773445,0.09799249519565094,False
1979-06-07 00:00:00,0.0,0.004997817,0.0036434084,0.0020409384788945316,0.09799574765574837,False
1979-06-07 01:00:00,0.0,0.004877711,0.0035558515,0.0019918914078734815,0.09803115753078784,False
1979-06-07 02:00:00,0.0,0.0057433723,0.004186918,0.0023453979352489117,0.09810254865896606,False
1979-06-07 03:00:00,0.00012188006,0.005498366,0.0040083095,0.0023156705463479735,0.09817663196678224,False
1979-06-07 04:00:00,0.009883782,0.0047382037,0.00345415,0.0076378634208813315,0.09823234333372588,False
1979-06-07 05:00:00,0.04728713,0.004805182,0.0035029775,0.0292469463404268,0.0982602078238959,False
1979-06-07 06:00:00,0.10363148,0.004683419,0.0034142127,0.061707913988269865,0.09839039485186717,False
1979-06-07 07:00:00,0.16459042,0.0043955795,0.0032043776,0.09676367659028619,0.09864614026299978,False
1979-06-07 08:00:00,0.23402546,0.0042659477,0.0031098758,0.1367747604260221,0.09900744309842034,False
1979-06-07 09:00:00,0.31181386,0.0047960486,0.0034963195,0.18187514107022434,0.0996014599028384,False
1979-06-07 10:00:00,0.34588692,0.0058933194,0.004296229,0.2019833817160688,0.10024114167039429,False
1979-06-07 11:00:00,0.40215084,0.0059740134,0.0043550557,0.23448061836976558,0.1008084931336063,False
1979-06-07 12:00:00,0.38645026,0.007060339,0.0051469873,0.22586500300699844,0.10098465215613746,False
1979-06-07 13:00:00,0.3715768,0.010490577,0.0076476303,0.2186838003974408,0.10135131738964615,False
1979-06-07 14:00:00,0.34700108,0.014322995,0.0104414625,0.2060686449119821,0.10188918286206038,False
1979-06-07 15:00:00,0.29991668,0.0209111,0.015244191,0.18159130899608136,0.10287908367627448,False
1979-06-07 16:00:00,0.24108024,0.02477481,0.0181377,0.14922463898919522,0.10410124421675682,False
1979-06-07 17:00:00,0.1748713,0.0257509,0.018955598,0.1114264218714088,0.10527159075517666,False
1979-06-07 18:00:00,0.10546513,0.022845436,0.016715059,0.0701859584748745,0.1062367171816403,False
1979-06-07 19:00:00,0.040756896,0.017637638,0.012857838,0.030719340862706303,0.10692017414154166,False
1979-06-07 20:00:00,0.00393978,0.014698041,0.010714872,0.008275433111470193,0.10728305724716349,False
1979-06-07 21:00:00,0.0,0.013768691,0.010037375,0.0056226650783792135,0.10741468499907557,False
1979-06-07 22:00:00,0.0,0.013415193,0.009779675,0.005478308731690049,0.10754254556098565,False
1979-06-07 23:00:00,0.0,0.014255299,0.010392114,0.005821379550732673,0.10782542288635703,False
1979-06-08 00:00:00,0.0,0.015442434,0.011257535,0.006306164941750466,0.1081309198480503,False
1979-06-08 01:00:00,0.0,0.018159643,0.01323838,0.007415780704468489,0.1085059761470238,False
1979-06-08 02:00:00,0.0,0.01872511,0.013650606,0.0076466984152793885,0.10897123770692813,False
1979-06-08 03:00:00,7.442463e-05,0.01760114,0.012831231,0.007230650067642273,0.10947221538963457,False
1979-06-08 04:00:00,0.011994353,0.017262336,0.012584242,0.013970092434436083,0.10997751204963392,False
1979-06-08 05:00:00,0.06284911,0.018772388,0.013685072,0.043929942546412346,0.11057607090148151,False
1979-06-08 06:00:00,0.1369383,0.021808859,0.01589866,0.08791939782723783,0.11159452425646758,False
1979-06-08 07:00:00,0.21332707,0.02203674,0.016064785,0.1320887722466141,0.11331679053747179,False
1979-06-08 08:00:00,0.31364167,0.026856871,0.019578658,0.19193867512233553,0.11568259797746788,False
1979-06-08 09:00:00,0.39151442,0.032401092,0.023620399,0.2391353252418339,0.1188408150268075,False
1979-06-08 10:00:00,0.42996567,0.039348207,0.028684845,0.2641586645804345,0.12244943335994773,False
1979-06-08 11:00:00,0.47704247,0.047686715,0.034763616,0.29472713607177137,0.12644016806414551,False
1979-06-08 12:00:00,0.48224422,0.052049503,0.03794409,0.2995101642236113,0.12979203457210645,False
1979-06-08 13:00:00,0.470705,0.06109135,0.04453559,0.2965444158539176,0.1335163038150152,False
1979-06-08 14:00:00,0.46194345,0.07160039,0.05273266,0.29580947779119016,0.13681013060433875,False
1979-06-08 15:00:00,0.39981115,0.07677056,0.057794597,0.2621402772590518,0.1397983898137945,False
1979-06-08 16:00:00,0.31944427,0.07339505,0.056277677,0.2144411116018891,0.1423462689920267,False
1979-06-08 17:00:00,0.22820686,0.05498694,0.042417847,0.15425610123574734,0.14445600258944094,False
1979-06-08 18:00:00,0.13589296,0.038598876,0.029974012,0.09427181848883628,0.1459209976593747,False
1979-06-08 19:00:00,0.0501153,0.030166004,0.0232599,0.04130381727218628,0.1469468836570252,False
1979-06-08 20:00:00,0.004478876,0.024914233,0.018279662,0.012764765209052712,0.14772256885442733,False
1979-06-08 21:00:00,2.8813256e-08,0.02588294,0.018868662,0.010569729528599178,0.148404353817682,False
1979-06-08 22:00:00,0.0,0.041219898,0.03045816,0.016854882828891277,0.1491124406888641,False
1979-06-08 23:00:00,0.0,0.042164043,0.030826949,0.017223186939954758,0.149721482400296,False
1979-06-09 00:00:00,0.0,0.049043477,0.03604811,0.020043640829622743,0.1503161396498701,False
1979-06-09 01:00:00,0.0,0.05947476,0.044041857,0.024324446283280846,0.15090521858397662,False
1979-06-09 02:00:00,0.0,0.064317055,0.049246915,0.02639232670515776,0.15142070259687282,False
1979-06-09 03:00:00,0.00016965244,0.06444729,0.049832784,0.026569910226317002,0.15189556292745074,False
1979-06-09 04:00:00,0.0163304,0.06564145,0.05045098,0.03636868830956518,0.1523575131866771,False
1979-06-09 05:00:00,0.083700225,0.07267894,0.055910174,0.07813270737975836,0.15279116420172315,False
1979-06-09 06:00:00,0.19215983,0.081439756,0.063874125,0.1443766954764724,0.15331728892944135,False
1979-06-09 07:00:00,0.30061224,0.089512214,0.07109562,0.21032243371009826,0.15409285905755438,False
1979-06-09 08:00:00,0.4285831,0.099717684,0.07927617,0.2883691787943244,0.15532890279439746,False
1979-06-09 09:00:00,0.537499,0.109290294,0.08562543,0.3550888210609555,0.15686690551236585,False
1979-06-09 10:00:00,0.61156386,0.09891993,0.07712678,0.3935386475175619,0.15871289920643908,False
1979-06-09 11:00:00,0.61316854,0.10112029,0.078862526,0.3953702107518911,0.16094101039902312,False
1979-06-09 12:00:00,0.6244813,0.10770431,0.084468774,0.4046299266666174,0.1628588458714852,False
1979-06-09 13:00:00,0.57569975,0.108499736,0.08467278,0.3767874862849712,0.16486778185619433,False
1979-06-09 14:00:00,0.52812,0.108878635,0.08525262,0.3495050869658589,0.16651627792253085,False
1979-06-09 15:00:00,0.4496167,0.108160965,0.084245875,0.303889509551227,0.1674962913398631,False
1979-06-09 16:00:00,0.361557,0.101749144,0.0801486,0.2504918516650796,0.16801379967315008,False
1979-06-09 17:00:00,0.24687746,0.09540327,0.07581636,0.18174618522822858,0.1682980404534901,False
1979-06-09 18:00:00,0.14034535,0.09311381,0.07574488,0.11942848636209963,0.16830558748962357,False
1979-06-09 19:00:00,0.05081543,0.093367405,0.07739176,0.06795223033800721,0.16816679659409176,False
1979-06-09 20:00:00,0.004572433,0.09266812,0.07719037,0.04100111134769395,0.167981341592822,False
1979-06-09 21:00:00,5.762651e-08,0.095597886,0.080281146,0.039610834895120454,0.16782834093818869,False
1979-06-09 22:00:00,0.0,0.08384904,0.06985211,0.03471231088042259,0.1676631425533777,False
1979-06-09 23:00:00,0.0,0.082893595,0.06994798,0.03436492753028869,0.16736791041143428,False
1979-06-10 00:00:00,0.0,0.083433315,0.0702789,0.03458195377886295,0.16706438751549998,False
1979-06-10 01:00:00,0.0,0.077679045,0.06473047,0.03215901332348585,0.16670564064609772,False
1979-06-10 02:00:00,0.0,0.07354415,0.061151892,0.030439994283020497,0.1662723970895675,False
1979-06-10 03:00:00,0.00013317485,0.0709496,0.05827812,0.02940426251050667,0.16581705458333437,False
1979-06-10 04:00:00,0.015658965,0.062521,0.049627185,0.03478534115664661,0.1653836832783413,False
1979-06-10 05:00:00,0.081847675,0.05347317,0.041226313,0.069183929476887,0.16498570853219474,False
1979-06-10 06:00:00,0.18421148,0.04615711,0.033791993,0.12514676397666333,0.16453110642052052,False
1979-06-10 07:00:00,0.30462945,0.03831779,0.027933665,0.191418871615082,0.16386746744396272,False
1979-06-10 08:00:00,0.438332,0.03145523,0.022930864,0.2657628055848181,0.1630130368185147,False
1979-06-10 09:00:00,0.550412,0.02486813,0.018128866,0.32774302255734794,0.16194108799988507,False
1979-06-10 10:00:00,0.62844306,0.020805735,0.015167382,0.3711080018244684,0.16059739794710134,False
1979-06-10 11:00:00,0.658415,0.016842177,0.012277947,0.38678323874995113,0.15915574042328273,False
1979-06-10 12:00:00,0.6770264,0.012965976,0.009452197,0.39593909148965023,0.15828787886591889,False
1979-06-10 13:00:00,0.6440806,0.009887534,0.0072080125,0.3756722270380705,0.15747652159580755,False
1979-06-10 14:00:00,0.5888313,0.0075776596,0.0055241142,0.34285012182313945,0.1566045726793425,False
1979-06-10 15:00:00,0.4928762,0.006345065,0.004625553,0.2869806772568263,0.15570080081392804,False
1979-06-10 16:00:00,0.39124146,0.0057261037,0.0041743293,0.22808466905821115,0.1547936290743523,False
1979-06-10 17:00:00,0.26458186,0.004786457,0.003489327,0.15461835897015405,0.15363265232280002,False
1979-06-10 18:00:00,0.14852412,0.0046806983,0.0034122285,0.0876098555033095,0.15251985796630177,False
1979-06-10 19:00:00,0.05247709,0.005198022,0.0037893576,0.03240197721123695,0.15166610680939577,False
1979-06-10 20:00:00,0.0051093106,0.0060550133,0.004414105,0.005420733786653727,0.1509919764601698,False
1979-06-10 21:00:00,1.7287952e-07,0.006465052,0.004713022,0.0026402070576714747,0.1503991224449802,False
1979-06-10 22:00:00,0.0,0.0065718987,0.0047909147,0.002683740015607327,0.14978338164079322,False
1979-06-10 23:00:00,0.0,0.006499287,0.0047379807,0.0026540879351086913,0.14928462746238655,False
1979-06-11 00:00:00,0.0,0.0069148536,0.0050409283,0.0028237910983152687,0.14880140631506072,False
1979-06-11 01:00:00,0.0,0.008641159,0.0062994044,0.0035287555698305367,0.14829015453776664,False
1979-06-11 02:00:00,0.0,0.011107405,0.0080972975,0.004535886405967176,0.1478005233855205,False
1979-06-11 03:00:00,0.00021269944,0.013824265,0.01007789,0.005768087586649926,0.14735274990671168,False
1979-06-11 04:00:00,0.01825677,0.016484585,0.012017263,0.017265900494530795,0.14694371110934032,False
1979-06-11 05:00:00,0.083468914,0.019958181,0.014549513,0.05631180601939558,0.14662070417993744,False
1979-06-11 06:00:00,0.17835957,0.023475934,0.0175173,0.11252202460169791,0.1463219017230025,False
1979-06-11 07:00:00,0.27256116,0.029227551,0.023277897,0.16930976368859407,0.14593054297989122,False
1979-06-11 08:00:00,0.38429964,0.03699678,0.028202465,0.23691563550010322,0.14557394475567198,False
1979-06-11 09:00:00,0.47860464,0.035294224,0.026171299,0.2905916985273361,0.14501648595575753,False
1979-06-11 10:00:00,0.5421416,0.028175922,0.020860342,0.3243390863742679,0.14438557301426505,False
1979-06-11 11:00:00,0.5955124,0.024700735,0.018289551,0.3537128559984266,0.14358504094776894,False
1979-06-11 12:00:00,0.61310875,0.029169617,0.021434033,0.3656847777012735,0.14271312376938025,False
1979-06-11 13:00:00,0.55625194,0.034044944,0.026184868,0.33493393829464907,0.1415449206827686,False
1979-06-11 14:00:00,0.5035184,0.037956644,0.02940588,0.30612403742596506,0.14056023327449146,False
1979-06-11 15:00:00,0.42312697,0.039612,0.029336652,0.2603452660515904,0.13962141550692928,False
1979-06-11 16:00:00,0.3131927,0.034389853,0.025239378,0.19476496759057044,0.13897959349970648,False
1979-06-11 17:00:00,0.2016419,0.029347885,0.021394607,0.12833205611631274,0.1382165969751147,False
1979-06-11 18:00:00,0.11692154,0.026899165,0.01960949,0.07844843083061279,0.13763012985275636,False
1979-06-11 19:00:00,0.04384415,0.025212431,0.018379865,0.03559397357515991,0.1373027540208687,False
1979-06-11 20:00:00,0.0041949507,0.024790585,0.018072337,0.01254411861859262,0.13716858120850253,False
1979-06-11 21:00:00,1.1525302e-07,0.024619237,0.017976139,0.01005527629414477,0.13716337550919197,False
1979-06-11 22:00:00,0.0,0.026310273,0.019696662,0.010772110316902398,0.1371732588334473,False
1979-06-11 23:00:00,0.0,0.027301202,0.020299427,0.011170312458649276,0.13717241003618091,False
1979-06-12 00:00:00,0.0,0.024538884,0.018278154,0.010041868468746544,0.1371752568460417,False
1979-06-12 01:00:00,0.0,0.021138452,0.015863504,0.008656718015670776,0.1371778606392092,False
1979-06-12 02:00:00,0.0,0.021717476,0.017279977,0.008946867300197482,0.13716652621728118,False
1979-06-12 03:00:00,0.00019454709,0.023319427,0.019505149,0.009770400236680871,0.1371253833585708,False
1979-06-12 04:00:00,0.015888521,0.024425639,0.020375388,0.019281008545309303,0.1370507471103406,False
1979-06-12 05:00:00,0.07550222,0.027330896,0.022065405,0.05484141154401004,0.13689366741634348,False
1979-06-12 06:00:00,0.16379689,0.028878402,0.022122413,0.1063615443073213,0.13643673897337386,False
1979-06-12 07:00:00,0.28150454,0.029068748,0.02125312,0.17430215685255823,0.1356254416261868,False
1979-06-12 08:00:00,0.3921903,0.03112643,0.022691168,0.23900478318892418,0.13466286138251796,False
1979-06-12 09:00:00,0.49078438,0.034960344,0.02548609,0.2974592013657093,0.13351217912731908,False
1979-06-12 10:00:00,0.55008966,0.037419204,0.027278597,0.33268246263265605,0.1322498043716255,False
1979-06-12 11:00:00,0.57365274,0.034120325,0.024873719,0.3449312141872942,0.13123510816888015,False
1979-06-12 12:00:00,0.5663777,0.031994365,0.02332389,0.3398653433322906,0.1302361886947251,False
1979-06-12 13:00:00,0.5489982,0.028492292,0.020770878,0.32840723144076767,0.12915028358996597,False
1979-06-12 14:00:00,0.5005072,0.02202492,0.016056165,0.2977868689801544,0.1286260269887348,False
1979-06-12 15:00:00,0.43041676,0.01915622,0.013964885,0.2561732209101319,0.1284597289716738,False
1979-06-12 16:00:00,0.31876794,0.018443596,0.013445381,0.19146083587780593,0.12825382151338954,False
1979-06-12 17:00:00,0.207668,0.016268488,0.011859728,0.1264679370969534,0.1280518995388091,False
1979-06-12 18:00:00,0.11568504,0.012600335,0.009185644,0.0718958155727014,0.12808251749429914,False
1979-06-12 19:00:00,0.039689828,0.007494874,0.0054637627,0.025961682217661288,0.12796511115732043,False
1979-06-12 20:00:00,0.0044539236,0.006369155,0.0046431143,0.005170860219746829,0.12778147547014623,False
1979-06-12 21:00:00,5.4745186e-07,0.0076262243,0.005559518,0.0031146066219277487,0.12761753746672866,False
1979-06-12 22:00:00,0.0,0.00647213,0.004718182,0.002642997746821493,0.12745556621324197,False
1979-06-12 23:00:00,0.0,0.006833906,0.004981918,0.00279073480842635,0.12730628129351812,False
1979-06-13 00:00:00,0.0,0.0072209076,0.005264042,0.0029487731703557074,0.12715371022717722,False
1979-06-13 01:00:00,0.0,0.007308893,0.005328182,0.002984703317284584,0.12702704982640847,False
1979-06-13 02:00:00,0.0,0.0062714065,0.004571855,0.0025610291878692807,0.1269274635690467,False
1979-06-13 03:00:00,0.00013994597,0.005154197,0.0037574095,0.0021855476716009436,0.12682962208602971,False
1979-06-13 04:00:00,0.012552926,0.0060804198,0.004432626,0.009726075182668865,0.12674015030500121,False
1979-06-13 05:00:00,0.053545143,0.0085308105,0.0062189614,0.03437924075685441,0.12664526431158216,False
1979-06-13 06:00:00,0.11933112,0.0115722045,0.008436137,0.07357975193671881,0.12643333342058768,False
1979-06-13 07:00:00,0.2014759,0.016784737,0.012236071,0.12310591199249028,0.12624716585735354,False
1979-06-13 08:00:00,0.3015471,0.018831648,0.013728271,0.18168288725055753,0.12588171298736425,False
1979-06-13 09:00:00,0.3813826,0.024340767,0.017744418,0.22999771025404334,0.12526955717787022,False
1979-06-13 10:00:00,0.46306962,0.020673854,0.01507124,0.27563366864249106,0.12450991097108645,False
1979-06-13 11:00:00,0.51122016,0.026424067,0.019263145,0.3057647212389857,0.124195234221256,False
1979-06-13 12:00:00,0.52022636,0.032790985,0.023904627,0.31356133267283437,0.12397891227785061,False
1979-06-13 13:00:00,0.5060326,0.04356097,0.031755947,0.3097696214355528,0.12427745554356089,False
1979-06-13 14:00:00,0.48404124,0.046159413,0.033650216,0.29814173260703686,0.12466150160565069,False
1979-06-13 15:00:00,0.40356636,0.043108188,0.031425867,0.25046170805394646,0.12521296305504812,False
1979-06-13 16:00:00,0.29869255,0.031165937,0.022719968,0.18507271281071005,0.12576970640601462,False
1979-06-13 17:00:00,0.20865521,0.023037331,0.016794214,0.12980171797983348,0.12690843709271585,False
1979-06-13 18:00:00,0.11677079,0.013312032,0.009704471,0.07281292665563524,0.1280134701346252,False
1979-06-13 19:00:00,0.041160367,0.0074196397,0.005408917,0.026779460590798408,0.12879341726310192,False
1979-06-13 20:00:00,0.0044526565,0.005156922,0.003759396,0.004675094454549253,0.1295226262827783,False
1979-06-13 21:00:00,5.762651e-07,0.0055840192,0.0040707504,0.0022806561267845497,0.1302020726615011,False
1979-06-13 22:00:00,0.0,0.008831377,0.006438074,0.0036064341701567172,0.1310289647756284,False
1979-06-13 23:00:00,0.0,0.009420229,0.006867347,0.0038469012742862103,0.13210429339225752,False
1979-06-14 00:00:00,0.0,0.009702495,0.0070731197,0.003962169231846929,0.13333382529423338,False
1979-06-14 01:00:00,0.0,0.0094929,0.0069203237,0.0038765776623040436,0.13461147418069536,False
1979-06-14 02:00:00,0.0,0.0104084965,0.0075877947,0.004250476115383208,0.13590768736331607,False
1979-06-14 03:00:00,0.00015466954,0.013190399,0.0096158,0.005475754747312749,0.1371268030525674,False
1979-06-14 04:00:00,0.01135542,0.020017346,0.014592647,0.01472648086119443,0.1383007754181014,False
1979-06-14 05:00:00,0.055318277,0.031222194,0.022760982,0.044668728776276104,0.13941290987976118,False
1979-06-14 06:00:00,0.12181635,0.066453785,0.048444808,0.09742550127208233,0.1404517529600462,False
1979-06-14 07:00:00,0.20125373,0.09937108,0.07350165,0.15676041909307242,0.14145350649179184,False
1979-06-14 08:00:00,0.28114563,0.11569998,0.087166354,0.20962130433320997,0.1424181508248291,False
1979-06-14 09:00:00,0.35912937,0.13099141,0.10079084,0.2609961834400892,0.14319490151059264,False
1979-06-14 10:00:00,0.43083143,0.16798416,0.1296683,0.3175779786407948,0.14391280413254545,False
1979-06-14 11:00:00,0.4718625,0.1514685,0.11835601,0.33454776090383526,0.1443138211800879,False
1979-06-14 12:00:00,0.50832677,0.14845905,0.11313863,0.3541954200863838,0.1443792979279773,False
1979-06-14 13:00:00,0.498631,0.14446023,0.10788018,0.3468414424210786,0.14415124497572807,False
1979-06-14 14:00:00,0.45904025,0.14491248,0.10959419,0.32425701855123046,0.14346563755358485,False
1979-06-14 15:00:00,0.38711432,0.14506385,0.111173734,0.28289690175652504,0.14252040026032745,False
1979-06-14 16:00:00,0.32727462,0.13979407,0.10552671,0.24611990883946416,0.14170289857008875,False
1979-06-14 17:00:00,0.22491331,0.12146352,0.09100928,0.17950952310860155,0.14118723592036472,False
1979-06-14 18:00:00,0.11760332,0.10097433,0.07808586,0.10933327773958444,0.14064835936802625,False
1979-06-14 19:00:00,0.04325783,0.08758879,0.0682164,0.06096371516212821,0.14038847277154828,False
1979-06-14 20:00:00,0.0037632994,0.08654732,0.06809075,0.03778428639844059,0.140372745488576,False
1979-06-14 21:00:00,5.474518e-07,0.10398663,0.08211197,0.042805428100038276,0.14036214869203076,False
1979-06-14 22:00:00,0.0,0.13139607,0.106918916,0.05425877134501934,0.14034074778324818,False
1979-06-14 23:00:00,0.0,0.1496987,0.12165637,0.061808266103267666,0.14030015480034877,False
1979-06-15 00:00:00,0.0,0.15570058,0.12634085,0.06427591972053051,0.1402748825206038,False
1979-06-15 01:00:00,0.0,0.1582959,0.12577313,0.06520293608307838,0.1402708342206281,False
1979-06-15 02:00:00,0.0,0.14873852,0.11470498,0.06107858227193355,0.14027510620356431,False
1979-06-15 03:00:00,0.00021800106,0.1424414,0.1083251,0.058536221217233106,0.14026102976617064,False
1979-06-15 04:00:00,0.0145192575,0.13357647,0.100762986,0.06310852934233843,0.14022089354129724,False
1979-06-15 05:00:00,0.061265133,0.119297914,0.09023697,0.08424370861053465,0.14012726001174172,False
1979-06-15 06:00:00,0.12982683,0.114189655,0.0855159,0.12166392146050928,0.13995003240330905,False
1979-06-15 07:00:00,0.2134988,0.11298264,0.08387849,0.1694088399782777,0.13953114404161135,False
1979-06-15 08:00:00,0.3073557,0.10192494,0.07430328,0.2189669201672077,0.1387745269955336,False
1979-06-15 09:00:00,0.40029845,0.08199711,0.059775896,0.2644570361077785,0.13810551615370267,False
1979-06-15 10:00:00,0.4691727,0.059186727,0.043147124,0.29488248692452906,0.13743098946622404,False
1979-06-15 11:00:00,0.5010543,0.048484158,0.03534495,0.30890760513767596,0.1364616207079231,False
1979-06-15 12:00:00,0.49679402,0.03909396,0.028499499,0.3026147909648716,0.13563037696147476,False
1979-06-15 13:00:00,0.45888624,0.029588915,0.02157032,0.2768604651726782,0.13469642506097892,False
1979-06-15 14:00:00,0.41979724,0.02582814,0.018828712,0.25277034253068265,0.1335729403855945,False
1979-06-15 15:00:00,0.35301128,0.018449426,0.013449632,0.2112216269224882,0.13260575324949328,False
1979-06-15 16:00:00,0.26981655,0.011354417,0.008277369,0.16032090562395748,0.13142029685015308,False
1979-06-15 17:00:00,0.1753731,0.0067227944,0.0049009165,0.10393564346758648,0.130277167066781,False
1979-06-15 18:00:00,0.10167426,0.0040951567,0.0029853692,0.060338370024692264,0.1293707328653008,False
1979-06-15 19:00:00,0.043594077,0.0021323236,0.0015544639,0.02602455100812949,0.1289859092158776,False
1979-06-15 20:00:00,0.0057130917,0.0021304279,0.001553082,0.004166448220377788,0.12883895837702306,False
1979-06-15 21:00:00,1.5271024e-06,0.0030671784,0.0022359728,0.0012534125052214903,0.12875948254185363,False
1979-06-15 22:00:00,0.0,0.0040600123,0.0029597492,0.001657970990985632,0.12855054143583236,False
1979-06-15 23:00:00,0.0,0.0064496845,0.0047018197,0.002633831846527755,0.12796874456945642,False
1979-06-16 00:00:00,0.0,0.009226652,0.0067262277,0.003767850833013654,0.1273188407584077,False
1979-06-16 01:00:00,0.0,0.009995036,0.007286382,0.004081632843241096,0.12672434231219648,False
1979-06-16 02:00:00,0.0,0.008753929,0.006381615,0.0035748071204870936,0.12630273991124538,False
1979-06-16 03:00:00,0.00017772015,0.008440153,0.0061528715,0.0035492159533896486,0.12615204049786388,False
1979-06-16 04:00:00,0.011155858,0.009293481,0.006774947,0.010232071442529559,0.12615393664280586,False
1979-06-16 05:00:00,0.053148206,0.013456773,0.009809987,0.036161803571507334,0.12612568678214228,False
1979-06-16 06:00:00,0.119930506,0.019844618,0.014746188,0.07731885991059244,0.1260347920658161,False
1979-06-16 07:00:00,0.18946305,0.027180614,0.020240277,0.1204428008813411,0.1258677441293468,False
1979-06-16 08:00:00,0.2851729,0.031697232,0.0234766,0.17750878392532468,0.12520194798091128,False
1979-06-16 09:00:00,0.37107942,0.035516515,0.025934922,0.22861890244111416,0.12434870155966853,False
1979-06-16 10:00:00,0.4363014,0.047263056,0.03448698,0.27104827824234956,0.12361116428025389,False
1979-06-16 11:00:00,0.4753043,0.04994081,0.036468852,0.29464806107431646,0.1229233332549937,False
1979-06-16 12:00:00,0.49840498,0.053329654,0.03902617,0.3093657288625836,0.12282335156524565,False
1979-06-16 13:00:00,0.46613732,0.058624577,0.04297177,0.2929141780026257,0.1233079097519723,False
1979-06-16 14:00:00,0.43694276,0.06297308,0.04590738,0.2778320360183716,0.12449043060556064,False
1979-06-16 15:00:00,0.34188414,0.070348285,0.051283903,0.22599499458819627,0.12570356161046628,False
1979-06-16 16:00:00,0.27987567,0.07286191,0.05324769,0.1912496792376041,0.12681933792052025,False
1979-06-16 17:00:00,0.18998504,0.06451088,0.047681477,0.13600068143755195,0.12810633813430874,False
1979-06-16 18:00:00,0.113121636,0.062360037,0.04777231,0.09086174256727099,0.12967648609251453,False
1979-06-16 19:00:00,0.04557983,0.067185506,0.052204855,0.05391007489711046,0.131146646545018,False
1979-06-16 20:00:00,0.0059822365,0.0741802,0.058244478,0.03396944631030783,0.13244809563913604,False
1979-06-16 21:00:00,1.2101567e-06,0.07978096,0.06178487,0.032776255011017726,0.13368404055145383,False
1979-06-16 22:00:00,0.0,0.06431149,0.048177447,0.026332521758973597,0.1348661376831383,False
1979-06-16 23:00:00,0.0,0.07478746,0.0558576,0.030612883172929286,0.1359631351451185,False
1979-06-17 00:00:00,0.0,0.08725357,0.065619014,0.03573999430239201,0.1370156910749297,False
1979-06-17 01:00:00,0.0,0.10972081,0.08294521,0.044966020837426186,0.13797104239653846,False
1979-06-17 02:00:00,0.0,0.13067462,0.10418662,0.05384501042962074,0.13887147388133736,False
1979-06-17 03:00:00,0.00023745003,0.14191715,0.11338514,0.05862723617444863,0.13968806325205652,False
1979-06-17 04:00:00,0.010990413,0.13518745,0.10235,0.06175253603048622,0.14041674916639402,False
1979-06-17 05:00:00,0.04639957,0.12984018,0.096244134,0.07988076222687959,0.1411218655450031,False
1979-06-17 06:00:00,0.096590325,0.14160211,0.10484857,0.1136456205099821,0.14190161168710272,False
1979-06-17 07:00:00,0.13826899,0.14102055,0.10431172,0.1374506248533726,0.1428081310649009,False
1979-06-17 08:00:00,0.20166707,0.15076175,0.111446396,0.17801109194755552,0.14307460338959105,False
1979-06-17 09:00:00,0.28657177,0.15575013,0.11539886,0.22905524669587612,0.14294389170426822,False
1979-06-17 10:00:00,0.33964664,0.16088185,0.12083493,0.2618665977120399,0.14277578562477858,False
1979-06-17 11:00:00,0.40267664,0.17501116,0.13305452,0.30410848402976987,0.1427748509030318,False
1979-06-17 12:00:00,0.4264639,0.19445156,0.14909793,0.32587358392775057,0.14291829625853905,False
1979-06-17 13:00:00,0.42598662,0.21344782,0.16786927,0.3336214661449194,0.14297017817396307,False
1979-06-17 14:00:00,0.38631958,0.21396208,0.16930051,0.3110006307661533,0.14313736168267152,False
1979-06-17 15:00:00,0.30996475,0.20867065,0.16536598,0.26477888980507847,0.14289462552059698,False
1979-06-17 16:00:00,0.23603854,0.20830987,0.16733958,0.22209691588580607,0.14267632308100917,False
1979-06-17 17:00:00,0.16433108,0.20478433,0.1651536,0.17930274546146394,0.14206884340184375,False
1979-06-17 18:00:00,0.095878296,0.18301523,0.14910512,0.13090607174485921,0.14158604183834925,False
1979-06-17 19:00:00,0.039737713,0.15874335,0.12942871,0.0884941075257957,0.14118211460271798,False
1979-06-17 20:00:00,0.0053994884,0.14596279,0.12066722,0.06349180401163175,0.14076304944273962,False
1979-06-17 21:00:00,2.1898072e-06,0.1400534,0.11690934,0.057994074826076485,0.14031657303317863,False
1979-06-17 22:00:00,0.0,0.13107015,0.11016598,0.05431384916603565,0.1398529968466176,False
1979-06-17 23:00:00,0.0,0.12838137,0.10710723,0.05315651647746563,0.139474637069696,False
1979-06-18 00:00:00,0.0,0.119905725,0.0996204,0.049624714270234106,0.13903616808699762,False
1979-06-18 01:00:00,0.0,0.11441316,0.094146095,0.04730234411358833,0.13847455014260804,False
1979-06-18 02:00:00,0.0,0.10377087,0.082956426,0.04277109691500664,0.137680990108129,False
1979-06-18 03:00:00,0.00024946517,0.093271956,0.07342309,0.03852613984158961,0.13666476185499074,False
1979-06-18 04:00:00,0.014518021,0.086916335,0.06719689,0.04407765761576593,0.13553744836286383,False
1979-06-18 05:00:00,0.06571819,0.08714054,0.06509935,0.07358961839228868,0.13452680202533698,False
1979-06-18 06:00:00,0.14413165,0.09216009,0.0677918,0.12083179004490376,0.13382200890520404,False
1979-06-18 07:00:00,0.17917706,0.07309205,0.053284105,0.1332334724664688,0.13350169807172818,False
1979-06-18 08:00:00,0.25012043,0.06590934,0.048047915,0.17123462302982803,0.13364489174778701,False
1979-06-18 09:00:00,0.33108684,0.07227022,0.052684993,0.22054981062561274,0.13431146542018715,False
1979-06-18 10:00:00,0.4057915,0.09022509,0.06608633,0.2710034115985036,0.13497062854004063,False
1979-06-18 11:00:00,0.46132484,0.08655187,0.06317344,0.30153343813866373,0.13572377697200796,False
1979-06-18 12:00:00,0.4834462,0.08058359,0.058745436,0.31185606080293654,0.13580081493493762,False
1979-06-18 13:00:00,0.47083277,0.07167218,0.052249018,0.3009389864206314,0.13536581421652158,False
1979-06-18 14:00:00,0.41940698,0.059203576,0.043273203,0.2661807002387941,0.13443165188861828,False
1979-06-18 15:00:00,0.34211943,0.044356212,0.03233568,0.2155164774879813,0.13322404474599103,False
1979-06-18 16:00:00,0.2571013,0.03365414,0.02453387,0.16209065463766453,0.13202954274370307,False
1979-06-18 17:00:00,0.17732967,0.025729332,0.01875668,0.11282620638981461,0.13076205865991194,False
1979-06-18 18:00:00,0.109014146,0.020991152,0.015302553,0.07147323525696993,0.12951345662314687,False
1979-06-18 19:00:00,0.04387276,0.02076658,0.0151388375,0.03379494721814989,0.12828140027431975,False
1979-06-18 20:00:00,0.006030153,0.022183973,0.016172115,0.012538578651379794,0.1270510165691466,False
1979-06-18 21:00:00,2.7660726e-06,0.025768556,0.018785277,0.010524598056087598,0.12583285476580622,False
1979-06-18 22:00:00,0.0,0.02000963,0.014587022,0.008171252466738225,0.12465140522038827,False
1979-06-18 23:00:00,0.0,0.023386288,0.017348733,0.009566372003406286,0.12354493954316685,False
1979-06-19 00:00:00,0.0,0.021492518,0.015770253,0.008782332971692087,0.1224607604472575,False
1979-06-19 01:00:00,0.0,0.016835729,0.012273246,0.0068751391824334864,0.12144622851215797,False
1979-06-19 02:00:00,0.0,0.012405671,0.009043734,0.005066054278984666,0.1204726868212191,False
1979-06-19 03:00:00,0.00024361604,0.010714952,0.007811201,0.004516188552355744,0.11958897167193107,False
1979-06-19 04:00:00,0.015338045,0.010753736,0.007839473,0.013241511829197404,0.11879402426424913,False
1979-06-19 05:00:00,0.070812516,0.0127137685,0.009268337,0.046050692460499705,0.11809823919085727,False
1979-06-19 06:00:00,0.15914506,0.015779968,0.011503596,0.09827070050314067,0.11763453968695485,False
1979-06-19 07:00:00,0.23701495,0.018528221,0.013507073,0.14432392130419613,0.11751984371996045,False
1979-06-19 08:00:00,0.34868535,0.021586467,0.015736533,0.2100066282227635,0.11826023521844538,False
1979-06-19 09:00:00,0.4356832,0.022788076,0.016612507,0.2606950764488429,0.1198457423956984,False
1979-06-19 10:00:00,0.4993913,0.024166923,0.017617684,0.2980177224464714,0.12187415615292428,False
1979-06-19 11:00:00,0.5176732,0.02230566,0.016260825,0.30780630625039335,0.12375240855708414,False
1979-06-19 12:00:00,0.5148503,0.019406404,0.014147269,0.3049935494437813,0.1251111834314047,False
1979-06-19 13:00:00,0.48789576,0.017792428,0.01297068,0.2887816744055599,0.1260484619565518,False
1979-06-19 14:00:00,0.42770714,0.015301153,0.01115454,0.2530354879200459,0.12648280997902006,False
1979-06-19 15:00:00,0.34970537,0.013866963,0.010109017,0.20744279369525606,0.12676812099655474,False
1979-06-19 16:00:00,0.2723226,0.010107459,0.0073683383,0.16125767986383288,0.12733443529715457,False
1979-06-19 17:00:00,0.20221075,0.006597617,0.004809663,0.11936984769674017,0.1278475424105395,False
1979-06-19 18:00:00,0.1212702,0.0043942453,0.0032034048,0.07176736700115725,0.12821519704253068,False
1979-06-19 19:00:00,0.048634555,0.0033635302,0.002452013,0.02943568967748433,0.12837660053871772,False
1979-06-19 20:00:00,0.006553459,0.0030332878,0.002211267,0.005020037451293319,0.12835529274955007,False
1979-06-19 21:00:00,2.9965786e-06,0.0031412204,0.0022899497,0.0012844966460152135,0.1281974384544375,False
1979-06-19 22:00:00,0.0,0.002947103,0.002148438,0.0012034966594073923,0.1279920387492261,False
1979-06-19 23:00:00,0.0,0.0027326464,0.001992099,0.0011159198738168925,0.12783187821488032,False
1979-06-20 00:00:00,0.0,0.0022704666,0.0016551702,0.0009271813854575157,0.1276402579790651,False
1979-06-20 01:00:00,0.0,0.0014015441,0.0010217256,0.0005723429485224188,0.1274646473878224,False
1979-06-20 02:00:00,0.0,0.0008638568,0.0006297516,0.00035276974918087945,0.12732777987529922,False
1979-06-20 03:00:00,0.00024701605,0.0005537582,0.0004036897,0.00036866427285713147,0.1272269558684297,False
1979-06-20 04:00:00,0.018266365,0.00034351912,0.00025042542,0.0106799740929564,0.12714056955698935,False
1979-06-20 05:00:00,0.088713564,0.00035339815,0.00025762725,0.05133204220497282,0.12708842202954818,False
1979-06-20 06:00:00,0.19960432,0.00037880824,0.0002761512,0.11532638362917348,0.1272057169126102,False
1979-06-20 07:00:00,0.2915499,0.0013418775,0.0009782288,0.168772264393745,0.127599895505751,False
1979-06-20 08:00:00,0.42661604,0.0028932644,0.0021091898,0.24733896753797308,0.12850716562436942,False
1979-06-20 09:00:00,0.54586315,0.007225461,0.0052673607,0.31791367097245526,0.1298104654749063,False
1979-06-20 10:00:00,0.62125933,0.0065943114,0.0048072534,0.3611595269981771,0.13160115849530588,False
1979-06-20 11:00:00,0.6299349,0.008037375,0.0058592465,0.3667546321060508,0.13358900279152275,False
1979-06-20 12:00:00,0.61249024,0.008420298,0.006138398,0.35684543000999835,0.13547256034669145,False
1979-06-20 13:00:00,0.5512127,0.009153425,0.006672846,0.3217876914991066,0.13705414203729238,False
1979-06-20 14:00:00,0.4781182,0.009798615,0.0071431906,0.27987562908045943,0.1383389595690458,False
1979-06-20 15:00:00,0.41337514,0.010241079,0.0074657477,0.24269956391677258,0.13979175196585353,False
1979-06-20 16:00:00,0.31796435,0.007969245,0.005809581,0.18671979608014225,0.140983643007302,False
1979-06-20 17:00:00,0.22332107,0.003960599,0.0028872767,0.13047362872539087,0.14188401768051195,False
1979-06-20 18:00:00,0.13522942,0.0029219515,0.0021301026,0.07922060307394713,0.1423768854311224,False
1979-06-20 19:00:00,0.054982692,0.0025642684,0.001869352,0.03277217333810404,0.14264104839751215,False
1979-06-20 20:00:00,0.0070278407,0.002219843,0.0016182655,0.00496157248597592,0.14277245286383775,False
1979-06-20 21:00:00,3.6016568e-06,0.0016243616,0.0011841595,0.0006654122059403562,0.1428330017816356,False
1979-06-20 22:00:00,0.0,0.0011841016,0.00086321,0.0004835468181408942,0.14290449717202372,False
1979-06-20 23:00:00,0.0,0.00090262335,0.0006580124,0.0003686006842763163,0.14297528867207673,False
1979-06-21 00:00:00,0.0,0.00086448085,0.0006302066,0.00035302459204103795,0.14306474619176388,False
1979-06-21 01:00:00,0.0,0.00074809993,0.0005453649,0.00030549858132144435,0.1431539074474518,False
1979-06-21 02:00:00,0.0,0.0005546543,0.00040434295,0.00022650194924790412,0.1432704219737885,False
1979-06-21 03:00:00,0.00022733658,0.0005839673,0.00042571218,0.00036964560321939646,0.14339758509204564,False
1979-06-21 04:00:00,0.01808631,0.00074107386,0.0005402428,0.010738430512021295,0.14351707947023282,False
1979-06-21 05:00:00,0.08878409,0.001107894,0.0008076547,0.05168084684747736,0.14361891512627387,False
1979-06-21 06:00:00,0.20228109,0.0011633814,0.0008481051,0.11719127297389785,0.1436147055030129,False
1979-06-21 07:00:00,0.32438087,0.0017266921,0.0012587585,0.1878728869978804,0.1433888703339428,False
1979-06-21 08:00:00,0.47033918,0.0028878867,0.0021052693,0.2725650210485328,0.1433052229217191,False
1979-06-21 09:00:00,0.5976038,0.0044836006,0.0032685446,0.3466483414280228,0.1428294862588475,False
1979-06-21 10:00:00,0.6787812,0.004352688,0.003173109,0.393434248664882,0.14212924073062752,False
1979-06-21 11:00:00,0.6865648,0.005066968,0.0036938202,0.3982170688984915,0.14098716377028955,False
1979-06-21 12:00:00,0.65591455,0.0059916303,0.0043678987,0.3809094705926255,0.13992848794407284,False
1979-06-21 13:00:00,0.6023343,0.007116197,0.005187708,0.3504529159297235,0.1388204714421353,False
1979-06-21 14:00:00,0.55330527,0.008601067,0.006270177,0.32276952296681705,0.13800098259018032,False
1979-06-21 15:00:00,0.45147377,0.010170281,0.0074141347,0.2646535636847839,0.13752971564035935,False
1979-06-21 16:00:00,0.34746948,0.009760301,0.0071152584,0.2044756641779095,0.13722061278062325,False
1979-06-21 17:00:00,0.24144548,0.009093452,0.006629127,0.14302749972604212,0.13707550972487229,False
1979-06-21 18:00:00,0.13982446,0.0092281755,0.00672734,0.08444718938786536,0.1370651793379565,False
1979-06-21 19:00:00,0.055147212,0.009606977,0.0070034857,0.0357431040611118,0.13700405173624125,False
1979-06-21 20:00:00,0.006473676,0.010263035,0.007481752,0.007926385505590588,0.13700077923036644,False
1979-06-21 21:00:00,3.3423375e-06,0.011544416,0.008415879,0.004716275384645087,0.13712079558651077,False
1979-06-21 22:00:00,0.0,0.01126805,0.0082144085,0.004601488661952317,0.13727439595529797,False
1979-06-21 23:00:00,0.0,0.013247628,0.009657522,0.0054098808187991385,0.13741593179532433,False
1979-06-22 00:00:00,0.0,0.012750625,0.0092952065,0.005206921658478677,0.13757916945693144,False
1979-06-22 01:00:00,0.0,0.01509685,0.011005605,0.00616504021268338,0.13772611670291082,False
1979-06-22 02:00:00,0.0,0.015810816,0.011526083,0.006456599425524473,0.13784802880924038,False
1979-06-22 03:00:00,0.00022203496,0.014634618,0.010668636,0.006104394425841747,0.13794770505696288,False
1979-06-22 04:00:00,0.016916262,0.014221072,0.0103671625,0.015568085582926869,0.13803425204359926,False
1979-06-22 05:00:00,0.076413445,0.017238023,0.012566519,0.05112998028844594,0.13806433026913797,False
1979-06-22 06:00:00,0.16900517,0.017068787,0.012443147,0.10448629551380871,0.13785012873054966,False
1979-06-22 07:00:00,0.27407873,0.016195675,0.011806649,0.16475718860700725,0.13717316085954537,False
1979-06-22 08:00:00,0.37552628,0.019161597,0.013968803,0.2245036077201366,0.13601187929038783,False
1979-06-22 09:00:00,0.4750606,0.02495779,0.018194228,0.2843018856178969,0.13434940478210453,False
1979-06-22 10:00:00,0.51209617,0.026594635,0.01938749,0.3063398329019546,0.13233120215286587,False
1979-06-22 11:00:00,0.52786994,0.027811417,0.020274522,0.3159381924476475,0.1302093303449672,False
1979-06-22 12:00:00,0.5049914,0.030072516,0.021922866,0.30366063791699704,0.1284709398086056,False
1979-06-22 13:00:00,0.46511376,0.034482762,0.025137933,0.2824522266052663,0.12742593552731019,False
1979-06-22 14:00:00,0.41925934,0.037569672,0.02738829,0.2572548154890537,0.1267727469089324,False
1979-06-22 15:00:00,0.36682385,0.039683186,0.028929047,0.22786262664943932,0.1263252427581008,False
1979-06-22 16:00:00,0.2841552,0.038684182,0.028200772,0.17975484940409658,0.12595484971829662,False
1979-06-22 17:00:00,0.19929816,0.03668947,0.026746627,0.1299777701534331,0.12583535263543105,False
1979-06-22 18:00:00,0.112548776,0.027783494,0.020254167,0.07628647819161415,0.12575009758183822,False
1979-06-22 19:00:00,0.04156934,0.021131983,0.015405214,0.03261509305611253,0.12571491951005778,False
1979-06-22 20:00:00,0.0055036196,0.018480405,0.013472214,0.010722357580903917,0.12573890641849034,False
1979-06-22 21:00:00,4.2067354e-06,0.019677943,0.014345218,0.008038229907726874,0.1257666554124763,False
1979-06-22 22:00:00,0.0,0.017820453,0.012991109,0.007277267139405012,0.12582287794360267,False
1979-06-22 23:00:00,0.0,0.020089842,0.014645493,0.00820400844141841,0.1258888484527411,False
1979-06-23 00:00:00,0.0,0.018136898,0.013221797,0.007406492399051785,0.12594004805097894,False
1979-06-23 01:00:00,0.0,0.015077846,0.010991749,0.006157279685139656,0.1260073984909973,False
1979-06-23 02:00:00,0.0,0.012270762,0.008945385,0.005010961839929223,0.12608363475176113,False
1979-06-23 03:00:00,0.0001941149,0.0108037805,0.007875957,0.004523900961765321,0.1261697889572529,False
1979-06-23 04:00:00,0.013583115,0.010639299,0.007756048,0.012182185337878763,0.12627252075607961,False
1979-06-23 05:00:00,0.06532273,0.009079991,0.006619313,0.04139917299523949,0.1263814604130092,False
1979-06-23 06:00:00,0.1427154,0.0057547214,0.004195192,0.08469681516569107,0.12663098012157556,False
1979-06-23 07:00:00,0.22673082,0.0032022414,0.002334434,0.13213137167831884,0.12713182772391626,False
1979-06-23 08:00:00,0.33274674,0.0018889263,0.0013770275,0.19276624465093484,0.1279550827682468,False
1979-06-23 09:00:00,0.43210176,0.0011066098,0.0008067184,0.24977461522456723,0.12920639544397744,False
1979-06-23 10:00:00,0.5046315,0.0010089362,0.00073551445,0.29158440188574597,0.13057908817895064,False
1979-06-23 11:00:00,0.54516226,0.0005281998,0.0003850576,0.31477432315313486,0.13219567001628688,False
1979-06-23 12:00:00,0.5729295,0.00041370414,0.00030159033,0.33074926509044594,0.13381687043302845,False
1979-06-23 13:00:00,0.5523236,0.0010019363,0.0007304116,0.319099862247589,0.13571495880437082,False
1979-06-23 14:00:00,0.5199888,0.0030751836,0.0022418085,0.30128932372690176,0.13752533118064203,False
1979-06-23 15:00:00,0.4237577,0.0057950555,0.0042245956,0.246874697774183,0.13922522914466137,False
1979-06-23 16:00:00,0.33944672,0.007050158,0.005139564,0.19873980420036239,0.14035594398336484,False
1979-06-23 17:00:00,0.23573801,0.0071367985,0.005202726,0.13893525715358554,0.14117994060656675,False
1979-06-23 18:00:00,0.1377925,0.007964352,0.0058060135,0.0827586419424042,0.1418361909102555,False
1979-06-23 19:00:00,0.057053156,0.009733437,0.0070956745,0.036894475665874775,0.14233437048382122,False
1979-06-23 20:00:00,0.0068488237,0.012994632,0.009473086,0.009258337216917425,0.14279610283123947,False
1979-06-23 21:00:00,4.4660546e-06,0.018151315,0.01323231,0.007414956878709745,0.1432250609861341,False
1979-06-23 22:00:00,0.0,0.01902233,0.0138672795,0.007768073100596667,0.14369885503818214,False
1979-06-23 23:00:00,0.0,0.019265711,0.014044705,0.007867461534217,0.14428666633149542,False
1979-06-24 00:00:00,0.0,0.020667104,0.015066322,0.008439742779359221,0.14491367167924463,False
1979-06-24 01:00:00,0.0,0.024057783,0.017538125,0.009824380729347468,0.14559088031485143,False
1979-06-24 02:00:00,0.0,0.02593752,0.018908452,0.010592001289129257,0.14629312967698488,False
1979-06-24 03:00:00,0.00014784081,0.026814712,0.019547923,0.011035520769524737,0.14702266474176132,False
1979-06-24 04:00:00,0.015539045,0.028971951,0.021120552,0.020797189115546642,0.14776328810882064,False
1979-06-24 05:00:00,0.08173338,0.039050177,0.028467573,0.06310692629963159,0.14856039838189652,False
1979-06-24 06:00:00,0.18382332,0.054969292,0.040319584,0.12852698042616245,0.14955095405643268,False
1979-06-24 07:00:00,0.30692008,0.06653079,0.048716363,0.2042734307348728,0.15092466065917634,False
1979-06-24 08:00:00,0.43961352,0.07567971,0.05525557,0.2845666161552071,0.15280022649659508,False
1979-06-24 09:00:00,0.5446788,0.0879129,0.06428897,0.3501911368966102,0.1547715657589743,False
1979-06-24 10:00:00,0.6154359,0.07059659,0.051464923,0.3839357610940933,0.15673319755909754,False
1979-06-24 11:00:00,0.6291773,0.07522792,0.054841157,0.39375581245124336,0.1586955661201543,False
1979-06-24 12:00:00,0.6265238,0.081457935,0.059382837,0.39476887974143027,0.16060217375448768,False
1979-06-24 13:00:00,0.5740858,0.09330505,0.068019375,0.36935010066628454,0.161593246064295,False
1979-06-24 14:00:00,0.517873,0.098040424,0.071486786,0.3388499177619815,0.1623218598901228,False
1979-06-24 15:00:00,0.42842084,0.085499324,0.06275672,0.28213693890720604,0.16250588511173863,False
1979-06-24 16:00:00,0.3224603,0.08138176,0.0595783,0.2193066873177886,0.16291001406959857,False
1979-06-24 17:00:00,0.22758734,0.073813975,0.054120954,0.161477784730494,0.16321624846179056,False
1979-06-24 18:00:00,0.12819855,0.06422257,0.046859402,0.10019909772276878,0.16351054642101923,False
1979-06-24 19:00:00,0.0486938,0.06532762,0.047704287,0.05477824573218822,0.16373065270711296,False
1979-06-24 20:00:00,0.0059264544,0.068021685,0.051718205,0.03131234901584685,0.16382390184852622,False
1979-06-24 21:00:00,3.947416e-06,0.07462872,0.06000129,0.030780344406031872,0.1639260607182981,False
1979-06-24 22:00:00,0.0,0.085771926,0.071154974,0.035492209218442435,0.16400231903422824,False
1979-06-24 23:00:00,0.0,0.09208733,0.08000076,0.03830026513338089,0.16415879205618253,False
1979-06-25 00:00:00,0.0,0.09577386,0.08466578,0.03991250690817833,0.1643728210042856,False
1979-06-25 01:00:00,0.0,0.095600456,0.08497557,0.03986524906754493,0.16459952291012012,False
1979-06-25 02:00:00,0.0,0.096118495,0.08446149,0.04002864494919777,0.16480688986814782,False
1979-06-25 03:00:00,0.00013040878,0.09608461,0.08413622,0.040073822580612616,0.16499809054685025,False
1979-06-25 04:00:00,0.014645691,0.100968376,0.087696,0.050443478445522494,0.1651528507132842,False
1979-06-25 05:00:00,0.076703586,0.107473105,0.093153715,0.08894584537297487,0.16526717709140135,False
1979-06-25 06:00:00,0.1678516,0.12951858,0.110963024,0.1506347320973873,0.16522226654974337,False
1979-06-25 07:00:00,0.25883317,0.1756252,0.14826097,0.22215853187441825,0.16498123457767283,False
1979-06-25 08:00:00,0.3734014,0.17330375,0.14794138,0.28739052924513814,0.16460216296087232,False
1979-06-25 09:00:00,0.46773225,0.17847602,0.15173669,0.3439329416304826,0.1640053967532723,False
1979-06-25 10:00:00,0.5403952,0.17854227,0.14977711,0.385778092816472,0.16350494080862862,False
1979-06-25 11:00:00,0.5726168,0.18359539,0.15083127,0.40629148960113526,0.16314496184081673,False
1979-06-25 12:00:00,0.5271692,0.17947245,0.14664368,0.3783207359611988,0.16241658356494174,False
1979-06-25 13:00:00,0.49868888,0.16059174,0.13095358,0.3540733258873224,0.16096794186217614,False
1979-06-25 14:00:00,0.43676317,0.14068764,0.114749,0.31012253436446185,0.15951993654555233,False
1979-06-25 15:00:00,0.37664917,0.11845259,0.0969872,0.26627288775146,0.1581179652123578,False
1979-06-25 16:00:00,0.30696115,0.088037565,0.07104834,0.21343905502557753,0.1569674949548539,False
1979-06-25 17:00:00,0.22359376,0.05854127,0.0453006,0.1530615591965616,0.15615927800099036,False
1979-06-25 18:00:00,0.13467035,0.038166195,0.028437546,0.0933237436749041,0.15545680113565002,False
1979-06-25 19:00:00,0.052850794,0.026631812,0.019414589,0.041370434453710914,0.15496661621455782,False
1979-06-25 20:00:00,0.0062508048,0.02584752,0.018842842,0.014161962965968996,0.15449084842078367,False
1979-06-25 21:00:00,3.8897897e-06,0.027113356,0.019783026,0.011075356043355897,0.1539407826325179,False
1979-06-25 22:00:00,0.0,0.037344415,0.027753502,0.015278778154402971,0.1533284571890466,False
1979-06-25 23:00:00,0.0,0.044256724,0.033520736,0.018140851043164728,0.15261809433729592,False
1979-06-26 00:00:00,0.0,0.046877466,0.037474986,0.019321434259414672,0.15186556869699358,False
1979-06-26 01:00:00,0.0,0.04800441,0.03822902,0.019777994714677335,0.15110175756429758,False
1979-06-26 02:00:00,0.0,0.048153497,0.037055433,0.01976963386684656,0.1503480648281469,False
1979-06-26 03:00:00,0.00015541869,0.04490629,0.033405773,0.018464008758353887,0.14959227288293855,False
1979-06-26 04:00:00,0.014728326,0.043392338,0.032867376,0.026284855265170333,0.1488272224361178,False
1979-06-26 05:00:00,0.07536358,0.04262976,0.032149173,0.06095122030004859,0.14800967553096359,False
1979-06-26 06:00:00,0.17277609,0.042141113,0.031769853,0.1169574457667768,0.14707527762427772,False
1979-06-26 07:00:00,0.29093832,0.044531222,0.032862272,0.18607799312844872,0.14593512337761,False
1979-06-26 08:00:00,0.41380093,0.042017955,0.030631091,0.25592183819040654,0.14479028596105675,False
1979-06-26 09:00:00,0.53601164,0.041361272,0.03015237,0.32616925155371423,0.14386221244740532,False
1979-06-26 10:00:00,0.6088019,0.037598573,0.02785556,0.36665677063912155,0.14306929594623158,False
1979-06-26 11:00:00,0.59438956,0.0387048,0.028681641,0.3587936552092433,0.14202308369116937,False
1979-06-26 12:00:00,0.53719354,0.037323017,0.027800262,0.32523407800868154,0.1406747024625408,False
1979-06-26 13:00:00,0.49527946,0.03437937,0.025622383,0.2998458454683423,0.1399585430110595,False
1979-06-26 14:00:00,0.45185122,0.02651354,0.019511934,0.27155529376864435,0.13932576045498174,False
1979-06-26 15:00:00,0.38009226,0.018613525,0.01356926,0.22691436654701827,0.13897978508988007,False
1979-06-26 16:00:00,0.30397314,0.012537216,0.009139631,0.18051227353233842,0.13865869307924916,False
1979-06-26 17:00:00,0.21512212,0.008897491,0.0064862715,0.12775889519415798,0.13834648371871483,False
1979-06-26 18:00:00,0.12798266,0.0069159186,0.0050417054,0.07667022151034324,0.1380444483509,False
1979-06-26 19:00:00,0.05167971,0.0051968037,0.0037884696,0.03194139163102955,0.13789266209606468,False
1979-06-26 20:00:00,0.0059028273,0.0036811582,0.0026835646,0.004909191179089248,0.13787016972623378,False
1979-06-26 21:00:00,4.523681e-06,0.0033942908,0.002474438,0.0013887231194094057,0.137838583339951,False
1979-06-26 22:00:00,0.0,0.0034155448,0.0024899319,0.0013947923344094304,0.13775489795556442,False
1979-06-26 23:00:00,0.0,0.005335984,0.0038899328,0.0021790343988686797,0.1376405452683024,False
1979-06-27 00:00:00,0.0,0.0079575,0.0058010165,0.0032495725387707355,0.13747152336488164,False
1979-06-27 01:00:00,0.0,0.009031109,0.006583679,0.003687997732311487,0.13727035842183197,False
1979-06-27 02:00:00,0.0,0.009184485,0.006695491,0.0037506315791979434,0.13705315022658707,False
1979-06-27 03:00:00,0.00014325952,0.008004438,0.0058352356,0.003351401133215404,0.13683148429425582,False
1979-06-27 04:00:00,0.013551536,0.008281764,0.006037406,0.011201226998120544,0.13662750785221253,False
1979-06-27 05:00:00,0.070298664,0.008650124,0.0063059404,0.04409474585205316,0.13639205073929686,False
1979-06-27 06:00:00,0.1585158,0.010881694,0.007932756,0.09590732825733721,0.135972990851458,False
1979-06-27 07:00:00,0.2808739,0.012591887,0.009179486,0.1672063358798623,0.13523853384268456,False
1979-06-27 08:00:00,0.41088828,0.014106122,0.010283361,0.24284300058986988,0.13411010172250742,False
1979-06-27 09:00:00,0.5187391,0.016065212,0.011711541,0.30587294957414274,0.13281309652465922,False
1979-06-27 10:00:00,0.5730195,0.01206675,0.008796662,0.3355599045734852,0.1313086004556551,False
1979-06-27 11:00:00,0.58254457,0.013323775,0.009713031,0.34156919062696395,0.12997763698212086,False
1979-06-27 12:00:00,0.58395135,0.0171541,0.012505339,0.343945082290098,0.12939106351220267,False
1979-06-27 13:00:00,0.54440206,0.023458792,0.017101457,0.32369976319558913,0.1296276733169571,False
1979-06-27 14:00:00,0.4882305,0.028912105,0.02107692,0.2935157168395817,0.12998687034664583,False
1979-06-27 15:00:00,0.41161987,0.03270548,0.02384229,0.2508604712411761,0.1304980076021909,False
1979-06-27 16:00:00,0.31826183,0.036281005,0.026448851,0.1984530057199299,0.13111348187168345,False
1979-06-27 17:00:00,0.21506813,0.035432797,0.02583051,0.13856386154145,0.1314861616980019,False
1979-06-27 18:00:00,0.12781484,0.030092707,0.021937583,0.08603800344280899,0.13185132584456646,False
1979-06-27 19:00:00,0.051513027,0.025878217,0.018865218,0.040290800701826814,0.13224322313506529,False
1979-06-27 20:00:00,0.006939528,0.021161675,0.015426861,0.01264581642439589,0.13261353189944117,False
1979-06-27 21:00:00,4.0050427e-06,0.017278977,0.012596375,0.007058457592799642,0.13298243590870856,False
1979-06-27 22:00:00,0.0,0.023973223,0.01747648,0.009789849165827036,0.13338125727432618,False
1979-06-27 23:00:00,0.0,0.024555912,0.01790126,0.010027799678966403,0.13387794577194273,False
1979-06-28 00:00:00,0.0,0.02366876,0.017254526,0.009665516993030907,0.13443332555998477,False
1979-06-28 01:00:00,0.0,0.022901028,0.01669485,0.00935200134292245,0.13506306466458026,False
1979-06-28 02:00:00,0.0,0.022356585,0.016297951,0.009129669114947319,0.13576110830831004,False
1979-06-28 03:00:00,0.00016924905,0.020999502,0.015308638,0.00867313954027486,0.1365270844544646,False
1979-06-28 04:00:00,0.011839799,0.019960893,0.014551489,0.014982913845218717,0.13733957061544497,False
1979-06-28 05:00:00,0.05860019,0.017200343,0.0125390515,0.04083634568378329,0.13817991206653776,False
1979-06-28 06:00:00,0.13210763,0.013412984,0.009778065,0.08170350934565067,0.13902804607756794,False
1979-06-28 07:00:00,0.21980342,0.01245617,0.009080549,0.131913251359947,0.1399129176403168,False
1979-06-28 08:00:00,0.3230888,0.017737407,0.012930569,0.1936655886936933,0.14036093492257304,False
1979-06-28 09:00:00,0.42225274,0.025255792,0.018411472,0.2539534402415156,0.1406582293177921,False
1979-06-28 10:00:00,0.5019629,0.03217195,0.023453353,0.3027705239094794,0.14074277183867961,False
1979-06-28 11:00:00,0.5480673,0.035270598,0.025712265,0.33063812865316866,0.14046773308585833,False
1979-06-28 12:00:00,0.55477566,0.040352188,0.029552558,0.3365913486368954,0.14002020716617164,False
1979-06-28 13:00:00,0.51686174,0.04606752,0.03442899,0.31708730289340015,0.1395330822776736,False
1979-06-28 14:00:00,0.47740576,0.05033413,0.03802716,0.29608988203480835,0.1394465704116005,False
1979-06-28 15:00:00,0.40956616,0.04905369,0.037715606,0.25645713148266075,0.13949288335245072,False
1979-06-28 16:00:00,0.31011695,0.047325853,0.0370405,0.19840090519562362,0.13975278689281986,False
1979-06-28 17:00:00,0.22105242,0.043063436,0.03424293,0.1452867742292583,0.14025017417125685,False
1979-06-28 18:00:00,0.13534744,0.042191092,0.0336538,0.09548129145428537,0.1410107027177044,False
1979-06-28 19:00:00,0.055742495,0.04264879,0.03361833,0.04971621232107281,0.1416759111777302,False
1979-06-28 20:00:00,0.007142489,0.044915628,0.03558335,0.02261658362392336,0.14231491345765196,False
1979-06-28 21:00:00,1.9881147e-06,0.049862843,0.039474305,0.020532148669054773,0.14299818754816515,False
1979-06-28 22:00:00,0.0,0.061554056,0.046710994,0.02523584022000432,0.14373490972428657,False
1979-06-28 23:00:00,0.0,0.07032607,0.05346195,0.02883726422488689,0.14439056910255996,False
1979-06-29 00:00:00,0.0,0.08150317,0.06300705,0.03347704955935478,0.14507683798526952,False
1979-06-29 01:00:00,0.0,0.090315446,0.071623944,0.03719409263134003,0.1458210370296899,False
1979-06-29 02:00:00,0.0,0.09796638,0.08088689,0.04051748659461737,0.146674026435782,False
1979-06-29 03:00:00,0.00013657482,0.10234425,0.08346119,0.04235073686027317,0.1476080793445751,False
1979-06-29 04:00:00,0.013464953,0.106181264,0.084952824,0.05153761665057391,0.14854965837554396,False
1979-06-29 05:00:00,0.071051784,0.10629018,0.08494859,0.08480517838150263,0.14948595914373106,False
1979-06-29 06:00:00,0.1625272,0.108400345,0.08524518,0.13838116326928138,0.15045796155103416,False
1979-06-29 07:00:00,0.24744375,0.11177105,0.08690009,0.1887111654281616,0.1517109630056309,False
1979-06-29 08:00:00,0.36713135,0.11025039,0.08511013,0.2571131315603852,0.15295994240203106,False
1979-06-29 09:00:00,0.4519863,0.11974053,0.09167837,0.30993099057674406,0.15431223352810688,False
1979-06-29 10:00:00,0.47716236,0.11469557,0.08727215,0.3223580444380641,0.15568981513363941,False
1979-06-29 11:00:00,0.473102,0.1150559,0.086156756,0.32008794648200267,0.15692878010006012,False
1979-06-29 12:00:00,0.47288793,0.11651486,0.08727345,0.3205630876421928,0.15875390560776007,False
1979-06-29 13:00:00,0.4671819,0.12178821,0.09339616,0.31954719362407924,0.16046832917815396,False
1979-06-29 14:00:00,0.42073545,0.12890826,0.10013399,0.2957387380003929,0.16232769379452813,False
1979-06-29 15:00:00,0.36332723,0.13057333,0.10211976,0.263335841178894,0.16412921108078843,False
1979-06-29 16:00:00,0.29361373,0.12825581,0.10344586,0.2223275950849056,0.16584407201074072,False
1979-06-29 17:00:00,0.21640274,0.12131589,0.10072756,0.17506923177093267,0.1675224585694417,False
1979-06-29 18:00:00,0.12394705,0.11190775,0.09549266,0.11796800952404736,0.16887806051665308,False
1979-06-29 19:00:00,0.04676371,0.10591574,0.0906915,0.07096291013807057,0.16974450279103293,False
1979-06-29 20:00:00,0.0053996043,0.101754785,0.0885164,0.045442972769029435,0.17044545266170374,False
1979-06-29 21:00:00,1.0949036e-06,0.10196339,0.08881478,0.04242112204662703,0.17114909816840285,False
1979-06-29 22:00:00,0.0,0.09974823,0.082488924,0.04126149932295084,0.17182608990971962,False
1979-06-29 23:00:00,0.0,0.10378798,0.08649891,0.04296870604902506,0.1724403940296735,False
1979-06-30 00:00:00,0.0,0.10953627,0.09200349,0.04538707112520933,0.1729769271199595,False
1979-06-30 01:00:00,0.0,0.121155985,0.10349879,0.05029549283534289,0.17344708419563282,False
1979-06-30 02:00:00,0.0,0.12950535,0.114383966,0.053964208737015726,0.17383541540587355,False
1979-06-30 03:00:00,0.00010358366,0.12891641,0.115537204,0.053868933026780724,0.17415792519431594,False
1979-06-30 04:00:00,0.010460652,0.12944758,0.11339625,0.0599253507182002,0.17442938693773172,False
1979-06-30 05:00:00,0.056822702,0.13175668,0.112732366,0.08749246123433112,0.1746393871963111,False
1979-06-30 06:00:00,0.13499598,0.15465501,0.12754072,0.14184757916629315,0.17477711974859797,False
1979-06-30 07:00:00,0.21181637,0.16861089,0.13757037,0.19186426238715648,0.17477068942691446,False
1979-06-30 08:00:00,0.32144096,0.17700395,0.14425312,0.2585755627453327,0.1748809893360914,False
1979-06-30 09:00:00,0.41758657,0.19130586,0.15811197,0.3200773573070764,0.17492726496094155,False
1979-06-30 10:00:00,0.4890354,0.19309454,0.16325063,0.3622408422976732,0.17522260260876207,False
1979-06-30 11:00:00,0.57409126,0.20963845,0.17846133,0.4182441530227661,0.1763972561828103,False
1979-06-30 12:00:00,0.5586322,0.23266557,0.19813535,0.41888368001580234,0.17803091807585147,False
1979-06-30 13:00:00,0.5289341,0.24382931,0.20682965,0.4063368044793605,0.17974427416283575,False
1979-06-30 14:00:00,0.48144832,0.25257277,0.21421622,0.3825627117753029,0.18128565099865757,False
1979-06-30 15:00:00,0.41247123,0.24283515,0.20682192,0.33877045612037177,0.18265045305992725,False
1979-06-30 16:00:00,0.3236768,0.22192203,0.19097634,0.2789634600132704,0.1837221826482496,False
1979-06-30 17:00:00,0.2321618,0.18330073,0.16222844,0.2103556676954031,0.18452350112733062,False
1979-06-30 18:00:00,0.13002528,0.14831865,0.13548799,0.13707052062451838,0.1850247596432387,False
1979-06-30 19:00:00,0.04845113,0.13202971,0.12382483,0.0833618061132729,0.18541067450648116,False
1979-06-30 20:00:00,0.005756974,0.12621944,0.12027448,0.05639156794548035,0.18568981372385848,False
1979-06-30 21:00:00,2.3050604e-06,0.12607981,0.120425396,0.05302775225225992,0.18590335674300926,False
1979-06-30 22:00:00,0.0,0.13018672,0.123769216,0.054722437977790826,0.18606511343985846,False
1979-06-30 23:00:00,0.0,0.12984538,0.123664945,0.054590852558612825,0.18627053188130313,False
1979-07-01 00:00:00,0.0,0.13341272,0.12620918,0.05604458919167519,0.18641988467907586,False
1979-07-01 01:00:00,0.0,0.13297361,0.12530978,0.05583399072289467,0.18651031914183921,False
1979-07-01 02:00:00,0.0,0.13339789,0.12544693,0.05599795643985271,0.18648004209965519,False
1979-07-01 03:00:00,9.753287e-05,0.13177608,0.1240602,0.055380900544230824,0.18632838973233526,False
1979-07-01 04:00:00,0.011288773,0.13120964,0.12384535,0.06161762906238437,0.18610419605301562,False
1979-07-01 05:00:00,0.060472164,0.13469952,0.12629218,0.09141634089127182,0.18583001222331255,False
1979-07-01 06:00:00,0.1342542,0.1446154,0.13416207,0.13807250782847402,0.18558668473605244,False
1979-07-01 07:00:00,0.22159587,0.15812054,0.14441231,0.19400556106865405,0.18524403070466147,False
1979-07-01 08:00:00,0.32520115,0.17166391,0.1546169,0.2593343615531921,0.18503033093357013,False
1979-07-01 09:00:00,0.43095827,0.18083689,0.16139749,0.32410719767212864,0.1847594187428261,False
1979-07-01 10:00:00,0.5186112,0.19071971,0.16902195,0.3787414159923792,0.1841044086743474,False
1979-07-01 11:00:00,0.54447913,0.20256035,0.17767572,0.3985037173479795,0.1829505144602326,False
1979-07-01 12:00:00,0.5429118,0.2152383,0.18742818,0.4028041798174381,0.18069483840614733,False
1979-07-01 13:00:00,0.5168187,0.22928539,0.19856633,0.3935332817435265,0.1780598096724307,False
1979-07-01 14:00:00,0.4548058,0.23778483,0.20525356,0.3612492369413376,0.17552802959419966,False
1979-07-01 15:00:00,0.37866732,0.23161356,0.20041502,0.3147788614183664,0.172889586747098,False
1979-07-01 16:00:00,0.29633686,0.21579039,0.18847889,0.2607908820807934,0.17046700516073213,False
1979-07-01 17:00:00,0.20919062,0.18798977,0.16774863,0.19912964053452015,0.16830785954652225,False
1979-07-01 18:00:00,0.12510197,0.15359718,0.1413098,0.13649192295968535,0.16658190705279688,False
1979-07-01 19:00:00,0.048276003,0.13470025,0.12596194,0.08436159257218241,0.16546204616852905,False
1979-07-01 20:00:00,0.0058902646,0.12474018,0.11602273,0.05569303768826648,0.164701216190217,False
1979-07-01 21:00:00,2.0457412e-06,0.11983021,0.11049841,0.050185443495389566,0.16397816159082174,False
1979-07-01 22:00:00,0.0,0.121979244,0.113171175,0.05112158451229334,0.16325256056952395,False
1979-07-01 23:00:00,0.0,0.11968741,0.110610865,0.05013764034211636,0.16244414354776138,False
1979-07-02 00:00:00,0.0,0.11876116,0.10935292,0.04972792533785105,0.161629071649016,False
1979-07-02 01:00:00,0.0,0.11674258,0.10674412,0.048842194810509686,0.16080313413412414,False
1979-07-02 02:00:00,0.0,0.1119925,0.09925301,0.04668489510565996,0.1600163988062098,False
1979-07-02 03:00:00,9.952098e-05,0.103668705,0.08882335,0.04310763641943777,0.15927358104599745,False
1979-07-02 04:00:00,0.012788389,0.094897375,0.08089806,0.04676452689245343,0.15856978568341595,False
1979-07-02 05:00:00,0.067252,0.08910411,0.07646149,0.07581274184584619,0.1579046696770627,False
1979-07-02 06:00:00,0.15334418,0.08892217,0.07607981,0.12540018565952776,0.15728670595920036,False
1979-07-02 07:00:00,0.25070286,0.08891444,0.07669808,0.18160667337477207,0.15678323153305498,False
1979-07-02 08:00:00,0.36010602,0.09098727,0.078079626,0.24557177758961915,0.1563095297558079,False
1979-07-02 09:00:00,0.43382275,0.09236957,0.07845879,0.28863687402009963,0.15579897955486874,False
1979-07-02 10:00:00,0.46773282,0.089339115,0.07418428,0.30685392002016304,0.1549767153018621,False
1979-07-02 11:00:00,0.47560444,0.08605136,0.07027752,0.309971702426672,0.15303995444369514,False
1979-07-02 12:00:00,0.44963002,0.079948924,0.06415972,0.29240230079740287,0.15011777223607847,False
1979-07-02 13:00:00,0.44052678,0.07449982,0.058092073,0.2848113607242704,0.146678732642516,False
1979-07-02 14:00:00,0.39474902,0.06858067,0.052611206,0.2559174551144242,0.1431329124380525,False
1979-07-02 15:00:00,0.3395259,0.06478528,0.049524497,0.2224865399748087,0.1398330519773688,False
1979-07-02 16:00:00,0.26158735,0.059385728,0.045837685,0.17532447053119543,0.13678608921379792,False
1979-07-02 17:00:00,0.1822032,0.05453221,0.041783586,0.12750994799658655,0.1344993720673957,False
1979-07-02 18:00:00,0.108797766,0.050191164,0.037413843,0.08331719817966222,0.1327200454156847,False
1979-07-02 19:00:00,0.04732283,0.04782042,0.03501779,0.04684196715429425,0.1315243529236566,False
1979-07-02 20:00:00,0.005635642,0.04507402,0.033349417,0.021684947174508123,0.1307203992214055,False
1979-07-02 21:00:00,2.1898072e-06,0.044456594,0.033206604,0.01819890322996662,0.13004848972801128,False
1979-07-02 22:00:00,0.0,0.038782347,0.029772868,0.015918420933187006,0.12941075709284913,False
1979-07-02 23:00:00,0.0,0.03779275,0.028182903,0.015467401418834924,0.12880279992669522,False
1979-07-03 00:00:00,0.0,0.040125746,0.029503483,0.016399588476866483,0.12822738499180114,False
1979-07-03 01:00:00,0.0,0.04416389,0.032855917,0.018070694983005526,0.12766413673511406,False
1979-07-03 02:00:00,0.0,0.04962789,0.037592832,0.020342703949660063,0.1271077182927139,False
1979-07-03 03:00:00,9.5602365e-05,0.052496385,0.04022953,0.021598723140319635,0.126620823465145,False
1979-07-03 04:00:00,0.011587568,0.055846017,0.044423223,0.029692060757428407,0.12621947102013226,False
1979-07-03 05:00:00,0.065500855,0.058095403,0.046720095,0.06175408243387937,0.12586493015046102,False
1979-07-03 06:00:00,0.15182827,0.063728675,0.051572964,0.11390573537349702,0.12547849895041926,False
1979-07-03 07:00:00,0.2494628,0.06627597,0.053185344,0.1712678757607937,0.12492691672008666,False
1979-07-03 08:00:00,0.35631844,0.070981495,0.056297,0.23482795190811157,0.12417478926368548,False
1979-07-03 09:00:00,0.44311604,0.070596576,0.053896714,0.28463851352781055,0.1231823325831337,False
1979-07-03 10:00:00,0.44749957,0.06741218,0.049898993,0.28577689480036494,0.12239154725084572,False
1979-07-03 11:00:00,0.4031122,0.062738895,0.04615885,0.2582389713823795,0.12204121118595072,False
1979-07-03 12:00:00,0.37281668,0.055379376,0.04037156,0.2377302793264389,0.1222864579329937,False
1979-07-03 13:00:00,0.34979126,0.052659515,0.03838879,0.22333391192927957,0.12303260055926807,False
1979-07-03 14:00:00,0.31598198,0.050284132,0.036657132,0.20285593482851982,0.12361117211586974,False
1979-07-03 15:00:00,0.25951722,0.04599602,0.0335311,0.16852464876696469,0.12441931788822502,False
1979-07-03 16:00:00,0.22949871,0.045566235,0.033217784,0.15102845905348658,0.12496810350269566,False
1979-07-03 17:00:00,0.16462795,0.045869224,0.03344237,0.11372196125239134,0.1256426566639498,False
1979-07-03 18:00:00,0.103969656,0.04675486,0.034363866,0.0790986833423376,0.126075702786109,False
1979-07-03 19:00:00,0.045279913,0.048021954,0.035651933,0.045771814864128825,0.12643055573087672,False
1979-07-03 20:00:00,0.0060753035,0.048685875,0.036497112,0.023441382005345075,0.12650829842761643,False
1979-07-03 21:00:00,2.0169277e-06,0.04775931,0.03610978,0.019574277007606267,0.12655342093485814,False
1979-07-03 22:00:00,0.0,0.053427957,0.0411986,0.021939640536904337,0.12658079835961147,False
1979-07-03 23:00:00,0.0,0.05480018,0.04252699,0.022517723467200993,0.12666622734258456,False
1979-07-04 00:00:00,0.0,0.05521299,0.042933628,0.02269200901687145,0.12675859491599298,False
1979-07-04 01:00:00,0.0,0.053901907,0.04156122,0.02213410957530141,0.1267989900419725,False
1979-07-04 02:00:00,0.0,0.05677219,0.043796387,0.02331394338235259,0.1267825278039327,False
1979-07-04 03:00:00,8.906177e-05,0.057906993,0.04488241,0.02384271905882633,0.12672482806004157,False
1979-07-04 04:00:00,0.010811597,0.057093948,0.04519642,0.02974656514823437,0.12666322848918268,False
1979-07-04 05:00:00,0.05787133,0.05793518,0.046188995,0.057264044243842356,0.12658685939758593,False
1979-07-04 06:00:00,0.12944935,0.058805283,0.046903938,0.09892423860356211,0.12656308367956629,False
1979-07-04 07:00:00,0.20949654,0.05984829,0.047056135,0.14550455546751617,0.12664998056110502,False
1979-07-04 08:00:00,0.30316153,0.056140017,0.04248124,0.19793385692313314,0.12663394839859454,False
1979-07-04 09:00:00,0.396193,0.05402035,0.0396724,0.25067917807027695,0.12676680620262595,False
1979-07-04 10:00:00,0.45385,0.06852076,0.05337365,0.2900377889052033,0.1271477574127063,False
1979-07-04 11:00:00,0.5122739,0.06380701,0.04845768,0.32174354628473517,0.12831060995890645,False
1979-07-04 12:00:00,0.51856905,0.07068883,0.054048628,0.328217146858573,0.1304578768632643,False
1979-07-04 13:00:00,0.4897521,0.073142596,0.05567052,0.31258279544115064,0.13334405579572742,False
1979-07-04 14:00:00,0.45266214,0.081788845,0.061894692,0.29470845218747854,0.1364877618401424,False
1979-07-04 15:00:00,0.3738802,0.080774315,0.060993474,0.24882824946939944,0.139502775395052,False
1979-07-04 16:00:00,0.30504254,0.07743027,0.05780944,0.20770302227139473,0.1424508751146453,False
1979-07-04 17:00:00,0.20911624,0.06755359,0.05016334,0.14829616186022757,0.1445400148076739,False
1979-07-04 18:00:00,0.13086753,0.060557164,0.04618488,0.10035013952851295,0.14607442678782354,False
1979-07-04 19:00:00,0.049146596,0.05404187,0.04212186,0.05057361659780144,0.14689837176344553,False
1979-07-04 20:00:00,0.005964603,0.04974133,0.038050007,0.023850827522110197,0.14726502533411803,False
1979-07-04 21:00:00,1.7576083e-06,0.047667496,0.035605546,0.019513019618126008,0.1473605465747587,False
1979-07-04 22:00:00,0.0,0.048800938,0.03724937,0.020019012115895747,0.14739958065949052,False
1979-07-04 23:00:00,0.0,0.04848683,0.037211206,0.019901044942438603,0.14741074186834177,False
1979-07-05 00:00:00,0.0,0.044639178,0.03456848,0.018338554523885248,0.14738660007962628,False
1979-07-05 01:00:00,0.0,0.042025276,0.032836683,0.017280507557094097,0.14736528280508376,False
1979-07-05 02:00:00,0.0,0.042722836,0.0334887,0.01757311624288559,0.14737098510251984,False
1979-07-05 03:00:00,6.932469e-05,0.04523923,0.035345703,0.01864194373909413,0.1473908545723245,False
1979-07-05 04:00:00,0.012311788,0.046101607,0.035387952,0.026026344360783694,0.14746514166021224,False
1979-07-05 05:00:00,0.06972387,0.049754098,0.03746138,0.06061284796893597,0.14761827509298114,False
1979-07-05 06:00:00,0.16456623,0.056518894,0.04197402,0.11807678568735719,0.1480814612976474,False
1979-07-05 07:00:00,0.25369114,0.058966007,0.04370536,0.17049833196029066,0.14902775141727614,False
1979-07-05 08:00:00,0.37540555,0.060151458,0.04444882,0.2412051265016198,0.1502030637568372,False
1979-07-05 09:00:00,0.48155794,0.06137936,0.04474555,0.3029241716116667,0.1518072811548952,False
1979-07-05 10:00:00,0.5466968,0.06403514,0.046681613,0.3415938170179724,0.1535932621007363,False
1979-07-05 11:00:00,0.57398814,0.0737491,0.0537631,0.3613077827915549,0.1551244186772853,False
1979-07-05 12:00:00,0.5955579,0.0796521,0.05996886,0.37626686808466914,0.15624112969853107,False
1979-07-05 13:00:00,0.5923646,0.079153374,0.059811622,0.3742318020612001,0.15718429082630947,False
1979-07-05 14:00:00,0.54610896,0.07908108,0.060940668,0.34757658546417947,0.1579700828473903,False
1979-07-05 15:00:00,0.4794497,0.08124123,0.063202806,0.3100334353074431,0.15874707030302038,False
1979-07-05 16:00:00,0.3783409,0.08028782,0.06256035,0.2513071643188596,0.15963099027687808,False
1979-07-05 17:00:00,0.27159518,0.074571006,0.05827067,0.18737373629957435,0.16034982649965338,False
1979-07-05 18:00:00,0.1599223,0.064168744,0.04990014,0.11864804217219352,0.16100133834933367,False
1979-07-05 19:00:00,0.06547639,0.062532425,0.046608254,0.06337118625640868,0.16134603862478833,False
1979-07-05 20:00:00,0.007054205,0.058568235,0.043415673,0.02802640155609697,0.16163573432720393,False
1979-07-05 21:00:00,1.2677832e-06,0.05243605,0.03885702,0.021447913074733493,0.16186006729312405,False
1979-07-05 22:00:00,0.0,0.054940674,0.040782772,0.022475378561764955,0.16209276945644177,False
1979-07-05 23:00:00,0.0,0.05224529,0.038526036,0.021358917608857154,0.16229851507150686,False
1979-07-06 00:00:00,0.0,0.053004075,0.03907919,0.021668779838830234,0.16250383368029378,False
1979-07-06 01:00:00,0.0,0.05482228,0.040340707,0.022407819852232932,0.16274762655875766,False
1979-07-06 02:00:00,0.0,0.059389755,0.04357145,0.024267677932977676,0.163023924521982,False
1979-07-06 03:00:00,7.307041e-05,0.0668585,0.049917612,0.027408499277436934,0.16331301420821928,False
1979-07-06 04:00:00,0.013266083,0.07178958,0.05466826,0.03709696992114186,0.16358270017507123,False
1979-07-06 05:00:00,0.07790798,0.08419055,0.06440307,0.07949698206782341,0.16383229894884965,False
1979-07-06 06:00:00,0.18331148,0.09397066,0.07222722,0.14434616434574127,0.16408473599930398,False
1979-07-06 07:00:00,0.27912897,0.099291176,0.07821646,0.20191954776644705,0.16442298530697305,False
1979-07-06 08:00:00,0.40048447,0.10652541,0.0842384,0.27493629202991726,0.16478346984658182,False
1979-07-06 09:00:00,0.5006109,0.115663156,0.09026068,0.3364062634706497,0.16490817919943274,False
1979-07-06 10:00:00,0.5448194,0.11983303,0.09174286,0.36353330457955596,0.16503497570841677,False
1979-07-06 11:00:00,0.5604486,0.12693536,0.094957255,0.375345675304532,0.16552517924127272,False
1979-07-06 12:00:00,0.54860544,0.1390815,0.104119815,0.3734888809919357,0.16625216515947547,False
1979-07-06 13:00:00,0.5016302,0.14828892,0.113733016,0.3503008124530315,0.16632654517853426,False
1979-07-06 14:00:00,0.46844038,0.1502437,0.11618192,0.3320038500577211,0.16586449613448648,False
1979-07-06 15:00:00,0.40139225,0.14499715,0.1138728,0.29125640821456905,0.16536704210358155,False
1979-07-06 16:00:00,0.3272033,0.12949564,0.10420306,0.24220716096460818,0.16480384486971217,False
1979-07-06 17:00:00,0.23232639,0.110453986,0.08812748,0.17956873064488169,0.16401805473750872,False
1979-07-06 18:00:00,0.13620642,0.09318224,0.07260003,0.1168957527503371,0.16346755801881768,False
1979-07-06 19:00:00,0.05319065,0.082203954,0.063976794,0.06447901031374931,0.16321526568611258,False
1979-07-06 20:00:00,0.0062084496,0.075332195,0.059980642,0.03461880988627672,0.1632779277669742,False
1979-07-06 21:00:00,9.5083743e-07,0.07424557,0.06084368,0.030682723457376427,0.16363978892909953,False
1979-07-06 22:00:00,0.0,0.07224979,0.059900522,0.029894801639020443,0.16413411147915064,False
1979-07-06 23:00:00,0.0,0.07182139,0.06026379,0.02975633816421032,0.16474471290315737,False
1979-07-07 00:00:00,0.0,0.07255937,0.06048527,0.030040612690150736,0.1653641587137175,False
1979-07-07 01:00:00,0.0,0.07397626,0.060103122,0.030542809791862965,0.16600161959300055,False
1979-07-07 02:00:00,0.0,0.07638183,0.060454167,0.03144942118227482,0.16662621568771316,False
1979-07-07 03:00:00,5.232487e-05,0.076743305,0.059970357,0.03158687014798852,0.16728040124172583,False
1979-07-07 04:00:00,0.011642225,0.07607845,0.059566163,0.038007085502147674,0.167969920192964,False
1979-07-07 05:00:00,0.06827375,0.08107796,0.063298196,0.07272982639074325,0.16865002468416787,False
1979-07-07 06:00:00,0.16557087,0.09450707,0.072319485,0.13431275245547294,0.1690176033502042,False
1979-07-07 07:00:00,0.25355583,0.10132286,0.0761433,0.18780158986151216,0.16886819222462993,False
1979-07-07 08:00:00,0.35475013,0.10382671,0.07756105,0.24719117543846364,0.16833436569402935,False
1979-07-07 09:00:00,0.45852014,0.108611174,0.08086588,0.30901040404289953,0.16782228418441805,False
1979-07-07 10:00:00,0.52984285,0.14501674,0.109131135,0.36512358659505845,0.16729873077263133,False
1979-07-07 11:00:00,0.5766883,0.15503761,0.11564972,0.3962031068652868,0.1674291117655642,False
1979-07-07 12:00:00,0.54462945,0.16043474,0.118249916,0.37983710899949075,0.16842570459115327,False
1979-07-07 13:00:00,0.49706137,0.15966678,0.11725918,0.3520534479469061,0.17023991135277172,False
1979-07-07 14:00:00,0.44451985,0.16436332,0.1214958,0.3236987919807434,0.17282668960236333,False
1979-07-07 15:00:00,0.36894828,0.17119223,0.12864588,0.2829999680817127,0.17530297378251028,False
1979-07-07 16:00:00,0.26133895,0.15335979,0.114942655,0.21358923797309395,0.17758380173940533,False
1979-07-07 17:00:00,0.19033098,0.12479989,0.09403253,0.1609498938024044,0.17951429846962616,False
1979-07-07 18:00:00,0.104721144,0.1124477,0.085568674,0.10653801020234824,0.18074249985040178,False
1979-07-07 19:00:00,0.039328247,0.10636155,0.08220656,0.06637896613776684,0.18164230651674493,False
1979-07-07 20:00:00,0.003663893,0.105302684,0.081944086,0.04539573733811266,0.1822620817019512,False
1979-07-07 21:00:00,4.610121e-07,0.10991342,0.08550141,0.04517539547718675,0.18291608183786592,False
1979-07-07 22:00:00,0.0,0.12492112,0.10533988,0.05178424691408873,0.18353666538270993,False
1979-07-07 23:00:00,0.0,0.12377677,0.10034607,0.05109231651574373,0.18432875162401108,False
1979-07-08 00:00:00,0.0,0.12674025,0.10184724,0.052266902044415475,0.18501020588391334,False
1979-07-08 01:00:00,0.0,0.12668301,0.10448891,0.052388432398438455,0.18558611305515152,False
1979-07-08 02:00:00,0.0,0.13431102,0.11310774,0.05566858452558517,0.186112252737776,False
1979-07-08 03:00:00,1.4032054e-05,0.14595528,0.122959524,0.06050540893687048,0.18656285294742195,False
1979-07-08 04:00:00,0.0050572446,0.16124761,0.13562198,0.06974198549892753,0.18694517133043795,False
1979-07-08 05:00:00,0.039465368,0.17964163,0.149657,0.09714075803756714,0.18728108396470725,False
1979-07-08 06:00:00,0.09891432,0.19336922,0.16199306,0.13717443031817672,0.18724920961218441,False
1979-07-08 07:00:00,0.14619339,0.22215182,0.18459761,0.17629587429761887,0.1864398801098999,False
1979-07-08 08:00:00,0.24570775,0.2625383,0.21678463,0.2503563795685768,0.1849502195758235,False
1979-07-08 09:00:00,0.3228291,0.3023178,0.24903783,0.31127569970488544,0.18289384776109696,False
1979-07-08 10:00:00,0.43364662,0.28881684,0.24081628,0.36979159224033353,0.1800562732429665,False
1979-07-08 11:00:00,0.502001,0.32255542,0.2686039,0.4231821309328079,0.17622571127881473,False
1979-07-08 12:00:00,0.53002423,0.37391555,0.31059232,0.46057080554962154,0.17193589592899994,False
1979-07-08 13:00:00,0.5271389,0.4121816,0.3372597,0.47446616843342776,0.1685895947769395,False
1979-07-08 14:00:00,0.4872853,0.41084486,0.33518752,0.4508654907047749,0.1660570895316811,False
1979-07-08 15:00:00,0.40986824,0.39771664,0.32379138,0.4007361501455307,0.16413187242412186,False
1979-07-08 16:00:00,0.33991355,0.33626488,0.2714657,0.3348710040152073,0.1625397410608939,False
1979-07-08 17:00:00,0.23396608,0.25073296,0.20376863,0.23852239692211152,0.16174983938523746,False
1979-07-08 18:00:00,0.13896063,0.19260599,0.16360334,0.16008647273480892,0.16143201494267698,False
1979-07-08 19:00:00,0.044605337,0.16439152,0.1450087,0.09422821920365095,0.16147689808288457,False
1979-07-08 20:00:00,0.004536733,0.15232435,0.13306364,0.06601081641018391,0.1617514200971961,False
1979-07-08 21:00:00,1.1525302e-07,0.14535229,0.12658653,0.060470733609887736,0.1621325963954329,False
1979-07-08 22:00:00,0.0,0.16261259,0.14649808,0.0679149412214756,0.16250778429059598,False
1979-07-08 23:00:00,0.0,0.15013076,0.13088687,0.06246614263951779,0.16279272887565482,False
1979-07-09 00:00:00,0.0,0.13896245,0.1186484,0.057684156909585,0.1630272073823801,False
1979-07-09 01:00:00,0.0,0.13446626,0.114434525,0.055797514557838435,0.1632158210690907,False
1979-07-09 02:00:00,0.0,0.12807354,0.107760996,0.05307823124527931,0.16345719448326443,False
1979-07-09 03:00:00,2.6853952e-05,0.12060119,0.10038552,0.04993815253275534,0.1636779921859345,False
1979-07-09 04:00:00,0.005635066,0.123082414,0.10114904,0.054130891947075724,0.1638049116454212,False
1979-07-09 05:00:00,0.032102,0.12756893,0.10377904,0.07119985746964813,0.16380095864068026,False
1979-07-09 06:00:00,0.07263179,0.12971166,0.10542206,0.09546493634581565,0.1636287129420873,False
1979-07-09 07:00:00,0.09281507,0.15220897,0.121823676,0.11629788422584532,0.1636450285384207,False
1979-07-09 08:00:00,0.13641609,0.1696777,0.13263278,0.14848532833158967,0.16408423489118854,False
1979-07-09 09:00:00,0.16041486,0.19565362,0.14909756,0.17280682717263696,0.1642459282918919,False
1979-07-09 10:00:00,0.19057572,0.1740741,0.13076074,0.18125661231577395,0.16436639803465694,False
1979-07-09 11:00:00,0.19265504,0.19301896,0.1464077,0.19029197007417678,0.16383412681865436,False
1979-07-09 12:00:00,0.22815223,0.21313675,0.16524735,0.2192146537005901,0.16219580402663838,False
1979-07-09 13:00:00,0.23429947,0.23156902,0.18247102,0.23049319617450237,0.15979926913204534,False
1979-07-09 14:00:00,0.24510151,0.21796307,0.17474863,0.23128837081789969,0.15688123747648292,False
1979-07-09 15:00:00,0.21093863,0.20572564,0.16580205,0.20657766264677047,0.15386607682336365,False
1979-07-09 16:00:00,0.16660011,0.19277163,0.15579563,0.17567395754158494,0.15117650294711435,False
1979-07-09 17:00:00,0.13016301,0.17077872,0.14023913,0.14569432055950166,0.14893216945669543,False
1979-07-09 18:00:00,0.07469061,0.15829697,0.13304326,0.108692400932312,0.14754155594735338,False
1979-07-09 19:00:00,0.029939191,0.14999847,0.12836432,0.07955602282471953,0.14672677954849098,False
1979-07-09 20:00:00,0.0035663606,0.14831212,0.12791179,0.06369219965348019,0.14631475162432458,False
1979-07-09 21:00:00,2.0169277e-07,0.15194076,0.13181771,0.06318441444501381,0.14590922504452067,False
1979-07-09 22:00:00,0.0,0.157483,0.1361178,0.06546158699691296,0.14550984478288384,False
1979-07-09 23:00:00,0.0,0.15005015,0.12923667,0.06234728483855725,0.14489957845130058,False
1979-07-10 00:00:00,0.0,0.14768694,0.12636809,0.061320359006524085,0.14438937065157162,False
1979-07-10 01:00:00,0.0,0.15372299,0.1342699,0.06397435627877712,0.14397271318932117,False
1979-07-10 02:00:00,0.0,0.15875354,0.14234845,0.06626687425374984,0.14359607560711968,False
1979-07-10 03:00:00,1.5789663e-05,0.1593435,0.1442719,0.06659754299223095,0.1432858993561292,False
1979-07-10 04:00:00,0.0058779325,0.15833636,0.14323257,0.0695522412713617,0.1430375470717781,False
1979-07-10 05:00:00,0.041435335,0.15550432,0.14043859,0.0888729645051062,0.14282707451212473,False
1979-07-10 06:00:00,0.10598843,0.18452013,0.16137648,0.13795757894217966,0.14294916545939576,False
1979-07-10 07:00:00,0.19386265,0.20585664,0.17699876,0.19737777923047542,0.1439995680989847,False
1979-07-10 08:00:00,0.28737524,0.22241537,0.18946066,0.2581176628023386,0.14590396207460768,False
1979-07-10 09:00:00,0.37678447,0.24021778,0.20394902,0.31705824735760685,0.14856656160281603,False
1979-07-10 10:00:00,0.42010498,0.24539931,0.20906767,0.3442425738722085,0.1517471961042062,False
1979-07-10 11:00:00,0.43097922,0.23103948,0.19655663,0.34454263691604137,0.15470361120686812,False
1979-07-10 12:00:00,0.43772772,0.22415833,0.18988541,0.3455371306091547,0.15758940168437494,False
1979-07-10 13:00:00,0.4238465,0.21647416,0.18448603,0.3344006489664316,0.1601978676845935,False
1979-07-10 14:00:00,0.3765716,0.21400979,0.18308066,0.3061377793550491,0.16218106724273668,False
1979-07-10 15:00:00,0.32534143,0.20190085,0.17431818,0.27163660408556456,0.16387719026291686,False
1979-07-10 16:00:00,0.26131782,0.18364547,0.15921177,0.2271429964751005,0.16516148120357288,False
1979-07-10 17:00:00,0.18562436,0.1553308,0.13612267,0.17177294847369193,0.16607370968184687,False
1979-07-10 18:00:00,0.11426014,0.13197039,0.11763023,0.12097720558941365,0.16639530933266447,False
1979-07-10 19:00:00,0.0458998,0.11478295,0.103921935,0.07445087884366512,0.16622977330111063,False
1979-07-10 20:00:00,0.004683652,0.10489771,0.095107764,0.04654554057959467,0.16547724183662735,False
1979-07-10 21:00:00,1.4406628e-07,0.0988526,0.08932944,0.041300481051320774,0.1644023661786859,False
1979-07-10 22:00:00,0.0,0.09242979,0.08362159,0.03862215730547905,0.16325138810404186,False
1979-07-10 23:00:00,0.0,0.09089246,0.08216392,0.03797616825252771,0.1620229428111257,False
1979-07-11 00:00:00,0.0,0.09028261,0.08093176,0.037684598721563815,0.1608546530387162,False
1979-07-11 01:00:00,0.0,0.090638645,0.07913427,0.03771891061216592,0.15970578599010202,False
1979-07-11 02:00:00,0.0,0.09195443,0.0788627,0.03818977119773626,0.158490463133951,False
1979-07-11 03:00:00,1.3772737e-05,0.09160085,0.07793671,0.038017242883903235,0.15721202143845456,False
1979-07-11 04:00:00,0.009461523,0.093054615,0.07836588,0.04402820908371359,0.1559152801002078,False
1979-07-11 05:00:00,0.06884694,0.09005481,0.076024316,0.0770602229386568,0.15466176834238507,False
1979-07-11 06:00:00,0.17519467,0.10836802,0.0890582,0.14588426304608582,0.15366384192616997,False
1979-07-11 07:00:00,0.27794847,0.114761636,0.092323795,0.20770879505574702,0.15272333451102146,False
1979-07-11 08:00:00,0.40137842,0.10853024,0.086057365,0.27629010568559165,0.15181001725718893,False
1979-07-11 09:00:00,0.49544507,0.09663148,0.07311962,0.3254772832393646,0.1508687882396211,False
1979-07-11 10:00:00,0.50759715,0.07407747,0.054562878,0.32316453724354505,0.14985911638368976,False
1979-07-11 11:00:00,0.5275988,0.059714586,0.043531932,0.32880991299450396,0.14905068855553913,False
1979-07-11 12:00:00,0.56156653,0.049948167,0.03641221,0.34442102171108124,0.14868170364495722,False
1979-07-11 13:00:00,0.5335627,0.043639984,0.031813547,0.3256867749653757,0.14858479878152844,False
1979-07-11 14:00:00,0.5129438,0.040977214,0.029872388,0.3127022757865488,0.1486552811504781,False
1979-07-11 15:00:00,0.43703744,0.03931039,0.028657272,0.2682236277982592,0.14885872690045632,False
1979-07-11 16:00:00,0.3557902,0.034699216,0.02529573,0.21946092449873686,0.1487980137894214,False
1979-07-11 17:00:00,0.2561235,0.032685965,0.023828067,0.16113110379874704,0.1484519668751525,False
1979-07-11 18:00:00,0.15254024,0.031175354,0.022726834,0.10074667141772806,0.14798571366129645,False
1979-07-11 19:00:00,0.055704433,0.027653698,0.020163702,0.04343451252952218,0.14729404481135355,False
1979-07-11 20:00:00,0.0053139133,0.022117512,0.016123667,0.01209816807229072,0.14651984134021262,False
1979-07-11 21:00:00,5.762651e-08,0.019437058,0.014169616,0.007937466862098763,0.14576222039274803,False
1979-07-11 22:00:00,0.0,0.01590782,0.011596801,0.006496212936937809,0.14503308608965923,False
1979-07-11 23:00:00,0.0,0.015352345,0.01119186,0.0062693757629021995,0.14430654747074909,False
1979-07-12 00:00:00,0.0,0.015120604,0.011022922,0.006174740673042834,0.14359191185108824,False
1979-07-12 01:00:00,0.0,0.013808346,0.010066285,0.005638859183527529,0.14289056345309106,False
1979-07-12 02:00:00,0.0,0.012003137,0.008750285,0.00490167286992073,0.14218743958063165,False
1979-07-12 03:00:00,1.5472717e-05,0.010640041,0.0077565904,0.0043539587563864186,0.1414599971718362,False
1979-07-12 04:00:00,0.009698915,0.00927453,0.006761132,0.009383676895871758,0.1407239488474936,False
1979-07-12 05:00:00,0.065713726,0.007482691,0.005454881,0.04097249652678147,0.13997375100839501,False
1979-07-12 06:00:00,0.15623012,0.006534439,0.0047636055,0.09281322301505132,0.1392034349268951,False
1979-07-12 07:00:00,0.2610731,0.007099918,0.00517584,0.15353855104651298,0.13807530431756057,False
1979-07-12 08:00:00,0.36298162,0.008566523,0.0062449947,0.21293866995908317,0.13682444080111925,False
1979-07-12 09:00:00,0.45855802,0.009809874,0.0071513983,0.2685939982729032,0.13540874397594682,False
1979-07-12 10:00:00,0.5214109,0.011225124,0.008183115,0.30543803812097753,0.13398947255258184,False
1979-07-12 11:00:00,0.5586005,0.0110657625,0.008066941,0.32683136120811096,0.13330942625302208,False
1979-07-12 12:00:00,0.58210236,0.012274862,0.008948375,0.34088569716457273,0.13301173398271288,False
1979-07-12 13:00:00,0.5750775,0.014604791,0.010646893,0.3377838026760146,0.13196942453724805,False
1979-07-12 14:00:00,0.5345524,0.018283704,0.013328821,0.31590317535400386,0.13131363048064995,False
1979-07-12 15:00:00,0.44963968,0.0227254,0.016566817,0.2687223747558891,0.13014102638002648,False
1979-07-12 16:00:00,0.3476522,0.02433461,0.017739927,0.210532744590193,0.12917865557122749,False
1979-07-12 17:00:00,0.24354377,0.021715904,0.015830893,0.14939279420860113,0.1283154153088116,False
1979-07-12 18:00:00,0.13889816,0.018691223,0.013625904,0.08777710079215466,0.1274855589048829,False
1979-07-12 19:00:00,0.05212571,0.01766204,0.012875628,0.03728911222890019,0.1267999412941095,False
1979-07-12 20:00:00,0.005164459,0.017630856,0.012852894,0.010179735101293773,0.12656932249438332,False
1979-07-12 21:00:00,2.8813256e-08,0.015432279,0.011250131,0.006302034503058289,0.1265635527012257,False
1979-07-12 22:00:00,0.0,0.009178785,0.0066913343,0.003748303597792983,0.12658108560639267,False
1979-07-12 23:00:00,0.0,0.008995995,0.006558081,0.0036736585088074205,0.1266399709582638,False
1979-07-13 00:00:00,0.0,0.009843806,0.0071761347,0.004019875617697835,0.12669292439552554,False
1979-07-13 01:00:00,0.0,0.009719136,0.0070852498,0.003968964734114707,0.12673771686820146,False
1979-07-13 02:00:00,0.0,0.008013732,0.00584201,0.003272535575553775,0.12678218332535654,False
1979-07-13 03:00:00,1.4579507e-05,0.006559094,0.004781579,0.0026869233154584436,0.12683908876098757,False
1979-07-13 04:00:00,0.010211331,0.0052080117,0.0037966406,0.008018712806981056,0.12690410844847444,False
1979-07-13 05:00:00,0.066221215,0.0045924736,0.003347913,0.04008505102666095,0.12697845235536456,False
1979-07-13 06:00:00,0.15544054,0.0050072796,0.0036503067,0.09173399379802867,0.12691621664848102,False
1979-07-13 07:00:00,0.25207812,0.0054320716,0.0039599803,0.14766734626656397,0.1266355048676064,False
1979-07-13 08:00:00,0.35671702,0.0061487425,0.004482433,0.20833665807731447,0.1258019113626568,False
1979-07-13 09:00:00,0.44024262,0.008159994,0.0059486353,0.25735225491784514,0.1249166327263388,False
1979-07-13 10:00:00,0.49869043,0.0068025715,0.004959074,0.29052231486467645,0.1240923573302536,False
1979-07-13 11:00:00,0.53934884,0.008121153,0.005920321,0.3145206840196624,0.1235037654359053,False
1979-07-13 12:00:00,0.50380814,0.009043043,0.006592378,0.2943901683287695,0.1230804937037333,False
1979-07-13 13:00:00,0.5026079,0.010294472,0.0075046704,0.294208660248667,0.12272478479309594,False
1979-07-13 14:00:00,0.43595532,0.0119281765,0.008695641,0.2564172789566219,0.1223094097579368,False
1979-07-13 15:00:00,0.37501365,0.013828167,0.010080735,0.22202982897590842,0.12224090929206814,False
1979-07-13 16:00:00,0.2985528,0.014106022,0.01028329,0.17802539190277455,0.12213460602286935,False
1979-07-13 17:00:00,0.20070541,0.013446211,0.009802288,0.1212979964101687,0.12240351322620839,False
1979-07-13 18:00:00,0.10717946,0.014679175,0.01070112,0.06783702610060571,0.12270189486651258,False
1979-07-13 19:00:00,0.04236989,0.019387959,0.014133821,0.032364810142666095,0.12295673725336521,False
1979-07-13 20:00:00,0.0042079166,0.023002038,0.016768485,0.011821218000724911,0.12319750081159526,False
1979-07-13 21:00:00,0.0,0.021497985,0.015672032,0.008779046310111881,0.12343714170337038,False
1979-07-13 22:00:00,0.0,0.0228293,0.01664256,0.009322709826752543,0.1237127923981383,False
1979-07-13 23:00:00,0.0,0.021576578,0.015729325,0.008811140751466155,0.12400108224650412,False
1979-07-14 00:00:00,0.0,0.020385584,0.014861091,0.008324779361486435,0.12428987745343274,False
1979-07-14 01:00:00,0.0,0.019035006,0.013876517,0.0077732491269707675,0.12456731632255051,False
1979-07-14 02:00:00,0.0,0.018691894,0.013626389,0.00763313378021121,0.1248566888021518,False
1979-07-14 03:00:00,1.0488024e-05,0.018289603,0.013333121,0.007474903755755804,0.12517410120847436,False
1979-07-14 04:00:00,0.007816748,0.020672439,0.015070206,0.012952184426598248,0.1255466388816827,False
1979-07-14 05:00:00,0.04914299,0.023580996,0.017190548,0.03798518259637058,0.12597678072997154,False
1979-07-14 06:00:00,0.119420454,0.025549276,0.018625423,0.07933905753307044,0.12636405301983836,False
1979-07-14 07:00:00,0.17619945,0.029040076,0.021170214,0.11352606280893088,0.12669909836280255,False
1979-07-14 08:00:00,0.27349913,0.030943558,0.02255785,0.17044529541581868,0.12688842750165277,False
1979-07-14 09:00:00,0.37333104,0.033344522,0.024308156,0.22902877926081416,0.12695634650508072,False
1979-07-14 10:00:00,0.4588731,0.030403737,0.022164324,0.2771856271922588,0.12726016070658006,False
1979-07-14 11:00:00,0.5059237,0.035743304,0.026056867,0.30651431806385515,0.12735707593837456,False
1979-07-14 12:00:00,0.5329301,0.03994215,0.029117825,0.3238116694539785,0.12751479868561896,False
1979-07-14 13:00:00,0.5180642,0.04633774,0.033780213,0.3178458009883761,0.12844007799394289,False
1979-07-14 14:00:00,0.5040495,0.05332882,0.038893864,0.31261515299230813,0.12925239757045032,False
1979-07-14 15:00:00,0.4153807,0.05863652,0.042746034,0.26361981783434746,0.13037023328811412,False
1979-07-14 16:00:00,0.34571564,0.058600117,0.04331337,0.22344029035046695,0.13141820794485756,False
1979-07-14 17:00:00,0.24501802,0.054451127,0.041615732,0.16371511294320223,0.1323604556687853,False
1979-07-14 18:00:00,0.1382892,0.049293,0.03754724,0.10000953536108136,0.13328503096996355,False
1979-07-14 19:00:00,0.050970558,0.04748307,0.03545366,0.04884576302394271,0.13420241141536754,False
1979-07-14 20:00:00,0.004362355,0.046770148,0.035319157,0.02168249790649861,0.1349839714349575,False
1979-07-14 21:00:00,0.0,0.047676105,0.035940465,0.019533267851918938,0.13568969422215185,False
1979-07-14 22:00:00,0.0,0.042985607,0.03193569,0.017586216319352387,0.13642132067724186,False
1979-07-14 23:00:00,0.0,0.042836644,0.032020498,0.017535828441381456,0.1371053314472973,False
1979-07-15 00:00:00,0.0,0.04234292,0.031711183,0.017336941335350273,0.1378257319314597,False
1979-07-15 01:00:00,0.0,0.043474164,0.033645876,0.017858843754976986,0.13857755755607093,False
1979-07-15 02:00:00,0.0,0.04493722,0.035675872,0.018508331079036,0.13936759432705173,False
1979-07-15 03:00:00,6.91518e-06,0.050077047,0.03863539,0.02056873162945794,0.14018132956369836,False
1979-07-15 04:00:00,0.0069663823,0.060036138,0.046158966,0.028665521524846554,0.14101719776579502,False
1979-07-15 05:00:00,0.05053816,0.07176709,0.056139737,0.05867412094026803,0.14183179618285982,False
1979-07-15 06:00:00,0.12936698,0.08048697,0.064291336,0.10781617026031017,0.1426158141678868,False
1979-07-15 07:00:00,0.2128929,0.08232691,0.06550571,0.15675514493137596,0.14338280686231342,False
1979-07-15 08:00:00,0.30621603,0.0847041,0.06767235,0.21159677024185655,0.1445084502719468,False
1979-07-15 09:00:00,0.40661907,0.09060219,0.07192452,0.27193533658981317,0.14568098966458823,False
1979-07-15 10:00:00,0.44336283,0.09546421,0.076437026,0.29517424599081277,0.14678778002697987,False
1979-07-15 11:00:00,0.48304132,0.10489561,0.08648255,0.3220913758873939,0.14762881311936937,False
1979-07-15 12:00:00,0.5047465,0.11482379,0.09620127,0.3388035751283169,0.14784115197423858,False
1979-07-15 13:00:00,0.48917,0.12288598,0.10377731,0.33319999992102384,0.14791928578796498,False
1979-07-15 14:00:00,0.4450373,0.12850735,0.108660325,0.31007339340448375,0.14770373947475737,False
1979-07-15 15:00:00,0.377812,0.1309405,0.1114453,0.2723326124995947,0.14690370193503807,False
1979-07-15 16:00:00,0.2944401,0.12849973,0.11009166,0.2232532826513052,0.14635397287659668,False
1979-07-15 17:00:00,0.19728072,0.124689974,0.108074725,0.16567761086672542,0.14568946933272617,False
1979-07-15 18:00:00,0.11113293,0.11450861,0.10173912,0.11187128747999668,0.14505698421255694,False
1979-07-15 19:00:00,0.04328238,0.1075249,0.09683463,0.06987969108298421,0.1446308420856919,False
1979-07-15 20:00:00,0.0036336393,0.1043181,0.09455415,0.04569591178605333,0.14444310994744777,False
1979-07-15 21:00:00,0.0,0.104944155,0.09579117,0.04389711615443229,0.14442222253852322,False
1979-07-15 22:00:00,0.0,0.10092587,0.090992235,0.04215522678941488,0.14442258199085278,False
1979-07-15 23:00:00,0.0,0.103844106,0.09392387,0.043390363991260526,0.14439056040849332,False
1979-07-16 00:00:00,0.0,0.10622571,0.09657636,0.044412409342825414,0.1443881177430952,False
1979-07-16 01:00:00,0.0,0.10908072,0.100819066,0.045695014134049416,0.1443601792910116,False
1979-07-16 02:00:00,0.0,0.111382164,0.103563085,0.04669242513924837,0.14428611752590895,False
1979-07-16 03:00:00,3.63047e-06,0.113558725,0.10539469,0.04759657745639561,0.144150342509521,False
1979-07-16 04:00:00,0.0065063788,0.11528334,0.106651396,0.05205290844570846,0.14394223898615688,False
1979-07-16 05:00:00,0.045552146,0.117795244,0.108666904,0.07561804587766528,0.1435638656927422,False
1979-07-16 06:00:00,0.105718136,0.13185447,0.120389655,0.11615470686554909,0.14280205738474558,False
1979-07-16 07:00:00,0.18615122,0.14408422,0.12927067,0.1675569464713335,0.1415243223188051,False
1979-07-16 08:00:00,0.28209734,0.15357074,0.13498922,0.22672718626260757,0.13995658378714326,False
1979-07-16 09:00:00,0.3710535,0.1635714,0.1425742,0.282154716655612,0.13804953150909025,False
1979-07-16 10:00:00,0.43065342,0.1659765,0.14486785,0.317555215626955,0.13574159227094243,False
1979-07-16 11:00:00,0.42925254,0.16629605,0.14193755,0.31670658309757704,0.1336452706574922,False
1979-07-16 12:00:00,0.44630468,0.16916317,0.14116822,0.327562092512846,0.1313427337387105,False
1979-07-16 13:00:00,0.42097387,0.1563075,0.12815163,0.3074995779544115,0.12889684439302984,False
1979-07-16 14:00:00,0.37312448,0.14269452,0.116041645,0.27421335108578204,0.1262015036039514,False
1979-07-16 15:00:00,0.31629878,0.13271575,0.10659842,0.2372328230291605,0.12364296434656658,False
1979-07-16 16:00:00,0.2454877,0.121197395,0.09584955,0.19154412024468181,0.12156291220895887,False
1979-07-16 17:00:00,0.1594516,0.10035498,0.08002343,0.13335582717508074,0.11977351093672467,False
1979-07-16 18:00:00,0.08450381,0.07481169,0.05908339,0.07955471327155827,0.11839437234417166,False
1979-07-16 19:00:00,0.02783124,0.0580838,0.043390248,0.03983462038822472,0.1173341485411699,False
1979-07-16 20:00:00,0.002065968,0.047682595,0.03505484,0.020679902278119697,0.11648691505317828,False
1979-07-16 21:00:00,0.0,0.04785535,0.03503513,0.019550521563738585,0.11583052492657288,False
1979-07-16 22:00:00,0.0,0.03930097,0.02865041,0.01604918036609888,0.11520093761108428,False
1979-07-16 23:00:00,0.0,0.042654335,0.031095013,0.01741858050227165,0.11469305583069644,False
1979-07-17 00:00:00,0.0,0.03917049,0.028555283,0.015995895635336637,0.11411090553368985,False
1979-07-17 01:00:00,0.0,0.035027105,0.025534762,0.014303879030048847,0.1135098426051306,False
1979-07-17 02:00:00,0.0,0.029363684,0.021406125,0.011991130292415619,0.1129088109291958,False
1979-07-17 03:00:00,1.3830363e-06,0.025905596,0.018885177,0.010579762507979922,0.11231005690902084,False
1979-07-17 04:00:00,0.0038494219,0.020282019,0.014785593,0.010503603440942243,0.11172072920780222,False
1979-07-17 05:00:00,0.025277292,0.018420545,0.013428578,0.02210732215642929,0.11113978519334128,False
1979-07-17 06:00:00,0.06549794,0.021286234,0.015517666,0.04648488709516823,0.11048986566606889,False
1979-07-17 07:00:00,0.12378788,0.02467906,0.017991034,0.08150369541160761,0.10973972313708295,False
1979-07-17 08:00:00,0.18669349,0.030208483,0.022021983,0.12005826089531181,0.10916502592802647,False
1979-07-17 09:00:00,0.25393093,0.035840664,0.026127845,0.16115425315871834,0.10904495435732707,False
1979-07-17 10:00:00,0.3065519,0.04327089,0.03154448,0.19455080854520201,0.10920356559936557,False
1979-07-17 11:00:00,0.33634478,0.04285045,0.031237975,0.21156960378587245,0.10925915575738354,False
1979-07-17 12:00:00,0.35228977,0.044395693,0.03236446,0.22140088653564452,0.10967951951328024,False
1979-07-17 13:00:00,0.32131878,0.04511323,0.032887544,0.20382364204525946,0.10996248180602346,False
1979-07-17 14:00:00,0.2902271,0.048491992,0.03535066,0.18726350905001163,0.11025530861439163,False
1979-07-17 15:00:00,0.2673066,0.044700596,0.03258674,0.17249010989442465,0.11075964910502835,False
1979-07-17 16:00:00,0.20592837,0.04540376,0.033099342,0.13736202158406377,0.11125536592394714,False
1979-07-17 17:00:00,0.14365739,0.040622007,0.029613443,0.09947895842418074,0.11153050704793983,False
1979-07-17 18:00:00,0.08129472,0.034462932,0.025123477,0.06098054493591189,0.11183798893118878,False
1979-07-17 19:00:00,0.028350398,0.03147741,0.02294703,0.029212483659386633,0.11230250912296254,False
1979-07-17 20:00:00,0.0023701491,0.03139059,0.02293486,0.014189185708994046,0.11277777398285281,False
1979-07-17 21:00:00,0.0,0.03346752,0.024581669,0.013676925010979175,0.11326698449869367,False
1979-07-17 22:00:00,0.0,0.04350787,0.031898096,0.017776901330798865,0.1137480125137205,False
1979-07-17 23:00:00,0.0,0.037826728,0.027575687,0.015447149734944106,0.11430464980412003,False
1979-07-18 00:00:00,0.0,0.038106475,0.02777962,0.015561388771981,0.1148147615248869,False
1979-07-18 01:00:00,0.0,0.04125097,0.030071957,0.01684549368917942,0.11536911565960113,False
1979-07-18 02:00:00,0.0,0.043961134,0.032047663,0.01795223217085004,0.11600396441724813,False
1979-07-18 03:00:00,1.2677832e-06,0.047269605,0.03454874,0.019308847797902103,0.11674566949168881,False
1979-07-18 04:00:00,0.0037032813,0.05390706,0.03961292,0.024167595751583577,0.11756047596746877,False
1979-07-18 05:00:00,0.03319091,0.06175834,0.0459616,0.04442190856859088,0.11848382984300489,False
1979-07-18 06:00:00,0.09094103,0.067628585,0.050369356,0.08014786547422409,0.11969687284852103,False
1979-07-18 07:00:00,0.1770284,0.09242857,0.06888794,0.13997148043662308,0.12132286536174396,False
1979-07-18 08:00:00,0.2903042,0.13030796,0.09952932,0.2209637508690357,0.12346874930132214,False
1979-07-18 09:00:00,0.39415988,0.15177372,0.117283344,0.28976805627346036,0.12597528717912146,False
1979-07-18 10:00:00,0.44498655,0.1549585,0.11641881,0.3202235432118177,0.12884704837440547,False
1979-07-18 11:00:00,0.47151834,0.1581849,0.11940248,0.33688404338061806,0.1316778927038427,False
1979-07-18 12:00:00,0.47997478,0.1567374,0.11782843,0.34114428256452084,0.1349066190700671,False
1979-07-18 13:00:00,0.4429963,0.16115932,0.11997433,0.3215552647560835,0.13844561857292462,False
1979-07-18 14:00:00,0.40795964,0.15409674,0.114209004,0.2984216946363449,0.14233472137833045,False
1979-07-18 15:00:00,0.35727388,0.13409786,0.09996469,0.26102723033726216,0.14594231827150442,False
1979-07-18 16:00:00,0.26746842,0.12286001,0.09419022,0.20475089419633147,0.14865403781230593,False
1979-07-18 17:00:00,0.17875938,0.10929638,0.08593389,0.14811495757102966,0.1508245826315138,False
1979-07-18 18:00:00,0.09984372,0.10700792,0.08807286,0.10185168247669935,0.15235026537802412,False
1979-07-18 19:00:00,0.03375415,0.104058325,0.08840123,0.06264733366295695,0.15374616742022365,False
1979-07-18 20:00:00,0.0021966072,0.10333792,0.08820133,0.044162007038481534,0.15493203315531553,False
1979-07-18 21:00:00,0.0,0.1026816,0.08796956,0.04263986628502608,0.15604549717806446,False
1979-07-18 22:00:00,0.0,0.1026604,0.090482995,0.04276777030527591,0.15709956692481578,False
1979-07-18 23:00:00,0.0,0.100554116,0.08887915,0.04190394309908151,0.15814102127795274,False
1979-07-19 00:00:00,0.0,0.10215579,0.09091496,0.042604894101619724,0.159198039978707,False
1979-07-19 01:00:00,0.0,0.107353486,0.0956145,0.044776619397103784,0.1602307315019069,False
1979-07-19 02:00:00,0.0,0.113972954,0.10253618,0.04759297386556864,0.16121035192041824,False
1979-07-19 03:00:00,6.9151804e-07,0.118944496,0.10739917,0.04969047334541767,0.1621342466575669,False
1979-07-19 04:00:00,0.0044606086,0.12468234,0.11561178,0.05482458946667611,0.16305235653644595,False
1979-07-19 05:00:00,0.04516852,0.12936002,0.121061176,0.0803333864212036,0.16389657075104977,False
1979-07-19 06:00:00,0.114433855,0.1397119,0.128713,0.12453252772986886,0.16469658827047692,False
1979-07-19 07:00:00,0.19661151,0.17039773,0.15156522,0.1845061245113611,0.1655049592802477,False
1979-07-19 08:00:00,0.273529,0.19840841,0.17283605,0.2403720790296793,0.16598986664487567,False
1979-07-19 09:00:00,0.354848,0.22689655,0.19493829,0.2989987905323505,0.16601238726835596,False
1979-07-19 10:00:00,0.41272768,0.22203125,0.19181354,0.3304313363581896,0.16564897214601335,False
1979-07-19 11:00:00,0.45340687,0.25287002,0.21525308,0.3665484693646431,0.1648235261028498,False
1979-07-19 12:00:00,0.46357843,0.2988644,0.25013232,0.3912728626728058,0.1646918785616621,False
1979-07-19 13:00:00,0.4518811,0.3132898,0.26224524,0.39050057670474053,0.1646703464026739,False
1979-07-19 14:00:00,0.403861,0.30746433,0.25825986,0.3604281599223613,0.1650899001758411,False
1979-07-19 15:00:00,0.3303582,0.26998872,0.22981715,0.30265264785289764,0.1655614627964039,False
1979-07-19 16:00:00,0.25136477,0.23206593,0.20145136,0.24154817290604116,0.16582677184242653,False
1979-07-19 17:00:00,0.15816931,0.19521219,0.17434703,0.17271173025667666,0.1664286530101227,False
1979-07-19 18:00:00,0.0914297,0.18004462,0.16282295,0.12798384296149015,0.16693793547149025,False
1979-07-19 19:00:00,0.027286787,0.16828135,0.1535879,0.08613403894379734,0.16722488424534496,False
1979-07-19 20:00:00,0.0015995391,0.15926333,0.14711772,0.06763545880094171,0.1674562619867445,False
1979-07-19 21:00:00,0.0,0.1533711,0.14219145,0.06427227285504342,0.16759463167310765,False
1979-07-19 22:00:00,0.0,0.16182232,0.14915323,0.06776671028137207,0.16766273718447497,False
1979-07-19 23:00:00,0.0,0.15801439,0.14586553,0.06618404737114905,0.16785099919446814,False
1979-07-20 00:00:00,0.0,0.15546677,0.14376566,0.06513058188557624,0.16798443740540256,False
1979-07-20 01:00:00,0.0,0.15247679,0.14080258,0.06386727377772332,0.1680364745248023,False
1979-07-20 02:00:00,0.0,0.14882082,0.13674626,0.0622991795539856,0.1679730319080788,False
1979-07-20 03:00:00,1.1525302e-07,0.15157363,0.13791457,0.06337812198409713,0.1677672353939067,False
1979-07-20 04:00:00,0.0029603601,0.15086526,0.13541612,0.06468987805256621,0.16747976498434433,False
1979-07-20 05:00:00,0.030698335,0.15595046,0.14007577,0.08282274950109422,0.1671471446568379,False
1979-07-20 06:00:00,0.08476231,0.168186,0.14779978,0.11894967394322158,0.16681785584875222,False
1979-07-20 07:00:00,0.14407821,0.19270155,0.16679695,0.16324703393876552,0.16657305888798238,False
1979-07-20 08:00:00,0.22513594,0.2220086,0.18926169,0.22204474079608919,0.1660629951342086,False
1979-07-20 09:00:00,0.3013037,0.23735239,0.2016455,0.2723241304010153,0.1657795235259846,False
1979-07-20 10:00:00,0.3320094,0.21430455,0.18433939,0.28060213313996796,0.16561531002289456,False
1979-07-20 11:00:00,0.40398148,0.23499987,0.19912405,0.3305649614036083,0.1647919027035202,False
1979-07-20 12:00:00,0.40517777,0.2565849,0.21561725,0.34011073893308635,0.16398853217745973,False
1979-07-20 13:00:00,0.40577388,0.25975943,0.21687204,0.34169384586811063,0.16268051149569604,False
1979-07-20 14:00:00,0.37791717,0.24832942,0.21046183,0.3210567004233599,0.16164044814492418,False
1979-07-20 15:00:00,0.31016508,0.22826898,0.19565853,0.27376206454634666,0.16080192839041504,False
1979-07-20 16:00:00,0.26149735,0.1989084,0.17333369,0.23364119024574756,0.1603631588257616,False
1979-07-20 17:00:00,0.17904061,0.1658115,0.14943781,0.17256051571667191,0.16017648280751112,False
1979-07-20 18:00:00,0.09620458,0.14375128,0.1309437,0.11562522362172603,0.1601918598379086,False
1979-07-20 19:00:00,0.034333155,0.12931676,0.11528426,0.07375346525013446,0.16001875456280537,False
1979-07-20 20:00:00,0.0021867242,0.11915137,0.10324365,0.05080375198391267,0.15978259436512207,False
1979-07-20 21:00:00,0.0,0.11049975,0.09508378,0.04590893083065748,0.1594997799108639,False
1979-07-20 22:00:00,0.0,0.123982236,0.11212781,0.0518043467849493,0.15927715477448848,False
1979-07-20 23:00:00,0.0,0.11558617,0.10477187,0.04830897722393274,0.1590583258467629,False
1979-07-21 00:00:00,0.0,0.10826617,0.09541593,0.04510267583280801,0.15883343619395937,False
1979-07-21 01:00:00,0.0,0.10040844,0.08667886,0.04173137379437685,0.15863038660687354,False
1979-07-21 02:00:00,0.0,0.09073512,0.078397796,0.0377147411853075,0.1584612030518144,False
1979-07-21 03:00:00,8.643977e-08,0.08634725,0.07462422,0.035891893686424314,0.15834289306969343,False
1979-07-21 04:00:00,0.004114418,0.087826654,0.07549554,0.038858813746366655,0.15822524506821115,False
1979-07-21 05:00:00,0.041487973,0.09788722,0.082751475,0.06452752363309264,0.15813447860644617,False
1979-07-21 06:00:00,0.10954425,0.119817294,0.09930854,0.11278227361291647,0.1581164567597516,False
1979-07-21 07:00:00,0.16333905,0.15956686,0.12770852,0.16002306433022023,0.15829701384728107,False
1979-07-21 08:00:00,0.24812666,0.20315206,0.15987502,0.2267654418349266,0.15862601742067636,False
1979-07-21 09:00:00,0.32917804,0.24629767,0.19068472,0.2911165423840284,0.1591182442200055,False
1979-07-21 10:00:00,0.35788697,0.20553783,0.15858418,0.2909077850282192,0.15973773772468122,False
1979-07-21 11:00:00,0.40347576,0.23153871,0.18043305,0.32798668411374093,0.16150431640986307,False
1979-07-21 12:00:00,0.38819528,0.25420308,0.1981159,0.3284878699481487,0.16305442966067496,False
1979-07-21 13:00:00,0.40130013,0.265099,0.20751542,0.340577535867691,0.16485522999844157,False
1979-07-21 14:00:00,0.374693,0.25264978,0.19914031,0.32017921170592306,0.16660639721819462,False
1979-07-21 15:00:00,0.32254785,0.23185524,0.18383357,0.28159170874953265,0.16797136561584922,False
1979-07-21 16:00:00,0.25925657,0.20153928,0.15979053,0.23258772403001782,0.16919691159961073,False
1979-07-21 17:00:00,0.18052077,0.1679463,0.13550295,0.17344982771575448,0.16975416514134603,False
1979-07-21 18:00:00,0.10024743,0.14942846,0.12394302,0.11967478975653648,0.17013019265371013,False
1979-07-21 19:00:00,0.0324409,0.13495494,0.11632547,0.07479834945499897,0.17054915717955008,False
1979-07-21 20:00:00,0.00199235,0.12711026,0.11124248,0.054060364996548746,0.17082766334414431,False
1979-07-21 21:00:00,0.0,0.12857266,0.11375844,0.053586266309022905,0.17120795945761344,False
1979-07-21 22:00:00,0.0,0.13763599,0.11991187,0.0572629217505455,0.1716606594583354,False
1979-07-21 23:00:00,0.0,0.13367341,0.11229359,0.05538934403657913,0.17205359208475415,False
1979-07-22 00:00:00,0.0,0.13360861,0.1126412,0.05538420170545578,0.17248343119615306,False
1979-07-22 01:00:00,0.0,0.13424046,0.11503208,0.055746463134884836,0.17295598509240515,False
1979-07-22 02:00:00,0.0,0.13577928,0.120699026,0.05662030041217804,0.17349155816001435,False
1979-07-22 03:00:00,2.8813256e-08,0.13831875,0.12391451,0.05773101791294733,0.17408694559087592,False
1979-07-22 04:00:00,0.0037229026,0.13936459,0.12517484,0.060333087887847796,0.17470749451744771,False
1979-07-22 05:00:00,0.037394445,0.14485383,0.12833412,0.08195770085975528,0.1752878907971452,False
1979-07-22 06:00:00,0.10590507,0.15976283,0.13993897,0.1276164141446352,0.17575147872920102,False
1979-07-22 07:00:00,0.18034592,0.18057531,0.15457997,0.17903920546174046,0.1762924595944486,False
1979-07-22 08:00:00,0.28197822,0.2000401,0.16954438,0.24567162716388702,0.17722929966951675,False
1979-07-22 09:00:00,0.36535016,0.21999711,0.18655269,0.30205981862545017,0.17798780062924094,False
1979-07-22 10:00:00,0.4729454,0.22280028,0.19065025,0.36539791002869604,0.17805282315927515,False
1979-07-22 11:00:00,0.5297708,0.23932698,0.20335174,0.40497039744257923,0.178661354331352,False
1979-07-22 12:00:00,0.5489952,0.26504847,0.22177851,0.42654915514588354,0.17839208451570587,False
1979-07-22 13:00:00,0.5370626,0.27989402,0.23303455,0.4257498724162579,0.1782789361347036,False
1979-07-22 14:00:00,0.45529032,0.2994243,0.24787235,0.3865751835107803,0.1773553122090078,False
1979-07-22 15:00:00,0.36534956,0.29430357,0.24413998,0.332588271766901,0.1764544791635649,False
1979-07-22 16:00:00,0.26983935,0.25245246,0.21364997,0.2603893602490425,0.17559923736725266,False
1979-07-22 17:00:00,0.17889054,0.21007068,0.18285021,0.19060983631014825,0.17492373420023932,False
1979-07-22 18:00:00,0.10284931,0.18314297,0.16317981,0.13573552086204288,0.17434128666286308,False
1979-07-22 19:00:00,0.029191367,0.16810097,0.15276083,0.08712176115065813,0.17383359306761015,False
1979-07-22 20:00:00,0.0014419882,0.16307029,0.14912964,0.06905796543043106,0.17332770112476417,False
1979-07-22 21:00:00,0.0,0.16160719,0.14824958,0.06763853086531163,0.17288414022378265,False
1979-07-22 22:00:00,0.0,0.1690048,0.15374708,0.07066511285305023,0.17241874882723776,False
1979-07-22 23:00:00,0.0,0.16478707,0.15064493,0.0689412545710802,0.17186796526103854,False
1979-07-23 00:00:00,0.0,0.161991,0.14834414,0.06778526285290717,0.17135349446028114,False
1979-07-23 01:00:00,0.0,0.1611894,0.14740722,0.06743888103961945,0.17084576405916008,False
1979-07-23 02:00:00,0.0,0.15837277,0.14544044,0.06629333786666393,0.1703491753964277,False
1979-07-23 03:00:00,0.0,0.15685262,0.14443752,0.06567824216187,0.1698324139933625,False
1979-07-23 04:00:00,0.0029636163,0.15520807,0.14326023,0.06671783517184668,0.16928214171915842,False
1979-07-23 05:00:00,0.03986308,0.1521778,0.14120631,0.08677974437177181,0.16871575771594693,False
1979-07-23 06:00:00,0.119256414,0.16722393,0.15245877,0.13874935514479875,0.16809373644107295,False
1979-07-23 07:00:00,0.20344889,0.21039745,0.18453181,0.20499138793349267,0.16728208057152072,False
1979-07-23 08:00:00,0.29389104,0.2251404,0.19484355,0.2631734879016876,0.1663998499851484,False
1979-07-23 09:00:00,0.3517912,0.21944802,0.1903293,0.29423762382566926,0.16506824581624283,False
1979-07-23 10:00:00,0.3910249,0.22736353,0.1962737,0.3201172812879085,0.1636314459614266,False
1979-07-23 11:00:00,0.3915933,0.21432601,0.18566847,0.31506173296272755,0.16158674229841022,False
1979-07-23 12:00:00,0.40826946,0.21056472,0.18123862,0.32305674766004083,0.1598041893860446,False
1979-07-23 13:00:00,0.37096763,0.19792879,0.1696212,0.29624358743429186,0.15799126888753812,False
1979-07-23 14:00:00,0.34467858,0.1881263,0.16002002,0.2769392255246639,0.15621962816582957,False
1979-07-23 15:00:00,0.29438666,0.1704054,0.1444335,0.2405401025265455,0.1545871067525629,False
1979-07-23 16:00:00,0.2423297,0.1453632,0.1240799,0.20016357201337814,0.15362952679213723,False
1979-07-23 17:00:00,0.1695725,0.11470807,0.09855061,0.14549234592169522,0.15276351183284662,False
1979-07-23 18:00:00,0.097089574,0.09449607,0.081773385,0.0953054971843958,0.1521267682761385,False
1979-07-23 19:00:00,0.02794684,0.08256824,0.07263941,0.05051553619839251,0.1513676936356782,False
1979-07-23 20:00:00,0.0013176012,0.076718286,0.06852108,0.03276944174943492,0.15063007478179688,False
1979-07-23 21:00:00,0.0,0.0748685,0.067055605,0.031247479274868966,0.14987012583887016,False
1979-07-23 22:00:00,0.0,0.073835894,0.066293806,0.030825310572981837,0.14912904311934297,False
1979-07-23 23:00:00,0.0,0.073577195,0.06564371,0.030694745600223543,0.14827439457209593,False
1979-07-24 00:00:00,0.0,0.07436243,0.0661742,0.031013142451643945,0.147482140287606,False
1979-07-24 01:00:00,0.0,0.076502346,0.06816374,0.03191020732372999,0.1466779504719544,False
1979-07-24 02:00:00,0.0,0.07635868,0.067396276,0.03181575306504965,0.14585837975362126,False
1979-07-24 03:00:00,0.0,0.075180225,0.066230476,0.03131794875115156,0.1450405347434226,False
1979-07-24 04:00:00,0.0030754982,0.07547849,0.06519503,0.03314665573369712,0.14419768177749398,False
1979-07-24 05:00:00,0.034432672,0.077733524,0.06572884,0.05210067966580391,0.14331895540301962,False
1979-07-24 06:00:00,0.095204294,0.08143025,0.0680795,0.08865693240612744,0.1424652941887077,False
1979-07-24 07:00:00,0.17412221,0.08766715,0.0717489,0.13669213731586932,0.1415416398277006,False
1979-07-24 08:00:00,0.25231206,0.0877007,0.070537165,0.18175462705641984,0.1403152244175284,False
1979-07-24 09:00:00,0.3424467,0.086324506,0.067554235,0.23309342559427024,0.138978558395101,False
1979-07-24 10:00:00,0.39430907,0.09619415,0.078521445,0.2672521342039108,0.13828470203168344,False
1979-07-24 11:00:00,0.47780755,0.1061722,0.083988145,0.3194078576490283,0.13747135262599178,False
1979-07-24 12:00:00,0.5045182,0.11774195,0.09213304,0.3395289712175727,0.13760738164609884,False
1979-07-24 13:00:00,0.49667612,0.131779,0.10189902,0.34071111777424806,0.13774364034750464,False
1979-07-24 14:00:00,0.4378397,0.13571174,0.10190783,0.3082141556739807,0.13791465585698648,False
1979-07-24 15:00:00,0.40128958,0.13424566,0.10266101,0.28662443366646767,0.13788018271665053,False
1979-07-24 16:00:00,0.288149,0.1278107,0.09993557,0.21882064220309255,0.13757200237973247,False
1979-07-24 17:00:00,0.20062421,0.10743299,0.085985206,0.16004614558815955,0.13712678929313982,False
1979-07-24 18:00:00,0.11013287,0.086677395,0.06980207,0.09929993811994789,0.13658021677602125,False
1979-07-24 19:00:00,0.03443345,0.0773695,0.06108534,0.05171605616435408,0.13592695769109261,False
1979-07-24 20:00:00,0.0016720043,0.07684159,0.060391147,0.032580416169948875,0.13532590444082784,False
1979-07-24 21:00:00,0.0,0.07796283,0.06107918,0.03206656032800674,0.13469132026028766,False
1979-07-24 22:00:00,0.0,0.07179371,0.058335233,0.029641982585191726,0.13406621656236475,False
1979-07-24 23:00:00,0.0,0.074931964,0.06042878,0.030913048915565015,0.13345703818247365,False
1979-07-25 00:00:00,0.0,0.070765525,0.056882832,0.029184151701629163,0.13285773567360537,False
1979-07-25 01:00:00,0.0,0.06817399,0.054505266,0.02809948655962944,0.13225938721932415,False
1979-07-25 02:00:00,0.0,0.06557924,0.052556235,0.0270367773771286,0.13165106229524773,False
1979-07-25 03:00:00,0.0,0.061072975,0.04972911,0.025221299797296523,0.13104938425400123,False
1979-07-25 04:00:00,0.0030568845,0.055031866,0.045710895,0.024538969197077678,0.13046427993840135,False
1979-07-25 05:00:00,0.042070232,0.052002028,0.043346923,0.04580400608479976,0.1298849649612961,False
1979-07-25 06:00:00,0.12473667,0.054224476,0.0450381,0.09441394581645728,0.1293801983907755,False
1979-07-25 07:00:00,0.21404219,0.054923385,0.04359958,0.14612344824522733,0.12910369807439995,False
1979-07-25 08:00:00,0.30512476,0.055990554,0.04251885,0.19901351882517337,0.12901858158235888,False
1979-07-25 09:00:00,0.41303247,0.055284288,0.040979255,0.2609325183816254,0.12939399824142986,False
1979-07-25 10:00:00,0.45794302,0.041186497,0.030473495,0.2810765098147094,0.1297786971387972,False
1979-07-25 11:00:00,0.5304899,0.03795233,0.027667249,0.3215911259278655,0.1303221761677312,False
1979-07-25 12:00:00,0.5463827,0.035085447,0.025700053,0.3295971653275191,0.13041887735403673,False
1979-07-25 13:00:00,0.5051341,0.031769175,0.02346532,0.3044523318894207,0.13021586188849513,False
1979-07-25 14:00:00,0.458437,0.0263477,0.01933457,0.27528451478853816,0.12995588885493098,False
1979-07-25 15:00:00,0.37560317,0.022098847,0.01611006,0.22574744635447858,0.129639441212726,False
1979-07-25 16:00:00,0.297007,0.01817073,0.013246462,0.17879334385693071,0.12899396061583876,False
1979-07-25 17:00:00,0.19908594,0.010736153,0.007826656,0.11925686510000376,0.12860966869083687,False
1979-07-25 18:00:00,0.10605652,0.0067450516,0.0049171424,0.06394906110782175,0.12809420640589037,False
1979-07-25 19:00:00,0.034340877,0.00453097,0.0033030773,0.021664980185683816,0.12748347777676292,False
1979-07-25 20:00:00,0.0014382135,0.0036231026,0.0026412415,0.0023094010835047808,0.12691527357161925,False
1979-07-25 21:00:00,0.0,0.003042618,0.0022180688,0.0012425017745699733,0.1263060149104174,False
1979-07-25 22:00:00,0.0,0.003880706,0.0028290343,0.0015847483382094652,0.12569767442402804,False
1979-07-25 23:00:00,0.0,0.0047218064,0.0034421966,0.0019282251745462416,0.12517411845607126,False
1979-07-26 00:00:00,0.0,0.0056136325,0.004092338,0.0022924166461452842,0.12465184157701585,False
1979-07-26 01:00:00,0.0,0.0066377,0.0048388834,0.0027106109680607917,0.12417125255892895,False
1979-07-26 02:00:00,0.0,0.0071876873,0.0052398234,0.002935207085218281,0.12370727988348951,False
1979-07-26 03:00:00,0.0,0.007916775,0.005771329,0.003232941602356732,0.12326216980732423,False
1979-07-26 04:00:00,0.0028589377,0.00903584,0.006587128,0.005339536832645536,0.12285294815821252,False
1979-07-26 05:00:00,0.04138099,0.00978302,0.0071318224,0.027871884280815717,0.12249037997038927,False
1979-07-26 06:00:00,0.122683406,0.01125606,0.008205667,0.07538491722010075,0.12221775246247076,False
1979-07-26 07:00:00,0.22029619,0.013457645,0.009810623,0.13260654569789768,0.12205592278424543,False
1979-07-26 08:00:00,0.33631185,0.014013632,0.010215939,0.19977462669182566,0.12196770144427088,False
1979-07-26 09:00:00,0.42621335,0.013796123,0.010057374,0.25155897266790267,0.12228295503741489,False
1979-07-26 10:00:00,0.50084907,0.010650287,0.0077640596,0.29333912759274244,0.12252159890166221,False
1979-07-26 11:00:00,0.5520077,0.013568921,0.009891744,0.3240495145916939,0.12323534309420163,False
1979-07-26 12:00:00,0.56066823,0.0153750805,0.011208434,0.32978422887157643,0.12366787961740872,False
1979-07-26 13:00:00,0.55609626,0.01803498,0.013147501,0.3282324121631682,0.12379567261415116,False
1979-07-26 14:00:00,0.49379054,0.019853584,0.014473264,0.293024668848142,0.12448391191306728,False
1979-07-26 15:00:00,0.42883652,0.020086614,0.014643142,0.2556413650158792,0.12477931949999232,False
1979-07-26 16:00:00,0.33502758,0.01729752,0.012609891,0.20037462980300189,0.12539059150558945,False
1979-07-26 17:00:00,0.22491136,0.013542019,0.009872132,0.13530395591072739,0.12593747063328872,False
1979-07-26 18:00:00,0.11455334,0.009520104,0.006940156,0.06998496392183005,0.1262486679308005,False
1979-07-26 19:00:00,0.037205663,0.00728412,0.0053101233,0.024442254317458716,0.1264722474730268,False
1979-07-26 20:00:00,0.0014814623,0.006075914,0.0044293413,0.0033360004322603343,0.12653606751583915,False
1979-07-26 21:00:00,0.0,0.0070187454,0.0051166653,0.002866216981317848,0.12659339192604188,False
1979-07-26 22:00:00,0.0,0.011047188,0.0080534015,0.00451129612326622,0.1266456009632088,False
1979-07-26 23:00:00,0.0,0.014310101,0.010432064,0.005843758720904589,0.12668786760834286,False
1979-07-27 00:00:00,0.0,0.014976464,0.010917843,0.006115878833457828,0.1267102005097108,False
1979-07-27 01:00:00,0.0,0.014273466,0.010405358,0.005828798138536513,0.12671408110570287,False
1979-07-27 02:00:00,0.0,0.013888261,0.010124543,0.0056714937211945655,0.12671130116090304,False
1979-07-27 03:00:00,0.0,0.013660933,0.009958822,0.005578660639934242,0.1267068242623495,False
1979-07-27 04:00:00,0.003079359,0.013122802,0.009566523,0.007135696181561797,0.12669476232597612,False
1979-07-27 05:00:00,0.04666194,0.014188122,0.010343141,0.032717885704711076,0.1266675634475148,False
1979-07-27 06:00:00,0.13910025,0.015636157,0.011398758,0.08664612126164138,0.12666805086202365,False
1979-07-27 07:00:00,0.23481174,0.015678218,0.011429421,0.1418888239264488,0.1268312096127915,False
1979-07-27 08:00:00,0.35802472,0.018526101,0.013505528,0.2141456912960857,0.12718623613587451,False
1979-07-27 09:00:00,0.4578079,0.02015904,0.014695941,0.2723874238654971,0.1277032778290008,False
1979-07-27 10:00:00,0.53112596,0.021736752,0.015846092,0.3153362310566008,0.12854314818535395,False
1979-07-27 11:00:00,0.5766795,0.023529852,0.017153263,0.34235287904180584,0.1294694423741258,False
1979-07-27 12:00:00,0.56386065,0.025427267,0.018536478,0.33573122917115683,0.1300883009374806,False
1979-07-27 13:00:00,0.56504494,0.02805544,0.020452417,0.33748781823739404,0.1306087534547982,False
1979-07-27 14:00:00,0.48008633,0.03049781,0.022232901,0.28946407896094023,0.13079096298606063,False
1979-07-27 15:00:00,0.41938353,0.03208937,0.023393152,0.2550885026231408,0.13074227730193957,False
1979-07-27 16:00:00,0.33493018,0.028868288,0.021044983,0.20504354198649524,0.13075687361396507,False
1979-07-27 17:00:00,0.21643905,0.022795731,0.016618088,0.1341943353805691,0.13066418428262547,False
1979-07-27 18:00:00,0.11709632,0.017426286,0.012703761,0.0746808791346848,0.1305173538763624,False
1979-07-27 19:00:00,0.033766687,0.012843782,0.009363117,0.02472834224067628,0.13043360052790326,False
1979-07-27 20:00:00,0.0013003999,0.01055583,0.0076952004,0.0050609727732371535,0.13035796976490574,False
1979-07-27 21:00:00,0.0,0.009179353,0.006691748,0.003748535558581352,0.13031666914564094,False
1979-07-27 22:00:00,0.0,0.008848796,0.0064507723,0.0036135473046451805,0.13027498996365294,False
1979-07-27 23:00:00,0.0,0.0073468518,0.0053558545,0.003000204440206289,0.13021456064801726,False
1979-07-28 00:00:00,0.0,0.006069764,0.004424858,0.002478685253765434,0.13014001785142873,False
1979-07-28 01:00:00,0.0,0.0063109407,0.004600676,0.0025771736176684497,0.1300763302236429,False
1979-07-28 02:00:00,0.0,0.0066614654,0.004856208,0.0027203159546479584,0.13004570863896345,False
1979-07-28 03:00:00,0.0,0.0064989952,0.004737767,0.0026539686564356086,0.1300546334121592,False
1979-07-28 04:00:00,0.0027346371,0.00601447,0.0043845484,0.0040339906665030865,0.1300990498412267,False
1979-07-28 05:00:00,0.044924647,0.004833309,0.0035234827,0.027895280177239325,0.1301489016322625,False
1979-07-28 06:00:00,0.14168783,0.003581743,0.0026110904,0.08321653725695796,0.13015439723270367,False
1979-07-28 07:00:00,0.25721464,0.0030241844,0.00220463,0.14964781880588268,0.13006174533862042,False
1979-07-28 08:00:00,0.38712215,0.0029952175,0.0021835135,0.22459262796188703,0.1302614643693409,False
1979-07-28 09:00:00,0.50332993,0.0035541123,0.0025909478,0.2918727497728541,0.13041439493750728,False
1979-07-28 10:00:00,0.5817606,0.0052046226,0.00379417,0.3378012486537918,0.13062814045244714,False
1979-07-28 11:00:00,0.6094199,0.0051900833,0.0037835706,0.3537547256327234,0.1306913662873104,False
1979-07-28 12:00:00,0.6105144,0.006119852,0.004461373,0.3547659497028216,0.13063431883837448,False
1979-07-28 13:00:00,0.5787412,0.00745606,0.0054354677,0.33697846966376527,0.13081794232736693,False
1979-07-28 14:00:00,0.4982138,0.007881152,0.0057453597,0.2906877560103312,0.13053096428072433,False
1979-07-28 15:00:00,0.4390429,0.0073812143,0.0053809057,0.25634198799310254,0.13046636578127627,False
1979-07-28 16:00:00,0.3348852,0.0066038207,0.004814185,0.19592554189870132,0.13008278830393413,False
1979-07-28 17:00:00,0.21888384,0.0047999085,0.0034991335,0.12825609641009938,0.12946059433073312,False
1979-07-28 18:00:00,0.11204722,0.0032166208,0.002344916,0.06596480319579132,0.1290095219134559,False
1979-07-28 19:00:00,0.034401063,0.002357112,0.0017183349,0.02081197769357823,0.12867588763743523,False
1979-07-28 20:00:00,0.00096806773,0.0019467723,0.001419197,0.0013535707075498066,0.12858205873318676,False
1979-07-28 21:00:00,0.0,0.002119707,0.0015452664,0.0008656162458937616,0.12866618959487164,False
1979-07-28 22:00:00,0.0,0.003944229,0.002875343,0.0016106889727525414,0.12878961508847056,False
1979-07-28 23:00:00,0.0,0.00554822,0.004044653,0.0022657044846564533,0.12897043222885327,False
1979-07-29 00:00:00,0.0,0.0074905176,0.0054605873,0.003058872699737549,0.1291689777447398,False
1979-07-29 01:00:00,0.0,0.010674155,0.0077814586,0.0043589620739221575,0.12941044017725722,False
1979-07-29 02:00:00,0.0,0.014937294,0.010889286,0.006099882834590972,0.12969094423659477,False
1979-07-29 03:00:00,0.0,0.018881712,0.013764768,0.00771064923517406,0.13001022585464742,False
1979-07-29 04:00:00,0.0024288998,0.019901527,0.014508213,0.009528582151280718,0.13036533304787806,False
1979-07-29 05:00:00,0.04178835,0.021720212,0.015834035,0.032981674525886774,0.1307859526802623,False
1979-07-29 06:00:00,0.12509009,0.024541335,0.017890636,0.08219883034564554,0.13098696332294224,False
1979-07-29 07:00:00,0.23872072,0.033630334,0.024516512,0.15147533740103244,0.13073209148923656,False
1979-07-29 08:00:00,0.35785356,0.03674364,0.026786111,0.2214863585680723,0.13040708522167135,False
1979-07-29 09:00:00,0.46065512,0.041260052,0.030078579,0.28264720858260983,0.1299384759458172,False
1979-07-29 10:00:00,0.5322793,0.027538795,0.020075785,0.31837107113003726,0.12916985043098317,False
1979-07-29 11:00:00,0.56561506,0.032457925,0.023661826,0.3396146014928817,0.12878656709839145,False
1979-07-29 12:00:00,0.5730122,0.034080047,0.024844358,0.3445451566427946,0.12930068323355537,False
1979-07-29 13:00:00,0.536532,0.034610905,0.02523135,0.3237128719985485,0.12996640833420506,False
1979-07-29 14:00:00,0.4730457,0.03285283,0.023949713,0.2863633509874344,0.13088455166198953,False
1979-07-29 15:00:00,0.3850885,0.035460144,0.025850445,0.23667678371071812,0.1321476038329111,False
1979-07-29 16:00:00,0.2787183,0.03515909,0.025630975,0.17517823127284643,0.13311176370444996,False
1979-07-29 17:00:00,0.17613478,0.0267238,0.019481648,0.11254285935126244,0.13386757267428348,False
1979-07-29 18:00:00,0.08612285,0.021974284,0.016019253,0.05866643388569354,0.134183439510116,False
1979-07-29 19:00:00,0.021062229,0.019765722,0.014409213,0.02022455483675003,0.1344814238465558,False
1979-07-29 20:00:00,0.0004298361,0.021674769,0.015800906,0.009099254134111105,0.13469773893973924,False
1979-07-29 21:00:00,0.0,0.023686985,0.017267814,0.009672959251329303,0.13494914721707094,False
1979-07-29 22:00:00,0.0,0.030102335,0.021944601,0.01229277004301548,0.1352039266072322,False
1979-07-29 23:00:00,0.0,0.030684212,0.022368794,0.01253038920275867,0.13558938930538056,False
1979-07-30 00:00:00,0.0,0.03445165,0.025115253,0.014068882014602423,0.13592512409941332,False
1979-07-30 01:00:00,0.0,0.03928184,0.028636463,0.016041368465870617,0.13618091367737428,False
1979-07-30 02:00:00,0.0,0.044190343,0.032214757,0.018045833621174096,0.13635801701334344,False
1979-07-30 03:00:00,0.0,0.04823887,0.03516613,0.019699113931506872,0.13649079306213455,False
1979-07-30 04:00:00,0.00093032233,0.058004186,0.042285047,0.024223733020946384,0.13658946178887776,False
1979-07-30 05:00:00,0.01866465,0.06556444,0.047796477,0.037543791025877,0.1366932844931635,False
1979-07-30 06:00:00,0.06439912,0.08282851,0.06038289,0.07098268923908471,0.13686135880547293,False
1979-07-30 07:00:00,0.16270101,0.09826011,0.072426915,0.13404751796275377,0.13710174269969447,False
1979-07-30 08:00:00,0.27148482,0.111254476,0.08147664,0.20209938272088765,0.13702123483793371,False
1979-07-30 09:00:00,0.35154572,0.12733804,0.09535386,0.2549787250608206,0.1366995275089194,False
1979-07-30 10:00:00,0.45107132,0.1437865,0.11256066,0.3194036486893892,0.1364330110752787,False
1979-07-30 11:00:00,0.5439495,0.15716954,0.12181275,0.3784323001205921,0.13615273389448282,False
1979-07-30 12:00:00,0.5531269,0.16430327,0.12849337,0.38672075453400606,0.1355507170889669,False
1979-07-30 13:00:00,0.54706323,0.15899421,0.12453704,0.38104934939742086,0.13456393155838856,False
1979-07-30 14:00:00,0.49952468,0.15345344,0.11970739,0.35131426021456713,0.13356241964753587,False
1979-07-30 15:00:00,0.43032044,0.13212241,0.103214756,0.30262166182696815,0.13268485523452853,False
1979-07-30 16:00:00,0.33172697,0.09912217,0.07818208,0.23220437245070932,0.1320760834787028,False
1979-07-30 17:00:00,0.20178872,0.065494865,0.052185293,0.14341770453006025,0.13183463790992458,False
1979-07-30 18:00:00,0.10561795,0.046952028,0.037059207,0.08026805134490132,0.1317393996151229,False
1979-07-30 19:00:00,0.028283723,0.03625551,0.027724287,0.031195102166384454,0.13189856786792195,False
1979-07-30 20:00:00,0.0007572411,0.031768885,0.02336151,0.013421168019471224,0.13218970897509588,False
1979-07-30 21:00:00,0.0,0.032059334,0.023428382,0.013095026973634957,0.13250340420537401,False
1979-07-30 22:00:00,0.0,0.04901646,0.037515268,0.02011289848387241,0.1328531489265734,False
1979-07-30 23:00:00,0.0,0.044897377,0.033589672,0.018380974598228933,0.1332053223387921,False
1979-07-31 00:00:00,0.0,0.03754144,0.02748112,0.015336772441864014,0.13345842747221476,False
1979-07-31 01:00:00,0.0,0.031491168,0.02295706,0.01285992220044136,0.13369382476684413,False
1979-07-31 02:00:00,0.0,0.030544005,0.022266578,0.01247313317656517,0.13396104289725197,False
1979-07-31 03:00:00,0.0,0.030479394,0.022219477,0.01244674811884761,0.13420514583139456,False
1979-07-31 04:00:00,0.0017602305,0.03304981,0.024093311,0.014512071956996806,0.13441314684826655,False
1979-07-31 05:00:00,0.039454535,0.044770855,0.03265795,0.04104924151673913,0.1345898693427711,False
1979-07-31 06:00:00,0.1234829,0.055027347,0.0404173,0.09373725726827979,0.13489441698803914,False
1979-07-31 07:00:00,0.21259089,0.061039366,0.044860955,0.1476109600365162,0.1352721052458389,False
1979-07-31 08:00:00,0.3143375,0.060415592,0.04404297,0.20604440677538513,0.13562316043471953,False
1979-07-31 09:00:00,0.42264628,0.0636378,0.046391953,0.26985441976785657,0.13582551438329155,False
1979-07-31 10:00:00,0.47681573,0.072944954,0.05330374,0.30491776645183566,0.13602199191971406,False
1979-07-31 11:00:00,0.4966376,0.059157453,0.04312578,0.3107177948281169,0.13589344552033925,False
1979-07-31 12:00:00,0.47526443,0.056204177,0.040972844,0.297179451175034,0.13504853294664407,False
1979-07-31 13:00:00,0.43694,0.05760983,0.041997865,0.27564030027762054,0.1341419588457672,False
1979-07-31 14:00:00,0.38660222,0.051842652,0.037793294,0.24424025916308165,0.13319296899902358,False
1979-07-31 15:00:00,0.32283443,0.051865906,0.03781024,0.20745573943108317,0.13191895078587068,False
1979-07-31 16:00:00,0.24814676,0.049962893,0.036515877,0.16358884397149084,0.13075362389409326,False
1979-07-31 17:00:00,0.1548317,0.045591366,0.033524457,0.10797142120078206,0.12990362616378848,False
1979-07-31 18:00:00,0.07932116,0.050205033,0.037269313,0.06630651002004743,0.129661188928864,False
1979-07-31 19:00:00,0.020906983,0.054063298,0.04049337,0.03419932798109948,0.12966827116012916,False
1979-07-31 20:00:00,0.00033250495,0.058548376,0.043711465,0.024156625187461034,0.12991407651825532,False
1979-07-31 21:00:00,0.0,0.06461977,0.04844463,0.02646070586889982,0.13031325240870387,False
1979-07-31 22:00:00,0.0,0.07121652,0.054040678,0.029197093829512594,0.13080197977595412,False
1979-07-31 23:00:00,0.0,0.060390566,0.04435772,0.02467943560704589,0.13156300564989828,False
1979-08-01 00:00:00,0.0,0.062120628,0.045285936,0.02536795215681195,0.13242777629098304,False
1979-08-01 01:00:00,0.0,0.07034293,0.05391293,0.028867838725447653,0.13335684279999144,False
1979-08-01 02:00:00,0.0,0.07235316,0.056749217,0.029762774460017682,0.1342480517057181,False
1979-08-01 03:00:00,0.0,0.07219815,0.056334157,0.029683162741363046,0.13507469737338282,False
1979-08-01 04:00:00,0.0013423808,0.077451885,0.062076177,0.03270641275716479,0.13579059151205614,False
1979-08-01 05:00:00,0.027215874,0.087940514,0.07423091,0.052162077998742465,0.1364193987607639,False
1979-08-01 06:00:00,0.085868254,0.09511353,0.08275648,0.08911172561347484,0.13689892778719398,False
1979-08-01 07:00:00,0.17784742,0.11635025,0.0990179,0.15089816702902317,0.13723806534889088,False
1979-08-01 08:00:00,0.2632716,0.14473264,0.12033917,0.2118123722523451,0.1377256837862382,False
1979-08-01 09:00:00,0.35218066,0.14799951,0.12202939,0.26440964680910106,0.13884145614057714,False
1979-08-01 10:00:00,0.42865658,0.15966766,0.12928168,0.31323342151939865,0.14026675345115297,False
1979-08-01 11:00:00,0.47730848,0.15145068,0.12192967,0.3378764965832233,0.14108003729383084,False
1979-08-01 12:00:00,0.4903375,0.14637783,0.1160564,0.34320519769191743,0.14267961244195013,False
1979-08-01 13:00:00,0.47976294,0.14262487,0.11196375,0.33549783675372596,0.14493677104283056,False
1979-08-01 14:00:00,0.40604568,0.13636209,0.102878146,0.29016138598322866,0.147719062680797,False
1979-08-01 15:00:00,0.33379072,0.13205399,0.099274166,0.24668597102165218,0.15026352870863174,False
1979-08-01 16:00:00,0.25009987,0.11508478,0.085751355,0.19140448139607905,0.15241083580017953,False
1979-08-01 17:00:00,0.16084497,0.09542611,0.06964696,0.131780717253685,0.1538211509272915,False
1979-08-01 18:00:00,0.0807235,0.083333425,0.060750075,0.08060799844563007,0.15489716957854038,False
1979-08-01 19:00:00,0.019100882,0.07829386,0.057076223,0.042993759356439114,0.15566591505329055,False
1979-08-01 20:00:00,0.0002763191,0.07928886,0.058603413,0.03258161076100077,0.1561655924051605,False
1979-08-01 21:00:00,0.0,0.08909591,0.068102755,0.0365539406016469,0.15654865282302918,False
1979-08-01 22:00:00,0.0,0.13767847,0.10812562,0.05664214043319225,0.1568696376303603,False
1979-08-01 23:00:00,0.0,0.14538394,0.115616515,0.059889965370297435,0.15717316634901066,False
1979-08-02 00:00:00,0.0,0.14532067,0.11682663,0.05993196487426758,0.15750801078341167,False
1979-08-02 01:00:00,0.0,0.13500036,0.10782992,0.05563794967532158,0.15777691873064462,False
1979-08-02 02:00:00,0.0,0.12658764,0.10076453,0.05215212522447109,0.15791427842056574,False
1979-08-02 03:00:00,0.0,0.1138748,0.08870121,0.046809666775166986,0.15798441063421043,False
1979-08-02 04:00:00,0.0013116946,0.10734907,0.080114186,0.04469481989496853,0.15798933231592374,False
1979-08-02 05:00:00,0.032270987,0.11104553,0.08278656,0.06406663478538394,0.15790184379922906,False
1979-08-02 06:00:00,0.10071042,0.1268081,0.094699174,0.11001586022973059,0.15782474492186585,False
1979-08-02 07:00:00,0.19600676,0.14086875,0.11000323,0.1710166450291872,0.1579911668589236,False
1979-08-02 08:00:00,0.30849728,0.19802149,0.15793742,0.2596014797836542,0.15798933845012353,False
1979-08-02 09:00:00,0.39994487,0.26113972,0.20629524,0.33826869067549703,0.15793075807577836,False
1979-08-02 10:00:00,0.4598397,0.19061863,0.15351124,0.3439553909003734,0.15771472415940122,False
1979-08-02 11:00:00,0.5166008,0.21696244,0.17332605,0.3874974019378424,0.15711029237922963,False
1979-08-02 12:00:00,0.5375898,0.23142609,0.18402831,0.4055230640172958,0.15644423316425862,False
1979-08-02 13:00:00,0.53249496,0.24754168,0.19625603,0.40919029890000813,0.15537862110532727,False
1979-08-02 14:00:00,0.45799902,0.24777009,0.1978154,0.36637462849915026,0.154297350544317,False
1979-08-02 15:00:00,0.3836708,0.21589743,0.17559767,0.31052647982537745,0.15364983884810687,False
1979-08-02 16:00:00,0.28033644,0.16789235,0.14032531,0.23128397007286547,0.15307648284429592,False
1979-08-02 17:00:00,0.18015894,0.13405763,0.11483967,0.15962031646072863,0.15257998841604126,False
1979-08-02 18:00:00,0.09093982,0.12191634,0.10642385,0.10320629280805588,0.15218324852859896,False
1979-08-02 19:00:00,0.023786724,0.1068767,0.09298886,0.05818384087085724,0.15172045202852988,False
1979-08-02 20:00:00,0.00041770574,0.10193577,0.086818725,0.042543525245157074,0.15117951373507527,False
1979-08-02 21:00:00,0.0,0.101085335,0.08458311,0.04186797662079334,0.1505682187543329,False
1979-08-02 22:00:00,0.0,0.10539405,0.09029755,0.04376647232472897,0.14988195821458558,False
1979-08-02 23:00:00,0.0,0.09827837,0.0830972,0.04075196845829487,0.1487737315976023,False
1979-08-03 00:00:00,0.0,0.09244176,0.07712082,0.0382755336239934,0.1476187591422544,False
1979-08-03 01:00:00,0.0,0.0857248,0.07090097,0.03546110384166241,0.14647234367825643,False
1979-08-03 02:00:00,0.0,0.08008843,0.0662313,0.03312912071496248,0.14542232951919634,False
1979-08-03 03:00:00,0.0,0.07232605,0.059835024,0.029919403463602067,0.1444627094916263,False
1979-08-03 04:00:00,0.001453715,0.066921026,0.05507985,0.02850696395582054,0.14361916619826426,False
1979-08-03 05:00:00,0.038280714,0.06379294,0.05247715,0.048461331885308025,0.1428265349610399,False
1979-08-03 06:00:00,0.124619894,0.06088775,0.050494816,0.09709997859224677,0.14198985123337488,False
1979-08-03 07:00:00,0.21378902,0.06660817,0.053254206,0.15081040340662002,0.1410656363960007,False
1979-08-03 08:00:00,0.3153651,0.06577518,0.051181618,0.20900051428377628,0.14014201620147418,False
1979-08-03 09:00:00,0.3998164,0.05701651,0.042719763,0.25404001882299776,0.13848114203692732,False
1979-08-03 10:00:00,0.47177747,0.029397884,0.021431059,0.28422069607116285,0.1363019038485752,False
1979-08-03 11:00:00,0.50964564,0.028993892,0.021136547,0.30590565426461397,0.1346854777932944,False
1979-08-03 12:00:00,0.48583588,0.028720599,0.020937318,0.2920558188632131,0.13262476668076134,False
1979-08-03 13:00:00,0.47316244,0.025913324,0.018890813,0.2835968498252332,0.13030217651079884,False
1979-08-03 14:00:00,0.4311734,0.025207203,0.018376052,0.25908082456514236,0.12781977547103704,False
1979-08-03 15:00:00,0.3642771,0.02198273,0.01602541,0.21916488283872604,0.12574090579613897,False
1979-08-03 16:00:00,0.27764633,0.01804953,0.013158109,0.16757274883985518,0.12407574281965701,False
1979-08-03 17:00:00,0.18716373,0.011616376,0.008468337,0.11273720265645533,0.12312816330212333,False
1979-08-03 18:00:00,0.09538922,0.008213681,0.005987774,0.05839376644231378,0.12252272499213003,False
1979-08-03 19:00:00,0.024170864,0.007547476,0.00550211,0.0170287212706171,0.12190887735473621,False
1979-08-03 20:00:00,0.0003441455,0.0074464567,0.005428467,0.0032394516853673848,0.12118657489997964,False
1979-08-03 21:00:00,0.0,0.00884852,0.0064505707,0.003613434693776071,0.12046082252925537,False
1979-08-03 22:00:00,0.0,0.008441601,0.006153927,0.00344726281799376,0.11972531757653034,False
1979-08-03 23:00:00,0.0,0.01090024,0.007946274,0.004451287513598799,0.11896924112420804,False
1979-08-04 00:00:00,0.0,0.0120088905,0.008754482,0.0049040226023644206,0.1183003191691618,False
1979-08-04 01:00:00,0.0,0.012824941,0.0093493825,0.005237270040437579,0.11770018804455451,False
1979-08-04 02:00:00,0.0,0.014913984,0.010872295,0.0060903639011085035,0.11719668676236454,False
1979-08-04 03:00:00,0.0,0.015475306,0.011281498,0.0063195886937901374,0.11675789092665347,False
1979-08-04 04:00:00,0.0011011561,0.014724912,0.01073446,0.006648520508198998,0.11639857222102856,False
1979-08-04 05:00:00,0.031775977,0.013642362,0.009945281,0.023905815857462584,0.1160582891997632,False
1979-08-04 06:00:00,0.1044186,0.013233269,0.009647052,0.06565354803577066,0.11575119018566941,False
1979-08-04 07:00:00,0.20903873,0.014858059,0.010831524,0.12668287569191305,0.11561939710674178,False
1979-08-04 08:00:00,0.30025423,0.01624237,0.011840687,0.1798795198854059,0.11582449930868104,False
1979-08-04 09:00:00,0.39144063,0.019110342,0.01393144,0.23366525763459503,0.11639816195976292,False
1979-08-04 10:00:00,0.4463079,0.021665083,0.015793845,0.26636694024689495,0.11756983299810121,False
1979-08-04 11:00:00,0.48317093,0.023982516,0.017483253,0.2885832685362547,0.11892276059809599,False
1979-08-04 12:00:00,0.49180403,0.025143642,0.018329715,0.29403873585909607,0.12034425868886206,False
1979-08-04 13:00:00,0.48176137,0.029529247,0.021526823,0.2900350489914417,0.12189627971442564,False
1979-08-04 14:00:00,0.4410245,0.029673725,0.021632148,0.26658888410404324,0.12303571529768555,False
1979-08-04 15:00:00,0.3786666,0.02964993,0.021614797,0.23059865695424378,0.12387402803540688,False
1979-08-04 16:00:00,0.30051386,0.030373866,0.022142546,0.18580015323124827,0.12446183347163249,False
1979-08-04 17:00:00,0.20690595,0.027364047,0.019948393,0.130559277581051,0.12511500321794916,False
1979-08-04 18:00:00,0.10973516,0.025527146,0.018609287,0.0737416062131524,0.1255562112574954,False
1979-08-04 19:00:00,0.024766982,0.02258458,0.01646416,0.02351332304254174,0.12581489549680683,False
1979-08-04 20:00:00,0.00028343598,0.018473303,0.013467039,0.0077074114503921,0.12587402086145819,False
1979-08-04 21:00:00,0.0,0.016073177,0.0117173465,0.006563738889992237,0.12591944828361806,False
1979-08-04 22:00:00,0.0,0.018304175,0.013343743,0.007474802613258362,0.12595421046961633,False
1979-08-04 23:00:00,0.0,0.021166587,0.015430443,0.008643714616075158,0.12600948550284444,False
1979-08-05 00:00:00,0.0,0.02318812,0.016904138,0.009469239642843604,0.12605860723531873,False
1979-08-05 01:00:00,0.0,0.027654218,0.020159926,0.011293042296543718,0.1261186910079566,False
1979-08-05 02:00:00,0.0,0.029549278,0.021541424,0.012066920600831508,0.12618041632534074,False
1979-08-05 03:00:00,0.0,0.031031245,0.022621779,0.01267210559360683,0.12621711821574785,False
1979-08-05 04:00:00,0.0010776445,0.028287316,0.020621454,0.012173378935083747,0.12624389359442353,False
1979-08-05 05:00:00,0.038445383,0.02825307,0.020596491,0.03372057920880615,0.12626708378252752,False
1979-08-05 06:00:00,0.1377457,0.027658144,0.02016279,0.09077391080372034,0.1263687362745399,False
1979-08-05 07:00:00,0.25703833,0.030228265,0.022036405,0.16065530909970402,0.1267877626563029,False
1979-08-05 08:00:00,0.38659123,0.032992914,0.02405183,0.23653632153570653,0.12734175447562734,False
1979-08-05 09:00:00,0.5128229,0.03521694,0.025673147,0.3102802286632359,0.12824511217510198,False
1979-08-05 10:00:00,0.5824395,0.03206349,0.023374282,0.34916122087091206,0.12953579361843437,False
1979-08-05 11:00:00,0.6254791,0.032337934,0.024137465,0.37413756262138487,0.13124591807083874,False
1979-08-05 12:00:00,0.61468285,0.02893707,0.022278575,0.36655282809026535,0.13296916955406726,False
1979-08-05 13:00:00,0.56825024,0.025418729,0.019071465,0.3382897578217089,0.13468918818229528,False
1979-08-05 14:00:00,0.5022149,0.023284197,0.017591946,0.29931983597576617,0.1358389775324996,False
1979-08-05 15:00:00,0.41335115,0.021672033,0.016276872,0.24737954377755522,0.1363857301916961,False
1979-08-05 16:00:00,0.32929882,0.021751238,0.016542006,0.1989248966630548,0.1364862635738289,False
1979-08-05 17:00:00,0.21830584,0.019431714,0.014489181,0.13391518855467438,0.1363689515639557,False
1979-08-05 18:00:00,0.11143047,0.01595438,0.011630743,0.07081060992926358,0.13606537050253195,False
1979-08-05 19:00:00,0.024905138,0.013459677,0.009812103,0.019866738773882387,0.13582456281084596,False
1979-08-05 20:00:00,0.0002041707,0.0129838465,0.009465224,0.005419967949041166,0.13576299238408632,False
1979-08-05 21:00:00,0.0,0.012934524,0.009429267,0.005282019621692598,0.1358037437636841,False
1979-08-05 22:00:00,0.0,0.014938718,0.0108903255,0.006100464412942528,0.1359162205680942,False
1979-08-05 23:00:00,0.0,0.016674088,0.012155409,0.006809130672365426,0.13601902324144893,False
1979-08-06 00:00:00,0.0,0.019071234,0.01390293,0.007788043688982725,0.13607853678657839,False
1979-08-06 01:00:00,0.0,0.020080235,0.014638493,0.008200085274875164,0.1360708646797312,False
1979-08-06 02:00:00,0.0,0.019227983,0.014017199,0.00785205464065075,0.13597674199796447,False
1979-08-06 03:00:00,0.0,0.018622527,0.013575823,0.007604806870222092,0.13582517150839257,False
1979-08-06 04:00:00,0.00096642534,0.017641092,0.012860357,0.007761649537191261,0.1356300437213823,False
1979-08-06 05:00:00,0.03705765,0.018128032,0.013215334,0.028785135474056006,0.1354442034556612,False
1979-08-06 06:00:00,0.13299726,0.022106139,0.016115377,0.08576681436039507,0.13521914770440627,False
1979-08-06 07:00:00,0.24657442,0.026939178,0.019638665,0.15327448301948607,0.1349433687502755,False
1979-08-06 08:00:00,0.3666783,0.028570723,0.020828057,0.22324068946018816,0.1345260529477774,False
1979-08-06 09:00:00,0.49423426,0.025577048,0.018645667,0.2956179669145495,0.1339878792313009,False
1979-08-06 10:00:00,0.5928412,0.015631901,0.0113956565,0.34845291396230454,0.13332179864542595,False
1979-08-06 11:00:00,0.63529634,0.011590947,0.0084498,0.3712993397312238,0.13284864713973402,False
1979-08-06 12:00:00,0.6451909,0.010589725,0.0077199107,0.37659963001403957,0.1323817235601604,False
1979-08-06 13:00:00,0.5900647,0.011650342,0.008493098,0.3452249378012493,0.1321785326612496,False
1979-08-06 14:00:00,0.4999124,0.010734367,0.007825354,0.2928330117454752,0.13215224317399202,False
1979-08-06 15:00:00,0.4005253,0.0105815865,0.0077139777,0.2354242592966184,0.13199278212687968,False
1979-08-06 16:00:00,0.30387408,0.011837017,0.008629186,0.18016917675733565,0.1318932782367341,False
1979-08-06 17:00:00,0.19180278,0.0130206235,0.009492032,0.11598738663271069,0.13148370069447787,False
1979-08-06 18:00:00,0.097308524,0.014780414,0.010774923,0.06218283701222389,0.13118033025867806,False
1979-08-06 19:00:00,0.022337388,0.018780382,0.013690897,0.020557942558079956,0.13099769246849888,False
1979-08-06 20:00:00,0.00015069333,0.023450844,0.01709567,0.009663477671085274,0.13107091260526832,False
1979-08-06 21:00:00,0.0,0.029293882,0.021355243,0.011962625501677395,0.13128741116177758,False
1979-08-06 22:00:00,0.0,0.030370928,0.022267748,0.012409330934286117,0.13155357219257627,False
1979-08-06 23:00:00,0.0,0.028145159,0.020644467,0.01150036478228867,0.1318432203213661,False
1979-08-07 00:00:00,0.0,0.022286328,0.016246734,0.009100978514179587,0.1320925691045332,False
1979-08-07 01:00:00,0.0,0.016590886,0.012094754,0.006775153571739793,0.13230370216620857,False
1979-08-07 02:00:00,0.0,0.011733438,0.008553676,0.004791537101380527,0.1324931409486081,False
1979-08-07 03:00:00,0.0,0.00809561,0.005901699,0.0033059718171134594,0.13265545367952206,False
1979-08-07 04:00:00,0.000766836,0.006882507,0.0050173476,0.0032530461804708465,0.13280648697204658,False
1979-08-07 05:00:00,0.033993065,0.008090547,0.005898009,0.022917903148569164,0.13296283491914837,False
1979-08-07 06:00:00,0.1262296,0.011514285,0.008393913,0.07753652100544423,0.133001929419198,False
1979-08-07 07:00:00,0.23395097,0.013797523,0.010058394,0.14062415057979524,0.13273899352151336,False
1979-08-07 08:00:00,0.3537469,0.016142448,0.011767844,0.2107039831448346,0.13204604383170507,False
1979-08-07 09:00:00,0.46938735,0.018296964,0.013338487,0.2783083605412393,0.13103890897776524,False
1979-08-07 10:00:00,0.55105925,0.020787146,0.015153829,0.3264499485976994,0.12963128877885696,False
1979-08-07 11:00:00,0.5940486,0.021939088,0.015993595,0.35172523080185053,0.12783937978640256,False
1979-08-07 12:00:00,0.6023004,0.022705933,0.016552623,0.3567996649425476,0.12623254430304262,False
1979-08-07 13:00:00,0.56769395,0.023186196,0.016902737,0.33702786243334415,0.12458707644410644,False
1979-08-07 14:00:00,0.48925084,0.022940136,0.016723359,0.2916657057143747,0.1237588302312898,False
1979-08-07 15:00:00,0.40418792,0.022986557,0.016757201,0.24260335705056785,0.12353144336632044,False
1979-08-07 16:00:00,0.29455167,0.022795387,0.016617835,0.17926517463475466,0.12343571074837177,False
1979-08-07 17:00:00,0.19018246,0.023552712,0.017169928,0.11935340763628483,0.12345332610112904,False
1979-08-07 18:00:00,0.088879876,0.026349666,0.019208908,0.06204399600066244,0.12356250690989486,False
1979-08-07 19:00:00,0.018357126,0.03131809,0.02283089,0.023381305338814853,0.12377570676342331,False
1979-08-07 20:00:00,7.9611025e-05,0.038607433,0.028144818,0.01581189866148634,0.12413066256114726,False
1979-08-07 21:00:00,0.0,0.04416305,0.03262193,0.01805774910002947,0.12452226344478322,False
1979-08-07 22:00:00,0.0,0.04869569,0.03768268,0.020003574594855307,0.12483160677522892,False
1979-08-07 23:00:00,0.0,0.04583738,0.03451628,0.018777872264385223,0.12526836538238922,False
1979-08-08 00:00:00,0.0,0.043845937,0.032282963,0.017922430649399756,0.12563739382364794,False
1979-08-08 01:00:00,0.0,0.042320516,0.031053267,0.017293146830052137,0.12600749872828373,False
1979-08-08 02:00:00,0.0,0.03830143,0.02795996,0.015643065724521874,0.12646620811876846,False
1979-08-08 03:00:00,0.0,0.03637364,0.026528357,0.014854404911398887,0.12700652016862068,False
1979-08-08 04:00:00,0.00059084455,0.03654916,0.026644338,0.015266350998077542,0.12751937432779006,False
1979-08-08 05:00:00,0.02859583,0.034679376,0.025281265,0.03066167147643864,0.12798386065969938,False
1979-08-08 06:00:00,0.101943135,0.035078097,0.025571933,0.07314589127153158,0.12830078551576315,False
1979-08-08 07:00:00,0.18189201,0.036881644,0.026886718,0.12001289790868758,0.12833485508781467,False
1979-08-08 08:00:00,0.27401417,0.041120067,0.029976532,0.17489821647107598,0.1285612068222595,False
1979-08-08 09:00:00,0.36270696,0.04596436,0.033508018,0.22805219736695287,0.12853923138100573,False
1979-08-08 10:00:00,0.41967136,0.04968805,0.036222585,0.2624412823244929,0.12792033913162612,False
1979-08-08 11:00:00,0.4634358,0.06555095,0.047786646,0.29417123652994626,0.12671154998644021,False
1979-08-08 12:00:00,0.4593864,0.079710886,0.058109228,0.2976171727851033,0.1250153672039113,False
1979-08-08 13:00:00,0.45696744,0.10234409,0.07470252,0.3054691195860505,0.12316077768951576,False
1979-08-08 14:00:00,0.40991127,0.110945515,0.08260632,0.28191844222694634,0.12135075270774075,False
1979-08-08 15:00:00,0.3244422,0.10646276,0.080392234,0.23082909363508222,0.11978303002264894,False
1979-08-08 16:00:00,0.24828239,0.09193602,0.07095155,0.18101471368968486,0.11815773676026846,False
1979-08-08 17:00:00,0.14947449,0.084905796,0.067612,0.12122806545346976,0.11713994319070985,False
1979-08-08 18:00:00,0.07186959,0.07490676,0.061242275,0.07241642998158931,0.11651753073699384,False
1979-08-08 19:00:00,0.014206347,0.07130998,0.057136618,0.037595820848830036,0.11647030879306373,False
1979-08-08 20:00:00,5.6646855e-05,0.0692739,0.053066056,0.028460320085610873,0.1167708007260082,False
1979-08-08 21:00:00,0.0,0.06543082,0.049391348,0.026811105363070964,0.11715021892128345,False
1979-08-08 22:00:00,0.0,0.081344925,0.06217531,0.033373744077980515,0.11753925083907153,False
1979-08-08 23:00:00,0.0,0.07134637,0.053461455,0.029213729962706565,0.11818108211740684,False
1979-08-09 00:00:00,0.0,0.065616116,0.049141984,0.02686601393669844,0.11898776361163538,False
1979-08-09 01:00:00,0.0,0.070284046,0.05293317,0.028793204315006732,0.11993556200623345,False
1979-08-09 02:00:00,0.0,0.07492431,0.057026744,0.030726515494287013,0.12101634728050624,False
1979-08-09 03:00:00,0.0,0.06802987,0.052221265,0.027922971457242964,0.1222191587584449,False
1979-08-09 04:00:00,0.00043531065,0.06152757,0.048028573,0.025548390112118798,0.12354590359333735,False
1979-08-09 05:00:00,0.024818556,0.057944134,0.044974145,0.03813029623962938,0.12501166663584576,False
1979-08-09 06:00:00,0.09603644,0.057884246,0.044436052,0.07917186046391725,0.12641492435353466,False
1979-08-09 07:00:00,0.21474901,0.06730539,0.050799366,0.1514890338331461,0.1274122365329908,False
1979-08-09 08:00:00,0.31559345,0.06731061,0.05026159,0.2096491619646549,0.12830813018312023,False
1979-08-09 09:00:00,0.38352647,0.066756,0.049514666,0.24860153257101775,0.12903993467227834,False
1979-08-09 10:00:00,0.42440608,0.05765616,0.042048834,0.2684280696287751,0.12960585034780173,False
1979-08-09 11:00:00,0.4327724,0.050441965,0.03677219,0.2703084572404623,0.12959866152488284,False
1979-08-09 12:00:00,0.41869143,0.06411774,0.04694389,0.2677793682515621,0.13018293940401915,False
1979-08-09 13:00:00,0.38723695,0.06540932,0.047683395,0.2501466633081436,0.13116324237844565,False
1979-08-09 14:00:00,0.32358596,0.07274337,0.053029917,0.21641501682996747,0.13190730905876152,False
1979-08-09 15:00:00,0.2362611,0.069198,0.050603054,0.16458928045630455,0.1328565618363392,False
1979-08-09 16:00:00,0.17797637,0.06787714,0.049482442,0.13041108329594134,0.13394601717298196,False
1979-08-09 17:00:00,0.103287816,0.07310233,0.053810727,0.08947760985791682,0.1347972351075333,False
1979-08-09 18:00:00,0.045847796,0.08151329,0.060088135,0.05977734269201755,0.1355203503544315,False
1979-08-09 19:00:00,0.0068013393,0.08296613,0.06048231,0.03780491812014952,0.13599637569954587,False
1979-08-09 20:00:00,2.2531964e-05,0.08328551,0.060715143,0.03402397203469809,0.1363308802571059,False
1979-08-09 21:00:00,0.0,0.08994696,0.06557133,0.03673128115385771,0.1366346203445675,False
1979-08-09 22:00:00,0.0,0.12442631,0.09070679,0.05081147595494986,0.13695504442073722,False
1979-08-09 23:00:00,0.0,0.1408016,0.10264437,0.05749858398735523,0.13703834401753118,False
1979-08-10 00:00:00,0.0,0.15529391,0.11320926,0.06341675359010697,0.1372132581247235,False
1979-08-10 01:00:00,0.0,0.16936289,0.123628415,0.0691708399951458,0.13738284938952272,False
1979-08-10 02:00:00,0.0,0.17960252,0.13156828,0.07337801666557789,0.1374370339734698,False
1979-08-10 03:00:00,0.0,0.19216454,0.14128596,0.07853815698623658,0.13742011755083075,False
1979-08-10 04:00:00,0.00012657662,0.2089266,0.15659307,0.08562297703848161,0.1374122000917079,False
1979-08-10 05:00:00,0.012083875,0.22161883,0.17163514,0.09801804192550481,0.1374369068503667,False
1979-08-10 06:00:00,0.04611904,0.22942646,0.18051529,0.12101687588542699,0.1374578499482533,False
1979-08-10 07:00:00,0.09524074,0.26250154,0.20738551,0.16301579311490058,0.13754365432531493,False
1979-08-10 08:00:00,0.1555225,0.29227144,0.23037393,0.21002483195066451,0.13712165042297525,False
1979-08-10 09:00:00,0.23883341,0.28513932,0.22579372,0.25521614979207513,0.1368215494407861,False
1979-08-10 10:00:00,0.27410674,0.25239643,0.20004342,0.2620962188243866,0.13702708580505335,False
1979-08-10 11:00:00,0.37562075,0.25604108,0.20378226,0.3222165747284889,0.13760090466702588,False
1979-08-10 12:00:00,0.414417,0.25629547,0.20333478,0.3446717155575752,0.13858521560662349,False
1979-08-10 13:00:00,0.40414008,0.26239884,0.20685777,0.3411843202412128,0.13982633780708767,False
1979-08-10 14:00:00,0.39322585,0.24442957,0.19253238,0.3274825755506754,0.14112525196766712,False
1979-08-10 15:00:00,0.33593392,0.2169411,0.17107053,0.2831229497939348,0.1427507340990837,False
1979-08-10 16:00:00,0.25528026,0.1810064,0.1441686,0.22187317454814912,0.1442712296019828,False
1979-08-10 17:00:00,0.16159077,0.15225877,0.12067106,0.15593759730458256,0.14531897293114024,False
1979-08-10 18:00:00,0.071010605,0.1316769,0.10562505,0.09526564654707909,0.14592183597367797,False
1979-08-10 19:00:00,0.014009954,0.11078141,0.08685104,0.053652039611712096,0.1459450017288071,False
1979-08-10 20:00:00,2.8553934e-05,0.104422964,0.08317213,0.043039844283766795,0.145522613981975,False
1979-08-10 21:00:00,0.0,0.10242645,0.0814093,0.04219146101921797,0.1449783854735673,False
1979-08-10 22:00:00,0.0,0.090479635,0.07379888,0.0373721247240901,0.14436514616195417,False
1979-08-10 23:00:00,0.0,0.09078587,0.076104105,0.037609607107937336,0.1434337060065831,False
1979-08-11 00:00:00,0.0,0.08436201,0.07179285,0.035006394647061824,0.14236481816580124,False
1979-08-11 01:00:00,0.0,0.0755833,0.06488567,0.03139406434446573,0.14116825146381815,False
1979-08-11 02:00:00,0.0,0.072093435,0.061334256,0.02991452720761299,0.1398462896386867,False
1979-08-11 03:00:00,0.0,0.066419795,0.056185722,0.02754293341934681,0.1384335540829583,False
1979-08-11 04:00:00,0.0002554007,0.064107165,0.05428527,0.026734314527740936,0.13689376631736594,False
1979-08-11 05:00:00,0.02216474,0.06341396,0.05456959,0.039135564938187595,0.1351816930391015,False
1979-08-11 06:00:00,0.09217544,0.072506346,0.062044457,0.08329047056287527,0.13347702781195833,False
1979-08-11 07:00:00,0.17415774,0.07395243,0.06398861,0.1312328465208411,0.13221484982054915,False
1979-08-11 08:00:00,0.28566787,0.07316439,0.06326475,0.19524431481957435,0.1311424096447439,False
1979-08-11 09:00:00,0.39793533,0.06954839,0.059171036,0.2584672780558467,0.13039474297607803,False
1979-08-11 10:00:00,0.46544817,0.0662519,0.054830197,0.29597137500345705,0.12998498269388745,False
1979-08-11 11:00:00,0.50497115,0.06342794,0.051520757,0.31755538234114644,0.13056861608760606,False
1979-08-11 12:00:00,0.5225458,0.062681064,0.050277524,0.32735323387384413,0.13044279383142024,False
1979-08-11 13:00:00,0.49948105,0.059003584,0.046697285,0.31249454301595686,0.12973184345253141,False
1979-08-11 14:00:00,0.469124,0.057755783,0.045217283,0.29443815913796423,0.12888126593760962,False
1979-08-11 15:00:00,0.3733145,0.053968407,0.041782517,0.23757306459546088,0.12769102555018802,False
1979-08-11 16:00:00,0.27986443,0.046796247,0.036169842,0.1807027630954981,0.12640307687262917,False
1979-08-11 17:00:00,0.17779058,0.038607158,0.029330162,0.11841503589972853,0.12514941335087743,False
1979-08-11 18:00:00,0.08433538,0.029933568,0.021894416,0.06088929893821477,0.12399387876401975,False
1979-08-11 19:00:00,0.014112674,0.022987451,0.016757851,0.01753030627220869,0.12298865418638617,False
1979-08-11 20:00:00,1.8670988e-05,0.019321468,0.01408535,0.007901003631130152,0.1220205533052819,False
1979-08-11 21:00:00,0.0,0.017865822,0.013024185,0.007295794196426869,0.12112712106773856,False
1979-08-11 22:00:00,0.0,0.0149433315,0.010893689,0.006102348497137427,0.12025411062138469,False
1979-08-11 23:00:00,0.0,0.015162789,0.011053674,0.006191967629827559,0.11949116104816664,False
1979-08-12 00:00:00,0.0,0.014647527,0.010678047,0.005981551894918084,0.11872855402357696,False
1979-08-12 01:00:00,0.0,0.013998894,0.010205194,0.005716672388836741,0.11803239629496408,False
1979-08-12 02:00:00,0.0,0.013631669,0.009937485,0.005566709990613162,0.11743052483388043,False
1979-08-12 03:00:00,0.0,0.011333814,0.00826235,0.004628344237804413,0.11687692344279081,False
1979-08-12 04:00:00,0.00025577526,0.008070891,0.005883679,0.003443459681788227,0.11638011827951582,False
1979-08-12 05:00:00,0.024309944,0.005307183,0.003868936,0.01619411102263257,0.11592016927404726,False
1979-08-12 06:00:00,0.10233701,0.0033888165,0.0024704468,0.060432332297787064,0.11550381135350335,False
1979-08-12 07:00:00,0.19142534,0.0026599776,0.0019391236,0.11153866467624901,0.11521446178337025,False
1979-08-12 08:00:00,0.3002753,0.002149998,0.0015673486,0.1741368318547029,0.1151854824264263,False
1979-08-12 09:00:00,0.40682265,0.00198593,0.001447743,0.23554765624692658,0.11531000672746071,False
1979-08-12 10:00:00,0.50171113,0.0015263259,0.0011126918,0.29011062172288077,0.11556843269057193,False
1979-08-12 11:00:00,0.54720473,0.001077405,0.0007854283,0.316177106431569,0.11587452621191051,False
1979-08-12 12:00:00,0.5376512,0.00078695535,0.0005736904,0.3105460973709123,0.11568637289933015,False
1979-08-12 13:00:00,0.52013797,0.0005803454,0.0004230718,0.3003565995249664,0.11517715747025416,False
1979-08-12 14:00:00,0.46815127,0.0005577188,0.0004065769,0.27035103695443835,0.11451643592640766,False
1979-08-12 15:00:00,0.3832115,0.0004613056,0.0003362918,0.22130141327111047,0.11344246930849826,False
1979-08-12 16:00:00,0.28004068,0.0002787998,0.00020324507,0.16169732550406477,0.11278783280392342,False
1979-08-12 17:00:00,0.17403388,0.00013318504,9.709189e-05,0.10047193713541491,0.1122787902064894,False
1979-08-12 18:00:00,0.081366755,0.00016222983,0.00011826554,0.047014866820667515,0.11187804119573759,False
1979-08-12 19:00:00,0.012300118,0.00021066716,0.00015357637,0.007183197318707243,0.11163238903840934,False
1979-08-12 20:00:00,9.911759e-06,0.0003657939,0.0002666638,0.00015509688168640425,0.11148771766132375,False
1979-08-12 21:00:00,0.0,0.000702702,0.00051226973,0.0002869595942320302,0.11143817618943075,False
1979-08-12 22:00:00,0.0,0.0018379228,0.0013398459,0.000750545209622942,0.11143410888174338,False
1979-08-12 23:00:00,0.0,0.0024597296,0.001793143,0.0010044699276331812,0.11152694117894651,False
1979-08-13 00:00:00,0.0,0.003895583,0.0028398798,0.0015908236736431717,0.11166056905122031,False
1979-08-13 01:00:00,0.0,0.006132328,0.0044704666,0.002504234212450683,0.11181998955231183,False
1979-08-13 02:00:00,0.0,0.008183003,0.0059654107,0.003341660435311496,0.1120061876566012,False
1979-08-13 03:00:00,0.0,0.009051404,0.0065984726,0.003696285582147538,0.11227175616787072,False
1979-08-13 04:00:00,0.00018884207,0.011136579,0.008118567,0.004656762265251017,0.11266818030818622,False
1979-08-13 05:00:00,0.02407166,0.012883142,0.00939181,0.019150384752079842,0.11320710648995376,False
1979-08-13 06:00:00,0.10849548,0.016651236,0.012138751,0.06940169119648634,0.11387222437320334,False
1979-08-13 07:00:00,0.21200235,0.018406235,0.013418144,0.129841837387532,0.1147660358684407,False
1979-08-13 08:00:00,0.3338779,0.02099572,0.01530588,0.20122148126922548,0.11619384077436191,False
1979-08-13 09:00:00,0.45429015,0.021417813,0.015613587,0.2708717242851853,0.11802522247627957,False
1979-08-13 10:00:00,0.5223264,0.02272617,0.016584603,0.31066386402770874,0.12034934421829412,False
1979-08-13 11:00:00,0.52084774,0.019577729,0.014272163,0.3085240233372897,0.12284574750447914,False
1979-08-13 12:00:00,0.5135967,0.016077708,0.011720651,0.3029108932781965,0.12575656114514885,False
1979-08-13 13:00:00,0.47650573,0.014291358,0.010418398,0.28077990891132504,0.12903102145241066,False
1979-08-13 14:00:00,0.41190806,0.012774841,0.009312859,0.2428877614783123,0.13235906312666218,False
1979-08-13 15:00:00,0.3499646,0.01033618,0.007535076,0.20615051237586884,0.13545530421796745,False
1979-08-13 16:00:00,0.26482707,0.008481356,0.006182908,0.15626871841866521,0.13793685774728875,False
1979-08-13 17:00:00,0.16703853,0.006851333,0.0049946215,0.09917908338364213,0.13976079232083977,False
1979-08-13 18:00:00,0.07953558,0.007850715,0.005723171,0.04909799538645893,0.14112868508440565,False
1979-08-13 19:00:00,0.011765143,0.009299483,0.006779323,0.010586080172099173,0.1421992271298256,False
1979-08-13 20:00:00,3.6592833e-06,0.013519494,0.00985571,0.00552301298026623,0.14325877842494872,False
1979-08-13 21:00:00,0.0,0.017387744,0.012675664,0.0071005634274333715,0.14431413758828063,False
1979-08-13 22:00:00,0.0,0.02585499,0.018848287,0.010558298762887715,0.1453539997805529,False
1979-08-13 23:00:00,0.0,0.030869626,0.022503957,0.012606105498969554,0.14637299501563764,False
1979-08-14 00:00:00,0.0,0.03338607,0.024338445,0.013633735947310923,0.1473601130223943,False
1979-08-14 01:00:00,0.0,0.03588492,0.026160106,0.014654181394726039,0.14828497332178456,False
1979-08-14 02:00:00,0.0,0.04479268,0.03306482,0.01831399853155017,0.14911265692837702,False
1979-08-14 03:00:00,0.0,0.057549894,0.044829484,0.02365670297294855,0.14984880022536898,False
1979-08-14 04:00:00,0.00015317126,0.07089791,0.056707572,0.029311916406630188,0.15050667892432473,False
1979-08-14 05:00:00,0.024184318,0.08259722,0.068278596,0.04811976941861212,0.15110132474812774,False
1979-08-14 06:00:00,0.11145497,0.093977414,0.08052037,0.1033352840691805,0.15164725617082261,False
1979-08-14 07:00:00,0.23903231,0.10135984,0.08796066,0.18007330016046763,0.1521791236773096,False
1979-08-14 08:00:00,0.3743169,0.11080139,0.095862746,0.26204315354675056,0.1529211375644238,False
1979-08-14 09:00:00,0.50559455,0.13346379,0.113505684,0.34710549986362454,0.15362982473921746,False
1979-08-14 10:00:00,0.6076372,0.14333491,0.11927255,0.4099379794597625,0.15403959789790309,False
1979-08-14 11:00:00,0.6651467,0.17436774,0.14379285,0.45589616118371484,0.15448355047579018,False
1979-08-14 12:00:00,0.6764711,0.18702541,0.15525892,0.46772019211947913,0.15537728923752844,False
1979-08-14 13:00:00,0.65338486,0.20077363,0.16692713,0.46010259988903995,0.15626590562157427,False
1979-08-14 14:00:00,0.5819422,0.20101404,0.16695885,0.41897060933709135,0.15724372160622557,False
1979-08-14 15:00:00,0.4608268,0.17992295,0.15050632,0.34041598267853257,0.15816773485120325,False
1979-08-14 16:00:00,0.32582125,0.14753553,0.12605022,0.24924618503451346,0.15873297117178656,False
1979-08-14 17:00:00,0.19232996,0.13254781,0.115671515,0.16613078978657722,0.15900325560332682,False
1979-08-14 18:00:00,0.08009529,0.12537159,0.109699726,0.09840088500082493,0.15907387473323245,False
1979-08-14 19:00:00,0.011343318,0.123734884,0.108118385,0.05804165948461741,0.15897780109367274,False
1979-08-14 20:00:00,1.4406627e-06,0.122134216,0.106369995,0.05081233672161886,0.1589669769713812,False
1979-08-14 21:00:00,0.0,0.120613135,0.10544626,0.05020034482330084,0.158958842594907,False
1979-08-14 22:00:00,0.0,0.11916571,0.1053735,0.04966231649369001,0.1589095870051853,False
1979-08-14 23:00:00,0.0,0.1160181,0.10324916,0.048386134251952165,0.1587751329273189,False
1979-08-15 00:00:00,0.0,0.11030601,0.09780001,0.04598411804437637,0.1585986840124562,False
1979-08-15 01:00:00,0.0,0.1012109,0.090485655,0.04223304732888937,0.15839445118877046,False
1979-08-15 02:00:00,0.0,0.09265296,0.08310363,0.03867653869092464,0.15818069625957576,False
1979-08-15 03:00:00,0.0,0.084563896,0.07537751,0.035274463132023814,0.15790275933375522,False
1979-08-15 04:00:00,0.00011274625,0.07954348,0.070058584,0.03319976180779486,0.15754300006796546,False
1979-08-15 05:00:00,0.02305072,0.07677916,0.06895035,0.04535509304143488,0.15708927638708534,False
1979-08-15 06:00:00,0.110970944,0.07393829,0.066997565,0.09493133150786162,0.156476762689612,False
1979-08-15 07:00:00,0.23199515,0.07566514,0.06809011,0.16545850396901368,0.1555295092068077,False
1979-08-15 08:00:00,0.35336357,0.07513424,0.067095354,0.23523846565932036,0.15410798992356362,False
1979-08-15 09:00:00,0.45259872,0.07060916,0.06178878,0.29054083590209484,0.1522400060402004,False
1979-08-15 10:00:00,0.52607167,0.06806811,0.06135376,0.3319735877662897,0.14973245809246707,False
1979-08-15 11:00:00,0.5633644,0.06375894,0.05250341,0.35142348390072586,0.14677889721115042,False
1979-08-15 12:00:00,0.5617287,0.05245473,0.038726218,0.34556447971239684,0.1432695282254143,False
1979-08-15 13:00:00,0.54066145,0.03857671,0.028122421,0.32771507617458695,0.1394796171080096,False
1979-08-15 14:00:00,0.47546524,0.031581853,0.023023171,0.2872403972372412,0.13532079662859983,False
1979-08-15 15:00:00,0.38633752,0.025381906,0.01850341,0.23328185576386748,0.13130449802246177,False
1979-08-15 16:00:00,0.27924275,0.019882414,0.01449428,0.16924237113259732,0.12806339185906185,False
1979-08-15 17:00:00,0.16722582,0.014887385,0.010852903,0.1025688016191125,0.12565325507331562,False
1979-08-15 18:00:00,0.067924224,0.01296431,0.009450983,0.04448646068759263,0.12389519381961707,False
1979-08-15 19:00:00,0.008518494,0.012614545,0.009196003,0.010066522302106022,0.12271380141303796,False
1979-08-15 20:00:00,2.8813255e-07,0.012568129,0.009162166,0.005132562909503662,0.12190234668721756,False
1979-08-15 21:00:00,0.0,0.011598162,0.0084550595,0.0047362951207906,0.12120388889330384,False
1979-08-15 22:00:00,0.0,0.01005104,0.0073272088,0.004104503025300801,0.12050912822451387,False
1979-08-15 23:00:00,0.0,0.010129535,0.0073844315,0.0041365575855597855,0.11984192358836476,False
1979-08-16 00:00:00,0.0,0.009380214,0.0068381755,0.003830560410395265,0.11917183486645987,False
1979-08-16 01:00:00,0.0,0.01075982,0.00784391,0.004393944793380797,0.11852964640938622,False
1979-08-16 02:00:00,0.0,0.012177865,0.008877665,0.004973026092164218,0.11794430331624058,False
1979-08-16 03:00:00,0.0,0.015643463,0.011404084,0.006388258215039968,0.11741912295151447,False
1979-08-16 04:00:00,7.445345e-05,0.018341929,0.013371266,0.007533179724385264,0.11696202371450086,False
1979-08-16 05:00:00,0.018423425,0.019807711,0.014439819,0.01871911193989217,0.11654665853442335,False
1979-08-16 06:00:00,0.086195976,0.019913604,0.014517018,0.05786711689457297,0.11607875175857783,False
1979-08-16 07:00:00,0.17772208,0.022760792,0.016592618,0.11184037456475197,0.11536481262904769,False
1979-08-16 08:00:00,0.27848497,0.02863632,0.020875877,0.1723799271453172,0.11407217664254386,False
1979-08-16 09:00:00,0.3659411,0.03818922,0.027839942,0.22674319837242363,0.11248058388939304,False
1979-08-16 10:00:00,0.433722,0.043846972,0.03203586,0.2681670571565628,0.11078904364582327,False
1979-08-16 11:00:00,0.46859312,0.041743625,0.030830031,0.287446449868381,0.10891143324534897,False
1979-08-16 12:00:00,0.46720284,0.03973097,0.029031308,0.28580445848405356,0.10748556130315666,False
1979-08-16 13:00:00,0.4247489,0.037709072,0.027489914,0.260479216877371,0.10631369639783965,False
1979-08-16 14:00:00,0.36434552,0.03908482,0.02849283,0.2261882762424648,0.10538282795947222,False
1979-08-16 15:00:00,0.2919954,0.040065866,0.029208018,0.18484288683533667,0.10418820814972919,False
1979-08-16 16:00:00,0.20570886,0.036402654,0.026537538,0.13355961931869387,0.10317577481240986,False
1979-08-16 17:00:00,0.11877981,0.03234329,0.023578258,0.08174384960904717,0.10253410566883647,False
1979-08-16 18:00:00,0.048576184,0.033464078,0.024395311,0.041694049485027786,0.10220310505376994,False
1979-08-16 19:00:00,0.005356442,0.039183393,0.028564693,0.019091832645237446,0.10223590827091306,False
1979-08-16 20:00:00,2.8813256e-08,0.042330522,0.03085895,0.017286362613760625,0.10246918067743788,False
1979-08-16 21:00:00,0.0,0.041266493,0.03008327,0.01685183272138238,0.10274075370759013,False
1979-08-16 22:00:00,0.0,0.043168858,0.031614546,0.017636493958532812,0.10301487816124931,False
1979-08-16 23:00:00,0.0,0.039718766,0.028993538,0.016221875600516796,0.1032998330314272,False
1979-08-17 00:00:00,0.0,0.03712129,0.02706142,0.015159072104841471,0.10356365965469516,False
1979-08-17 01:00:00,0.0,0.034617424,0.0252361,0.014136578857898712,0.10380114700027983,False
1979-08-17 02:00:00,0.0,0.032979928,0.024042366,0.013467881184071303,0.10396528638415979,False
1979-08-17 03:00:00,0.0,0.032651346,0.023802834,0.013333699755370616,0.10406400348129458,False
1979-08-17 04:00:00,5.6272285e-05,0.03239683,0.023617288,0.013262233164074133,0.10410391332721113,False
1979-08-17 05:00:00,0.014673669,0.035281792,0.02610888,0.022895567800849677,0.10411046383439325,False
1979-08-17 06:00:00,0.07659405,0.040210404,0.030182391,0.06066225329041481,0.10406116389311144,False
1979-08-17 07:00:00,0.14611284,0.04665036,0.035016336,0.10341197661682963,0.10394723121160866,False
1979-08-17 08:00:00,0.23722154,0.05357571,0.040662013,0.15884201350808141,0.10373907173287815,False
1979-08-17 09:00:00,0.32042375,0.0595624,0.04599766,0.20934690421074628,0.10338844053003542,False
1979-08-17 10:00:00,0.37132105,0.0672469,0.051517326,0.24184828854352236,0.10302897943943033,False
1979-08-17 11:00:00,0.43493396,0.07808414,0.059475694,0.28298163067549464,0.10272784464665292,False
1979-08-17 12:00:00,0.4396981,0.08679273,0.066345245,0.2893149642571807,0.10276986230124634,False
1979-08-17 13:00:00,0.43439087,0.07885497,0.060969878,0.28303339113295073,0.10289448747821377,False
1979-08-17 14:00:00,0.34933195,0.06886901,0.054100916,0.22989864636957644,0.10346465191942243,False
1979-08-17 15:00:00,0.2768481,0.060700852,0.047131166,0.18468505557253956,0.10402256552043283,False
1979-08-17 16:00:00,0.20228222,0.05291967,0.04070468,0.13844225224107504,0.10481129537994886,False
1979-08-17 17:00:00,0.11973547,0.04297284,0.03215605,0.08668077209591865,0.10552035178196219,False
1979-08-17 18:00:00,0.050997555,0.04070076,0.029941581,0.046061015110462906,0.10619297727607414,False
1979-08-17 19:00:00,0.006152465,0.04331904,0.03201667,0.021263597815297543,0.10658498485447132,False
1979-08-17 20:00:00,0.0,0.044157952,0.034699704,0.018168068356812,0.10677888386504135,False
1979-08-17 21:00:00,0.0,0.043333787,0.035261136,0.01789426889643073,0.10688037615435492,False
1979-08-17 22:00:00,0.0,0.04296902,0.03568091,0.01778233679383993,0.10691232561043758,False
1979-08-17 23:00:00,0.0,0.04074712,0.032676812,0.016800235502421858,0.1068031000306673,False
1979-08-18 00:00:00,0.0,0.037104484,0.028488861,0.01522995299845934,0.10667907824847676,False
1979-08-18 01:00:00,0.0,0.030043533,0.021973547,0.012272635219618678,0.10656196050651666,False
1979-08-18 02:00:00,0.0,0.023781233,0.017336518,0.00971144675463438,0.10645289630736983,False
1979-08-18 03:00:00,0.0,0.02033453,0.014823871,0.008303930819034577,0.1063506660547882,False
1979-08-18 04:00:00,3.788943e-05,0.019163549,0.013970228,0.007847604069127555,0.10625110395337284,False
1979-08-18 05:00:00,0.015054464,0.018773083,0.01368558,0.016352714758366346,0.10615009614502978,False
1979-08-18 06:00:00,0.077773996,0.018421594,0.013429342,0.052398348182439804,0.10605398182112845,False
1979-08-18 07:00:00,0.16337946,0.01855877,0.0135293435,0.10184871958568692,0.10613673877739159,False
1979-08-18 08:00:00,0.25552675,0.019861335,0.0144789135,0.15554962940886616,0.10666581607215926,False
1979-08-18 09:00:00,0.3453044,0.025096182,0.018295117,0.20948906602337955,0.10744968278457533,False
1979-08-18 10:00:00,0.41612998,0.03331715,0.0242882,0.2537125871032476,0.10858710449999785,False
1979-08-18 11:00:00,0.4624588,0.055402692,0.04038856,0.28946329728886483,0.1101226172305741,False
1979-08-18 12:00:00,0.457365,0.068288885,0.04978259,0.2917864669784903,0.11110832275475263,False
1979-08-18 13:00:00,0.4438335,0.07776157,0.056688182,0.287847110055387,0.11203315509252137,False
1979-08-18 14:00:00,0.38238996,0.07916702,0.05771276,0.2529681290909648,0.11280821211104246,False
1979-08-18 15:00:00,0.33212322,0.07604211,0.05569045,0.22270192009210588,0.113865993083802,False
1979-08-18 16:00:00,0.24048534,0.07038337,0.053015217,0.16759432661533355,0.1145683970232475,False
1979-08-18 17:00:00,0.15264925,0.063158974,0.048992455,0.11402987332642077,0.11489555317966542,False
1979-08-18 18:00:00,0.06144541,0.06102266,0.047019422,0.060510413248091935,0.11510080161255903,False
1979-08-18 19:00:00,0.0072602197,0.059160914,0.044064093,0.02839898515259847,0.11501018296775682,False
1979-08-18 20:00:00,0.0,0.054240208,0.039691772,0.022157992500811817,0.11476595434712171,False
1979-08-18 21:00:00,0.0,0.045021884,0.03282095,0.018385406613349912,0.11450453589510097,False
1979-08-18 22:00:00,0.0,0.030349407,0.022124719,0.012393666129559278,0.11422238088966506,False
1979-08-18 23:00:00,0.0,0.025146144,0.018331539,0.010268830055370926,0.11392981083833538,False
1979-08-19 00:00:00,0.0,0.02335508,0.017025853,0.009537420490756631,0.11365659813492485,False
1979-08-19 01:00:00,0.0,0.021797841,0.015890626,0.00890149729885161,0.11341457678304678,False
1979-08-19 02:00:00,0.0,0.020963619,0.015282478,0.008560829060152174,0.11322770118174767,False
1979-08-19 03:00:00,0.0,0.020948656,0.015271571,0.008554718887433409,0.11308390190341551,False
1979-08-19 04:00:00,1.982352e-05,0.02057571,0.014999691,0.008413858363606778,0.11295348081597867,False
1979-08-19 05:00:00,0.017626883,0.019862987,0.014480116,0.01828208025358617,0.11281782899841035,False
1979-08-19 06:00:00,0.098868504,0.01858005,0.013544854,0.06463458719104527,0.1126681557539795,False
1979-08-19 07:00:00,0.21233025,0.015410517,0.011234269,0.12880768676567822,0.11247568565782108,False
1979-08-19 08:00:00,0.3327813,0.010903937,0.0079489695,0.19646761570405213,0.11223306354765301,False
1979-08-19 09:00:00,0.4519601,0.007743486,0.005645001,0.2639431465510279,0.11213190097642584,False
1979-08-19 10:00:00,0.5401304,0.009544556,0.0069579817,0.3155528996111825,0.1118885240668841,False
1979-08-19 11:00:00,0.5644672,0.011259327,0.008208049,0.33029549583606416,0.1117639805108913,False
1979-08-19 12:00:00,0.56959444,0.012368618,0.009016723,0.33370691647008055,0.11166974170812005,False
1979-08-19 13:00:00,0.54538476,0.0135885915,0.009906084,0.32023612802196294,0.11148360690186797,False
1979-08-19 14:00:00,0.4767178,0.01372779,0.010007557,0.28067213306203487,0.11135418731489749,False
1979-08-19 15:00:00,0.3670331,0.0162167,0.011821976,0.21840044466592368,0.11141554222635679,False
1979-08-19 16:00:00,0.25204632,0.021309795,0.015772382,0.1541457477491349,0.1112710086378058,False
1979-08-19 17:00:00,0.15189596,0.02175991,0.015913403,0.09653269687481224,0.11118312532849983,False
1979-08-19 18:00:00,0.060077712,0.017255306,0.012579118,0.04171132015995681,0.11091885792684648,False
1979-08-19 19:00:00,0.006149094,0.014674573,0.010697763,0.009540624024812133,0.11062352094305898,False
1979-08-19 20:00:00,0.0,0.013762122,0.010032586,0.005619982659816742,0.11031553234639602,False
1979-08-19 21:00:00,0.0,0.010654238,0.0077669406,0.004350828635506332,0.11005239067426907,False
1979-08-19 22:00:00,0.0,0.009155939,0.00667468,0.0037389743300154806,0.1098795490631836,False
1979-08-19 23:00:00,0.0,0.00902628,0.006580158,0.0036860257387161255,0.11003327731918568,False
1979-08-20 00:00:00,0.0,0.0088472795,0.0064496663,0.0036129281083121896,0.11023452299323423,False
1979-08-20 01:00:00,0.0,0.008087369,0.005895691,0.003302606357261538,0.11043368945447753,False
1979-08-20 02:00:00,0.0,0.006878833,0.005014668,0.00280908139469102,0.11067053953304445,False
1979-08-20 03:00:00,0.0,0.005004625,0.0036483714,0.0020437186220660804,0.11095070138983452,False
1979-08-20 04:00:00,1.2562578e-05,0.0032546006,0.0023726039,0.001336316825848371,0.11126427384375152,False
1979-08-20 05:00:00,0.013810798,0.0029374845,0.0021414263,0.009168399025686084,0.1116499447467602,False
1979-08-20 06:00:00,0.07192422,0.004063782,0.002962497,0.043159783566836266,0.11204752082921922,False
1979-08-20 07:00:00,0.15162762,0.006645324,0.00484444,0.09020285829761997,0.11227429417537262,False
1979-08-20 08:00:00,0.2554705,0.008049983,0.005868438,0.15069382598996162,0.11241845845437888,False
1979-08-20 09:00:00,0.3361201,0.009466208,0.0069008656,0.1978069743653759,0.11273062493544429,False
1979-08-20 10:00:00,0.41997525,0.013244924,0.009655548,0.24773449641559273,0.11278537446971565,False
1979-08-20 11:00:00,0.48485216,0.012685032,0.009247387,0.28493983475584533,0.1124492655530243,False
1979-08-20 12:00:00,0.4791043,0.015693787,0.011440772,0.2828519962783903,0.11205120211691255,False
1979-08-20 13:00:00,0.47432923,0.01946049,0.014186695,0.28163496988080444,0.11165199231107069,False
1979-08-20 14:00:00,0.42676196,0.023683453,0.017265234,0.2559131648410111,0.11078785875165108,False
1979-08-20 15:00:00,0.35367003,0.028642688,0.020880522,0.2157643078416586,0.10979341428786099,False
1979-08-20 16:00:00,0.26086408,0.03148488,0.022952475,0.16337592776864765,0.10929178835646608,False
1979-08-20 17:00:00,0.15421611,0.030272702,0.0220688,0.10134503804706037,0.10913299588561261,False
1979-08-20 18:00:00,0.060178384,0.028433587,0.020728085,0.04633423802629113,0.10926919051330584,False
1979-08-20 19:00:00,0.0050455173,0.026212439,0.019108871,0.013615532512776553,0.10967434330925858,False
1979-08-20 20:00:00,0.0,0.023330033,0.017007595,0.009527192238718271,0.11026118393207929,False
1979-08-20 21:00:00,0.0,0.024705801,0.01801053,0.010089009281247854,0.11086208746268443,False
1979-08-20 22:00:00,0.0,0.048418876,0.035297357,0.019772622417658568,0.11148737939174082,False
1979-08-20 23:00:00,0.0,0.048800886,0.035575844,0.01992862240970135,0.11219501071156031,False
1979-08-21 00:00:00,0.0,0.046765428,0.034091994,0.01909741063043475,0.11288542638265557,False
1979-08-21 01:00:00,0.0,0.049637582,0.0361858,0.020270301070064306,0.11356443673227244,False
1979-08-21 02:00:00,0.0,0.05379141,0.03999199,0.022008598186075687,0.11420141745248606,False
1979-08-21 03:00:00,0.0,0.05763003,0.043346595,0.02360619667544961,0.11477028866691892,False
1979-08-21 04:00:00,5.964344e-06,0.06562547,0.050126355,0.0269260617080231,0.11530909438434667,False
1979-08-21 05:00:00,0.011405554,0.074663095,0.059889734,0.037365732211619616,0.11581409762520588,False
1979-08-21 06:00:00,0.072257586,0.08143672,0.069943145,0.07551970780640839,0.11627104554663191,False
1979-08-21 07:00:00,0.16217229,0.1014557,0.08735199,0.135727572157979,0.11675291437973163,False
1979-08-21 08:00:00,0.27840728,0.12255196,0.10349879,0.21145160679519176,0.11712673465327682,False
1979-08-21 09:00:00,0.36055124,0.14169693,0.1156832,0.26657112419605256,0.11752980866494911,False
1979-08-21 10:00:00,0.4178241,0.14127341,0.11491267,0.2994196716099977,0.11808498588619842,False
1979-08-21 11:00:00,0.44086128,0.13747388,0.11265977,0.3111884509027004,0.11853857035882781,False
1979-08-21 12:00:00,0.4518074,0.13024598,0.10724449,0.3145448457896709,0.11853743668630341,False
1979-08-21 13:00:00,0.39583662,0.12238873,0.09626937,0.27875771716982123,0.11855249177622075,False
1979-08-21 14:00:00,0.32349068,0.11268839,0.0870863,0.2329387988001108,0.11803592400718722,False
1979-08-21 15:00:00,0.25839162,0.10982737,0.08711364,0.19432239995896816,0.11734337346981677,False
1979-08-21 16:00:00,0.18017247,0.10322972,0.08282272,0.14652370914816856,0.11653671435713235,False
1979-08-21 17:00:00,0.10827125,0.09856003,0.07831256,0.10307003900408745,0.11574472800541602,False
1979-08-21 18:00:00,0.04050455,0.091873765,0.07196501,0.061158654365688556,0.11524919046791669,False
1979-08-21 19:00:00,0.003057605,0.08759935,0.067047685,0.03770897392020561,0.11497696723498181,False
1979-08-21 20:00:00,0.0,0.084016964,0.064094305,0.03446335212886333,0.11489160775311515,False
1979-08-21 21:00:00,0.0,0.08365796,0.06472324,0.03436484123021365,0.11486083919298594,False
1979-08-21 22:00:00,0.0,0.091527075,0.07281087,0.03770527768135071,0.11484637928334755,False
1979-08-21 23:00:00,0.0,0.08948079,0.07051051,0.036825977951288225,0.11472611349029226,False
1979-08-22 00:00:00,0.0,0.087983444,0.06925063,0.036205424889922136,0.11460265518538414,False
1979-08-22 01:00:00,0.0,0.08245139,0.06394664,0.03387768092751503,0.11449504195549286,False
1979-08-22 02:00:00,0.0,0.07309124,0.05822653,0.030114899687469006,0.11435073736426181,False
1979-08-22 03:00:00,0.0,0.067746356,0.053851623,0.02790639305859804,0.1141470032191113,False
1979-08-22 04:00:00,2.362687e-06,0.062222466,0.04842628,0.02557647238709046,0.11389309855759837,False
1979-08-22 05:00:00,0.009816474,0.0619458,0.047773954,0.031101899254135788,0.11357602378130514,False
1979-08-22 06:00:00,0.06827355,0.06542151,0.051020596,0.06628948755562306,0.11319244189966093,False
1979-08-22 07:00:00,0.13697204,0.070530556,0.057177577,0.10814623142778873,0.11274482135989017,False
1979-08-22 08:00:00,0.24192625,0.07366941,0.06047996,0.17004137855023144,0.11223089251917721,False
1979-08-22 09:00:00,0.33423737,0.07641622,0.06301734,0.22445548098534343,0.11148607423849338,False
1979-08-22 10:00:00,0.4113247,0.07764718,0.065192305,0.2695065511018037,0.1107806591596665,False
1979-08-22 11:00:00,0.43922392,0.076421335,0.060254566,0.2848854184746742,0.1104868065215237,False
1979-08-22 12:00:00,0.4415124,0.070469216,0.052200776,0.28357464059442283,0.1102836155533458,False
1979-08-22 13:00:00,0.40579885,0.055572156,0.040512104,0.25683971696719526,0.1099506053725313,False
1979-08-22 14:00:00,0.35545895,0.0430274,0.031366978,0.22267073904722928,0.10955205589278845,False
1979-08-22 15:00:00,0.28498492,0.03087518,0.022508005,0.17704467043280603,0.10950049611617745,False
1979-08-22 16:00:00,0.20010132,0.024248159,0.017676909,0.12536058288626373,0.10911306863932181,False
1979-08-22 17:00:00,0.11997268,0.020410607,0.014879334,0.07755923624709248,0.10854118284336844,False
1979-08-22 18:00:00,0.044209387,0.018999394,0.013850557,0.033267522845417265,0.10783462631010887,False
1979-08-22 19:00:00,0.0033622186,0.018557562,0.013528463,0.00951827738317661,0.1070914650127056,False
1979-08-22 20:00:00,0.0,0.019713446,0.014371104,0.008050301352515816,0.10643151516971965,False
1979-08-22 21:00:00,0.0,0.02300616,0.016771493,0.009394933618605137,0.1058553202390144,False
1979-08-22 22:00:00,0.0,0.03428264,0.024992043,0.013999864351004362,0.10532802495282928,False
1979-08-22 23:00:00,0.0,0.034289397,0.024996966,0.01400262377411127,0.10473211854805092,False
1979-08-23 00:00:00,0.0,0.034116395,0.02487085,0.013931975595653056,0.10418710931510984,False
1979-08-23 01:00:00,0.0,0.032675788,0.023820648,0.013343680690973997,0.10371215093023463,False
1979-08-23 02:00:00,0.0,0.029947056,0.021831403,0.012229359218850731,0.10336605087252654,False
1979-08-23 03:00:00,0.0,0.027962105,0.020384371,0.011418772922828793,0.10312510302294366,False
1979-08-23 04:00:00,8.6439763e-07,0.028665397,0.020897076,0.011706472445948067,0.10295394666334003,False
1979-08-23 05:00:00,0.010792926,0.031163916,0.022718493,0.01895380189269781,0.1028506539132501,False
1979-08-23 06:00:00,0.069432534,0.034212813,0.024941143,0.054033921897411345,0.10276723523826965,False
1979-08-23 07:00:00,0.167426,0.035395168,0.025803074,0.11105898780375718,0.10266491018772132,False
1979-08-23 08:00:00,0.27746922,0.038202472,0.027849602,0.1757003293223679,0.10282090272281946,False
1979-08-23 09:00:00,0.37799138,0.03577716,0.026081545,0.2327112004123628,0.10318298882099496,False
1979-08-23 10:00:00,0.47744706,0.024066132,0.017544208,0.28531474497914316,0.10345465480265524,False
1979-08-23 11:00:00,0.50866205,0.019436693,0.014169348,0.3014352844301611,0.10323223783969264,False
1979-08-23 12:00:00,0.50506127,0.017484328,0.012746075,0.29856035711057477,0.10277577273315756,False
1979-08-23 13:00:00,0.43586737,0.019913191,0.014516716,0.2596273421421647,0.10225468785010129,False
1979-08-23 14:00:00,0.3859683,0.019003104,0.013853263,0.23046392952278258,0.10203667622079925,False
1979-08-23 15:00:00,0.29287755,0.01649386,0.0120240245,0.1757258810698986,0.10188405085169716,False
1979-08-23 16:00:00,0.19815008,0.011608686,0.008462733,0.11907319094240663,0.10164399624692515,False
1979-08-23 17:00:00,0.115371324,0.0063327295,0.0046165595,0.06915532540762796,0.10144952069377144,False
1979-08-23 18:00:00,0.039351903,0.0068097347,0.0049642962,0.025486912090331312,0.1012651756267972,False
1979-08-23 19:00:00,0.0027812857,0.010839736,0.007902167,0.006031381456879898,0.10114233801623501,False
1979-08-23 20:00:00,0.0,0.01666641,0.0121498145,0.006805995455011726,0.10101364658340235,False
1979-08-23 21:00:00,0.0,0.022172922,0.016164059,0.009054667493328452,0.10087891327810422,False
1979-08-23 22:00:00,0.0,0.022288267,0.016248146,0.009101770251989365,0.10071893348387158,False
1979-08-23 23:00:00,0.0,0.026117587,0.019039722,0.01066553477011621,0.10046607609034464,False
1979-08-24 00:00:00,0.0,0.0328286,0.023956839,0.01340742241591215,0.10020954371930048,False
1979-08-24 01:00:00,0.0,0.0420439,0.032419994,0.017264878157526253,0.09995536833008584,False
1979-08-24 02:00:00,0.0,0.045100495,0.035320744,0.01854940290749073,0.0997193482156966,False
1979-08-24 03:00:00,0.0,0.047684286,0.03880345,0.01969088779762387,0.09951990830577627,False
1979-08-24 04:00:00,2.3050605e-07,0.04988237,0.04095727,0.020618420382773436,0.09935033565194529,False
1979-08-24 05:00:00,0.00796384,0.054402027,0.044968873,0.027097802855074404,0.09917155870056481,False
1979-08-24 06:00:00,0.06420942,0.05885561,0.048357982,0.06137788512930273,0.0989338784482241,False
1979-08-24 07:00:00,0.15817632,0.059129216,0.04717513,0.1156338731124997,0.09859415678498996,False
1979-08-24 08:00:00,0.26774198,0.08022174,0.061714202,0.18742151126265524,0.09813569555246777,False
1979-08-24 09:00:00,0.357939,0.07563468,0.056582317,0.2374954481050372,0.09735408168295284,False
1979-08-24 10:00:00,0.4140974,0.048721828,0.035518214,0.25883053687959906,0.09653426814332956,False
1979-08-24 11:00:00,0.42787293,0.039406843,0.02872759,0.26297509336099023,0.09535316934973509,False
1979-08-24 12:00:00,0.42704177,0.0297759,0.021706631,0.25856256620772183,0.09434398392185767,False
1979-08-24 13:00:00,0.41036665,0.02349265,0.017126141,0.24637515876069663,0.09383028693890554,False
1979-08-24 14:00:00,0.36142823,0.016653277,0.012140238,0.21534472133032978,0.09424214798745122,False
1979-08-24 15:00:00,0.2767526,0.014290622,0.010417864,0.16552204940374937,0.09450464877363492,False
1979-08-24 16:00:00,0.19552463,0.007855804,0.005726881,0.11602575633488596,0.09481407315669625,False
1979-08-24 17:00:00,0.11491201,0.005892858,0.004295894,0.06871067303232849,0.09518004142207293,False
1979-08-24 18:00:00,0.044192385,0.0045848857,0.003342382,0.027371317538432773,0.09529558226656794,False
1979-08-24 19:00:00,0.0027190202,0.0043397686,0.0031636914,0.0033410886072088035,0.09529004715206475,False
1979-08-24 20:00:00,0.0,0.003876676,0.0028260967,0.0015831026982050388,0.09522838971999091,False
1979-08-24 21:00:00,0.0,0.0042018765,0.0030631681,0.001715903495438397,0.09513409228034515,False
1979-08-24 22:00:00,0.0,0.0045613726,0.0033252405,0.001862709461711347,0.09499332513191121,False
1979-08-24 23:00:00,0.0,0.004136167,0.0030152656,0.001689069963991642,0.09491532505538862,False
1979-08-25 00:00:00,0.0,0.0042402083,0.003091112,0.0017315569133497775,0.09482737992741248,False
1979-08-25 01:00:00,0.0,0.0049336017,0.0035965957,0.002014715200290084,0.09470339843074406,False
1979-08-25 02:00:00,0.0,0.006504566,0.004741828,0.002656243542674929,0.09450907625306944,False
1979-08-25 03:00:00,0.0,0.008030261,0.0058540604,0.003279285538941622,0.09430432432659518,False
1979-08-25 04:00:00,2.8813256e-08,0.007652846,0.0055789244,0.003125178779684697,0.09408773253476328,False
1979-08-25 05:00:00,0.008103267,0.007026943,0.005122641,0.007545149780344218,0.0938502886001456,False
1979-08-25 06:00:00,0.057411652,0.011266263,0.008213106,0.03772728206217289,0.0936220265966538,False
1979-08-25 07:00:00,0.14306329,0.015930144,0.011613075,0.08905284864269196,0.09336493637774534,False
1979-08-25 08:00:00,0.22834578,0.015739184,0.011473866,0.1381828635856509,0.09289695670693265,False
1979-08-25 09:00:00,0.3244266,0.015099218,0.011007329,0.19336015051044522,0.09193789411348685,False
1979-08-25 10:00:00,0.3832556,0.018325524,0.013359308,0.22862200288660822,0.09091525442103628,False
1979-08-25 11:00:00,0.4232254,0.021532955,0.015697522,0.2529943838920444,0.09042747727204198,False
1979-08-25 12:00:00,0.45849055,0.022905566,0.016698157,0.27390290192887184,0.09004625030254719,False
1979-08-25 13:00:00,0.46849573,0.022221826,0.016199712,0.2793966724723578,0.09020465255871034,False
1979-08-25 14:00:00,0.406449,0.020919714,0.015250471,0.24306396725960075,0.09037513105284972,False
1979-08-25 15:00:00,0.31718308,0.01852166,0.01350229,0.19057825145684182,0.09100978839285756,False
1979-08-25 16:00:00,0.22819309,0.012175977,0.008876287,0.13663966768048702,0.09193420538134413,False
1979-08-25 17:00:00,0.12505838,0.006226275,0.004538955,0.07470128594338893,0.09307835076162287,False
1979-08-25 18:00:00,0.04110081,0.0036880116,0.0026885604,0.025221226594178,0.09418923001122202,False
1979-08-25 19:00:00,0.0021472499,0.0044882814,0.0032719572,0.003071824717335403,0.09523863742439316,False
1979-08-25 20:00:00,0.0,0.005582537,0.00406967,0.0022797183520160617,0.09633022458140367,False
1979-08-25 21:00:00,0.0,0.005626924,0.004102027,0.0022978443684987726,0.0974641353538962,False
1979-08-25 22:00:00,0.0,0.013120011,0.009564488,0.005357766578905284,0.09862802751365853,False
1979-08-25 23:00:00,0.0,0.01576436,0.011613334,0.006444168627262116,0.09988161128268148,False
1979-08-26 00:00:00,0.0,0.018230217,0.013506679,0.0074563105758279555,0.10118188324405385,False
1979-08-26 01:00:00,0.0,0.019431746,0.014205546,0.00793741362914443,0.10252310423157797,False
1979-08-26 02:00:00,0.0,0.021344475,0.015651833,0.008721310436725617,0.1038901364231777,False
1979-08-26 03:00:00,0.0,0.022742001,0.016716357,0.009294481789693236,0.1052808278076471,False
1979-08-26 04:00:00,0.0,0.022557255,0.016620083,0.00922111152112484,0.10670480089416999,False
1979-08-26 05:00:00,0.008008874,0.028088877,0.021394644,0.016141226687468587,0.10816305569444075,False
1979-08-26 06:00:00,0.057590727,0.03846835,0.029868226,0.04903755462169647,0.10963125197555627,False
1979-08-26 07:00:00,0.12489628,0.051086195,0.041757207,0.09317084891349077,0.11113221813960689,False
1979-08-26 08:00:00,0.2036064,0.057777274,0.047885213,0.14138650677725673,0.11262754097062073,False
1979-08-26 09:00:00,0.28282228,0.06098532,0.05030933,0.18840874286741016,0.11447626503177828,False
1979-08-26 10:00:00,0.3530081,0.07674942,0.06316719,0.23541723372787235,0.11653682630638347,False
1979-08-26 11:00:00,0.36504668,0.08234662,0.06774745,0.2446761988252401,0.11905317042800197,False
1979-08-26 12:00:00,0.3964102,0.090387784,0.075631455,0.2661658745035529,0.12186274868922374,False
1979-08-26 13:00:00,0.36773536,0.10206327,0.087286666,0.25455812647938725,0.12445150421650214,False
1979-08-26 14:00:00,0.34202102,0.116524525,0.10119623,0.24580827365070582,0.12662475993729883,False
1979-08-26 15:00:00,0.2735868,0.12495796,0.10972203,0.2098940648511052,0.1289862008081709,False
1979-08-26 16:00:00,0.20287508,0.12905216,0.11602902,0.1709447345882654,0.13141909385205933,False
1979-08-26 17:00:00,0.11665222,0.13065727,0.12059283,0.12203287701308728,0.13342373619043488,False
1979-08-26 18:00:00,0.04004331,0.13020779,0.12205942,0.07774287337064742,0.13528204667476226,False
1979-08-26 19:00:00,0.0017852116,0.13027044,0.122915074,0.0557372721437132,0.13695297979745555,False
1979-08-26 20:00:00,0.0,0.13342042,0.12553118,0.05601081977784634,0.13851818459641738,False
1979-08-26 21:00:00,0.0,0.13712603,0.12931894,0.057582727164030074,0.14002513326932178,False
1979-08-26 22:00:00,0.0,0.1477449,0.1392012,0.06203473037481308,0.1414830718497172,False
1979-08-26 23:00:00,0.0,0.15287028,0.14246278,0.06410212410986423,0.1429908791002593,False
1979-08-27 00:00:00,0.0,0.15771395,0.14655031,0.06611016431450843,0.14451130894150202,False
1979-08-27 01:00:00,0.0,0.16144882,0.14921565,0.06763226039707661,0.14599269287320868,False
1979-08-27 02:00:00,0.0,0.16576535,0.15262996,0.06940942999720573,0.14746267454614945,False
1979-08-27 03:00:00,0.0,0.17121725,0.15649684,0.07162999369204044,0.14887705081803806,False
1979-08-27 04:00:00,0.0,0.17492704,0.15876539,0.07312140919268131,0.15029018994791052,False
1979-08-27 05:00:00,0.0060434355,0.17841633,0.1610349,0.07801857127388939,0.15166158179470887,False
1979-08-27 06:00:00,0.05068666,0.19305648,0.17202988,0.10977365793660283,0.15292427238800335,False
1979-08-27 07:00:00,0.11661234,0.22483091,0.1959337,0.16082834453135728,0.1541547283935524,False
1979-08-27 08:00:00,0.20067486,0.26769736,0.22873881,0.2269216185212135,0.15591263541239395,False
1979-08-27 09:00:00,0.29992887,0.28740057,0.24365407,0.29226709169149395,0.15828157710634874,False
1979-08-27 10:00:00,0.3924508,0.29643202,0.25146276,0.3494065207242965,0.16110844592185153,False
1979-08-27 11:00:00,0.45306006,0.30496895,0.25749892,0.38785414043068883,0.16336563126007178,False
1979-08-27 12:00:00,0.46017694,0.32007998,0.2691029,0.39816316723823547,0.16585711483884064,False
1979-08-27 13:00:00,0.43455875,0.32101828,0.2688297,0.38371294707059855,0.16747439329692557,False
1979-08-27 14:00:00,0.3958806,0.30885684,0.25966373,0.3564131290614605,0.1688915445754313,False
1979-08-27 15:00:00,0.32386386,0.29066664,0.24503107,0.30735711756348605,0.1698100879320573,False
1979-08-27 16:00:00,0.21992594,0.25531188,0.21768796,0.23286249992251395,0.17060025116670963,False
1979-08-27 17:00:00,0.12392229,0.22215223,0.19301583,0.16390018919110297,0.17093729968859592,False
1979-08-27 18:00:00,0.039218295,0.19866751,0.17571756,0.1054260164834559,0.1711100366186359,False
1979-08-27 19:00:00,0.0013806447,0.18542556,0.16635166,0.07820165506750346,0.1711804376695624,False
1979-08-27 20:00:00,0.0,0.17869948,0.16061383,0.07461325465142726,0.17124184986560856,False
1979-08-27 21:00:00,0.0,0.17309569,0.15567754,0.07227889622747898,0.17125621441363606,False
1979-08-27 22:00:00,0.0,0.18632533,0.16626795,0.0777325146049261,0.17122495862919154,False
1979-08-27 23:00:00,0.0,0.19047244,0.16926798,0.07942480100691318,0.1710513421621478,False
1979-08-28 00:00:00,0.0,0.18837477,0.16763793,0.0785627392977476,0.1708291120592809,False
1979-08-28 01:00:00,0.0,0.18819758,0.1676227,0.07849653393030168,0.1705357498571581,False
1979-08-28 02:00:00,0.0,0.18359566,0.16415878,0.07661137148737907,0.17017750691606914,False
1979-08-28 03:00:00,0.0,0.1848553,0.16506584,0.07712516002357006,0.1697245647928982,False
1979-08-28 04:00:00,0.0,0.17976713,0.16136757,0.07504792016744613,0.16913913652983747,False
1979-08-28 05:00:00,0.006754144,0.17438743,0.15748656,0.07675037516560405,0.16841512105412104,False
1979-08-28 06:00:00,0.062195454,0.172812,0.1563896,0.10809944288805126,0.16755816341661986,False
1979-08-28 07:00:00,0.14696062,0.22304286,0.1935425,0.17755038581788538,0.16667229298561326,False
1979-08-28 08:00:00,0.24979527,0.26737657,0.2278126,0.25509570808708665,0.1657713459073269,False
1979-08-28 09:00:00,0.35154837,0.2925639,0.24627705,0.32409844601154325,0.16493933075073622,False
1979-08-28 10:00:00,0.39373264,0.28094652,0.23905799,0.34376212996244426,0.16397232445373025,False
1979-08-28 11:00:00,0.41262054,0.30430016,0.25738144,0.3642674106061458,0.16287736814652395,False
1979-08-28 12:00:00,0.39650872,0.2770311,0.23676358,0.3437952404916286,0.16138092826039976,False
1979-08-28 13:00:00,0.37454382,0.25629628,0.22030148,0.322581387847662,0.1596317237286221,False
1979-08-28 14:00:00,0.32957658,0.23991597,0.20747547,0.28989835476875303,0.15789190715897652,False
1979-08-28 15:00:00,0.2683521,0.22351374,0.19455878,0.24782190011441707,0.15585307716955565,False
1979-08-28 16:00:00,0.19124058,0.18399887,0.16447532,0.18712306363880632,0.15373766107287704,False
1979-08-28 17:00:00,0.11292602,0.15570013,0.14282568,0.13032424965500833,0.15194122706505916,False
1979-08-28 18:00:00,0.03738465,0.14208527,0.13188362,0.08112212381511927,0.150320332920964,False
1979-08-28 19:00:00,0.0011359337,0.13844211,0.12860155,0.058685057553928346,0.14880195122733073,False
1979-08-28 20:00:00,0.0,0.13527502,0.12562658,0.05670031808316708,0.14735444512357634,False
1979-08-28 21:00:00,0.0,0.13380507,0.12422926,0.05608244951069355,0.14597343783685637,False
1979-08-28 22:00:00,0.0,0.12798637,0.119892016,0.05370113995671272,0.14464434592518655,False
1979-08-28 23:00:00,0.0,0.12744929,0.11863503,0.053435079172253604,0.14322707455651534,False
1979-08-29 00:00:00,0.0,0.12428808,0.114194006,0.05202877861261368,0.1417346359799819,False
1979-08-29 01:00:00,0.0,0.12082121,0.10839951,0.050436599224805825,0.14022521440527336,False
1979-08-29 02:00:00,0.0,0.11472564,0.09878604,0.04766820808500052,0.13869375909014772,False
1979-08-29 03:00:00,0.0,0.10491797,0.0891612,0.043529437065124514,0.13717553943820232,False
1979-08-29 04:00:00,0.0,0.09263503,0.07752483,0.03836866635829211,0.1356461807705898,False
1979-08-29 05:00:00,0.0048361607,0.08226945,0.06919837,0.03688460467383265,0.13415844997274393,False
1979-08-29 06:00:00,0.06171269,0.07646062,0.0635127,0.06725187724828718,0.13271974644371165,False
1979-08-29 07:00:00,0.15011491,0.07507791,0.06042282,0.11758288477361202,0.13148396756016584,False
1979-08-29 08:00:00,0.2652023,0.08266058,0.06410005,0.1869848910048604,0.13026323093436748,False
1979-08-29 09:00:00,0.36710164,0.0831408,0.06211461,0.24585078943520783,0.12911324138648042,False
1979-08-29 10:00:00,0.4559717,0.08249542,0.061335992,0.296848617978394,0.12812674735757842,False
1979-08-29 11:00:00,0.50220066,0.06429013,0.04689233,0.31602502589672804,0.12801703035547873,False
1979-08-29 12:00:00,0.50956947,0.049415886,0.03602418,0.31420134971290825,0.1280439448513177,False
1979-08-29 13:00:00,0.48942053,0.043603297,0.031786803,0.3002017517276108,0.12861992867632158,False
1979-08-29 14:00:00,0.42012694,0.039513677,0.028805472,0.2585492895692587,0.12928543239695808,False
1979-08-29 15:00:00,0.33180586,0.035177186,0.025644165,0.20581714492291212,0.1297307817187945,False
1979-08-29 16:00:00,0.23599783,0.025621433,0.018678024,0.14663366754725574,0.12974312025046375,False
1979-08-29 17:00:00,0.1345379,0.020738501,0.015118369,0.08609727027453482,0.12953152886839905,False
1979-08-29 18:00:00,0.042911004,0.019061444,0.013895792,0.03254369518905878,0.12884789143153166,False
1979-08-29 19:00:00,0.001223843,0.019627502,0.014308452,0.008721362087293528,0.12777788746823296,False
1979-08-29 20:00:00,0.0,0.020385891,0.0148613155,0.008324904888868332,0.12662718919211027,False
1979-08-29 21:00:00,0.0,0.02077177,0.015142619,0.008482484467327595,0.12550167648288033,False
1979-08-29 22:00:00,0.0,0.023761746,0.017322311,0.009703488908708095,0.12438382374585917,False
1979-08-29 23:00:00,0.0,0.019070514,0.013902404,0.007787749333307147,0.1233194968581417,False
1979-08-30 00:00:00,0.0,0.014963302,0.010908247,0.006110503711737692,0.1222542363228028,False
1979-08-30 01:00:00,0.0,0.012211298,0.008902037,0.004986678804270924,0.12121036169556164,False
1979-08-30 02:00:00,0.0,0.009150684,0.006670849,0.003736828193999827,0.12018581380854147,False
1979-08-30 03:00:00,0.0,0.009099543,0.006633566,0.0037159439781680706,0.11920829802907673,False
1979-08-30 04:00:00,0.0,0.008905839,0.006492356,0.003636841870844364,0.1183118372281139,False
1979-08-30 05:00:00,0.0067514637,0.009298059,0.0067782844,0.007692605772055685,0.11752567129593507,False
1979-08-30 06:00:00,0.07756087,0.009867211,0.0071931966,0.04878205647785216,0.11685612895412913,False
1979-08-30 07:00:00,0.1980396,0.011475429,0.008365587,0.11895502777956427,0.11644648861806432,False
1979-08-30 08:00:00,0.33663905,0.013849047,0.010095954,0.1998962097885087,0.11649035083079982,False
1979-08-30 09:00:00,0.46857515,0.015620476,0.011387328,0.27674673262424765,0.11682502077803597,False
1979-08-30 10:00:00,0.5769919,0.013643101,0.00994582,0.3384957138616591,0.11753755889147277,False
1979-08-30 11:00:00,0.6245014,0.012787535,0.009322113,0.365559306406416,0.11846606150033952,False
1979-08-30 12:00:00,0.6358464,0.011164262,0.008138745,0.37144246409181503,0.11969408238502187,False
1979-08-30 13:00:00,0.6065777,0.01109357,0.008087212,0.354525566438213,0.12100654605151191,False
1979-08-30 14:00:00,0.53185284,0.010764933,0.007847637,0.3112751222169026,0.12210417402446914,False
1979-08-30 15:00:00,0.42302328,0.010602536,0.007729248,0.24841414963454006,0.12307779952521926,False
1979-08-30 16:00:00,0.30035305,0.0089698145,0.0065389955,0.17696667729970064,0.12371108928403922,False
1979-08-30 17:00:00,0.16326784,0.008091054,0.0058983783,0.09750965268537402,0.12400631658805046,False
1979-08-30 18:00:00,0.04627855,0.0074913423,0.0054611894,0.0297619335767813,0.12401546934304136,False
1979-08-30 19:00:00,0.00094637123,0.007114902,0.005186763,0.003451540300040506,0.12383222987857034,False
1979-08-30 20:00:00,0.0,0.00655223,0.0047765765,0.0026757080401293935,0.1236705092507764,False
1979-08-30 21:00:00,0.0,0.0059395693,0.0043299454,0.0024255181336775423,0.1235135477078002,False
1979-08-30 22:00:00,0.0,0.006399772,0.004665434,0.0026134493462741377,0.12335581734763401,False
1979-08-30 23:00:00,0.0,0.0056385044,0.0041104695,0.002302573475986719,0.12316171614493215,False
1979-08-31 00:00:00,0.0,0.0047085127,0.003432506,0.0019227965050376953,0.12300574370455435,False
1979-08-31 01:00:00,0.0,0.0030813061,0.002246272,0.0012583006478380412,0.12288260488936431,False
1979-08-31 02:00:00,0.0,0.001830345,0.0013343215,0.0007474506706930696,0.12278216827461075,False
1979-08-31 03:00:00,0.0,0.0012227233,0.00089136534,0.0004993186189094558,0.12270725759845846,False
1979-08-31 04:00:00,0.0,0.0015493494,0.0011294757,0.0006327016137074679,0.12263254649935516,False
1979-08-31 05:00:00,0.006940249,0.0018171166,0.0013246782,0.004746572267147712,0.12255990784033201,False
1979-08-31 06:00:00,0.08091597,0.0022054357,0.0016077625,0.04758914111717604,0.12247577444500955,False
1979-08-31 07:00:00,0.20562737,0.0025498702,0.0018588554,0.11968827098491601,0.12237684966881716,False
1979-08-31 08:00:00,0.35029152,0.0022794288,0.0016617039,0.20304904847219585,0.12220762838019557,False
1979-08-31 09:00:00,0.48429546,0.0015038956,0.00109634,0.28005261888017413,0.1220511866320897,False
1979-08-31 10:00:00,0.59124136,0.0006623437,0.00048284867,0.3414167432039976,0.1218978541634157,False
1979-08-31 11:00:00,0.6495051,0.0005034648,0.00036702584,0.3749700283614802,0.12172269406969279,False
1979-08-31 12:00:00,0.6534157,0.00043774061,0.0003191129,0.37719960570443073,0.12161816485745656,False
1979-08-31 13:00:00,0.6112062,0.0005434637,0.00039618503,0.3528878944295574,0.12149637655107409,False
1979-08-31 14:00:00,0.52875704,0.00046650306,0.00034008073,0.30528331360526495,0.12116342406776916,False
1979-08-31 15:00:00,0.4090896,0.0004171674,0.00030411503,0.23621505334627,0.12076855375615074,False
1979-08-31 16:00:00,0.27844518,0.0003470094,0.00025296985,0.16080457813979593,0.12034600807433889,False
1979-08-31 17:00:00,0.14962536,0.000496538,0.00036197616,0.08653660251409746,0.11987687973883293,False
1979-08-31 18:00:00,0.040556066,0.0008505874,0.0006200781,0.023748200894449838,0.11954574235729522,False
1979-08-31 19:00:00,0.0006376085,0.0014469173,0.0010548028,0.0009587719531846233,0.11938684101196122,False
1979-08-31 20:00:00,0.0,0.0019363777,0.0014116194,0.0007907508260104805,0.11937018358611445,False
1979-08-31 21:00:00,0.0,0.002231888,0.0016270464,0.000911427179351449,0.11940668864001114,False
1979-08-31 22:00:00,0.0,0.0009467761,0.0006901998,0.00038663117901887743,0.11949365002434993,False
1979-08-31 23:00:00,0.0,0.0007372607,0.00053746306,0.00030107219517230984,0.11966578154190272,False
1979-09-01 00:00:00,0.0,0.00048936636,0.0003567481,0.00019984058261616154,0.1198405968323938,False
1979-09-01 01:00:00,0.0,0.0004058156,0.0002958396,0.0001657212960999459,0.11999854472521171,False
1979-09-01 02:00:00,0.0,0.00034556192,0.00025191467,0.00014111573869013226,0.12017604261015429,False
1979-09-01 03:00:00,0.0,0.0003178796,0.00023173422,0.00012981122120982037,0.12035551723463929,False
1979-09-01 04:00:00,0.0,0.0003677736,0.00026810696,0.0001501862377335783,0.12053522568713439,False
1979-09-01 05:00:00,0.005982957,0.00049474416,0.0003606685,0.0036542027965770106,0.12072994231110412,False
1979-09-01 06:00:00,0.07584899,0.0006582342,0.00047985275,0.04403366722061765,0.12092244516821483,False
1979-09-01 07:00:00,0.19171676,0.0005187385,0.0003781604,0.11083240592572836,0.12109290286852592,False
1979-09-01 08:00:00,0.33306724,0.0005074109,0.00036990255,0.1923870058794273,0.12130172950024583,False
1979-09-01 09:00:00,0.4662702,0.00085429224,0.000622779,0.2693867741278954,0.12153771049920337,False
1979-09-01 10:00:00,0.5713706,0.0009971256,0.0007269046,0.3300880293629597,0.12167016742566981,False
1979-09-01 11:00:00,0.6236061,0.001766045,0.0012874467,0.36054190421907695,0.12127357957595875,False
1979-09-01 12:00:00,0.63231575,0.0018376525,0.0013396487,0.36559662538545673,0.12083381122950171,False
1979-09-01 13:00:00,0.585136,0.002253805,0.0016430238,0.3385438472395762,0.12013105820685571,False
1979-09-01 14:00:00,0.50530326,0.0018644161,0.0013591592,0.2923213472592179,0.11924806970426773,False
1979-09-01 15:00:00,0.39441186,0.0013622892,0.000993109,0.2281319569075713,0.11812423637618424,False
1979-09-01 16:00:00,0.2670664,0.0008600387,0.0006269682,0.15444851719541475,0.11729642809236611,False
1979-09-01 17:00:00,0.14072637,0.0010185505,0.00074252323,0.08161505837156437,0.11669371386835821,False
1979-09-01 18:00:00,0.03665017,0.0024182256,0.0017628863,0.022134669000748543,0.11644209999114415,False
1979-09-01 19:00:00,0.00048426437,0.0058098943,0.0042354134,0.002651983859395841,0.11656979494959402,False
1979-09-01 20:00:00,0.0,0.0108430935,0.007904613,0.004427950627170503,0.11690796813346849,False
1979-09-01 21:00:00,0.0,0.016161151,0.011781477,0.006599664581939578,0.11727729625321687,False
1979-09-01 22:00:00,0.0,0.026632389,0.019415012,0.01087576218880713,0.11764762463405955,False
1979-09-01 23:00:00,0.0,0.026186576,0.019090015,0.01069370741955936,0.11812622626966063,False
1979-09-02 00:00:00,0.0,0.023273963,0.01696672,0.009504295360296964,0.11860469286029424,False
1979-09-02 01:00:00,0.0,0.023944695,0.017455682,0.0097781991250813,0.1190664827705938,False
1979-09-02 02:00:00,0.0,0.022926083,0.016713113,0.009362232645973563,0.11952641877319788,False
1979-09-02 03:00:00,0.0,0.022345945,0.016290195,0.009125324338674546,0.11993227497286411,False
1979-09-02 04:00:00,0.0,0.024436656,0.017814321,0.009979099564254284,0.12034861933576817,False
1979-09-02 05:00:00,0.0055454858,0.026414942,0.019256491,0.013986709408462047,0.12077702743555586,False
1979-09-02 06:00:00,0.07586461,0.029378619,0.02141701,0.05577111073210835,0.12122728083022956,False
1979-09-02 07:00:00,0.2020005,0.032220267,0.023488576,0.12971194930747149,0.1213995002350469,False
1979-09-02 08:00:00,0.34211892,0.04156448,0.030300505,0.21437613642215728,0.12099623398983868,False
1979-09-02 09:00:00,0.46235022,0.048080582,0.03505074,0.28641055135056376,0.1200662686125409,False
1979-09-02 10:00:00,0.53884923,0.028074125,0.020466037,0.3223805264178663,0.1184716480279227,False
1979-09-02 11:00:00,0.5876508,0.036209308,0.026396584,0.35386114773154254,0.11629040144859389,False
1979-09-02 12:00:00,0.56059355,0.04898788,0.035712168,0.34346746061742306,0.1140210963952595,False
1979-09-02 13:00:00,0.5006262,0.052999333,0.03863651,0.3105044463053345,0.11175691627491442,False
1979-09-02 14:00:00,0.3993409,0.051227614,0.03734493,0.2513393138572574,0.10986752598421902,False
1979-09-02 15:00:00,0.30728853,0.046954878,0.0342301,0.19648025572299957,0.10823995690791947,False
1979-09-02 16:00:00,0.19634064,0.04551248,0.033178594,0.13187429538741707,0.10707814988813937,False
1979-09-02 17:00:00,0.09919692,0.042174213,0.030745002,0.07445913640782237,0.10625425363544366,False
1979-09-02 18:00:00,0.023176575,0.04041638,0.029463544,0.029877558900043368,0.1060083936819901,False
1979-09-02 19:00:00,0.00014902215,0.041886687,0.030535396,0.0171910847791587,0.1061921246399712,False
1979-09-02 20:00:00,0.0,0.045347802,0.033058546,0.018518500573933127,0.10660151389233151,False
1979-09-02 21:00:00,0.0,0.045760885,0.033359684,0.018687189459800718,0.10706023444244718,False
1979-09-02 22:00:00,0.0,0.05717532,0.041885495,0.02335950968787074,0.10755442711056756,False
1979-09-02 23:00:00,0.0,0.05686501,0.042301476,0.02326746854558587,0.10784470459735102,False
1979-09-03 00:00:00,0.0,0.05466913,0.04060828,0.02236575627699494,0.10824124949469777,False
1979-09-03 01:00:00,0.0,0.05446364,0.03973271,0.022242649421095845,0.1087093435248601,False
1979-09-03 02:00:00,0.0,0.048050556,0.035028853,0.019622213322669266,0.10921681585067498,False
1979-09-03 03:00:00,0.0,0.04922203,0.036137253,0.020114340640604494,0.10975416458570479,False
1979-09-03 04:00:00,0.0,0.050508026,0.03845025,0.020713775027543305,0.11031828262689604,False
1979-09-03 05:00:00,0.0035333117,0.056294713,0.045461033,0.0252663657409139,0.11082661308008328,False
1979-09-03 06:00:00,0.043914802,0.06499692,0.055138778,0.05230019865185022,0.11127044362444997,False
1979-09-03 07:00:00,0.1044105,0.07520284,0.0644615,0.09147562615573405,0.11132654182785756,False
1979-09-03 08:00:00,0.19050609,0.091146015,0.077662535,0.14774866776913403,0.1107865672703889,False
1979-09-03 09:00:00,0.26330912,0.098677084,0.08340332,0.19284498606622216,0.10977487845946049,False
1979-09-03 10:00:00,0.3151674,0.10490618,0.08937454,0.22538819355517623,0.10828819266957178,False
1979-09-03 11:00:00,0.35384077,0.114913926,0.09344259,0.2516152616590261,0.10731003631168456,False
1979-09-03 12:00:00,0.3617951,0.11717436,0.09116427,0.2569159796088934,0.10618059094232918,False
1979-09-03 13:00:00,0.3481797,0.11488374,0.084469005,0.2478531132861972,0.10521611626304787,False
1979-09-03 14:00:00,0.29780892,0.103730656,0.07566065,0.21419803159683942,0.10458269188008062,False
1979-09-03 15:00:00,0.23857825,0.08498644,0.06195511,0.17236521995812654,0.1043616716718746,False
1979-09-03 16:00:00,0.14949962,0.070108265,0.05130118,0.11490149706602097,0.10445970552537072,False
1979-09-03 17:00:00,0.07838061,0.060211107,0.043893922,0.06981378060579299,0.10465468363454357,False
1979-09-03 18:00:00,0.018090084,0.0502387,0.03662401,0.030953754983842372,0.10488727590176068,False
1979-09-03 19:00:00,0.00012683595,0.054435197,0.039683256,0.02230266797268996,0.10510940873943216,False
1979-09-03 20:00:00,0.0,0.06465517,0.04794036,0.026446537032723424,0.10530035164701725,False
1979-09-03 21:00:00,0.0,0.074089915,0.0552173,0.03032091265171766,0.1054365700709724,False
1979-09-03 22:00:00,0.0,0.060568675,0.045541488,0.024809081554412842,0.10558192224643166,False
1979-09-03 23:00:00,0.0,0.07246238,0.055356376,0.02972786249220371,0.10557878617691781,False
1979-09-04 00:00:00,0.0,0.07775702,0.060749393,0.0319728088080883,0.10559228273416843,False
1979-09-04 01:00:00,0.0,0.08294483,0.06537458,0.03413687076419592,0.10556940323213089,False
1979-09-04 02:00:00,0.0,0.085422784,0.06729564,0.0351549719274044,0.10547576050023522,False
1979-09-04 03:00:00,0.0,0.08781304,0.07036996,0.03620299031585455,0.10535723771486405,False
1979-09-04 04:00:00,0.0,0.08326029,0.067702115,0.03437896131724119,0.10520868611737128,False
1979-09-04 05:00:00,0.0024716298,0.08193979,0.06719748,0.03529057553806342,0.1050261807027829,False
1979-09-04 06:00:00,0.03855533,0.087895654,0.070072256,0.05846382449567318,0.10475485117446061,False
1979-09-04 07:00:00,0.112812445,0.09402483,0.07417089,0.10379317054897547,0.10447695208239731,False
1979-09-04 08:00:00,0.21772863,0.09748935,0.07800156,0.1658150734975934,0.10431839935985755,False
1979-09-04 09:00:00,0.3045058,0.095570125,0.07563729,0.21504963343590497,0.10439005233362679,False
1979-09-04 10:00:00,0.40520084,0.100833535,0.08186227,0.2754290212392807,0.10466023150008534,False
1979-09-04 11:00:00,0.4457991,0.10268913,0.08387764,0.2996477700024843,0.10488812223658638,False
1979-09-04 12:00:00,0.43920726,0.10588297,0.086653195,0.29717267601191993,0.10471917146071531,False
1979-09-04 13:00:00,0.41142204,0.10389722,0.08095337,0.28010007592290637,0.10488824216113167,False
1979-09-04 14:00:00,0.34423634,0.10261616,0.07852981,0.24073034386336803,0.10508617065575025,False
1979-09-04 15:00:00,0.27834386,0.0989286,0.0754967,0.20118588069081306,0.10537505439385357,False
1979-09-04 16:00:00,0.1868083,0.08185022,0.060039286,0.14123324462771414,0.10561329243005925,False
1979-09-04 17:00:00,0.09918208,0.06947637,0.051087502,0.08562356523424387,0.10595148556811164,False
1979-09-04 18:00:00,0.023233596,0.06635513,0.04905753,0.040539935108274215,0.1059020948051837,False
1979-09-04 19:00:00,0.00010289213,0.0642038,0.04825507,0.026356344343243104,0.10561862801157725,False
1979-09-04 20:00:00,0.0,0.061181687,0.04594338,0.025056984923779967,0.10523182998405851,False
1979-09-04 21:00:00,0.0,0.06255062,0.047831766,0.025664093881845474,0.10479602124123218,False
1979-09-04 22:00:00,0.0,0.05662125,0.042884022,0.023208978351205587,0.10432292709220516,False
1979-09-04 23:00:00,0.0,0.058184255,0.04528358,0.02391530329361558,0.10400247130205705,False
1979-09-05 00:00:00,0.0,0.05179333,0.039922252,0.02126754017919302,0.1035923000935031,False
1979-09-05 01:00:00,0.0,0.043390792,0.032159187,0.017747798290103672,0.103152970591796,False
1979-09-05 02:00:00,0.0,0.03411816,0.02487997,0.013933119624853135,0.10266726985399462,False
1979-09-05 03:00:00,0.0,0.031794675,0.023178315,0.012983863960951567,0.10218038164323978,False
1979-09-05 04:00:00,0.0,0.029271573,0.021338977,0.011953515127301216,0.10168822709773984,False
1979-09-05 05:00:00,0.002469094,0.026490651,0.019311683,0.012242548381444066,0.10125944143371042,False
1979-09-05 06:00:00,0.049032178,0.026127238,0.019046757,0.03896104223281145,0.10088694507667317,False
1979-09-05 07:00:00,0.12483487,0.02898227,0.021128075,0.08386509547382591,0.10081493497631966,False
1979-09-05 08:00:00,0.23793586,0.034035698,0.024812022,0.1511880105100572,0.10128953620442022,False
1979-09-05 09:00:00,0.32996112,0.037774984,0.027537966,0.20581358605623243,0.10219050901972832,False
1979-09-05 10:00:00,0.38284227,0.037777282,0.027539639,0.23632694890722633,0.10367563698797629,False
1979-09-05 11:00:00,0.3960229,0.03673278,0.026778199,0.24350562441721557,0.10509146897207466,False
1979-09-05 12:00:00,0.43447223,0.03511775,0.02560084,0.26503137322887776,0.10660464998707007,False
1979-09-05 13:00:00,0.4241333,0.030925117,0.02254441,0.25735368102788925,0.1083053096383017,False
1979-09-05 14:00:00,0.3766968,0.026227454,0.01911981,0.22806445102579892,0.10996451336579849,False
1979-09-05 15:00:00,0.30288097,0.022132901,0.016134886,0.18380064569599924,0.11153304210677574,False
1979-09-05 16:00:00,0.21538396,0.016794302,0.0122430455,0.1311347676925361,0.11258658537974724,False
1979-09-05 17:00:00,0.10975836,0.010070498,0.007341393,0.06744302398525179,0.11327318456295399,False
1979-09-05 18:00:00,0.024545148,0.0077988827,0.005685385,0.017347348890732972,0.11351028183754365,False
1979-09-05 19:00:00,7.952457e-05,0.00903718,0.0065881037,0.0037363626517908414,0.11345774200329545,False
1979-09-05 20:00:00,0.0,0.013536184,0.009867879,0.005527717377059161,0.11342008820709322,False
1979-09-05 21:00:00,0.0,0.018641105,0.013589366,0.007612393498420716,0.11343595250879895,False
1979-09-05 22:00:00,0.0,0.023085183,0.016829098,0.009427203627303243,0.11343618369007032,False
1979-09-05 23:00:00,0.0,0.024584917,0.017922407,0.010039644481614231,0.11346287159712533,False
1979-09-06 00:00:00,0.0,0.026654992,0.019431492,0.010884992726147175,0.11339684616259778,False
1979-09-06 01:00:00,0.0,0.026503762,0.019321242,0.010823235349729655,0.11333508712307098,False
1979-09-06 02:00:00,0.0,0.028857294,0.021036966,0.011784337811172009,0.1132716659835774,False
1979-09-06 03:00:00,0.0,0.03080465,0.022456592,0.012579572131857276,0.11324458760975407,False
1979-09-06 04:00:00,0.0,0.03378648,0.024630344,0.01379724944382906,0.11319561121005112,False
1979-09-06 05:00:00,0.0027909093,0.03869175,0.028206285,0.017410750400274993,0.1131388501876268,False
1979-09-06 06:00:00,0.062616445,0.046227284,0.033699688,0.055007339678704734,0.11309037140246668,False
1979-09-06 07:00:00,0.1808255,0.05439254,0.040127188,0.12657402949780225,0.11318498166369306,False
1979-09-06 08:00:00,0.3180328,0.06231128,0.04748111,0.20906176863238213,0.11365899531475455,False
1979-09-06 09:00:00,0.45102093,0.06361932,0.04854021,0.286335775911808,0.11426192689755033,False
1979-09-06 10:00:00,0.5537615,0.05836257,0.04319987,0.3433889564760029,0.11517430565925425,False
1979-09-06 11:00:00,0.60790294,0.052684445,0.038516663,0.3722804587222635,0.11660638932994445,False
1979-09-06 12:00:00,0.6236436,0.046433825,0.033850256,0.3788043392710388,0.11850272118482695,False
1979-09-06 13:00:00,0.59079146,0.046172258,0.033659577,0.3597418548427522,0.1197161892852369,False
1979-09-06 14:00:00,0.511118,0.0516807,0.03767523,0.3160197234302759,0.1203601015006824,False
1979-09-06 15:00:00,0.39830625,0.053654235,0.039534047,0.2517559577934444,0.12075405809927532,False
1979-09-06 16:00:00,0.26662853,0.049681813,0.0372732,0.17419000542163848,0.12070799071369027,False
1979-09-06 17:00:00,0.13222693,0.050478045,0.03857218,0.09700423441454767,0.12055086998432056,False
1979-09-06 18:00:00,0.027111312,0.054458626,0.04221413,0.03801802306436002,0.12048470036053055,False
1979-09-06 19:00:00,4.2182608e-05,0.059516184,0.047465757,0.02454896212553649,0.12049630263219892,False
1979-09-06 20:00:00,0.0,0.06245878,0.05131818,0.025818471405655144,0.12057390053613533,False
1979-09-06 21:00:00,0.0,0.06228993,0.04981863,0.025675190582871436,0.1206343666159334,False
1979-09-06 22:00:00,0.0,0.059610043,0.046183188,0.024489997889846564,0.12066556256092342,False
1979-09-06 23:00:00,0.0,0.05076612,0.03728488,0.020746082436293365,0.12057827394987879,False
1979-09-07 00:00:00,0.0,0.044803265,0.032790765,0.018303106281906366,0.12045832190787376,False
1979-09-07 01:00:00,0.0,0.036005896,0.026248299,0.014703583594411611,0.12029824004895241,False
1979-09-07 02:00:00,0.0,0.03093636,0.022552606,0.012633357681334018,0.12011893822718017,False
1979-09-07 03:00:00,0.0,0.02603791,0.018981636,0.010632996775209904,0.11990436395084149,False
1979-09-07 04:00:00,0.0,0.02259979,0.01647525,0.0092289860509336,0.119666809643804,False
1979-09-07 05:00:00,0.0027376914,0.020404287,0.014939574,0.009915566693758593,0.11940396392580775,False
1979-09-07 06:00:00,0.06068371,0.020741973,0.015445312,0.04350233477167784,0.11908766842120622,False
1979-09-07 07:00:00,0.17055094,0.020096725,0.014706768,0.10661775072477757,0.11848538723826003,False
1979-09-07 08:00:00,0.3007085,0.016210753,0.011817639,0.18012872648425401,0.11735100622187351,False
1979-09-07 09:00:00,0.422261,0.014602513,0.010645231,0.24960776661802078,0.11566682045886256,False
1979-09-07 10:00:00,0.518158,0.014912575,0.010871266,0.30506696510035547,0.11374500913943088,False
1979-09-07 11:00:00,0.56871617,0.015624034,0.01138992,0.3345295534515753,0.11201299601827575,False
1979-09-07 12:00:00,0.548188,0.017076306,0.012448626,0.3232778420485556,0.11011628714236422,False
1979-09-07 13:00:00,0.48606065,0.019111466,0.013932259,0.28826146736927327,0.10807657436039242,False
1979-09-07 14:00:00,0.41372156,0.020219672,0.014740142,0.24697436775825915,0.10604514994844882,False
1979-09-07 15:00:00,0.3003545,0.020287827,0.014789825,0.18158941118791697,0.10392924223830624,False
1979-09-07 16:00:00,0.20083179,0.018887548,0.013769021,0.12359297268278896,0.1022445479260747,False
1979-09-07 17:00:00,0.09865627,0.017979499,0.013107054,0.06426688204333185,0.10095349684462505,False
1979-09-07 18:00:00,0.018809898,0.017266244,0.012587092,0.01790425793081522,0.10006962047668,False
1979-09-07 19:00:00,1.6625248e-05,0.018247036,0.013302091,0.007461062040738398,0.09948299352504876,False
1979-09-07 20:00:00,0.0,0.020643465,0.015049084,0.008430089207366109,0.0989806442099267,False
1979-09-07 21:00:00,0.0,0.022307927,0.01626248,0.009109798857942225,0.09845476700457002,False
1979-09-07 22:00:00,0.0,0.012825138,0.009349526,0.005237350297160447,0.09793251462337284,False
1979-09-07 23:00:00,0.0,0.010485561,0.007643974,0.00428194646537304,0.09743181475886886,False
1979-09-08 00:00:00,0.0,0.007838712,0.005714421,0.003201063497923314,0.09700708868450747,False
1979-09-08 01:00:00,0.0,0.005428336,0.003957257,0.002216747904662043,0.09663203664468674,False
1979-09-08 02:00:00,0.0,0.0036358868,0.0026505613,0.0014847725469153375,0.09633200931708925,False
1979-09-08 03:00:00,0.0,0.0028821337,0.0021010751,0.0011769653940573333,0.09607540690782262,False
1979-09-08 04:00:00,0.0,0.0028911687,0.0021076617,0.0011806549800094219,0.09585974535287606,False
1979-09-08 05:00:00,0.0017790744,0.0029435365,0.0021458382,0.0022285661794012412,0.09567646878320157,False
1979-09-08 06:00:00,0.042945,0.0032289103,0.0023538754,0.0260978428972885,0.09550486911841072,False
1979-09-08 07:00:00,0.1226123,0.0033706161,0.0024571794,0.0721237407112494,0.09511647511289169,False
1979-09-08 08:00:00,0.21975772,0.0034788575,0.0025360868,0.12822085200785657,0.09432159267067643,False
1979-09-08 09:00:00,0.33428133,0.0029593743,0.0021573838,0.19408883257908743,0.09326863943378971,False
1979-09-08 10:00:00,0.44914278,0.0026861697,0.0019582175,0.2602523266605567,0.09188917992412488,False
1979-09-08 11:00:00,0.48629934,0.0015763209,0.0011491377,0.2812384326785104,0.09050882479606202,False
1979-09-08 12:00:00,0.48607168,0.0010646544,0.0007761331,0.28089812573639206,0.08905899623851803,False
1979-09-08 13:00:00,0.45354033,0.0013240952,0.0009652653,0.26223348306945987,0.08794242986070967,False
1979-09-08 14:00:00,0.3704345,0.0017519847,0.0012771968,0.21445615334343163,0.08711761578023557,False
1979-09-08 15:00:00,0.29475087,0.0020064826,0.0014627253,0.17089063080633057,0.08614858196670468,False
1979-09-08 16:00:00,0.19336258,0.0015901069,0.0011591878,0.11221955351205543,0.08558667140355612,False
1979-09-08 17:00:00,0.093870446,0.0010160527,0.0007407023,0.05457816875318531,0.08511487496344029,False
1979-09-08 18:00:00,0.016557163,0.0007504213,0.00054705713,0.009859929386060683,0.08482046426369466,False
1979-09-08 19:00:00,4.2355487e-06,0.0010621626,0.00077431666,0.0004361949996773546,0.08473961958706812,False
1979-09-08 20:00:00,0.0,0.0014113946,0.0010289066,0.0005763655485352501,0.08470872571984688,False
1979-09-08 21:00:00,0.0,0.0014865985,0.0010837303,0.0006070762854069471,0.08461747436797627,False
1979-09-08 22:00:00,0.0,0.0011176356,0.0008147564,0.000456404393655248,0.08448304594379764,False
1979-09-08 23:00:00,0.0,0.0008796787,0.0006412857,0.00035923086694674566,0.08441856630360739,False
1979-09-09 00:00:00,0.0,0.0007361249,0.00053663505,0.000300608370511327,0.08437559449450377,False
1979-09-09 01:00:00,0.0,0.0007401984,0.0005396047,0.000302271869732067,0.08436320803939047,False
1979-09-09 02:00:00,0.0,0.0007748981,0.0005649007,0.00031644203653559085,0.08437340254143377,False
1979-09-09 03:00:00,0.0,0.00068870117,0.0005020631,0.0002812421377748251,0.08441037550961805,False
1979-09-09 04:00:00,0.0,0.0010571661,0.0007706741,0.00043171070655807856,0.08447318910135394,False
1979-09-09 05:00:00,0.00166215,0.001762444,0.0012848217,0.001678782783797942,0.08455293652184222,False
1979-09-09 06:00:00,0.041542083,0.0021785374,0.0015881535,0.02485942250676453,0.08463154497606672,False
1979-09-09 07:00:00,0.1165641,0.0029530039,0.0021527398,0.06846339349844494,0.08458199772469459,False
1979-09-09 08:00:00,0.22241811,0.003065189,0.002234523,0.1295869711136911,0.08438568334859477,False
1979-09-09 09:00:00,0.3158649,0.0027908008,0.002034494,0.18339371015410869,0.0842082618965489,False
1979-09-09 10:00:00,0.41137314,0.0035449036,0.0025842343,0.2388099189533386,0.08392373172493856,False
1979-09-09 11:00:00,0.45606413,0.0043803276,0.003193259,0.26493778268946333,0.0835091922404616,False
1979-09-09 12:00:00,0.46191356,0.007734567,0.0056384997,0.2696826559137553,0.08292885511723172,False
1979-09-09 13:00:00,0.42158595,0.013260898,0.009667194,0.24867039150651543,0.08308927482538109,False
1979-09-09 14:00:00,0.33486018,0.017744923,0.012936049,0.20046074470877645,0.08339682439217072,False
1979-09-09 15:00:00,0.2549287,0.018424256,0.013431282,0.1546177041567862,0.08402221067382759,False
1979-09-09 16:00:00,0.1638825,0.015639266,0.011401026,0.10094674355722963,0.0843630362221746,False
1979-09-09 17:00:00,0.076388344,0.01483741,0.010816472,0.05013516845554113,0.0847203600137638,False
1979-09-09 18:00:00,0.013129335,0.01578997,0.011510889,0.014023713452741504,0.08523972605715806,False
1979-09-09 19:00:00,1.0660904e-06,0.014637706,0.010670885,0.005978156414118302,0.08591167842940999,False
1979-09-09 20:00:00,0.0,0.009917634,0.007229954,0.004050024317577481,0.08663888000717933,False
1979-09-09 21:00:00,0.0,0.0065069925,0.0047435975,0.002657234497368336,0.08740689174053777,False
1979-09-09 22:00:00,0.0,0.0052460968,0.003824405,0.0021423275680281222,0.08822365075818316,False
1979-09-09 23:00:00,0.0,0.005434585,0.003961812,0.0022192996283993123,0.08916079125885817,False
1979-09-10 00:00:00,0.0,0.006382788,0.004653053,0.002606513652484864,0.0901029209430374,False
1979-09-10 01:00:00,0.0,0.0066266144,0.004830802,0.002706084002740681,0.09102828604838514,False
1979-09-10 02:00:00,0.0,0.007981749,0.0058186953,0.00325947501976043,0.09196173503568507,False
1979-09-10 03:00:00,0.0,0.010265345,0.0074834367,0.004192017797380686,0.09288695605787443,False
1979-09-10 04:00:00,0.0,0.01226481,0.008941045,0.005008531163446605,0.0938191738764429,False
1979-09-10 05:00:00,0.0009771151,0.013316428,0.009707676,0.006001771982177161,0.09475430985608484,False
1979-09-10 06:00:00,0.02960271,0.016257012,0.011851362,0.02371957483142614,0.09572598477711469,False
1979-09-10 07:00:00,0.0955827,0.018486926,0.013476967,0.06270065065845846,0.09673166249489135,False
1979-09-10 08:00:00,0.19143622,0.022641271,0.01650549,0.11970462230965494,0.09775154530355877,False
1979-09-10 09:00:00,0.29304913,0.027774198,0.02024739,0.18043138434179126,0.09895148930653459,False
1979-09-10 10:00:00,0.38481864,0.044837266,0.032761537,0.24035443140566348,0.10048924218719123,False
1979-09-10 11:00:00,0.39431292,0.06326046,0.046677552,0.25338225076347587,0.10198861257622227,False
1979-09-10 12:00:00,0.44273874,0.08065492,0.06252505,0.2885982717275619,0.10331404462410075,False
1979-09-10 13:00:00,0.41996124,0.08440918,0.0653933,0.276995862275362,0.10444930300477363,False
1979-09-10 14:00:00,0.36346734,0.084589794,0.06556311,0.24447469486296178,0.10579896799139228,False
1979-09-10 15:00:00,0.2597403,0.09092543,0.07090043,0.18725025712698698,0.10748873688689914,False
1979-09-10 16:00:00,0.16230422,0.08699103,0.06707167,0.129371095508337,0.10915227641784135,False
1979-09-10 17:00:00,0.07704569,0.085313454,0.066142835,0.07950773883610963,0.11072484317400506,False
1979-09-10 18:00:00,0.012670311,0.08481593,0.06492216,0.042113643254153434,0.11208427971595603,False
1979-09-10 19:00:00,0.0,0.08593752,0.06723935,0.03534187073260546,0.11330387219982546,False
1979-09-10 20:00:00,0.0,0.09083501,0.07264461,0.03744092874974012,0.11453851842307321,False
1979-09-10 21:00:00,0.0,0.096266195,0.07943117,0.03981150913238525,0.11579526408992076,False
1979-09-10 22:00:00,0.0,0.108815074,0.09789604,0.04543914842605591,0.11704781856944153,False
1979-09-10 23:00:00,0.0,0.10909954,0.09858753,0.045581455707550046,0.11825126982992933,False
1979-09-11 00:00:00,0.0,0.107232906,0.09535539,0.0447181334272027,0.11938945614098756,False
1979-09-11 01:00:00,0.0,0.10810385,0.096620426,0.04510782326012849,0.12041686003076446,False
1979-09-11 02:00:00,0.0,0.10743318,0.09415201,0.04472705110162496,0.12134734418694697,False
1979-09-11 03:00:00,0.0,0.1078919,0.096584916,0.04502769742906093,0.12214542108113946,False
1979-09-11 04:00:00,0.0,0.1084212,0.09834843,0.045318237729370596,0.12278692218443447,False
1979-09-11 05:00:00,0.00097383035,0.11425372,0.103660285,0.04831917899323162,0.1232977979724279,False
1979-09-11 06:00:00,0.038057465,0.122290835,0.111990325,0.07313195296004414,0.12371695810267247,False
1979-09-11 07:00:00,0.101677224,0.14039245,0.12861472,0.11741776831448077,0.12417156807874495,False
1979-09-11 08:00:00,0.19665684,0.17661907,0.15816392,0.18718428325653075,0.12471139371579369,False
1979-09-11 09:00:00,0.30304366,0.19748548,0.17550951,0.2572058484256267,0.1252411283233468,False
1979-09-11 10:00:00,0.3839736,0.2140365,0.18976787,0.3107796976268291,0.12573972111189438,False
1979-09-11 11:00:00,0.41076303,0.21970658,0.19400977,0.3285585209876299,0.12577126665609278,False
1979-09-11 12:00:00,0.39903337,0.22551534,0.19847493,0.3241750581860542,0.12587472505644284,False
1979-09-11 13:00:00,0.38150138,0.22413927,0.19667824,0.3134543108642101,0.12515018237834186,False
1979-09-11 14:00:00,0.33175248,0.21620443,0.19201916,0.28156965169310566,0.12444185369657673,False
1979-09-11 15:00:00,0.2629393,0.19834708,0.17706577,0.23446760164201258,0.12386561759206166,False
1979-09-11 16:00:00,0.17751446,0.17728302,0.15901238,0.17642994785308838,0.1237215630016477,False
1979-09-11 17:00:00,0.08286242,0.16154121,0.14755183,0.11538812246918678,0.12357678651198445,False
1979-09-11 18:00:00,0.011841988,0.15707089,0.14392902,0.07256415267847478,0.12326182750451388,False
1979-09-11 19:00:00,0.0,0.15629204,0.14017433,0.06524117513000965,0.12289166803037059,False
1979-09-11 20:00:00,0.0,0.15455012,0.13601522,0.06437381632626056,0.12258208053264079,False
1979-09-11 21:00:00,0.0,0.1509016,0.13142887,0.06277984951436519,0.1223180220074324,False
1979-09-11 22:00:00,0.0,0.14425085,0.12369301,0.05990798807144165,0.12208848064703177,False
1979-09-11 23:00:00,0.0,0.13680024,0.118017636,0.05685224255919456,0.12186272905099449,False
1979-09-12 00:00:00,0.0,0.12483746,0.10846071,0.05192190036177635,0.12173805771845636,False
1979-09-12 01:00:00,0.0,0.11388359,0.09900515,0.04736932349950075,0.12169147837053296,False
1979-09-12 02:00:00,0.0,0.09985228,0.08743843,0.04156716594099998,0.12171917831975278,False
1979-09-12 03:00:00,0.0,0.08392326,0.07437757,0.03498407075554132,0.12185056127964762,False
1979-09-12 04:00:00,0.0,0.0707124,0.06366097,0.02953056898713112,0.12208228281776663,False
1979-09-12 05:00:00,0.0009091735,0.061249837,0.055475466,0.026121458233916203,0.12241046868016255,False
1979-09-12 06:00:00,0.037838977,0.056733206,0.05135576,0.04554085368290543,0.12276405600265623,False
1979-09-12 07:00:00,0.112326846,0.056945164,0.05160974,0.08861228123679758,0.12317169624568297,False
1979-09-12 08:00:00,0.2076542,0.060717344,0.053902112,0.14513188347220418,0.12374037101431462,False
1979-09-12 09:00:00,0.3108274,0.06012858,0.05238851,0.20436383819207546,0.12454140767145926,False
1979-09-12 10:00:00,0.3816863,0.051987283,0.04541324,0.24186861752718683,0.12537692332517378,False
1979-09-12 11:00:00,0.4117649,0.050100677,0.0420882,0.25834825398027894,0.12579135296184593,False
1979-09-12 12:00:00,0.4025875,0.051990826,0.043381836,0.2538202231787145,0.12606669585966837,False
1979-09-12 13:00:00,0.38311842,0.053004,0.044042233,0.24299608555063604,0.12607726319570117,False
1979-09-12 14:00:00,0.33809182,0.052614074,0.042996075,0.21681536184623834,0.12561441681069654,False
1979-09-12 15:00:00,0.27886522,0.047094457,0.03801021,0.1803356367871165,0.12476888299734666,False
1979-09-12 16:00:00,0.18267456,0.04133741,0.03268703,0.12242182400450109,0.1238614408926544,False
1979-09-12 17:00:00,0.084078744,0.03867609,0.029718403,0.06438970647752285,0.12312759743911549,False
1979-09-12 18:00:00,0.011457073,0.043254178,0.03286048,0.024345988495275375,0.12268461677138408,False
1979-09-12 19:00:00,0.0,0.049716376,0.039561633,0.02048167084157467,0.12241967557730876,False
1979-09-12 20:00:00,0.0,0.059711605,0.05060254,0.024766119539737702,0.1221885814190542,False
1979-09-12 21:00:00,0.0,0.06900666,0.0616679,0.028793523833155633,0.12197141657012306,False
1979-09-12 22:00:00,0.0,0.083025746,0.07345503,0.03460307181626558,0.12176331281556539,False
1979-09-12 23:00:00,0.0,0.095118314,0.08330692,0.03959723174571991,0.12166321577305696,False
1979-09-13 00:00:00,0.0,0.10217755,0.08849644,0.04248232472687959,0.12157899460556708,False
1979-09-13 01:00:00,0.0,0.111802585,0.095967904,0.04643742082268,0.1215651233758477,False
1979-09-13 02:00:00,0.0,0.122830726,0.10572028,0.05103343317657709,0.1216021622641643,False
1979-09-13 03:00:00,0.0,0.13498153,0.117447175,0.056150331258773806,0.12173880362079269,False
1979-09-13 04:00:00,0.0,0.14636898,0.13075936,0.061071159124374386,0.12198519907739734,False
1979-09-13 05:00:00,0.00094190525,0.15503238,0.13964708,0.06529137047292898,0.12231691673152868,False
1979-09-13 06:00:00,0.041198604,0.16513404,0.14801164,0.09269868462532758,0.12270467673548097,False
1979-09-13 07:00:00,0.13131641,0.16506982,0.14877456,0.1447141572088003,0.12308319653923222,False
1979-09-13 08:00:00,0.23431198,0.21744739,0.1888508,0.22563404279947283,0.12350493445250736,False
1979-09-13 09:00:00,0.33555025,0.24953479,0.21518093,0.29731059980392455,0.123961041254956,False
1979-09-13 10:00:00,0.4008346,0.238882,0.20820929,0.3306723201870918,0.12432480872278322,False
1979-09-13 11:00:00,0.42420033,0.23320411,0.20294583,0.3417749800831079,0.12469736613701317,False
1979-09-13 12:00:00,0.39348614,0.23460197,0.20504922,0.32468229031562806,0.12483055417111054,False
1979-09-13 13:00:00,0.3507543,0.21339004,0.18725064,0.29123768438398834,0.12546513832301742,False
1979-09-13 14:00:00,0.28627822,0.18157758,0.1629513,0.24098402865231036,0.12611680759003915,False
1979-09-13 15:00:00,0.2159125,0.15858412,0.14465417,0.1909103806167841,0.12673271491909618,False
1979-09-13 16:00:00,0.13835344,0.14651011,0.13543145,0.14120546208322046,0.127070873688474,False
1979-09-13 17:00:00,0.06372034,0.13668731,0.12816294,0.09412505041807889,0.1276186388153139,False
1979-09-13 18:00:00,0.008165619,0.13127226,0.12399908,0.05984697536285966,0.1283615549623057,False
1979-09-13 19:00:00,0.0,0.12883346,0.12239092,0.054148655533790585,0.12928980450518843,False
1979-09-13 20:00:00,0.0,0.12842199,0.12152201,0.05394990357756614,0.13020553576108482,False
1979-09-13 21:00:00,0.0,0.12595505,0.11691588,0.05279086929559707,0.1310453690150794,False
1979-09-13 22:00:00,0.0,0.1314072,0.12248283,0.05510333003103733,0.13188058402482836,False
1979-09-13 23:00:00,0.0,0.12591435,0.11754132,0.05280962651968002,0.1327499850862701,False
1979-09-14 00:00:00,0.0,0.1222005,0.114149965,0.05125608133524656,0.133588795468681,False
1979-09-14 01:00:00,0.0,0.11718859,0.10934447,0.04914719013869762,0.134446789908227,False
1979-09-14 02:00:00,0.0,0.11466796,0.107656926,0.04812595105916261,0.1352631761222188,False
1979-09-14 03:00:00,0.0,0.11158126,0.10439941,0.04681105267256498,0.13601604168117462,False
1979-09-14 04:00:00,0.0,0.108445466,0.10067851,0.04545301638543606,0.1367585365613964,False
1979-09-14 05:00:00,0.000633517,0.10609826,0.096632265,0.04473393842362566,0.13748220808711317,False
1979-09-14 06:00:00,0.03232487,0.10769873,0.09847265,0.06370980426296591,0.13819376697721772,False
1979-09-14 07:00:00,0.10532621,0.114747725,0.10630677,0.10885570107400416,0.13887092048368918,False
1979-09-14 08:00:00,0.19887698,0.124724686,0.11573306,0.16702500998973846,0.14006631888546864,False
1979-09-14 09:00:00,0.28378978,0.13866194,0.12799476,0.22182467664778233,0.14161896881279418,False
1979-09-14 10:00:00,0.34508514,0.14495978,0.13235347,0.2597513734102249,0.143053404476539,False
1979-09-14 11:00:00,0.343831,0.15875898,0.1438653,0.26474127961695193,0.1445894021944907,False
1979-09-14 12:00:00,0.36848733,0.17167154,0.15400511,0.28428026247024535,0.14660979948414682,False
1979-09-14 13:00:00,0.34608966,0.17878643,0.15944971,0.2742762103676796,0.14917582032492577,False
1979-09-14 14:00:00,0.2919306,0.18693203,0.16587125,0.24637891364097597,0.15211729491320322,False
1979-09-14 15:00:00,0.21243662,0.17730026,0.15865804,0.19656725771725175,0.15505805639585674,False
1979-09-14 16:00:00,0.13245049,0.17295025,0.1568884,0.14871455009281634,0.15749896706148556,False
1979-09-14 17:00:00,0.056164894,0.16182174,0.14685771,0.10004968153312802,0.15891352703551023,False
1979-09-14 18:00:00,0.006917861,0.15514724,0.14187092,0.06890196655364707,0.15963315326290398,False
1979-09-14 19:00:00,0.0,0.15395963,0.14121605,0.06443677112460136,0.16001182750836287,False
1979-09-14 20:00:00,0.0,0.15541166,0.14317061,0.06507811573147773,0.16024845482073996,False
1979-09-14 21:00:00,0.0,0.16467442,0.15035157,0.06888384430110454,0.1603789618521956,False
1979-09-14 22:00:00,0.0,0.18287183,0.16397437,0.07633432276546956,0.16043507529087636,False
1979-09-14 23:00:00,0.0,0.19152984,0.17010406,0.07986013010144234,0.16043509460836922,False
1979-09-15 00:00:00,0.0,0.2008022,0.17722303,0.0836660578250885,0.16037527383715186,False
1979-09-15 01:00:00,0.0,0.20555928,0.18097377,0.08562395909428597,0.16024906929387053,False
1979-09-15 02:00:00,0.0,0.20931342,0.18396902,0.08717098000645637,0.16007613003710558,False
1979-09-15 03:00:00,0.0,0.22052331,0.1929071,0.09179008550941944,0.15982348685097222,False
1979-09-15 04:00:00,0.0,0.23026267,0.20074941,0.0958073923587799,0.15951244827956235,False
1979-09-15 05:00:00,0.0005528975,0.2384564,0.20623638,0.09944619719794717,0.159163380253504,False
1979-09-15 06:00:00,0.035284653,0.25227335,0.21766558,0.1252020529359579,0.1587880464659677,False
1979-09-15 07:00:00,0.123143375,0.31572157,0.26922765,0.20209328049421307,0.15849756595416142,False
1979-09-15 08:00:00,0.23905788,0.39065087,0.3347161,0.30016123931109906,0.15849905315912166,False
1979-09-15 09:00:00,0.33281225,0.419264,0.35967466,0.3661635116636753,0.15881822256202024,False
1979-09-15 10:00:00,0.41923872,0.39181107,0.3318738,0.4044002106487751,0.15937003616074247,False
1979-09-15 11:00:00,0.4667179,0.40918735,0.3419943,0.43875404998660084,0.16029407696365214,False
1979-09-15 12:00:00,0.46879274,0.42846492,0.3565616,0.4478512906730175,0.16146815454138588,False
1979-09-15 13:00:00,0.4391433,0.43319157,0.35546467,0.43242846462130546,0.16228274994205208,False
1979-09-15 14:00:00,0.3619315,0.41990238,0.3400393,0.38214057981967925,0.16306300861094913,False
1979-09-15 15:00:00,0.2745921,0.36214924,0.29632187,0.308074092566967,0.16364489933927379,False
1979-09-15 16:00:00,0.16217501,0.27891222,0.2335324,0.20910434083640575,0.1641814743047719,False
1979-09-15 17:00:00,0.072589375,0.20852263,0.18218867,0.12866710933297873,0.16437485672953994,False
1979-09-15 18:00:00,0.00747142,0.17665504,0.15790038,0.07802333914488553,0.16423057844669703,False
1979-09-15 19:00:00,0.0,0.15675029,0.14196128,0.06550676652789116,0.16389442791016995,False
1979-09-15 20:00:00,0.0,0.14412439,0.13022855,0.06021424108743668,0.16358741821786613,False
1979-09-15 21:00:00,0.0,0.13305897,0.11825104,0.05548431435227394,0.16327708583856224,False
1979-09-15 22:00:00,0.0,0.13211621,0.11765508,0.05510425727069378,0.16289976639552264,False
1979-09-15 23:00:00,0.0,0.11986731,0.10568874,0.049938229501247405,0.1624169888111785,False
1979-09-16 00:00:00,0.0,0.108793944,0.09357959,0.04519826325774193,0.16188425867976844,False
1979-09-16 01:00:00,0.0,0.09864965,0.08230342,0.040846105813980106,0.16127471115505546,False
1979-09-16 02:00:00,0.0,0.08734833,0.06976936,0.03599907812476158,0.1606373590526193,False
1979-09-16 03:00:00,0.0,0.077442884,0.061199572,0.03188120124489069,0.1599989823379576,False
1979-09-16 04:00:00,0.0,0.06977171,0.054666504,0.028697751134634016,0.15929932276876865,False
1979-09-16 05:00:00,0.00051996397,0.06425012,0.050177842,0.026717916621884795,0.15856977517968265,False
1979-09-16 06:00:00,0.039926067,0.06499025,0.050888814,0.049766739696264266,0.15781414338156347,False
1979-09-16 07:00:00,0.13768886,0.07175375,0.05562003,0.10892708691209554,0.1570131196392242,False
1979-09-16 08:00:00,0.26008987,0.078803495,0.05916286,0.18234514132887125,0.15575012641991565,False
1979-09-16 09:00:00,0.36508217,0.092107534,0.06799323,0.24831172938644885,0.15390222085672506,False
1979-09-16 10:00:00,0.45267045,0.10482139,0.078433074,0.30410533194988965,0.1519897690527304,False
1979-09-16 11:00:00,0.47132924,0.119740255,0.09177549,0.3210970033481717,0.1500821234717507,False
1979-09-16 12:00:00,0.46962437,0.12698008,0.10281352,0.3233808417022228,0.14802530244770537,False
1979-09-16 13:00:00,0.44600764,0.13097304,0.11209568,0.3117286264747381,0.14590616103728998,False
1979-09-16 14:00:00,0.38083696,0.13064833,0.11773161,0.2743096686005592,0.14376999022161355,False
1979-09-16 15:00:00,0.29553014,0.12369009,0.11408003,0.22232285606116056,0.1416510564467722,False
1979-09-16 16:00:00,0.18960935,0.11594532,0.107564636,0.15799690648168327,0.13985169699665545,False
1979-09-16 17:00:00,0.07794331,0.11466693,0.10812845,0.09312432395666836,0.13870117979343125,False
1979-09-16 18:00:00,0.0072304844,0.11575902,0.108882815,0.05276674080034718,0.13800507787833996,False
1979-09-16 19:00:00,0.0,0.11838947,0.11138131,0.04970030589401722,0.1376472986139384,False
1979-09-16 20:00:00,0.0,0.11971691,0.11123372,0.05018216152489185,0.13749850732963803,False
1979-09-16 21:00:00,0.0,0.121104345,0.11268533,0.050772511035203936,0.1374919560732347,False
1979-09-16 22:00:00,0.0,0.12663151,0.1191476,0.05316099871695042,0.13763006325010482,False
1979-09-16 23:00:00,0.0,0.12932085,0.12166096,0.054289083793759345,0.13798920713681997,False
1979-09-17 00:00:00,0.0,0.12962037,0.1218122,0.05440777663886547,0.13847981105782362,False
1979-09-17 01:00:00,0.0,0.13100486,0.12389383,0.05503105817735195,0.13905210310723903,False
1979-09-17 02:00:00,0.0,0.13469046,0.1264466,0.05652889770269394,0.13976747617163035,False
1979-09-17 03:00:00,0.0,0.13879453,0.12946752,0.05820642618834972,0.14067861137297274,False
1979-09-17 04:00:00,0.0,0.1450309,0.13467973,0.06078910808265209,0.14181943027200447,False
1979-09-17 05:00:00,0.00032979652,0.15039343,0.13871118,0.06317587088822621,0.14313672973858463,False
1979-09-17 06:00:00,0.03506475,0.1590478,0.14503548,0.08675291330367327,0.14460377619948234,False
1979-09-17 07:00:00,0.13015454,0.15866816,0.14484978,0.14146960596740246,0.14618324811940078,False
1979-09-17 08:00:00,0.2441523,0.16895187,0.15264185,0.21146177227795124,0.1476847121192173,False
1979-09-17 09:00:00,0.33969402,0.18796231,0.16674596,0.27436582507193086,0.14900863305569623,False
1979-09-17 10:00:00,0.41274944,0.1791233,0.15889443,0.3128332227617502,0.15080684880288625,False
1979-09-17 11:00:00,0.44819278,0.19566053,0.17075321,0.3400266408324242,0.15215424879280537,False
1979-09-17 12:00:00,0.44979003,0.20833975,0.18011643,0.3461325029730796,0.1537175069128194,False
1979-09-17 13:00:00,0.41955835,0.21124381,0.18255804,0.3298922654688358,0.15525636969503945,False
1979-09-17 14:00:00,0.34540457,0.19496639,0.17019863,0.28043175862729547,0.15686819460643764,False
1979-09-17 15:00:00,0.2600327,0.17177644,0.15334177,0.22170483896136284,0.15854488526126678,False
1979-09-17 16:00:00,0.15829107,0.14943716,0.13709731,0.15387951508164402,0.15993612893869788,False
1979-09-17 17:00:00,0.0630965,0.14046912,0.12989688,0.09525421740859746,0.16095261216316062,False
1979-09-17 18:00:00,0.0055648186,0.13757093,0.12732148,0.06084993445361033,0.16190984114326537,False
1979-09-17 19:00:00,0.0,0.1393253,0.1287731,0.05836478488147259,0.16286590027856795,False
1979-09-17 20:00:00,0.0,0.14305666,0.13170135,0.059899780780076975,0.16367317498522965,False
1979-09-17 21:00:00,0.0,0.14844546,0.13587195,0.06211345884203911,0.16429758672836392,False
1979-09-17 22:00:00,0.0,0.17327298,0.15565617,0.07234316383302213,0.16477108561854034,False
1979-09-17 23:00:00,0.0,0.17608334,0.15763824,0.07348721770942211,0.16511021457939565,False
1979-09-18 00:00:00,0.0,0.17414512,0.15571728,0.07266828162968159,0.16531419584295867,False
1979-09-18 01:00:00,0.0,0.18035416,0.15987642,0.07518401290476322,0.16540782327718256,False
1979-09-18 02:00:00,0.0,0.19149141,0.16802292,0.07973356778919696,0.1654155600755584,False
1979-09-18 03:00:00,0.0,0.2082942,0.18111017,0.08664050839841367,0.1653397051594329,False
1979-09-18 04:00:00,0.0,0.22115335,0.19115815,0.09192812553048134,0.16520058554365455,False
1979-09-18 05:00:00,0.00030331712,0.23339507,0.20071022,0.09713614674497512,0.16497782555642695,False
1979-09-18 06:00:00,0.031647038,0.25871107,0.2195679,0.12558139185234904,0.16465716916463616,False
1979-09-18 07:00:00,0.11373009,0.2782048,0.23550977,0.18099735890328883,0.16418018542887144,False
1979-09-18 08:00:00,0.21079046,0.29975483,0.25292078,0.24589334627985954,0.1634481988827586,False
1979-09-18 09:00:00,0.2984001,0.39270404,0.32484138,0.3346260852515697,0.16244744954651344,False
1979-09-18 10:00:00,0.35974672,0.38980278,0.32165638,0.3687805314660072,0.16131181099410602,False
1979-09-18 11:00:00,0.39522392,0.40675694,0.3332571,0.39613339310884477,0.16019676826852808,False
1979-09-18 12:00:00,0.38741112,0.420481,0.3435658,0.397246255248785,0.15870998652082682,False
1979-09-18 13:00:00,0.37444144,0.41894704,0.34170464,0.38909622222185136,0.15685130345221113,False
1979-09-18 14:00:00,0.32216856,0.40877718,0.33445895,0.3547908200323582,0.1546922464032856,False
1979-09-18 15:00:00,0.24104153,0.3625679,0.3006303,0.2891025525778532,0.15293476513902468,False
1979-09-18 16:00:00,0.1446599,0.29761523,0.24998732,0.2067881012558937,0.1513909955070242,False
1979-09-18 17:00:00,0.057123404,0.255632,0.21820182,0.13907131500169634,0.15017753983084545,False
1979-09-18 18:00:00,0.0040915976,0.23178951,0.19937772,0.09865757929487154,0.14916655515038532,False
1979-09-18 19:00:00,0.0,0.21282165,0.1836723,0.08844949181377887,0.14820987725358523,False
1979-09-18 20:00:00,0.0,0.1928495,0.16652702,0.08015392519533635,0.14722219355179061,False
1979-09-18 21:00:00,0.0,0.17684355,0.15268864,0.07350045776367187,0.14617256941421022,False
1979-09-18 22:00:00,0.0,0.16671726,0.14667629,0.06943918883800507,0.14504688760506054,False
1979-09-18 23:00:00,0.0,0.1538109,0.13562891,0.06408018444478511,0.1437155108030007,False
1979-09-19 00:00:00,0.0,0.14135173,0.12487232,0.058901893481612205,0.14234197103065035,False
1979-09-19 01:00:00,0.0,0.13310462,0.11642257,0.05540242449939251,0.14100659342222446,False
1979-09-19 02:00:00,0.0,0.12727854,0.10966818,0.05288786172866821,0.13971145284451142,False
1979-09-19 03:00:00,0.0,0.12423982,0.105262816,0.05152868463099003,0.13846218714509687,False
1979-09-19 04:00:00,0.0,0.12088792,0.10164789,0.0500966286957264,0.13718529033843024,False
1979-09-19 05:00:00,0.00017037278,0.11544257,0.09421763,0.04778436408226843,0.13587205954404144,False
1979-09-19 06:00:00,0.025319504,0.1195537,0.09505602,0.06385769398696721,0.13457733211573755,False
1979-09-19 07:00:00,0.09981698,0.11819825,0.09490185,0.10633425175398589,0.1331835264285382,False
1979-09-19 08:00:00,0.18855436,0.13268203,0.105005,0.1634258041381836,0.1318061669932655,False
1979-09-19 09:00:00,0.2775169,0.14526936,0.11339865,0.21985517455637454,0.13054918092128898,False
1979-09-19 10:00:00,0.34723184,0.14379337,0.10923422,0.2593111719340086,0.1290282068818784,False
1979-09-19 11:00:00,0.37057847,0.13406238,0.09941339,0.2686611169427633,0.12780178792383287,False
1979-09-19 12:00:00,0.35541466,0.12682264,0.09340565,0.25691571567952637,0.12620321968489404,False
1979-09-19 13:00:00,0.3129571,0.111795016,0.082016945,0.22625752712041136,0.12450213794205105,False
1979-09-19 14:00:00,0.27280292,0.094625056,0.06942089,0.1960726579427719,0.12226755232810742,False
1979-09-19 15:00:00,0.2027414,0.07479775,0.05595814,0.14760389662533996,0.11969161551209555,False
1979-09-19 16:00:00,0.12788402,0.05328581,0.040409286,0.09563364262506366,0.11718671913674489,False
1979-09-19 17:00:00,0.050104804,0.043476336,0.032846533,0.0467269527465105,0.11528104939199751,False
1979-09-19 18:00:00,0.0032340286,0.031929813,0.023727033,0.014929395407205448,0.1138049462992209,False
1979-09-19 19:00:00,0.0,0.02678993,0.019823762,0.01095596719533205,0.11265707998961987,False
1979-09-19 20:00:00,0.0,0.023269366,0.017248629,0.009517822176218032,0.11170661766833472,False
1979-09-19 21:00:00,0.0,0.019775722,0.014509084,0.008080732002854347,0.11098493918037818,False
1979-09-19 22:00:00,0.0,0.020660577,0.015061561,0.008437077334150672,0.11046925250633464,False
1979-09-19 23:00:00,0.0,0.018506214,0.013491031,0.007557308636605739,0.11019724291476264,False
1979-09-20 00:00:00,0.0,0.02092838,0.01569601,0.008570156425237657,0.11008922545431955,False
1979-09-20 01:00:00,0.0,0.031553615,0.025444098,0.013017265174537896,0.11004376857175335,False
1979-09-20 02:00:00,0.0,0.047711056,0.040063605,0.019768814217299223,0.11009550274821774,False
1979-09-20 03:00:00,0.0,0.060937162,0.05303053,0.025349461678415536,0.11022101043543624,False
1979-09-20 04:00:00,0.0,0.06917208,0.062380575,0.028893047399818895,0.11035084526619719,False
1979-09-20 05:00:00,0.00013769855,0.08356985,0.07541675,0.03498923018638743,0.11050127676601366,False
1979-09-20 06:00:00,0.027596036,0.10265187,0.09031973,0.0586787188667804,0.11068165360283377,False
1979-09-20 07:00:00,0.11117473,0.12184769,0.106934965,0.11488410601019859,0.11074433558035447,False
1979-09-20 08:00:00,0.21771978,0.14409909,0.12520629,0.18555801482498643,0.11060124894795124,False
1979-09-20 09:00:00,0.3166489,0.19014984,0.16199303,0.26161933135986326,0.11056027328414027,False
1979-09-20 10:00:00,0.3936882,0.19995554,0.16612473,0.3099124214798212,0.1102155382242531,False
1979-09-20 11:00:00,0.4143635,0.19417688,0.1604279,0.31940211763978005,0.10936797301910622,False
1979-09-20 12:00:00,0.41268972,0.18715814,0.1557595,0.31559433159232136,0.10872555141683472,False
1979-09-20 13:00:00,0.3660792,0.17041953,0.14302966,0.28183611275255677,0.10835503107655597,False
1979-09-20 14:00:00,0.29447576,0.14752951,0.12583235,0.2311458528637886,0.108156683884764,False
1979-09-20 15:00:00,0.2007606,0.12740144,0.11143568,0.1688675265610218,0.10798958748739017,False
1979-09-20 16:00:00,0.113570526,0.119547606,0.10504988,0.11531595350801946,0.10793074635653871,False
1979-09-20 17:00:00,0.040199302,0.10809968,0.09508497,0.068218366548419,0.10799457453172769,False
1979-09-20 18:00:00,0.0021824022,0.10151225,0.089680165,0.04355999643402174,0.10819994862560918,False
1979-09-20 19:00:00,0.0,0.10274584,0.09100159,0.04282730039209127,0.10851897787925961,False
1979-09-20 20:00:00,0.0,0.10929164,0.09601373,0.04551335777342319,0.10875185396167623,False
1979-09-20 21:00:00,0.0,0.117105156,0.102512866,0.04874749740958214,0.10894665779633621,False
1979-09-20 22:00:00,0.0,0.1354656,0.11844295,0.056382728442549705,0.10912815768010155,False
1979-09-20 23:00:00,0.0,0.14145803,0.12402466,0.058895346343517306,0.10921182699740571,False
1979-09-21 00:00:00,0.0,0.13610575,0.120313756,0.056719963118433955,0.10927331214078408,False
1979-09-21 01:00:00,0.0,0.13869436,0.12421196,0.05788566496968269,0.10926464152575177,False
1979-09-21 02:00:00,0.0,0.1410893,0.12685698,0.0589122307151556,0.10914034725277856,False
1979-09-21 03:00:00,0.0,0.13815777,0.12556554,0.0577607565075159,0.10887296875595753,False
1979-09-21 04:00:00,0.0,0.13672073,0.1271739,0.0573173406869173,0.10850159007794397,False
1979-09-21 05:00:00,5.3880787e-05,0.1343796,0.1263943,0.05644245224963379,0.10810072258807892,False
1979-09-21 06:00:00,0.016947206,0.13599744,0.1278673,0.06686642890796066,0.10763686649209425,False
1979-09-21 07:00:00,0.0732226,0.13626091,0.12845142,0.09946609339863062,0.10684526839601179,False
1979-09-21 08:00:00,0.15344836,0.17458303,0.15737279,0.1614589722752571,0.10546972542726739,False
1979-09-21 09:00:00,0.22631326,0.17419745,0.15641259,0.20330789168179034,0.10348178839090894,False
1979-09-21 10:00:00,0.27100867,0.14902778,0.13453312,0.21862804208695888,0.10085905688990521,False
1979-09-21 11:00:00,0.30751213,0.1446729,0.12974219,0.23782488003373142,0.09791592538159954,False
1979-09-21 12:00:00,0.31244737,0.14117463,0.12509573,0.2391307393461466,0.09497381112589803,False
1979-09-21 13:00:00,0.27886453,0.13432182,0.11606062,0.21673686191439628,0.09202038549885146,False
1979-09-21 14:00:00,0.23786746,0.12213778,0.106179014,0.18805203086882827,0.08952773466385272,False
1979-09-21 15:00:00,0.17054717,0.111234084,0.09867457,0.14477952234447,0.0876533747393513,False
1979-09-21 16:00:00,0.10125712,0.09665358,0.08531229,0.0986973950341344,0.08642356830685081,False
1979-09-21 17:00:00,0.036502503,0.08595829,0.07045106,0.0565849092528224,0.08556421327091435,False
1979-09-21 18:00:00,0.0021639043,0.070844375,0.0528269,0.030242799582425504,0.08494216490631139,False
1979-09-21 19:00:00,0.0,0.05419191,0.03957786,0.022134019151329995,0.08441090963147979,False
1979-09-21 20:00:00,0.0,0.046204645,0.03368319,0.018868406239897013,0.08381377516473111,False
1979-09-21 21:00:00,0.0,0.041121755,0.029977757,0.016792726423591375,0.08312083532505603,False
1979-09-21 22:00:00,0.0,0.030495204,0.022231005,0.012453204564750193,0.08233409584181317,False
1979-09-21 23:00:00,0.0,0.025733277,0.01875956,0.010508595518767833,0.0813636927532072,False
1979-09-22 00:00:00,0.0,0.0199673,0.014556165,0.008153966903686524,0.08031625099115007,False
1979-09-22 01:00:00,0.0,0.017266717,0.0125874365,0.007051140071824193,0.0792894996525294,False
1979-09-22 02:00:00,0.0,0.016981449,0.012379476,0.006934646369889379,0.07823130321544995,False
1979-09-22 03:00:00,0.0,0.018422898,0.013430293,0.0075232851337641475,0.07713008739515607,False
1979-09-22 04:00:00,0.0,0.02363421,0.01722934,0.009651407886296511,0.07603303444986631,False
1979-09-22 05:00:00,2.3799748e-05,0.031125033,0.022690145,0.012724137579123636,0.07492749162258515,False
1979-09-22 06:00:00,0.011620327,0.03422685,0.024951372,0.02068201025482267,0.07382621468236723,False
1979-09-22 07:00:00,0.05776311,0.038026497,0.02772132,0.04885804351046681,0.07266909699708356,False
1979-09-22 08:00:00,0.12530982,0.043669816,0.031835295,0.0901370370797813,0.07144224874471368,False
1979-09-22 09:00:00,0.19550206,0.05613477,0.040922247,0.13572821931168436,0.06970821859328441,False
1979-09-22 10:00:00,0.2410119,0.072430715,0.05280199,0.16864210908114907,0.06772938612481634,False
1979-09-22 11:00:00,0.2613578,0.06704078,0.048872728,0.17818063336610793,0.06602180338373308,False
1979-09-22 12:00:00,0.24880257,0.07412668,0.054038353,0.17382990149408578,0.06415451900744244,False
1979-09-22 13:00:00,0.22711366,0.076265626,0.05559764,0.16218887267261745,0.06204885070935723,False
1979-09-22 14:00:00,0.18969774,0.077677816,0.05662713,0.14117657648772,0.060253467575004875,False
1979-09-22 15:00:00,0.13985752,0.071344905,0.052088175,0.10983681780099867,0.05864300037499262,True
1979-09-22 16:00:00,0.08506747,0.061177913,0.0445987,0.07406691178306937,0.057369258360372793,True
1979-09-22 17:00:00,0.030748757,0.050489053,0.036806516,0.038360045047476886,0.0564477536286947,True
1979-09-22 18:00:00,0.001651691,0.04189065,0.030538283,0.01805974324210547,0.055843861429659275,True
1979-09-22 19:00:00,0.0,0.034686644,0.025286565,0.014164845988154411,0.055492941554650975,True
1979-09-22 20:00:00,0.0,0.030003099,0.02187226,0.012252245469018817,0.05531595595508473,True
1979-09-22 21:00:00,0.0,0.026897445,0.019608239,0.010984002213925122,0.0552358691438719,True
1979-09-22 22:00:00,0.0,0.024006357,0.017500635,0.009803380189463497,0.05524987402792678,True
1979-09-22 23:00:00,0.0,0.021103965,0.01538479,0.008618141764774918,0.05540778338538141,True
1979-09-23 00:00:00,0.0,0.018208908,0.013274293,0.007435898864641785,0.055612600794077226,True
1979-09-23 01:00:00,0.0,0.017367352,0.0126608,0.007092235989868641,0.0558609222478851,True
1979-09-23 02:00:00,0.0,0.014824621,0.010807149,0.006053871341049672,0.05612024358999108,True
1979-09-23 03:00:00,0.0,0.012494221,0.009108286,0.0051022151336073875,0.05636475092476823,True
1979-09-23 04:00:00,0.0,0.010410477,0.0075892373,0.004251284977421164,0.05659643527343062,True
1979-09-23 05:00:00,1.2706645e-05,0.00875153,0.0063798656,0.003581159119174117,0.056775646420560155,True
1979-09-23 06:00:00,0.0126563655,0.009849148,0.0071800286,0.011324780014343559,0.05689267105705382,True
1979-09-23 07:00:00,0.060647115,0.013673988,0.009968338,0.040577377284876995,0.056947133137933426,True
1979-09-23 08:00:00,0.1220619,0.019090248,0.01391679,0.07822552500665188,0.056903323296934503,True
1979-09-23 09:00:00,0.17173436,0.022610124,0.016482778,0.10832393319532276,0.056730898226933064,True
1979-09-23 10:00:00,0.21968555,0.024235507,0.017825987,0.1366640705149621,0.05648825182999684,True
1979-09-23 11:00:00,0.24002878,0.023690043,0.017722147,0.14819522997178136,0.05623038291272597,True
1979-09-23 12:00:00,0.22321922,0.022613982,0.016974337,0.138058661038056,0.05600620352477966,True
1979-09-23 13:00:00,0.20907326,0.024203936,0.018369406,0.1305584714654833,0.05590603644875388,True
1979-09-23 14:00:00,0.17308977,0.026506893,0.020291906,0.11074960526823997,0.05578476311989328,True
1979-09-23 15:00:00,0.12485354,0.028240439,0.021827653,0.08363990564271807,0.0554855853523396,True
1979-09-23 16:00:00,0.07477028,0.027578227,0.021228721,0.054465167913585896,0.05517198600008041,True
1979-09-23 17:00:00,0.026741294,0.0296079,0.023019297,0.027598083699122068,0.054825612562875076,True
1979-09-23 18:00:00,0.0010815918,0.031046916,0.024412133,0.0133986455820268,0.054583981100442325,True
1979-09-23 19:00:00,0.0,0.03320065,0.025697593,0.013638710372149945,0.05441774877794562,True
1979-09-23 20:00:00,0.0,0.036468506,0.029025197,0.015024239301681518,0.05431521363293762,True
1979-09-23 21:00:00,0.0,0.04240659,0.033646844,0.017464960858225822,0.05424794953577696,True
1979-09-23 22:00:00,0.0,0.048028775,0.042782146,0.020032853722572325,0.05419730325420863,True
1979-09-23 23:00:00,0.0,0.049058452,0.041430783,0.020339831136167046,0.05413692422344359,True
1979-09-24 00:00:00,0.0,0.048459444,0.040590033,0.02007339668646455,0.05410884823864801,True
1979-09-24 01:00:00,0.0,0.0469993,0.039922632,0.0194985644929111,0.0541148310598732,True
1979-09-24 02:00:00,0.0,0.044937804,0.038684234,0.01867099843919277,0.0541425486750017,True
1979-09-24 03:00:00,0.0,0.044819865,0.03899266,0.01864413386955857,0.05419866385781682,True
1979-09-24 04:00:00,0.0,0.043898035,0.03805867,0.018253542948514223,0.0542799295243389,True
1979-09-24 05:00:00,4.898253e-06,0.043988757,0.0390119,0.01834132013081944,0.05437705776100522,True
1979-09-24 06:00:00,0.008417303,0.0441299,0.03991617,0.023296190137043597,0.054491115545022596,True
1979-09-24 07:00:00,0.046702135,0.047522437,0.042078886,0.046755171142518516,0.05458758474481198,True
1979-09-24 08:00:00,0.102804765,0.05435307,0.046037067,0.08186063371971249,0.054667347557845664,True
1979-09-24 09:00:00,0.17253286,0.05942871,0.048158146,0.12408119225874542,0.05481737540639298,True
1979-09-24 10:00:00,0.22633636,0.06246202,0.048515476,0.15626440105214712,0.055321595738877676,True
1979-09-24 11:00:00,0.24853812,0.058496047,0.04497195,0.1674200227446854,0.056174233122925715,True
1979-09-24 12:00:00,0.2556993,0.05247504,0.039260972,0.1690218818448484,0.057146112103328546,True
1979-09-24 13:00:00,0.23611648,0.04922147,0.036404055,0.1563677528873086,0.058233236680702745,True
1979-09-24 14:00:00,0.18734525,0.045815386,0.033554744,0.1268160436451435,0.05905859345950789,True
1979-09-24 15:00:00,0.13680212,0.038811322,0.028293455,0.0947840488925576,0.05981561192358204,True
1979-09-24 16:00:00,0.078235574,0.030117739,0.021955831,0.05744098679721355,0.06049084755468164,False
1979-09-24 17:00:00,0.028231109,0.025644606,0.018694919,0.02676173485070467,0.061025614766639785,False
1979-09-24 18:00:00,0.0009429714,0.023352819,0.017024208,0.010080591762263794,0.061409670055458755,False
1979-09-24 19:00:00,0.0,0.022634497,0.01650055,0.009243159027770162,0.06173852320340473,False
1979-09-24 20:00:00,0.0,0.022096768,0.016108545,0.00902356880530715,0.06206344591406185,False
1979-09-24 21:00:00,0.0,0.0209444,0.015268466,0.008552980698645114,0.062382276460519165,False
1979-09-24 22:00:00,0.0,0.016909309,0.012326885,0.0069051867127418514,0.06270105557980958,False
1979-09-24 23:00:00,0.0,0.017803868,0.01297902,0.007270494494587183,0.06304539314190867,False
1979-09-25 00:00:00,0.0,0.018912138,0.013786948,0.007723074283450842,0.06340075077627795,False
1979-09-25 01:00:00,0.0,0.020622652,0.015054128,0.00842268151603639,0.0637985808418506,False
1979-09-25 02:00:00,0.0,0.02139585,0.01578391,0.008747400116175412,0.0642779718558212,False
1979-09-25 03:00:00,0.0,0.022015195,0.016284445,0.0090029671266675,0.06485513977286415,False
1979-09-25 04:00:00,0.0,0.021801079,0.016089672,0.008913440337404608,0.06550087130790587,False
1979-09-25 05:00:00,3.0830186e-06,0.022149181,0.016316779,0.009055932752008403,0.06621266527379872,False
1979-09-25 06:00:00,0.0112037165,0.02321849,0.01709508,0.015955301604233682,0.06695472946490777,False
1979-09-25 07:00:00,0.057881854,0.02691723,0.01992045,0.044405992310494184,0.06786358136547259,False
1979-09-25 08:00:00,0.12522434,0.032252748,0.023539916,0.08542686173692346,0.06916973849761761,False
1979-09-25 09:00:00,0.20124148,0.04015175,0.029521868,0.13252650915458797,0.07098766700825804,False
1979-09-25 10:00:00,0.2708653,0.0520317,0.038920272,0.1775906649492681,0.07320727321027617,False
1979-09-25 11:00:00,0.29788604,0.055914223,0.04320047,0.1948454210311174,0.07566918854084947,False
1979-09-25 12:00:00,0.29040766,0.054922193,0.044613574,0.19024064075201746,0.07823295144926286,False
1979-09-25 13:00:00,0.25651944,0.053381167,0.045670945,0.17017559684813022,0.08058287343828469,False
1979-09-25 14:00:00,0.21609107,0.05382328,0.047058433,0.14708649154379963,0.08273724721057181,False
1979-09-25 15:00:00,0.15916751,0.058055352,0.051650662,0.11605121593549846,0.08465032211003665,False
1979-09-25 16:00:00,0.092414424,0.06429753,0.057131186,0.08013399408757685,0.08616842166593759,False
1979-09-25 17:00:00,0.03068989,0.067891635,0.060604777,0.04603273756243288,0.08734374137885709,False
1979-09-25 18:00:00,0.0007872933,0.068763025,0.06214393,0.02918359668343328,0.08819476412379644,False
1979-09-25 19:00:00,0.0,0.06995202,0.06338344,0.029235000483691695,0.08897675027660666,False
1979-09-25 20:00:00,0.0,0.07254838,0.06588431,0.0303281055316329,0.08976401032807411,False
1979-09-25 21:00:00,0.0,0.0783695,0.07125951,0.03276635858416557,0.09056695581876778,False
1979-09-25 22:00:00,0.0,0.08754997,0.07879848,0.036561056703329084,0.09142591621537799,False
1979-09-25 23:00:00,0.0,0.08953358,0.08072418,0.03739699758589268,0.09238635374323571,False
1979-09-26 00:00:00,0.0,0.093813896,0.08429467,0.03916923983395099,0.09337719443647297,False
1979-09-26 01:00:00,0.0,0.1019751,0.090380035,0.04250933316349983,0.09439055316985691,False
1979-09-26 02:00:00,0.0,0.1113452,0.0979385,0.04637505845725536,0.09545713814892447,False
1979-09-26 03:00:00,0.0,0.11920993,0.104644135,0.049639247551560406,0.09656536168101815,False
1979-09-26 04:00:00,0.0,0.12576512,0.11133937,0.05241965331137181,0.09771059356825067,False
1979-09-26 05:00:00,3.71691e-06,0.12925819,0.11596271,0.05396040130405322,0.0988543180152505,False
1979-09-26 06:00:00,0.01943405,0.13327874,0.12088479,0.06692108136415482,0.0999679436029895,False
1979-09-26 07:00:00,0.09015612,0.13736212,0.12488902,0.10945071348547936,0.1010857395604165,False
1979-09-26 08:00:00,0.18976568,0.14263229,0.12953873,0.1691212022304535,0.10239356127357163,False
1979-09-26 09:00:00,0.2869173,0.15618303,0.13776794,0.230622289955616,0.1038450757705829,False
1979-09-26 10:00:00,0.36155435,0.15847899,0.13593939,0.27443633691966535,0.1053466401664297,False
1979-09-26 11:00:00,0.39364877,0.15304688,0.12724079,0.29048064234852794,0.10670965404776596,False
1979-09-26 12:00:00,0.38311425,0.14682558,0.12189956,0.2818181373178959,0.10804977098603163,False
1979-09-26 13:00:00,0.3472033,0.1435253,0.12001009,0.2597776939570904,0.10938645095563544,False
1979-09-26 14:00:00,0.28390723,0.13229042,0.11137034,0.2186436388194561,0.11075560309535254,False
1979-09-26 15:00:00,0.20211376,0.1228701,0.105446644,0.1676528275758028,0.11176839918929514,False
1979-09-26 16:00:00,0.11273613,0.117322885,0.10213783,0.11385633301734924,0.11257143621673549,False
1979-09-26 17:00:00,0.033392776,0.115840636,0.10366667,0.06761082660779356,0.11309114991981278,False
1979-09-26 18:00:00,0.00058937515,0.11326944,0.101471,0.04761592709715479,0.11328581892201418,False
1979-09-26 19:00:00,0.0,0.11283061,0.09994716,0.04703164149820805,0.11335560952945979,False
1979-09-26 20:00:00,0.0,0.11424917,0.10012979,0.04756495235860348,0.11334104103715525,False
1979-09-26 21:00:00,0.0,0.119682945,0.104075424,0.04978307973593473,0.11325868774605351,False
1979-09-26 22:00:00,0.0,0.12750632,0.11030292,0.05300618804991245,0.1130966146537512,False
1979-09-26 23:00:00,0.0,0.13180365,0.11472782,0.05483084776997567,0.11283706911703939,False
1979-09-27 00:00:00,0.0,0.13524237,0.119627,0.0563642934858799,0.11249933838685411,False
1979-09-27 01:00:00,0.0,0.14295168,0.12721463,0.0596187605112791,0.11207418370111281,False
1979-09-27 02:00:00,0.0,0.14848556,0.13242517,0.06194212965667248,0.1115383085916228,False
1979-09-27 03:00:00,0.0,0.1530454,0.13889527,0.06397409771382809,0.11088017306294658,False
1979-09-27 04:00:00,0.0,0.15247573,0.13979018,0.06381221379339695,0.11014388115987549,False
1979-09-27 05:00:00,7.7795795e-07,0.14966498,0.13487284,0.06250996096347973,0.1093341690984498,False
1979-09-27 06:00:00,0.017250553,0.1433344,0.12528785,0.06960950756072998,0.10846824002010054,False
1979-09-27 07:00:00,0.084650055,0.140157,0.12260038,0.10718143454194069,0.10749072366576724,False
1979-09-27 08:00:00,0.1714279,0.13499564,0.11800491,0.15509955759346483,0.10632037969325753,False
1979-09-27 09:00:00,0.25912225,0.1323996,0.11541864,0.20460160015523432,0.10488669707156802,False
1979-09-27 10:00:00,0.32559967,0.13279656,0.11374801,0.24301533125340935,0.10322064812120756,False
1979-09-27 11:00:00,0.35850587,0.12609993,0.10707908,0.2591710340678692,0.10122805377433781,False
1979-09-27 12:00:00,0.35580933,0.11846877,0.09970962,0.25440127929300066,0.09935721486946808,False
1979-09-27 13:00:00,0.32732695,0.11362264,0.09445356,0.23589489955455062,0.09768271259847337,False
1979-09-27 14:00:00,0.26085794,0.10922997,0.090366945,0.19570070405304432,0.09603972083283828,False
1979-09-27 15:00:00,0.19094965,0.10727139,0.08955377,0.15459699325263498,0.09463702984426099,False
1979-09-27 16:00:00,0.10637765,0.1057959,0.086327106,0.10508025183528662,0.09350686951719155,False
1979-09-27 17:00:00,0.02974231,0.09285378,0.07319432,0.055376849668100483,0.09256323088756226,False
1979-09-27 18:00:00,0.0004236701,0.0783404,0.06262004,0.032533545840822624,0.09171964832154962,False
1979-09-27 19:00:00,0.0,0.069253184,0.055209037,0.02853571285307407,0.09092713955496701,False
1979-09-27 20:00:00,0.0,0.06417892,0.049872696,0.026375147558748722,0.09011571780497006,False
1979-09-27 21:00:00,0.0,0.060904678,0.04653748,0.024986850153654816,0.08927316031893978,False
1979-09-27 22:00:00,0.0,0.058364168,0.04752765,0.024102870941162112,0.08837999764012901,False
1979-09-27 23:00:00,0.0,0.05119409,0.042505614,0.021185922536998986,0.08742879657666462,False
1979-09-28 00:00:00,0.0,0.04548439,0.036631018,0.018761814918369056,0.08645110315070752,False
1979-09-28 01:00:00,0.0,0.040967397,0.03093256,0.016787327907979488,0.08546846201338604,False
1979-09-28 02:00:00,0.0,0.03615792,0.026708893,0.014784553080797196,0.0844557802964494,False
1979-09-28 03:00:00,0.0,0.034961283,0.025861531,0.01429723620414734,0.0834513791122966,False
1979-09-28 04:00:00,0.0,0.033146862,0.02448671,0.013553474362939596,0.0824600304352146,False
1979-09-28 05:00:00,0.0,0.030342879,0.02220895,0.012395805543288589,0.08150588139388974,False
1979-09-28 06:00:00,0.013754727,0.029541682,0.021535886,0.02000029635615647,0.08058989985477026,False
1979-09-28 07:00:00,0.068415925,0.033781797,0.024680207,0.05327420280501246,0.07970324772828881,False
1979-09-28 08:00:00,0.14730483,0.03740228,0.0279279,0.10030443638935685,0.07888197512124977,False
1979-09-28 09:00:00,0.23502986,0.036776636,0.027206143,0.15065194033831358,0.07822290952045473,False
1979-09-28 10:00:00,0.28750706,0.031589888,0.02302903,0.17879180826991795,0.07777495533421637,False
1979-09-28 11:00:00,0.32632202,0.030346723,0.02212276,0.20068037491478025,0.07748384835283584,False
1979-09-28 12:00:00,0.32725894,0.030888021,0.022517363,0.2014420283101499,0.07727479842250547,False
1979-09-28 13:00:00,0.2896634,0.03374009,0.024596525,0.18091408920660615,0.07707439151072255,False
1979-09-28 14:00:00,0.23684326,0.035889156,0.0261632,0.1513144713677466,0.07694426009314757,False
1979-09-28 15:00:00,0.1723918,0.03410332,0.025017358,0.11340513187646865,0.07694774244120035,False
1979-09-28 16:00:00,0.097382896,0.030270172,0.022260267,0.06856167879514397,0.07673932336596463,False
1979-09-28 17:00:00,0.02852037,0.026110426,0.0190345,0.027118863439187405,0.07637319297886455,False
1979-09-28 18:00:00,0.00035244372,0.022950359,0.016730813,0.009575506301189305,0.07594322489896325,False
1979-09-28 19:00:00,0.0,0.019794492,0.014430184,0.008083397498354315,0.07557415208917634,False
1979-09-28 20:00:00,0.0,0.01744071,0.012714277,0.007122193029150367,0.07526033850082718,False
1979-09-28 21:00:00,0.0,0.016924208,0.012337748,0.006911271153017879,0.07496466849638206,False
1979-09-28 22:00:00,0.0,0.017994978,0.013118339,0.0073485370036214595,0.07463476706725601,False
1979-09-28 23:00:00,0.0,0.01934922,0.014105582,0.007901563324034215,0.07426530205579297,False
1979-09-29 00:00:00,0.0,0.022522734,0.016419072,0.009197518894448876,0.07390310877682464,False
1979-09-29 01:00:00,0.0,0.026961202,0.019654715,0.011010038098320364,0.07355816515274752,False
1979-09-29 02:00:00,0.0,0.033623938,0.02451185,0.013730872817337514,0.07324466138660615,False
1979-09-29 03:00:00,0.0,0.04012123,0.029344942,0.0163893612138927,0.07296955419064148,False
1979-09-29 04:00:00,0.0,0.043824367,0.034108672,0.018013059809803965,0.07270273423167352,False
1979-09-29 05:00:00,0.0,0.04491451,0.036470238,0.018542847085744142,0.0724523317485448,False
1979-09-29 06:00:00,0.013865715,0.046045266,0.03812935,0.027050205489620564,0.07222971235211413,False
1979-09-29 07:00:00,0.08060046,0.051322747,0.042884976,0.06776034940406679,0.07205109236392909,False
1979-09-29 08:00:00,0.17315058,0.056754947,0.048406415,0.12346440875530242,0.07220981797779308,False
1979-09-29 09:00:00,0.27129796,0.06405312,0.054171756,0.18309979921579358,0.07279752118857984,False
1979-09-29 10:00:00,0.34927666,0.0663993,0.055707797,0.22904219614714383,0.07376977583336818,False
1979-09-29 11:00:00,0.38152888,0.06996729,0.058824822,0.2491366374120116,0.07535228025484074,False
1979-09-29 12:00:00,0.3758676,0.06739059,0.056277987,0.2447817475274205,0.07714484962841982,False
1979-09-29 13:00:00,0.35167503,0.064661406,0.053185895,0.22964859151095152,0.07905267788224951,False
1979-09-29 14:00:00,0.2954234,0.061618995,0.049465787,0.195867856759578,0.08098312122979764,False
1979-09-29 15:00:00,0.21200168,0.053956173,0.04366814,0.1445928776413202,0.082569328548286,False
1979-09-29 16:00:00,0.118124865,0.046878263,0.0379605,0.08750599325448274,0.0836265692668154,False
1979-09-29 17:00:00,0.03096595,0.04090144,0.032933272,0.03473838183283806,0.08406548469969248,False
1979-09-29 18:00:00,0.000249177,0.035721865,0.027646441,0.01481805097105098,0.08404296100579689,False
1979-09-29 19:00:00,0.0,0.03278951,0.025432065,0.01347266061231494,0.0839854859444852,False
1979-09-29 20:00:00,0.0,0.02978974,0.022047652,0.012182987345382573,0.08397075036417963,False
1979-09-29 21:00:00,0.0,0.022410244,0.016337067,0.009151581555604934,0.08398374615300717,False
1979-09-29 22:00:00,0.0,0.015595202,0.011368902,0.006368550390936434,0.08400268372037252,False
1979-09-29 23:00:00,0.0,0.009306958,0.0067847716,0.0038006451465189455,0.08398558677773262,False
1979-09-30 00:00:00,0.0,0.005398395,0.0039354297,0.00220452096266672,0.0839695645896093,False
1979-09-30 01:00:00,0.0,0.004258795,0.0031046614,0.0017391471331939102,0.08396529905899232,False
1979-09-30 02:00:00,0.0,0.0038676278,0.0028195002,0.0015794076744932682,0.08395221414923006,False
1979-09-30 03:00:00,0.0,0.0036483894,0.002659676,0.0014898781736847014,0.0839135058016357,False
1979-09-30 04:00:00,0.0,0.0037568142,0.0027387175,0.0015341551727615296,0.08388456104759397,False
1979-09-30 05:00:00,0.0,0.0041876025,0.0030527625,0.0017100745146162806,0.083925031876129,False
1979-09-30 06:00:00,0.016381603,0.0048347614,0.0035245407,0.011426536923274399,0.08400959893263216,False
1979-09-30 07:00:00,0.101032205,0.0063605933,0.0046368726,0.06089303227048367,0.08412288883603526,False
1979-09-30 08:00:00,0.21743715,0.007476029,0.005450025,0.1285141905071214,0.08451421844745403,False
1979-09-30 09:00:00,0.3359279,0.008545674,0.006229797,0.1973201632881537,0.08525025969716138,False
1979-09-30 10:00:00,0.4358864,0.007947675,0.005793856,0.25475202050060036,0.08626600666161355,False
1979-09-30 11:00:00,0.49116296,0.008136523,0.005931526,0.28672370484657583,0.0874786067332176,False
1979-09-30 12:00:00,0.5014622,0.008997034,0.006558838,0.2930177844939753,0.08889915699468653,False
1979-09-30 13:00:00,0.46668768,0.010521392,0.0076700957,0.27357536988891656,0.09030469737360602,False
1979-09-30 14:00:00,0.38459843,0.013564122,0.009888246,0.22745242265518753,0.09150652917509006,False
1979-09-30 15:00:00,0.27438983,0.014275803,0.010407059,0.16415268636588004,0.09247397621763287,False
1979-09-30 16:00:00,0.14777611,0.010683561,0.007788316,0.08962961957324296,0.09324402673553712,False
1979-09-30 17:00:00,0.036282055,0.012496095,0.009109653,0.026037726132199165,0.09376339017502379,False
1979-09-30 18:00:00,0.00019074374,0.016423121,0.011972454,0.006816703358228551,0.09420472020162617,False
1979-09-30 19:00:00,0.0,0.018062448,0.013167524,0.00737608964368701,0.09475547498480147,False
1979-09-30 20:00:00,0.0,0.018968256,0.0138278585,0.007745990892872214,0.09539006979522957,False
1979-09-30 21:00:00,0.0,0.01915016,0.013960468,0.007820274386554957,0.0960994813151584,False
1979-09-30 22:00:00,0.0,0.015985375,0.011653339,0.006527883756905794,0.09687388543159897,False
1979-09-30 23:00:00,0.0,0.017465945,0.012732675,0.007132498294115067,0.09765046014786195,False
1979-10-01 00:00:00,0.0,0.022021357,0.016053569,0.008992773424834012,0.09847718141540383,False
1979-10-01 01:00:00,0.0,0.02542318,0.018533498,0.010381962429732085,0.09933926536394129,False
1979-10-01 02:00:00,0.0,0.029074095,0.021195019,0.011872872132807969,0.10019299905038052,False
1979-10-01 03:00:00,0.0,0.036731787,0.026777474,0.015000013019889593,0.10104029886403725,False
1979-10-01 04:00:00,0.0,0.04886386,0.035646196,0.019955659579485654,0.10188188367076063,False
1979-10-01 05:00:00,0.0,0.054684576,0.04487884,0.022602065797895195,0.1027187177412371,False
1979-10-01 06:00:00,0.014755382,0.057633758,0.0501372,0.032488120852969586,0.10355821315205967,False
1979-10-01 07:00:00,0.10548148,0.061671555,0.054158356,0.08654417075216769,0.10438313819880364,False
1979-10-01 08:00:00,0.22836435,0.06493231,0.056817364,0.15879438874125482,0.1052346523319045,False
1979-10-01 09:00:00,0.3516656,0.06961705,0.060294807,0.2318556535094976,0.10624773003247334,False
1979-10-01 10:00:00,0.4491263,0.06782309,0.05693338,0.2872469995841384,0.10738496540307378,False
1979-10-01 11:00:00,0.49681807,0.07393788,0.062517576,0.3173230499625206,0.10854898186484972,False
1979-10-01 12:00:00,0.48261285,0.08137156,0.069517896,0.31224768571555617,0.10987859667297296,False
1979-10-01 13:00:00,0.43729126,0.08440868,0.071715854,0.28733651798218485,0.11106108726108059,False
1979-10-01 14:00:00,0.35550886,0.089630894,0.075979635,0.24230531480163336,0.11231991652827167,False
1979-10-01 15:00:00,0.2490415,0.09121299,0.07779196,0.18155530250072474,0.11352046228366129,False
1979-10-01 16:00:00,0.13018523,0.08975278,0.07777379,0.11243543834984303,0.11452311778527452,False
1979-10-01 17:00:00,0.030908149,0.09157591,0.07956869,0.05592222310975194,0.11541506418786633,False
1979-10-01 18:00:00,0.000102920945,0.09908691,0.08577454,0.04125428056346572,0.11639353084664171,False
1979-10-01 19:00:00,0.0,0.10559354,0.092022136,0.04393321151286363,0.1174936230860197,False
1979-10-01 20:00:00,0.0,0.111115724,0.096908115,0.04623474030196666,0.11863580828765528,False
1979-10-01 21:00:00,0.0,0.11126348,0.097532526,0.04632297914475203,0.11983458921255198,False
1979-10-01 22:00:00,0.0,0.104741186,0.09249332,0.04364413677155972,0.12103861836867992,False
1979-10-01 23:00:00,0.0,0.10427258,0.09271636,0.04348326598852873,0.12218069582234721,False
1979-10-02 00:00:00,0.0,0.10446302,0.09329068,0.0435845504924655,0.12325641033786934,False
1979-10-02 01:00:00,0.0,0.10237058,0.0915485,0.04271836408227682,0.1242781062821171,False
1979-10-02 02:00:00,0.0,0.101305544,0.09014913,0.042249798730015754,0.12522846848087038,False
1979-10-02 03:00:00,0.0,0.10050708,0.08886734,0.041885948896408086,0.1261194282254449,False
1979-10-02 04:00:00,0.0,0.10006804,0.08846451,0.04170219055563212,0.12690768937894728,False
1979-10-02 05:00:00,0.0,0.100821555,0.0889389,0.04200585423409939,0.12757274652330788,False
1979-10-02 06:00:00,0.013004488,0.10451877,0.091702275,0.05102293916698545,0.12818915107136244,False
1979-10-02 07:00:00,0.09714014,0.10984437,0.0959866,0.10176571065932512,0.12882397836188828,False
1979-10-02 08:00:00,0.21864039,0.12261708,0.10630952,0.17714192013442515,0.1294288211209362,False
1979-10-02 09:00:00,0.33481207,0.14141463,0.12109067,0.25190746107697487,0.13022101464206084,False
1979-10-02 10:00:00,0.43128926,0.1489107,0.12634929,0.31062481066584585,0.13105703170463795,False
1979-10-02 11:00:00,0.47966668,0.17812258,0.1490798,0.3505452156364917,0.13179531936042985,False
1979-10-02 12:00:00,0.47160342,0.18751836,0.15681265,0.3497773327231407,0.13262256724827964,False
1979-10-02 13:00:00,0.43809146,0.19616303,0.1636342,0.3339991747140884,0.13364864732548326,False
1979-10-02 14:00:00,0.3543415,0.19468606,0.16267435,0.2850786189138889,0.13477117405604924,False
1979-10-02 15:00:00,0.24755399,0.16738956,0.14212504,0.21228015044331552,0.1357423585616646,False
1979-10-02 16:00:00,0.12776391,0.14110613,0.12324274,0.13244304689764974,0.13642400011084704,False
1979-10-02 17:00:00,0.028114418,0.13630177,0.12012506,0.0730041257534176,0.13680346523200201,False
1979-10-02 18:00:00,5.514857e-05,0.14288755,0.1271075,0.05962113084837256,0.1370498666228001,False
1979-10-02 19:00:00,0.0,0.14916745,0.13255909,0.06220097932219505,0.13730560598284244,False
1979-10-02 20:00:00,0.0,0.15674588,0.13793047,0.06528747528791427,0.13747716326074913,False
1979-10-02 21:00:00,0.0,0.1577159,0.1373427,0.06561367388069629,0.13756663268566371,False
1979-10-02 22:00:00,0.0,0.14750573,0.12811087,0.06134760153293609,0.13760326909734175,False
1979-10-02 23:00:00,0.0,0.1412701,0.12292829,0.058766795039176936,0.13758173845656455,False
1979-10-03 00:00:00,0.0,0.13951561,0.121350355,0.05803417874872684,0.13741372820170836,False
1979-10-03 01:00:00,0.0,0.13462935,0.11705771,0.05599934796988964,0.13720236406283692,False
1979-10-03 02:00:00,0.0,0.13138476,0.11403636,0.05463893987238407,0.13702676834766062,False
1979-10-03 03:00:00,0.0,0.12699476,0.11065708,0.0528365483880043,0.13692244110809879,False
1979-10-03 04:00:00,0.0,0.12460368,0.10925267,0.05187840250879526,0.13684945422917844,False
1979-10-03 05:00:00,0.0,0.12535119,0.10990546,0.05218948410451413,0.13678713332483786,False
1979-10-03 06:00:00,0.013833992,0.1321367,0.11516989,0.06295983079820872,0.13667234344309434,False
1979-10-03 07:00:00,0.104398176,0.1329852,0.11606176,0.11557662318646907,0.1364532245237738,False
1979-10-03 08:00:00,0.23018979,0.1541616,0.13175075,0.1968196777552366,0.13602515117514108,False
1979-10-03 09:00:00,0.35186687,0.16623542,0.1410448,0.27198447251319885,0.13532251407454882,False
1979-10-03 10:00:00,0.44667828,0.15655226,0.13303068,0.3226848070621491,0.1344184151007841,False
1979-10-03 11:00:00,0.5009878,0.16382843,0.13904223,0.3570309485793114,0.13317336034278546,False
1979-10-03 12:00:00,0.5051423,0.16864413,0.14449546,0.36149952942132946,0.13160791915096812,False
1979-10-03 13:00:00,0.46922147,0.16956069,0.14646515,0.3412178010493517,0.13020760708302728,False
1979-10-03 14:00:00,0.38109455,0.16599615,0.14403777,0.2889221710711718,0.12857807850993397,False
1979-10-03 15:00:00,0.26657355,0.14510165,0.12812315,0.21427409686148163,0.12699500841694422,False
1979-10-03 16:00:00,0.13439256,0.12712106,0.11477011,0.13064976416528223,0.12568501408693541,False
1979-10-03 17:00:00,0.026998015,0.124786176,0.11343586,0.06774948986805976,0.12488688249125927,False
1979-10-03 18:00:00,2.2733659e-05,0.12795767,0.1166717,0.053529769845497864,0.12438909957026757,False
1979-10-03 19:00:00,0.0,0.1247026,0.1139389,0.052167960852384565,0.12396630936646276,False
1979-10-03 20:00:00,0.0,0.120991565,0.108951576,0.05052927269786596,0.12348652979609931,False
1979-10-03 21:00:00,0.0,0.11560391,0.1004386,0.04808152690529823,0.12295975921321102,False
1979-10-03 22:00:00,0.0,0.102905504,0.085898794,0.042610666014254096,0.12245057473908551,False
1979-10-03 23:00:00,0.0,0.086457625,0.06510945,0.03541877375543118,0.1220572323465664,False
1979-10-04 00:00:00,0.0,0.081646785,0.061322372,0.033439071826636795,0.12177311754198188,False
1979-10-04 01:00:00,0.0,0.08339068,0.0651594,0.034289769753813745,0.1215588135651257,False
1979-10-04 02:00:00,0.0,0.09010605,0.0739437,0.0372420912310481,0.12143476458051615,False
1979-10-04 03:00:00,0.0,0.09278593,0.07675129,0.038382578708231446,0.12140147986141407,False
1979-10-04 04:00:00,0.0,0.0935587,0.07754865,0.03871078714728355,0.12144881027535909,False
1979-10-04 05:00:00,0.0,0.088109106,0.07377185,0.036495939910411834,0.12155433222948947,False
1979-10-04 06:00:00,0.011412123,0.08190975,0.06843957,0.040505231039598584,0.12170823458600231,False
1979-10-04 07:00:00,0.08375506,0.07947047,0.066054,0.08121818992495536,0.12179297809648777,False
1979-10-04 08:00:00,0.19144909,0.079642504,0.06594685,0.14341533930599687,0.12149211656974147,False
1979-10-04 09:00:00,0.30683696,0.07613493,0.062444344,0.20851071033626792,0.12044668092195084,False
1979-10-04 10:00:00,0.38736337,0.066231824,0.053962447,0.2508621822819114,0.11864918779725969,False
1979-10-04 11:00:00,0.4295771,0.06647563,0.055713654,0.2754040384292602,0.1164190572489812,False
1979-10-04 12:00:00,0.43946555,0.0698593,0.059493456,0.2825623534619808,0.11368491092530529,False
1979-10-04 13:00:00,0.3905615,0.07329956,0.06259789,0.2557818032056093,0.11082353429981957,False
1979-10-04 14:00:00,0.30644143,0.07784084,0.06576446,0.2090912544503808,0.10800911327316255,False
1979-10-04 15:00:00,0.2002652,0.08138403,0.07067953,0.1494004226028919,0.10549114798619241,False
1979-10-04 16:00:00,0.10064408,0.08656499,0.07627064,0.09413273030519484,0.10371356414200877,False
1979-10-04 17:00:00,0.018398762,0.09220065,0.08282258,0.049110545545816425,0.10307815950166573,False
1979-10-04 18:00:00,8.41347e-06,0.09421602,0.08438214,0.039327201065741973,0.1032643887547565,False
1979-10-04 19:00:00,0.0,0.09399478,0.083101586,0.03917155994474888,0.10371515697100314,False
1979-10-04 20:00:00,0.0,0.096016,0.08467749,0.04000248730927706,0.10423808379610183,False
1979-10-04 21:00:00,0.0,0.09878902,0.0874013,0.04117281912267208,0.10482653141207177,False
1979-10-04 22:00:00,0.0,0.101803094,0.090774536,0.04246716669201851,0.10545439503527361,False
1979-10-04 23:00:00,0.0,0.10795257,0.09805158,0.045129284419119356,0.10611663505201342,False
1979-10-05 00:00:00,0.0,0.11404188,0.10492841,0.04774758785963058,0.106861877852577,False
1979-10-05 01:00:00,0.0,0.11944355,0.1105616,0.050044996708631516,0.10762160349357057,False
1979-10-05 02:00:00,0.0,0.12648574,0.11792661,0.05304127335548401,0.10831803399323602,False
1979-10-05 03:00:00,0.0,0.1313756,0.12279284,0.055108408257365224,0.10892922346991601,False
1979-10-05 04:00:00,0.0,0.13570751,0.12717378,0.05694345630705357,0.10949417204036492,False
1979-10-05 05:00:00,0.0,0.14201865,0.13281327,0.059576797217130655,0.11002737455907392,False
1979-10-05 06:00:00,0.00794612,0.14900053,0.13817434,0.06702751930151135,0.11058627533073652,False
1979-10-05 07:00:00,0.061785407,0.15644245,0.14366345,0.10113526990264653,0.111154623069249,False
1979-10-05 08:00:00,0.13492428,0.16439986,0.15044276,0.14663876666128636,0.11148084675706106,False
1979-10-05 09:00:00,0.19431756,0.17592868,0.16047934,0.1857048025280237,0.11168871775951661,False
1979-10-05 10:00:00,0.24835344,0.17303552,0.15719448,0.21563854074478145,0.11176483991104913,False
1979-10-05 11:00:00,0.26637194,0.17250022,0.15634696,0.22579192504286763,0.11192242473238882,False
1979-10-05 12:00:00,0.2653661,0.16996233,0.15409458,0.224153451398015,0.11217796218797987,False
1979-10-05 13:00:00,0.23490313,0.16883512,0.15345053,0.2061255917698145,0.11245249573047385,False
1979-10-05 14:00:00,0.16756818,0.1707068,0.15522578,0.1680598372966051,0.11300399068400686,False
1979-10-05 15:00:00,0.10543197,0.16279194,0.14899264,0.12895007234066724,0.1136785053916504,False
1979-10-05 16:00:00,0.05363498,0.16548046,0.1507531,0.10015034142881632,0.11432151247917166,False
1979-10-05 17:00:00,0.008693074,0.17143948,0.15576705,0.07668849401641638,0.11481538795865254,False
1979-10-05 18:00:00,1.0949036e-06,0.17991403,0.16255067,0.07516664422533653,0.11529182987593382,False
1979-10-05 19:00:00,0.0,0.18510611,0.16600542,0.07726844845712186,0.11584533558119546,False
1979-10-05 20:00:00,0.0,0.18888225,0.16809647,0.07877475826442243,0.11644033886664074,False
1979-10-05 21:00:00,0.0,0.1875822,0.16668798,0.0782189808189869,0.11701747125139918,False
1979-10-05 22:00:00,0.0,0.17830966,0.15929483,0.07439818681776524,0.11755310108824159,False
1979-10-05 23:00:00,0.0,0.1705804,0.15270852,0.07119042818248272,0.11798103610365178,False
1979-10-06 00:00:00,0.0,0.16746446,0.15021324,0.06990590259432793,0.1183351972744287,False
1979-10-06 01:00:00,0.0,0.16219684,0.14569996,0.06771843373775482,0.11861988786686668,False
1979-10-06 02:00:00,0.0,0.15945658,0.14332792,0.06657918611168862,0.11880939954597959,False
1979-10-06 03:00:00,0.0,0.15688238,0.14093544,0.06550011008977889,0.11893694714256087,False
1979-10-06 04:00:00,0.0,0.15396534,0.13872774,0.06430450804531575,0.1190070569569663,False
1979-10-06 05:00:00,0.0,0.15149385,0.13744347,0.06332317695021629,0.1190373854374931,False
1979-10-06 06:00:00,0.006742215,0.15283702,0.13886672,0.06778592248819768,0.11900350233432361,False
1979-10-06 07:00:00,0.057240468,0.15262955,0.13942355,0.0968769269399345,0.11892203487916762,False
1979-10-06 08:00:00,0.13767278,0.1773826,0.15744022,0.1533931474238634,0.11900765679989234,False
1979-10-06 09:00:00,0.23169377,0.18853793,0.16494021,0.21216457360982896,0.11950976363751019,False
1979-10-06 10:00:00,0.31163388,0.1890634,0.16387236,0.2584262537062168,0.12047802654524868,False
1979-10-06 11:00:00,0.3664072,0.18369277,0.15685664,0.28766983629763127,0.12164211973791544,False
1979-10-06 12:00:00,0.38124207,0.18277836,0.15403846,0.2957399635016918,0.1229743002146629,False
1979-10-06 13:00:00,0.35769778,0.18321167,0.15290432,0.282253560975194,0.12424794070992222,False
1979-10-06 14:00:00,0.28877935,0.18063402,0.1516356,0.24146796041727064,0.12522085567916036,False
1979-10-06 15:00:00,0.19943452,0.15691824,0.13496692,0.18026476280391215,0.12582850904106077,False
1979-10-06 16:00:00,0.100868635,0.14313568,0.12630527,0.11783875332027673,0.1258449513116998,False
1979-10-06 17:00:00,0.017390845,0.14854151,0.13210042,0.07197975757531822,0.12512253511676788,False
1979-10-06 18:00:00,1.4406628e-07,0.15799451,0.14065589,0.06589547491830085,0.12396610971052346,False
1979-10-06 19:00:00,0.0,0.16238078,0.14468904,0.06773171764612197,0.1226554390556816,False
1979-10-06 20:00:00,0.0,0.16234119,0.14446189,0.06770484177768231,0.12126855243979338,False
1979-10-06 21:00:00,0.0,0.16039334,0.14255385,0.06688305129110814,0.11982107552307975,False
1979-10-06 22:00:00,0.0,0.15116137,0.13387965,0.06300804743170738,0.1183524072074037,False
1979-10-06 23:00:00,0.0,0.14905919,0.13196628,0.062129020616412164,0.11691653287502089,False
1979-10-07 00:00:00,0.0,0.14726105,0.13098903,0.061412736296653746,0.11551426679901163,False
1979-10-07 01:00:00,0.0,0.14174786,0.12660363,0.05914155730605125,0.11412356760775987,False
1979-10-07 02:00:00,0.0,0.14163284,0.12779704,0.059163557991385465,0.11276285960008357,False
1979-10-07 03:00:00,0.0,0.1398914,0.12692134,0.05847367934882641,0.11141769123584931,False
1979-10-07 04:00:00,0.0,0.13975708,0.12646037,0.0583992233723402,0.11008855706690196,False
1979-10-07 05:00:00,0.0,0.13867758,0.12552556,0.05795040826499462,0.10878189380993393,False
1979-10-07 06:00:00,0.008809393,0.13899863,0.12488089,0.06311708145402371,0.1074917193111291,False
1979-10-07 07:00:00,0.08488903,0.13475668,0.12109137,0.10524512209743261,0.1061768377768668,False
1979-10-07 08:00:00,0.1965368,0.13779657,0.120207995,0.17073989486694333,0.10492658938213005,False
1979-10-07 09:00:00,0.30710882,0.13259618,0.11206746,0.2321814220994711,0.10357432187600997,False
1979-10-07 10:00:00,0.3938423,0.10794778,0.08213463,0.2715150139927864,0.10221907759192173,False
1979-10-07 11:00:00,0.43710393,0.091821924,0.06750615,0.2897365879267454,0.10082863784264352,False
1979-10-07 12:00:00,0.43813148,0.079539895,0.058076095,0.2852881951704621,0.09959222459710793,False
1979-10-07 13:00:00,0.38987368,0.068242334,0.049758773,0.2528255102932453,0.09810861027346661,False
1979-10-07 14:00:00,0.30112264,0.05748734,0.041974258,0.19722719866782426,0.09654655384579545,False
1979-10-07 15:00:00,0.19436441,0.043067433,0.031465776,0.12973930133134123,0.09496718761827087,False
1979-10-07 16:00:00,0.087198585,0.037125472,0.027064467,0.06547436407208442,0.09347534917853208,False
1979-10-07 17:00:00,0.012726411,0.03388366,0.024701191,0.021180074516683814,0.09211131088100877,False
1979-10-07 18:00:00,0.0,0.030008504,0.0218762,0.012254452792927624,0.09078630986207202,False
1979-10-07 19:00:00,0.0,0.02619682,0.019097483,0.0106978908944875,0.08943839053388775,False
1979-10-07 20:00:00,0.0,0.022763565,0.016594643,0.009295866262167692,0.0880722656122348,False
1979-10-07 21:00:00,0.0,0.018911716,0.013786641,0.007722901666536927,0.08672987236203018,False
1979-10-07 22:00:00,0.0,0.013410076,0.009775944,0.005476218863390387,0.08542558043483271,False
1979-10-07 23:00:00,0.0,0.009505337,0.0069293915,0.0038816565340384843,0.08421759499211888,False
1979-10-08 00:00:00,0.0,0.007719402,0.0056274445,0.0031523414142429827,0.08304128962229564,False
1979-10-08 01:00:00,0.0,0.0058879764,0.004292335,0.0024044493692927066,0.08191039009867794,False
1979-10-08 02:00:00,0.0,0.00492476,0.0035901503,0.0020111046284437177,0.08085999317092914,False
1979-10-08 03:00:00,0.0,0.0041670217,0.0030377586,0.0017016699803061783,0.07984152286591101,False
1979-10-08 04:00:00,0.0,0.0038805183,0.0028288977,0.0015846717108506708,0.07887206844180449,False
1979-10-08 05:00:00,0.0,0.003415566,0.0024899477,0.0013948010075837374,0.07793498962754943,False
1979-10-08 06:00:00,0.0055802627,0.0035551374,0.002591695,0.0046716088436078275,0.07701298425868712,False
1979-10-08 07:00:00,0.06132198,0.003629638,0.0026460064,0.03686500399257056,0.07609808459823811,False
1979-10-08 08:00:00,0.15066238,0.0038007947,0.0027707792,0.08848430713010019,0.07513193845997425,False
1979-10-08 09:00:00,0.25226068,0.0038162647,0.002782057,0.14711284797359256,0.07414814517096166,False
1979-10-08 10:00:00,0.32941982,0.0039423183,0.00287395,0.1916851457408629,0.0731246079846768,False
1979-10-08 11:00:00,0.3923199,0.004783516,0.0034871828,0.22832200051192192,0.0722355913532294,False
1979-10-08 12:00:00,0.38666287,0.0034821695,0.0025385013,0.22452647596690803,0.07139656037127305,False
1979-10-08 13:00:00,0.35756016,0.0023573006,0.001718472,0.2072748524469789,0.07074757030012722,False
1979-10-08 14:00:00,0.28588238,0.0017245465,0.0012571943,0.16565838149609044,0.0703432956962708,False
1979-10-08 15:00:00,0.18750611,0.0011398905,0.00083098013,0.10865651769645046,0.07020464393807126,False
1979-10-08 16:00:00,0.08997604,0.0010988635,0.0008010715,0.052364915039157495,0.07019661140259682,False
1979-10-08 17:00:00,0.013287348,0.00174576,0.001272659,0.008379708666354417,0.07022579024305428,False
1979-10-08 18:00:00,0.0,0.0029271466,0.00213389,0.0011953471654560417,0.07020004827746672,False
1979-10-08 19:00:00,0.0,0.005283793,0.0038518852,0.0021577214067801834,0.07023432978192361,False
1979-10-08 20:00:00,0.0,0.008007439,0.005837423,0.0032699657678604125,0.07032123236040135,False
1979-10-08 21:00:00,0.0,0.010473543,0.0076352125,0.004277038785628975,0.07043873955876116,False
1979-10-08 22:00:00,0.0,0.0123045165,0.008969992,0.0050247461814433335,0.07055730354502814,False
1979-10-08 23:00:00,0.0,0.013875697,0.010115384,0.005666362864896655,0.0707013638779965,False
1979-10-09 00:00:00,0.0,0.017458748,0.012727428,0.007129559163004159,0.07081813292981608,False
1979-10-09 01:00:00,0.0,0.021359527,0.015571095,0.008722504774108528,0.07090032754520435,False
1979-10-09 02:00:00,0.0,0.02516611,0.018346094,0.010276983350515365,0.07098895810759061,False
1979-10-09 03:00:00,0.0,0.029238151,0.021314614,0.011939866991713642,0.07109646709210139,False
1979-10-09 04:00:00,0.0,0.03284709,0.024053028,0.013419440288096666,0.0712292943551067,False
1979-10-09 05:00:00,0.0,0.033534013,0.024446294,0.013694150559604167,0.07138231730656773,False
1979-10-09 06:00:00,0.006346234,0.038052984,0.027751291,0.01920189775247127,0.0715658176411882,False
1979-10-09 07:00:00,0.07234132,0.041945618,0.030578356,0.05887010746076703,0.07181306203644079,False
1979-10-09 08:00:00,0.18509868,0.040925,0.029899165,0.12351781699433922,0.07231460167236389,False
1979-10-09 09:00:00,0.29217342,0.035427965,0.025826987,0.1830516371577978,0.07321509286589742,False
1979-10-09 10:00:00,0.37673435,0.028078973,0.02046957,0.2288422156833112,0.07434404599578484,False
1979-10-09 11:00:00,0.41471985,0.024903512,0.01815466,0.2494631007928401,0.07565177737046591,False
1979-10-09 12:00:00,0.4251893,0.021555305,0.015713817,0.25413667175546284,0.07689177652464108,False
1979-10-09 13:00:00,0.3870686,0.024688018,0.017997567,0.2334203293081373,0.07831171916803747,False
1979-10-09 14:00:00,0.31207544,0.025722973,0.018752048,0.19057191427424547,0.07955972347919475,False
1979-10-09 15:00:00,0.2071861,0.024016099,0.017507736,0.12935373962856828,0.08066557129672025,False
1979-10-09 16:00:00,0.09713311,0.026518235,0.01933179,0.0668749484140426,0.08157019625173344,False
1979-10-09 17:00:00,0.013066148,0.030377878,0.022145474,0.019944460168480872,0.08221584786253928,False
1979-10-09 18:00:00,0.0,0.034038007,0.02481371,0.013899965006858112,0.08290578052755081,False
1979-10-09 19:00:00,0.0,0.03641149,0.026543977,0.014869214661419392,0.08380200620632895,False
1979-10-09 20:00:00,0.0,0.036575552,0.026663575,0.01493621178343892,0.0847490915232622,False
1979-10-09 21:00:00,0.0,0.03284792,0.02394613,0.01341397300735116,0.08573024161814757,False
1979-10-09 22:00:00,0.0,0.03034316,0.022120163,0.012391114845871925,0.08668116563369332,False
1979-10-09 23:00:00,0.0,0.02323056,0.01693508,0.00948657102137804,0.08756263186325597,False
1979-10-10 00:00:00,0.0,0.01738069,0.0126705235,0.007097682952880859,0.08830456419239564,False
1979-10-10 01:00:00,0.0,0.016305756,0.0118868975,0.006658716363832355,0.08890495173932798,False
1979-10-10 02:00:00,0.0,0.01756154,0.012802363,0.007171535884961486,0.08937982992999534,False
1979-10-10 03:00:00,0.0,0.019779753,0.01441944,0.00807737860456109,0.08975978152951504,False
1979-10-10 04:00:00,0.0,0.021867083,0.015941104,0.008929773380979895,0.09004644929381832,False
1979-10-10 05:00:00,0.0,0.024984492,0.018213695,0.010202817069366574,0.09030911583427152,False
1979-10-10 06:00:00,0.0060101277,0.032009266,0.023334756,0.016539339815732093,0.0905279781729616,False
1979-10-10 07:00:00,0.07767601,0.039474018,0.028776562,0.0609389065168798,0.09060485238831147,False
1979-10-10 08:00:00,0.19764297,0.043264847,0.03154007,0.13170788441970946,0.09056934688342082,False
1979-10-10 09:00:00,0.3174436,0.044415146,0.032378644,0.201302598208189,0.09039173528964288,False
1979-10-10 10:00:00,0.41412172,0.037975788,0.027684353,0.25445625172555447,0.09011215448178628,False
1979-10-10 11:00:00,0.46899503,0.04219701,0.030761624,0.2878419599123299,0.08971032757254749,False
1979-10-10 12:00:00,0.47564808,0.04465304,0.03255207,0.29268372284993527,0.08940674311057396,False
1979-10-10 13:00:00,0.43303198,0.042411976,0.030918336,0.26717905938252806,0.08914936232783098,False
1979-10-10 14:00:00,0.34782353,0.044188056,0.03221309,0.21873907673731444,0.08880056900512547,False
1979-10-10 15:00:00,0.22877826,0.049155563,0.035834406,0.15207851553708315,0.08832076531808632,False
1979-10-10 16:00:00,0.10029458,0.062406264,0.0455242,0.08335619235783816,0.08776752171337453,False
1979-10-10 17:00:00,0.011394288,0.08546382,0.062700406,0.041496476586908096,0.08728541125700501,False
1979-10-10 18:00:00,0.0,0.107944705,0.08115896,0.04421417974680662,0.0870065578106143,False
1979-10-10 19:00:00,0.0,0.11600026,0.08914299,0.047617816619575024,0.08677226143461227,False
1979-10-10 20:00:00,0.0,0.1223466,0.09665322,0.05036517032235861,0.0865131954068485,False
1979-10-10 21:00:00,0.0,0.12084046,0.09872707,0.049921391531825066,0.08624982776289031,False
1979-10-10 22:00:00,0.0,0.114428185,0.09465046,0.04733512520045042,0.08601695496338575,False
1979-10-10 23:00:00,0.0,0.100030705,0.080884896,0.04127911466360092,0.08580735613522043,False
1979-10-11 00:00:00,0.0,0.087442614,0.06818216,0.03594816141575574,0.0856573608911123,False
1979-10-11 01:00:00,0.0,0.076706745,0.059479058,0.031516657926142215,0.08555994553750422,False
1979-10-11 02:00:00,0.0,0.06942692,0.053632,0.028514660127460956,0.08547682223378722,False
1979-10-11 03:00:00,0.0,0.06275355,0.04710851,0.025699919678270816,0.08539489144089674,False
1979-10-11 04:00:00,0.0,0.06343848,0.048493225,0.02602743422985077,0.08530328329148977,False
1979-10-11 05:00:00,0.0,0.059176218,0.04376886,0.024199542816728356,0.08520784056893825,False
1979-10-11 06:00:00,0.005245107,0.04864615,0.035463046,0.02289186008926481,0.08510181588886113,False
1979-10-11 07:00:00,0.06851288,0.043181635,0.031479415,0.05716584322601556,0.08492493844803463,False
1979-10-11 08:00:00,0.16929986,0.042379737,0.030894829,0.11499246049299836,0.08445289328914486,False
1979-10-11 09:00:00,0.27089584,0.0326297,0.02378705,0.16963175838068126,0.08370031688159528,False
1979-10-11 10:00:00,0.35169828,0.016222253,0.011826024,0.20955452403984964,0.08292217086743449,False
1979-10-11 11:00:00,0.39913005,0.0112472875,0.008199274,0.23489104661811142,0.08209095473951235,False
1979-10-11 12:00:00,0.41158298,0.010527362,0.007674446,0.2417823941837996,0.0810836671617088,False
1979-10-11 13:00:00,0.36897096,0.009261314,0.0067514977,0.21667824981827286,0.08008491116761116,False
1979-10-11 14:00:00,0.28466427,0.008056625,0.005873279,0.1675413372963667,0.07909605214829131,False
1979-10-11 15:00:00,0.17422053,0.0055655944,0.0040573184,0.10279804660240187,0.07812059346771684,False
1979-10-11 16:00:00,0.071567,0.0059737787,0.004354885,0.04373364650830626,0.07727451035961394,False
1979-10-11 17:00:00,0.006782438,0.00647955,0.0047235913,0.006559494741726667,0.07658823399101114,False
1979-10-11 18:00:00,0.0,0.0064984327,0.004737357,0.002653738958761096,0.07592231003010648,False
1979-10-11 19:00:00,0.0,0.0059604505,0.0043451684,0.0024340453287586567,0.07509829162511278,False
1979-10-11 20:00:00,0.0,0.005618893,0.0040961727,0.002294564873445779,0.07420571607626743,False
1979-10-11 21:00:00,0.0,0.005475673,0.0039917654,0.002236078631132841,0.07326544707194671,False
1979-10-11 22:00:00,0.0,0.005706575,0.0041600927,0.0023303710939362645,0.07233745125677206,False
1979-10-11 23:00:00,0.0,0.005599877,0.00408231,0.0022867993041872977,0.07148460200343516,False
1979-10-12 00:00:00,0.0,0.005930332,0.0043232124,0.002421745979692787,0.07072150246236243,False
1979-10-12 01:00:00,0.0,0.0065353084,0.0047642402,0.0026687977854162456,0.07003481115006845,False
1979-10-12 02:00:00,0.0,0.007931262,0.00578189,0.003238857826218009,0.06941661042512397,False
1979-10-12 03:00:00,0.0,0.009011983,0.0065697357,0.003680187433026731,0.06885085638560533,False
1979-10-12 04:00:00,0.0,0.010648591,0.0077628233,0.004348522698506713,0.0683449514999561,False
1979-10-12 05:00:00,0.0,0.01252218,0.009128669,0.005113632425665856,0.06783460378041901,False
1979-10-12 06:00:00,0.0038948315,0.01420761,0.010357348,0.00804922265606001,0.06736731057885165,False
1979-10-12 07:00:00,0.054140225,0.017243916,0.012570814,0.03828073889017104,0.06699007540254799,False
1979-10-12 08:00:00,0.15195508,0.019360412,0.01411374,0.09558421685732901,0.06655394699853713,False
1979-10-12 09:00:00,0.25475997,0.041519344,0.030267602,0.16395158952847125,0.06601660154308216,False
1979-10-12 10:00:00,0.33301836,0.05486814,0.03999887,0.21455787758529185,0.06548894421898317,False
1979-10-12 11:00:00,0.37801158,0.052353702,0.03816585,0.23949215617775915,0.06514135919020844,False
1979-10-12 12:00:00,0.3861798,0.053671677,0.03912665,0.24474343513324856,0.06473922465187132,False
1979-10-12 13:00:00,0.35084644,0.042303793,0.030839466,0.21971382645517587,0.064396856673454,False
1979-10-12 14:00:00,0.2770164,0.02957787,0.021562269,0.1719170600697398,0.0640909118418584,False
1979-10-12 15:00:00,0.17949392,0.019341804,0.0141001735,0.11146652634814382,0.06406422464066829,False
1979-10-12 16:00:00,0.07688057,0.0148269925,0.010808878,0.05041492666490376,0.06413795302278036,False
1979-10-12 17:00:00,0.0071948995,0.013176096,0.009605373,0.009532126463484019,0.06430964976635901,False
1979-10-12 18:00:00,0.0,0.0114145065,0.008321174,0.004661296307109296,0.06458987033589728,False
1979-10-12 19:00:00,0.0,0.011690959,0.008522709,0.004774190274998546,0.06498292370048801,False
1979-10-12 20:00:00,0.0,0.012812668,0.009340434,0.00523225811496377,0.06543979198341475,False
1979-10-12 21:00:00,0.0,0.01316856,0.009599882,0.005377592403441667,0.06592178813471326,False
1979-10-12 22:00:00,0.0,0.015668202,0.011422119,0.0063983610402792695,0.0664073842681093,False
1979-10-12 23:00:00,0.0,0.011387669,0.008301611,0.0046503366921097035,0.06689917906249974,False
1979-10-13 00:00:00,0.0,0.007314464,0.005332244,0.0029869784256443383,0.06737611235926959,False
1979-10-13 01:00:00,0.0,0.004513165,0.0032900972,0.0018430231288075445,0.0678158999477884,False
1979-10-13 02:00:00,0.0,0.00332659,0.0024250841,0.001358466230565682,0.06818289408089111,False
1979-10-13 03:00:00,0.0,0.0034686658,0.0025286574,0.0014164851671084762,0.06847323621380126,False
1979-10-13 04:00:00,0.0,0.0037484602,0.0027326273,0.0015307436920702457,0.06875533012494196,False
1979-10-13 05:00:00,0.0,0.004333047,0.0031587912,0.0017694691414944827,0.06904728983873719,False
1979-10-13 06:00:00,0.0035268576,0.006733114,0.00490844,0.004784571626689285,0.0694182778778042,False
1979-10-13 07:00:00,0.055530258,0.01026217,0.0074811215,0.036231679833494124,0.06993798142741846,False
1979-10-13 08:00:00,0.1446578,0.0140372235,0.010233136,0.08919987863115965,0.07063879675697947,False
1979-10-13 09:00:00,0.23732603,0.01804041,0.013151459,0.14430420682393014,0.07148843713613483,False
1979-10-13 10:00:00,0.31867677,0.02202423,0.016055666,0.1928704426586628,0.07242262907796175,False
1979-10-13 11:00:00,0.35368833,0.028172515,0.020643787,0.21558858877792952,0.07333279972682963,False
1979-10-13 12:00:00,0.36729667,0.03279967,0.02436069,0.2253487312197685,0.07418363777490278,False
1979-10-13 13:00:00,0.3274326,0.031948075,0.023619382,0.20199289790168404,0.07466118098481503,False
1979-10-13 14:00:00,0.26674643,0.030203957,0.022266675,0.16626035163924097,0.0749350898655095,False
1979-10-13 15:00:00,0.16478668,0.02756129,0.020092178,0.10633700894378124,0.07503486200837674,False
1979-10-13 16:00:00,0.06860937,0.030334266,0.022113677,0.051975090200081474,0.07515843535187909,False
1979-10-13 17:00:00,0.0057676644,0.040850952,0.02978034,0.02001008207956329,0.07548018689019394,False
1979-10-13 18:00:00,0.0,0.052611243,0.039013922,0.021520300459116695,0.07609726507340307,False
1979-10-13 19:00:00,0.0,0.05931617,0.045852896,0.024363722909241912,0.07678453073465714,False
1979-10-13 20:00:00,0.0,0.06167759,0.049469434,0.025430380135774613,0.077381502465708,False
1979-10-13 21:00:00,0.0,0.062097948,0.048713893,0.025544693034142255,0.07785822801770625,False
1979-10-13 22:00:00,0.0,0.06319456,0.04847647,0.025936521224677562,0.07817569425296021,False
1979-10-13 23:00:00,0.0,0.061466143,0.046270203,0.025179597549140453,0.07824917793880666,False
1979-10-14 00:00:00,0.0,0.057586387,0.042262472,0.023531550228595734,0.07827419518814638,False
1979-10-14 01:00:00,0.0,0.049648162,0.03637675,0.020284516174346207,0.07830157559284924,False
1979-10-14 02:00:00,0.0,0.042058546,0.03066068,0.017175280205905436,0.07833075477841991,False
1979-10-14 03:00:00,0.0,0.042169757,0.030741755,0.017220695167779923,0.0783681461422231,False
1979-10-14 04:00:00,0.0,0.04496601,0.03278022,0.018362588960677384,0.07840325111636699,False
1979-10-14 05:00:00,0.0,0.056128714,0.04091783,0.022921058300882577,0.07843847473050043,False
1979-10-14 06:00:00,0.0030962145,0.07617838,0.057382505,0.03299499303754419,0.07847689700976404,False
1979-10-14 07:00:00,0.054913137,0.097639985,0.077885926,0.07191987470909954,0.07850033263690344,False
1979-10-14 08:00:00,0.15052432,0.119836494,0.098051056,0.13636695505678656,0.07830931034545377,False
1979-10-14 09:00:00,0.24985597,0.15602131,0.1306305,0.20879280273616313,0.07776973614574838,False
1979-10-14 10:00:00,0.32520378,0.17073022,0.14081554,0.25824606873095035,0.07697437396320476,False
1979-10-14 11:00:00,0.36660954,0.16644777,0.13665643,0.2803323824852704,0.07591094560836716,False
1979-10-14 12:00:00,0.3579636,0.14774764,0.122252576,0.2676655092090368,0.07473617459586164,False
1979-10-14 13:00:00,0.30777922,0.13356458,0.11087986,0.2328614527285099,0.07350040293703129,False
1979-10-14 14:00:00,0.22665858,0.11057053,0.09488141,0.17670612292736768,0.07246583147014143,False
1979-10-14 15:00:00,0.13505504,0.09498833,0.08186291,0.11739804683625697,0.07148314836792921,False
1979-10-14 16:00:00,0.050840184,0.08804749,0.07471649,0.06585900050401687,0.07101514096042881,False
1979-10-14 17:00:00,0.0038202917,0.089168265,0.074897796,0.03915187925752252,0.07087843776541726,False
1979-10-14 18:00:00,0.0,0.0909901,0.075457454,0.03765004804730415,0.07093317172197007,False
1979-10-14 19:00:00,0.0,0.080825955,0.06674178,0.03342883336544037,0.07091562594692535,False
1979-10-14 20:00:00,0.0,0.068216965,0.054500457,0.028115084610879422,0.07086491421107514,False
1979-10-14 21:00:00,0.0,0.050413545,0.037284695,0.020615971695631743,0.07082775597353778,False
1979-10-14 22:00:00,0.0,0.024305593,0.017718779,0.009925577960908413,0.07084018593430831,False
1979-10-14 23:00:00,0.0,0.014328237,0.010445284,0.005851164660416543,0.07081571047739439,False
1979-10-15 00:00:00,0.0,0.010532801,0.0076784124,0.004301237851381302,0.07079980168454662,False
1979-10-15 01:00:00,0.0,0.007942934,0.005790399,0.0032436240362003444,0.070825938620468,False
1979-10-15 02:00:00,0.0,0.0077216313,0.005629069,0.0031532516931183636,0.07094173714621306,False
1979-10-15 03:00:00,0.0,0.007594961,0.0055367267,0.0031015239260159433,0.07116599474763811,False
1979-10-15 04:00:00,0.0,0.007888701,0.0057508624,0.0032214771704748273,0.07143124179877654,False
1979-10-15 05:00:00,0.0,0.008849264,0.0064511127,0.0036137385461479424,0.07170046860198805,False
1979-10-15 06:00:00,0.0019959519,0.011650866,0.008493481,0.005909481729380786,0.07189413454858899,False
1979-10-15 07:00:00,0.032107126,0.020904772,0.01523958,0.02706260984390974,0.07190864492677233,False
1979-10-15 08:00:00,0.08758659,0.031253472,0.022783777,0.06330031704530119,0.07160654493665713,False
1979-10-15 09:00:00,0.15320462,0.04341144,0.031646937,0.10612682206183671,0.07093246728969509,False
1979-10-15 10:00:00,0.20212573,0.061686736,0.045128353,0.14182588162645698,0.0697826270088158,False
1979-10-15 11:00:00,0.22660701,0.06938305,0.05268502,0.15919958017766475,0.06848285398131627,False
1979-10-15 12:00:00,0.23461919,0.074455,0.058935676,0.166031691595912,0.0668427798064651,False
1979-10-15 13:00:00,0.21236227,0.0722433,0.058197338,0.15233346749097107,0.0653915113092315,False
1979-10-15 14:00:00,0.161896,0.06243652,0.048860952,0.11909156273305416,0.06415748062811251,False
1979-10-15 15:00:00,0.10951042,0.050433714,0.03842777,0.08387265338376164,0.06323264455411043,False
1979-10-15 16:00:00,0.045324687,0.047126345,0.03465502,0.04541333683952689,0.06250711177153594,False
1979-10-15 17:00:00,0.0038417866,0.04991386,0.03708123,0.022637311994098127,0.06195389870325183,False
1979-10-15 18:00:00,0.0,0.050294016,0.039252065,0.020678103256970642,0.06143148144905885,False
1979-10-15 19:00:00,0.0,0.05341074,0.041129574,0.02192955958843231,0.06088266748970803,False
1979-10-15 20:00:00,0.0,0.05787788,0.042404577,0.023646784733980894,0.06045345733606686,False
1979-10-15 21:00:00,0.0,0.063996546,0.046788994,0.026141331151127815,0.060190469808536214,False
1979-10-15 22:00:00,0.0,0.060593072,0.044497326,0.02476169929280877,0.060142913558878575,False
1979-10-15 23:00:00,0.0,0.0596628,0.044451892,0.024415975492447613,0.060372911093183435,False
1979-10-16 00:00:00,0.0,0.06039663,0.046291973,0.024786123152822255,0.060734889236113164,False
1979-10-16 01:00:00,0.0,0.06282797,0.04924677,0.025842845410108565,0.0611628020429724,False
1979-10-16 02:00:00,0.0,0.067761675,0.054362725,0.02793964507430792,0.06164457348094751,False
1979-10-16 03:00:00,0.0,0.07250915,0.059197746,0.0299525536224246,0.062107810819792435,False
1979-10-16 04:00:00,0.0,0.0754702,0.06364761,0.03128547551482916,0.06254274062533827,False
1979-10-16 05:00:00,0.0,0.077637486,0.06608873,0.0322170237377286,0.06293252274493884,False
1979-10-16 06:00:00,0.0021909885,0.078152664,0.06646218,0.03369149119034409,0.06331355254952527,False
1979-10-16 07:00:00,0.04257965,0.07926337,0.066711746,0.05741907518357038,0.06365832010066197,False
1979-10-16 08:00:00,0.118142895,0.08667007,0.07150965,0.10401122800260783,0.06381698622817854,False
1979-10-16 09:00:00,0.19893351,0.09392538,0.076988295,0.15360046925395726,0.06375683226839389,False
1979-10-16 10:00:00,0.263696,0.10586357,0.08593898,0.19585696341097356,0.06329457286938774,False
1979-10-16 11:00:00,0.29347187,0.07819863,0.063338116,0.2016088220924139,0.06243666662151053,False
1979-10-16 12:00:00,0.29971087,0.060758285,0.049104486,0.19800462134182453,0.06159437109234492,False
1979-10-16 13:00:00,0.2617008,0.05502593,0.043000825,0.17362798003479837,0.06063682262047874,False
1979-10-16 14:00:00,0.196021,0.0467392,0.036353834,0.13231399137526748,0.05982990919557459,True
1979-10-16 15:00:00,0.11571875,0.038473938,0.029738339,0.08257247327268122,0.0594025679574447,True
1979-10-16 16:00:00,0.044523224,0.033301212,0.024568994,0.039304773226380346,0.05926767146051299,True
1979-10-16 17:00:00,0.0031648478,0.029996948,0.021867776,0.014075851056259124,0.059244527627630744,True
1979-10-16 18:00:00,0.0,0.027688343,0.020184804,0.0113069779984653,0.05927285591018561,True
1979-10-16 19:00:00,0.0,0.031409927,0.022897834,0.012826745990663767,0.05929617765261035,True
1979-10-16 20:00:00,0.0,0.037935782,0.027655179,0.015491683289408684,0.05934093078988779,True
1979-10-16 21:00:00,0.0,0.044870585,0.032889366,0.018333271712064742,0.05939625405747618,True
1979-10-16 22:00:00,0.0,0.05120489,0.03834917,0.02096545960754156,0.05944213884877216,True
1979-10-16 23:00:00,0.0,0.05680267,0.041961662,0.02322611552104354,0.059550924044746795,True
1979-10-17 00:00:00,0.0,0.06057371,0.046099152,0.024841052580624818,0.05976803224528384,True
1979-10-17 01:00:00,0.0,0.06418619,0.049702737,0.02636865305900574,0.06009560260008265,False
1979-10-17 02:00:00,0.0,0.06198767,0.046577673,0.0253886439576745,0.06048338110064332,False
1979-10-17 03:00:00,0.0,0.05869308,0.042970512,0.023978154592216014,0.060899191470995435,False
1979-10-17 04:00:00,0.0,0.05370432,0.03915045,0.02193101891130209,0.061349049322020156,False
1979-10-17 05:00:00,0.0,0.053636122,0.03910074,0.02190316916629672,0.06186370872258384,False
1979-10-17 06:00:00,0.001126339,0.053390138,0.039027143,0.022458324183942748,0.06248152286437516,False
1979-10-17 07:00:00,0.023300502,0.05199795,0.0379065,0.03467858396470547,0.06325111629475744,False
1979-10-17 08:00:00,0.06483665,0.05632736,0.041062646,0.060412926975637674,0.06398561133521358,False
1979-10-17 09:00:00,0.10623898,0.055436734,0.04041338,0.08393837090954184,0.0645087767189002,False
1979-10-17 10:00:00,0.14234543,0.045334503,0.03304885,0.1006463817283511,0.06496876161948527,False
1979-10-17 11:00:00,0.17501082,0.043559343,0.03175476,0.1187693947777152,0.0652501513790283,False
1979-10-17 12:00:00,0.1742099,0.04787435,0.0349004,0.12006936494633555,0.06586590156517362,False
1979-10-17 13:00:00,0.15581484,0.058021374,0.042343937,0.113601623095572,0.06678753381159837,False
1979-10-17 14:00:00,0.12613474,0.0631611,0.04616656,0.09857918330281973,0.06819673975315936,False
1979-10-17 15:00:00,0.09084159,0.061157998,0.044717077,0.07739762153103948,0.0701245976446606,False
1979-10-17 16:00:00,0.03445293,0.059765052,0.043884963,0.04430243286117911,0.0725874332539526,False
1979-10-17 17:00:00,0.0022534844,0.055528685,0.04086526,0.023997069556731733,0.07493485793137052,False
1979-10-17 18:00:00,0.0,0.05327242,0.03963008,0.02179754689335823,0.07703866335230532,False
1979-10-17 19:00:00,0.0,0.0586236,0.045288917,0.024077710177749394,0.07913103312270368,False
1979-10-17 20:00:00,0.0,0.0638937,0.05047272,0.026302301578223705,0.08115431149250481,False
1979-10-17 21:00:00,0.0,0.068446875,0.057164896,0.028343801133334637,0.08309519156667057,False
1979-10-17 22:00:00,0.0,0.07206046,0.06283481,0.02998338869959116,0.0849439859152085,False
1979-10-17 23:00:00,0.0,0.08382053,0.072359145,0.03483716911822557,0.08688340639688659,False
1979-10-18 00:00:00,0.0,0.09742481,0.08443971,0.04050950018316508,0.08874508789430957,False
1979-10-18 01:00:00,0.0,0.10681657,0.09335,0.04445621343702078,0.09050690135259766,False
1979-10-18 02:00:00,0.0,0.1151112,0.10041684,0.04789854285120964,0.09209550103631454,False
1979-10-18 03:00:00,0.0,0.123880595,0.108033165,0.05154573047161102,0.09350063119030211,False
1979-10-18 04:00:00,0.0,0.13464098,0.116789006,0.055989126741886136,0.09465204076368945,False
1979-10-18 05:00:00,0.0,0.14881767,0.12885891,0.06187210254371166,0.09570838020129713,False
1979-10-18 06:00:00,0.0008585197,0.16869085,0.14610533,0.0706319758486934,0.09662474415747101,False
1979-10-18 07:00:00,0.02506004,0.18828204,0.16183555,0.09267483712546527,0.09738902972472153,False
1979-10-18 08:00:00,0.0742769,0.20764956,0.17856865,0.12912316641956567,0.0982306252804548,False
1979-10-18 09:00:00,0.12518272,0.24948603,0.21090688,0.17567974448204038,0.09956235443137529,False
1979-10-18 10:00:00,0.16109172,0.28106248,0.23521659,0.2093636718690395,0.10154061567717797,False
1979-10-18 11:00:00,0.17661782,0.31244054,0.25862575,0.23116483102738858,0.10392159725877399,False
1979-10-18 12:00:00,0.19306956,0.31624046,0.2620204,0.24224296917021274,0.10639594377604877,False
1979-10-18 13:00:00,0.18195839,0.3293407,0.2732066,0.24126986522972585,0.1092723395981634,False
1979-10-18 14:00:00,0.15212958,0.33126253,0.2747506,0.22485117016732692,0.11192133024416807,False
1979-10-18 15:00:00,0.101138905,0.34423423,0.28535193,0.2007885825186968,0.11406340681750271,False
1979-10-18 16:00:00,0.042309098,0.3078852,0.25850314,0.1519811577424407,0.11541476906832561,False
1979-10-18 17:00:00,0.0022862742,0.27409992,0.23326781,0.11505851126112976,0.11621423191426265,False
1979-10-18 18:00:00,0.0,0.26914316,0.23012777,0.11174072697758675,0.1168165551539173,False
1979-10-18 19:00:00,0.0,0.26475585,0.22683705,0.10994410774111747,0.11749360650346032,False
1979-10-18 20:00:00,0.0,0.26174963,0.22348732,0.10865392684936523,0.11817085176344379,False
1979-10-18 21:00:00,0.0,0.25823113,0.21829838,0.10707540044188499,0.1188212379390502,False
1979-10-18 22:00:00,0.0,0.27526265,0.2312171,0.11405764272809028,0.11945552320788964,False
1979-10-18 23:00:00,0.0,0.27212515,0.22541936,0.11258682739734649,0.12011672761255293,False
1979-10-19 00:00:00,0.0,0.26489997,0.21592611,0.10940809857845307,0.12068328639130459,False
1979-10-19 01:00:00,0.0,0.24893156,0.19936469,0.10262143787741662,0.12111677356400878,False
1979-10-19 02:00:00,0.0,0.22553998,0.17797478,0.09283489134907723,0.12138460914242433,False
1979-10-19 03:00:00,0.0,0.19261894,0.15128568,0.07924581411480902,0.1214655013378838,False
1979-10-19 04:00:00,0.0,0.17642333,0.13953897,0.07263531191647053,0.12137071728344427,False
1979-10-19 05:00:00,0.0,0.15993205,0.127291,0.06588863906264306,0.1211159809265414,False
1979-10-19 06:00:00,0.0007616496,0.14254303,0.11307742,0.059144031411968175,0.12070389299570933,False
1979-10-19 07:00:00,0.03482007,0.13355635,0.10558699,0.07507517063990235,0.12010753472422143,False
1979-10-19 08:00:00,0.118256256,0.136105,0.10887632,0.12433592621982097,0.11959701804868306,False
1979-10-19 09:00:00,0.21306208,0.13530628,0.11166802,0.17889491070806982,0.11949498040622149,False
1979-10-19 10:00:00,0.290396,0.11415204,0.09727595,0.21493349764496086,0.11970832848367641,False
1979-10-19 11:00:00,0.333967,0.10788389,0.09314652,0.23753802760690448,0.12024108272826968,False
1979-10-19 12:00:00,0.363407,0.11672919,0.09958262,0.2581363644078374,0.12085919473604657,False
1979-10-19 13:00:00,0.32785624,0.12428061,0.10593662,0.24075317410379646,0.12125034134358836,False
1979-10-19 14:00:00,0.26230124,0.1204529,0.10377637,0.20139885882288217,0.12120815462608558,False
1979-10-19 15:00:00,0.16403426,0.11438855,0.10010863,0.14226300957053897,0.12057022169873786,False
1979-10-19 16:00:00,0.05957388,0.11587494,0.10267903,0.08267664946615697,0.11910660001004163,False
1979-10-19 17:00:00,0.0027930995,0.12297083,0.109643176,0.05290858506015502,0.11734633061248236,False
1979-10-19 18:00:00,0.0,0.13011056,0.11639286,0.05429601167142391,0.11569188580603484,False
1979-10-19 19:00:00,0.0,0.1355677,0.12150006,0.05658548265695572,0.11408578509406332,False
1979-10-19 20:00:00,0.0,0.137651,0.12458556,0.05752083800733089,0.11252690820616816,False
1979-10-19 21:00:00,0.0,0.14050761,0.12855901,0.05878949403762817,0.11095132211304415,False
1979-10-19 22:00:00,0.0,0.14758216,0.1345071,0.0617212001234293,0.10939035013911459,False
1979-10-19 23:00:00,0.0,0.14834177,0.13507177,0.062031990498304365,0.10771347290777745,False
1979-10-20 00:00:00,0.0,0.14676882,0.13257757,0.061316884472966196,0.1060778132941309,False
1979-10-20 01:00:00,0.0,0.1377165,0.12027652,0.05731232120096684,0.10448025871335674,False
1979-10-20 02:00:00,0.0,0.12474217,0.10650938,0.05178136823326349,0.10298716883256244,False
1979-10-20 03:00:00,0.0,0.11327126,0.0962778,0.04699609585851431,0.10168690246890444,False
1979-10-20 04:00:00,0.0,0.10564635,0.08848664,0.04376178161054849,0.10063502804317657,False
1979-10-20 05:00:00,0.0,0.101704635,0.08449762,0.04209188186377287,0.09966351383027766,False
1979-10-20 06:00:00,0.0011828128,0.09985706,0.082908146,0.042006778817274604,0.09882408654258733,False
1979-10-20 07:00:00,0.04342178,0.104119115,0.08695772,0.06817003669962286,0.09814763429142642,False
1979-10-20 08:00:00,0.13827705,0.10709559,0.09113382,0.12422535958141089,0.09757497883062917,False
1979-10-20 09:00:00,0.235004,0.121271454,0.103221886,0.1859204521998763,0.09696964064863928,False
1979-10-20 10:00:00,0.31601322,0.12679848,0.10754833,0.2349358756095171,0.09639164122227685,False
1979-10-20 11:00:00,0.3625539,0.12463939,0.104605086,0.26083420740067953,0.0960630837274043,False
1979-10-20 12:00:00,0.3669166,0.11914452,0.09894077,0.2610180063322186,0.09577824326436452,False
1979-10-20 13:00:00,0.33273336,0.11421849,0.09465056,0.23924490278959273,0.09510249516944817,False
1979-10-20 14:00:00,0.2621312,0.10391019,0.08588552,0.19423038965463638,0.09427693021734661,False
1979-10-20 15:00:00,0.1594379,0.09310371,0.07747793,0.130534741461277,0.09353307691762329,False
1979-10-20 16:00:00,0.05625177,0.08461738,0.07050264,0.06748822665959597,0.09302930088949184,False
1979-10-20 17:00:00,0.002280857,0.08282961,0.069721855,0.03564516055164858,0.09276871283479139,False
1979-10-20 18:00:00,0.0,0.08360438,0.070331044,0.03464789280295372,0.09263105652926042,False
1979-10-20 19:00:00,0.0,0.08491726,0.07006569,0.035118017122149466,0.0924297715577066,False
1979-10-20 20:00:00,0.0,0.08003358,0.06469267,0.03302579437941312,0.09218406440762356,False
1979-10-20 21:00:00,0.0,0.0779657,0.06258153,0.03214874569326639,0.0918877474016279,False
1979-10-20 22:00:00,0.0,0.081236854,0.06650253,0.033567535623908046,0.09149345917978809,False
1979-10-20 23:00:00,0.0,0.082341164,0.06835697,0.03407516594231129,0.09091458798877448,False
1979-10-21 00:00:00,0.0,0.07901906,0.06606379,0.03272547870129347,0.09028822975538224,False
1979-10-21 01:00:00,0.0,0.074701,0.062749185,0.03095312359929085,0.08968762650506124,False
1979-10-21 02:00:00,0.0,0.0733852,0.06190679,0.0304221058934927,0.08921907854664624,False
1979-10-21 03:00:00,0.0,0.06937403,0.0584597,0.02875584167987108,0.08879447613961548,False
1979-10-21 04:00:00,0.0,0.06268259,0.05319914,0.026002629697322845,0.0884195667619586,False
1979-10-21 05:00:00,0.0,0.061705053,0.0523512,0.02559612925350666,0.08817934062217846,False
1979-10-21 06:00:00,0.0008543418,0.06314065,0.05337902,0.026674323356244714,0.08806240915299877,False
1979-10-21 07:00:00,0.037239086,0.06284448,0.05391007,0.04758770852163434,0.08795546029722857,False
1979-10-21 08:00:00,0.12007036,0.062471054,0.05457919,0.09527969348430634,0.08772269577324775,False
1979-10-21 09:00:00,0.2123469,0.068898104,0.059321824,0.15115093824267387,0.08739823364615203,False
1979-10-21 10:00:00,0.28971466,0.07712303,0.06553663,0.19916273789107797,0.08689553616422302,False
1979-10-21 11:00:00,0.3313213,0.078865685,0.06651589,0.22386568538099527,0.08638148461477595,False
1979-10-21 12:00:00,0.3313342,0.083113365,0.07132942,0.2257004558518529,0.08564526872097589,False
1979-10-21 13:00:00,0.2814769,0.09305388,0.08105548,0.20112605640292167,0.08488400354416183,False
1979-10-21 14:00:00,0.21333271,0.102180496,0.090672635,0.16569390043616294,0.08411329718827965,False
1979-10-21 15:00:00,0.12887321,0.10456029,0.09516977,0.11808176022022962,0.08352581327091667,False
1979-10-21 16:00:00,0.044237047,0.106962465,0.09582402,0.07016842284053564,0.0831681047941224,False
1979-10-21 17:00:00,0.0016163659,0.108787335,0.09677616,0.0463010823946679,0.08302466070498103,False
1979-10-21 18:00:00,0.0,0.10696102,0.095661424,0.04463433303683997,0.08311585617004415,False
1979-10-21 19:00:00,0.0,0.107417546,0.09545305,0.04479153945297003,0.0832878689708606,False
1979-10-21 20:00:00,0.0,0.10409673,0.090480134,0.043297621719539166,0.0834949715182603,False
1979-10-21 21:00:00,0.0,0.09645175,0.07912894,0.03986365938931703,0.08378155549321777,False
1979-10-21 22:00:00,0.0,0.082500644,0.06467862,0.033935382954776286,0.08409270846084214,False
1979-10-21 23:00:00,0.0,0.07802393,0.05881415,0.03196679529547691,0.08423231686590693,False
1979-10-22 00:00:00,0.0,0.0793312,0.059531793,0.03248792845755816,0.08435884493947482,False
1979-10-22 01:00:00,0.0,0.084938355,0.06444012,0.03482201919704676,0.0845314910000608,False
1979-10-22 02:00:00,0.0,0.07664323,0.057761136,0.03140045269578695,0.08475545035800419,False
1979-10-22 03:00:00,0.0,0.07087492,0.052733324,0.02900044573098421,0.0850405870926053,False
1979-10-22 04:00:00,0.0,0.0786987,0.059094552,0.03223092690110207,0.08538889002832106,False
1979-10-22 05:00:00,0.0,0.088953756,0.067689545,0.03647917134314776,0.08578759415805794,False
1979-10-22 06:00:00,0.0004163227,0.08934528,0.06786312,0.036873233740305295,0.08619621925507194,False
1979-10-22 07:00:00,0.028865406,0.0982519,0.07568608,0.05699733954854309,0.08661635181366711,False
1979-10-22 08:00:00,0.10368176,0.11895926,0.09131176,0.10865117748081685,0.08712480454900391,False
1979-10-22 09:00:00,0.18223628,0.13828605,0.103945985,0.16179097306728363,0.08780474533133609,False
1979-10-22 10:00:00,0.2538687,0.15572943,0.1169445,0.2102614012360573,0.08867339213682118,False
1979-10-22 11:00:00,0.28827733,0.14455146,0.107784055,0.22549584449827667,0.08938043277237966,False
1979-10-22 12:00:00,0.29308406,0.13538358,0.10020812,0.22447727784514426,0.09030151668975529,False
1979-10-22 13:00:00,0.26179424,0.12526554,0.09208774,0.20225099770724775,0.09126472378825547,False
1979-10-22 14:00:00,0.20234205,0.12056884,0.0887018,0.16603116162121295,0.09232775209526621,False
1979-10-22 15:00:00,0.123618364,0.10282548,0.07582106,0.11336473457515238,0.09320323530919007,False
1979-10-22 16:00:00,0.04183137,0.08904739,0.0668097,0.0606029103808105,0.09361327215292581,False
1979-10-22 17:00:00,0.0011945398,0.09582916,0.073561735,0.04002254287467803,0.09379537054485731,False
1979-10-22 18:00:00,0.0,0.104313426,0.0817195,0.042904507242143154,0.09402214118197161,False
1979-10-22 19:00:00,0.0,0.109245956,0.08791077,0.04505893939733505,0.0943560179487017,False
1979-10-22 20:00:00,0.0,0.11325667,0.092409514,0.046781825177371505,0.09472399196505148,False
1979-10-22 21:00:00,0.0,0.11409456,0.09228138,0.04708408813923597,0.09510696143528047,False
1979-10-22 22:00:00,0.0,0.097750165,0.07775793,0.04026873906701803,0.09552588811061875,False
1979-10-22 23:00:00,0.0,0.09774298,0.07558061,0.040148513473570346,0.09593604773154081,False
1979-10-23 00:00:00,0.0,0.09998847,0.07623602,0.041012489609420305,0.09635148254932435,False
1979-10-23 01:00:00,0.0,0.10161472,0.07791372,0.041703172780573367,0.09671233795780287,False
1979-10-23 02:00:00,0.0,0.10729816,0.083623126,0.04410866915434599,0.09698470037022204,False
1979-10-23 03:00:00,0.0,0.11046986,0.0872408,0.04547438259422779,0.09730197577608347,False
1979-10-23 04:00:00,0.0,0.109745525,0.0860061,0.045140427924692625,0.09766330327430339,False
1979-10-23 05:00:00,0.0,0.11001195,0.085476376,0.04521013391017914,0.09796307583583118,False
1979-10-23 06:00:00,0.0004236701,0.11338904,0.08806803,0.04684068616881268,0.09820084758113667,False
1979-10-23 07:00:00,0.030801514,0.13199475,0.10212781,0.07199343981780111,0.09847525996814067,False
1979-10-23 08:00:00,0.11394819,0.15146945,0.11623181,0.12791685103625058,0.09889016245664771,False
1979-10-23 09:00:00,0.20357725,0.18371436,0.14057986,0.19284598490595814,0.09944452909646297,False
1979-10-23 10:00:00,0.2831971,0.1697582,0.13065153,0.23310068839788436,0.10028884842699136,False
1979-10-23 11:00:00,0.33660883,0.179852,0.13868582,0.2680777134150266,0.10104004526466494,False
1979-10-23 12:00:00,0.34354207,0.17942269,0.13895647,0.2719343965798616,0.10208272967505322,False
1979-10-23 13:00:00,0.30461782,0.18570396,0.14559573,0.25215141513943673,0.10324017834836359,False
1979-10-23 14:00:00,0.23495784,0.17516558,0.13908,0.20771709470450878,0.10439464313834028,False
1979-10-23 15:00:00,0.14199087,0.13511482,0.11069312,0.13776352871954442,0.10519454435556248,False
1979-10-23 16:00:00,0.045561075,0.1271664,0.10548151,0.07890914565324783,0.1056979124352248,False
1979-10-23 17:00:00,0.00096247793,0.13691287,0.113145836,0.05718607297615381,0.10610753913777,False
1979-10-23 18:00:00,0.0,0.14672285,0.12073491,0.06066041783988475,0.10650112436098831,False
1979-10-23 19:00:00,0.0,0.15106776,0.12426458,0.062454292237758634,0.1068917956630871,False
1979-10-23 20:00:00,0.0,0.14917736,0.12284651,0.06168015629053116,0.1072762171485633,False
1979-10-23 21:00:00,0.0,0.14500187,0.11974905,0.059972139805555345,0.10767538139449286,False
1979-10-23 22:00:00,0.0,0.12945715,0.10839552,0.053623044759035114,0.10810513434272112,False
1979-10-23 23:00:00,0.0,0.12523976,0.10544806,0.05190766654908657,0.10868259390948193,False
1979-10-24 00:00:00,0.0,0.12008914,0.10177952,0.04980898806452751,0.10926769187945724,False
1979-10-24 01:00:00,0.0,0.11535159,0.09871628,0.04789541499316693,0.10985721680467801,False
1979-10-24 02:00:00,0.0,0.11221675,0.096698,0.04662967217713595,0.1104562725852415,False
1979-10-24 03:00:00,0.0,0.11149033,0.09637469,0.04634416564553976,0.11104349198976383,False
1979-10-24 04:00:00,0.0,0.1121171,0.09720002,0.04662000985443592,0.11165354533439355,False
1979-10-24 05:00:00,0.0,0.1151934,0.099737994,0.04789221511781216,0.11234018885988595,False
1979-10-24 06:00:00,0.0005391824,0.119674854,0.10322035,0.050045028316497334,0.11307466836079809,False
1979-10-24 07:00:00,0.040338613,0.12917757,0.11056955,0.07691265899688005,0.11387429133618553,False
1979-10-24 08:00:00,0.14274304,0.12732816,0.10951767,0.13526077619194984,0.11468822527744954,False
1979-10-24 09:00:00,0.24719729,0.1439189,0.1218406,0.20231830093264577,0.11574513223726761,False
1979-10-24 10:00:00,0.33472937,0.12814386,0.10916511,0.2463188494443893,0.11726701440000743,False
1979-10-24 11:00:00,0.37411055,0.14392322,0.1217637,0.2755446961969137,0.11915420214853396,False
1979-10-24 12:00:00,0.3754903,0.15270363,0.13017163,0.2800348141640424,0.12111864044694066,False
1979-10-24 13:00:00,0.3340413,0.15630625,0.13419393,0.2576653076261282,0.12314322250792593,False
1979-10-24 14:00:00,0.24969435,0.14505072,0.12646419,0.2044264200478792,0.12503385841868034,False
1979-10-24 15:00:00,0.14475743,0.12947606,0.11527219,0.1375264023989439,0.12657288853442134,False
1979-10-24 16:00:00,0.043298885,0.13265945,0.11722589,0.08026499210298062,0.12797641375589333,False
1979-10-24 17:00:00,0.0007414802,0.14035308,0.124009475,0.05891463358915644,0.1291987366600101,False
1979-10-24 18:00:00,0.0,0.14796124,0.13072279,0.061656729742884636,0.13041993304619592,False
1979-10-24 19:00:00,0.0,0.15242095,0.13458961,0.06351117070019245,0.13161440559288515,False
1979-10-24 20:00:00,0.0,0.1581794,0.14025018,0.06594170898199081,0.13271075078284394,False
1979-10-24 21:00:00,0.0,0.16242807,0.14400506,0.06771222965419292,0.13376689835449707,False
1979-10-24 22:00:00,0.0,0.16323604,0.14356853,0.06798679827153682,0.1348186378106291,False
1979-10-24 23:00:00,0.0,0.16375045,0.14461663,0.06823321603238583,0.13596336024438987,False
1979-10-25 00:00:00,0.0,0.16627492,0.14730075,0.06930968602001666,0.1371606457298438,False
1979-10-25 01:00:00,0.0,0.1690486,0.14960952,0.07045785024762154,0.13840828935707014,False
1979-10-25 02:00:00,0.0,0.17348896,0.15329212,0.0722952005714178,0.1396523172128762,False
1979-10-25 03:00:00,0.0,0.17956808,0.15733927,0.07475694313645362,0.14087194251127566,False
1979-10-25 04:00:00,0.0,0.18779479,0.16301925,0.07809931714832782,0.14208817897548923,False
1979-10-25 05:00:00,0.0,0.19358285,0.16727924,0.08046514995396137,0.14332165028804938,False
1979-10-25 06:00:00,0.00037996037,0.20453404,0.17648688,0.08522258898740985,0.14453626178203174,False
1979-10-25 07:00:00,0.038330328,0.21409546,0.1841564,0.11106226899847386,0.14572834120917208,False
1979-10-25 08:00:00,0.14558908,0.22796732,0.19488041,0.1786483851075172,0.1468486512723355,False
1979-10-25 09:00:00,0.26450914,0.2736288,0.22788012,0.26589632871747015,0.14796264334187295,False
1979-10-25 10:00:00,0.35558498,0.28644037,0.23734574,0.32368570032715793,0.14940014961712444,False
1979-10-25 11:00:00,0.41064838,0.30334666,0.24984667,0.36237075173854827,0.15144643381091838,False
1979-10-25 12:00:00,0.41716254,0.3105795,0.25569838,0.36911433550715445,0.1536120058485283,False
1979-10-25 13:00:00,0.37259874,0.30935946,0.25479308,0.342901938855648,0.1558056305557776,False
1979-10-25 14:00:00,0.2842726,0.28402796,0.23627639,0.2815905402600765,0.15783890645711754,False
1979-10-25 15:00:00,0.16668124,0.26290426,0.22122204,0.20513273935019968,0.15954732448151096,False
1979-10-25 16:00:00,0.048130926,0.2649761,0.22283176,0.1375806450508535,0.16133193143217897,False
1979-10-25 17:00:00,0.00072643976,0.27857208,0.23317121,0.1158034995130729,0.16275754304293613,False
1979-10-25 18:00:00,0.0,0.28493544,0.23803557,0.11799510008096695,0.16415802020165554,False
1979-10-25 19:00:00,0.0,0.2778286,0.23259456,0.11507886135578156,0.16544146761163556,False
1979-10-25 20:00:00,0.0,0.2713297,0.22693667,0.11237523972988128,0.1665346883996897,False
1979-10-25 21:00:00,0.0,0.2667436,0.22272676,0.11045563369989395,0.16740709523256356,False
1979-10-25 22:00:00,0.0,0.2621843,0.21895774,0.10856972157955169,0.16806793484702195,False
1979-10-25 23:00:00,0.0,0.26424733,0.21981677,0.10937736985087394,0.16859122928283599,False
1979-10-26 00:00:00,0.0,0.26516372,0.21945314,0.10969588217139245,0.16896162549178537,False
1979-10-26 01:00:00,0.0,0.26014978,0.21506453,0.10760875207185745,0.16924619267187502,False
1979-10-26 02:00:00,0.0,0.254236,0.2103444,0.10517168650031089,0.16947026208001612,False
1979-10-26 03:00:00,0.0,0.25313184,0.20959015,0.1047235159277916,0.1696293988205069,False
1979-10-26 04:00:00,0.0,0.2558329,0.2115609,0.10582663285732269,0.16971329308259722,False
1979-10-26 05:00:00,0.0,0.2566968,0.2124528,0.10619356682896613,0.1696879937551492,False
1979-10-26 06:00:00,0.0003232847,0.25887564,0.21394806,0.10726484081923264,0.16958474153797562,False
1979-10-26 07:00:00,0.039638855,0.26079896,0.21446493,0.13068754202872515,0.16936704083463197,False
1979-10-26 08:00:00,0.15168475,0.24475203,0.20179252,0.18873239552974702,0.16902724626102505,False
1979-10-26 09:00:00,0.2682236,0.28243065,0.22845681,0.27131860214471815,0.1685470913726311,False
1979-10-26 10:00:00,0.35831416,0.33412832,0.26851615,0.34454049074649806,0.1678404391796113,False
1979-10-26 11:00:00,0.41053793,0.34585622,0.27760786,0.3794921540021896,0.1670914090595614,False
1979-10-26 12:00:00,0.41507968,0.35378015,0.28301755,0.38532880011200904,0.16610745213740527,False
1979-10-26 13:00:00,0.36543772,0.3504416,0.27948216,0.3552625508904457,0.1650208620972406,False
1979-10-26 14:00:00,0.2755693,0.3090836,0.24768801,0.28643048521876335,0.16400317320321708,False
1979-10-26 15:00:00,0.15739995,0.32094273,0.25814623,0.22318753603100774,0.16308687341866104,False
1979-10-26 16:00:00,0.043326836,0.29957718,0.24353309,0.1486943494193256,0.16232928095169077,False
1979-10-26 17:00:00,0.00053707906,0.3044072,0.2500256,0.12613753720768728,0.16163234118287784,False
1979-10-26 18:00:00,0.0,0.29789573,0.24701262,0.12326220542192459,0.1609361306549349,False
1979-10-26 19:00:00,0.0,0.2800713,0.23406413,0.11598576852679253,0.1601509197493383,False
1979-10-26 20:00:00,0.0,0.26014173,0.21898034,0.10781723695993424,0.15931936967925364,False
1979-10-26 21:00:00,0.0,0.23967296,0.20357795,0.09943253114819527,0.15845123802212263,False
1979-10-26 22:00:00,0.0,0.22457342,0.18958037,0.09310493119060992,0.15755402156052375,False
1979-10-26 23:00:00,0.0,0.20734525,0.17595996,0.0860122340619564,0.15667412408621248,False
1979-10-27 00:00:00,0.0,0.19977272,0.17134775,0.08296891066432,0.15578113037714,False
1979-10-27 01:00:00,0.0,0.19539194,0.16876957,0.08121318183839321,0.15487069018644475,False
1979-10-27 02:00:00,0.0,0.19220556,0.16685021,0.07993376411497594,0.1539953116671481,False
1979-10-27 03:00:00,0.0,0.18937078,0.16492684,0.07878386771678925,0.15315258223370845,False
1979-10-27 04:00:00,0.0,0.1847222,0.161527,0.07688494943082333,0.15230303151806082,False
1979-10-27 05:00:00,0.0,0.18133183,0.1592148,0.0755090435296297,0.15141702333458895,False
1979-10-27 06:00:00,0.00022341797,0.17927217,0.15727057,0.07477295522691565,0.15051344793097313,False
1979-10-27 07:00:00,0.035124943,0.17894281,0.15657665,0.09475212946534156,0.14958600925832174,False
1979-10-27 08:00:00,0.14328834,0.17515366,0.15355326,0.15560095046460629,0.14855474894124668,False
1979-10-27 09:00:00,0.25809872,0.2000274,0.17118423,0.23197702345252036,0.14747963167761416,False
1979-10-27 10:00:00,0.34967628,0.20719194,0.17620765,0.2877322545647621,0.14613243787242372,False
1979-10-27 11:00:00,0.39795414,0.20603864,0.17579676,0.31514081947505473,0.14435271367278843,False
1979-10-27 12:00:00,0.39861977,0.20949118,0.17874372,0.31695801357924935,0.14229516054817437,False
1979-10-27 13:00:00,0.35311797,0.2176319,0.18514127,0.2940528719425201,0.14009337271318734,False
1979-10-27 14:00:00,0.26455927,0.2045249,0.17569931,0.237608150601387,0.13788192905520053,False
1979-10-27 15:00:00,0.14922868,0.19884408,0.17203501,0.168768300935626,0.13600976845408133,False
1979-10-27 16:00:00,0.039666742,0.19535956,0.16948424,0.10412753614783288,0.1341451303627059,False
1979-10-27 17:00:00,0.00040845666,0.1974774,0.17186211,0.08238539417181165,0.1327998512544774,False
1979-10-27 18:00:00,0.0,0.19288436,0.1690861,0.08030497661232948,0.13165386643991023,False
1979-10-27 19:00:00,0.0,0.18030892,0.15982343,0.07516445799171924,0.13060126498326807,False
1979-10-27 20:00:00,0.0,0.16939141,0.15184242,0.0707049201875925,0.129672103744784,False
1979-10-27 21:00:00,0.0,0.16132078,0.14559032,0.06738924354314804,0.1288823778264612,False
1979-10-27 22:00:00,0.0,0.15875722,0.14357828,0.06633464281260967,0.1282370626561731,False
1979-10-27 23:00:00,0.0,0.15914243,0.14426136,0.06651367181539536,0.1276695342407018,False
1979-10-28 00:00:00,0.0,0.15783708,0.14357169,0.06599475301802159,0.12723421769667567,False
1979-10-28 01:00:00,0.0,0.15682104,0.14302997,0.06559058314561844,0.1268600054223478,False
1979-10-28 02:00:00,0.0,0.1546698,0.14162065,0.06472067369520665,0.1265337657526523,False
1979-10-28 03:00:00,0.0,0.15277226,0.14022438,0.06394508157670498,0.12623599241193534,False
1979-10-28 04:00:00,0.0,0.15117945,0.13913007,0.06329824005067348,0.12594227329999358,False
1979-10-28 05:00:00,0.0,0.14999774,0.13838483,0.06282194745540619,0.12568912491001338,False
1979-10-28 06:00:00,0.00014576624,0.14959292,0.13822018,0.06274778453196632,0.1254510416331157,False
1979-10-28 07:00:00,0.02919036,0.15366895,0.14148824,0.08118704680912196,0.1252337068150059,False
1979-10-28 08:00:00,0.124850154,0.15546046,0.1430244,0.13712676687538625,0.1247605071800185,False
1979-10-28 09:00:00,0.23100802,0.17568924,0.15800634,0.20665329949557779,0.12368167634057331,False
1979-10-28 10:00:00,0.31703258,0.18257199,0.16327533,0.2591137291640043,0.12165059913769814,False
1979-10-28 11:00:00,0.35858363,0.17691158,0.15826811,0.28072960402071473,0.11872024666344576,False
1979-10-28 12:00:00,0.35676122,0.17684928,0.15804406,0.27964298403263094,0.11515695724525006,False
1979-10-28 13:00:00,0.30480146,0.17548366,0.15721,0.24911325530707837,0.1114737167008887,False
1979-10-28 14:00:00,0.22064441,0.16571698,0.15009972,0.19656677636504172,0.10779859682899418,False
1979-10-28 15:00:00,0.11623898,0.15924048,0.14546809,0.1336849076449871,0.10476465990438265,False
1979-10-28 16:00:00,0.028123697,0.16231497,0.14813623,0.08412095222435892,0.1026710052187289,False
1979-10-28 17:00:00,0.00019103187,0.16990978,0.15413581,0.07113026610846282,0.10153579834892552,False
1979-10-28 18:00:00,0.0,0.17408538,0.15740427,0.07273733550310135,0.10073095429813668,False
1979-10-28 19:00:00,0.0,0.17081659,0.15471683,0.07138602907955646,0.09993042306866677,False
1979-10-28 20:00:00,0.0,0.16725594,0.15172133,0.06991039288043976,0.09919414299804898,False
1979-10-28 21:00:00,0.0,0.1637316,0.14889705,0.06845740297436714,0.09851007563932047,False
1979-10-28 22:00:00,0.0,0.15744574,0.14381644,0.0658635672479868,0.0978542659993674,False
1979-10-28 23:00:00,0.0,0.15556487,0.14284447,0.06511703994870185,0.09718248922782198,False
1979-10-29 00:00:00,0.0,0.15528306,0.14272724,0.06500672149658203,0.09647926414231017,False
1979-10-29 01:00:00,0.0,0.15658827,0.14393714,0.06555367769300938,0.09575678872535183,False
1979-10-29 02:00:00,0.0,0.15677525,0.14426993,0.06564064376056195,0.09502299093440353,False
1979-10-29 03:00:00,0.0,0.15448342,0.14224014,0.06468535034358501,0.09426948374774485,False
1979-10-29 04:00:00,0.0,0.1546159,0.14223263,0.06473382671177387,0.09351356411384597,False
1979-10-29 05:00:00,0.0,0.15307973,0.1406412,0.0640810462385416,0.0927810135235469,False
1979-10-29 06:00:00,6.995858e-05,0.1536304,0.14094256,0.06434088395764412,0.09207009482182742,False
1979-10-29 07:00:00,0.0143180555,0.15232465,0.140171,0.0720385469859466,0.09136639269244547,False
1979-10-29 08:00:00,0.058980644,0.16701312,0.15106289,0.103817070171237,0.0903860062094184,False
1979-10-29 09:00:00,0.109797396,0.17037764,0.15301612,0.13448531771451236,0.08859889839158976,False
1979-10-29 10:00:00,0.14409535,0.15315102,0.1373999,0.14707533580064772,0.0857915926982738,False
1979-10-29 11:00:00,0.14457728,0.14535338,0.13048965,0.14410292740166186,0.08223440238232066,False
1979-10-29 12:00:00,0.1424523,0.13887972,0.12446065,0.14016246744990346,0.07836830665873637,False
1979-10-29 13:00:00,0.110397205,0.12922044,0.11602941,0.11764711809158325,0.07473930656044707,False
1979-10-29 14:00:00,0.072559044,0.1199577,0.10830034,0.09197917822003364,0.07150242087155853,False
1979-10-29 15:00:00,0.038857408,0.1095837,0.10029198,0.06827287602424621,0.06901778351705794,False
1979-10-29 16:00:00,0.008633316,0.10666177,0.09811095,0.049637606397271154,0.0673891025468486,False
1979-10-29 17:00:00,6.7480636e-05,0.10441662,0.096003875,0.043752879733947335,0.0663299045131049,False
1979-10-29 18:00:00,0.0,0.10006825,0.09174618,0.04187947759777307,0.06542633032038046,False
1979-10-29 19:00:00,0.0,0.09523672,0.08667899,0.03982301460206508,0.06452949099972083,False
1979-10-29 20:00:00,0.0,0.09069284,0.08155609,0.03786968696862459,0.06373482894509269,False
1979-10-29 21:00:00,0.0,0.08602217,0.0771889,0.03591038082540035,0.06304108723283915,False
1979-10-29 22:00:00,0.0,0.08169529,0.073033266,0.03408935777842999,0.06242240928004666,False
1979-10-29 23:00:00,0.0,0.07853855,0.06996559,0.03275886771082878,0.06183651795455424,False
1979-10-30 00:00:00,0.0,0.07512699,0.066556916,0.03131593300402165,0.0613047476907557,False
1979-10-30 01:00:00,0.0,0.07284329,0.06461324,0.030368289180099962,0.060822948648903356,False
1979-10-30 02:00:00,0.0,0.06842402,0.061182667,0.02855232873558998,0.060364591567620474,False
1979-10-30 03:00:00,0.0,0.066256054,0.059489913,0.02766093914955854,0.059962703419692655,True
1979-10-30 04:00:00,0.0,0.06742806,0.06027514,0.028135811716318126,0.05960471049401148,True
1979-10-30 05:00:00,0.0,0.068773694,0.061488084,0.028697849772870543,0.05929771400739609,True
1979-10-30 06:00:00,1.9535386e-05,0.069376245,0.06220326,0.028970082321633527,0.05906144622557968,True
1979-10-30 07:00:00,0.0070962436,0.07202133,0.06403876,0.03412849562382325,0.05887106297690537,True
1979-10-30 08:00:00,0.035172887,0.074529834,0.06572828,0.05134559161961078,0.05871723527540413,True
1979-10-30 09:00:00,0.06992196,0.07574377,0.06681855,0.07190262621641158,0.05851737753474114,True
1979-10-30 10:00:00,0.10471903,0.06695781,0.05996821,0.08836859399825335,0.05845367155644693,True
1979-10-30 11:00:00,0.1184411,0.064277396,0.05737291,0.09515700928866863,0.05875674501792488,True
1979-10-30 12:00:00,0.1357499,0.06517616,0.056912605,0.10545097931474445,0.05935385030090459,True
1979-10-30 13:00:00,0.11641657,0.06389688,0.055415384,0.0937427422404289,0.06011929926758903,False
1979-10-30 14:00:00,0.088705435,0.06270362,0.05525023,0.07730418334901332,0.060992077508490755,False
1979-10-30 15:00:00,0.052474495,0.060483973,0.05392317,0.055508221074938774,0.06180895184121676,False
1979-10-30 16:00:00,0.013333506,0.061367895,0.054467782,0.033279446604661644,0.062426400022285895,False
1979-10-30 17:00:00,9.560238e-05,0.06651175,0.0585316,0.027758704857689737,0.06286101537705747,False
1979-10-30 18:00:00,0.0,0.0713539,0.06221222,0.02968904811143875,0.06326401943284952,False
1979-10-30 19:00:00,0.0,0.080040574,0.06865331,0.033242250457406045,0.06368198537444629,False
1979-10-30 20:00:00,0.0,0.08812501,0.07579002,0.0366107906922698,0.0640442066154436,False
1979-10-30 21:00:00,0.0,0.09321114,0.08085096,0.03876086124032736,0.06432480164095693,False
1979-10-30 22:00:00,0.0,0.09082704,0.07825196,0.03774078362435102,0.06452741952650182,False
1979-10-30 23:00:00,0.0,0.09536469,0.08152772,0.039592067286372185,0.0646088114049279,False
1979-10-31 00:00:00,0.0,0.100840956,0.086482495,0.04188036748766899,0.06467861651899226,False
1979-10-31 01:00:00,0.0,0.10462082,0.09161953,0.04355253779143095,0.06474781230501764,False
1979-10-31 02:00:00,0.0,0.11116615,0.09869821,0.04635001266002655,0.06479146249350094,False
1979-10-31 03:00:00,0.0,0.1137622,0.10228589,0.04750168991088868,0.06481373532665827,False
1979-10-31 04:00:00,0.0,0.11961854,0.10849543,0.04999799535423517,0.06480713853137501,False
1979-10-31 05:00:00,0.0,0.12608716,0.11507465,0.0527401927113533,0.0647717412527644,False
1979-10-31 06:00:00,1.7748964e-05,0.13192746,0.12057433,0.05520248802127753,0.06472533222371646,False
1979-10-31 07:00:00,0.010674418,0.13992232,0.12711744,0.06465481731388718,0.06468199907503636,False
1979-10-31 08:00:00,0.05633308,0.14781131,0.13291368,0.09422389861941337,0.06461427174377994,False
1979-10-31 09:00:00,0.114612125,0.15649699,0.13979346,0.13142743075639007,0.06447617308373836,False
1979-10-31 10:00:00,0.16306756,0.16218142,0.14236912,0.16162286195158956,0.064318409910866,False
1979-10-31 11:00:00,0.17549406,0.17165662,0.15115952,0.17276398098468781,0.06414245254093744,False
1979-10-31 12:00:00,0.18034072,0.17485458,0.15418671,0.17690401785075663,0.06411970782324014,False
1979-10-31 13:00:00,0.15060729,0.17420109,0.15481237,0.1595404736548662,0.06391967372966273,False
1979-10-31 14:00:00,0.10654357,0.16715541,0.14876218,0.13118914619088173,0.06392410581742687,False
1979-10-31 15:00:00,0.05693061,0.15605786,0.13844584,0.0979103887155652,0.0640035426953245,False
1979-10-31 16:00:00,0.012703245,0.15158942,0.13394211,0.07049914342630655,0.06405893649507588,False
1979-10-31 17:00:00,4.5813078e-05,0.15140155,0.13339756,0.06309707441196588,0.06410187298701107,False
1979-10-31 18:00:00,0.0,0.1488654,0.12982425,0.061941842794418334,0.06408472242250161,False
1979-10-31 19:00:00,0.0,0.13764198,0.11888413,0.057209634169936185,0.0639521662601927,False
1979-10-31 20:00:00,0.0,0.12362431,0.10594218,0.051338248193264005,0.0636983876041794,False
1979-10-31 21:00:00,0.0,0.109830156,0.09460577,0.04563603933155537,0.06335039393624343,False
1979-10-31 22:00:00,0.0,0.09113209,0.080896795,0.03799616794288158,0.0629549881084548,False
1979-10-31 23:00:00,0.0,0.086537234,0.07735692,0.036109513185918325,0.06258925999651715,False
1979-11-01 00:00:00,0.0,0.08311444,0.07348339,0.03463733073323965,0.06219654119524226,False
1979-11-01 01:00:00,0.0,0.07782056,0.069402054,0.032463498227298264,0.061747394385254534,False
1979-11-01 02:00:00,0.0,0.07095424,0.06369092,0.029621424727141854,0.06127702747142926,False
1979-11-01 03:00:00,0.0,0.065511286,0.05871534,0.02734429297596216,0.06072879199331679,False
1979-11-01 04:00:00,0.0,0.063347206,0.05669673,0.02643674234300852,0.0601239179111743,False
1979-11-01 05:00:00,0.0,0.06345983,0.05654703,0.026470216378569604,0.059443384954445594,True
1979-11-01 06:00:00,2.5211597e-05,0.06454706,0.05662367,0.026890091184988703,0.05869052601998725,True
1979-11-01 07:00:00,0.0059786923,0.06602988,0.056719515,0.03087758372351527,0.05789211005205661,True
1979-11-01 08:00:00,0.02907318,0.067419074,0.056740597,0.044716855937615034,0.05700652562386807,True
1979-11-01 09:00:00,0.060374774,0.0713095,0.058898963,0.0643299939185381,0.05603580297462162,True
1979-11-01 10:00:00,0.08441433,0.07554839,0.061818793,0.07992264024168252,0.0549828235911592,True
1979-11-01 11:00:00,0.104346685,0.08193342,0.06710731,0.09406526283919811,0.05395474003956172,True
1979-11-01 12:00:00,0.110153876,0.07812735,0.06410306,0.09584934282302855,0.05297129705604927,True
1979-11-01 13:00:00,0.1069469,0.077926144,0.06467359,0.09395548245310784,0.052163446316751495,True
1979-11-01 14:00:00,0.08451959,0.07819237,0.06474755,0.08111715348809959,0.051597431825419426,True
1979-11-01 15:00:00,0.04708224,0.07511225,0.060819417,0.05816712346300483,0.051210653410161074,True
1979-11-01 16:00:00,0.012216474,0.06859134,0.055209033,0.0353403982175514,0.050652499034015,True
1979-11-01 17:00:00,3.8379254e-05,0.065426014,0.05131729,0.026935477761235234,0.04985523759651681,True
1979-11-01 18:00:00,0.0,0.05672793,0.044328626,0.023326352320611476,0.0489692893845567,True
1979-11-01 19:00:00,0.0,0.05124619,0.039833914,0.021060874968767164,0.048047322233680405,True
1979-11-01 20:00:00,0.0,0.04854161,0.036948904,0.019907094631344078,0.04718666219805157,True
1979-11-01 21:00:00,0.0,0.048410032,0.035519995,0.019781381506472826,0.0463974727166423,True
1979-11-01 22:00:00,0.0,0.04942573,0.036069266,0.020185834251344206,0.0456648048387214,True
1979-11-01 23:00:00,0.0,0.050791606,0.037027076,0.020741564825177194,0.045061896214734526,True
1979-11-02 00:00:00,0.0,0.04969307,0.036751438,0.020321320608258246,0.0444763372812958,True
1979-11-02 01:00:00,0.0,0.05114013,0.038967002,0.02097492592781782,0.04395168500860012,True
1979-11-02 02:00:00,0.0,0.048961867,0.036440387,0.020034709710627794,0.043504408522167005,True
1979-11-02 03:00:00,0.0,0.045223486,0.03296792,0.018467733968049287,0.043142279299798185,True
1979-11-02 04:00:00,0.0,0.04244333,0.030941188,0.017332413431257007,0.04283201390831521,True
1979-11-02 05:00:00,0.0,0.040647715,0.029702906,0.016602963857352732,0.04253558958636852,True
1979-11-02 06:00:00,7.4626328e-06,0.04115052,0.031290244,0.01687852156060717,0.04226809925644914,True
1979-11-02 07:00:00,0.008079438,0.04252372,0.033216238,0.02214676476083696,0.04201102957415898,True
1979-11-02 08:00:00,0.049271584,0.046812065,0.035663996,0.04762921145558357,0.04181258318102957,True
1979-11-02 09:00:00,0.103934884,0.051075846,0.038277872,0.08088442035019397,0.04191636958764128,True
1979-11-02 10:00:00,0.15759288,0.05225076,0.038207963,0.11227485147491097,0.04233197638158879,True
1979-11-02 11:00:00,0.18253317,0.04955622,0.036126483,0.1255587177760899,0.042944602084493945,True
1979-11-02 12:00:00,0.20335875,0.050888717,0.037245266,0.13812718236446378,0.04365239905456584,True
1979-11-02 13:00:00,0.19068131,0.054656766,0.040376227,0.13237177807092665,0.0442677456890159,True
1979-11-02 14:00:00,0.15453771,0.05735716,0.04242099,0.11262378225848077,0.04480262960756701,True
1979-11-02 15:00:00,0.086297594,0.05213799,0.03863609,0.0711189786605537,0.045131174342699414,True
1979-11-02 16:00:00,0.019271053,0.051533066,0.03880547,0.032230594426393505,0.04540734424014458,True
1979-11-02 17:00:00,4.177922e-05,0.04997617,0.03900457,0.020571560237880475,0.04561240325240689,True
1979-11-02 18:00:00,0.0,0.043302666,0.031643253,0.017687419552356004,0.045933155278457594,True
1979-11-02 19:00:00,0.0,0.038930647,0.028380439,0.01589795245975256,0.04645908868663598,True
1979-11-02 20:00:00,0.0,0.032953657,0.024023214,0.01345715308561921,0.04717374173716296,True
1979-11-02 21:00:00,0.0,0.025633821,0.018687058,0.01046798119135201,0.04802110260726538,True
1979-11-02 22:00:00,0.0,0.022177542,0.016167428,0.009056553991511465,0.04895839641454283,True
1979-11-02 23:00:00,0.0,0.019596843,0.014286098,0.008002684380859137,0.05004509424489576,True
1979-11-03 00:00:00,0.0,0.02314153,0.01694069,0.009454021643847227,0.05115484238580454,True
1979-11-03 01:00:00,0.0,0.026870353,0.019982714,0.010994226878508925,0.05233934180882413,True
1979-11-03 02:00:00,0.0,0.029711146,0.023626097,0.012239222053438425,0.05360918181507502,True
1979-11-03 03:00:00,0.0,0.030108163,0.024845222,0.012451554184779525,0.0549905797760154,True
1979-11-03 04:00:00,0.0,0.02963532,0.023573,0.012208374889567494,0.05648965647515495,True
1979-11-03 05:00:00,0.0,0.033188034,0.025635112,0.013630680542439223,0.05807595670736981,True
1979-11-03 06:00:00,6.915181e-06,0.035615183,0.026013957,0.014550746435061228,0.059732724131100146,True
1979-11-03 07:00:00,0.008088658,0.04085796,0.02978545,0.021352156853303314,0.06146936132619273,False
1979-11-03 08:00:00,0.048490778,0.053156327,0.038976666,0.049698603454977265,0.0633296445694492,False
1979-11-03 09:00:00,0.096641615,0.06937113,0.05405486,0.08427912002801893,0.0652440467913996,False
1979-11-03 10:00:00,0.13449344,0.07663865,0.06382034,0.10932867398113012,0.06715789051286139,False
1979-11-03 11:00:00,0.1650449,0.07911384,0.06695557,0.1280395174026489,0.06857464790548082,False
1979-11-03 12:00:00,0.16067204,0.078635365,0.06781047,0.12538598127663136,0.07008250040260337,False
1979-11-03 13:00:00,0.14950289,0.08019617,0.06989549,0.11962991054356098,0.0712913758246589,False
1979-11-03 14:00:00,0.10969494,0.080714345,0.07055047,0.09688730077445507,0.07246721820170565,False
1979-11-03 15:00:00,0.065422915,0.0806826,0.07226626,0.07142327854037285,0.0736325751423731,False
1979-11-03 16:00:00,0.014675628,0.08801652,0.07846849,0.04518323080614209,0.07514558212158466,False
1979-11-03 17:00:00,2.593193e-05,0.10159142,0.08943291,0.042331575011668975,0.07690556522590847,False
1979-11-03 18:00:00,0.0,0.11667802,0.102166034,0.04857115591317415,0.07883393674630222,False
1979-11-03 19:00:00,0.0,0.13281938,0.11766423,0.05536422139406204,0.08091248890880977,False
1979-11-03 20:00:00,0.0,0.14506586,0.1305762,0.06058041639626026,0.08311032904761394,False
1979-11-03 21:00:00,0.0,0.1551018,0.13960959,0.06477148425579071,0.08536672631099372,False
1979-11-03 22:00:00,0.0,0.17338254,0.15498471,0.07234733010828495,0.087605402853992,False
1979-11-03 23:00:00,0.0,0.17736584,0.15854594,0.07400947558879853,0.08973237082299328,False
1979-11-04 00:00:00,0.0,0.18498096,0.16517258,0.07717729291319847,0.09187503432303218,False
1979-11-04 01:00:00,0.0,0.19638433,0.17521167,0.08192724622786045,0.09385860487243643,False
1979-11-04 02:00:00,0.0,0.20707738,0.18389365,0.08634181183576584,0.0956604081976229,False
1979-11-04 03:00:00,0.0,0.21699266,0.19172451,0.0904234155267477,0.09723576657469402,False
1979-11-04 04:00:00,0.0,0.22444883,0.1972816,0.09347482457756996,0.09868841592299303,False
1979-11-04 05:00:00,0.0,0.23093018,0.20212156,0.09612780019640922,0.10007059205458517,False
1979-11-04 06:00:00,3.63047e-06,0.24095938,0.20964819,0.10023710692505118,0.10126986050903813,False
1979-11-04 07:00:00,0.010851244,0.2530207,0.21878801,0.11144036043714732,0.10233208022989086,False
1979-11-04 08:00:00,0.051963523,0.26371348,0.22643133,0.13952051810920238,0.10324547371427088,False
1979-11-04 09:00:00,0.10022491,0.2769516,0.23562963,0.17274891898036004,0.10427413878345111,False
1979-11-04 10:00:00,0.13520831,0.24654503,0.20905362,0.18027920632064343,0.10534934862039232,False
1979-11-04 11:00:00,0.1556968,0.2611692,0.21716952,0.19793563763797284,0.10633447341624518,False
1979-11-04 12:00:00,0.1508537,0.26407453,0.21605775,0.19615320262312888,0.10778717077713329,False
1979-11-04 13:00:00,0.14031178,0.26126447,0.21195789,0.18881221216917038,0.1094506072669339,False
1979-11-04 14:00:00,0.09751454,0.27242854,0.21794248,0.16856091541051865,0.11102806464865672,False
1979-11-04 15:00:00,0.053073667,0.27444392,0.21944444,0.1437433136627078,0.11244392302077132,False
1979-11-04 16:00:00,0.010087579,0.2688602,0.21629333,0.11670978343393652,0.11345222442849096,False
1979-11-04 17:00:00,1.2043941e-05,0.27424535,0.22092424,0.11313339321678086,0.1140025750321773,False
1979-11-04 18:00:00,0.0,0.28455332,0.23069905,0.11745792335271836,0.114450844584615,False
1979-11-04 19:00:00,0.0,0.2940109,0.23896767,0.1213942791223526,0.11490867971081754,False
1979-11-04 20:00:00,0.0,0.2951473,0.23805311,0.12176422172784805,0.11534361325495412,False
1979-11-04 21:00:00,0.0,0.2860241,0.22928824,0.11792445525527,0.11571768697642258,False
1979-11-04 22:00:00,0.0,0.2695418,0.21648319,0.11115101650357247,0.11605965001240841,False
1979-11-04 23:00:00,0.0,0.26861265,0.21726784,0.11085053238272667,0.11647996513743421,False
1979-11-05 00:00:00,0.0,0.25372908,0.20443295,0.10466540801525115,0.11688002429821065,False
1979-11-05 01:00:00,0.0,0.23644464,0.18949473,0.09748078648746014,0.1173291940187337,False
1979-11-05 02:00:00,0.0,0.21377301,0.16618857,0.08785642415285111,0.11773770384222737,False
1979-11-05 03:00:00,0.0,0.20014949,0.15414001,0.08217872290313244,0.11812176941812506,False
1979-11-05 04:00:00,0.0,0.19152975,0.14589539,0.07855282920598983,0.11848963159334382,False
1979-11-05 05:00:00,0.0,0.17423639,0.1278211,0.0711955663561821,0.11889053793263159,False
1979-11-05 06:00:00,1.6135422e-06,0.16032335,0.11809343,0.0655372930359921,0.11940098992374261,False
1979-11-05 07:00:00,0.004903901,0.15271486,0.111364976,0.06519504410354421,0.11998680536520841,False
1979-11-05 08:00:00,0.039995883,0.1860155,0.13624412,0.09907452677562832,0.12059628959339752,False
1979-11-05 09:00:00,0.09503182,0.19833528,0.14574288,0.13588919220119716,0.12122602331225159,False
1979-11-05 10:00:00,0.14944594,0.17194027,0.1284889,0.15661466418206688,0.12196081344013122,False
1979-11-05 11:00:00,0.19664897,0.20581426,0.15476063,0.19776899072527884,0.12297786869425037,False
1979-11-05 12:00:00,0.20643619,0.2101893,0.1584704,0.20523093278706073,0.12368672978232015,False
1979-11-05 13:00:00,0.18611126,0.21425189,0.16486523,0.19534786486625672,0.124646065784367,False
1979-11-05 14:00:00,0.13650112,0.20936854,0.16352528,0.1648485026359558,0.1260094616502184,False
1979-11-05 15:00:00,0.07513203,0.18556525,0.1480924,0.11982174611091613,0.1277326670468135,False
1979-11-05 16:00:00,0.014414405,0.15327068,0.12455682,0.07160005978308619,0.129365565576805,False
1979-11-05 17:00:00,7.43382e-06,0.15462577,0.125691,0.06384851352867872,0.13078183605190233,False
1979-11-05 18:00:00,0.0,0.17083038,0.13908945,0.07054724197089672,0.1320805457132209,False
1979-11-05 19:00:00,0.0,0.18439715,0.15182379,0.07624103151261806,0.1331423877654869,False
1979-11-05 20:00:00,0.0,0.18981014,0.15733357,0.0785359550267458,0.1339848139332879,False
1979-11-05 21:00:00,0.0,0.19628438,0.16216245,0.08118570998311044,0.1346242503719676,False
1979-11-05 22:00:00,0.0,0.22366288,0.18501578,0.09252245610952378,0.13518450027241294,False
1979-11-05 23:00:00,0.0,0.22492681,0.18915409,0.09321231530606747,0.13558354004568343,False
1979-11-06 00:00:00,0.0,0.23816974,0.20097785,0.09873743949830532,0.13574122714719658,False
1979-11-06 01:00:00,0.0,0.24481043,0.20741978,0.1015357177555561,0.13583473040073102,False
1979-11-06 02:00:00,0.0,0.2525825,0.21433371,0.10477695947885513,0.13587727735753094,False
1979-11-06 03:00:00,0.0,0.2607314,0.21983173,0.10808079993724823,0.13588382050304598,False
1979-11-06 04:00:00,0.0,0.2720637,0.2282745,0.11271832886338234,0.13590054384714848,False
1979-11-06 05:00:00,0.0,0.29120502,0.24397859,0.12062949576973914,0.1359303402332861,False
1979-11-06 06:00:00,5.474518e-07,0.31007713,0.2581013,0.12835624811540913,0.13602975253018476,False
1979-11-06 07:00:00,0.008828093,0.32785973,0.2707695,0.14069560339022427,0.13617661714116477,False
1979-11-06 08:00:00,0.045829754,0.3466118,0.28526324,0.1697477366141975,0.1363580133149922,False
1979-11-06 09:00:00,0.08594734,0.38264784,0.3190773,0.20801884511858224,0.13649999635389323,False
1979-11-06 10:00:00,0.11091441,0.39907876,0.33037376,0.22909785851836204,0.13722180069162448,False
1979-11-06 11:00:00,0.11086929,0.4060248,0.33641174,0.2319609698653221,0.13824801919254412,False
1979-11-06 12:00:00,0.11754891,0.42141917,0.34948024,0.2422013307213783,0.13879914226307472,False
1979-11-06 13:00:00,0.109196,0.46187913,0.38547632,0.2542552137300372,0.13905443406898776,False
1979-11-06 14:00:00,0.088871285,0.4826871,0.40526867,0.25127477444708346,0.13887108529594044,False
1979-11-06 15:00:00,0.052064978,0.46447843,0.3831187,0.22212244310230017,0.13843479755755764,False
1979-11-06 16:00:00,0.008776748,0.4351499,0.35289383,0.18469076623860747,0.1378317389407717,False
1979-11-06 17:00:00,2.8813255e-07,0.4251014,0.34460878,0.175471456960072,0.13742705557571197,False
1979-11-06 18:00:00,0.0,0.40789053,0.3317544,0.16842634186148644,0.13699853848553437,False
1979-11-06 19:00:00,0.0,0.3922136,0.3167391,0.1618307351768017,0.13648490831562493,False
1979-11-06 20:00:00,0.0,0.3689875,0.30186635,0.1524571707844734,0.13605305667434994,False
1979-11-06 21:00:00,0.0,0.35004956,0.28978083,0.14481645047664643,0.13581323050082836,False
1979-11-06 22:00:00,0.0,0.31465364,0.262921,0.13030492562055587,0.135832079422932,False
1979-11-06 23:00:00,0.0,0.28591228,0.23922007,0.11841951325535774,0.13598714473218831,False
1979-11-07 00:00:00,0.0,0.26340914,0.22139986,0.1091535641849041,0.1366512761491275,False
1979-11-07 01:00:00,0.0,0.23994842,0.20337172,0.0995230404138565,0.13766139113278303,False
1979-11-07 02:00:00,0.0,0.21228342,0.1821836,0.08817049513757227,0.13911103853144857,False
1979-11-07 03:00:00,0.0,0.19958763,0.1728446,0.08298144342005252,0.14106658568167302,False
1979-11-07 04:00:00,0.0,0.19225854,0.16740103,0.07998305574059486,0.14328814662181946,False
1979-11-07 05:00:00,0.0,0.18245097,0.16005464,0.07596735660731792,0.14551630581290637,False
1979-11-07 06:00:00,8.643977e-08,0.17422932,0.15363193,0.0725867943630324,0.14732174765625214,False
1979-11-07 07:00:00,0.007672278,0.16663265,0.1479205,0.07390206044726073,0.14858666887989527,False
1979-11-07 08:00:00,0.059254687,0.172059,0.1520368,0.10588971264287828,0.14923876865714117,False
1979-11-07 09:00:00,0.13233362,0.22704193,0.19260794,0.17053580041229727,0.1494830553358726,False
1979-11-07 10:00:00,0.19381616,0.22650555,0.19371636,0.20587315222620964,0.14944187921527724,False
1979-11-07 11:00:00,0.2256901,0.22638352,0.19378135,0.22422289811074733,0.14957495700747966,False
1979-11-07 12:00:00,0.22222507,0.21520092,0.18244326,0.21748493947088718,0.14993754092535574,False
1979-11-07 13:00:00,0.18694314,0.19018203,0.15747705,0.18654712375998495,0.14985305292059928,False
1979-11-07 14:00:00,0.1361472,0.15819517,0.12918036,0.1439066911935806,0.14862316462127442,False
1979-11-07 15:00:00,0.06613947,0.12749192,0.10496187,0.09087493250519035,0.1464419217601103,False
1979-11-07 16:00:00,0.009866696,0.11238089,0.09284492,0.052175258260220285,0.1437462614146988,False
1979-11-07 17:00:00,6.3389155e-07,0.10454876,0.0870525,0.04327969320015393,0.14101709857580672,False
1979-11-07 18:00:00,0.0,0.11101588,0.09126175,0.04589299381524325,0.13837562218595,False
1979-11-07 19:00:00,0.0,0.13471663,0.10743919,0.05551215273141861,0.13598167972925754,False
1979-11-07 20:00:00,0.0,0.16278836,0.12880358,0.06702429869771004,0.13381513360336128,False
1979-11-07 21:00:00,0.0,0.19908068,0.15980905,0.08209045824408531,0.13193597689184997,False
1979-11-07 22:00:00,0.0,0.2420961,0.19689132,0.0999655909538269,0.13036939295295333,False
1979-11-07 23:00:00,0.0,0.3027915,0.24741773,0.12509062331914902,0.12954965322751258,False
1979-11-08 00:00:00,0.0,0.35626456,0.29187658,0.1472229587137699,0.12907466891601385,False
1979-11-08 01:00:00,0.0,0.41344917,0.34363055,0.1711187928915024,0.1288708490543783,False
1979-11-08 02:00:00,0.0,0.47939515,0.40271133,0.19864322268962858,0.1289711935166985,False
1979-11-08 03:00:00,0.0,0.5181453,0.43555743,0.21471572506427766,0.1293321477687702,False
1979-11-08 04:00:00,0.0,0.53050107,0.44287178,0.21966997003555297,0.12976427571110133,False
1979-11-08 05:00:00,0.0,0.500279,0.4201435,0.2072907042503357,0.130091962292862,False
1979-11-08 06:00:00,0.0,0.45564467,0.3877701,0.18907246685028076,0.13033316549572802,False
1979-11-08 07:00:00,0.004370452,0.4090816,0.3430283,0.1719963926980272,0.13042991352395647,False
1979-11-08 08:00:00,0.044673454,0.37558457,0.3167816,0.1814734971933067,0.13030245229210924,False
1979-11-08 09:00:00,0.1027973,0.35449547,0.29480597,0.2060423913300037,0.12992160441700276,False
1979-11-08 10:00:00,0.16613722,0.33835477,0.27354646,0.23548559254407883,0.1291062109183697,False
1979-11-08 11:00:00,0.19958726,0.32488176,0.26521817,0.2493649979233742,0.128261930272808,False
1979-11-08 12:00:00,0.20925944,0.28362167,0.23605216,0.23814590649306772,0.12747936540800367,False
1979-11-08 13:00:00,0.17366898,0.2288568,0.19565581,0.19522057536244392,0.12672316846209797,False
1979-11-08 14:00:00,0.12729843,0.17560284,0.154194,0.14657511711120602,0.12620175996908825,False
1979-11-08 15:00:00,0.062211677,0.13659534,0.11909127,0.09273074652254581,0.12585092533679587,False
1979-11-08 16:00:00,0.0084802015,0.11739211,0.101484925,0.05369094997178764,0.1257044761102203,False
1979-11-08 17:00:00,4.033856e-07,0.117420144,0.099117115,0.04868059024695063,0.1256424518602534,False
1979-11-08 18:00:00,0.0,0.1291833,0.10830488,0.053517103940248494,0.1256568398665204,False
1979-11-08 19:00:00,0.0,0.13992807,0.114871524,0.057836521133780475,0.12561796443895767,False
1979-11-08 20:00:00,0.0,0.15069245,0.12318769,0.06225764863193035,0.12538893845943133,False
1979-11-08 21:00:00,0.0,0.16841537,0.13842872,0.06962042140960693,0.12489630151340136,False
1979-11-08 22:00:00,0.0,0.21976641,0.18265952,0.09095741879940032,0.12404754512277762,False
1979-11-08 23:00:00,0.0,0.23106323,0.19181359,0.09562026630342006,0.1228074947021469,False
1979-11-09 00:00:00,0.0,0.24032885,0.19794196,0.09937021082639694,0.12090736386631945,False
1979-11-09 01:00:00,0.0,0.2518666,0.21112585,0.10433957460522651,0.1184779866988338,False
1979-11-09 02:00:00,0.0,0.25506744,0.21067435,0.10549629923701287,0.11549530552686522,False
1979-11-09 03:00:00,0.0,0.25154257,0.2019329,0.10372358465194702,0.11188400713433842,False
1979-11-09 04:00:00,0.0,0.23263016,0.18280521,0.09571201166510582,0.10788467486561605,False
1979-11-09 05:00:00,0.0,0.21336946,0.16318111,0.08754511034488678,0.10376407878389911,False
1979-11-09 06:00:00,0.0,0.18867394,0.1409262,0.07723069971799851,0.09991408388186575,False
1979-11-09 07:00:00,0.004281851,0.15975411,0.11785233,0.06778392131859437,0.09646217219145366,False
1979-11-09 08:00:00,0.03783215,0.16076708,0.11957061,0.08760901463776827,0.09345151495036107,False
1979-11-09 09:00:00,0.09276194,0.19026785,0.14193402,0.13139691247791052,0.09074878366108109,False
1979-11-09 10:00:00,0.14473046,0.19941577,0.15284784,0.1653476812392473,0.08843062243178855,False
1979-11-09 11:00:00,0.18015476,0.20140666,0.15539692,0.18665978460013866,0.08619178031294665,False
1979-11-09 12:00:00,0.19375686,0.16889507,0.13087957,0.18118748606741428,0.08403152311130485,False
1979-11-09 13:00:00,0.16875283,0.15613155,0.12104794,0.16151951609551907,0.08215921247737851,False
1979-11-09 14:00:00,0.12616777,0.13189624,0.1036687,0.1270666288435459,0.08107838952683902,False
1979-11-09 15:00:00,0.06481259,0.11272684,0.089857414,0.0838453696295619,0.08043407582416878,False
1979-11-09 16:00:00,0.009908302,0.10531774,0.085532546,0.04919809426181018,0.0801952534201064,False
1979-11-09 17:00:00,1.7287954e-07,0.106068715,0.0894604,0.043970317500969996,0.08004482488942391,False
1979-11-09 18:00:00,0.0,0.10600047,0.09097779,0.04402697329223156,0.079828730212453,False
1979-11-09 19:00:00,0.0,0.10705218,0.09290097,0.04451890571415425,0.07946306045113428,False
1979-11-09 20:00:00,0.0,0.1043829,0.09000804,0.043377725288271905,0.07898971917007415,False
1979-11-09 21:00:00,0.0,0.099585816,0.08524047,0.04135015149414539,0.07839660778494849,False
1979-11-09 22:00:00,0.0,0.097369455,0.083589666,0.040443170763552194,0.07765671006955503,False
1979-11-09 23:00:00,0.0,0.08163085,0.06967704,0.03388434319943189,0.07668850791959388,False
1979-11-10 00:00:00,0.0,0.073751315,0.062937394,0.030612854674458505,0.075631073025915,False
1979-11-10 01:00:00,0.0,0.06744477,0.056721777,0.027950096637010577,0.07450200458841694,False
1979-11-10 02:00:00,0.0,0.061276868,0.049809918,0.02530089984834194,0.07329245185239536,False
1979-11-10 03:00:00,0.0,0.05519913,0.04406105,0.022747776165604593,0.07208531359063756,False
1979-11-10 04:00:00,0.0,0.053107824,0.04230687,0.021881358113139866,0.07095055329466533,False
1979-11-10 05:00:00,0.0,0.05457382,0.043577958,0.02249094895273447,0.07003857596909922,False
1979-11-10 06:00:00,0.0,0.056720104,0.045388654,0.023380705710500476,0.06933613544369412,False
1979-11-10 07:00:00,0.0046900488,0.059975933,0.04902903,0.027484845125582066,0.06891054600330365,False
1979-11-10 08:00:00,0.03943408,0.07013668,0.057564747,0.05174239530786872,0.06883844497516232,False
1979-11-10 09:00:00,0.09818655,0.09230693,0.07510658,0.09477065232396126,0.06913071746491307,False
1979-11-10 10:00:00,0.14682494,0.10462205,0.08699339,0.1280211708396673,0.06958926645856142,False
1979-11-10 11:00:00,0.17554282,0.10715449,0.08971187,0.14567265224456788,0.07065438990050098,False
1979-11-10 12:00:00,0.17499906,0.11425645,0.095183514,0.14827499606460334,0.07179825057558507,False
1979-11-10 13:00:00,0.16509113,0.11600478,0.09773573,0.14334107373654842,0.07301516402671526,False
1979-11-10 14:00:00,0.11706543,0.11590873,0.098721966,0.1156480593830347,0.07398186095031391,False
1979-11-10 15:00:00,0.062451344,0.10907701,0.092285745,0.08126727112755179,0.074601186133025,False
1979-11-10 16:00:00,0.009666904,0.09903751,0.080513604,0.046470380499027665,0.07502233443536897,False
1979-11-10 17:00:00,0.0,0.093205996,0.07250062,0.03830804575234652,0.07538982590370992,False
1979-11-10 18:00:00,0.0,0.08767191,0.066926286,0.03596495539695024,0.075762626543165,False
1979-11-10 19:00:00,0.0,0.085490875,0.06611124,0.03511613964289427,0.07615561852184012,False
1979-11-10 20:00:00,0.0,0.08218362,0.06412122,0.03378830214589834,0.07656912203178629,False
1979-11-10 21:00:00,0.0,0.08292133,0.06495109,0.03410533107072115,0.07704247544844522,False
1979-11-10 22:00:00,0.0,0.10685291,0.09361095,0.04448371560126543,0.07763447842047437,False
1979-11-10 23:00:00,0.0,0.1074825,0.09633979,0.044863391406834124,0.07848064330126046,False
1979-11-11 00:00:00,0.0,0.108216085,0.09709612,0.04517492582648992,0.07950742900603339,False
1979-11-11 01:00:00,0.0,0.1106911,0.10066717,0.04628104327619076,0.08068759788525179,False
1979-11-11 02:00:00,0.0,0.11356519,0.10459457,0.04755366267263889,0.08202094723516032,False
1979-11-11 03:00:00,0.0,0.117648154,0.10820225,0.04925509044528007,0.08352751042180583,False
1979-11-11 04:00:00,0.0,0.124181926,0.11322165,0.05193710003793239,0.08520226628565118,False
1979-11-11 05:00:00,0.0,0.12896691,0.115540266,0.05382796512544155,0.08696633532386161,False
1979-11-11 06:00:00,0.0,0.1360119,0.12248178,0.05680240657925606,0.08879559504775218,False
1979-11-11 07:00:00,0.0054540895,0.14639373,0.13253288,0.0643230719678104,0.09074954449617191,False
1979-11-11 08:00:00,0.06057215,0.15956984,0.14456834,0.10163809414580464,0.0929360378112753,False
1979-11-11 09:00:00,0.14991306,0.1599424,0.14608672,0.15340726417303083,0.0954703504411147,False
1979-11-11 10:00:00,0.21383464,0.22380842,0.19455017,0.21647360645234584,0.09800686432783962,False
1979-11-11 11:00:00,0.25102925,0.23250598,0.20234282,0.24156509700417517,0.10049174239259373,False
1979-11-11 12:00:00,0.24710259,0.23327498,0.20264204,0.23959933172166348,0.10288408599225342,False
1979-11-11 13:00:00,0.2096521,0.20880617,0.18337466,0.2079209684282541,0.10494131059546803,False
1979-11-11 14:00:00,0.14073996,0.18107872,0.1623932,0.15679423761367797,0.10634297458895331,False
1979-11-11 15:00:00,0.0667742,0.15653059,0.14392573,0.10406048814207315,0.10748570823954577,False
1979-11-11 16:00:00,0.008653945,0.14756118,0.13693118,0.06683768474217504,0.10831521273332495,False
1979-11-11 17:00:00,0.0,0.14766617,0.13659132,0.061864748194813725,0.10920320609326321,False
1979-11-11 18:00:00,0.0,0.15023325,0.13804662,0.06289058826863765,0.11007293341190401,False
1979-11-11 19:00:00,0.0,0.15387204,0.1405239,0.06436707419157028,0.11084907868712056,False
1979-11-11 20:00:00,0.0,0.15817875,0.1431617,0.06609868928790093,0.11149315730457039,False
1979-11-11 21:00:00,0.0,0.1671235,0.14995785,0.06976629415154456,0.11200247620905596,False
1979-11-11 22:00:00,0.0,0.19456473,0.17156851,0.08105908504128456,0.11233488143489541,False
1979-11-11 23:00:00,0.0,0.19969341,0.1756146,0.08317005702853203,0.11218563294990765,False
1979-11-12 00:00:00,0.0,0.20970544,0.18295653,0.08726096087694168,0.11198175809460538,False
1979-11-12 01:00:00,0.0,0.22125633,0.19087555,0.09195086543262006,0.11174618613787773,False
1979-11-12 02:00:00,0.0,0.2349122,0.20246908,0.09761593280732632,0.1114810469632301,False
1979-11-12 03:00:00,0.0,0.2480718,0.21476966,0.10313605763018131,0.11117377867244961,False
1979-11-12 04:00:00,0.0,0.25624526,0.22226246,0.10655667194724082,0.11080786017396334,False
1979-11-12 05:00:00,0.0,0.26540044,0.22893803,0.11029541569948195,0.11034319355080684,False
1979-11-12 06:00:00,0.0,0.2820853,0.2422371,0.11717027923464776,0.10980638025070388,False
1979-11-12 07:00:00,0.008066126,0.30762175,0.26425824,0.1324365242505446,0.10917672292676601,False
1979-11-12 08:00:00,0.069279745,0.3215101,0.2736622,0.1733894015401602,0.108420180223052,False
1979-11-12 09:00:00,0.14506412,0.32044297,0.2699605,0.21652331888675688,0.10736295923305854,False
1979-11-12 10:00:00,0.20033178,0.31825915,0.26418993,0.24729531794786452,0.10598284672738541,False
1979-11-12 11:00:00,0.22356372,0.3179342,0.26279938,0.2605051450282335,0.10403117047989918,False
1979-11-12 12:00:00,0.20958553,0.3046692,0.25311092,0.24702177701890465,0.10196707644851434,False
1979-11-12 13:00:00,0.16923425,0.2727965,0.22797912,0.21062094542384147,0.09991747771182585,False
1979-11-12 14:00:00,0.108716756,0.26010954,0.21832009,0.17049927461147307,0.09820643363810011,False
1979-11-12 15:00:00,0.045184452,0.22900794,0.19459493,0.12108348682895302,0.0969246270475989,False
1979-11-12 16:00:00,0.004368781,0.2088932,0.17577197,0.08909406177606434,0.09602005960654954,False
1979-11-12 17:00:00,0.0,0.1936044,0.15953584,0.08005495704710483,0.09530989068515115,False
1979-11-12 18:00:00,0.0,0.17724432,0.14475508,0.07321992860734462,0.09459317269131057,False
1979-11-12 19:00:00,0.0,0.1597121,0.13144715,0.06603191328048706,0.09382900742442794,False
1979-11-12 20:00:00,0.0,0.14103477,0.11469964,0.05823560956120491,0.09302121056640968,False
1979-11-12 21:00:00,0.0,0.12127526,0.09833723,0.05006078191101551,0.09214616607852727,False
1979-11-12 22:00:00,0.0,0.09027788,0.07420834,0.03731978832185268,0.09116212563241348,False
1979-11-12 23:00:00,0.0,0.084769495,0.07032324,0.035077398352324964,0.08993558200962358,False
1979-11-13 00:00:00,0.0,0.0819359,0.067280106,0.03386747190356255,0.08864173510462493,False
1979-11-13 01:00:00,0.0,0.08137736,0.06529848,0.03355436289310455,0.08724708958134503,False
1979-11-13 02:00:00,0.0,0.07960029,0.0635607,0.03280478471517563,0.08578195231246279,False
1979-11-13 03:00:00,0.0,0.07697683,0.06086209,0.03169100251793861,0.08424115781883225,False
1979-11-13 04:00:00,0.0,0.07208462,0.05618291,0.029633102126419543,0.08263318287140206,False
1979-11-13 05:00:00,0.0,0.068425,0.05207596,0.028060926720499993,0.08095497047413588,False
1979-11-13 06:00:00,0.0,0.06495655,0.04833124,0.02657885503023863,0.07919685340231732,False
1979-11-13 07:00:00,0.0034409075,0.06351371,0.047908504,0.02800902218953706,0.07730971524702833,False
1979-11-13 08:00:00,0.03821649,0.070265144,0.05393951,0.05089148662611842,0.07518370708330788,False
1979-11-13 09:00:00,0.0936994,0.080449775,0.06317299,0.08716186390072107,0.07274209843735464,False
1979-11-13 10:00:00,0.1470406,0.09236034,0.07166207,0.12279314657300709,0.07015053095765976,False
1979-11-13 11:00:00,0.17995721,0.094225846,0.07192473,0.14248858349770308,0.06775404061350293,False
1979-11-13 12:00:00,0.18042193,0.0904631,0.06915282,0.1412185923606157,0.06548888368117255,False
1979-11-13 13:00:00,0.15846881,0.08356476,0.06516578,0.12579085288941858,0.06372986872234634,False
1979-11-13 14:00:00,0.10871944,0.078937404,0.06312043,0.09526752126961946,0.062264870323749305,False
1979-11-13 15:00:00,0.052223478,0.073951386,0.05963413,0.060641250971704724,0.06099922106869462,False
1979-11-13 16:00:00,0.005690618,0.07127448,0.05862604,0.03274957651505246,0.060108857520277975,False
1979-11-13 17:00:00,0.0,0.0661619,0.056454502,0.027462284490466116,0.0594806763564646,True
1979-11-13 18:00:00,0.0,0.06308743,0.054285046,0.026210655458271503,0.059046897805057445,True
1979-11-13 19:00:00,0.0,0.06166671,0.05255203,0.025592825006693604,0.05876926744891701,True
1979-11-13 20:00:00,0.0,0.058118217,0.04909133,0.02409655386954546,0.05861104799596963,True
1979-11-13 21:00:00,0.0,0.05429455,0.04625304,0.02253235273808241,0.058562569828465555,True
1979-11-13 22:00:00,0.0,0.05351496,0.0451476,0.022184991147369146,0.058601757421851135,True
1979-11-13 23:00:00,0.0,0.05078018,0.0431022,0.02106540558859706,0.05878016694611308,True
1979-11-14 00:00:00,0.0,0.049033545,0.041196253,0.020317975759506224,0.05893251839768512,True
1979-11-14 01:00:00,0.0,0.052600652,0.041011777,0.021624276526272294,0.05906090340925751,True
1979-11-14 02:00:00,0.0,0.05776295,0.043393858,0.02365779711306095,0.059169039762806123,True
1979-11-14 03:00:00,0.0,0.06316806,0.048967544,0.025953260153532026,0.05927460374100504,True
1979-11-14 04:00:00,0.0,0.06330251,0.0489602,0.02600247687846422,0.05938390526850146,True
1979-11-14 05:00:00,0.0,0.06322303,0.047712952,0.02590579625219107,0.05950538266845417,True
1979-11-14 06:00:00,0.0,0.06493284,0.04865612,0.026587647780776023,0.05962269359477234,True
1979-11-14 07:00:00,0.004021062,0.06853034,0.05148672,0.03038813239196315,0.05971009377785397,True
1979-11-14 08:00:00,0.043628484,0.075168446,0.06076657,0.056192186534404755,0.059775413436547596,True
1979-11-14 09:00:00,0.102226235,0.079825796,0.06829303,0.0921280798614025,0.059751929476744854,True
1979-11-14 10:00:00,0.15864147,0.09823668,0.082931794,0.13226378142833708,0.05957286541354475,True
1979-11-14 11:00:00,0.18344861,0.110834934,0.09314208,0.15177761227637526,0.0593053919636142,True
1979-11-14 12:00:00,0.19369924,0.122747794,0.10241965,0.1625890589952469,0.05863035180796502,True
1979-11-14 13:00:00,0.15340212,0.12505732,0.104478635,0.14030102229118346,0.05787743953899113,True
1979-11-14 14:00:00,0.102687925,0.12181853,0.10270631,0.10974811036884784,0.05711834706572139,True
1979-11-14 15:00:00,0.045780864,0.12515993,0.10641597,0.0783460365049541,0.05657078062886937,True
1979-11-14 16:00:00,0.0046365713,0.13529633,0.11743923,0.058941365913022306,0.05624443781356892,True
1979-11-14 17:00:00,0.0,0.14211372,0.12580788,0.05923358657956123,0.05619814237937606,True
1979-11-14 18:00:00,0.0,0.14338008,0.12937821,0.05989367151260376,0.056228523489872874,True
1979-11-14 19:00:00,0.0,0.13989156,0.126248,0.05843737953901291,0.0562832229713378,True
1979-11-14 20:00:00,0.0,0.13400035,0.11967648,0.055908657521009444,0.05638055269987597,True
1979-11-14 21:00:00,0.0,0.12468493,0.109871246,0.05194178639352322,0.05657295696259751,True
1979-11-14 22:00:00,0.0,0.11025719,0.09626928,0.04588344548642635,0.05681366404201179,True
1979-11-14 23:00:00,0.0,0.10196003,0.08827807,0.04239026802778244,0.056974149199522046,True
1979-11-15 00:00:00,0.0,0.09620889,0.08386798,0.04002995245903731,0.05719743346710964,True
1979-11-15 01:00:00,0.0,0.09323328,0.080404215,0.03874490786343813,0.057432795033876737,True
1979-11-15 02:00:00,0.0,0.09108483,0.07891765,0.03787185566872358,0.05761304730697809,True
1979-11-15 03:00:00,0.0,0.08877798,0.07737779,0.036937475837767124,0.05770750534449978,True
1979-11-15 04:00:00,0.0,0.08543152,0.07295898,0.03546401732414961,0.057717658456967164,True
1979-11-15 05:00:00,0.0,0.08120163,0.06904538,0.03369185118377209,0.05771214611301473,True
1979-11-15 06:00:00,0.0,0.07411746,0.063420765,0.03077406381815672,0.05763724303812994,True
1979-11-15 07:00:00,0.0030005544,0.07090609,0.060161103,0.031144365806831047,0.057478608348493415,True
1979-11-15 08:00:00,0.035245527,0.071051046,0.059439845,0.04976425655558705,0.05727144204737292,True
1979-11-15 09:00:00,0.08109093,0.07663044,0.0648276,0.07856678886711596,0.05696335175072137,True
1979-11-15 10:00:00,0.122431986,0.09502393,0.07865435,0.10995442097634076,0.05653710289048636,True
1979-11-15 11:00:00,0.13027886,0.08456441,0.06873128,0.11008665602654219,0.05617958047968009,True
1979-11-15 12:00:00,0.12692532,0.07698509,0.06361844,0.10507880344986914,0.055810903124951905,True
1979-11-15 13:00:00,0.101707846,0.07392808,0.06276899,0.08935441417247056,0.05532811159684617,True
1979-11-15 14:00:00,0.06647719,0.07365981,0.063824564,0.0689843323007226,0.055011837823912335,True
1979-11-15 15:00:00,0.028734334,0.06835278,0.05879461,0.04497679583728313,0.0549342019551494,True
1979-11-15 16:00:00,0.0032552637,0.06902808,0.05884717,0.030527395673794675,0.05494327979974742,True
1979-11-15 17:00:00,0.0,0.06968533,0.05938315,0.02892057779431343,0.054913976884082484,True
1979-11-15 18:00:00,0.0,0.06981324,0.056947153,0.02883623056858778,0.05489664691650175,True
1979-11-15 19:00:00,0.0,0.073520735,0.05806483,0.030264651976525784,0.05492840482444369,True
1979-11-15 20:00:00,0.0,0.0807466,0.06549007,0.03333195848017931,0.0550128581902092,True
1979-11-15 21:00:00,0.0,0.08233529,0.068603136,0.03408629254996776,0.05514611415062897,True
1979-11-15 22:00:00,0.0,0.072197415,0.06013764,0.0298882787078619,0.05534426620286755,True
1979-11-15 23:00:00,0.0,0.07661156,0.06506266,0.031783050432801246,0.05565591876544856,True
1979-11-16 00:00:00,0.0,0.07614119,0.06517094,0.03161533096432686,0.05596709802989714,True
1979-11-16 01:00:00,0.0,0.072763115,0.06345919,0.030276385635137557,0.05622537171757647,True
1979-11-16 02:00:00,0.0,0.06761567,0.060029622,0.028191782914102077,0.056385620117754276,True
1979-11-16 03:00:00,0.0,0.06342264,0.05625286,0.026440609551966192,0.05644506187328004,True
1979-11-16 04:00:00,0.0,0.061829384,0.054126695,0.025737884368747473,0.0564096631250424,True
1979-11-16 05:00:00,0.0,0.05389336,0.044885155,0.02231044865772128,0.05630271558240854,True
1979-11-16 06:00:00,0.0,0.046111047,0.03626308,0.018973182678222657,0.0561774194195015,True
1979-11-16 07:00:00,0.0025332614,0.04625731,0.035435386,0.020444149938179182,0.05608781224918418,True
1979-11-16 08:00:00,0.03211361,0.05592871,0.041418593,0.04140385229513049,0.05600857424766506,True
1979-11-16 09:00:00,0.078120746,0.06496145,0.048549812,0.07166813457012175,0.05607585485636007,True
1979-11-16 10:00:00,0.12380398,0.10665806,0.079833075,0.1151027057096362,0.0564500225004684,True
1979-11-16 11:00:00,0.14631476,0.121364065,0.09026196,0.13408109924942255,0.05692695175002079,True
1979-11-16 12:00:00,0.15067585,0.12781148,0.09838271,0.13941506564617154,0.05788262414760948,True
1979-11-16 13:00:00,0.124897934,0.12867062,0.103228055,0.12511988119035958,0.05905435560130886,True
1979-11-16 14:00:00,0.0914212,0.12879035,0.1064429,0.1060215886682272,0.06021447398264643,False
1979-11-16 15:00:00,0.04545124,0.12667151,0.10767818,0.07878177304565907,0.06101775392392711,False
1979-11-16 16:00:00,0.005265276,0.1311501,0.113006964,0.057534825961105526,0.06140006100277167,False
1979-11-16 17:00:00,0.0,0.14041336,0.12202257,0.058401748135685924,0.061484578759816194,False
1979-11-16 18:00:00,0.0,0.14756611,0.1290029,0.061418051093816754,0.06153802312671831,False
1979-11-16 19:00:00,0.0,0.15011226,0.13147627,0.062491141095757485,0.06160028689581593,False
1979-11-16 20:00:00,0.0,0.14963493,0.13128991,0.0623049436211586,0.06166958150587668,False
1979-11-16 21:00:00,0.0,0.14754497,0.12979616,0.06145308490097522,0.06175200013391366,False
1979-11-16 22:00:00,0.0,0.145978,0.12920158,0.06084276849031448,0.06189335510547897,False
1979-11-16 23:00:00,0.0,0.13761999,0.12120551,0.057326872721314426,0.06221371987688979,False
1979-11-17 00:00:00,0.0,0.12595347,0.11019001,0.05242708946764469,0.06251814087707243,False
1979-11-17 01:00:00,0.0,0.11160539,0.09730448,0.04643683107197285,0.06290451648452944,False
1979-11-17 02:00:00,0.0,0.097787775,0.08595131,0.04072505993396044,0.06337243982212311,False
1979-11-17 03:00:00,0.0,0.0843924,0.075880386,0.03523833592236042,0.06392210975609412,False
1979-11-17 04:00:00,0.0,0.07255164,0.06590705,0.030330535277724266,0.06455290240322864,False
1979-11-17 05:00:00,0.0,0.066108815,0.06080523,0.027677635364234447,0.06519235919945567,False
1979-11-17 06:00:00,0.0,0.06329827,0.057701074,0.026472919642925263,0.06585055772442064,False
1979-11-17 07:00:00,0.0023316548,0.062192585,0.056416906,0.027340941733913496,0.06662555025186083,False
1979-11-17 08:00:00,0.045105506,0.06491175,0.055840965,0.052993725772947066,0.06744381435848892,False
1979-11-17 09:00:00,0.11769292,0.06926846,0.056628916,0.09652683578431605,0.06833517455562758,False
1979-11-17 10:00:00,0.18328258,0.065962665,0.050976865,0.13284702495485542,0.06933384177481565,False
1979-11-17 11:00:00,0.22009765,0.07062535,0.05373769,0.1559589311107993,0.07007837105578242,False
1979-11-17 12:00:00,0.22697142,0.0740941,0.055901513,0.16132191322743894,0.07073210680846556,False
1979-11-17 13:00:00,0.1973869,0.07527805,0.062412057,0.14504009647667407,0.07112916482912186,False
1979-11-17 14:00:00,0.13496904,0.07133077,0.06191812,0.10754176948219538,0.07128779560720358,False
1979-11-17 15:00:00,0.059151106,0.06995204,0.06268601,0.06332753562182188,0.07110241447424946,False
1979-11-17 16:00:00,0.0060941186,0.07423319,0.068072125,0.03458424801193178,0.07067604621240679,False
1979-11-17 17:00:00,0.0,0.07511525,0.06978483,0.031485907405614855,0.07016570663548118,False
1979-11-17 18:00:00,0.0,0.07593384,0.07046863,0.031824891485273836,0.06946952161731242,False
1979-11-17 19:00:00,0.0,0.08023701,0.0737655,0.03359079325944185,0.06856617028082763,False
1979-11-17 20:00:00,0.0,0.08917471,0.08115897,0.03728805262595415,0.06755210679562805,False
1979-11-17 21:00:00,0.0,0.09788942,0.087965444,0.040871331185102465,0.06647644221704031,False
1979-11-17 22:00:00,0.0,0.108606905,0.096108146,0.045265787735581396,0.06538355064394927,False
1979-11-17 23:00:00,0.0,0.111317515,0.098501764,0.04639525844156742,0.06426896128550215,False
1979-11-18 00:00:00,0.0,0.12043736,0.10592544,0.05016136012226343,0.06317219531265363,False
1979-11-18 01:00:00,0.0,0.1266572,0.11111478,0.05273670583963394,0.062150297105748174,False
1979-11-18 02:00:00,0.0,0.13105018,0.11515596,0.05457593974471092,0.06125425358026332,False
1979-11-18 03:00:00,0.0,0.13629128,0.11902174,0.0567186566144228,0.060489441535696825,False
1979-11-18 04:00:00,0.0,0.13554217,0.11882871,0.05643181058764458,0.059842340941627485,True
1979-11-18 05:00:00,0.0,0.12948415,0.113413475,0.05390397785604,0.059285188215347444,True
1979-11-18 06:00:00,0.0,0.13504331,0.11744154,0.056172823995351784,0.058778492366516,True
1979-11-18 07:00:00,0.0021314605,0.14042816,0.123573795,0.059720827056327835,0.05829769643783147,True
1979-11-18 08:00:00,0.040734105,0.1457382,0.12792903,0.08418914175778626,0.05782845353298204,True
1979-11-18 09:00:00,0.104765944,0.14207515,0.12460149,0.11960416109114885,0.05716017002930481,True
1979-11-18 10:00:00,0.15744229,0.14433022,0.12477891,0.1508401111960411,0.05618202919866041,True
1979-11-18 11:00:00,0.18615821,0.13973886,0.12006462,0.16546041537821293,0.05491851870562265,True
1979-11-18 12:00:00,0.18235517,0.12811656,0.110739045,0.15847385063767433,0.053389249009622775,True
1979-11-18 13:00:00,0.1474539,0.11444705,0.10041286,0.1327341585382819,0.05174860836435424,True
1979-11-18 14:00:00,0.09490305,0.10163631,0.090008035,0.09712329428642986,0.05012190054248324,True
1979-11-18 15:00:00,0.037829064,0.08749916,0.07780626,0.05831609647721052,0.04878043106704644,True
1979-11-18 16:00:00,0.003283674,0.07480609,0.06556297,0.03303852626867593,0.04783644961561778,True
1979-11-18 17:00:00,0.0,0.060298074,0.050645888,0.024984867263585328,0.04719318106062733,True
1979-11-18 18:00:00,0.0,0.043962296,0.033983327,0.01805718694254756,0.04659187727912817,True
1979-11-18 19:00:00,0.0,0.033781532,0.025013119,0.013816093806177378,0.04599049844685382,True
1979-11-18 20:00:00,0.0,0.026135975,0.019053128,0.01067304384894669,0.04535988400910887,True
1979-11-18 21:00:00,0.0,0.02202507,0.016056275,0.008994289392605425,0.04465235083997854,True
1979-11-18 22:00:00,0.0,0.017980143,0.013107525,0.007342479284852744,0.0438698151963707,True
1979-11-18 23:00:00,0.0,0.011465465,0.008358325,0.004682106024585664,0.04299178405870938,True
1979-11-19 00:00:00,0.0,0.008267034,0.0060266675,0.0033759755361825227,0.04211352339546451,True
1979-11-19 01:00:00,0.0,0.00839135,0.0061172936,0.0034267418486997486,0.04118092094393236,True
1979-11-19 02:00:00,0.0,0.009829618,0.0071657915,0.004014081794768572,0.04022926817272113,True
1979-11-19 03:00:00,0.0,0.010229812,0.007457533,0.004177507407031954,0.039260316866066056,True
1979-11-19 04:00:00,0.0,0.008784288,0.006403746,0.0035872044162824747,0.0382650396702464,True
1979-11-19 05:00:00,0.0,0.008218693,0.0059914268,0.0033562346203252673,0.03728437978992027,True
1979-11-19 06:00:00,0.0,0.008312923,0.0060601206,0.0033947150660678742,0.03638487618424718,True
1979-11-19 07:00:00,0.0010917343,0.010253918,0.0074751065,0.004817282301140949,0.035497433611972,True
1979-11-19 08:00:00,0.025337368,0.015418659,0.011240203,0.020916117596440017,0.03463792357191702,True
1979-11-19 09:00:00,0.07196568,0.01971731,0.014373918,0.04957607591338456,0.03354488282605644,True
1979-11-19 10:00:00,0.114775725,0.014626409,0.010662653,0.07219852128904312,0.032151728861747414,True
1979-11-19 11:00:00,0.13377203,0.013143905,0.009581908,0.08255398570280521,0.030612597541820982,True
1979-11-19 12:00:00,0.13473009,0.011832285,0.0086257355,0.08257116225454955,0.028981866131008394,True
1979-11-19 13:00:00,0.10891939,0.0100685,0.007339937,0.06695812102686614,0.0274860218562491,True
1979-11-19 14:00:00,0.069420554,0.007580394,0.0055261073,0.04315123466122896,0.026345307980601463,True
1979-11-19 15:00:00,0.027724633,0.00494486,0.0036048032,0.018016425953246654,0.025591644733305496,True
1979-11-19 16:00:00,0.0024231372,0.005654749,0.0041223117,0.0037073573723901063,0.025304651213203966,True
1979-11-19 17:00:00,0.0,0.0064239576,0.004683065,0.0026233258936554193,0.02532444811842818,True
1979-11-19 18:00:00,0.0,0.0072452347,0.0052817767,0.0029587075361050662,0.02553955428742286,True
1979-11-19 19:00:00,0.0,0.008133146,0.0059290626,0.003321300247684121,0.025921558523526827,True
1979-11-19 20:00:00,0.0,0.008145782,0.0059382757,0.003326460507698357,0.026356752267782058,True
1979-11-19 21:00:00,0.0,0.008104544,0.005908213,0.0033096202919259666,0.026793120741703962,True
1979-11-19 22:00:00,0.0,0.007640923,0.005570233,0.003120293127838522,0.027231662972806436,True
1979-11-19 23:00:00,0.0,0.010379774,0.007566855,0.004238746605813503,0.027613150735594744,True
1979-11-20 00:00:00,0.0,0.01321472,0.00963353,0.005396442448720336,0.028116464076481707,True
1979-11-20 01:00:00,0.0,0.01728198,0.012598564,0.0070573728214949364,0.02866895355380787,True
1979-11-20 02:00:00,0.0,0.019752568,0.014399622,0.008066277025267483,0.02920743403907348,True
1979-11-20 03:00:00,0.0,0.02190523,0.015968911,0.008945351215079427,0.029669985415623008,True
1979-11-20 04:00:00,0.0,0.02292095,0.01670937,0.00936013633199036,0.03014120798782627,True
1979-11-20 05:00:00,0.0,0.026270073,0.019150887,0.0107278047837317,0.030626130634429347,True
1979-11-20 06:00:00,0.0,0.03324366,0.02423463,0.013575580526143313,0.031059358958072908,True
1979-11-20 07:00:00,0.0007854205,0.04398135,0.033000723,0.01846434513368877,0.03142699248841912,True
1979-11-20 08:00:00,0.0169041,0.053168237,0.04352667,0.03172318595647811,0.031718685926245445,True
1979-11-20 09:00:00,0.046960216,0.061899237,0.051776066,0.05273277080431581,0.03188741112327428,True
1979-11-20 10:00:00,0.078627594,0.0765867,0.061725806,0.07696180783957242,0.03192312241448159,True
1979-11-20 11:00:00,0.095607705,0.077626586,0.06250836,0.08718530765920877,0.03188885696166032,True
1979-11-20 12:00:00,0.09829728,0.07269546,0.057984624,0.08667332544922829,0.031772863396653674,True
1979-11-20 13:00:00,0.08573565,0.06921767,0.054983407,0.07797989250719548,0.03158163768041095,True
1979-11-20 14:00:00,0.05820684,0.06648869,0.052366372,0.060947458416223524,0.031537479565921935,True
1979-11-20 15:00:00,0.026206058,0.07137749,0.05705958,0.04454040751233697,0.03155983690340918,True
1979-11-20 16:00:00,0.0023792833,0.07904091,0.06388586,0.033988777719438076,0.03165416196446237,True
1979-11-20 17:00:00,0.0,0.08542715,0.07013602,0.035309963375329975,0.03169549785746661,True
1979-11-20 18:00:00,0.0,0.088187985,0.07133377,0.036393390275537965,0.03170322631296752,True
1979-11-20 19:00:00,0.0,0.08430704,0.066594385,0.03470539353042841,0.03167836459263511,True
1979-11-20 20:00:00,0.0,0.07689564,0.060078513,0.03161873059719801,0.03163284603868836,True
1979-11-20 21:00:00,0.0,0.07329674,0.05551517,0.030044316485524178,0.031586971875340014,True
1979-11-20 22:00:00,0.0,0.06269341,0.046667106,0.025653891898691654,0.031545543801113886,True
1979-11-20 23:00:00,0.0,0.07041556,0.052922335,0.028841146387159827,0.031504642156376425,True
1979-11-21 00:00:00,0.0,0.0729459,0.05515617,0.02989547044783831,0.031451154919095496,True
1979-11-21 01:00:00,0.0,0.07155473,0.053150196,0.029273805141448974,0.031398265325829774,True
1979-11-21 02:00:00,0.0,0.06410801,0.04742025,0.02621654786914587,0.03135513150030041,True
1979-11-21 03:00:00,0.0,0.0654583,0.04892739,0.02679619087278843,0.03135860616866724,True
1979-11-21 04:00:00,0.0,0.06556181,0.04946637,0.02686349145323038,0.03141679614562766,True
1979-11-21 05:00:00,0.0,0.059002712,0.044059135,0.024151194155216216,0.03152694635164683,True
1979-11-21 06:00:00,0.0,0.051432088,0.038197853,0.021041124522686003,0.0316713491396675,True
1979-11-21 07:00:00,0.00071756524,0.045011185,0.03324824,0.018818567316804546,0.03181003809395937,True
1979-11-21 08:00:00,0.02020633,0.04247616,0.031151332,0.029014927053824066,0.0319516171273552,True
1979-11-21 09:00:00,0.05715544,0.04482988,0.032764867,0.05129021789133548,0.032222119350173516,True
1979-11-21 10:00:00,0.091388695,0.043642763,0.031820796,0.070553779553622,0.03280601719001713,True
1979-11-21 11:00:00,0.109379776,0.033974826,0.024767648,0.07698629458248615,0.033462417740794836,True
1979-11-21 12:00:00,0.10775307,0.027472433,0.020027405,0.07339232787489891,0.03426350146015269,True
1979-11-21 13:00:00,0.09797147,0.020346928,0.014832912,0.06483853153139352,0.03501288129772775,True
1979-11-21 14:00:00,0.06572444,0.015430729,0.011249001,0.0442243868606165,0.035750882012258296,True
1979-11-21 15:00:00,0.029602103,0.0133792125,0.009753446,0.02254402888379991,0.03636836029336261,True
1979-11-21 16:00:00,0.0023074807,0.010676853,0.007783426,0.005691480236593633,0.03676642224583869,True
1979-11-21 17:00:00,0.0,0.007332373,0.005345299,0.002994291757699102,0.03702346353328221,True
1979-11-21 18:00:00,0.0,0.004322948,0.0031514291,0.0017653449601493774,0.03724661759568744,True
1979-11-21 19:00:00,0.0,0.0027828214,0.002028677,0.0011364096582401543,0.03747376435531669,True
1979-11-21 20:00:00,0.0,0.002753659,0.0020074171,0.0011245006669778376,0.03776001426812627,True
1979-11-21 21:00:00,0.0,0.0032350214,0.0023583304,0.001321072729071602,0.038134063405472714,True
1979-11-21 22:00:00,0.0,0.0028332775,0.0020654593,0.0011570141804404558,0.03856276386186846,True
1979-11-21 23:00:00,0.0,0.004092797,0.0029836493,0.0016713592163287102,0.03907905916965001,True
1979-11-22 00:00:00,0.0,0.006997992,0.005101537,0.0028577419719658793,0.03953057138903432,True
1979-11-22 01:00:00,0.0,0.01221196,0.008902519,0.004986949196085333,0.039975906299449436,True
1979-11-22 02:00:00,0.0,0.020126693,0.014931693,0.00823306110687554,0.04042729898451262,True
1979-11-22 03:00:00,0.0,0.028665228,0.02150002,0.011738470109179614,0.040941962995123045,True
1979-11-22 04:00:00,0.0,0.035701007,0.027290273,0.014647346220910549,0.0414383489792458,True
1979-11-22 05:00:00,0.0,0.042972427,0.03337617,0.017659138608723878,0.041917186775732716,True
1979-11-22 06:00:00,0.0,0.049113497,0.039069813,0.020232650332152845,0.04242579633232572,True
1979-11-22 07:00:00,0.0010968052,0.059582982,0.0489104,0.02526013873668853,0.04299932131778814,True
1979-11-22 08:00:00,0.027958652,0.06888672,0.058443535,0.0447072926517576,0.04364144044339552,True
1979-11-22 09:00:00,0.08378127,0.07810058,0.06664741,0.08075986711680888,0.04443827189789514,True
1979-11-22 10:00:00,0.12831159,0.083087586,0.069887556,0.10846903427690266,0.04546137900298511,True
1979-11-22 11:00:00,0.15550825,0.08656331,0.07346674,0.12563732618838547,0.04664826676526156,True
1979-11-22 12:00:00,0.1494803,0.08777511,0.07415573,0.12264355765283107,0.048079466491134086,True
1979-11-22 13:00:00,0.13023436,0.09213163,0.07892832,0.11340392680466174,0.04968104210027543,True
1979-11-22 14:00:00,0.08629229,0.09807895,0.08527096,0.0905864159092307,0.05110262174172065,True
1979-11-22 15:00:00,0.03626465,0.10244363,0.09112924,0.06364738123118878,0.05236381442615112,True
1979-11-22 16:00:00,0.0027819197,0.10717801,0.09579456,0.046326759516727184,0.053361507105477796,True
1979-11-22 17:00:00,0.0,0.110070854,0.10009654,0.046021358370780946,0.05426332451022046,True
1979-11-22 18:00:00,0.0,0.11294683,0.10405656,0.04729643473774195,0.05522216016531622,True
1979-11-22 19:00:00,0.0,0.11565742,0.10681114,0.048445389345288276,0.05626009106155999,True
1979-11-22 20:00:00,0.0,0.118241854,0.11003417,0.04957308918982744,0.05735471794298957,True
1979-11-22 21:00:00,0.0,0.120693624,0.11270354,0.050621938392519945,0.05847204862535165,True
1979-11-22 22:00:00,0.0,0.12033889,0.11168551,0.050436066672205924,0.059586896251233895,True
1979-11-22 23:00:00,0.0,0.12050413,0.11199459,0.05051373291760683,0.060690868850056916,False
1979-11-23 00:00:00,0.0,0.12230917,0.113693744,0.051271546147763726,0.061775363555572595,False
1979-11-23 01:00:00,0.0,0.121582374,0.112532556,0.050940654024481766,0.06283032406088188,False
1979-11-23 02:00:00,0.0,0.12146279,0.112975,0.05092042037844658,0.06381581975381578,False
1979-11-23 03:00:00,0.0,0.12075938,0.11226863,0.05062271811068058,0.06466945724621638,False
1979-11-23 04:00:00,0.0,0.11898773,0.11002283,0.04984770568460226,0.06540109126387852,False
1979-11-23 05:00:00,0.0,0.11602774,0.10648548,0.048564452871680264,0.06603951128783393,False
1979-11-23 06:00:00,0.0,0.11614691,0.10577991,0.0485703238248825,0.0666270651044486,False
1979-11-23 07:00:00,0.0012755052,0.116890945,0.10688075,0.049640285345958546,0.06716460009200255,False
1979-11-23 08:00:00,0.030839372,0.11816888,0.10859632,0.06726283686980605,0.06758033539903573,False
1979-11-23 09:00:00,0.08665976,0.120340206,0.11094707,0.10039935893565416,0.06782459373998834,False
1979-11-23 10:00:00,0.13392721,0.12011553,0.109736286,0.12752439214289188,0.06779766191054824,False
1979-11-23 11:00:00,0.16603497,0.119211145,0.1091258,0.14568388142436742,0.06764153927962054,False
1979-11-23 12:00:00,0.17692497,0.11522693,0.104879804,0.1502679571136832,0.06749681951223631,False
1979-11-23 13:00:00,0.15028606,0.110964805,0.100245975,0.13307435432076453,0.06741119512381721,False
1979-11-23 14:00:00,0.103144646,0.10831802,0.09773749,0.10476163571327925,0.06724692748853385,False
1979-11-23 15:00:00,0.042569708,0.10981723,0.09903701,0.07043327749148011,0.06706273560701007,False
1979-11-23 16:00:00,0.003140299,0.112859555,0.10225162,0.04897871566424146,0.06683480852277397,False
1979-11-23 17:00:00,0.0,0.11726032,0.10646934,0.0490184032022953,0.06660363503066687,False
1979-11-23 18:00:00,0.0,0.12338635,0.112156734,0.05158602797985077,0.06635939176460592,False
1979-11-23 19:00:00,0.0,0.12836908,0.116857596,0.05367849996685982,0.06608512024801089,False
1979-11-23 20:00:00,0.0,0.13085687,0.11981829,0.054756373420357704,0.06582010040651871,False
1979-11-23 21:00:00,0.0,0.13096987,0.12047922,0.05483375877141953,0.06554735371317578,False
1979-11-23 22:00:00,0.0,0.12943153,0.11828637,0.05414769892394543,0.06528363753143562,False
1979-11-23 23:00:00,0.0,0.12847294,0.11704797,0.05372710508108139,0.06502845671992613,False
1979-11-24 00:00:00,0.0,0.12818639,0.11472349,0.05349584622681141,0.06480170781990377,False
1979-11-24 01:00:00,0.0,0.12557323,0.110263325,0.052290742456912995,0.06457006828613443,False
1979-11-24 02:00:00,0.0,0.11833043,0.10266173,0.04920766074210405,0.06438095239350436,False
1979-11-24 03:00:00,0.0,0.112559706,0.098562434,0.046856902956962584,0.0642163919707374,False
1979-11-24 04:00:00,0.0,0.10866723,0.0961722,0.04529150737076998,0.0640847829369442,False
1979-11-24 05:00:00,0.0,0.10988917,0.0983818,0.04586172180622816,0.06401329100677607,False
1979-11-24 06:00:00,0.0,0.11027218,0.09896105,0.04603432973474264,0.06398953263494982,False
1979-11-24 07:00:00,0.0011391897,0.10688167,0.09479231,0.04521543347428087,0.06401313339207186,False
1979-11-24 08:00:00,0.023963034,0.10239859,0.0892582,0.05643169301748275,0.06406263377216888,False
1979-11-24 09:00:00,0.06597815,0.09978359,0.084770426,0.07946713930368424,0.06409991578895687,False
1979-11-24 10:00:00,0.10257202,0.10084749,0.08478464,0.1009751479923725,0.06416140776669073,False
1979-11-24 11:00:00,0.13237469,0.10224288,0.084869616,0.11869077735394239,0.06444807107760349,False
1979-11-24 12:00:00,0.13125719,0.1034518,0.085638374,0.11853358700871468,0.06471708113822554,False
1979-11-24 13:00:00,0.111505195,0.09962323,0.08184462,0.10551908031105996,0.06496259068897703,False
1979-11-24 14:00:00,0.07651406,0.090957336,0.07469143,0.08174520559608937,0.06529507081162272,False
1979-11-24 15:00:00,0.030577086,0.08483641,0.06961607,0.0527068811878562,0.06562613129257001,False
1979-11-24 16:00:00,0.001826357,0.08267071,0.06798392,0.03523043189558666,0.06600942557854356,False
1979-11-24 17:00:00,0.0,0.08300695,0.067928106,0.03429768159985542,0.06646047117347355,False
1979-11-24 18:00:00,0.0,0.0826336,0.06740007,0.03413140194118023,0.06695146143036419,False
1979-11-24 19:00:00,0.0,0.08633348,0.07161818,0.03572443695366383,0.06751664531296576,False
1979-11-24 20:00:00,0.0,0.0881451,0.07325382,0.03648124790936708,0.06813144500246728,False
1979-11-24 21:00:00,0.0,0.09173198,0.07619372,0.03796356166899204,0.06889379054559851,False
1979-11-24 22:00:00,0.0,0.09205802,0.078110725,0.03818738771975041,0.06973489335338111,False
1979-11-24 23:00:00,0.0,0.09559448,0.08065597,0.03962978571653366,0.07067154933205332,False
1979-11-25 00:00:00,0.0,0.09686653,0.08164996,0.04015284852683544,0.0716612284059682,False
1979-11-25 01:00:00,0.0,0.10080727,0.08639274,0.041863091178238394,0.07270121909091706,False
1979-11-25 02:00:00,0.0,0.1034844,0.08955142,0.0430215200856328,0.07382845259989138,False
1979-11-25 03:00:00,0.0,0.106452584,0.09304594,0.04430548448860645,0.07505707601104389,False
1979-11-25 04:00:00,0.0,0.11139375,0.098366655,0.0464160930365324,0.07637720111776601,False
1979-11-25 05:00:00,0.0,0.11376522,0.100827515,0.04742405102401972,0.07779147300003554,False
1979-11-25 06:00:00,0.0,0.11919354,0.10593971,0.04970316016674042,0.07924141841028343,False
1979-11-25 07:00:00,0.0007327787,0.12356509,0.11107354,0.05201630359061528,0.08078200016143257,False
1979-11-25 08:00:00,0.025388597,0.13008484,0.118552715,0.0690523736756295,0.08248767496661139,False
1979-11-25 09:00:00,0.07853744,0.13863777,0.12736174,0.10335097386687994,0.08451366328894482,False
1979-11-25 10:00:00,0.13135222,0.15667614,0.14223158,0.1412842310667038,0.0868412833862256,False
1979-11-25 11:00:00,0.15739752,0.16225916,0.14637709,0.15859636433422566,0.08924427442000567,False
1979-11-25 12:00:00,0.16208558,0.16396175,0.14865093,0.16205241554975508,0.09175606132372603,False
1979-11-25 13:00:00,0.140262,0.16288637,0.14809558,0.14903340020775793,0.09446373569635684,False
1979-11-25 14:00:00,0.0948868,0.15755975,0.14376491,0.12065253879874943,0.09774033408561732,False
1979-11-25 15:00:00,0.039237745,0.15828447,0.14415286,0.08883140321820975,0.10144613020801306,False
1979-11-25 16:00:00,0.002705795,0.16531557,0.14937437,0.07062890422088094,0.1052724619173306,False
1979-11-25 17:00:00,0.0,0.17392144,0.15572084,0.07258593553304671,0.10919449247962058,False
1979-11-25 18:00:00,0.0,0.1887788,0.167694,0.07871485434472561,0.11313243359683277,False
1979-11-25 19:00:00,0.0,0.19937757,0.17812154,0.08318888506293297,0.11686312797555894,False
1979-11-25 20:00:00,0.0,0.21888782,0.19591396,0.09134895949065684,0.12027355992032408,False
1979-11-25 21:00:00,0.0,0.22817247,0.2039084,0.09520669354498386,0.12323905354581967,False
1979-11-25 22:00:00,0.0,0.23762509,0.2115468,0.09910718590021134,0.12574244611460908,False
1979-11-25 23:00:00,0.0,0.24275893,0.21580844,0.10123170062899589,0.12797708502814367,False
1979-11-26 00:00:00,0.0,0.24794337,0.22082028,0.10341539910435676,0.1298606673705597,False
1979-11-26 01:00:00,0.0,0.25518012,0.2266016,0.10639795088768005,0.13149558480579598,False
1979-11-26 02:00:00,0.0,0.25955153,0.22976059,0.10818158447742462,0.13297658495215892,False
1979-11-26 03:00:00,0.0,0.2646035,0.23304108,0.11022290807962418,0.13431995985314443,False
1979-11-26 04:00:00,0.0,0.27182695,0.238378,0.11317655771970749,0.13555303721625553,False
1979-11-26 05:00:00,0.0,0.27744567,0.24225274,0.11545910149812698,0.13661581207376167,False
1979-11-26 06:00:00,0.0,0.2884236,0.250999,0.11998225378990174,0.1375474230980706,False
1979-11-26 07:00:00,0.0009968522,0.3041637,0.26437476,0.12708782412286382,0.13838393019775122,False
1979-11-26 08:00:00,0.029834596,0.32831162,0.28365892,0.15367913248948753,0.13915332811708184,False
1979-11-26 09:00:00,0.08400694,0.34335494,0.29672083,0.19119290397316213,0.13974152824771754,False
1979-11-26 10:00:00,0.1326694,0.33637834,0.28971973,0.21631871761381624,0.140048040225017,False
1979-11-26 11:00:00,0.16191238,0.35109368,0.3014729,0.23925654873251914,0.13964951654818694,False
1979-11-26 12:00:00,0.15695699,0.38017756,0.32689366,0.2485019568949938,0.13930991261219772,False
1979-11-26 13:00:00,0.12522344,0.4571141,0.40494025,0.26279580299556254,0.13881950627717665,False
1979-11-26 14:00:00,0.076785155,0.5164314,0.45842966,0.2596234194710851,0.13829220561978262,False
1979-11-26 15:00:00,0.02794194,0.52820724,0.46925613,0.2363708032350987,0.13770799460355357,False
1979-11-26 16:00:00,0.0016361319,0.53443474,0.46921173,0.2234878988855053,0.1370890639694812,False
1979-11-26 17:00:00,0.0,0.5383207,0.45700943,0.22331885522603986,0.13646287381625777,False
1979-11-26 18:00:00,0.0,0.5150133,0.42897838,0.2132047321200371,0.13569554544263562,False
1979-11-26 19:00:00,0.0,0.4823448,0.39703587,0.19942517030239104,0.13469337231782308,False
1979-11-26 20:00:00,0.0,0.43295753,0.35302988,0.17882494193315507,0.13350624025077604,False
1979-11-26 21:00:00,0.0,0.3828226,0.3123123,0.15812640497088432,0.13210825941595292,False
1979-11-26 22:00:00,0.0,0.3516071,0.29087093,0.14545005556941032,0.13060736562148711,False
1979-11-26 23:00:00,0.0,0.31388187,0.26332086,0.13004173815250397,0.12901670587901068,False
1979-11-27 00:00:00,0.0,0.28596532,0.24273483,0.11862888541817665,0.1274216308125765,False
1979-11-27 01:00:00,0.0,0.27203253,0.23279805,0.11295109820365905,0.12581104306108362,False
1979-11-27 02:00:00,0.0,0.25871575,0.22291489,0.10750351533293724,0.12418502701283475,False
1979-11-27 03:00:00,0.0,0.24904782,0.21471396,0.10349319791793823,0.12256864427612206,False
1979-11-27 04:00:00,0.0,0.23428325,0.20331047,0.09742928619682789,0.120914327206789,False
1979-11-27 05:00:00,0.0,0.2213786,0.19356813,0.0921413801908493,0.11918982694088522,False
1979-11-27 06:00:00,0.0,0.21592171,0.1885257,0.08985550095140935,0.11742730081616942,False
1979-11-27 07:00:00,0.00020736898,0.21356505,0.18559718,0.08894740371848456,0.11563059386168649,False
1979-11-27 08:00:00,0.014152695,0.21442759,0.18511285,0.09728597994614392,0.11372281384773347,False
1979-11-27 09:00:00,0.05417465,0.20909967,0.17864813,0.11806354877725243,0.1113929591141512,False
1979-11-27 10:00:00,0.08933677,0.17024142,0.14423513,0.12215509457886219,0.10854940410034682,False
1979-11-27 11:00:00,0.110383466,0.18993156,0.15776613,0.1422953754067421,0.10552568620589513,False
1979-11-27 12:00:00,0.11202909,0.17852937,0.14805166,0.13851291146874428,0.10235497708066317,False
1979-11-27 13:00:00,0.09733625,0.16310129,0.1365848,0.12372296865284442,0.09907306034760811,False
1979-11-27 14:00:00,0.06465222,0.13336104,0.112886205,0.09261041001975537,0.09553536218209453,False
1979-11-27 15:00:00,0.022867465,0.110692695,0.09412224,0.05912273278273642,0.09179419934608614,False
1979-11-27 16:00:00,0.0008210048,0.096530266,0.08293313,0.040571776866156144,0.08823645544702759,False
1979-11-27 17:00:00,0.0,0.08595436,0.07475953,0.03575417359918356,0.08467309971427477,False
1979-11-27 18:00:00,0.0,0.07383562,0.062318537,0.030610544353723526,0.08116696563264286,False
1979-11-27 19:00:00,0.0,0.06323241,0.05321829,0.02620654584467411,0.07791459793312407,False
1979-11-27 20:00:00,0.0,0.05853176,0.049030732,0.024245879419147968,0.07499265841295874,False
1979-11-27 21:00:00,0.0,0.05592487,0.04680582,0.02316379141062498,0.07256983443250811,False
1979-11-27 22:00:00,0.0,0.05498616,0.045659725,0.02275551826134324,0.07065994343900985,False
1979-11-27 23:00:00,0.0,0.059723686,0.048704762,0.024668097440153358,0.06898462386423654,False
1979-11-28 00:00:00,0.0,0.06356541,0.049102787,0.026107187032699587,0.06770444556692547,False
1979-11-28 01:00:00,0.0,0.06906024,0.05307316,0.028349180571734904,0.06672267404751785,False
1979-11-28 02:00:00,0.0,0.074543856,0.057195004,0.030595213115215302,0.06586251188157059,False
1979-11-28 03:00:00,0.0,0.074903175,0.05882254,0.030815688751637933,0.06511638600280441,False
1979-11-28 04:00:00,0.0,0.07351314,0.060633246,0.030400544956326485,0.06442016938975013,False
1979-11-28 05:00:00,0.0,0.07425839,0.06400931,0.030857847511768344,0.06381298634963044,False
1979-11-28 06:00:00,0.0,0.08096466,0.071562216,0.033740319974720476,0.06324904333515026,False
1979-11-28 07:00:00,0.0001597695,0.08498862,0.075211056,0.03551438345311908,0.06271643674740501,False
1979-11-28 08:00:00,0.009267092,0.087824374,0.07577406,0.0418461052775383,0.0622068766063838,False
1979-11-28 09:00:00,0.030404955,0.08945562,0.07684223,0.05470226331055165,0.06182732473666374,False
1979-11-28 10:00:00,0.056640435,0.09268339,0.079602905,0.07118025868013501,0.06182561045205435,False
1979-11-28 11:00:00,0.080365404,0.09781971,0.085114814,0.08706251072138546,0.0625737087605853,False
1979-11-28 12:00:00,0.08281093,0.1038546,0.09010556,0.09096995370835065,0.06348216754729143,False
1979-11-28 13:00:00,0.08071102,0.11166373,0.096520655,0.09298629105091094,0.06463649900229862,False
1979-11-28 14:00:00,0.055670697,0.11535236,0.09927017,0.08004760334268213,0.06583762431613695,False
1979-11-28 15:00:00,0.02745664,0.11985689,0.10239674,0.06559909608028829,0.0669256512703085,False
1979-11-28 16:00:00,0.0022133188,0.123441674,0.10406965,0.052446823713369665,0.06777999385709622,False
1979-11-28 17:00:00,0.0,0.13288097,0.11095076,0.05502441930770874,0.06846293406937472,False
1979-11-28 18:00:00,0.0,0.13781345,0.115517035,0.057091082543134684,0.06922627498446232,False
1979-11-28 19:00:00,0.0,0.14269124,0.12072233,0.05917207333445549,0.07012261816350943,False
1979-11-28 20:00:00,0.0,0.15079218,0.12753844,0.06252939087152481,0.07116480288146264,False
1979-11-28 21:00:00,0.0,0.1601149,0.1364674,0.06645163728296756,0.07225999464750489,False
1979-11-28 22:00:00,0.0,0.15696478,0.13175394,0.06503471598029137,0.07336028804214871,False
1979-11-28 23:00:00,0.0,0.16520658,0.14133243,0.06859317988157272,0.07433910469132675,False
1979-11-29 00:00:00,0.0,0.17199901,0.14881887,0.07150385248661041,0.07519755188286505,False
1979-11-29 01:00:00,0.0,0.17224763,0.15007292,0.07166331423819065,0.07595111034441938,False
1979-11-29 02:00:00,0.0,0.17215946,0.15115984,0.07168947315216065,0.07660662983222133,False
1979-11-29 03:00:00,0.0,0.16828075,0.14776303,0.07007480049133301,0.07722690543303466,False
1979-11-29 04:00:00,0.0,0.16391203,0.14446226,0.06828450027108192,0.0778247581450661,False
1979-11-29 05:00:00,0.0,0.15607692,0.13851354,0.06507211549580097,0.07840662213511965,False
1979-11-29 06:00:00,0.0,0.15400234,0.13821337,0.06429038473963737,0.07894290013335845,False
1979-11-29 07:00:00,0.0004241023,0.15381022,0.1386637,0.06448851694946643,0.07944254997888779,False
1979-11-29 08:00:00,0.024490112,0.15546791,0.14016733,0.07906749019958079,0.07994335527399546,False
1979-11-29 09:00:00,0.08776672,0.16129816,0.14483047,0.11798126311600207,0.08079650124127191,False
1979-11-29 10:00:00,0.1577378,0.16054364,0.1446018,0.15806381338834763,0.08245801748719213,False
1979-11-29 11:00:00,0.20460543,0.16228199,0.14744462,0.18590139716863632,0.08454492232144956,False
1979-11-29 12:00:00,0.21702988,0.16433199,0.14918657,0.19392082130908966,0.08694180011426865,False
1979-11-29 13:00:00,0.19253872,0.16818464,0.15225942,0.1813769837170839,0.08938849633966717,False
1979-11-29 14:00:00,0.13007149,0.16693228,0.15160075,0.14483570381999014,0.09157642410512846,False
1979-11-29 15:00:00,0.05023706,0.17027658,0.15393212,0.10013117694854737,0.09323571671634436,False
1979-11-29 16:00:00,0.0027289032,0.17182425,0.15509598,0.07335290705552325,0.09429207828392265,False
1979-11-29 17:00:00,0.0,0.1732838,0.15653361,0.07239453752338885,0.095148952192061,False
1979-11-29 18:00:00,0.0,0.17623743,0.15932229,0.07363501694798469,0.09598228780030495,False
1979-11-29 19:00:00,0.0,0.18254404,0.16430856,0.07623141230642795,0.09688479098807312,False
1979-11-29 20:00:00,0.0,0.18411428,0.16438733,0.07681508418917656,0.09787707880082763,False
1979-11-29 21:00:00,0.0,0.18250827,0.1598578,0.07597787435352803,0.09892262546661533,False
1979-11-29 22:00:00,0.0,0.1681483,0.14244439,0.0697387174218893,0.10006254258043355,False
1979-11-29 23:00:00,0.0,0.15911418,0.13260055,0.06587356263399125,0.10119538485109097,False
1979-11-30 00:00:00,0.0,0.15047829,0.12502787,0.06227799318730831,0.10246394548415429,False
1979-11-30 01:00:00,0.0,0.14455874,0.11985074,0.05981411598622799,0.10389881041310019,False
1979-11-30 02:00:00,0.0,0.14556392,0.123247355,0.0603684419542551,0.10552986057232357,False
1979-11-30 03:00:00,0.0,0.14363861,0.12055503,0.05951261892914772,0.10733327500651814,False
1979-11-30 04:00:00,0.0,0.14067845,0.118882746,0.058330016478896136,0.10922757332715428,False
1979-11-30 05:00:00,0.0,0.13622768,0.11724401,0.056599191427230834,0.11116203597876466,False
1979-11-30 06:00:00,0.0,0.13905548,0.11874152,0.05772351256012917,0.11320201337187773,False
1979-11-30 07:00:00,0.00055811275,0.14297603,0.119867615,0.059553037618286904,0.11539115097037739,False
1979-11-30 08:00:00,0.031051414,0.15676561,0.13025807,0.0827971117068082,0.11771184715410175,False
1979-11-30 09:00:00,0.10548215,0.1778649,0.14740175,0.13445504311472176,0.11986408240575912,False
1979-11-30 10:00:00,0.17091869,0.1753135,0.14890602,0.17135169072449208,0.12164021474211113,False
1979-11-30 11:00:00,0.2102573,0.19455722,0.16671416,0.20211264477670193,0.12267055559657773,False
1979-11-30 12:00:00,0.21047835,0.2092987,0.18026192,0.20841137252748013,0.12371232562173416,False
1979-11-30 13:00:00,0.17512825,0.23369615,0.19859156,0.19800682379305362,0.12491279824670663,False
1979-11-30 14:00:00,0.11139846,0.23000725,0.19526045,0.15969364868104458,0.1263606276099534,False
1979-11-30 15:00:00,0.042410977,0.22126916,0.18861106,0.11630445132404565,0.12773145402753364,False
1979-11-30 16:00:00,0.0023328364,0.22228692,0.18901573,0.09357677130401135,0.12908532340287954,False
1979-11-30 17:00:00,0.0,0.22916639,0.19374317,0.09502452850341797,0.13035031452461118,False
1979-11-30 18:00:00,0.0,0.24239044,0.20313266,0.10041123555600644,0.13136737805570448,False
1979-11-30 19:00:00,0.0,0.2578348,0.21594167,0.10680188834667206,0.13214625565673196,False
1979-11-30 20:00:00,0.0,0.27205753,0.22826669,0.11271563082933425,0.13272964540182583,False
1979-11-30 21:00:00,0.0,0.29260328,0.24438976,0.12116765874624252,0.1331875576122009,False
1979-11-30 22:00:00,0.0,0.28816846,0.24216636,0.11941114497184754,0.1335865775427126,False
1979-11-30 23:00:00,0.0,0.3123334,0.26357526,0.1294840902686119,0.13402454130410188,False
1979-12-01 00:00:00,0.0,0.3387523,0.28477353,0.14037736907601356,0.13441185948870116,False
1979-12-01 01:00:00,0.0,0.3621856,0.30198586,0.14995372188091277,0.13475710895436788,False
1979-12-01 02:00:00,0.0,0.3826052,0.31614906,0.15825336599349976,0.13504904567695195,False
1979-12-01 03:00:00,0.0,0.38924763,0.32164344,0.16100111988186835,0.13530559352657728,False
1979-12-01 04:00:00,0.0,0.38957217,0.32197362,0.1611387075483799,0.13560261812585375,False
1979-12-01 05:00:00,0.0,0.39407644,0.32549676,0.16299103036522866,0.13593399864586972,False
1979-12-01 06:00:00,0.0,0.40941852,0.33876953,0.16936898946762086,0.136318203886626,False
1979-12-01 07:00:00,0.00019751485,0.4251374,0.3498568,0.17588193376823621,0.1367146922728323,False
1979-12-01 08:00:00,0.00857906,0.42937896,0.3515524,0.1823747822791338,0.13712058455160617,False
1979-12-01 09:00:00,0.032655217,0.4464877,0.36369622,0.20323561526089906,0.13725055762913185,False
1979-12-01 10:00:00,0.05458798,0.4259653,0.34892058,0.2075201744027436,0.13688950665432134,False
1979-12-01 11:00:00,0.06996815,0.47356638,0.38497669,0.23590635837614535,0.13618426637892098,False
1979-12-01 12:00:00,0.07498488,0.5050043,0.40612316,0.25154350730776787,0.135458103775796,False
1979-12-01 13:00:00,0.07465024,0.5039154,0.4047187,0.2508727931529283,0.13450396489846006,False
1979-12-01 14:00:00,0.049427122,0.44147995,0.35573742,0.21063537186384199,0.1334482862343743,False
1979-12-01 15:00:00,0.019598747,0.3725918,0.30226034,0.1651169069651514,0.13264743485035171,False
1979-12-01 16:00:00,0.00074338197,0.32340378,0.26495475,0.13407248089864152,0.1321644737743892,False
1979-12-01 17:00:00,0.0,0.29331642,0.24036716,0.12121358701586722,0.1318386055566417,False
1979-12-01 18:00:00,0.0,0.26902974,0.2175772,0.11102114179730416,0.13151056072954556,False
1979-12-01 19:00:00,0.0,0.2523244,0.20604473,0.10423412007093429,0.1311081880657049,False
1979-12-01 20:00:00,0.0,0.2384811,0.19991376,0.09879487028717995,0.130616379969758,False
1979-12-01 21:00:00,0.0,0.22951184,0.19335113,0.09513083101809025,0.13002756327204873,False
1979-12-01 22:00:00,0.0,0.21859296,0.18704031,0.09076097796857356,0.12928703626431992,False
1979-12-01 23:00:00,0.0,0.20337915,0.17440607,0.0844648354947567,0.1287296613762202,False
1979-12-02 00:00:00,0.0,0.18969059,0.16396555,0.07884996753931045,0.12793143957481257,False
1979-12-02 01:00:00,0.0,0.17726436,0.15586165,0.07382707867026328,0.1269218523353385,False
1979-12-02 02:00:00,0.0,0.17441829,0.15411836,0.07268273873627186,0.1257604751717346,False
1979-12-02 03:00:00,0.0,0.17701544,0.1565019,0.07376979969441891,0.12441842588969043,False
1979-12-02 04:00:00,0.0,0.17806666,0.15795714,0.07423628143966199,0.12306139818020634,False
1979-12-02 05:00:00,0.0,0.17999911,0.159655,0.07504104298353195,0.12168508274760566,False
1979-12-02 06:00:00,0.0,0.18413787,0.16311264,0.07675495509803296,0.12025044063479177,False
1979-12-02 07:00:00,0.000124358,0.1895307,0.16717193,0.07903586699943117,0.11867554963753096,False
1979-12-02 08:00:00,0.011736618,0.19762799,0.17294559,0.08903581942804158,0.11699372323077249,False
1979-12-02 09:00:00,0.05060665,0.21146668,0.18321024,0.11712459632381796,0.11550653949013832,False
1979-12-02 10:00:00,0.091711774,0.20344771,0.17611587,0.1375001575052738,0.11436937504997707,False
1979-12-02 11:00:00,0.12124038,0.23452331,0.19929704,0.16725683982670306,0.11372607316773925,False
1979-12-02 12:00:00,0.12126041,0.22293289,0.19228171,0.1626127064153552,0.11280481613783085,False
1979-12-02 13:00:00,0.10949977,0.2022082,0.17663063,0.14733424791693686,0.11156089551698957,False
1979-12-02 14:00:00,0.075129725,0.18695386,0.16512884,0.12125278224796057,0.10992679402836208,False
1979-12-02 15:00:00,0.03053453,0.18110673,0.16065763,0.09312231967784464,0.10824489914422775,False
1979-12-02 16:00:00,0.0017120835,0.18463172,0.16329852,0.07793509685213212,0.106543458710683,False
1979-12-02 17:00:00,0.0,0.1902843,0.16784206,0.07927837680280209,0.10495931165110485,False
1979-12-02 18:00:00,0.0,0.19469748,0.17136993,0.08109734769165516,0.10357086631938982,False
1979-12-02 19:00:00,0.0,0.19975483,0.17565863,0.08319509974122047,0.10241227982662783,False
1979-12-02 20:00:00,0.0,0.2028283,0.17794047,0.08445242933928966,0.10139157153111117,False
1979-12-02 21:00:00,0.0,0.2057231,0.17982474,0.0856223623752594,0.10049782911412584,False
1979-12-02 22:00:00,0.0,0.22283612,0.19315965,0.0926571503430605,0.09973724800072777,False
1979-12-02 23:00:00,0.0,0.2192234,0.1902965,0.09116944380104543,0.09912798831336367,False
1979-12-03 00:00:00,0.0,0.22103181,0.19178596,0.09191718158125878,0.09873069595735685,False
1979-12-03 01:00:00,0.0,0.22654954,0.19649702,0.09420761802792549,0.09862678723879324,False
1979-12-03 02:00:00,0.0,0.22563553,0.19584242,0.09383500045537949,0.09889997287284748,False
1979-12-03 03:00:00,0.0,0.23053461,0.19993551,0.09586378982663155,0.09953186217326837,False
1979-12-03 04:00:00,0.0,0.2286488,0.1982252,0.0950755667835474,0.10044115032166408,False
1979-12-03 05:00:00,0.0,0.22634025,0.19645661,0.09412820895016193,0.10153504081260578,False
1979-12-03 06:00:00,0.0,0.2254765,0.19580355,0.09377422159910201,0.1025163995065184,False
1979-12-03 07:00:00,0.0003085323,0.22837174,0.1982791,0.09515426624382962,0.1032623468367772,False
1979-12-03 08:00:00,0.024683567,0.23275581,0.20112316,0.11098996272869409,0.10370591993482696,False
1979-12-03 09:00:00,0.08768922,0.23618585,0.20189747,0.1486517221331596,0.10394229113345722,False
1979-12-03 10:00:00,0.14679131,0.22178313,0.18713191,0.17664168405532837,0.10406358255116337,False
1979-12-03 11:00:00,0.18317352,0.20773889,0.17294903,0.19168602094054218,0.10422471524072878,False
1979-12-03 12:00:00,0.18653458,0.20363198,0.1678641,0.19183531750738622,0.10419639119517744,False
1979-12-03 13:00:00,0.16159374,0.1918163,0.1558541,0.17243592169880867,0.10418154998896088,False
1979-12-03 14:00:00,0.10479061,0.16849606,0.13454053,0.12990441742539405,0.10404788749133613,False
1979-12-03 15:00:00,0.038567662,0.14827992,0.11998027,0.0834477661550045,0.10367828372955389,False
1979-12-03 16:00:00,0.0018322924,0.13759676,0.114870116,0.05803342203889043,0.1031276151010168,False
1979-12-03 17:00:00,0.0,0.13162394,0.11109218,0.05456821109354496,0.10252939209203982,False
1979-12-03 18:00:00,0.0,0.13364714,0.11283693,0.055408990144729615,0.10201379565756584,False
1979-12-03 19:00:00,0.0,0.13312471,0.11327971,0.05524012188613415,0.10157153198264356,False
1979-12-03 20:00:00,0.0,0.1346564,0.11494487,0.05589523427188396,0.10122484283011222,False
1979-12-03 21:00:00,0.0,0.14106154,0.1216894,0.058622937574982645,0.10100635790407474,False
1979-12-03 22:00:00,0.0,0.14779963,0.12923057,0.0615165129750967,0.10096421340156163,False
1979-12-03 23:00:00,0.0,0.15711571,0.13739082,0.06539480240643024,0.10092013423286195,False
1979-12-04 00:00:00,0.0,0.1777016,0.15352696,0.07386234904825688,0.10106489817194457,False
1979-12-04 01:00:00,0.0,0.20944087,0.1788205,0.08693998910486699,0.10136840150460417,False
1979-12-04 02:00:00,0.0,0.24831699,0.21082327,0.1030134251564741,0.10182158903732712,False
1979-12-04 03:00:00,0.0,0.28293347,0.2409848,0.11741563081741332,0.1024373732539993,False
1979-12-04 04:00:00,0.0,0.3055148,0.2594085,0.12674302500486373,0.10313393997914905,False
1979-12-04 05:00:00,0.0,0.29475266,0.24782462,0.12214626029133797,0.10394076564770006,False
1979-12-04 06:00:00,0.0,0.27181244,0.22706735,0.1125604269504547,0.10489835542395526,False
1979-12-04 07:00:00,0.0002488601,0.24285282,0.19576097,0.10032737570581958,0.10599400925218873,False
1979-12-04 08:00:00,0.019813463,0.21547237,0.17481415,0.10038163696229457,0.10720208927507408,False
1979-12-04 09:00:00,0.07575321,0.19133651,0.15988533,0.12294658437371254,0.10859842445499159,False
1979-12-04 10:00:00,0.13058932,0.16865034,0.14171317,0.145234526604414,0.11044196591774208,False
1979-12-04 11:00:00,0.17082721,0.1627658,0.13461861,0.1658972856402397,0.11272695476281973,False
1979-12-04 12:00:00,0.17655541,0.14488682,0.12156703,0.16190032851696012,0.11515355974932096,False
1979-12-04 13:00:00,0.15188734,0.12839279,0.10930581,0.14091844803094863,0.1176871655362927,False
1979-12-04 14:00:00,0.099079356,0.11135205,0.09729829,0.10351180168241261,0.12059474137518138,False
1979-12-04 15:00:00,0.037601788,0.10791417,0.0958086,0.06669022550806403,0.12373751052965302,False
1979-12-04 16:00:00,0.0017665405,0.115829974,0.10110811,0.049220392421237186,0.12717469911952084,False
1979-12-04 17:00:00,0.0,0.13107783,0.11411167,0.054529747948050496,0.13091251393484046,False
1979-12-04 18:00:00,0.0,0.14393112,0.12515014,0.05986869129538536,0.13469644953107557,False
1979-12-04 19:00:00,0.0,0.15987669,0.13999115,0.06655402041971684,0.13833933123370729,False
1979-12-04 20:00:00,0.0,0.17765126,0.1557748,0.07396515288949013,0.1418202731616991,False
1979-12-04 21:00:00,0.0,0.20059933,0.17737545,0.0835994262546301,0.14495611174015424,False
1979-12-04 22:00:00,0.0,0.21747714,0.19059786,0.09054135024547577,0.14761621009076112,False
1979-12-04 23:00:00,0.0,0.23581015,0.20563276,0.09811811287701129,0.15003269537149094,False
1979-12-05 00:00:00,0.0,0.25596178,0.22287863,0.10648534154891967,0.15166703500302606,False
1979-12-05 01:00:00,0.0,0.27867556,0.24313591,0.11596061959862708,0.1525329267753484,False
1979-12-05 02:00:00,0.0,0.29673898,0.25733256,0.12339264285564423,0.15278657631093734,False
1979-12-05 03:00:00,0.0,0.31105268,0.26889914,0.12929899263381958,0.15239974092954867,False
1979-12-05 04:00:00,0.0,0.32213926,0.27655205,0.13380319887399672,0.15152917694190612,False
1979-12-05 05:00:00,0.0,0.337749,0.28635436,0.14009251821041108,0.15031833544915638,False
1979-12-05 06:00:00,0.0,0.3534407,0.29529604,0.1463656053543091,0.14911306707823746,False
1979-12-05 07:00:00,0.00020402666,0.36979574,0.30684733,0.1531421073423262,0.14805410293286764,False
1979-12-05 08:00:00,0.022764402,0.398487,0.33032015,0.17801405136473478,0.14725824496009932,False
1979-12-05 09:00:00,0.09196318,0.44495115,0.3683701,0.23714171234518291,0.14669146894145138,False
1979-12-05 10:00:00,0.15298901,0.47901672,0.3942466,0.2863211486190557,0.1462983299829221,False
1979-12-05 11:00:00,0.18422411,0.48793626,0.40402347,0.3081630602926016,0.14634966625538656,False
1979-12-05 12:00:00,0.17788312,0.5090891,0.42511025,0.3134483952820301,0.14640170595905125,False
1979-12-05 13:00:00,0.14212978,0.55525666,0.46483278,0.3119995619654656,0.14650965270572344,False
1979-12-05 14:00:00,0.08890842,0.55173737,0.47900167,0.2807573368400335,0.146626241526582,False
1979-12-05 15:00:00,0.032051142,0.5516109,0.4887943,0.2484328184686601,0.14686188325302987,False
1979-12-05 16:00:00,0.0015917016,0.5669812,0.5058159,0.2374485331742326,0.1471493012492778,False
1979-12-05 17:00:00,0.0,0.5674318,0.49657005,0.23619711971282958,0.14743031391006517,False
1979-12-05 18:00:00,0.0,0.5539078,0.47917277,0.23026731187105176,0.14752539980102883,False
1979-12-05 19:00:00,0.0,0.5357217,0.45637074,0.2223253344297409,0.14748174820717977,False
1979-12-05 20:00:00,0.0,0.4983043,0.41742957,0.2064154860377312,0.14729562029958324,False
1979-12-05 21:00:00,0.0,0.45004514,0.37483338,0.18630765840411184,0.14699085794080602,False
1979-12-05 22:00:00,0.0,0.42880967,0.35698217,0.17750780645012856,0.14651352778047877,False
1979-12-05 23:00:00,0.0,0.34784567,0.28681576,0.14384310472011566,0.14577750137419063,False
1979-12-06 00:00:00,0.0,0.27863544,0.233494,0.11542515411972999,0.1449211268058847,False
1979-12-06 01:00:00,0.0,0.23878261,0.20378485,0.09911516681313515,0.14388784972083377,False
1979-12-06 02:00:00,0.0,0.20319162,0.17532626,0.08444532684981823,0.14266409481101291,False
1979-12-06 03:00:00,0.0,0.18206325,0.15642999,0.07562855941057205,0.14127618242025927,False
1979-12-06 04:00:00,0.0,0.16525482,0.14154826,0.0686226333528757,0.13973942757648036,False
1979-12-06 05:00:00,0.0,0.1546716,0.13369556,0.06429337848722934,0.1380780371294226,False
1979-12-06 06:00:00,0.0,0.14839183,0.12914006,0.06173014797270297,0.13627736696664797,False
1979-12-06 07:00:00,7.39348e-05,0.14920229,0.13014609,0.062126193012940346,0.13434341905329927,False
1979-12-06 08:00:00,0.012479943,0.15848872,0.13876154,0.07317638806719333,0.1322328983076034,False
1979-12-06 09:00:00,0.05877186,0.16851282,0.14783926,0.10407591436430812,0.12974027716014155,False
1979-12-06 10:00:00,0.10698543,0.20659715,0.18025422,0.1476986676827073,0.12662932639284613,False
1979-12-06 11:00:00,0.13365641,0.21950214,0.19035469,0.16839519141614437,0.12292180173528623,False
1979-12-06 12:00:00,0.13857299,0.20958167,0.1812874,0.1670817723572254,0.1192185760066962,False
1979-12-06 13:00:00,0.11637629,0.19077696,0.16609065,0.1465147114321589,0.11541903654558516,False
1979-12-06 14:00:00,0.07483387,0.17180346,0.15274046,0.11482260455191134,0.11135205170072547,False
1979-12-06 15:00:00,0.026102131,0.15668207,0.1409199,0.08048628932796419,0.10725061230775522,False
1979-12-06 16:00:00,0.0011977092,0.14883198,0.13146152,0.06270900013903156,0.10301568220139412,False
1979-12-06 17:00:00,0.0,0.14231956,0.121813945,0.05909387071430683,0.0985335481814551,False
1979-12-06 18:00:00,0.0,0.13934115,0.117713556,0.05777341479063034,0.09399837599675868,False
1979-12-06 19:00:00,0.0,0.13892226,0.117732726,0.05761988085508346,0.08953885025279362,False
1979-12-06 20:00:00,0.0,0.14293027,0.122135006,0.059336559668183325,0.08521427993015152,False
1979-12-06 21:00:00,0.0,0.14587325,0.12704352,0.06068757855892181,0.08121815124857006,False
1979-12-06 22:00:00,0.0,0.13324276,0.11195381,0.05521208274364471,0.07763495066556846,False
1979-12-06 23:00:00,0.0,0.13729613,0.11759006,0.05701213359832764,0.07430952239134114,False
1979-12-07 00:00:00,0.0,0.13651228,0.12064834,0.05688804146647453,0.0716427047600015,False
1979-12-07 01:00:00,0.0,0.13740543,0.12069967,0.057220383927226066,0.06958462763745103,False
1979-12-07 02:00:00,0.0,0.13677548,0.1167166,0.05677284809947014,0.06790893243606899,False
1979-12-07 03:00:00,0.0,0.13414474,0.11176577,0.055534760132431985,0.06660437507303198,False
1979-12-07 04:00:00,0.0,0.13063768,0.108354725,0.05405645741522312,0.06554734305483055,False
1979-12-07 05:00:00,0.0,0.12975547,0.10704783,0.053660350397229196,0.06468967734514501,False
1979-12-07 06:00:00,0.0,0.12947237,0.106681466,0.05353610551357269,0.06396199547131312,False
1979-12-07 07:00:00,5.4053668e-05,0.1252749,0.10332381,0.05183711154892444,0.06332230190937173,False
1979-12-07 08:00:00,0.013007311,0.1230423,0.101118684,0.058368236286565664,0.06273836254778534,False
1979-12-07 09:00:00,0.06013375,0.12865657,0.10453015,0.087816075515002,0.062127403637723205,False
1979-12-07 10:00:00,0.11153537,0.10643746,0.08756729,0.10835996505618095,0.06130906528523485,False
1979-12-07 11:00:00,0.14858015,0.10820717,0.087945044,0.1304082253202796,0.05979895978748781,True
1979-12-07 12:00:00,0.15627018,0.099053875,0.08058759,0.13107050114870072,0.05827578803929793,True
1979-12-07 13:00:00,0.14143795,0.08508953,0.06993626,0.11678428941220044,0.05682103447105718,True
1979-12-07 14:00:00,0.09353499,0.07225341,0.060315676,0.08388824597746133,0.05564527024796215,True
1979-12-07 15:00:00,0.035641562,0.05940945,0.04942416,0.04515617336332798,0.054826195468601284,True
1979-12-07 16:00:00,0.0016842498,0.051578473,0.042626508,0.022306100217159834,0.05423851788329098,True
1979-12-07 17:00:00,0.0,0.04512773,0.034383744,0.01850885484740138,0.053736013166069484,True
1979-12-07 18:00:00,0.0,0.03968071,0.02903509,0.01621007616072893,0.05324990686394596,True
1979-12-07 19:00:00,0.0,0.036109664,0.026323946,0.01474595894291997,0.052779803926985204,True
1979-12-07 20:00:00,0.0,0.035755448,0.026065722,0.014601309321820735,0.05230253243439222,True
1979-12-07 21:00:00,0.0,0.035051964,0.025552882,0.014314030420035123,0.05177956594193677,True
1979-12-07 22:00:00,0.0,0.043802004,0.03193166,0.017887249287217858,0.05123024417406271,True
1979-12-07 23:00:00,0.0,0.038778592,0.028269593,0.015835858415812254,0.05077177504210124,True
1979-12-08 00:00:00,0.0,0.040741522,0.029700568,0.016637452237308024,0.050171314672495665,True
1979-12-08 01:00:00,0.0,0.045692675,0.03372593,0.018681797146797182,0.049505232358512896,True
1979-12-08 02:00:00,0.0,0.05319965,0.04066487,0.021826573424041273,0.048773336216037584,True
1979-12-08 03:00:00,0.0,0.060615417,0.046739515,0.024891022536903618,0.04802050280517289,True
1979-12-08 04:00:00,0.0,0.06690028,0.051268052,0.027454679287970067,0.04729559449122609,True
1979-12-08 05:00:00,0.0,0.071557164,0.054815833,0.029364648543298247,0.046638427321727814,True
1979-12-08 06:00:00,0.0,0.075761616,0.05683001,0.031024856999516487,0.04601753369804793,True
1979-12-08 07:00:00,8.3846564e-05,0.08322309,0.061840817,0.03409710365679348,0.045467186810843135,True
1979-12-08 08:00:00,0.00829087,0.09555531,0.07049292,0.04385036038421094,0.045032393880390244,True
1979-12-08 09:00:00,0.033180624,0.111476585,0.0836221,0.06479567344486713,0.044585813958874974,True
1979-12-08 10:00:00,0.06102973,0.09778662,0.07252199,0.07521360379084945,0.04396736281980022,True
1979-12-08 11:00:00,0.08105283,0.118589714,0.08807146,0.09528294750303029,0.04365345274891586,True
1979-12-08 12:00:00,0.08649512,0.115765624,0.08571118,0.09725360108166933,0.04313883316565187,True
1979-12-08 13:00:00,0.07518176,0.1142062,0.08437157,0.09007802872359752,0.04280312740400936,True
1979-12-08 14:00:00,0.051669773,0.11171972,0.08275888,0.07550701514258981,0.042636496501836985,True
1979-12-08 15:00:00,0.020948965,0.09824522,0.07292087,0.05227776523306966,0.04287244530287763,True
1979-12-08 16:00:00,0.0010939239,0.09289081,0.0681643,0.03858877371239942,0.043533592895622114,True
1979-12-08 17:00:00,0.0,0.08750383,0.06429362,0.03576076821237803,0.04457817354024565,True
1979-12-08 18:00:00,0.0,0.086159065,0.06325516,0.03520847381651401,0.045893224263043986,True
1979-12-08 19:00:00,0.0,0.08488031,0.06277807,0.034710849210619926,0.0474664559577982,True
1979-12-08 20:00:00,0.0,0.08362662,0.0625175,0.034234168030321595,0.04930990899651489,True
1979-12-08 21:00:00,0.0,0.083907835,0.062187824,0.034320133700966836,0.051364802309024994,True
1979-12-08 22:00:00,0.0,0.08112064,0.060593486,0.033205564409494404,0.05370788565505474,True
1979-12-08 23:00:00,0.0,0.06896996,0.05074299,0.028190035857260227,0.05627416737302385,True
1979-12-09 00:00:00,0.0,0.060948055,0.044930704,0.02491609039530158,0.0591132973310928,True
1979-12-09 01:00:00,0.0,0.05404532,0.039752707,0.02208936908841133,0.062420350943172276,False
1979-12-09 02:00:00,0.0,0.050480586,0.037213117,0.020636844377964737,0.06629701813537807,False
1979-12-09 03:00:00,0.0,0.050760116,0.037197743,0.02073916106298566,0.07066953020537452,False
1979-12-09 04:00:00,0.0,0.055111174,0.040303893,0.022512433279305695,0.0755259601652547,False
1979-12-09 05:00:00,0.0,0.058418818,0.042609494,0.02385745646059513,0.08052753960312524,False
1979-12-09 06:00:00,0.0,0.06638817,0.04855965,0.02711945492774248,0.08551235281228269,False
1979-12-09 07:00:00,5.4831624e-05,0.07575031,0.055250876,0.030967050887185908,0.09034108444693678,False
1979-12-09 08:00:00,0.0056630434,0.08243787,0.060097203,0.036932400053832685,0.09497526543985513,False
1979-12-09 09:00:00,0.02715174,0.103968516,0.07591639,0.05813042083941399,0.09923147192102938,False
1979-12-09 10:00:00,0.051048648,0.15585369,0.117170386,0.09329228165373206,0.10333676289714955,False
1979-12-09 11:00:00,0.06486333,0.16642772,0.12719473,0.10570648532360792,0.10748889824548508,False
1979-12-09 12:00:00,0.07731489,0.17133282,0.13192818,0.11495662458986043,0.11154431603804622,False
1979-12-09 13:00:00,0.071027756,0.1651512,0.12707779,0.10878600610792637,0.11583300994897654,False
1979-12-09 14:00:00,0.051079623,0.15994664,0.124454394,0.09521378842741252,0.12026185241762942,False
1979-12-09 15:00:00,0.018943734,0.16023596,0.12654917,0.076891257815063,0.12434196514064218,False
1979-12-09 16:00:00,0.0008514317,0.17450994,0.14000975,0.07244597115908982,0.12810920574770548,False
1979-12-09 17:00:00,0.0,0.19794163,0.1590894,0.08163128954172134,0.1315231513850311,False
1979-12-09 18:00:00,0.0,0.22253077,0.17798786,0.09172519750893116,0.13484239633278122,False
1979-12-09 19:00:00,0.0,0.2505126,0.19986214,0.10323170480132102,0.13790395208251796,False
1979-12-09 20:00:00,0.0,0.27475804,0.21945317,0.11323618832230567,0.14078164096818438,False
1979-12-09 21:00:00,0.0,0.30754516,0.24625683,0.1267820310294628,0.14345633668395824,False
1979-12-09 22:00:00,0.0,0.34165683,0.27772963,0.1410687717497349,0.14591563643551567,False
1979-12-09 23:00:00,0.0,0.3678522,0.30327094,0.15211409640312196,0.14839685424081184,False
1979-12-10 00:00:00,0.0,0.42351133,0.35371011,0.17537602561712265,0.15079550082133286,False
1979-12-10 01:00:00,0.0,0.49386182,0.41716313,0.20476182237267493,0.1531858133726208,False
1979-12-10 02:00:00,0.0,0.55829376,0.47586584,0.2317071527838707,0.15548503521610185,False
1979-12-10 03:00:00,0.0,0.62239003,0.52477294,0.25799966061115265,0.1578458096528346,False
1979-12-10 04:00:00,0.0,0.64769924,0.5283236,0.2675304923057556,0.1604046399999796,False
1979-12-10 05:00:00,0.0,0.6508368,0.5273499,0.26863568258285525,0.1632972394077959,False
1979-12-10 06:00:00,0.0,0.63663733,0.5163852,0.2628039754629135,0.16651544047230057,False
1979-12-10 07:00:00,5.1690975e-05,0.6206643,0.5089415,0.25653779131687404,0.16997565874959475,False
1979-12-10 08:00:00,0.0060927067,0.590454,0.49546778,0.24814827148057517,0.17361603761685016,False
1979-12-10 09:00:00,0.038058568,0.5777807,0.4942363,0.2618496402986348,0.17741591640395396,False
1979-12-10 10:00:00,0.06833063,0.5657688,0.4874194,0.2745161005109549,0.18152565482235952,False
1979-12-10 11:00:00,0.07899771,0.5871114,0.5132817,0.2899430015459657,0.18563488310327572,False
1979-12-10 12:00:00,0.07692182,0.62248904,0.537566,0.303110908806324,0.19005200269446218,False
1979-12-10 13:00:00,0.07474349,0.62589836,0.52924037,0.30266246721893547,0.19438153351999019,False
1979-12-10 14:00:00,0.050120566,0.58528876,0.49002418,0.27135242584720254,0.19878325114647988,False
1979-12-10 15:00:00,0.020339249,0.5353181,0.4414296,0.23310531437210738,0.20295528300976198,False
1979-12-10 16:00:00,0.0006824131,0.48904645,0.40011612,0.20245816430402921,0.20679616970115314,False
1979-12-10 17:00:00,0.0,0.47214466,0.38635454,0.19508452570438384,0.21024096738888162,False
1979-12-10 18:00:00,0.0,0.44086054,0.36084464,0.18216314980387688,0.21344044909594792,False
1979-12-10 19:00:00,0.0,0.4180192,0.3442746,0.17283991572260857,0.2163802702135055,False
1979-12-10 20:00:00,0.0,0.39322942,0.32440564,0.16261956238746644,0.21895795282224406,False
1979-12-10 21:00:00,0.0,0.36799657,0.306959,0.1523665217757225,0.22105077123331118,False
1979-12-10 22:00:00,0.0,0.3675681,0.3087294,0.15230401906371116,0.22265108742067805,False
1979-12-10 23:00:00,0.0,0.3456333,0.29234046,0.14332507172226908,0.2235306426982044,False
1979-12-11 00:00:00,0.0,0.3369383,0.2837197,0.1396510928571224,0.2240175570646881,False
1979-12-11 01:00:00,0.0,0.319209,0.27155358,0.1324520175755024,0.22390986621069006,False
1979-12-11 02:00:00,0.0,0.32239115,0.27762374,0.13395401734113693,0.22297703284086876,False
1979-12-11 03:00:00,0.0,0.34567398,0.29646888,0.14356301772594451,0.2211787803738027,False
1979-12-11 04:00:00,0.0,0.38853425,0.33311236,0.16135720485448837,0.21849648297453517,False
1979-12-11 05:00:00,0.0,0.4287842,0.3724026,0.1783311075568199,0.21527196331570142,False
1979-12-11 06:00:00,0.0,0.4647462,0.40219596,0.19320993223786354,0.2117008050192728,False
1979-12-11 07:00:00,3.67369e-05,0.4940997,0.4326157,0.20570523651544498,0.2079996539742335,False
1979-12-11 08:00:00,0.0077521196,0.51549816,0.45619977,0.21932658183481546,0.20414754773781355,False
1979-12-11 09:00:00,0.041982636,0.5551936,0.4871749,0.2553978649228811,0.20031915983272672,False
1979-12-11 10:00:00,0.0824062,0.5821452,0.5217644,0.2905352391377091,0.19664563517918765,False
1979-12-11 11:00:00,0.11317759,0.60533637,0.53806734,0.3177282257005572,0.19303925694550653,False
1979-12-11 12:00:00,0.111472405,0.61972755,0.55139,0.3227741042152047,0.18925386702403382,False
1979-12-11 13:00:00,0.09722561,0.6340604,0.555574,0.3200684521794319,0.1851232885197794,False
1979-12-11 14:00:00,0.06446204,0.62159324,0.5353484,0.29547131786495445,0.1805592303567313,False
1979-12-11 15:00:00,0.023675276,0.5975705,0.5016607,0.2612538190018386,0.17611142511947345,False
1979-12-11 16:00:00,0.0010774428,0.57352936,0.47300446,0.23779626017005648,0.1717739338344176,False
1979-12-11 17:00:00,0.0,0.56873924,0.4692895,0.2352064114809036,0.16774387028553314,False
1979-12-11 18:00:00,0.0,0.5630409,0.46434286,0.23283661115169524,0.16385260369519958,False
1979-12-11 19:00:00,0.0,0.5490573,0.45108008,0.22696047002077102,0.16027543644661338,False
1979-12-11 20:00:00,0.0,0.517322,0.4222158,0.21369147205352784,0.15696743960779416,False
1979-12-11 21:00:00,0.0,0.49314713,0.4004799,0.2035972080230713,0.15394362575475382,False
1979-12-11 22:00:00,0.0,0.44455495,0.35641938,0.18328742507100104,0.15119043847297572,False
1979-12-11 23:00:00,0.0,0.42553997,0.34188402,0.17548598599433898,0.1484925957383427,False
1979-12-12 00:00:00,0.0,0.41254124,0.33294716,0.17020686462521553,0.1460327316213704,False
1979-12-12 01:00:00,0.0,0.3883058,0.30927733,0.15998582062125205,0.14368159258815713,False
1979-12-12 02:00:00,0.0,0.3536185,0.27603346,0.1453910343647003,0.14151407331492075,False
1979-12-12 03:00:00,0.0,0.3146815,0.24318355,0.12924938544631004,0.13936756620587104,False
1979-12-12 04:00:00,0.0,0.2745362,0.21203136,0.11275354868173598,0.13711443300576204,False
1979-12-12 05:00:00,0.0,0.23659863,0.18361466,0.09722008435428142,0.13462751635707237,False
1979-12-12 06:00:00,0.0,0.20713347,0.16141619,0.0851487253010273,0.1319260059272244,False
1979-12-12 07:00:00,1.8267603e-05,0.17409945,0.13673067,0.07163669196871524,0.1290578162915378,False
1979-12-12 08:00:00,0.008644552,0.14428852,0.11398666,0.0643856520364061,0.12605187219040132,False
1979-12-12 09:00:00,0.050058592,0.13768859,0.10795479,0.08552045692875981,0.12302015648941639,False
1979-12-12 10:00:00,0.09163151,0.11797025,0.09273226,0.10140994529426098,0.11981302236971575,False
1979-12-12 11:00:00,0.120271504,0.09443039,0.0741262,0.10824428531527519,0.11634273304794424,False
1979-12-12 12:00:00,0.12769745,0.07577806,0.059251968,0.1048431406021118,0.11245881535225677,False
1979-12-12 13:00:00,0.10582967,0.05487027,0.042163435,0.08358767539262771,0.10833441908708281,False
1979-12-12 14:00:00,0.07331547,0.03805764,0.027990337,0.05785777445882559,0.1040126261536138,False
1979-12-12 15:00:00,0.024981638,0.025690991,0.018728731,0.024905732689425347,0.09985125355900083,False
1979-12-12 16:00:00,0.0009748101,0.020698708,0.01508936,0.009015113957575522,0.09589939471714792,False
1979-12-12 17:00:00,0.0,0.020334037,0.014823513,0.008303729368373751,0.09215639389281245,False
1979-12-12 18:00:00,0.0,0.025612127,0.01867124,0.010459121871739627,0.08841765851968053,False
1979-12-12 19:00:00,0.0,0.034353346,0.025549684,0.014056067459285258,0.0846442932772738,False
1979-12-12 20:00:00,0.0,0.042453088,0.03354274,0.017476497441530226,0.08089329036439853,False
1979-12-12 21:00:00,0.0,0.048901055,0.040167462,0.020213532250374554,0.07738132595944303,False
1979-12-12 22:00:00,0.0,0.05462456,0.04909453,0.022807567801326513,0.07403459709345447,False
1979-12-12 23:00:00,0.0,0.06041548,0.054782998,0.025251594107598068,0.07102993188400837,False
1979-12-13 00:00:00,0.0,0.06402016,0.058758914,0.026796419262886048,0.06823360464603724,False
1979-12-13 01:00:00,0.0,0.06784816,0.06250224,0.02841109246015549,0.06563562047829004,False
1979-12-13 02:00:00,0.0,0.07380385,0.06829733,0.030921676106750964,0.06342655903448434,False
1979-12-13 03:00:00,0.0,0.08473869,0.07674164,0.03541262412071228,0.061766624781052486,False
1979-12-13 04:00:00,0.0,0.10076072,0.08897222,0.041985205717384816,0.060675828519957974,False
1979-12-13 05:00:00,0.0,0.117063515,0.101151295,0.04865860692411661,0.06012053317924113,False
1979-12-13 06:00:00,0.0,0.13364956,0.11518783,0.05553682972490788,0.06018917282738806,False
1979-12-13 07:00:00,2.5153971e-05,0.14786974,0.12669395,0.06141991966089336,0.06080087239177049,False
1979-12-13 08:00:00,0.012643457,0.16000074,0.13830888,0.07380422818753868,0.06189717055208221,False
1979-12-13 09:00:00,0.05437643,0.1686,0.14568202,0.10145542717725038,0.06346486258923013,False
1979-12-13 10:00:00,0.0920115,0.17041291,0.14793247,0.12396135169267655,0.06515517802743179,False
1979-12-13 11:00:00,0.102080986,0.17396885,0.15194336,0.13130017630755902,0.06678756326767864,False
1979-12-13 12:00:00,0.09182081,0.17250916,0.1512332,0.12480308348685504,0.06888193973407088,False
1979-12-13 13:00:00,0.071813494,0.17101997,0.14962289,0.11262239137291907,0.07114755557839386,False
1979-12-13 14:00:00,0.045930434,0.16620998,0.14614981,0.09572543332353234,0.07391490144396139,False
1979-12-13 15:00:00,0.015676167,0.15021199,0.13131893,0.07156459459289907,0.0768696445463095,False
1979-12-13 16:00:00,0.00082515395,0.13847348,0.12147023,0.05813222060195403,0.07986825900246483,False
1979-12-13 17:00:00,0.0,0.13396224,0.11694529,0.055747113570570946,0.08261369723468724,False
1979-12-13 18:00:00,0.0,0.12422073,0.10884501,0.05171507951617241,0.08514342298035682,False
1979-12-13 19:00:00,0.0,0.112619646,0.099179275,0.04691233020275831,0.0873970265637914,False
1979-12-13 20:00:00,0.0,0.10821906,0.09600645,0.04511718061566353,0.08935644483592532,False
1979-12-13 21:00:00,0.0,0.10295512,0.091921926,0.042954222455620764,0.09108839052010499,False
1979-12-13 22:00:00,0.0,0.09364917,0.08346205,0.039063495017588136,0.09269351024835543,False
1979-12-13 23:00:00,0.0,0.09909852,0.08694306,0.04126227857172489,0.09406328161692419,False
1979-12-14 00:00:00,0.0,0.109489724,0.09447993,0.04550362457334996,0.09545799721920105,False
1979-12-14 01:00:00,0.0,0.13014597,0.109759435,0.053950871318578716,0.09688821953491482,False
1979-12-14 02:00:00,0.0,0.15865733,0.13277104,0.0657141901999712,0.09835301809807483,False
1979-12-14 03:00:00,0.0,0.18501641,0.15963167,0.07689116491377353,0.0998834841409995,False
1979-12-14 04:00:00,0.0,0.2068362,0.18105216,0.08609937232732773,0.10152215851008134,False
1979-12-14 05:00:00,0.0,0.24143434,0.21158366,0.10051478746533393,0.10323861458108934,False
1979-12-14 06:00:00,0.0,0.2755658,0.2375282,0.11451030439138413,0.1050949643310456,False
1979-12-14 07:00:00,1.8757428e-05,0.2994663,0.2545391,0.12425900366367751,0.10706857537388043,False
1979-12-14 08:00:00,0.0052662846,0.32926193,0.27960318,0.139634869819507,0.10920404938947914,False
1979-12-14 09:00:00,0.027102984,0.3637532,0.3109675,0.16665559796243906,0.11145282820849835,False
1979-12-14 10:00:00,0.051438287,0.36193243,0.30613852,0.17976443682610987,0.1137477489746036,False
1979-12-14 11:00:00,0.07046016,0.4046819,0.34798563,0.20877435570210218,0.11583745113004464,False
1979-12-14 12:00:00,0.074538134,0.41052696,0.35369906,0.21359270112961531,0.11848671654632159,False
1979-12-14 13:00:00,0.07230914,0.42022496,0.36360914,0.21642027693986893,0.12171205915608597,False
1979-12-14 14:00:00,0.050602645,0.41082305,0.34988913,0.19968544337153432,0.12506343544853696,False
1979-12-14 15:00:00,0.02158637,0.37715766,0.318754,0.16883922658488154,0.12840319183512436,False
1979-12-14 16:00:00,0.001297749,0.33760396,0.28650904,0.1407961491042515,0.13154449934342566,False
1979-12-14 17:00:00,0.0,0.31265077,0.26597095,0.12973056516051293,0.13451717992658654,False
1979-12-14 18:00:00,0.0,0.28567865,0.24475315,0.11863209387660027,0.13754300823873766,False
1979-12-14 19:00:00,0.0,0.26041073,0.22252938,0.10810814452171326,0.14069698958351204,False
1979-12-14 20:00:00,0.0,0.24232835,0.20723575,0.10060989028215409,0.143974098947094,False
1979-12-14 21:00:00,0.0,0.23422973,0.20052795,0.09725927920639516,0.14734430697393527,False
1979-12-14 22:00:00,0.0,0.21317433,0.18324567,0.08855659349262715,0.15073857645803054,False
1979-12-14 23:00:00,0.0,0.22199713,0.19038895,0.09219794301688672,0.1539516819191251,False
1979-12-15 00:00:00,0.0,0.22999424,0.19591142,0.09544709041714668,0.1570609856720168,False
1979-12-15 01:00:00,0.0,0.23828267,0.19990963,0.09872142349183559,0.15997708246084785,False
1979-12-15 02:00:00,0.0,0.25202134,0.21089205,0.10438404616713523,0.16272301642569637,False
1979-12-15 03:00:00,0.0,0.27558857,0.2292002,0.1140689938366413,0.16505613770029431,False
1979-12-15 04:00:00,0.0,0.30025986,0.25146684,0.12437509712576865,0.1671288731188599,False
1979-12-15 05:00:00,0.0,0.3322349,0.28090224,0.13776339492201806,0.16892684470276273,False
1979-12-15 06:00:00,0.0,0.36192316,0.30963916,0.15027015978097916,0.1703816728272561,False
1979-12-15 07:00:00,1.5126958e-05,0.39468643,0.33841947,0.16392267240963157,0.1715580160857264,False
1979-12-15 08:00:00,0.0054380116,0.43004507,0.368912,0.18174561150046065,0.17250787703346318,False
1979-12-15 09:00:00,0.029686756,0.4682083,0.4021018,0.2116116239503026,0.17328305793569823,False
1979-12-15 10:00:00,0.06556246,0.44968453,0.37970233,0.22426705515384673,0.17407365800472066,False
1979-12-15 11:00:00,0.09111461,0.4961535,0.42242858,0.2584649162888527,0.17483011462540146,False
1979-12-15 12:00:00,0.10634278,0.52497476,0.4545196,0.2796195287555456,0.17589043285962289,False
1979-12-15 13:00:00,0.09397789,0.52668387,0.4614234,0.2734884534105658,0.1770435304443113,False
1979-12-15 14:00:00,0.07148738,0.5164027,0.4487577,0.2560337398797274,0.17757067440016286,False
1979-12-15 15:00:00,0.028722866,0.4949503,0.42847413,0.2223473549913615,0.1773806884150713,False
1979-12-15 16:00:00,0.0011488422,0.48287505,0.40698358,0.20082088859367647,0.17655381868854103,False
1979-12-15 17:00:00,0.0,0.48541844,0.40495312,0.20098687255382539,0.17555129747936724,False
1979-12-15 18:00:00,0.0,0.49076563,0.40766048,0.20310618406534195,0.17453340076195298,False
1979-12-15 19:00:00,0.0,0.4939677,0.40628693,0.2042135796546936,0.1735118882451787,False
1979-12-15 20:00:00,0.0,0.5012589,0.4059746,0.2068871659040451,0.17255171036632952,False
1979-12-15 21:00:00,0.0,0.49895927,0.40302196,0.20587915769219398,0.17161117848946003,False
1979-12-15 22:00:00,0.0,0.4697878,0.36927512,0.1932925571501255,0.17065296452963943,False
1979-12-15 23:00:00,0.0,0.46361676,0.35989398,0.19050885871052742,0.16993200461106595,False
1979-12-16 00:00:00,0.0,0.4522577,0.34431818,0.1854762704372406,0.16925314284028706,False
1979-12-16 01:00:00,0.0,0.45305476,0.34404624,0.1857557016313076,0.1686415549815282,False
1979-12-16 02:00:00,0.0,0.43313187,0.33108056,0.17770401138067246,0.16820185388630474,False
1979-12-16 03:00:00,0.0,0.4299006,0.32868794,0.17638246500492097,0.16789038919849542,False
1979-12-16 04:00:00,0.0,0.4202721,0.32077035,0.17240200835466382,0.16768689014582183,False
1979-12-16 05:00:00,0.0,0.4149165,0.31930286,0.17034653744101524,0.16761453768616763,False
1979-12-16 06:00:00,0.0,0.41615748,0.32245684,0.1709747807979584,0.1677038214225903,False
1979-12-16 07:00:00,1.5703225e-05,0.41323072,0.32150248,0.16985232915504272,0.16790947918413426,False
1979-12-16 08:00:00,0.007515044,0.4197909,0.32600987,0.17684355312678962,0.16813193201402113,False
1979-12-16 09:00:00,0.040847257,0.44023862,0.34421262,0.20460440127551557,0.1682800787879619,False
1979-12-16 10:00:00,0.08435953,0.4084678,0.30878314,0.21607435461878777,0.16820896778746963,False
1979-12-16 11:00:00,0.122725725,0.46048808,0.35068122,0.25966963094472884,0.16848536246404197,False
1979-12-16 12:00:00,0.13303997,0.46855047,0.35707778,0.2689413851946592,0.16826909422512001,False
1979-12-16 13:00:00,0.113619566,0.43040648,0.32119825,0.24172318682074545,0.16792570504354457,False
1979-12-16 14:00:00,0.07523515,0.35980746,0.2664163,0.19056611608713864,0.1677289989580011,False
1979-12-16 15:00:00,0.0278857,0.27657947,0.20373346,0.1291494797114283,0.16773282830729916,False
1979-12-16 16:00:00,0.0014061444,0.22469133,0.16579045,0.09267513106390834,0.1679268989487744,False
1979-12-16 17:00:00,0.0,0.1977902,0.14605439,0.08087152272462846,0.16831916470921363,False
1979-12-16 18:00:00,0.0,0.17000635,0.12716945,0.06959949307143688,0.16874815484977093,False
1979-12-16 19:00:00,0.0,0.1514231,0.113786735,0.062019606336951257,0.16911264484843938,False
1979-12-16 20:00:00,0.0,0.13538933,0.10195737,0.0554643601924181,0.16942128780207366,False
1979-12-16 21:00:00,0.0,0.12513031,0.0942949,0.05126500913500785,0.16971166884622305,False
1979-12-16 22:00:00,0.0,0.13163798,0.09955749,0.0539505174010992,0.1700490088379267,False
1979-12-16 23:00:00,0.0,0.14446694,0.1167459,0.059612578019499776,0.1707463889429602,False
1979-12-17 00:00:00,0.0,0.15966643,0.1328511,0.06609087319672108,0.17124270597754745,False
1979-12-17 01:00:00,0.0,0.18729477,0.15748152,0.0776157709211111,0.17173487362920073,False
1979-12-17 02:00:00,0.0,0.21594691,0.18054315,0.08943374115228653,0.17233423500976294,False
1979-12-17 03:00:00,0.0,0.25209737,0.20883538,0.10430103930830956,0.1732929789433512,False
1979-12-17 04:00:00,0.0,0.29267076,0.2390124,0.12090217906236649,0.17467943340263095,False
1979-12-17 05:00:00,0.0,0.3436405,0.28232718,0.14204901427030564,0.17651620720795122,False
1979-12-17 06:00:00,0.0,0.38747555,0.31783804,0.16014173233509063,0.17873869329227832,False
1979-12-17 07:00:00,1.5904916e-05,0.42265594,0.34502202,0.1746004082442014,0.18138243700473333,False
1979-12-17 08:00:00,0.005715051,0.4492418,0.36646023,0.18885665664961562,0.18430622681682007,False
1979-12-17 09:00:00,0.023061639,0.4717042,0.38579398,0.20819829592667521,0.18718017245620147,False
1979-12-17 10:00:00,0.0414942,0.51698774,0.42265502,0.23753399962931873,0.18984523361634742,False
1979-12-17 11:00:00,0.052598655,0.52694833,0.43130893,0.2480840408205986,0.19197197058029133,False
1979-12-17 12:00:00,0.060346194,0.5518493,0.45712408,0.2631368480399251,0.1936364563452915,False
1979-12-17 13:00:00,0.05361784,0.5631886,0.46837908,0.26404656130447984,0.19482758142466006,False
1979-12-17 14:00:00,0.03673903,0.56811327,0.47009876,0.2562175486460328,0.19599019028813547,False
1979-12-17 15:00:00,0.013586112,0.5415939,0.443989,0.23166274578217416,0.1971300729694059,False
1979-12-17 16:00:00,0.0005190419,0.53079385,0.43494868,0.21964964509475976,0.19766079008304327,False
1979-12-17 17:00:00,0.0,0.5362652,0.43882486,0.22157839930057524,0.1977927151837416,False
1979-12-17 18:00:00,0.0,0.53365815,0.43855274,0.2206017040014267,0.19776688477052673,False
1979-12-17 19:00:00,0.0,0.52973574,0.43622133,0.2190284414291382,0.19770093588652385,False
1979-12-17 20:00:00,0.0,0.53351337,0.44368562,0.22082545602321624,0.19755238631675318,False
1979-12-17 21:00:00,0.0,0.53585553,0.4507553,0.2220714772939682,0.19736637479188215,False
1979-12-17 22:00:00,0.0,0.5466412,0.4640039,0.2267668021917343,0.1970857872248657,False
1979-12-17 23:00:00,0.0,0.5163779,0.44053003,0.2143320763707161,0.19669835579935757,False
1979-12-18 00:00:00,0.0,0.5031673,0.43391842,0.20910031771659848,0.19603179351873992,False
1979-12-18 01:00:00,0.0,0.5156097,0.44935325,0.21452504789829252,0.19513742871401196,False
1979-12-18 02:00:00,0.0,0.53750616,0.47007307,0.22372372019290923,0.19393629987030583,False
1979-12-18 03:00:00,0.0,0.5833544,0.51249075,0.2429322790503502,0.19245150259398217,False
1979-12-18 04:00:00,0.0,0.6253868,0.5518413,0.26056715101003647,0.1906322509337246,False
1979-12-18 05:00:00,0.0,0.665061,0.5855252,0.2770258694887161,0.1884180994325347,False
1979-12-18 06:00:00,0.0,0.71515626,0.62929296,0.2978744789958,0.1856863774951111,False
1979-12-18 07:00:00,5.9067174e-06,0.744759,0.655088,0.31019424013520663,0.18252615021209062,False
1979-12-18 08:00:00,0.007605028,0.7456957,0.6526505,0.31479294381709766,0.17903351037425833,False
1979-12-18 09:00:00,0.045189984,0.7369052,0.6395313,0.33252733696252107,0.17536658753118428,False
1979-12-18 10:00:00,0.08855275,0.6430002,0.55177265,0.31815772888809446,0.17185718052249663,False
1979-12-18 11:00:00,0.12312275,0.6476017,0.5473719,0.3395649476647377,0.16843309151634833,False
1979-12-18 12:00:00,0.13830806,0.59535986,0.4930342,0.3261153890043497,0.16543993814775979,False
1979-12-18 13:00:00,0.12554984,0.5452057,0.44268978,0.29752841226756577,0.16228264959658445,False
1979-12-18 14:00:00,0.0837894,0.47874027,0.37553406,0.24528048478811978,0.1588329802701617,False
1979-12-18 15:00:00,0.030508079,0.33336872,0.25940153,0.15462390116602182,0.15500053285540963,False
1979-12-18 16:00:00,0.0013420063,0.23894492,0.18634303,0.09900753589742817,0.15107252674580268,False
1979-12-18 17:00:00,0.0,0.19369332,0.15108937,0.07963166289031505,0.1470650069453345,False
1979-12-18 18:00:00,0.0,0.16183555,0.124382004,0.06643394663929938,0.14297878423478094,False
1979-12-18 19:00:00,0.0,0.1337241,0.10268586,0.05488922698795795,0.1389032814663892,False
1979-12-18 20:00:00,0.0,0.11343783,0.08661569,0.0465358069986105,0.13485356170037402,False
1979-12-18 21:00:00,0.0,0.09228611,0.0693191,0.03779680591821671,0.1307387484165897,False
1979-12-18 22:00:00,0.0,0.08619941,0.06567086,0.03535380897670984,0.1265513033783586,False
1979-12-18 23:00:00,0.0,0.067464925,0.0504265,0.02761758854985237,0.12227355251233663,False
1979-12-19 00:00:00,0.0,0.05668174,0.04158889,0.02316136256977916,0.11821847403986017,False
1979-12-19 01:00:00,0.0,0.048876725,0.035668053,0.019961586423218252,0.11426700726831901,False
1979-12-19 02:00:00,0.0,0.044478413,0.03242477,0.018163471888750792,0.11020612853002372,False
1979-12-19 03:00:00,0.0,0.04156768,0.030342331,0.016976959615945815,0.10597315881150414,False
1979-12-19 04:00:00,0.0,0.03579797,0.026175123,0.014622907005250454,0.10137785283551191,False
1979-12-19 05:00:00,0.0,0.02675461,0.019516854,0.01092636127397418,0.0964342312615422,False
1979-12-19 06:00:00,0.0,0.020694237,0.015086097,0.008450822750106455,0.09112387767998142,False
1979-12-19 07:00:00,9.623627e-06,0.0170145,0.01240357,0.006953696028251215,0.0853455298457352,False
1979-12-19 08:00:00,0.008016711,0.020125862,0.014671754,0.012844360182061792,0.07929509824846155,False
1979-12-19 09:00:00,0.047157586,0.030621966,0.022913463,0.03974675950966775,0.07321263738141455,False
1979-12-19 10:00:00,0.0945364,0.045189306,0.03621055,0.07317772733420133,0.06722683502301012,False
1979-12-19 11:00:00,0.1362002,0.06282151,0.048963424,0.10441267912834883,0.062044820774753866,False
1979-12-19 12:00:00,0.14249001,0.07145591,0.055611633,0.11158699758350848,0.05677741019165824,True
1979-12-19 13:00:00,0.120134756,0.07091753,0.05511315,0.0984624336361885,0.0519371902709243,True
1979-12-19 14:00:00,0.07609647,0.06895179,0.05387406,0.0722600727379322,0.04745600579766306,True
1979-12-19 15:00:00,0.025397183,0.069140196,0.05465825,0.04311845252104104,0.04364388914004649,True
1979-12-19 16:00:00,0.0009163767,0.06491899,0.05194146,0.02728869467228651,0.04122040006888935,True
1979-12-19 17:00:00,0.0,0.061669633,0.04969657,0.025439709194004536,0.0397314571213184,True
1979-12-19 18:00:00,0.0,0.060480516,0.049264085,0.024977571118623018,0.03873649330914226,True
1979-12-19 19:00:00,0.0,0.059643615,0.048766643,0.024641892660409212,0.038059755977822664,True
1979-12-19 20:00:00,0.0,0.05634542,0.04672144,0.02331441840156913,0.037597917745469334,True
1979-12-19 21:00:00,0.0,0.05091248,0.042359445,0.021074115458875893,0.0372871575524306,True
1979-12-19 22:00:00,0.0,0.05164238,0.04405041,0.021434760622680186,0.03716792837588322,True
1979-12-19 23:00:00,0.0,0.047403052,0.04067747,0.01968830969184637,0.037051413481703224,True
1979-12-20 00:00:00,0.0,0.04692697,0.03914556,0.01942991268262267,0.03709870068833438,True
1979-12-20 01:00:00,0.0,0.047399692,0.039118186,0.01960286846011877,0.037250087903227855,True
1979-12-20 02:00:00,0.0,0.04966201,0.041035045,0.020541173703968525,0.03744057795440053,True
1979-12-20 03:00:00,0.0,0.05407694,0.04450373,0.022357592202723025,0.037607980974598054,True
1979-12-20 04:00:00,0.0,0.056282118,0.04639285,0.02327331545948982,0.037746021803116626,True
1979-12-20 05:00:00,0.0,0.053495217,0.04424375,0.022128897573798895,0.037890222773069714,True
1979-12-20 06:00:00,0.0,0.049612436,0.040866554,0.02051378295198083,0.03809296478971114,True
1979-12-20 07:00:00,6.7711144e-06,0.047774885,0.039642297,0.019773523466071308,0.038363245974525076,True
1979-12-20 08:00:00,0.0064832703,0.046118133,0.03845156,0.02283482219884172,0.03868860933649836,True
1979-12-20 09:00:00,0.04118241,0.05189711,0.04252852,0.04520882375910878,0.03904328200249717,True
1979-12-20 10:00:00,0.08570969,0.04846185,0.038595006,0.06942104497179388,0.03948297551275791,True
1979-12-20 11:00:00,0.11883468,0.04414581,0.034663405,0.08672923967614769,0.04004879304240397,True
1979-12-20 12:00:00,0.13154152,0.043551695,0.033607412,0.09378483280912041,0.04042536236673222,True
1979-12-20 13:00:00,0.11384586,0.040845558,0.030934889,0.08243155755102634,0.0406441857192504,True
1979-12-20 14:00:00,0.07834505,0.041815985,0.030809097,0.06229888522252441,0.0408637738400288,True
1979-12-20 15:00:00,0.028787209,0.052455105,0.043153197,0.0382964257504791,0.04104100161807861,True
1979-12-20 16:00:00,0.0011844552,0.06462724,0.055692464,0.027538274414022453,0.04120199251482978,True
1979-12-20 17:00:00,0.0,0.07683187,0.06523037,0.031873399905860425,0.04139815478062312,True
1979-12-20 18:00:00,0.0,0.08174419,0.0701287,0.03395055473595857,0.041634052856248424,True
1979-12-20 19:00:00,0.0,0.07882582,0.067301214,0.03272099183499813,0.04193265419139582,True
1979-12-20 20:00:00,0.0,0.07641455,0.063376844,0.03161931773275137,0.04229594663752298,True
1979-12-20 21:00:00,0.0,0.07719327,0.06647203,0.032073805443942546,0.042760068064677144,True
1979-12-20 22:00:00,0.0,0.07143257,0.06300882,0.029761094056069852,0.04332342410216163,True
1979-12-20 23:00:00,0.0,0.07186129,0.062417753,0.02988737446814775,0.04387009444635417,True
1979-12-21 00:00:00,0.0,0.07327405,0.0627745,0.030427948884665965,0.04460305978858898,True
1979-12-21 01:00:00,0.0,0.07004222,0.060361642,0.02910510887950659,0.0454806800094718,True
1979-12-21 02:00:00,0.0,0.06301993,0.054527078,0.02619881685823202,0.04653463431506472,True
1979-12-21 03:00:00,0.0,0.056710735,0.049567744,0.02360291938483715,0.047712950744787784,True
1979-12-21 04:00:00,0.0,0.051676206,0.04585247,0.021544553562998774,0.04901870808902251,True
1979-12-21 05:00:00,0.0,0.049577795,0.04377355,0.020657978072762487,0.05043108398619162,True
1979-12-21 06:00:00,0.0,0.051490176,0.04489712,0.02142431962117553,0.051969161187653046,True
1979-12-21 07:00:00,3.976229e-06,0.054311298,0.046814337,0.022571137402968816,0.053646452964870806,True
1979-12-21 08:00:00,0.008501322,0.06022416,0.05075315,0.029868648150004447,0.05541067668388358,True
1979-12-21 09:00:00,0.053335063,0.07271938,0.060078986,0.06085204800218344,0.05729998425509968,True
1979-12-21 10:00:00,0.10625083,0.09403238,0.08022764,0.10033696875721215,0.05915584353713816,True
1979-12-21 11:00:00,0.14355758,0.0954659,0.082006805,0.12248800669610499,0.06074372666196464,False
1979-12-21 12:00:00,0.14372176,0.09439525,0.080207705,0.12209051850438117,0.06247579196544861,False
1979-12-21 13:00:00,0.1223511,0.092615075,0.07835397,0.10900266343355179,0.06414513498225746,False
1979-12-21 14:00:00,0.07745025,0.086938955,0.07403214,0.08076700608432294,0.06584388664977191,False
1979-12-21 15:00:00,0.02717594,0.08473465,0.072192825,0.050846015565097324,0.06751902721480031,False
1979-12-21 16:00:00,0.0014649811,0.08641427,0.07356155,0.03670448343036696,0.06904902405628655,False
1979-12-21 17:00:00,0.0,0.088835485,0.07375042,0.036762816824018954,0.07046456219376203,False
1979-12-21 18:00:00,0.0,0.09543985,0.075798705,0.03931043520569801,0.07174716479032438,False
1979-12-21 19:00:00,0.0,0.10235401,0.07983888,0.04207993007451295,0.07296686362874832,False
1979-12-21 20:00:00,0.0,0.11058639,0.088627204,0.04559224690496922,0.074163806945357,False
1979-12-21 21:00:00,0.0,0.116570756,0.09445549,0.048115205258131025,0.07531656341794085,False
1979-12-21 22:00:00,0.0,0.115374014,0.09448011,0.04767493714392185,0.07637680018347827,False
1979-12-21 23:00:00,0.0,0.13282855,0.10846133,0.05487064611911774,0.07731583042143982,False
1979-12-22 00:00:00,0.0,0.14901425,0.12165602,0.06155568328499794,0.078161870207909,False
1979-12-22 01:00:00,0.0,0.16996263,0.13845305,0.07019267512857914,0.07880636149439167,False
1979-12-22 02:00:00,0.0,0.18668139,0.15212832,0.07710036233067513,0.07929974830084617,False
1979-12-22 03:00:00,0.0,0.20590809,0.16766407,0.0850339447259903,0.0797249578468422,False
1979-12-22 04:00:00,0.0,0.22024998,0.18139103,0.09106735852360726,0.08008284342409248,False
1979-12-22 05:00:00,0.0,0.23172851,0.19349599,0.09595660324394703,0.0803693757581445,False
1979-12-22 06:00:00,0.0,0.24397795,0.20362824,0.10102378825843335,0.08057236657691325,False
1979-12-22 07:00:00,3.3711508e-06,0.25208658,0.21174757,0.10445626197868434,0.0806672748658261,False
1979-12-22 08:00:00,0.006776128,0.26457396,0.22192533,0.11352158561721444,0.0806910752698569,False
1979-12-22 09:00:00,0.03890504,0.27000445,0.22611517,0.13429006929695605,0.0806634252138963,False
1979-12-22 10:00:00,0.07846549,0.24189919,0.20563045,0.14563943496346474,0.08049377973129966,False
1979-12-22 11:00:00,0.104897276,0.26375622,0.22252968,0.16986837424337864,0.08019744147842123,False
1979-12-22 12:00:00,0.113823764,0.26107284,0.22039086,0.17391329761594534,0.0799506252255973,False
1979-12-22 13:00:00,0.095857516,0.26210397,0.22121267,0.16397163759171962,0.07987840215971066,False
1979-12-22 14:00:00,0.06681399,0.25106588,0.21316019,0.1427056323438883,0.07996977088166395,False
1979-12-22 15:00:00,0.02608559,0.23284428,0.19935834,0.11173627414181828,0.08026428758353608,False
1979-12-22 16:00:00,0.0015894542,0.22763799,0.19571428,0.09548410501284524,0.0806276025505565,False
1979-12-22 17:00:00,0.0,0.22479293,0.19425434,0.09343832454085349,0.08092751196153047,False
1979-12-22 18:00:00,0.0,0.22251736,0.19235545,0.09249609898030758,0.08119640579014602,False
1979-12-22 19:00:00,0.0,0.21692963,0.18754144,0.09017427103221416,0.08137378558642748,False
1979-12-22 20:00:00,0.0,0.20923391,0.18045029,0.08695162841677666,0.08145783861293975,False
1979-12-22 21:00:00,0.0,0.19967817,0.17192456,0.08296517018973827,0.08143387982841166,False
1979-12-22 22:00:00,0.0,0.18004017,0.15555045,0.07483454547822475,0.08131972819227311,False
1979-12-22 23:00:00,0.0,0.16958149,0.14669843,0.07049728421866894,0.08120192771391528,False
1979-12-23 00:00:00,0.0,0.14827347,0.12315965,0.06136353063583374,0.0808974704745743,False
1979-12-23 01:00:00,0.0,0.12796053,0.10315257,0.05278767558932304,0.08044779747664514,False
1979-12-23 02:00:00,0.0,0.1132471,0.08927216,0.046608875066041944,0.07978464603131223,False
1979-12-23 03:00:00,0.0,0.09910978,0.077961475,0.04078142709285021,0.0789443907191563,False
1979-12-23 04:00:00,0.0,0.08569062,0.06811607,0.03529810559749603,0.07793798575164336,False
1979-12-23 05:00:00,0.0,0.0738392,0.05842355,0.030401537373661993,0.07677461782456892,False
1979-12-23 06:00:00,0.0,0.06314098,0.049646214,0.025979917488992213,0.07549923366434456,False
1979-12-23 07:00:00,2.9677653e-06,0.057464253,0.046435833,0.023713556796447394,0.074100857270747,False
1979-12-23 08:00:00,0.008707885,0.056954313,0.04631212,0.028541445463895795,0.07262915416401382,False
1979-12-23 09:00:00,0.046425987,0.06280737,0.050839804,0.05270906483754515,0.07104500542416119,False
1979-12-23 10:00:00,0.08701147,0.087508544,0.066971496,0.08611273261904716,0.06957866651042867,False
1979-12-23 11:00:00,0.11766302,0.1043739,0.07843139,0.11064082656055688,0.06843826249884012,False
1979-12-23 12:00:00,0.12299765,0.116296306,0.087793164,0.11862381134182215,0.06714270501900035,False
1979-12-23 13:00:00,0.10631443,0.12663573,0.09845097,0.11338836208730936,0.06579811723854274,False
1979-12-23 14:00:00,0.07186121,0.1294752,0.10488037,0.09490380777418614,0.0643778523345435,False
1979-12-23 15:00:00,0.026977966,0.12724109,0.10679418,0.06828513398207724,0.0628072088494854,False
1979-12-23 16:00:00,0.0013130775,0.12123119,0.103855185,0.05110013515711762,0.06117555613868131,False
1979-12-23 17:00:00,0.0,0.119477876,0.10337749,0.04966972059756518,0.059531384319719,True
1979-12-23 18:00:00,0.0,0.1151413,0.09884305,0.047824665427207945,0.05792837384361781,True
1979-12-23 19:00:00,0.0,0.11104662,0.0951532,0.04611447534710169,0.05635169662018314,True
1979-12-23 20:00:00,0.0,0.10709041,0.09121968,0.044442225247621536,0.054817007596325205,True
1979-12-23 21:00:00,0.0,0.102757186,0.0873801,0.042635926723480225,0.05331499739033178,True
1979-12-23 22:00:00,0.0,0.10126638,0.08617076,0.04202051418274641,0.05183283451683827,True
1979-12-23 23:00:00,0.0,0.097092114,0.08203164,0.04025669863075018,0.05043719849009074,True
1979-12-24 00:00:00,0.0,0.096463755,0.08104174,0.03997137938439846,0.04909048493877061,True
1979-12-24 01:00:00,0.0,0.0927,0.07694642,0.03836140575259924,0.047918949165917074,True
1979-12-24 02:00:00,0.0,0.0889473,0.0730843,0.03676810734719038,0.046914056662889274,True
1979-12-24 03:00:00,0.0,0.08884185,0.073034525,0.036726506285369394,0.046027435364504425,True
1979-12-24 04:00:00,0.0,0.08513491,0.07057253,0.035225698024034496,0.04525629613799983,True
1979-12-24 05:00:00,0.0,0.08409459,0.06865295,0.03473816355317831,0.04459194986424417,True
1979-12-24 06:00:00,0.0,0.08217133,0.06630558,0.033901721365749836,0.04402464900539497,True
1979-12-24 07:00:00,2.8525121e-06,0.081941366,0.066231534,0.033814512855491786,0.04354363683199052,True
1979-12-24 08:00:00,0.008784413,0.07871245,0.06238789,0.0374824461042881,0.04311392215600938,True
1979-12-24 09:00:00,0.054753482,0.07851457,0.06187345,0.06390580143779515,0.042692352310467224,True
1979-12-24 10:00:00,0.10244209,0.07726669,0.060732313,0.09090004240721465,0.042280034974570564,True
1979-12-24 11:00:00,0.13794513,0.068455316,0.052356727,0.10768161521106957,0.04173776167057224,True
1979-12-24 12:00:00,0.14711471,0.05977753,0.044999775,0.10937308415398002,0.04114366574884627,True
1979-12-24 13:00:00,0.12866002,0.05275863,0.038780633,0.09579892219975591,0.04051901093471099,True
1979-12-24 14:00:00,0.084570795,0.045345098,0.033056576,0.06731474506109954,0.039662249119374146,True
1979-12-24 15:00:00,0.02926084,0.040486816,0.029514888,0.03341694402322173,0.03871012649675833,True
1979-12-24 16:00:00,0.0013058168,0.038716253,0.02822415,0.016563857702654786,0.0377431902072509,True
1979-12-24 17:00:00,0.0,0.0403686,0.02958903,0.016493821687996388,0.036827171435256136,True
1979-12-24 18:00:00,0.0,0.04112736,0.030362887,0.016815592255443334,0.03595707413486915,True
1979-12-24 19:00:00,0.0,0.040381566,0.029785188,0.016509197887033224,0.03516362190633325,True
1979-12-24 20:00:00,0.0,0.03635421,0.026674721,0.014855138529092073,0.03444184761671593,True
1979-12-24 21:00:00,0.0,0.028947935,0.021103045,0.011821352262049913,0.0338005183801545,True
1979-12-24 22:00:00,0.0,0.019208299,0.014002849,0.007844016194343566,0.033214010337276965,True
1979-12-24 23:00:00,0.0,0.014337711,0.010452192,0.005855033755302429,0.03263665304510167,True
1979-12-25 00:00:00,0.0,0.012561804,0.009157555,0.005129813538864255,0.03206765910275525,True
1979-12-25 01:00:00,0.0,0.011148909,0.008127555,0.004552835443988442,0.031503142052239384,True
1979-12-25 02:00:00,0.0,0.009920152,0.0072317906,0.0040510527435690166,0.03100833844151592,True
1979-12-25 03:00:00,0.0,0.009223942,0.006724254,0.0037667442206293345,0.030572838519609184,True
1979-12-25 04:00:00,0.0,0.00834909,0.006086487,0.0034094844572246075,0.030181063712716685,True
1979-12-25 05:00:00,0.0,0.0077653285,0.0056609246,0.0031710961489006878,0.029825335950965644,True
1979-12-25 06:00:00,0.0,0.0070802495,0.005161502,0.002891333165578544,0.02950709220548405,True
1979-12-25 07:00:00,2.2762472e-06,0.007556797,0.005508905,0.0030872523493528656,0.02927093577725126,True
1979-12-25 08:00:00,0.0082328115,0.008707289,0.006347614,0.008306092877872288,0.029106623806553513,True
1979-12-25 09:00:00,0.049080525,0.011260414,0.008208841,0.03291783271450549,0.028974614516608193,True
1979-12-25 10:00:00,0.09278937,0.016025206,0.011682376,0.06008361402712762,0.028785629530679212,True
1979-12-25 11:00:00,0.1276169,0.020788392,0.01515474,0.08212422231771051,0.02867030493163171,True
1979-12-25 12:00:00,0.13827048,0.02169209,0.015813533,0.08864038026332854,0.028626829878048127,True
1979-12-25 13:00:00,0.113479935,0.016617134,0.012113892,0.07226379495114088,0.028711138777754358,True
1979-12-25 14:00:00,0.075715,0.013503495,0.009844047,0.04920192188862711,0.02887078134910492,True
1979-12-25 15:00:00,0.029231966,0.012257014,0.008935364,0.0218721920857206,0.029137513175072547,True
1979-12-25 16:00:00,0.00172067,0.015031632,0.010958061,0.007131234101369045,0.029472294675195368,True
1979-12-25 17:00:00,0.0,0.019357758,0.014111808,0.007905050178989768,0.029823113532285176,True
1979-12-25 18:00:00,0.0,0.023848603,0.017385632,0.009738958457484842,0.030216427257298464,True
1979-12-25 19:00:00,0.0,0.028085858,0.020474592,0.011469309445470572,0.030651858526528786,True
1979-12-25 20:00:00,0.0,0.03344652,0.024382515,0.013658421892672776,0.03113173345291519,True
1979-12-25 21:00:00,0.0,0.03546706,0.025855483,0.014483540665358305,0.03168861697638871,True
1979-12-25 22:00:00,0.0,0.03503564,0.025540981,0.014307364158332347,0.032345980165074555,True
1979-12-25 23:00:00,0.0,0.03169948,0.023108922,0.012944989398121833,0.03316494178168008,True
1979-12-26 00:00:00,0.0,0.031520914,0.023024881,0.012874560959637165,0.03402512035240882,True
1979-12-26 01:00:00,0.0,0.03577877,0.02608272,0.014610832437872886,0.034900551857557124,True
1979-12-26 02:00:00,0.0,0.03883926,0.028378237,0.015864111095666884,0.03579830712570341,True
1979-12-26 03:00:00,0.0,0.043873142,0.032076407,0.01792131555452943,0.03672005121632477,True
1979-12-26 04:00:00,0.0,0.0444473,0.032402076,0.018150765459984543,0.037701537564876465,True
1979-12-26 05:00:00,0.0,0.047659364,0.034743678,0.019462463770061732,0.03872707153229506,True
1979-12-26 06:00:00,0.0,0.055250034,0.040350933,0.022566212810575963,0.03984410759359828,True
1979-12-26 07:00:00,1.5847289e-06,0.06319163,0.048313193,0.02592753826199976,0.041083581235390125,True
1979-12-26 08:00:00,0.0062352745,0.06674629,0.05405309,0.031146000186912715,0.04242364802206979,True
1979-12-26 09:00:00,0.04378289,0.07130774,0.060356263,0.054834522113204,0.043881802780275425,True
1979-12-26 10:00:00,0.09269491,0.07670859,0.06618572,0.08536446165293456,0.04554800615197083,True
1979-12-26 11:00:00,0.12696272,0.07763051,0.068364136,0.10559481263905764,0.047392985192489544,True
1979-12-26 12:00:00,0.14025018,0.0779544,0.06908125,0.11341991133987903,0.049440969355261925,True
1979-12-26 13:00:00,0.12547445,0.07441593,0.066732004,0.10346176562458276,0.05157450273649802,True
1979-12-26 14:00:00,0.0854094,0.07381169,0.06666916,0.08011787270754575,0.05394979439087247,True
1979-12-26 15:00:00,0.032882318,0.07297186,0.066421166,0.0494864560291171,0.05628727820483925,True
1979-12-26 16:00:00,0.0018801227,0.07724646,0.07063684,0.033403162842965683,0.05856152878202378,True
1979-12-26 17:00:00,0.0,0.084606424,0.076909445,0.03537288048863411,0.060891099905285385,False
1979-12-26 18:00:00,0.0,0.0903072,0.081350684,0.03771629317849874,0.06334498175284113,False
1979-12-26 19:00:00,0.0,0.0947009,0.08515854,0.039543194353580474,0.06586280449262574,False
1979-12-26 20:00:00,0.0,0.099620804,0.08936057,0.04158554765582084,0.06838760288657375,False
1979-12-26 21:00:00,0.0,0.10389453,0.0932908,0.043374785318970675,0.07085607007580565,False
1979-12-26 22:00:00,0.0,0.11284645,0.10210804,0.047154173791408543,0.0732974309850646,False
1979-12-26 23:00:00,0.0,0.112768374,0.10244583,0.04714360515028238,0.07566397903106863,False
1979-12-27 00:00:00,0.0,0.11282053,0.10221761,0.04715052578598261,0.07807558029416704,False
1979-12-27 01:00:00,0.0,0.11400969,0.10325021,0.047645088315010076,0.08049549554047862,False
1979-12-27 02:00:00,0.0,0.11556433,0.10465798,0.04829476909339428,0.08290563010463246,False
1979-12-27 03:00:00,0.0,0.12182531,0.1097139,0.05087808895111084,0.08532830606626102,False
1979-12-27 04:00:00,0.0,0.12614596,0.112726964,0.05263511489331722,0.0877428426292421,False
1979-12-27 05:00:00,0.0,0.1361988,0.12095312,0.056788827091455454,0.0901477423267601,False
1979-12-27 06:00:00,0.0,0.1496159,0.13292225,0.06238606797158718,0.0924921115140127,False
1979-12-27 07:00:00,1.4982893e-06,0.16164128,0.14377703,0.06741045810997684,0.09475126069520357,False
1979-12-27 08:00:00,0.008056157,0.17660062,0.15710166,0.07829752127174287,0.09698861376295405,False
1979-12-27 09:00:00,0.055336896,0.19438867,0.17105158,0.11289559455588459,0.09922757224041383,False
1979-12-27 10:00:00,0.11076224,0.2034554,0.17884727,0.1486426079720259,0.10143259760839589,False
1979-12-27 11:00:00,0.15421638,0.21973574,0.19189116,0.18042746213078498,0.10336526373953593,False
1979-12-27 12:00:00,0.16477747,0.23074338,0.20053841,0.19104998256266115,0.10529224590422931,False
1979-12-27 13:00:00,0.13944584,0.2546431,0.21952288,0.1862777943611145,0.10725444432093177,False
1979-12-27 14:00:00,0.09318975,0.2588974,0.22402813,0.16140114495903254,0.10934969750102334,False
1979-12-27 15:00:00,0.036304846,0.2647849,0.22930916,0.1310362197905779,0.11148237349552137,False
1979-12-27 16:00:00,0.002234929,0.28304702,0.24475451,0.11895064801792615,0.11359368093650668,False
1979-12-27 17:00:00,0.0,0.30257782,0.260003,0.12569137886166573,0.11579811726761852,False
1979-12-27 18:00:00,0.0,0.3145084,0.26927495,0.13059444996714592,0.11812257891027127,False
1979-12-27 19:00:00,0.0,0.31941262,0.27400696,0.13265963235497474,0.12052731133084614,False
1979-12-27 20:00:00,0.0,0.31814742,0.27311942,0.13214484697580337,0.12284264389630277,False
1979-12-27 21:00:00,0.0,0.31697804,0.2722957,0.13166886430978775,0.12494946096856017,False
1979-12-27 22:00:00,0.0,0.30805716,0.2634922,0.12790167036652564,0.1267781940393137,False
1979-12-27 23:00:00,0.0,0.31010988,0.2642834,0.12870185002684592,0.12793463010731956,False
1979-12-28 00:00:00,0.0,0.3109522,0.26461363,0.12903049278259276,0.12907187627879774,False
1979-12-28 01:00:00,0.0,0.3140247,0.26707745,0.1302972915172577,0.1301574784267681,False
1979-12-28 02:00:00,0.0,0.318568,0.2703883,0.1321525572538376,0.13108262659720946,False
1979-12-28 03:00:00,0.0,0.32257086,0.27389672,0.13381907057762146,0.13191032050009688,False
1979-12-28 04:00:00,0.0,0.32207653,0.27295762,0.1335859509408474,0.1325631954625236,False
1979-12-28 05:00:00,0.0,0.31833553,0.2690069,0.13199218475818633,0.13308502680919934,False
1979-12-28 06:00:00,0.0,0.31599686,0.2667136,0.1310053735077381,0.13339010343905408,False
1979-12-28 07:00:00,1.4694759e-06,0.321408,0.27259415,0.1333204855140228,0.1335259013708668,False
1979-12-28 08:00:00,0.00743042,0.32357174,0.27649412,0.1386160071049817,0.13357460525640175,False
1979-12-28 09:00:00,0.037252944,0.33507493,0.28774336,0.16067573977634309,0.13354482205063226,False
1979-12-28 10:00:00,0.073893666,0.32610306,0.2808104,0.17813243594765663,0.1334150118816035,False
1979-12-28 11:00:00,0.10172474,0.33555552,0.28842214,0.19808995654433964,0.13323637202745425,False
1979-12-28 12:00:00,0.11245364,0.34360322,0.29500178,0.2076054353415966,0.13298130820713439,False
1979-12-28 13:00:00,0.09932537,0.35394722,0.2984566,0.2040339182689786,0.13265918699797985,False
1979-12-28 14:00:00,0.06969572,0.34360266,0.28671315,0.18248632044345142,0.13200304290130857,False
1979-12-28 15:00:00,0.027606154,0.32598576,0.27058735,0.15082921319641174,0.13121633669895552,False
1979-12-28 16:00:00,0.001559892,0.33434376,0.27672595,0.13921610673633403,0.13029089915281436,False
1979-12-28 17:00:00,0.0,0.35488364,0.29620326,0.1469470393359661,0.12914824457309224,False
1979-12-28 18:00:00,0.0,0.37116766,0.29967746,0.1531434493660927,0.12784057286783135,False
1979-12-28 19:00:00,0.0,0.36580426,0.29069236,0.15067915749549865,0.12649094483378356,False
1979-12-28 20:00:00,0.0,0.34658813,0.27447677,0.14271276712417602,0.1251794782218618,False
1979-12-28 21:00:00,0.0,0.318181,0.25454038,0.1311539727151394,0.12388581385306097,False
1979-12-28 22:00:00,0.0,0.24839939,0.20377277,0.10266310505568982,0.12260845658863907,False
1979-12-28 23:00:00,0.0,0.24624372,0.20124982,0.10173142138123513,0.12120540920208221,False
1979-12-29 00:00:00,0.0,0.2405968,0.19405943,0.09925942888855935,0.1197208289646638,False
1979-12-29 01:00:00,0.0,0.22358692,0.17682645,0.09205220049619675,0.11817846461041843,False
1979-12-29 02:00:00,0.0,0.21408808,0.16714026,0.08802407643198967,0.11651793726329705,False
1979-12-29 03:00:00,0.0,0.199791,0.15728164,0.0822160871475935,0.11476771172537481,False
1979-12-29 04:00:00,0.0,0.18851234,0.15040678,0.0776830195337534,0.11290754897641962,False
1979-12-29 05:00:00,0.0,0.1733986,0.13793375,0.07143250532448292,0.11098472945327882,False
1979-12-29 06:00:00,0.0,0.16705766,0.13444613,0.06890436869859695,0.1090265975993221,False
1979-12-29 07:00:00,9.5083743e-07,0.16891977,0.13733889,0.0697482446156544,0.10700487889564608,False
1979-12-29 08:00:00,0.00660152,0.17686523,0.14436257,0.07686792739480734,0.10488595416891351,False
1979-12-29 09:00:00,0.044396672,0.19623616,0.15993856,0.10666470644250511,0.10270515874429569,False
1979-12-29 10:00:00,0.09469617,0.2066074,0.17018653,0.1400678949728608,0.10045014267109918,False
1979-12-29 11:00:00,0.12490316,0.23263466,0.19024234,0.16818439875543117,0.09823969991999641,False
1979-12-29 12:00:00,0.13586077,0.23567702,0.18947555,0.17558816452324388,0.09616075113568728,False
1979-12-29 13:00:00,0.10894125,0.2230844,0.17788206,0.15478287772089244,0.09408599241277477,False
1979-12-29 14:00:00,0.07295898,0.1982781,0.1551351,0.12363924724608659,0.09197335627828067,False
1979-12-29 15:00:00,0.027078236,0.17312945,0.13159828,0.0866152175758034,0.09018819299788176,False
1979-12-29 16:00:00,0.001656013,0.1542962,0.115044616,0.06410322819126305,0.08827107975082589,False
1979-12-29 17:00:00,0.0,0.15375431,0.114588834,0.06292313700914383,0.08606031721852896,False
1979-12-29 18:00:00,0.0,0.16073161,0.12041368,0.06581230433285236,0.08367729770740669,False
1979-12-29 19:00:00,0.0,0.1698341,0.1303787,0.06970923498272896,0.08118949886061426,False
1979-12-29 20:00:00,0.0,0.17046665,0.1323475,0.07004895727336406,0.0787649308254401,False
1979-12-29 21:00:00,0.0,0.17110877,0.13364038,0.07035571561753749,0.07648699205624115,False
1979-12-29 22:00:00,0.0,0.14730957,0.11478081,0.060555395811796184,0.07442787160188136,False
1979-12-29 23:00:00,0.0,0.13957514,0.10997727,0.0574419986307621,0.07304724771319134,False
1979-12-30 00:00:00,0.0,0.13356201,0.105789274,0.05499700377881527,0.07165930662419823,False
1979-12-30 01:00:00,0.0,0.12276759,0.09797663,0.05059197885543108,0.07034566989563582,False
1979-12-30 02:00:00,0.0,0.116920955,0.09255368,0.04814173143357038,0.06918740898952064,False
1979-12-30 03:00:00,0.0,0.10821383,0.08519179,0.04453125862777233,0.06813750936951664,False
1979-12-30 04:00:00,0.0,0.10044402,0.078273535,0.04129061383008957,0.06723523629991514,False
1979-12-30 05:00:00,0.0,0.09266608,0.07051984,0.038001855768263336,0.06646540458150384,False
1979-12-30 06:00:00,0.0,0.08298777,0.061859045,0.03396287573128939,0.06583414286630403,False
1979-12-30 07:00:00,1.3254098e-06,0.07723439,0.057626758,0.03161209863085924,0.06526678969407629,False
1979-12-30 08:00:00,0.0062711467,0.07416044,0.05470689,0.033937826723325994,0.06472799961273641,False
1979-12-30 09:00:00,0.04090946,0.070598945,0.051466633,0.05243496826291084,0.06413837141247626,False
1979-12-30 10:00:00,0.0851837,0.05602863,0.04084487,0.07203118389472365,0.06344759456214656,False
1979-12-30 11:00:00,0.124560565,0.06471883,0.04718003,0.09830041489750145,0.06266644226999182,False
1979-12-30 12:00:00,0.13807271,0.06941572,0.05064186,0.10801701664179562,0.061916258881711456,False
1979-12-30 13:00:00,0.12422512,0.07562573,0.056362886,0.10262738381326197,0.061368193732796596,False
1979-12-30 14:00:00,0.09148966,0.10736616,0.08131181,0.09679848298430443,0.0610742009881931,False
1979-12-30 15:00:00,0.039555296,0.08742561,0.0689689,0.058807777337729926,0.060971569509312255,False
1979-12-30 16:00:00,0.0027695298,0.076172665,0.06284765,0.03309950518608093,0.060923259141805325,False
1979-12-30 17:00:00,0.0,0.07866948,0.06542712,0.0325621028020978,0.060800216553675866,False
1979-12-30 18:00:00,0.0,0.08150806,0.06764129,0.03372910472005605,0.06062398509489272,False
1979-12-30 19:00:00,0.0,0.082979165,0.06815889,0.034299891807138924,0.060368381511363124,False
1979-12-30 20:00:00,0.0,0.08076508,0.06609982,0.03337170620262623,0.06001222538476709,False
1979-12-30 21:00:00,0.0,0.07827646,0.06355882,0.032316190905869006,0.0596265862490413,True
1979-12-30 22:00:00,0.0,0.08824777,0.07092096,0.03639315839856863,0.05920609981607545,True
1979-12-30 23:00:00,0.0,0.0851062,0.068630755,0.03511024910956621,0.05901513302599911,True
1979-12-31 00:00:00,0.0,0.08774792,0.07084972,0.03620486591756344,0.05873905953153868,True
1979-12-31 01:00:00,0.0,0.08835971,0.07131375,0.036455677002668385,0.058513923429827135,True
1979-12-31 02:00:00,0.0,0.09130789,0.07289411,0.03762889467179775,0.0583805586806861,True
1979-12-31 03:00:00,0.0,0.094685696,0.0734807,0.03890697980672121,0.058298240752833824,True
1979-12-31 04:00:00,0.0,0.099511035,0.074287504,0.040731097050011156,0.05829114100843568,True
1979-12-31 05:00:00,0.0,0.1005216,0.074805036,0.0411319429948926,0.05835155469732259,True
1979-12-31 06:00:00,0.0,0.10171865,0.07661546,0.04167141643166542,0.05848048417916421,True
1979-12-31 07:00:00,1.4406628e-06,0.10691331,0.08211994,0.04388632071134043,0.05869355907844279,True
1979-12-31 08:00:00,0.00571799,0.110226944,0.08505095,0.04856577378232032,0.05895560850064701,True
1979-12-31 09:00:00,0.039591283,0.12326687,0.09588469,0.07350741762667894,0.059169205254258166,True
1979-12-31 10:00:00,0.082325466,0.13377792,0.10568037,0.10257258494943379,0.0589974448924613,True
1979-12-31 11:00:00,0.121391445,0.15090182,0.119443685,0.13217559611797333,0.058417430038335,True
1979-12-31 12:00:00,0.14511351,0.15900707,0.12735057,0.1492810373753309,0.0572901395383175,True
1979-12-31 13:00:00,0.12750107,0.16275392,0.13049833,0.1406712259799242,0.05596041983529387,True
1979-12-31 14:00:00,0.09248357,0.15837754,0.12793706,0.11871293625980615,0.05474298414953136,True
1979-12-31 15:00:00,0.037622128,0.15148257,0.123912685,0.08429631993547082,0.05364698389770547,True
1979-12-31 16:00:00,0.002395073,0.13760866,0.11180797,0.058197183961048726,0.0533424566801832,True
1979-12-31 17:00:00,0.0,0.13206092,0.10617684,0.05446402698755264,0.053573518465820286,True
1979-12-31 18:00:00,0.0,0.12981953,0.10444309,0.05354333232343196,0.05381577613445703,True
1979-12-31 19:00:00,0.0,0.12751654,0.10296553,0.052613740906119345,0.054033721263136304,True
1979-12-31 20:00:00,0.0,0.12504406,0.09994481,0.051538278758525846,0.05423977499416802,True
1979-12-31 21:00:00,0.0,0.12172159,0.09735372,0.050172366835176944,0.05446516592529376,True
1979-12-31 22:00:00,0.0,0.12456661,0.10044281,0.05138898988813162,0.05471254675843527,True
1979-12-31 23:00:00,0.0,0.107540436,0.08348241,0.04419047089666128,0.0548749907688122,True
